timestamp,sensor,emotion,subject_id,session_id
0.0,-0.01476085083388301,happy,subject_02,subject_02_happy_session_01
0.004,0.025637855426448947,happy,subject_02,subject_02_happy_session_01
0.008,-0.025435843618914922,happy,subject_02,subject_02_happy_session_01
0.012,-0.0858676741523058,happy,subject_02,subject_02_happy_session_01
0.016,-0.058224732969321645,happy,subject_02,subject_02_happy_session_01
0.02,0.0003522342926009335,happy,subject_02,subject_02_happy_session_01
0.024,-0.019359728093736248,happy,subject_02,subject_02_happy_session_01
0.028,-0.04189722936865469,happy,subject_02,subject_02_happy_session_01
0.032,0.07014719581803497,happy,subject_02,subject_02_happy_session_01
0.036,0.030832383982023454,happy,subject_02,subject_02_happy_session_01
0.04,1.8581647109528008e-05,happy,subject_02,subject_02_happy_session_01
0.044,0.010482885905039851,happy,subject_02,subject_02_happy_session_01
0.048,-0.006687100709433074,happy,subject_02,subject_02_happy_session_01
0.052,-0.04098793294910215,happy,subject_02,subject_02_happy_session_01
0.056,0.039308348209968466,happy,subject_02,subject_02_happy_session_01
0.06,0.03341089821214758,happy,subject_02,subject_02_happy_session_01
0.064,-0.06515683314994807,happy,subject_02,subject_02_happy_session_01
0.068,0.012477316216778504,happy,subject_02,subject_02_happy_session_01
0.072,0.016925033479415173,happy,subject_02,subject_02_happy_session_01
0.076,-0.005442854532241586,happy,subject_02,subject_02_happy_session_01
0.08,0.08002083393985202,happy,subject_02,subject_02_happy_session_01
0.084,0.07715936165696602,happy,subject_02,subject_02_happy_session_01
0.088,-0.004561897601848339,happy,subject_02,subject_02_happy_session_01
0.092,0.002135127399504576,happy,subject_02,subject_02_happy_session_01
0.096,-0.00048174839471759254,happy,subject_02,subject_02_happy_session_01
0.1,-0.008237800229570328,happy,subject_02,subject_02_happy_session_01
0.104,-0.017073521474329223,happy,subject_02,subject_02_happy_session_01
0.108,0.035175242955246475,happy,subject_02,subject_02_happy_session_01
0.112,0.08867813474286979,happy,subject_02,subject_02_happy_session_01
0.116,0.07720211794248646,happy,subject_02,subject_02_happy_session_01
0.12,0.05383505897639222,happy,subject_02,subject_02_happy_session_01
0.124,-0.05441977791167439,happy,subject_02,subject_02_happy_session_01
0.128,-0.03146420231582423,happy,subject_02,subject_02_happy_session_01
0.132,0.07534826675006029,happy,subject_02,subject_02_happy_session_01
0.136,0.0994107539372133,happy,subject_02,subject_02_happy_session_01
0.14,0.06703623850747151,happy,subject_02,subject_02_happy_session_01
0.144,0.042134483393917135,happy,subject_02,subject_02_happy_session_01
0.148,0.10553324790558255,happy,subject_02,subject_02_happy_session_01
0.152,0.09008616784057805,happy,subject_02,subject_02_happy_session_01
0.156,0.1090892518597639,happy,subject_02,subject_02_happy_session_01
0.16,0.009844625179800642,happy,subject_02,subject_02_happy_session_01
0.164,0.0922749248199281,happy,subject_02,subject_02_happy_session_01
0.168,0.14759448962713462,happy,subject_02,subject_02_happy_session_01
0.172,0.10886813014697354,happy,subject_02,subject_02_happy_session_01
0.176,0.12811997694522376,happy,subject_02,subject_02_happy_session_01
0.18,0.10023831215755416,happy,subject_02,subject_02_happy_session_01
0.184,0.10613786108516621,happy,subject_02,subject_02_happy_session_01
0.188,0.15432647508692587,happy,subject_02,subject_02_happy_session_01
0.192,0.0839008478170729,happy,subject_02,subject_02_happy_session_01
0.196,0.08182943194872322,happy,subject_02,subject_02_happy_session_01
0.2,0.09253305263599197,happy,subject_02,subject_02_happy_session_01
0.204,0.10987598184200063,happy,subject_02,subject_02_happy_session_01
0.208,0.05170742867611883,happy,subject_02,subject_02_happy_session_01
0.212,0.13190069264523402,happy,subject_02,subject_02_happy_session_01
0.216,0.09811069020136354,happy,subject_02,subject_02_happy_session_01
0.22,0.13063691399651542,happy,subject_02,subject_02_happy_session_01
0.224,0.022914861603162043,happy,subject_02,subject_02_happy_session_01
0.228,0.12292993333195926,happy,subject_02,subject_02_happy_session_01
0.232,0.13514322531909234,happy,subject_02,subject_02_happy_session_01
0.236,0.0988327213719153,happy,subject_02,subject_02_happy_session_01
0.24,0.07945874150352977,happy,subject_02,subject_02_happy_session_01
0.244,0.10350221897083517,happy,subject_02,subject_02_happy_session_01
0.248,0.11250959880638228,happy,subject_02,subject_02_happy_session_01
0.252,0.08116203409813355,happy,subject_02,subject_02_happy_session_01
0.256,0.0787616741726892,happy,subject_02,subject_02_happy_session_01
0.26,0.11102035839656509,happy,subject_02,subject_02_happy_session_01
0.264,0.07510235824202832,happy,subject_02,subject_02_happy_session_01
0.268,0.016179873158557227,happy,subject_02,subject_02_happy_session_01
0.272,0.0845710121219877,happy,subject_02,subject_02_happy_session_01
0.276,0.032299469815081444,happy,subject_02,subject_02_happy_session_01
0.28,0.03453637163015967,happy,subject_02,subject_02_happy_session_01
0.284,0.0342047032081133,happy,subject_02,subject_02_happy_session_01
0.288,0.06180979260713809,happy,subject_02,subject_02_happy_session_01
0.292,0.08687405935879812,happy,subject_02,subject_02_happy_session_01
0.296,0.02459427737206838,happy,subject_02,subject_02_happy_session_01
0.3,0.08269729464241408,happy,subject_02,subject_02_happy_session_01
0.304,0.026491086056570683,happy,subject_02,subject_02_happy_session_01
0.308,0.0686718836789997,happy,subject_02,subject_02_happy_session_01
0.312,0.02561850074111002,happy,subject_02,subject_02_happy_session_01
0.316,0.0006992008593749571,happy,subject_02,subject_02_happy_session_01
0.32,0.08461375834137772,happy,subject_02,subject_02_happy_session_01
0.324,-0.003750588516936073,happy,subject_02,subject_02_happy_session_01
0.328,-0.006664696285582038,happy,subject_02,subject_02_happy_session_01
0.332,-0.028596804024358227,happy,subject_02,subject_02_happy_session_01
0.336,0.058099016778884016,happy,subject_02,subject_02_happy_session_01
0.34,0.0635531683080829,happy,subject_02,subject_02_happy_session_01
0.344,0.019866397383153343,happy,subject_02,subject_02_happy_session_01
0.348,-0.03211193563404657,happy,subject_02,subject_02_happy_session_01
0.352,0.00017103599405887362,happy,subject_02,subject_02_happy_session_01
0.356,-0.004120415388689201,happy,subject_02,subject_02_happy_session_01
0.36,-0.008151968303810455,happy,subject_02,subject_02_happy_session_01
0.364,0.055284628708281686,happy,subject_02,subject_02_happy_session_01
0.368,0.16307153925571052,happy,subject_02,subject_02_happy_session_01
0.372,0.22677667289841763,happy,subject_02,subject_02_happy_session_01
0.376,0.3862086448749573,happy,subject_02,subject_02_happy_session_01
0.38,0.45827924049391966,happy,subject_02,subject_02_happy_session_01
0.384,0.7274070116865671,happy,subject_02,subject_02_happy_session_01
0.388,0.7921175655519369,happy,subject_02,subject_02_happy_session_01
0.392,0.9474246607973773,happy,subject_02,subject_02_happy_session_01
0.396,0.9953798617082141,happy,subject_02,subject_02_happy_session_01
0.4,1.0258923242572806,happy,subject_02,subject_02_happy_session_01
0.404,0.9426610010893517,happy,subject_02,subject_02_happy_session_01
0.408,0.8763625219745469,happy,subject_02,subject_02_happy_session_01
0.412,0.7570513442882553,happy,subject_02,subject_02_happy_session_01
0.416,0.6365002087880678,happy,subject_02,subject_02_happy_session_01
0.42,0.523726139152952,happy,subject_02,subject_02_happy_session_01
0.424,0.3392723662004213,happy,subject_02,subject_02_happy_session_01
0.428,0.15834973671954544,happy,subject_02,subject_02_happy_session_01
0.432,0.08731867026268306,happy,subject_02,subject_02_happy_session_01
0.436,0.008856659588878789,happy,subject_02,subject_02_happy_session_01
0.44,-0.04125814491367487,happy,subject_02,subject_02_happy_session_01
0.444,-0.0437835049735775,happy,subject_02,subject_02_happy_session_01
0.448,-0.01244427064739088,happy,subject_02,subject_02_happy_session_01
0.452,-0.05030948343169642,happy,subject_02,subject_02_happy_session_01
0.456,-0.01998321074727824,happy,subject_02,subject_02_happy_session_01
0.46,0.04252142009008947,happy,subject_02,subject_02_happy_session_01
0.464,0.03739337422081423,happy,subject_02,subject_02_happy_session_01
0.468,0.07515781554368788,happy,subject_02,subject_02_happy_session_01
0.472,0.08731995564667655,happy,subject_02,subject_02_happy_session_01
0.476,-0.005665109432751204,happy,subject_02,subject_02_happy_session_01
0.48,0.05596669183673962,happy,subject_02,subject_02_happy_session_01
0.484,0.031624724901103296,happy,subject_02,subject_02_happy_session_01
0.488,0.01091867501181814,happy,subject_02,subject_02_happy_session_01
0.492,0.028845006150550502,happy,subject_02,subject_02_happy_session_01
0.496,0.04974084823809228,happy,subject_02,subject_02_happy_session_01
0.5,0.054007456227123496,happy,subject_02,subject_02_happy_session_01
0.504,0.04738711198663435,happy,subject_02,subject_02_happy_session_01
0.508,0.07273619200863632,happy,subject_02,subject_02_happy_session_01
0.512,0.1637084005590249,happy,subject_02,subject_02_happy_session_01
0.516,0.022833032059050032,happy,subject_02,subject_02_happy_session_01
0.52,0.12843320847545536,happy,subject_02,subject_02_happy_session_01
0.524,0.09367800909313728,happy,subject_02,subject_02_happy_session_01
0.528,0.08495106876664618,happy,subject_02,subject_02_happy_session_01
0.532,0.035853093590091756,happy,subject_02,subject_02_happy_session_01
0.536,0.13964724949424967,happy,subject_02,subject_02_happy_session_01
0.54,0.06920900156063278,happy,subject_02,subject_02_happy_session_01
0.544,0.1555266386832378,happy,subject_02,subject_02_happy_session_01
0.548,0.1945996030514572,happy,subject_02,subject_02_happy_session_01
0.552,0.09602988391861667,happy,subject_02,subject_02_happy_session_01
0.556,0.18924224843625065,happy,subject_02,subject_02_happy_session_01
0.56,0.15677977280868757,happy,subject_02,subject_02_happy_session_01
0.564,0.09021905089736941,happy,subject_02,subject_02_happy_session_01
0.568,0.12902791217461212,happy,subject_02,subject_02_happy_session_01
0.572,0.18513234374928014,happy,subject_02,subject_02_happy_session_01
0.576,0.20061347679083563,happy,subject_02,subject_02_happy_session_01
0.58,0.1388656442325269,happy,subject_02,subject_02_happy_session_01
0.584,0.20281637257674695,happy,subject_02,subject_02_happy_session_01
0.588,0.23790497961924872,happy,subject_02,subject_02_happy_session_01
0.592,0.25121866526537606,happy,subject_02,subject_02_happy_session_01
0.596,0.20877836460056848,happy,subject_02,subject_02_happy_session_01
0.6,0.24526130785898007,happy,subject_02,subject_02_happy_session_01
0.604,0.2738232584474978,happy,subject_02,subject_02_happy_session_01
0.608,0.272141646853399,happy,subject_02,subject_02_happy_session_01
0.612,0.2791284021441512,happy,subject_02,subject_02_happy_session_01
0.616,0.2570901176766163,happy,subject_02,subject_02_happy_session_01
0.62,0.25452992223859683,happy,subject_02,subject_02_happy_session_01
0.624,0.2715813192322891,happy,subject_02,subject_02_happy_session_01
0.628,0.23901382210382152,happy,subject_02,subject_02_happy_session_01
0.632,0.3078004724381942,happy,subject_02,subject_02_happy_session_01
0.636,0.21786523383878104,happy,subject_02,subject_02_happy_session_01
0.64,0.25573349533926587,happy,subject_02,subject_02_happy_session_01
0.644,0.27345975723651694,happy,subject_02,subject_02_happy_session_01
0.648,0.29189059224699376,happy,subject_02,subject_02_happy_session_01
0.652,0.29856384853760426,happy,subject_02,subject_02_happy_session_01
0.656,0.32713839981927034,happy,subject_02,subject_02_happy_session_01
0.66,0.2765984170563025,happy,subject_02,subject_02_happy_session_01
0.664,0.24698977363145092,happy,subject_02,subject_02_happy_session_01
0.668,0.2646879637982726,happy,subject_02,subject_02_happy_session_01
0.672,0.25565124248079574,happy,subject_02,subject_02_happy_session_01
0.676,0.2815369482075642,happy,subject_02,subject_02_happy_session_01
0.68,0.22197278327307787,happy,subject_02,subject_02_happy_session_01
0.684,0.24865522849405564,happy,subject_02,subject_02_happy_session_01
0.688,0.30659792936206237,happy,subject_02,subject_02_happy_session_01
0.692,0.25067681964565963,happy,subject_02,subject_02_happy_session_01
0.696,0.20171257884676463,happy,subject_02,subject_02_happy_session_01
0.7,0.22050231645286986,happy,subject_02,subject_02_happy_session_01
0.704,0.1477582347982801,happy,subject_02,subject_02_happy_session_01
0.708,0.21710202063329206,happy,subject_02,subject_02_happy_session_01
0.712,0.2698562327729194,happy,subject_02,subject_02_happy_session_01
0.716,0.16350206112777024,happy,subject_02,subject_02_happy_session_01
0.72,0.14678277288813435,happy,subject_02,subject_02_happy_session_01
0.724,0.16750191110289375,happy,subject_02,subject_02_happy_session_01
0.728,0.21518859923034744,happy,subject_02,subject_02_happy_session_01
0.732,0.23518033164488292,happy,subject_02,subject_02_happy_session_01
0.736,0.18382330029180952,happy,subject_02,subject_02_happy_session_01
0.74,0.11583190260641611,happy,subject_02,subject_02_happy_session_01
0.744,0.15289057834461972,happy,subject_02,subject_02_happy_session_01
0.748,0.20929589195510784,happy,subject_02,subject_02_happy_session_01
0.752,0.12899007400979148,happy,subject_02,subject_02_happy_session_01
0.756,0.13824121335647221,happy,subject_02,subject_02_happy_session_01
0.76,0.13548351150561624,happy,subject_02,subject_02_happy_session_01
0.764,0.06702211376865538,happy,subject_02,subject_02_happy_session_01
0.768,0.15048020196584888,happy,subject_02,subject_02_happy_session_01
0.772,0.14025619983169246,happy,subject_02,subject_02_happy_session_01
0.776,0.03585614292788844,happy,subject_02,subject_02_happy_session_01
0.78,0.05477979860002714,happy,subject_02,subject_02_happy_session_01
0.784,0.06363488663703018,happy,subject_02,subject_02_happy_session_01
0.788,0.12051748746873066,happy,subject_02,subject_02_happy_session_01
0.792,0.06534305983992023,happy,subject_02,subject_02_happy_session_01
0.796,0.10356462071286487,happy,subject_02,subject_02_happy_session_01
0.8,0.08163698835988256,happy,subject_02,subject_02_happy_session_01
0.804,0.0895800325883969,happy,subject_02,subject_02_happy_session_01
0.808,0.10414921064034803,happy,subject_02,subject_02_happy_session_01
0.812,0.09663410340243912,happy,subject_02,subject_02_happy_session_01
0.816,0.08734417822073672,happy,subject_02,subject_02_happy_session_01
0.82,0.1009324166580238,happy,subject_02,subject_02_happy_session_01
0.824,0.09909007783389545,happy,subject_02,subject_02_happy_session_01
0.828,0.08665679980179088,happy,subject_02,subject_02_happy_session_01
0.832,0.0818292751666023,happy,subject_02,subject_02_happy_session_01
0.836,0.16602269259417365,happy,subject_02,subject_02_happy_session_01
0.84,0.0882727207483324,happy,subject_02,subject_02_happy_session_01
0.844,0.15535662799512684,happy,subject_02,subject_02_happy_session_01
0.848,0.08736188952280394,happy,subject_02,subject_02_happy_session_01
0.852,0.14350785535809804,happy,subject_02,subject_02_happy_session_01
0.856,0.18126711290089215,happy,subject_02,subject_02_happy_session_01
0.86,0.11047312473260187,happy,subject_02,subject_02_happy_session_01
0.864,0.10204018353945453,happy,subject_02,subject_02_happy_session_01
0.868,0.11305463744674928,happy,subject_02,subject_02_happy_session_01
0.872,0.12955693609105381,happy,subject_02,subject_02_happy_session_01
0.876,0.14306106322890938,happy,subject_02,subject_02_happy_session_01
0.88,0.13130044021615284,happy,subject_02,subject_02_happy_session_01
0.884,0.11820713101913086,happy,subject_02,subject_02_happy_session_01
0.888,0.2007991702559983,happy,subject_02,subject_02_happy_session_01
0.892,0.12413080343054228,happy,subject_02,subject_02_happy_session_01
0.896,0.10748489457937026,happy,subject_02,subject_02_happy_session_01
0.9,0.15561711574995662,happy,subject_02,subject_02_happy_session_01
0.904,0.1529026471390091,happy,subject_02,subject_02_happy_session_01
0.908,0.16887357872284223,happy,subject_02,subject_02_happy_session_01
0.912,0.18257715572917588,happy,subject_02,subject_02_happy_session_01
0.916,0.12247795514951765,happy,subject_02,subject_02_happy_session_01
0.92,0.0952076424990797,happy,subject_02,subject_02_happy_session_01
0.924,0.033431243523892915,happy,subject_02,subject_02_happy_session_01
0.928,0.06176555877639424,happy,subject_02,subject_02_happy_session_01
0.932,0.09642832814055066,happy,subject_02,subject_02_happy_session_01
0.936,0.04237538314155823,happy,subject_02,subject_02_happy_session_01
0.94,0.022926129564135457,happy,subject_02,subject_02_happy_session_01
0.944,0.07559024707174747,happy,subject_02,subject_02_happy_session_01
0.948,0.09559341982416145,happy,subject_02,subject_02_happy_session_01
0.952,0.055185046119189944,happy,subject_02,subject_02_happy_session_01
0.956,0.09092198122719608,happy,subject_02,subject_02_happy_session_01
0.96,0.07717754365217029,happy,subject_02,subject_02_happy_session_01
0.964,0.09223522717763122,happy,subject_02,subject_02_happy_session_01
0.968,0.12485235408117405,happy,subject_02,subject_02_happy_session_01
0.972,0.13739266128583216,happy,subject_02,subject_02_happy_session_01
0.976,0.0689677080373926,happy,subject_02,subject_02_happy_session_01
0.98,0.025042344753165278,happy,subject_02,subject_02_happy_session_01
0.984,0.04137825590257606,happy,subject_02,subject_02_happy_session_01
0.988,0.09262976287313224,happy,subject_02,subject_02_happy_session_01
0.992,0.004904220971851628,happy,subject_02,subject_02_happy_session_01
0.996,0.08565961023592922,happy,subject_02,subject_02_happy_session_01
1.0,0.02806427157167468,happy,subject_02,subject_02_happy_session_01
1.004,0.04114423484547631,happy,subject_02,subject_02_happy_session_01
1.008,0.004220465157232026,happy,subject_02,subject_02_happy_session_01
1.012,-0.014536241129162082,happy,subject_02,subject_02_happy_session_01
1.016,0.021146152578671883,happy,subject_02,subject_02_happy_session_01
1.02,0.07507523250886833,happy,subject_02,subject_02_happy_session_01
1.024,0.002449165784066131,happy,subject_02,subject_02_happy_session_01
1.028,0.07965838443740915,happy,subject_02,subject_02_happy_session_01
1.032,-0.0015623365673716506,happy,subject_02,subject_02_happy_session_01
1.036,-0.02253829444669575,happy,subject_02,subject_02_happy_session_01
1.04,0.02557404093912552,happy,subject_02,subject_02_happy_session_01
1.044,0.054532774453781796,happy,subject_02,subject_02_happy_session_01
1.048,0.071468454282393,happy,subject_02,subject_02_happy_session_01
1.052,0.1309906052931627,happy,subject_02,subject_02_happy_session_01
1.056,0.27240576502910185,happy,subject_02,subject_02_happy_session_01
1.06,0.33799665710637306,happy,subject_02,subject_02_happy_session_01
1.064,0.4571845219232034,happy,subject_02,subject_02_happy_session_01
1.068,0.5821878272140514,happy,subject_02,subject_02_happy_session_01
1.072,0.8097277107307363,happy,subject_02,subject_02_happy_session_01
1.076,0.8735384896154239,happy,subject_02,subject_02_happy_session_01
1.08,0.9659548791631685,happy,subject_02,subject_02_happy_session_01
1.084,1.0577093350314242,happy,subject_02,subject_02_happy_session_01
1.088,1.0844542250379205,happy,subject_02,subject_02_happy_session_01
1.092,0.9613234205191424,happy,subject_02,subject_02_happy_session_01
1.096,0.8425818041186218,happy,subject_02,subject_02_happy_session_01
1.1,0.7088988306228564,happy,subject_02,subject_02_happy_session_01
1.104,0.5371511645461476,happy,subject_02,subject_02_happy_session_01
1.108,0.38334057844518543,happy,subject_02,subject_02_happy_session_01
1.112,0.2399692622233141,happy,subject_02,subject_02_happy_session_01
1.116,0.16586292229243396,happy,subject_02,subject_02_happy_session_01
1.12,0.04457182571114988,happy,subject_02,subject_02_happy_session_01
1.124,0.041890902551359674,happy,subject_02,subject_02_happy_session_01
1.128,-0.034033483415649185,happy,subject_02,subject_02_happy_session_01
1.132,-0.04532552849684906,happy,subject_02,subject_02_happy_session_01
1.136,0.02301000920624903,happy,subject_02,subject_02_happy_session_01
1.14,-0.00452261421621825,happy,subject_02,subject_02_happy_session_01
1.144,0.006994209728997391,happy,subject_02,subject_02_happy_session_01
1.148,0.0266455970637018,happy,subject_02,subject_02_happy_session_01
1.152,0.08736861614431123,happy,subject_02,subject_02_happy_session_01
1.156,0.05423775890142106,happy,subject_02,subject_02_happy_session_01
1.16,0.09257463670173185,happy,subject_02,subject_02_happy_session_01
1.164,0.04467617625794424,happy,subject_02,subject_02_happy_session_01
1.168,0.09446609914008822,happy,subject_02,subject_02_happy_session_01
1.172,0.06793426622725877,happy,subject_02,subject_02_happy_session_01
1.176,0.09384788103809263,happy,subject_02,subject_02_happy_session_01
1.18,0.10031342994560383,happy,subject_02,subject_02_happy_session_01
1.184,0.03728169486604182,happy,subject_02,subject_02_happy_session_01
1.188,0.07677318996139515,happy,subject_02,subject_02_happy_session_01
1.192,0.11204283839165001,happy,subject_02,subject_02_happy_session_01
1.196,0.12217940230205296,happy,subject_02,subject_02_happy_session_01
1.2,0.13181147674585975,happy,subject_02,subject_02_happy_session_01
1.204,0.09672257623768282,happy,subject_02,subject_02_happy_session_01
1.208,0.15235455357558747,happy,subject_02,subject_02_happy_session_01
1.212,0.081104267798194,happy,subject_02,subject_02_happy_session_01
1.216,0.05771050738219344,happy,subject_02,subject_02_happy_session_01
1.22,0.10648289774435708,happy,subject_02,subject_02_happy_session_01
1.224,0.16446387501695625,happy,subject_02,subject_02_happy_session_01
1.228,0.09122447331055214,happy,subject_02,subject_02_happy_session_01
1.232,0.08463244283168268,happy,subject_02,subject_02_happy_session_01
1.236,0.08287714268520124,happy,subject_02,subject_02_happy_session_01
1.24,0.17602767675668912,happy,subject_02,subject_02_happy_session_01
1.244,0.10690796775714076,happy,subject_02,subject_02_happy_session_01
1.248,0.18419449504245639,happy,subject_02,subject_02_happy_session_01
1.252,0.16096690802595445,happy,subject_02,subject_02_happy_session_01
1.256,0.1529827621142996,happy,subject_02,subject_02_happy_session_01
1.26,0.1524973529809873,happy,subject_02,subject_02_happy_session_01
1.264,0.20212798368819535,happy,subject_02,subject_02_happy_session_01
1.268,0.17588318670117398,happy,subject_02,subject_02_happy_session_01
1.272,0.20934958992824207,happy,subject_02,subject_02_happy_session_01
1.276,0.2306492537499063,happy,subject_02,subject_02_happy_session_01
1.28,0.24490802495116726,happy,subject_02,subject_02_happy_session_01
1.284,0.26277637713914875,happy,subject_02,subject_02_happy_session_01
1.288,0.24215374555314118,happy,subject_02,subject_02_happy_session_01
1.292,0.2056092396246039,happy,subject_02,subject_02_happy_session_01
1.296,0.2642575783997015,happy,subject_02,subject_02_happy_session_01
1.3,0.27610087155238394,happy,subject_02,subject_02_happy_session_01
1.304,0.25150117806860367,happy,subject_02,subject_02_happy_session_01
1.308,0.2520126393303914,happy,subject_02,subject_02_happy_session_01
1.312,0.3524345624531047,happy,subject_02,subject_02_happy_session_01
1.316,0.22371377084153832,happy,subject_02,subject_02_happy_session_01
1.32,0.288845680056725,happy,subject_02,subject_02_happy_session_01
1.324,0.31018420495087556,happy,subject_02,subject_02_happy_session_01
1.328,0.2630288074070749,happy,subject_02,subject_02_happy_session_01
1.332,0.2698578329988159,happy,subject_02,subject_02_happy_session_01
1.336,0.2618637145787432,happy,subject_02,subject_02_happy_session_01
1.34,0.27545636754088404,happy,subject_02,subject_02_happy_session_01
1.344,0.3058415744256448,happy,subject_02,subject_02_happy_session_01
1.348,0.26571745754971315,happy,subject_02,subject_02_happy_session_01
1.352,0.3792175196723068,happy,subject_02,subject_02_happy_session_01
1.356,0.25160611547233575,happy,subject_02,subject_02_happy_session_01
1.36,0.3122038146599084,happy,subject_02,subject_02_happy_session_01
1.364,0.2790253360833384,happy,subject_02,subject_02_happy_session_01
1.368,0.25926833678650557,happy,subject_02,subject_02_happy_session_01
1.372,0.3019505199565081,happy,subject_02,subject_02_happy_session_01
1.376,0.18902628029805696,happy,subject_02,subject_02_happy_session_01
1.38,0.25405552602685905,happy,subject_02,subject_02_happy_session_01
1.384,0.20787611503715236,happy,subject_02,subject_02_happy_session_01
1.388,0.21113614575142461,happy,subject_02,subject_02_happy_session_01
1.392,0.20265094812623324,happy,subject_02,subject_02_happy_session_01
1.396,0.17874034804423766,happy,subject_02,subject_02_happy_session_01
1.4,0.1473544850118779,happy,subject_02,subject_02_happy_session_01
1.404,0.21137016176957396,happy,subject_02,subject_02_happy_session_01
1.408,0.18791746776433899,happy,subject_02,subject_02_happy_session_01
1.412,0.1720994248805217,happy,subject_02,subject_02_happy_session_01
1.416,0.20156974089298102,happy,subject_02,subject_02_happy_session_01
1.42,0.18321983669486136,happy,subject_02,subject_02_happy_session_01
1.424,0.1505342812018689,happy,subject_02,subject_02_happy_session_01
1.428,0.2592374422411715,happy,subject_02,subject_02_happy_session_01
1.432,0.18081773925022077,happy,subject_02,subject_02_happy_session_01
1.436,0.22368117718463892,happy,subject_02,subject_02_happy_session_01
1.44,0.11674649282728274,happy,subject_02,subject_02_happy_session_01
1.444,0.13343688928756764,happy,subject_02,subject_02_happy_session_01
1.448,0.075094514670906,happy,subject_02,subject_02_happy_session_01
1.452,0.10095026695253423,happy,subject_02,subject_02_happy_session_01
1.456,0.08654478695770984,happy,subject_02,subject_02_happy_session_01
1.46,0.20671146688079123,happy,subject_02,subject_02_happy_session_01
1.464,0.072971147424538,happy,subject_02,subject_02_happy_session_01
1.468,0.08484238392077467,happy,subject_02,subject_02_happy_session_01
1.472,0.03849836022279028,happy,subject_02,subject_02_happy_session_01
1.476,0.10494604967833866,happy,subject_02,subject_02_happy_session_01
1.48,0.05221693146060028,happy,subject_02,subject_02_happy_session_01
1.484,0.1139231486590609,happy,subject_02,subject_02_happy_session_01
1.488,0.01783637262398971,happy,subject_02,subject_02_happy_session_01
1.492,0.07543658350045632,happy,subject_02,subject_02_happy_session_01
1.496,0.01496757756531196,happy,subject_02,subject_02_happy_session_01
1.5,0.06288169186251624,happy,subject_02,subject_02_happy_session_01
1.504,0.0710583478446227,happy,subject_02,subject_02_happy_session_01
1.508,0.06175704359962658,happy,subject_02,subject_02_happy_session_01
1.512,0.06733655230514524,happy,subject_02,subject_02_happy_session_01
1.516,0.12141010465136572,happy,subject_02,subject_02_happy_session_01
1.52,0.16648800793388158,happy,subject_02,subject_02_happy_session_01
1.524,0.10553102647875318,happy,subject_02,subject_02_happy_session_01
1.528,0.0670495662585585,happy,subject_02,subject_02_happy_session_01
1.532,0.10301614090968587,happy,subject_02,subject_02_happy_session_01
1.536,0.09202032191977288,happy,subject_02,subject_02_happy_session_01
1.54,0.1391123278284387,happy,subject_02,subject_02_happy_session_01
1.544,0.12143258898610854,happy,subject_02,subject_02_happy_session_01
1.548,0.0592131059794536,happy,subject_02,subject_02_happy_session_01
1.552,0.15554664054609824,happy,subject_02,subject_02_happy_session_01
1.556,0.15315412300881398,happy,subject_02,subject_02_happy_session_01
1.56,0.1732691830318013,happy,subject_02,subject_02_happy_session_01
1.564,0.10386287416161044,happy,subject_02,subject_02_happy_session_01
1.568,0.13278450397673464,happy,subject_02,subject_02_happy_session_01
1.572,0.08038064374994387,happy,subject_02,subject_02_happy_session_01
1.576,0.11892416130053199,happy,subject_02,subject_02_happy_session_01
1.58,0.13276094780461892,happy,subject_02,subject_02_happy_session_01
1.584,0.09405701274778644,happy,subject_02,subject_02_happy_session_01
1.588,0.12509947326267903,happy,subject_02,subject_02_happy_session_01
1.592,0.11520015468656693,happy,subject_02,subject_02_happy_session_01
1.596,0.08925341404914858,happy,subject_02,subject_02_happy_session_01
1.6,0.1491429982981226,happy,subject_02,subject_02_happy_session_01
1.604,0.08690462428509402,happy,subject_02,subject_02_happy_session_01
1.608,0.09437583818432338,happy,subject_02,subject_02_happy_session_01
1.612,0.0328313658508388,happy,subject_02,subject_02_happy_session_01
1.616,0.09671367575630822,happy,subject_02,subject_02_happy_session_01
1.62,0.056228398581677094,happy,subject_02,subject_02_happy_session_01
1.624,0.10088785651225826,happy,subject_02,subject_02_happy_session_01
1.628,0.016119757189072284,happy,subject_02,subject_02_happy_session_01
1.632,0.07192755434262148,happy,subject_02,subject_02_happy_session_01
1.636,-0.02440738787494296,happy,subject_02,subject_02_happy_session_01
1.64,0.06893744251521425,happy,subject_02,subject_02_happy_session_01
1.644,0.037014283992648556,happy,subject_02,subject_02_happy_session_01
1.648,0.05320908300431455,happy,subject_02,subject_02_happy_session_01
1.652,0.014680839248954067,happy,subject_02,subject_02_happy_session_01
1.656,-0.0007307604215750982,happy,subject_02,subject_02_happy_session_01
1.66,0.014439220511862708,happy,subject_02,subject_02_happy_session_01
1.664,0.03384795433039173,happy,subject_02,subject_02_happy_session_01
1.668,0.04509688712863209,happy,subject_02,subject_02_happy_session_01
1.672,0.03362637629683754,happy,subject_02,subject_02_happy_session_01
1.676,-0.011459363278946134,happy,subject_02,subject_02_happy_session_01
1.68,0.08421592061396889,happy,subject_02,subject_02_happy_session_01
1.684,0.03032326645277615,happy,subject_02,subject_02_happy_session_01
1.688,-0.004152182953085018,happy,subject_02,subject_02_happy_session_01
1.692,0.031570912950672526,happy,subject_02,subject_02_happy_session_01
1.696,0.02483611067082522,happy,subject_02,subject_02_happy_session_01
1.7,0.008799069590787828,happy,subject_02,subject_02_happy_session_01
1.704,0.003363772940921073,happy,subject_02,subject_02_happy_session_01
1.708,0.0459366887909248,happy,subject_02,subject_02_happy_session_01
1.712,0.06853725335284738,happy,subject_02,subject_02_happy_session_01
1.716,-0.06784387082830821,happy,subject_02,subject_02_happy_session_01
1.72,0.04185705771380845,happy,subject_02,subject_02_happy_session_01
1.724,-0.001746862201768704,happy,subject_02,subject_02_happy_session_01
1.728,0.013864045852306713,happy,subject_02,subject_02_happy_session_01
1.732,0.07778511504935909,happy,subject_02,subject_02_happy_session_01
1.736,-0.013232627157996571,happy,subject_02,subject_02_happy_session_01
1.74,0.18649537748303732,happy,subject_02,subject_02_happy_session_01
1.744,0.3103939119837852,happy,subject_02,subject_02_happy_session_01
1.748,0.3730278179800575,happy,subject_02,subject_02_happy_session_01
1.752,0.4942206375032095,happy,subject_02,subject_02_happy_session_01
1.756,0.7473495981168111,happy,subject_02,subject_02_happy_session_01
1.76,0.7615519506408092,happy,subject_02,subject_02_happy_session_01
1.764,0.9420166476557823,happy,subject_02,subject_02_happy_session_01
1.768,1.0260351650885609,happy,subject_02,subject_02_happy_session_01
1.772,1.0170026564269303,happy,subject_02,subject_02_happy_session_01
1.776,0.9832420840315317,happy,subject_02,subject_02_happy_session_01
1.78,0.8660368396288568,happy,subject_02,subject_02_happy_session_01
1.784,0.7648067942569912,happy,subject_02,subject_02_happy_session_01
1.788,0.5728783365754067,happy,subject_02,subject_02_happy_session_01
1.792,0.41854812666359703,happy,subject_02,subject_02_happy_session_01
1.796,0.2891411318917726,happy,subject_02,subject_02_happy_session_01
1.8,0.10423498138443588,happy,subject_02,subject_02_happy_session_01
1.804,0.07845556632432515,happy,subject_02,subject_02_happy_session_01
1.808,-0.09522325100202099,happy,subject_02,subject_02_happy_session_01
1.812,-0.03118017472060635,happy,subject_02,subject_02_happy_session_01
1.816,-0.038371042400314644,happy,subject_02,subject_02_happy_session_01
1.82,-0.07593059953603501,happy,subject_02,subject_02_happy_session_01
1.824,-0.07652183014690389,happy,subject_02,subject_02_happy_session_01
1.828,-0.030678988850598117,happy,subject_02,subject_02_happy_session_01
1.832,0.02118241414358576,happy,subject_02,subject_02_happy_session_01
1.836,0.022736552465001204,happy,subject_02,subject_02_happy_session_01
1.84,-0.019762642903612675,happy,subject_02,subject_02_happy_session_01
1.844,0.02878548815867509,happy,subject_02,subject_02_happy_session_01
1.848,0.03858452637226146,happy,subject_02,subject_02_happy_session_01
1.852,0.04059216369882182,happy,subject_02,subject_02_happy_session_01
1.856,0.0015524238859731601,happy,subject_02,subject_02_happy_session_01
1.86,0.044696506732280566,happy,subject_02,subject_02_happy_session_01
1.864,0.074676168565428,happy,subject_02,subject_02_happy_session_01
1.868,0.06487544287646643,happy,subject_02,subject_02_happy_session_01
1.872,0.06426227828957945,happy,subject_02,subject_02_happy_session_01
1.876,0.111400328516345,happy,subject_02,subject_02_happy_session_01
1.88,0.06409957309575402,happy,subject_02,subject_02_happy_session_01
1.884,0.03335824202917114,happy,subject_02,subject_02_happy_session_01
1.888,0.038345594832502515,happy,subject_02,subject_02_happy_session_01
1.892,0.0790155869971923,happy,subject_02,subject_02_happy_session_01
1.896,0.02796615509713314,happy,subject_02,subject_02_happy_session_01
1.9,0.0730871693528484,happy,subject_02,subject_02_happy_session_01
1.904,0.10616568997030557,happy,subject_02,subject_02_happy_session_01
1.908,0.1371024367270244,happy,subject_02,subject_02_happy_session_01
1.912,0.048494588408459535,happy,subject_02,subject_02_happy_session_01
1.916,0.11263783644089174,happy,subject_02,subject_02_happy_session_01
1.92,0.11360874055297225,happy,subject_02,subject_02_happy_session_01
1.924,0.12430503551269816,happy,subject_02,subject_02_happy_session_01
1.928,0.1350846883242743,happy,subject_02,subject_02_happy_session_01
1.932,0.1362723784614764,happy,subject_02,subject_02_happy_session_01
1.936,0.19344056058109182,happy,subject_02,subject_02_happy_session_01
1.94,0.1956333401822913,happy,subject_02,subject_02_happy_session_01
1.944,0.23450022776910462,happy,subject_02,subject_02_happy_session_01
1.948,0.1664799572165927,happy,subject_02,subject_02_happy_session_01
1.952,0.15977405696580227,happy,subject_02,subject_02_happy_session_01
1.956,0.1474667882387088,happy,subject_02,subject_02_happy_session_01
1.96,0.17019819992070723,happy,subject_02,subject_02_happy_session_01
1.964,0.22023554698963047,happy,subject_02,subject_02_happy_session_01
1.968,0.232234828108555,happy,subject_02,subject_02_happy_session_01
1.972,0.2318113964532334,happy,subject_02,subject_02_happy_session_01
1.976,0.1909228192217468,happy,subject_02,subject_02_happy_session_01
1.98,0.1967602156705734,happy,subject_02,subject_02_happy_session_01
1.984,0.2935511083552362,happy,subject_02,subject_02_happy_session_01
1.988,0.20076307676326038,happy,subject_02,subject_02_happy_session_01
1.992,0.2837950940263081,happy,subject_02,subject_02_happy_session_01
1.996,0.2522045797801062,happy,subject_02,subject_02_happy_session_01
2.0,0.2156960165901535,happy,subject_02,subject_02_happy_session_01
2.004,0.20261208616772702,happy,subject_02,subject_02_happy_session_01
2.008,0.22210709570090176,happy,subject_02,subject_02_happy_session_01
2.012,0.2623873724946436,happy,subject_02,subject_02_happy_session_01
2.016,0.2168721399879491,happy,subject_02,subject_02_happy_session_01
2.02,0.303431790472019,happy,subject_02,subject_02_happy_session_01
2.024,0.24144629507022422,happy,subject_02,subject_02_happy_session_01
2.028,0.27230759680041994,happy,subject_02,subject_02_happy_session_01
2.032,0.26793456325460074,happy,subject_02,subject_02_happy_session_01
2.036,0.3008562238303242,happy,subject_02,subject_02_happy_session_01
2.04,0.22601272540975628,happy,subject_02,subject_02_happy_session_01
2.044,0.24173248475155834,happy,subject_02,subject_02_happy_session_01
2.048,0.18509767864753468,happy,subject_02,subject_02_happy_session_01
2.052,0.233359361381336,happy,subject_02,subject_02_happy_session_01
2.056,0.26475841641426556,happy,subject_02,subject_02_happy_session_01
2.06,0.22718800687456497,happy,subject_02,subject_02_happy_session_01
2.064,0.2946743488646689,happy,subject_02,subject_02_happy_session_01
2.068,0.2257597920030625,happy,subject_02,subject_02_happy_session_01
2.072,0.18214983495791756,happy,subject_02,subject_02_happy_session_01
2.076,0.21020793597345788,happy,subject_02,subject_02_happy_session_01
2.08,0.13597032067699405,happy,subject_02,subject_02_happy_session_01
2.084,0.15194316800195215,happy,subject_02,subject_02_happy_session_01
2.088,0.12986074067075196,happy,subject_02,subject_02_happy_session_01
2.092,0.16544367439367474,happy,subject_02,subject_02_happy_session_01
2.096,0.1551052310558039,happy,subject_02,subject_02_happy_session_01
2.1,0.1917106428471589,happy,subject_02,subject_02_happy_session_01
2.104,0.1383811365353134,happy,subject_02,subject_02_happy_session_01
2.108,0.09912880580585336,happy,subject_02,subject_02_happy_session_01
2.112,0.18125581882936256,happy,subject_02,subject_02_happy_session_01
2.116,0.016215891502311494,happy,subject_02,subject_02_happy_session_01
2.12,0.11340001844367352,happy,subject_02,subject_02_happy_session_01
2.124,0.11266223859416444,happy,subject_02,subject_02_happy_session_01
2.128,0.09793431346727326,happy,subject_02,subject_02_happy_session_01
2.132,0.10934071005593901,happy,subject_02,subject_02_happy_session_01
2.136,0.0895873264710471,happy,subject_02,subject_02_happy_session_01
2.14,0.09744657497041441,happy,subject_02,subject_02_happy_session_01
2.144,0.05353193627351392,happy,subject_02,subject_02_happy_session_01
2.148,0.018634850373011096,happy,subject_02,subject_02_happy_session_01
2.152,0.06364602597410945,happy,subject_02,subject_02_happy_session_01
2.156,0.0254131891926295,happy,subject_02,subject_02_happy_session_01
2.16,0.032452138550468176,happy,subject_02,subject_02_happy_session_01
2.164,0.09577319142129828,happy,subject_02,subject_02_happy_session_01
2.168,0.10740593291258446,happy,subject_02,subject_02_happy_session_01
2.172,0.09122595526991871,happy,subject_02,subject_02_happy_session_01
2.176,0.08370582226554163,happy,subject_02,subject_02_happy_session_01
2.18,0.05187589617278983,happy,subject_02,subject_02_happy_session_01
2.184,0.08550643008872959,happy,subject_02,subject_02_happy_session_01
2.188,0.0631934292710253,happy,subject_02,subject_02_happy_session_01
2.192,0.1202560952170643,happy,subject_02,subject_02_happy_session_01
2.196,0.021836070018062495,happy,subject_02,subject_02_happy_session_01
2.2,0.07986544793678368,happy,subject_02,subject_02_happy_session_01
2.204,0.01484574841995459,happy,subject_02,subject_02_happy_session_01
2.208,0.08595424521389533,happy,subject_02,subject_02_happy_session_01
2.212,0.005419906536897001,happy,subject_02,subject_02_happy_session_01
2.216,0.0266588073697308,happy,subject_02,subject_02_happy_session_01
2.22,0.02785256959696434,happy,subject_02,subject_02_happy_session_01
2.224,0.08514282769933822,happy,subject_02,subject_02_happy_session_01
2.228,0.09215517055250788,happy,subject_02,subject_02_happy_session_01
2.232,0.168690272448262,happy,subject_02,subject_02_happy_session_01
2.236,0.08255052873374522,happy,subject_02,subject_02_happy_session_01
2.24,0.11515678179456265,happy,subject_02,subject_02_happy_session_01
2.244,0.09558537574746263,happy,subject_02,subject_02_happy_session_01
2.248,0.11529617129520042,happy,subject_02,subject_02_happy_session_01
2.252,0.09677903205892974,happy,subject_02,subject_02_happy_session_01
2.256,0.13010058547837175,happy,subject_02,subject_02_happy_session_01
2.26,0.05391018823666418,happy,subject_02,subject_02_happy_session_01
2.264,0.0035071376786136033,happy,subject_02,subject_02_happy_session_01
2.268,0.10148542709225697,happy,subject_02,subject_02_happy_session_01
2.272,0.020734368321118454,happy,subject_02,subject_02_happy_session_01
2.276,0.1262386384404825,happy,subject_02,subject_02_happy_session_01
2.28,0.0570053008528521,happy,subject_02,subject_02_happy_session_01
2.284,0.03523628254426706,happy,subject_02,subject_02_happy_session_01
2.288,0.16108729925784654,happy,subject_02,subject_02_happy_session_01
2.292,0.060618621727313034,happy,subject_02,subject_02_happy_session_01
2.296,0.048400159497079764,happy,subject_02,subject_02_happy_session_01
2.3,0.07630924319839238,happy,subject_02,subject_02_happy_session_01
2.304,0.07302310733145839,happy,subject_02,subject_02_happy_session_01
2.308,0.07876112490779655,happy,subject_02,subject_02_happy_session_01
2.312,-0.013220172879429622,happy,subject_02,subject_02_happy_session_01
2.316,0.046936777603251864,happy,subject_02,subject_02_happy_session_01
2.32,0.0129013879699834,happy,subject_02,subject_02_happy_session_01
2.324,-0.013789990246023627,happy,subject_02,subject_02_happy_session_01
2.328,0.015737566096757204,happy,subject_02,subject_02_happy_session_01
2.332,-0.05338735852348188,happy,subject_02,subject_02_happy_session_01
2.336,0.03861638234252933,happy,subject_02,subject_02_happy_session_01
2.34,-0.007195786444128612,happy,subject_02,subject_02_happy_session_01
2.344,-0.016720815939804123,happy,subject_02,subject_02_happy_session_01
2.348,-0.007476532119221051,happy,subject_02,subject_02_happy_session_01
2.352,-0.010851932084805224,happy,subject_02,subject_02_happy_session_01
2.356,0.03290040812178822,happy,subject_02,subject_02_happy_session_01
2.36,-0.04713599583785627,happy,subject_02,subject_02_happy_session_01
2.364,-0.023679524182613446,happy,subject_02,subject_02_happy_session_01
2.368,-0.019178123165053525,happy,subject_02,subject_02_happy_session_01
2.372,-0.04998345640422645,happy,subject_02,subject_02_happy_session_01
2.376,-0.008073883553062194,happy,subject_02,subject_02_happy_session_01
2.38,-0.039833050128991854,happy,subject_02,subject_02_happy_session_01
2.384,-0.06451194291352574,happy,subject_02,subject_02_happy_session_01
2.388,0.0019455128092633195,happy,subject_02,subject_02_happy_session_01
2.392,0.03594345794280135,happy,subject_02,subject_02_happy_session_01
2.396,-0.019355560507117564,happy,subject_02,subject_02_happy_session_01
2.4,-0.028851376171925222,happy,subject_02,subject_02_happy_session_01
2.404,-0.03448108381610183,happy,subject_02,subject_02_happy_session_01
2.408,-0.05134282662287964,happy,subject_02,subject_02_happy_session_01
2.412,0.011105891342248937,happy,subject_02,subject_02_happy_session_01
2.416,-0.009445447897270368,happy,subject_02,subject_02_happy_session_01
2.42,-0.0504050650859984,happy,subject_02,subject_02_happy_session_01
2.424,0.13401370915895047,happy,subject_02,subject_02_happy_session_01
2.428,0.22144629551379624,happy,subject_02,subject_02_happy_session_01
2.432,0.3319355341551262,happy,subject_02,subject_02_happy_session_01
2.436,0.35599755914855585,happy,subject_02,subject_02_happy_session_01
2.44,0.6006142340633136,happy,subject_02,subject_02_happy_session_01
2.444,0.7725591275532807,happy,subject_02,subject_02_happy_session_01
2.448,0.8723073177679249,happy,subject_02,subject_02_happy_session_01
2.452,0.9472407697573172,happy,subject_02,subject_02_happy_session_01
2.456,1.0052820781827037,happy,subject_02,subject_02_happy_session_01
2.46,0.9604166392661511,happy,subject_02,subject_02_happy_session_01
2.464,0.9283339914619908,happy,subject_02,subject_02_happy_session_01
2.468,0.779314406427816,happy,subject_02,subject_02_happy_session_01
2.472,0.6335581501700994,happy,subject_02,subject_02_happy_session_01
2.476,0.5043163361544142,happy,subject_02,subject_02_happy_session_01
2.48,0.3032431698181736,happy,subject_02,subject_02_happy_session_01
2.484,0.13914461970778869,happy,subject_02,subject_02_happy_session_01
2.488,0.06500350849786268,happy,subject_02,subject_02_happy_session_01
2.492,0.005401474055191636,happy,subject_02,subject_02_happy_session_01
2.496,-0.030410723348766322,happy,subject_02,subject_02_happy_session_01
2.5,-0.04986720358558348,happy,subject_02,subject_02_happy_session_01
2.504,-0.08431300741796234,happy,subject_02,subject_02_happy_session_01
2.508,-0.07564062227528301,happy,subject_02,subject_02_happy_session_01
2.512,-0.07363314728497238,happy,subject_02,subject_02_happy_session_01
2.516,-0.02790395389260773,happy,subject_02,subject_02_happy_session_01
2.52,-0.08076587521384572,happy,subject_02,subject_02_happy_session_01
2.524,-0.012684335894582113,happy,subject_02,subject_02_happy_session_01
2.528,0.09318168310023907,happy,subject_02,subject_02_happy_session_01
2.532,-0.05425821360287489,happy,subject_02,subject_02_happy_session_01
2.536,0.007677245187778281,happy,subject_02,subject_02_happy_session_01
2.54,0.018727036344881133,happy,subject_02,subject_02_happy_session_01
2.544,0.02643178977604487,happy,subject_02,subject_02_happy_session_01
2.548,-0.021829142149551756,happy,subject_02,subject_02_happy_session_01
2.552,0.03354307792999202,happy,subject_02,subject_02_happy_session_01
2.556,0.000526667742299744,happy,subject_02,subject_02_happy_session_01
2.56,-0.02673059902274742,happy,subject_02,subject_02_happy_session_01
2.564,0.060827071934805146,happy,subject_02,subject_02_happy_session_01
2.568,0.05532174548015065,happy,subject_02,subject_02_happy_session_01
2.572,0.0030617127117162357,happy,subject_02,subject_02_happy_session_01
2.576,0.02296836142510553,happy,subject_02,subject_02_happy_session_01
2.58,0.02708627052944211,happy,subject_02,subject_02_happy_session_01
2.584,-0.004483347236539148,happy,subject_02,subject_02_happy_session_01
2.588,0.0856444018253312,happy,subject_02,subject_02_happy_session_01
2.592,0.09312476344008414,happy,subject_02,subject_02_happy_session_01
2.596,0.059891952311775284,happy,subject_02,subject_02_happy_session_01
2.6,0.07717551952051728,happy,subject_02,subject_02_happy_session_01
2.604,0.08900259280837747,happy,subject_02,subject_02_happy_session_01
2.608,0.10054952521394499,happy,subject_02,subject_02_happy_session_01
2.612,0.05199424993241292,happy,subject_02,subject_02_happy_session_01
2.616,0.12354174605726015,happy,subject_02,subject_02_happy_session_01
2.62,0.0726877621039825,happy,subject_02,subject_02_happy_session_01
2.624,0.1451258493848849,happy,subject_02,subject_02_happy_session_01
2.628,0.09148161336024163,happy,subject_02,subject_02_happy_session_01
2.632,0.0907133665003879,happy,subject_02,subject_02_happy_session_01
2.636,0.14265136929621247,happy,subject_02,subject_02_happy_session_01
2.64,0.14919062200817892,happy,subject_02,subject_02_happy_session_01
2.644,0.16178316183951727,happy,subject_02,subject_02_happy_session_01
2.648,0.13392546916652726,happy,subject_02,subject_02_happy_session_01
2.652,0.1790714553698712,happy,subject_02,subject_02_happy_session_01
2.656,0.1889085984730235,happy,subject_02,subject_02_happy_session_01
2.66,0.22555185700080654,happy,subject_02,subject_02_happy_session_01
2.664,0.1971214353099201,happy,subject_02,subject_02_happy_session_01
2.668,0.1751752025213328,happy,subject_02,subject_02_happy_session_01
2.672,0.1540923080708455,happy,subject_02,subject_02_happy_session_01
2.676,0.15230678378617907,happy,subject_02,subject_02_happy_session_01
2.68,0.2213040974389459,happy,subject_02,subject_02_happy_session_01
2.684,0.24137301364650732,happy,subject_02,subject_02_happy_session_01
2.688,0.1855149409734902,happy,subject_02,subject_02_happy_session_01
2.692,0.22809583634901415,happy,subject_02,subject_02_happy_session_01
2.696,0.21496124747457565,happy,subject_02,subject_02_happy_session_01
2.7,0.24748916236758098,happy,subject_02,subject_02_happy_session_01
2.704,0.2533367294953553,happy,subject_02,subject_02_happy_session_01
2.708,0.14375850487905337,happy,subject_02,subject_02_happy_session_01
2.712,0.25862923756486816,happy,subject_02,subject_02_happy_session_01
2.716,0.2301403336255079,happy,subject_02,subject_02_happy_session_01
2.72,0.20091355017548174,happy,subject_02,subject_02_happy_session_01
2.724,0.19948888087836628,happy,subject_02,subject_02_happy_session_01
2.728,0.21523904149306533,happy,subject_02,subject_02_happy_session_01
2.732,0.19295461496200889,happy,subject_02,subject_02_happy_session_01
2.736,0.1737141036350172,happy,subject_02,subject_02_happy_session_01
2.74,0.17715414775154995,happy,subject_02,subject_02_happy_session_01
2.744,0.1604659148933398,happy,subject_02,subject_02_happy_session_01
2.748,0.2385078734982165,happy,subject_02,subject_02_happy_session_01
2.752,0.1874406695326864,happy,subject_02,subject_02_happy_session_01
2.756,0.25807907420595266,happy,subject_02,subject_02_happy_session_01
2.76,0.1856440218253089,happy,subject_02,subject_02_happy_session_01
2.764,0.18641918125327692,happy,subject_02,subject_02_happy_session_01
2.768,0.12157053817692505,happy,subject_02,subject_02_happy_session_01
2.772,0.14382167349444236,happy,subject_02,subject_02_happy_session_01
2.776,0.1465933136997656,happy,subject_02,subject_02_happy_session_01
2.78,0.11423833977051237,happy,subject_02,subject_02_happy_session_01
2.784,0.11271438277645048,happy,subject_02,subject_02_happy_session_01
2.788,0.1361196088378426,happy,subject_02,subject_02_happy_session_01
2.792,0.12927323868962975,happy,subject_02,subject_02_happy_session_01
2.796,0.059633782400631274,happy,subject_02,subject_02_happy_session_01
2.8,0.10902304310229782,happy,subject_02,subject_02_happy_session_01
2.804,0.11127410101983198,happy,subject_02,subject_02_happy_session_01
2.808,0.06428693164768298,happy,subject_02,subject_02_happy_session_01
2.812,0.053998883636444533,happy,subject_02,subject_02_happy_session_01
2.816,0.08721658352605942,happy,subject_02,subject_02_happy_session_01
2.82,-0.024425412676389285,happy,subject_02,subject_02_happy_session_01
2.824,0.05992865630508789,happy,subject_02,subject_02_happy_session_01
2.828,0.11167587208334043,happy,subject_02,subject_02_happy_session_01
2.832,-0.041358767611457674,happy,subject_02,subject_02_happy_session_01
2.836,0.07381937086225099,happy,subject_02,subject_02_happy_session_01
2.84,0.06007314975641469,happy,subject_02,subject_02_happy_session_01
2.844,-0.012790456142119662,happy,subject_02,subject_02_happy_session_01
2.848,0.05283749197109405,happy,subject_02,subject_02_happy_session_01
2.852,0.06732372361685356,happy,subject_02,subject_02_happy_session_01
2.856,-0.010658613288123144,happy,subject_02,subject_02_happy_session_01
2.86,0.004627540528051071,happy,subject_02,subject_02_happy_session_01
2.864,0.02976609030327308,happy,subject_02,subject_02_happy_session_01
2.868,0.06315518244833598,happy,subject_02,subject_02_happy_session_01
2.872,0.010682942219719507,happy,subject_02,subject_02_happy_session_01
2.876,0.029413398333270068,happy,subject_02,subject_02_happy_session_01
2.88,0.00942585547405354,happy,subject_02,subject_02_happy_session_01
2.884,0.035868483508937114,happy,subject_02,subject_02_happy_session_01
2.888,0.07439903317739704,happy,subject_02,subject_02_happy_session_01
2.892,0.04460402038875809,happy,subject_02,subject_02_happy_session_01
2.896,0.031815372280235996,happy,subject_02,subject_02_happy_session_01
2.9,0.04681588073932916,happy,subject_02,subject_02_happy_session_01
2.904,0.023685984186695538,happy,subject_02,subject_02_happy_session_01
2.908,0.020655771170297856,happy,subject_02,subject_02_happy_session_01
2.912,0.10122996188816458,happy,subject_02,subject_02_happy_session_01
2.916,0.11987288021865594,happy,subject_02,subject_02_happy_session_01
2.92,0.002980060186550823,happy,subject_02,subject_02_happy_session_01
2.924,0.08877583074439441,happy,subject_02,subject_02_happy_session_01
2.928,0.10068102202202414,happy,subject_02,subject_02_happy_session_01
2.932,0.0298474368271522,happy,subject_02,subject_02_happy_session_01
2.936,0.056740973957382666,happy,subject_02,subject_02_happy_session_01
2.94,0.05336330511079025,happy,subject_02,subject_02_happy_session_01
2.944,0.13968391998958563,happy,subject_02,subject_02_happy_session_01
2.948,0.12985154948699096,happy,subject_02,subject_02_happy_session_01
2.952,0.037923655764749466,happy,subject_02,subject_02_happy_session_01
2.956,0.016552583832258792,happy,subject_02,subject_02_happy_session_01
2.96,0.09149966924527159,happy,subject_02,subject_02_happy_session_01
2.964,0.07972115964332174,happy,subject_02,subject_02_happy_session_01
2.968,0.099951758778805,happy,subject_02,subject_02_happy_session_01
2.972,0.014647742520031051,happy,subject_02,subject_02_happy_session_01
2.976,0.07200657346785266,happy,subject_02,subject_02_happy_session_01
2.98,0.015795241990490774,happy,subject_02,subject_02_happy_session_01
2.984,0.057791867480782265,happy,subject_02,subject_02_happy_session_01
2.988,0.0291970620983512,happy,subject_02,subject_02_happy_session_01
2.992,0.09155906428482252,happy,subject_02,subject_02_happy_session_01
2.996,0.035341371459747764,happy,subject_02,subject_02_happy_session_01
3.0,0.003510567561393247,happy,subject_02,subject_02_happy_session_01
3.004,0.014376669049135067,happy,subject_02,subject_02_happy_session_01
3.008,0.00135745877725027,happy,subject_02,subject_02_happy_session_01
3.012,-0.039889291219113554,happy,subject_02,subject_02_happy_session_01
3.016,0.06386607137187891,happy,subject_02,subject_02_happy_session_01
3.02,0.04878165856732217,happy,subject_02,subject_02_happy_session_01
3.024,-0.01665502274632146,happy,subject_02,subject_02_happy_session_01
3.028,0.011054458209657064,happy,subject_02,subject_02_happy_session_01
3.032,0.055744944590705975,happy,subject_02,subject_02_happy_session_01
3.036,0.024949498056691225,happy,subject_02,subject_02_happy_session_01
3.04,-0.03108106031518266,happy,subject_02,subject_02_happy_session_01
3.044,-0.02509863394458215,happy,subject_02,subject_02_happy_session_01
3.048,-0.08357421629886949,happy,subject_02,subject_02_happy_session_01
3.052,0.002447381054058024,happy,subject_02,subject_02_happy_session_01
3.056,0.017825120920190902,happy,subject_02,subject_02_happy_session_01
3.06,0.017233895995759124,happy,subject_02,subject_02_happy_session_01
3.064,-0.0026728564833625665,happy,subject_02,subject_02_happy_session_01
3.068,-0.015539605923600786,happy,subject_02,subject_02_happy_session_01
3.072,-0.06359280518722107,happy,subject_02,subject_02_happy_session_01
3.076,-0.018731417842908445,happy,subject_02,subject_02_happy_session_01
3.08,-0.05419160664107654,happy,subject_02,subject_02_happy_session_01
3.084,-0.017172650844276282,happy,subject_02,subject_02_happy_session_01
3.088,-0.0668864389512418,happy,subject_02,subject_02_happy_session_01
3.092,-0.026117537107428954,happy,subject_02,subject_02_happy_session_01
3.096,0.0022237621658016474,happy,subject_02,subject_02_happy_session_01
3.1,-0.020091583108045354,happy,subject_02,subject_02_happy_session_01
3.104,0.007361407895349799,happy,subject_02,subject_02_happy_session_01
3.108,0.08246618853941692,happy,subject_02,subject_02_happy_session_01
3.112,0.1966247734641412,happy,subject_02,subject_02_happy_session_01
3.116,0.24373215970217263,happy,subject_02,subject_02_happy_session_01
3.12,0.401114330822285,happy,subject_02,subject_02_happy_session_01
3.124,0.583146082812557,happy,subject_02,subject_02_happy_session_01
3.128,0.6993860055456873,happy,subject_02,subject_02_happy_session_01
3.132,0.7348533662521368,happy,subject_02,subject_02_happy_session_01
3.136,0.8775036738337445,happy,subject_02,subject_02_happy_session_01
3.14,0.9829914020103366,happy,subject_02,subject_02_happy_session_01
3.144,0.9459145654612191,happy,subject_02,subject_02_happy_session_01
3.148,0.9612666005773355,happy,subject_02,subject_02_happy_session_01
3.152,0.879754354103962,happy,subject_02,subject_02_happy_session_01
3.156,0.6618374658032187,happy,subject_02,subject_02_happy_session_01
3.16,0.4928859915209584,happy,subject_02,subject_02_happy_session_01
3.164,0.3580807241017955,happy,subject_02,subject_02_happy_session_01
3.168,0.2084619964947855,happy,subject_02,subject_02_happy_session_01
3.172,0.1524681603397539,happy,subject_02,subject_02_happy_session_01
3.176,-0.03099827729536897,happy,subject_02,subject_02_happy_session_01
3.18,-0.029024438997881954,happy,subject_02,subject_02_happy_session_01
3.184,-0.036407235443021824,happy,subject_02,subject_02_happy_session_01
3.188,-0.0627485663863496,happy,subject_02,subject_02_happy_session_01
3.192,-0.06747041082986774,happy,subject_02,subject_02_happy_session_01
3.196,-0.07257400808624631,happy,subject_02,subject_02_happy_session_01
3.2,0.014887862458121653,happy,subject_02,subject_02_happy_session_01
3.204,-0.043550938948764564,happy,subject_02,subject_02_happy_session_01
3.208,0.009644990273756867,happy,subject_02,subject_02_happy_session_01
3.212,-0.020906429101235267,happy,subject_02,subject_02_happy_session_01
3.216,-0.07399399189821855,happy,subject_02,subject_02_happy_session_01
3.22,-0.01460596890636103,happy,subject_02,subject_02_happy_session_01
3.224,-0.006991288663886722,happy,subject_02,subject_02_happy_session_01
3.228,-0.0031351331101337077,happy,subject_02,subject_02_happy_session_01
3.232,-0.0177943783074608,happy,subject_02,subject_02_happy_session_01
3.236,0.030815647309339937,happy,subject_02,subject_02_happy_session_01
3.24,0.03853740330434807,happy,subject_02,subject_02_happy_session_01
3.244,0.006118382959212968,happy,subject_02,subject_02_happy_session_01
3.248,0.01017766257829711,happy,subject_02,subject_02_happy_session_01
3.252,-0.010969059367883092,happy,subject_02,subject_02_happy_session_01
3.256,0.039616876822983024,happy,subject_02,subject_02_happy_session_01
3.26,0.08413001449930196,happy,subject_02,subject_02_happy_session_01
3.264,0.08962035400311469,happy,subject_02,subject_02_happy_session_01
3.268,0.02613714770971103,happy,subject_02,subject_02_happy_session_01
3.272,0.12280329087555594,happy,subject_02,subject_02_happy_session_01
3.276,0.04669566166534805,happy,subject_02,subject_02_happy_session_01
3.28,0.030317250179212857,happy,subject_02,subject_02_happy_session_01
3.284,0.02494209895422922,happy,subject_02,subject_02_happy_session_01
3.288,0.04187885860420524,happy,subject_02,subject_02_happy_session_01
3.292,0.09835985284134477,happy,subject_02,subject_02_happy_session_01
3.296,0.08496267460154501,happy,subject_02,subject_02_happy_session_01
3.3,0.07928713053840615,happy,subject_02,subject_02_happy_session_01
3.304,0.07929076949312328,happy,subject_02,subject_02_happy_session_01
3.308,0.07855432280226832,happy,subject_02,subject_02_happy_session_01
3.312,0.09308404906674556,happy,subject_02,subject_02_happy_session_01
3.316,0.16743480131152436,happy,subject_02,subject_02_happy_session_01
3.32,0.20264634055877656,happy,subject_02,subject_02_happy_session_01
3.324,0.21237049187444085,happy,subject_02,subject_02_happy_session_01
3.328,0.17858353828468848,happy,subject_02,subject_02_happy_session_01
3.332,0.1445943270624558,happy,subject_02,subject_02_happy_session_01
3.336,0.14553893851431496,happy,subject_02,subject_02_happy_session_01
3.34,0.20222258868633006,happy,subject_02,subject_02_happy_session_01
3.344,0.17369455006722037,happy,subject_02,subject_02_happy_session_01
3.348,0.2029656726752538,happy,subject_02,subject_02_happy_session_01
3.352,0.26197675879098686,happy,subject_02,subject_02_happy_session_01
3.356,0.2074554680340771,happy,subject_02,subject_02_happy_session_01
3.36,0.2846014818069085,happy,subject_02,subject_02_happy_session_01
3.364,0.16996694600836054,happy,subject_02,subject_02_happy_session_01
3.368,0.22908732505020052,happy,subject_02,subject_02_happy_session_01
3.372,0.2278891114073414,happy,subject_02,subject_02_happy_session_01
3.376,0.18538246173382664,happy,subject_02,subject_02_happy_session_01
3.38,0.2502157087489595,happy,subject_02,subject_02_happy_session_01
3.384,0.277467556999228,happy,subject_02,subject_02_happy_session_01
3.388,0.3021009741501412,happy,subject_02,subject_02_happy_session_01
3.392,0.23990032511585796,happy,subject_02,subject_02_happy_session_01
3.396,0.15887550613209517,happy,subject_02,subject_02_happy_session_01
3.4,0.24132613665659122,happy,subject_02,subject_02_happy_session_01
3.404,0.24923694778359778,happy,subject_02,subject_02_happy_session_01
3.408,0.21306935201091226,happy,subject_02,subject_02_happy_session_01
3.412,0.226273634795513,happy,subject_02,subject_02_happy_session_01
3.416,0.198698967931594,happy,subject_02,subject_02_happy_session_01
3.42,0.20726856657770085,happy,subject_02,subject_02_happy_session_01
3.424,0.2433710917046595,happy,subject_02,subject_02_happy_session_01
3.428,0.25169907559930393,happy,subject_02,subject_02_happy_session_01
3.432,0.15347973242864113,happy,subject_02,subject_02_happy_session_01
3.436,0.17451341686152191,happy,subject_02,subject_02_happy_session_01
3.44,0.1308918808722249,happy,subject_02,subject_02_happy_session_01
3.444,0.2445711584002584,happy,subject_02,subject_02_happy_session_01
3.448,0.20415557495340153,happy,subject_02,subject_02_happy_session_01
3.452,0.0968417809174749,happy,subject_02,subject_02_happy_session_01
3.456,0.15761134653080575,happy,subject_02,subject_02_happy_session_01
3.46,0.1427815623776656,happy,subject_02,subject_02_happy_session_01
3.464,0.11896169120648302,happy,subject_02,subject_02_happy_session_01
3.468,0.17433532996620685,happy,subject_02,subject_02_happy_session_01
3.472,0.16615377163204734,happy,subject_02,subject_02_happy_session_01
3.476,0.13275300572098825,happy,subject_02,subject_02_happy_session_01
3.48,0.09356180835180193,happy,subject_02,subject_02_happy_session_01
3.484,0.08665622008260017,happy,subject_02,subject_02_happy_session_01
3.488,0.10330192443337856,happy,subject_02,subject_02_happy_session_01
3.492,0.07889433069017049,happy,subject_02,subject_02_happy_session_01
3.496,0.08804490039868268,happy,subject_02,subject_02_happy_session_01
3.5,0.1014001186523917,happy,subject_02,subject_02_happy_session_01
3.504,0.022114912894782554,happy,subject_02,subject_02_happy_session_01
3.508,0.04351327740250671,happy,subject_02,subject_02_happy_session_01
3.512,0.0635088892725473,happy,subject_02,subject_02_happy_session_01
3.516,0.11452672482808277,happy,subject_02,subject_02_happy_session_01
3.52,0.08482579210023564,happy,subject_02,subject_02_happy_session_01
3.524,0.05109446544746199,happy,subject_02,subject_02_happy_session_01
3.528,0.061794216207562334,happy,subject_02,subject_02_happy_session_01
3.532,0.04119577425253396,happy,subject_02,subject_02_happy_session_01
3.536,0.08005310282232415,happy,subject_02,subject_02_happy_session_01
3.54,0.05572138461132002,happy,subject_02,subject_02_happy_session_01
3.544,0.08409131127439656,happy,subject_02,subject_02_happy_session_01
3.548,-0.00869765851524889,happy,subject_02,subject_02_happy_session_01
3.552,0.010542391963512237,happy,subject_02,subject_02_happy_session_01
3.556,0.04899535354192623,happy,subject_02,subject_02_happy_session_01
3.56,0.057873448455507695,happy,subject_02,subject_02_happy_session_01
3.564,0.12638807926617712,happy,subject_02,subject_02_happy_session_01
3.568,-0.01859874672330472,happy,subject_02,subject_02_happy_session_01
3.572,0.046279456162026805,happy,subject_02,subject_02_happy_session_01
3.576,0.0478792796849562,happy,subject_02,subject_02_happy_session_01
3.58,0.062429941717204424,happy,subject_02,subject_02_happy_session_01
3.584,0.11851277525806053,happy,subject_02,subject_02_happy_session_01
3.588,0.09241093292208925,happy,subject_02,subject_02_happy_session_01
3.592,0.009541624407032295,happy,subject_02,subject_02_happy_session_01
3.596,0.12324690503650114,happy,subject_02,subject_02_happy_session_01
3.6,0.12598855569120532,happy,subject_02,subject_02_happy_session_01
3.604,0.08593765889584527,happy,subject_02,subject_02_happy_session_01
3.608,0.02318207315645921,happy,subject_02,subject_02_happy_session_01
3.612,0.0771043396219816,happy,subject_02,subject_02_happy_session_01
3.616,0.10087405235783853,happy,subject_02,subject_02_happy_session_01
3.62,0.12078653929992261,happy,subject_02,subject_02_happy_session_01
3.624,0.024707983610732204,happy,subject_02,subject_02_happy_session_01
3.628,0.05981339912316947,happy,subject_02,subject_02_happy_session_01
3.632,0.12449607421988407,happy,subject_02,subject_02_happy_session_01
3.636,0.1372379388560271,happy,subject_02,subject_02_happy_session_01
3.64,0.09765346770595029,happy,subject_02,subject_02_happy_session_01
3.644,0.120028642941751,happy,subject_02,subject_02_happy_session_01
3.648,0.09240279075401414,happy,subject_02,subject_02_happy_session_01
3.652,0.1062730193104525,happy,subject_02,subject_02_happy_session_01
3.656,0.07328062365168905,happy,subject_02,subject_02_happy_session_01
3.66,0.08026224702778292,happy,subject_02,subject_02_happy_session_01
3.664,0.015682873613588895,happy,subject_02,subject_02_happy_session_01
3.668,0.07851288395865354,happy,subject_02,subject_02_happy_session_01
3.672,0.004102579897985008,happy,subject_02,subject_02_happy_session_01
3.676,0.06785899861288787,happy,subject_02,subject_02_happy_session_01
3.68,0.022020318629002666,happy,subject_02,subject_02_happy_session_01
3.684,0.04524094670523089,happy,subject_02,subject_02_happy_session_01
3.688,-0.005941984182603711,happy,subject_02,subject_02_happy_session_01
3.692,0.005153748941710154,happy,subject_02,subject_02_happy_session_01
3.696,0.031333121430888095,happy,subject_02,subject_02_happy_session_01
3.7,0.04085897192445964,happy,subject_02,subject_02_happy_session_01
3.704,0.049090808288381915,happy,subject_02,subject_02_happy_session_01
3.708,-0.03273770467621994,happy,subject_02,subject_02_happy_session_01
3.712,-0.04796238547857798,happy,subject_02,subject_02_happy_session_01
3.716,-0.03214839785313415,happy,subject_02,subject_02_happy_session_01
3.72,-0.03756543052944762,happy,subject_02,subject_02_happy_session_01
3.724,0.05262782706395063,happy,subject_02,subject_02_happy_session_01
3.728,0.04304593500718838,happy,subject_02,subject_02_happy_session_01
3.732,-0.040125979504186254,happy,subject_02,subject_02_happy_session_01
3.736,0.05347460646532082,happy,subject_02,subject_02_happy_session_01
3.74,0.037504141911033594,happy,subject_02,subject_02_happy_session_01
3.744,-0.06509033601699074,happy,subject_02,subject_02_happy_session_01
3.748,-0.04470458270255605,happy,subject_02,subject_02_happy_session_01
3.752,-0.06722963660098952,happy,subject_02,subject_02_happy_session_01
3.756,-0.01274488407053244,happy,subject_02,subject_02_happy_session_01
3.76,-0.009970133961428183,happy,subject_02,subject_02_happy_session_01
3.764,-0.011616537545771372,happy,subject_02,subject_02_happy_session_01
3.768,-0.08585631561288563,happy,subject_02,subject_02_happy_session_01
3.772,-0.06895429872682676,happy,subject_02,subject_02_happy_session_01
3.776,-0.014383477996098976,happy,subject_02,subject_02_happy_session_01
3.78,-0.0037495006848656254,happy,subject_02,subject_02_happy_session_01
3.784,-0.09047048231519406,happy,subject_02,subject_02_happy_session_01
3.788,-0.0437149794992776,happy,subject_02,subject_02_happy_session_01
3.792,0.08064639369516556,happy,subject_02,subject_02_happy_session_01
3.796,0.07413608923844026,happy,subject_02,subject_02_happy_session_01
3.8,0.2182542478730383,happy,subject_02,subject_02_happy_session_01
3.804,0.3000139550437675,happy,subject_02,subject_02_happy_session_01
3.808,0.5194636849895188,happy,subject_02,subject_02_happy_session_01
3.812,0.5680705884504699,happy,subject_02,subject_02_happy_session_01
3.816,0.7657508438816545,happy,subject_02,subject_02_happy_session_01
3.82,0.9214512098970339,happy,subject_02,subject_02_happy_session_01
3.824,0.9830294862056574,happy,subject_02,subject_02_happy_session_01
3.828,0.9699941569814015,happy,subject_02,subject_02_happy_session_01
3.832,0.9338100078719974,happy,subject_02,subject_02_happy_session_01
3.836,0.8721924762667994,happy,subject_02,subject_02_happy_session_01
3.84,0.7161538233988741,happy,subject_02,subject_02_happy_session_01
3.844,0.6111184797542877,happy,subject_02,subject_02_happy_session_01
3.848,0.45353686969225937,happy,subject_02,subject_02_happy_session_01
3.852,0.28828186260152033,happy,subject_02,subject_02_happy_session_01
3.856,0.20299956099327346,happy,subject_02,subject_02_happy_session_01
3.86,0.024035849530820094,happy,subject_02,subject_02_happy_session_01
3.864,-0.0716657367337328,happy,subject_02,subject_02_happy_session_01
3.868,-0.0718839292468495,happy,subject_02,subject_02_happy_session_01
3.872,-0.06404451208479998,happy,subject_02,subject_02_happy_session_01
3.876,-0.06842112024941135,happy,subject_02,subject_02_happy_session_01
3.88,-0.05605618304757374,happy,subject_02,subject_02_happy_session_01
3.884,-0.07292839937328252,happy,subject_02,subject_02_happy_session_01
3.888,-0.05175303779919307,happy,subject_02,subject_02_happy_session_01
3.892,-0.02147659038550073,happy,subject_02,subject_02_happy_session_01
3.896,-0.014689117873737282,happy,subject_02,subject_02_happy_session_01
3.9,0.05038488906507821,happy,subject_02,subject_02_happy_session_01
3.904,0.0261644648315682,happy,subject_02,subject_02_happy_session_01
3.908,0.002277512134752649,happy,subject_02,subject_02_happy_session_01
3.912,0.06282496312880044,happy,subject_02,subject_02_happy_session_01
3.916,0.04363897955488401,happy,subject_02,subject_02_happy_session_01
3.92,-0.015855400577174966,happy,subject_02,subject_02_happy_session_01
3.924,-0.07795318179004328,happy,subject_02,subject_02_happy_session_01
3.928,-0.006818902640109134,happy,subject_02,subject_02_happy_session_01
3.932,0.06478118305158115,happy,subject_02,subject_02_happy_session_01
3.936,0.07979330476846895,happy,subject_02,subject_02_happy_session_01
3.94,-0.004606270521211285,happy,subject_02,subject_02_happy_session_01
3.944,0.08174354629262329,happy,subject_02,subject_02_happy_session_01
3.948,0.0858835586401761,happy,subject_02,subject_02_happy_session_01
3.952,0.11872465220483362,happy,subject_02,subject_02_happy_session_01
3.956,0.10917030830458133,happy,subject_02,subject_02_happy_session_01
3.96,0.12948986826145703,happy,subject_02,subject_02_happy_session_01
3.964,0.10578205099916557,happy,subject_02,subject_02_happy_session_01
3.968,0.11136041948892014,happy,subject_02,subject_02_happy_session_01
3.972,0.09059874484102041,happy,subject_02,subject_02_happy_session_01
3.976,0.1382749794420617,happy,subject_02,subject_02_happy_session_01
3.98,0.07026804285995109,happy,subject_02,subject_02_happy_session_01
3.984,0.11953318545227898,happy,subject_02,subject_02_happy_session_01
3.988,0.15088739426633602,happy,subject_02,subject_02_happy_session_01
3.992,0.18897249119154239,happy,subject_02,subject_02_happy_session_01
3.996,0.13070604791238874,happy,subject_02,subject_02_happy_session_01
4.0,0.18903275545444514,happy,subject_02,subject_02_happy_session_01
4.004,0.15605149862027717,happy,subject_02,subject_02_happy_session_01
4.008,0.20519236339662036,happy,subject_02,subject_02_happy_session_01
4.012,0.1501917399099696,happy,subject_02,subject_02_happy_session_01
4.016,0.2111009558429914,happy,subject_02,subject_02_happy_session_01
4.02,0.18962435548139947,happy,subject_02,subject_02_happy_session_01
4.024,0.15852512703478025,happy,subject_02,subject_02_happy_session_01
4.028,0.20141106957436675,happy,subject_02,subject_02_happy_session_01
4.032,0.25949716256926936,happy,subject_02,subject_02_happy_session_01
4.036,0.18367251421460062,happy,subject_02,subject_02_happy_session_01
4.04,0.1731077687203849,happy,subject_02,subject_02_happy_session_01
4.044,0.24429790066433923,happy,subject_02,subject_02_happy_session_01
4.048,0.17643527073944298,happy,subject_02,subject_02_happy_session_01
4.052,0.2941923628472978,happy,subject_02,subject_02_happy_session_01
4.056,0.2970980672115453,happy,subject_02,subject_02_happy_session_01
4.06,0.2828344065634213,happy,subject_02,subject_02_happy_session_01
4.064,0.2487559107162899,happy,subject_02,subject_02_happy_session_01
4.068,0.30947068449060666,happy,subject_02,subject_02_happy_session_01
4.072,0.2997468315098034,happy,subject_02,subject_02_happy_session_01
4.076,0.23484038390030418,happy,subject_02,subject_02_happy_session_01
4.08,0.3040501013801398,happy,subject_02,subject_02_happy_session_01
4.084,0.2213633547776826,happy,subject_02,subject_02_happy_session_01
4.088,0.2453371945131076,happy,subject_02,subject_02_happy_session_01
4.092,0.1878130262217389,happy,subject_02,subject_02_happy_session_01
4.096,0.2534456891335738,happy,subject_02,subject_02_happy_session_01
4.1,0.2352058507898228,happy,subject_02,subject_02_happy_session_01
4.104,0.22630529526226756,happy,subject_02,subject_02_happy_session_01
4.108,0.23242242387679432,happy,subject_02,subject_02_happy_session_01
4.112,0.21352323833429357,happy,subject_02,subject_02_happy_session_01
4.116,0.23038472407813906,happy,subject_02,subject_02_happy_session_01
4.12,0.268537354127035,happy,subject_02,subject_02_happy_session_01
4.124,0.18073957263841886,happy,subject_02,subject_02_happy_session_01
4.128,0.24203081056033998,happy,subject_02,subject_02_happy_session_01
4.132,0.21300165621951606,happy,subject_02,subject_02_happy_session_01
4.136,0.21191957605928327,happy,subject_02,subject_02_happy_session_01
4.14,0.19088261733261278,happy,subject_02,subject_02_happy_session_01
4.144,0.1598007205016561,happy,subject_02,subject_02_happy_session_01
4.148,0.19329721461885901,happy,subject_02,subject_02_happy_session_01
4.152,0.18861346882610586,happy,subject_02,subject_02_happy_session_01
4.156,0.13511919731678823,happy,subject_02,subject_02_happy_session_01
4.16,0.10896763775265908,happy,subject_02,subject_02_happy_session_01
4.164,0.15152335323835914,happy,subject_02,subject_02_happy_session_01
4.168,0.16775929474283044,happy,subject_02,subject_02_happy_session_01
4.172,0.16945511932128532,happy,subject_02,subject_02_happy_session_01
4.176,0.16949362100274235,happy,subject_02,subject_02_happy_session_01
4.18,0.1336839870887348,happy,subject_02,subject_02_happy_session_01
4.184,0.10502797178890828,happy,subject_02,subject_02_happy_session_01
4.188,0.10800593480080005,happy,subject_02,subject_02_happy_session_01
4.192,0.05873488657010763,happy,subject_02,subject_02_happy_session_01
4.196,0.07287925384238585,happy,subject_02,subject_02_happy_session_01
4.2,0.08983144414533367,happy,subject_02,subject_02_happy_session_01
4.204,0.0777186562953927,happy,subject_02,subject_02_happy_session_01
4.208,0.08609412394841826,happy,subject_02,subject_02_happy_session_01
4.212,0.031076340976263786,happy,subject_02,subject_02_happy_session_01
4.216,0.03574505327142465,happy,subject_02,subject_02_happy_session_01
4.22,0.10059893670994784,happy,subject_02,subject_02_happy_session_01
4.224,0.042271527259699335,happy,subject_02,subject_02_happy_session_01
4.228,0.04635436337977329,happy,subject_02,subject_02_happy_session_01
4.232,0.07253772307572884,happy,subject_02,subject_02_happy_session_01
4.236,0.03642389206827807,happy,subject_02,subject_02_happy_session_01
4.24,0.1081504026596771,happy,subject_02,subject_02_happy_session_01
4.244,0.026449296245723293,happy,subject_02,subject_02_happy_session_01
4.248,0.07207336237741606,happy,subject_02,subject_02_happy_session_01
4.252,0.04793815172922726,happy,subject_02,subject_02_happy_session_01
4.256,0.08221366017900254,happy,subject_02,subject_02_happy_session_01
4.26,0.0623751669146036,happy,subject_02,subject_02_happy_session_01
4.264,0.08235812909760139,happy,subject_02,subject_02_happy_session_01
4.268,0.12960900703304168,happy,subject_02,subject_02_happy_session_01
4.272,0.06666942922293188,happy,subject_02,subject_02_happy_session_01
4.276,0.07033279213629398,happy,subject_02,subject_02_happy_session_01
4.28,0.08756739909873952,happy,subject_02,subject_02_happy_session_01
4.284,0.15403105106668885,happy,subject_02,subject_02_happy_session_01
4.288,0.10288599355878629,happy,subject_02,subject_02_happy_session_01
4.292,0.15247704799659226,happy,subject_02,subject_02_happy_session_01
4.296,0.10591006638702792,happy,subject_02,subject_02_happy_session_01
4.3,0.15604263760906445,happy,subject_02,subject_02_happy_session_01
4.304,0.13037364870066723,happy,subject_02,subject_02_happy_session_01
4.308,0.1365805025279638,happy,subject_02,subject_02_happy_session_01
4.312,0.0672775917041618,happy,subject_02,subject_02_happy_session_01
4.316,0.06172152063225503,happy,subject_02,subject_02_happy_session_01
4.32,0.1535337617601243,happy,subject_02,subject_02_happy_session_01
4.324,0.151294985651797,happy,subject_02,subject_02_happy_session_01
4.328,0.19653810997511414,happy,subject_02,subject_02_happy_session_01
4.332,0.05665934629111896,happy,subject_02,subject_02_happy_session_01
4.336,0.12198064512086915,happy,subject_02,subject_02_happy_session_01
4.34,0.06495854915790009,happy,subject_02,subject_02_happy_session_01
4.344,0.07027490896634267,happy,subject_02,subject_02_happy_session_01
4.348,0.07370047227384222,happy,subject_02,subject_02_happy_session_01
4.352,0.09951738523143733,happy,subject_02,subject_02_happy_session_01
4.356,0.057615619920765485,happy,subject_02,subject_02_happy_session_01
4.36,0.07671157519084579,happy,subject_02,subject_02_happy_session_01
4.364,0.09937146328072717,happy,subject_02,subject_02_happy_session_01
4.368,0.10456180536758841,happy,subject_02,subject_02_happy_session_01
4.372,0.08433842156689653,happy,subject_02,subject_02_happy_session_01
4.376,0.07116698997853647,happy,subject_02,subject_02_happy_session_01
4.38,0.04593197703330327,happy,subject_02,subject_02_happy_session_01
4.384,0.026831498182031482,happy,subject_02,subject_02_happy_session_01
4.388,0.061804572196962115,happy,subject_02,subject_02_happy_session_01
4.392,0.002704890703931956,happy,subject_02,subject_02_happy_session_01
4.396,0.04055931392107919,happy,subject_02,subject_02_happy_session_01
4.4,-0.0040052745351097305,happy,subject_02,subject_02_happy_session_01
4.404,0.02979100451188357,happy,subject_02,subject_02_happy_session_01
4.408,-0.007730365971720627,happy,subject_02,subject_02_happy_session_01
4.412,0.01334367825292295,happy,subject_02,subject_02_happy_session_01
4.416,0.0021951055452995617,happy,subject_02,subject_02_happy_session_01
4.42,-0.00328540219168336,happy,subject_02,subject_02_happy_session_01
4.424,0.020501666335956577,happy,subject_02,subject_02_happy_session_01
4.428,-0.062111805286094786,happy,subject_02,subject_02_happy_session_01
4.432,-0.04103878976661331,happy,subject_02,subject_02_happy_session_01
4.436,0.04961856427673963,happy,subject_02,subject_02_happy_session_01
4.44,0.026105477416892894,happy,subject_02,subject_02_happy_session_01
4.444,-0.0051040434480230205,happy,subject_02,subject_02_happy_session_01
4.448,0.05303649265722145,happy,subject_02,subject_02_happy_session_01
4.452,-0.005687618669311778,happy,subject_02,subject_02_happy_session_01
4.456,-0.0072142561050663745,happy,subject_02,subject_02_happy_session_01
4.46,-0.01891619225351023,happy,subject_02,subject_02_happy_session_01
4.464,0.07166508850301789,happy,subject_02,subject_02_happy_session_01
4.468,0.014915602327882742,happy,subject_02,subject_02_happy_session_01
4.472,0.027292003338972363,happy,subject_02,subject_02_happy_session_01
4.476,0.07034985096502047,happy,subject_02,subject_02_happy_session_01
4.48,0.049313691781365354,happy,subject_02,subject_02_happy_session_01
4.484,0.18325261743213614,happy,subject_02,subject_02_happy_session_01
4.488,0.3377634944989179,happy,subject_02,subject_02_happy_session_01
4.492,0.4603675981243602,happy,subject_02,subject_02_happy_session_01
4.496,0.6859697885801779,happy,subject_02,subject_02_happy_session_01
4.5,0.7338663805251063,happy,subject_02,subject_02_happy_session_01
4.504,0.9098434569165996,happy,subject_02,subject_02_happy_session_01
4.508,0.9953738047436638,happy,subject_02,subject_02_happy_session_01
4.512,1.017213352570621,happy,subject_02,subject_02_happy_session_01
4.516,1.0169264386533994,happy,subject_02,subject_02_happy_session_01
4.52,0.9369789800525892,happy,subject_02,subject_02_happy_session_01
4.524,0.7742458297327531,happy,subject_02,subject_02_happy_session_01
4.528,0.7181613112889382,happy,subject_02,subject_02_happy_session_01
4.532,0.5653725243573438,happy,subject_02,subject_02_happy_session_01
4.536,0.4135459347726798,happy,subject_02,subject_02_happy_session_01
4.54,0.2512715381356224,happy,subject_02,subject_02_happy_session_01
4.544,0.16408054552917084,happy,subject_02,subject_02_happy_session_01
4.548,0.01266561336006413,happy,subject_02,subject_02_happy_session_01
4.552,0.040259524725874574,happy,subject_02,subject_02_happy_session_01
4.556,-0.07058449137092493,happy,subject_02,subject_02_happy_session_01
4.56,-0.04265201695434305,happy,subject_02,subject_02_happy_session_01
4.564,-0.0043945340527486165,happy,subject_02,subject_02_happy_session_01
4.568,-0.029726653344160657,happy,subject_02,subject_02_happy_session_01
4.572,0.03141280893410322,happy,subject_02,subject_02_happy_session_01
4.576,0.007508382810883422,happy,subject_02,subject_02_happy_session_01
4.58,0.03446502269136442,happy,subject_02,subject_02_happy_session_01
4.584,0.03171775992660005,happy,subject_02,subject_02_happy_session_01
4.588,0.023396402583615365,happy,subject_02,subject_02_happy_session_01
4.592,0.1266046887650192,happy,subject_02,subject_02_happy_session_01
4.596,0.02204583278691591,happy,subject_02,subject_02_happy_session_01
4.6,-0.025136707525517707,happy,subject_02,subject_02_happy_session_01
4.604,0.0302496213072768,happy,subject_02,subject_02_happy_session_01
4.608,0.06665044831231906,happy,subject_02,subject_02_happy_session_01
4.612,0.05277705983444862,happy,subject_02,subject_02_happy_session_01
4.616,0.10578731624860291,happy,subject_02,subject_02_happy_session_01
4.62,0.10895372721452666,happy,subject_02,subject_02_happy_session_01
4.624,0.0681490481344042,happy,subject_02,subject_02_happy_session_01
4.628,0.02540767531717371,happy,subject_02,subject_02_happy_session_01
4.632,0.0446455133789634,happy,subject_02,subject_02_happy_session_01
4.636,0.0939732457518553,happy,subject_02,subject_02_happy_session_01
4.64,0.04615656718514888,happy,subject_02,subject_02_happy_session_01
4.644,0.0941177808611705,happy,subject_02,subject_02_happy_session_01
4.648,0.16306358099911258,happy,subject_02,subject_02_happy_session_01
4.652,0.1318834112766992,happy,subject_02,subject_02_happy_session_01
4.656,0.12827171315543462,happy,subject_02,subject_02_happy_session_01
4.66,0.09723947875297007,happy,subject_02,subject_02_happy_session_01
4.664,0.1472030165938461,happy,subject_02,subject_02_happy_session_01
4.668,0.13912755188342177,happy,subject_02,subject_02_happy_session_01
4.672,0.16399262485991126,happy,subject_02,subject_02_happy_session_01
4.676,0.188653978297069,happy,subject_02,subject_02_happy_session_01
4.68,0.20227334481263226,happy,subject_02,subject_02_happy_session_01
4.684,0.18301700812171,happy,subject_02,subject_02_happy_session_01
4.688,0.2040862890475041,happy,subject_02,subject_02_happy_session_01
4.692,0.1758702449954509,happy,subject_02,subject_02_happy_session_01
4.696,0.2409670414690549,happy,subject_02,subject_02_happy_session_01
4.7,0.17769061262471303,happy,subject_02,subject_02_happy_session_01
4.704,0.2087241114459555,happy,subject_02,subject_02_happy_session_01
4.708,0.2663024112209086,happy,subject_02,subject_02_happy_session_01
4.712,0.21294458042570158,happy,subject_02,subject_02_happy_session_01
4.716,0.1893612830515146,happy,subject_02,subject_02_happy_session_01
4.72,0.22806078074712355,happy,subject_02,subject_02_happy_session_01
4.724,0.2969177332965264,happy,subject_02,subject_02_happy_session_01
4.728,0.17408423077942564,happy,subject_02,subject_02_happy_session_01
4.732,0.2620431160627212,happy,subject_02,subject_02_happy_session_01
4.736,0.24068099254234335,happy,subject_02,subject_02_happy_session_01
4.74,0.26089710746099587,happy,subject_02,subject_02_happy_session_01
4.744,0.25791225490326947,happy,subject_02,subject_02_happy_session_01
4.748,0.30650509953289207,happy,subject_02,subject_02_happy_session_01
4.752,0.27695833165631134,happy,subject_02,subject_02_happy_session_01
4.756,0.31202491899604734,happy,subject_02,subject_02_happy_session_01
4.76,0.3225649893793397,happy,subject_02,subject_02_happy_session_01
4.764,0.27900731829989367,happy,subject_02,subject_02_happy_session_01
4.768,0.2650933545859743,happy,subject_02,subject_02_happy_session_01
4.772,0.28996904546788166,happy,subject_02,subject_02_happy_session_01
4.776,0.2952002605576738,happy,subject_02,subject_02_happy_session_01
4.78,0.2327507944230905,happy,subject_02,subject_02_happy_session_01
4.784,0.2786628914202805,happy,subject_02,subject_02_happy_session_01
4.788,0.2582437044476965,happy,subject_02,subject_02_happy_session_01
4.792,0.24858116948001802,happy,subject_02,subject_02_happy_session_01
4.796,0.23477099809208904,happy,subject_02,subject_02_happy_session_01
4.8,0.23223176922461675,happy,subject_02,subject_02_happy_session_01
4.804,0.2928090846638216,happy,subject_02,subject_02_happy_session_01
4.808,0.23044059771938252,happy,subject_02,subject_02_happy_session_01
4.812,0.2771590387823379,happy,subject_02,subject_02_happy_session_01
4.816,0.23533037111876146,happy,subject_02,subject_02_happy_session_01
4.82,0.18442894763786685,happy,subject_02,subject_02_happy_session_01
4.824,0.22383676838441224,happy,subject_02,subject_02_happy_session_01
4.828,0.16846957274799002,happy,subject_02,subject_02_happy_session_01
4.832,0.22402956423769615,happy,subject_02,subject_02_happy_session_01
4.836,0.18813089338313396,happy,subject_02,subject_02_happy_session_01
4.84,0.21789333493223745,happy,subject_02,subject_02_happy_session_01
4.844,0.2306749019297949,happy,subject_02,subject_02_happy_session_01
4.848,0.11232606070425019,happy,subject_02,subject_02_happy_session_01
4.852,0.14955188384659862,happy,subject_02,subject_02_happy_session_01
4.856,0.11609839889785233,happy,subject_02,subject_02_happy_session_01
4.86,0.22685620844631893,happy,subject_02,subject_02_happy_session_01
4.864,0.1289842955651345,happy,subject_02,subject_02_happy_session_01
4.868,0.09167482384692953,happy,subject_02,subject_02_happy_session_01
4.872,0.20969350060706787,happy,subject_02,subject_02_happy_session_01
4.876,0.09975465397095078,happy,subject_02,subject_02_happy_session_01
4.88,0.06263284608013225,happy,subject_02,subject_02_happy_session_01
4.884,0.0734667260170963,happy,subject_02,subject_02_happy_session_01
4.888,0.11405289286582258,happy,subject_02,subject_02_happy_session_01
4.892,0.106125248700727,happy,subject_02,subject_02_happy_session_01
4.896,0.07123231400599847,happy,subject_02,subject_02_happy_session_01
4.9,0.08000043598508114,happy,subject_02,subject_02_happy_session_01
4.904,0.09586423615421467,happy,subject_02,subject_02_happy_session_01
4.908,0.13794186061425806,happy,subject_02,subject_02_happy_session_01
4.912,0.10145751729347748,happy,subject_02,subject_02_happy_session_01
4.916,0.06887360611587809,happy,subject_02,subject_02_happy_session_01
4.92,0.07999273600869375,happy,subject_02,subject_02_happy_session_01
4.924,0.1149419859306467,happy,subject_02,subject_02_happy_session_01
4.928,0.1474209850516728,happy,subject_02,subject_02_happy_session_01
4.932,0.05115631872592607,happy,subject_02,subject_02_happy_session_01
4.936,0.13056234034563172,happy,subject_02,subject_02_happy_session_01
4.94,0.08288183464220161,happy,subject_02,subject_02_happy_session_01
4.944,0.03969721993319401,happy,subject_02,subject_02_happy_session_01
4.948,0.0358725511490189,happy,subject_02,subject_02_happy_session_01
4.952,0.14976479448394012,happy,subject_02,subject_02_happy_session_01
4.956,0.15757905652811433,happy,subject_02,subject_02_happy_session_01
4.96,0.09056556424900053,happy,subject_02,subject_02_happy_session_01
4.964,0.10685692777198093,happy,subject_02,subject_02_happy_session_01
4.968,0.055618218106037474,happy,subject_02,subject_02_happy_session_01
4.972,0.14820375077327327,happy,subject_02,subject_02_happy_session_01
4.976,0.12377775167723756,happy,subject_02,subject_02_happy_session_01
4.98,0.07328699691331458,happy,subject_02,subject_02_happy_session_01
4.984,0.13714319434267944,happy,subject_02,subject_02_happy_session_01
4.988,0.08314197173549984,happy,subject_02,subject_02_happy_session_01
4.992,0.1524474840112345,happy,subject_02,subject_02_happy_session_01
4.996,0.09551750805990683,happy,subject_02,subject_02_happy_session_01
5.0,0.14497928221938133,happy,subject_02,subject_02_happy_session_01
5.004,0.10936400976168822,happy,subject_02,subject_02_happy_session_01
5.008,0.04773688547194109,happy,subject_02,subject_02_happy_session_01
5.012,0.16302054993116227,happy,subject_02,subject_02_happy_session_01
5.016,0.1619003360945826,happy,subject_02,subject_02_happy_session_01
5.02,0.10321956136347868,happy,subject_02,subject_02_happy_session_01
5.024,0.1269234644396889,happy,subject_02,subject_02_happy_session_01
5.028,0.12804473292368862,happy,subject_02,subject_02_happy_session_01
5.032,0.12420723197344996,happy,subject_02,subject_02_happy_session_01
5.036,0.1629018235841007,happy,subject_02,subject_02_happy_session_01
5.04,0.11168722242588942,happy,subject_02,subject_02_happy_session_01
5.044,0.07909375832600875,happy,subject_02,subject_02_happy_session_01
5.048,0.10110704076246099,happy,subject_02,subject_02_happy_session_01
5.052,0.06568541038812335,happy,subject_02,subject_02_happy_session_01
5.056,0.038198993943148546,happy,subject_02,subject_02_happy_session_01
5.06,0.11316084638494334,happy,subject_02,subject_02_happy_session_01
5.064,0.08440843025610936,happy,subject_02,subject_02_happy_session_01
5.068,-0.0038964100376804034,happy,subject_02,subject_02_happy_session_01
5.072,0.033211111728397705,happy,subject_02,subject_02_happy_session_01
5.076,0.0798841069098825,happy,subject_02,subject_02_happy_session_01
5.08,-0.004785049958806437,happy,subject_02,subject_02_happy_session_01
5.084,0.02053126226168201,happy,subject_02,subject_02_happy_session_01
5.088,0.13731561478213214,happy,subject_02,subject_02_happy_session_01
5.092,0.030182227208206062,happy,subject_02,subject_02_happy_session_01
5.096,0.07758056008095765,happy,subject_02,subject_02_happy_session_01
5.1,0.09040441771136037,happy,subject_02,subject_02_happy_session_01
5.104,0.004553098003835916,happy,subject_02,subject_02_happy_session_01
5.108,0.04437036201793126,happy,subject_02,subject_02_happy_session_01
5.112,0.10601131677612576,happy,subject_02,subject_02_happy_session_01
5.116,0.04911951692190868,happy,subject_02,subject_02_happy_session_01
5.12,0.11505061193605703,happy,subject_02,subject_02_happy_session_01
5.124,0.009250724607293426,happy,subject_02,subject_02_happy_session_01
5.128,0.09363616099718612,happy,subject_02,subject_02_happy_session_01
5.132,0.03014370141814859,happy,subject_02,subject_02_happy_session_01
5.136,0.01611324309980041,happy,subject_02,subject_02_happy_session_01
5.14,0.04674174372506917,happy,subject_02,subject_02_happy_session_01
5.144,0.01594761164738424,happy,subject_02,subject_02_happy_session_01
5.148,0.012351990863986015,happy,subject_02,subject_02_happy_session_01
5.152,0.031017851753315014,happy,subject_02,subject_02_happy_session_01
5.156,-0.04145587776419814,happy,subject_02,subject_02_happy_session_01
5.16,0.018282853328567477,happy,subject_02,subject_02_happy_session_01
5.164,0.12006854340620922,happy,subject_02,subject_02_happy_session_01
5.168,0.20702279761465064,happy,subject_02,subject_02_happy_session_01
5.172,0.29167187635064523,happy,subject_02,subject_02_happy_session_01
5.176,0.41998851892414973,happy,subject_02,subject_02_happy_session_01
5.18,0.5701759303450298,happy,subject_02,subject_02_happy_session_01
5.184,0.7368569083766837,happy,subject_02,subject_02_happy_session_01
5.188,0.7872282733106964,happy,subject_02,subject_02_happy_session_01
5.192,0.9248035724920336,happy,subject_02,subject_02_happy_session_01
5.196,1.0043627884951236,happy,subject_02,subject_02_happy_session_01
5.2,1.0283546455403687,happy,subject_02,subject_02_happy_session_01
5.204,0.9096431120270198,happy,subject_02,subject_02_happy_session_01
5.208,0.8527169193141677,happy,subject_02,subject_02_happy_session_01
5.212,0.7704922291897865,happy,subject_02,subject_02_happy_session_01
5.216,0.6561924318955411,happy,subject_02,subject_02_happy_session_01
5.22,0.4473161791956269,happy,subject_02,subject_02_happy_session_01
5.224,0.28740644602249044,happy,subject_02,subject_02_happy_session_01
5.228,0.1988340168925226,happy,subject_02,subject_02_happy_session_01
5.232,0.06814742222525047,happy,subject_02,subject_02_happy_session_01
5.236,0.04295602622702351,happy,subject_02,subject_02_happy_session_01
5.24,-0.03182661558801836,happy,subject_02,subject_02_happy_session_01
5.244,-0.07409966472826457,happy,subject_02,subject_02_happy_session_01
5.248,0.0206372328997662,happy,subject_02,subject_02_happy_session_01
5.252,0.02897194992741256,happy,subject_02,subject_02_happy_session_01
5.256,-0.030720769504415345,happy,subject_02,subject_02_happy_session_01
5.26,0.03194807283586524,happy,subject_02,subject_02_happy_session_01
5.264,0.018717916640397847,happy,subject_02,subject_02_happy_session_01
5.268,0.06051651866914804,happy,subject_02,subject_02_happy_session_01
5.272,0.014311759512557459,happy,subject_02,subject_02_happy_session_01
5.276,0.07994389118568096,happy,subject_02,subject_02_happy_session_01
5.28,0.09486321069709777,happy,subject_02,subject_02_happy_session_01
5.284,0.02316557269558083,happy,subject_02,subject_02_happy_session_01
5.288,0.06195542881763046,happy,subject_02,subject_02_happy_session_01
5.292,0.10554851038690402,happy,subject_02,subject_02_happy_session_01
5.296,0.031562120515082726,happy,subject_02,subject_02_happy_session_01
5.3,0.04707150674866975,happy,subject_02,subject_02_happy_session_01
5.304,0.09777803546098864,happy,subject_02,subject_02_happy_session_01
5.308,0.07340337478949047,happy,subject_02,subject_02_happy_session_01
5.312,0.028580017338669654,happy,subject_02,subject_02_happy_session_01
5.316,0.07747159796305683,happy,subject_02,subject_02_happy_session_01
5.32,0.1550451768537956,happy,subject_02,subject_02_happy_session_01
5.324,0.17163310586101604,happy,subject_02,subject_02_happy_session_01
5.328,0.08291148941607211,happy,subject_02,subject_02_happy_session_01
5.332,0.0792775592484583,happy,subject_02,subject_02_happy_session_01
5.336,0.10149055209954155,happy,subject_02,subject_02_happy_session_01
5.34,0.1870949111711337,happy,subject_02,subject_02_happy_session_01
5.344,0.16022114099948426,happy,subject_02,subject_02_happy_session_01
5.348,0.18890191794512817,happy,subject_02,subject_02_happy_session_01
5.352,0.1796921804523081,happy,subject_02,subject_02_happy_session_01
5.356,0.10578211615928343,happy,subject_02,subject_02_happy_session_01
5.36,0.1260850096849586,happy,subject_02,subject_02_happy_session_01
5.364,0.1423452206692818,happy,subject_02,subject_02_happy_session_01
5.368,0.15590659181322036,happy,subject_02,subject_02_happy_session_01
5.372,0.1579110322441166,happy,subject_02,subject_02_happy_session_01
5.376,0.16943255717008515,happy,subject_02,subject_02_happy_session_01
5.38,0.2189016594996186,happy,subject_02,subject_02_happy_session_01
5.384,0.20851293230388354,happy,subject_02,subject_02_happy_session_01
5.388,0.25357800943181247,happy,subject_02,subject_02_happy_session_01
5.392,0.226633129134448,happy,subject_02,subject_02_happy_session_01
5.396,0.2008463478000942,happy,subject_02,subject_02_happy_session_01
5.4,0.23753080051760062,happy,subject_02,subject_02_happy_session_01
5.404,0.18413655783815397,happy,subject_02,subject_02_happy_session_01
5.408,0.16185401920872966,happy,subject_02,subject_02_happy_session_01
5.412,0.27061523352567807,happy,subject_02,subject_02_happy_session_01
5.416,0.2886392224170707,happy,subject_02,subject_02_happy_session_01
5.42,0.2599444590005124,happy,subject_02,subject_02_happy_session_01
5.424,0.24763954968476834,happy,subject_02,subject_02_happy_session_01
5.428,0.21774984757414365,happy,subject_02,subject_02_happy_session_01
5.432,0.30837703612294637,happy,subject_02,subject_02_happy_session_01
5.436,0.28701029996361455,happy,subject_02,subject_02_happy_session_01
5.44,0.28160021137087504,happy,subject_02,subject_02_happy_session_01
5.444,0.27226493764943704,happy,subject_02,subject_02_happy_session_01
5.448,0.2564021242383142,happy,subject_02,subject_02_happy_session_01
5.452,0.23365030706858958,happy,subject_02,subject_02_happy_session_01
5.456,0.2806135032966516,happy,subject_02,subject_02_happy_session_01
5.46,0.25145510819567063,happy,subject_02,subject_02_happy_session_01
5.464,0.2533904756770518,happy,subject_02,subject_02_happy_session_01
5.468,0.32568487776695093,happy,subject_02,subject_02_happy_session_01
5.472,0.26063309523168837,happy,subject_02,subject_02_happy_session_01
5.476,0.17266517292667335,happy,subject_02,subject_02_happy_session_01
5.48,0.23545439879877061,happy,subject_02,subject_02_happy_session_01
5.484,0.2143257246155135,happy,subject_02,subject_02_happy_session_01
5.488,0.2392226087271908,happy,subject_02,subject_02_happy_session_01
5.492,0.18853280329127692,happy,subject_02,subject_02_happy_session_01
5.496,0.24747017460757312,happy,subject_02,subject_02_happy_session_01
5.5,0.2154889878691405,happy,subject_02,subject_02_happy_session_01
5.504,0.2024549829824372,happy,subject_02,subject_02_happy_session_01
5.508,0.2173339987216571,happy,subject_02,subject_02_happy_session_01
5.512,0.20218990140016468,happy,subject_02,subject_02_happy_session_01
5.516,0.19276150100679257,happy,subject_02,subject_02_happy_session_01
5.52,0.18210616173525024,happy,subject_02,subject_02_happy_session_01
5.524,0.18163577972170156,happy,subject_02,subject_02_happy_session_01
5.528,0.18671426534330024,happy,subject_02,subject_02_happy_session_01
5.532,0.174694600997832,happy,subject_02,subject_02_happy_session_01
5.536,0.19891846575332744,happy,subject_02,subject_02_happy_session_01
5.54,0.1328476084366691,happy,subject_02,subject_02_happy_session_01
5.544,0.15295394259567904,happy,subject_02,subject_02_happy_session_01
5.548,0.2230455170364427,happy,subject_02,subject_02_happy_session_01
5.552,0.129025676132486,happy,subject_02,subject_02_happy_session_01
5.556,0.12366389357558245,happy,subject_02,subject_02_happy_session_01
5.56,0.07309540428743616,happy,subject_02,subject_02_happy_session_01
5.564,0.08625576110808242,happy,subject_02,subject_02_happy_session_01
5.568,0.10176708787461963,happy,subject_02,subject_02_happy_session_01
5.572,0.1188363415071545,happy,subject_02,subject_02_happy_session_01
5.576,0.11800067059002262,happy,subject_02,subject_02_happy_session_01
5.58,0.10228671522940275,happy,subject_02,subject_02_happy_session_01
5.584,0.1151022806446769,happy,subject_02,subject_02_happy_session_01
5.588,0.04860754574856227,happy,subject_02,subject_02_happy_session_01
5.592,0.09788250236187995,happy,subject_02,subject_02_happy_session_01
5.596,0.07900588985980557,happy,subject_02,subject_02_happy_session_01
5.6,0.08127714607362233,happy,subject_02,subject_02_happy_session_01
5.604,0.0632016926556826,happy,subject_02,subject_02_happy_session_01
5.608,0.04211676888073352,happy,subject_02,subject_02_happy_session_01
5.612,0.033139889775631634,happy,subject_02,subject_02_happy_session_01
5.616,0.0876833438926321,happy,subject_02,subject_02_happy_session_01
5.62,0.09524042252613253,happy,subject_02,subject_02_happy_session_01
5.624,0.0751652024363712,happy,subject_02,subject_02_happy_session_01
5.628,0.08154569392373115,happy,subject_02,subject_02_happy_session_01
5.632,0.05963902432203871,happy,subject_02,subject_02_happy_session_01
5.636,0.10558126653431615,happy,subject_02,subject_02_happy_session_01
5.64,0.09348578052794401,happy,subject_02,subject_02_happy_session_01
5.644,0.08212659599417409,happy,subject_02,subject_02_happy_session_01
5.648,0.12886456906999647,happy,subject_02,subject_02_happy_session_01
5.652,0.12472018931506547,happy,subject_02,subject_02_happy_session_01
5.656,0.05183883556583519,happy,subject_02,subject_02_happy_session_01
5.66,0.11051442598894418,happy,subject_02,subject_02_happy_session_01
5.664,0.07810314269766286,happy,subject_02,subject_02_happy_session_01
5.668,0.11892355190049027,happy,subject_02,subject_02_happy_session_01
5.672,0.005590675635676806,happy,subject_02,subject_02_happy_session_01
5.676,0.12406397170966561,happy,subject_02,subject_02_happy_session_01
5.68,0.1426786356200302,happy,subject_02,subject_02_happy_session_01
5.684,0.11377374103594892,happy,subject_02,subject_02_happy_session_01
5.688,0.07605441425506453,happy,subject_02,subject_02_happy_session_01
5.692,0.18373456238947922,happy,subject_02,subject_02_happy_session_01
5.696,0.1534531373007334,happy,subject_02,subject_02_happy_session_01
5.7,0.091466130054801,happy,subject_02,subject_02_happy_session_01
5.704,0.09735342303910721,happy,subject_02,subject_02_happy_session_01
5.708,0.033031981735727856,happy,subject_02,subject_02_happy_session_01
5.712,0.11433590461334041,happy,subject_02,subject_02_happy_session_01
5.716,0.044848151304836936,happy,subject_02,subject_02_happy_session_01
5.72,0.11079594111819062,happy,subject_02,subject_02_happy_session_01
5.724,0.11787323329159809,happy,subject_02,subject_02_happy_session_01
5.728,0.07388122064199394,happy,subject_02,subject_02_happy_session_01
5.732,0.03343173983266413,happy,subject_02,subject_02_happy_session_01
5.736,0.10880512771073254,happy,subject_02,subject_02_happy_session_01
5.74,0.059696717615087075,happy,subject_02,subject_02_happy_session_01
5.744,0.05760909559858908,happy,subject_02,subject_02_happy_session_01
5.748,0.01671623022534066,happy,subject_02,subject_02_happy_session_01
5.752,0.05134165163152379,happy,subject_02,subject_02_happy_session_01
5.756,0.033070398159868335,happy,subject_02,subject_02_happy_session_01
5.76,-0.010393740265048974,happy,subject_02,subject_02_happy_session_01
5.764,0.07928804326185462,happy,subject_02,subject_02_happy_session_01
5.768,0.09059812264044961,happy,subject_02,subject_02_happy_session_01
5.772,0.061655295286493356,happy,subject_02,subject_02_happy_session_01
5.776,0.053752938207415765,happy,subject_02,subject_02_happy_session_01
5.78,0.08276598049654342,happy,subject_02,subject_02_happy_session_01
5.784,-0.017735415504048942,happy,subject_02,subject_02_happy_session_01
5.788,-0.019944198477952844,happy,subject_02,subject_02_happy_session_01
5.792,0.0010920801072757998,happy,subject_02,subject_02_happy_session_01
5.796,0.024697930720589664,happy,subject_02,subject_02_happy_session_01
5.8,0.0029002708495665785,happy,subject_02,subject_02_happy_session_01
5.804,-0.023531058192869634,happy,subject_02,subject_02_happy_session_01
5.808,0.01149381013936145,happy,subject_02,subject_02_happy_session_01
5.812,0.007106420450955162,happy,subject_02,subject_02_happy_session_01
5.816,0.038731869468552976,happy,subject_02,subject_02_happy_session_01
5.82,0.009104038889187739,happy,subject_02,subject_02_happy_session_01
5.824,-0.061943445767513414,happy,subject_02,subject_02_happy_session_01
5.828,0.014029278680006762,happy,subject_02,subject_02_happy_session_01
5.832,0.05097953905744754,happy,subject_02,subject_02_happy_session_01
5.836,-0.006667803930938983,happy,subject_02,subject_02_happy_session_01
5.84,0.029985371886425485,happy,subject_02,subject_02_happy_session_01
5.844,-0.0056691206958723196,happy,subject_02,subject_02_happy_session_01
5.848,0.0696371875417117,happy,subject_02,subject_02_happy_session_01
5.852,0.08908638762120677,happy,subject_02,subject_02_happy_session_01
5.856,0.20164536357980245,happy,subject_02,subject_02_happy_session_01
5.86,0.3240136723038982,happy,subject_02,subject_02_happy_session_01
5.864,0.4901785394988995,happy,subject_02,subject_02_happy_session_01
5.868,0.5928912818377141,happy,subject_02,subject_02_happy_session_01
5.872,0.7114364467777495,happy,subject_02,subject_02_happy_session_01
5.876,0.8977270071245399,happy,subject_02,subject_02_happy_session_01
5.88,0.9786414490564005,happy,subject_02,subject_02_happy_session_01
5.884,1.0027487522093734,happy,subject_02,subject_02_happy_session_01
5.888,1.014553953339651,happy,subject_02,subject_02_happy_session_01
5.892,0.9068327799959146,happy,subject_02,subject_02_happy_session_01
5.896,0.8122683889518056,happy,subject_02,subject_02_happy_session_01
5.9,0.6478263066288206,happy,subject_02,subject_02_happy_session_01
5.904,0.4935660482228536,happy,subject_02,subject_02_happy_session_01
5.908,0.358319447183146,happy,subject_02,subject_02_happy_session_01
5.912,0.28540205527282814,happy,subject_02,subject_02_happy_session_01
5.916,0.11843336041228057,happy,subject_02,subject_02_happy_session_01
5.92,0.030497766803641392,happy,subject_02,subject_02_happy_session_01
5.924,-0.010123170254277013,happy,subject_02,subject_02_happy_session_01
5.928,-0.1397808269895879,happy,subject_02,subject_02_happy_session_01
5.932,-0.046419397539229974,happy,subject_02,subject_02_happy_session_01
5.936,-0.013740844779119687,happy,subject_02,subject_02_happy_session_01
5.94,-0.02602292281089029,happy,subject_02,subject_02_happy_session_01
5.944,-0.01422722441755489,happy,subject_02,subject_02_happy_session_01
5.948,-0.032248795156430615,happy,subject_02,subject_02_happy_session_01
5.952,-0.004637348096922862,happy,subject_02,subject_02_happy_session_01
5.956,-0.011704545134233475,happy,subject_02,subject_02_happy_session_01
5.96,0.05736813879897178,happy,subject_02,subject_02_happy_session_01
5.964,0.07871513667462861,happy,subject_02,subject_02_happy_session_01
5.968,0.09714371639620728,happy,subject_02,subject_02_happy_session_01
5.972,0.002804939533397662,happy,subject_02,subject_02_happy_session_01
5.976,0.012388599898098245,happy,subject_02,subject_02_happy_session_01
5.98,0.012965407359737845,happy,subject_02,subject_02_happy_session_01
5.984,0.007217821393890003,happy,subject_02,subject_02_happy_session_01
5.988,0.011707424066210302,happy,subject_02,subject_02_happy_session_01
5.992,0.03294670540756976,happy,subject_02,subject_02_happy_session_01
5.996,0.08606960374403304,happy,subject_02,subject_02_happy_session_01
6.0,0.03509109073958076,happy,subject_02,subject_02_happy_session_01
6.004,0.10210339888280438,happy,subject_02,subject_02_happy_session_01
6.008,0.11841199181869966,happy,subject_02,subject_02_happy_session_01
6.012,0.08610327495486611,happy,subject_02,subject_02_happy_session_01
6.016,0.12497995032671763,happy,subject_02,subject_02_happy_session_01
6.02,0.04040218365114828,happy,subject_02,subject_02_happy_session_01
6.024,0.0748326206178567,happy,subject_02,subject_02_happy_session_01
6.028,0.1075421554276244,happy,subject_02,subject_02_happy_session_01
6.032,0.11547051213864572,happy,subject_02,subject_02_happy_session_01
6.036,0.16460438546282852,happy,subject_02,subject_02_happy_session_01
6.04,0.08669976999171278,happy,subject_02,subject_02_happy_session_01
6.044,0.11007042543265033,happy,subject_02,subject_02_happy_session_01
6.048,0.1331899248060577,happy,subject_02,subject_02_happy_session_01
6.052,0.12537609602740568,happy,subject_02,subject_02_happy_session_01
6.056,0.11442695695470939,happy,subject_02,subject_02_happy_session_01
6.06,0.14162100346781062,happy,subject_02,subject_02_happy_session_01
6.064,0.1570393112949886,happy,subject_02,subject_02_happy_session_01
6.068,0.22353962767093094,happy,subject_02,subject_02_happy_session_01
6.072,0.14427878425227272,happy,subject_02,subject_02_happy_session_01
6.076,0.215455533561843,happy,subject_02,subject_02_happy_session_01
6.08,0.23816879498676757,happy,subject_02,subject_02_happy_session_01
6.084,0.1821630500032431,happy,subject_02,subject_02_happy_session_01
6.088,0.21535723748658372,happy,subject_02,subject_02_happy_session_01
6.092,0.23223159758962922,happy,subject_02,subject_02_happy_session_01
6.096,0.23188736621492473,happy,subject_02,subject_02_happy_session_01
6.1,0.22538274936762845,happy,subject_02,subject_02_happy_session_01
6.104,0.20329540157302037,happy,subject_02,subject_02_happy_session_01
6.108,0.2542944646439942,happy,subject_02,subject_02_happy_session_01
6.112,0.2215338715400212,happy,subject_02,subject_02_happy_session_01
6.116,0.23862440141128896,happy,subject_02,subject_02_happy_session_01
6.12,0.24618411535255103,happy,subject_02,subject_02_happy_session_01
6.124,0.27180695725719456,happy,subject_02,subject_02_happy_session_01
6.128,0.31053528620736204,happy,subject_02,subject_02_happy_session_01
6.132,0.2178276314730448,happy,subject_02,subject_02_happy_session_01
6.136,0.2454599479617108,happy,subject_02,subject_02_happy_session_01
6.14,0.1910107786472055,happy,subject_02,subject_02_happy_session_01
6.144,0.29354074236445,happy,subject_02,subject_02_happy_session_01
6.148,0.24133745142049645,happy,subject_02,subject_02_happy_session_01
6.152,0.22682671927142958,happy,subject_02,subject_02_happy_session_01
6.156,0.23607343284506704,happy,subject_02,subject_02_happy_session_01
6.16,0.23421100022972147,happy,subject_02,subject_02_happy_session_01
6.164,0.2008325453062584,happy,subject_02,subject_02_happy_session_01
6.168,0.2633512877144582,happy,subject_02,subject_02_happy_session_01
6.172,0.23918854790646038,happy,subject_02,subject_02_happy_session_01
6.176,0.23847898926718655,happy,subject_02,subject_02_happy_session_01
6.18,0.18124078924187761,happy,subject_02,subject_02_happy_session_01
6.184,0.17299283419240966,happy,subject_02,subject_02_happy_session_01
6.188,0.18803745264125557,happy,subject_02,subject_02_happy_session_01
6.192,0.2130574040697977,happy,subject_02,subject_02_happy_session_01
6.196,0.1954316256006412,happy,subject_02,subject_02_happy_session_01
6.2,0.14327758717279296,happy,subject_02,subject_02_happy_session_01
6.204,0.18634828137438728,happy,subject_02,subject_02_happy_session_01
6.208,0.12133325663761566,happy,subject_02,subject_02_happy_session_01
6.212,0.12452709167065204,happy,subject_02,subject_02_happy_session_01
6.216,0.14551998138821762,happy,subject_02,subject_02_happy_session_01
6.22,0.09134721934014983,happy,subject_02,subject_02_happy_session_01
6.224,0.0910504579058008,happy,subject_02,subject_02_happy_session_01
6.228,0.17164148260415596,happy,subject_02,subject_02_happy_session_01
6.232,0.15783912622345905,happy,subject_02,subject_02_happy_session_01
6.236,0.18306218574922103,happy,subject_02,subject_02_happy_session_01
6.24,0.11183384623454944,happy,subject_02,subject_02_happy_session_01
6.244,0.11205044673344536,happy,subject_02,subject_02_happy_session_01
6.248,0.07779647034011657,happy,subject_02,subject_02_happy_session_01
6.252,0.06504460406982948,happy,subject_02,subject_02_happy_session_01
6.256,0.10230764622105379,happy,subject_02,subject_02_happy_session_01
6.26,0.11436633637871219,happy,subject_02,subject_02_happy_session_01
6.264,0.08959692222498133,happy,subject_02,subject_02_happy_session_01
6.268,0.02853056217272795,happy,subject_02,subject_02_happy_session_01
6.272,0.06801446799767669,happy,subject_02,subject_02_happy_session_01
6.276,0.024287129201094854,happy,subject_02,subject_02_happy_session_01
6.28,0.03739473245890271,happy,subject_02,subject_02_happy_session_01
6.284,0.10412418099170012,happy,subject_02,subject_02_happy_session_01
6.288,0.003582448308933339,happy,subject_02,subject_02_happy_session_01
6.292,0.12079753287209485,happy,subject_02,subject_02_happy_session_01
6.296,0.06406421799774788,happy,subject_02,subject_02_happy_session_01
6.3,0.029054752978532376,happy,subject_02,subject_02_happy_session_01
6.304,0.04887374383466724,happy,subject_02,subject_02_happy_session_01
6.308,0.024176488034464896,happy,subject_02,subject_02_happy_session_01
6.312,0.031174439237710565,happy,subject_02,subject_02_happy_session_01
6.316,0.055493680701717854,happy,subject_02,subject_02_happy_session_01
6.32,0.04440554789269396,happy,subject_02,subject_02_happy_session_01
6.324,0.026551706955194446,happy,subject_02,subject_02_happy_session_01
6.328,0.054953238275911226,happy,subject_02,subject_02_happy_session_01
6.332,0.020300056505951694,happy,subject_02,subject_02_happy_session_01
6.336,0.025415619126481062,happy,subject_02,subject_02_happy_session_01
6.34,0.028576583280918173,happy,subject_02,subject_02_happy_session_01
6.344,0.13525856484468465,happy,subject_02,subject_02_happy_session_01
6.348,0.09396239383902558,happy,subject_02,subject_02_happy_session_01
6.352,0.10321452494160473,happy,subject_02,subject_02_happy_session_01
6.356,0.08484824659406069,happy,subject_02,subject_02_happy_session_01
6.36,0.10369110149846936,happy,subject_02,subject_02_happy_session_01
6.364,0.12800193468177284,happy,subject_02,subject_02_happy_session_01
6.368,0.10130919876609798,happy,subject_02,subject_02_happy_session_01
6.372,0.1439186232640166,happy,subject_02,subject_02_happy_session_01
6.376,0.08395075568494761,happy,subject_02,subject_02_happy_session_01
6.38,0.10424232721430819,happy,subject_02,subject_02_happy_session_01
6.384,0.10525977334554606,happy,subject_02,subject_02_happy_session_01
6.388,0.04469238986010128,happy,subject_02,subject_02_happy_session_01
6.392,0.07492041826648549,happy,subject_02,subject_02_happy_session_01
6.396,0.004573944845345845,happy,subject_02,subject_02_happy_session_01
6.4,0.05964864912841005,happy,subject_02,subject_02_happy_session_01
6.404,0.04925648178604809,happy,subject_02,subject_02_happy_session_01
6.408,0.04174742493524981,happy,subject_02,subject_02_happy_session_01
6.412,0.03377964912744957,happy,subject_02,subject_02_happy_session_01
6.416,0.06033147140860923,happy,subject_02,subject_02_happy_session_01
6.42,0.005801278143869361,happy,subject_02,subject_02_happy_session_01
6.424,0.09639937506608715,happy,subject_02,subject_02_happy_session_01
6.428,0.045826221270261425,happy,subject_02,subject_02_happy_session_01
6.432,-0.007245879141768993,happy,subject_02,subject_02_happy_session_01
6.436,0.03868033827879995,happy,subject_02,subject_02_happy_session_01
6.44,0.046329940136120455,happy,subject_02,subject_02_happy_session_01
6.444,0.020249003533259324,happy,subject_02,subject_02_happy_session_01
6.448,-0.03170146723459806,happy,subject_02,subject_02_happy_session_01
6.452,0.07833573944601384,happy,subject_02,subject_02_happy_session_01
6.456,0.019294941792177223,happy,subject_02,subject_02_happy_session_01
6.46,-0.04952606279174238,happy,subject_02,subject_02_happy_session_01
6.464,-0.0009887988233207284,happy,subject_02,subject_02_happy_session_01
6.468,-0.018159431683524224,happy,subject_02,subject_02_happy_session_01
6.472,-0.012080811878532804,happy,subject_02,subject_02_happy_session_01
6.476,-0.05568552901576123,happy,subject_02,subject_02_happy_session_01
6.48,-0.013372062848086438,happy,subject_02,subject_02_happy_session_01
6.484,-0.0455306397568189,happy,subject_02,subject_02_happy_session_01
6.488,-0.029659846496468988,happy,subject_02,subject_02_happy_session_01
6.492,-0.004725315536576118,happy,subject_02,subject_02_happy_session_01
6.496,-0.03578375535145642,happy,subject_02,subject_02_happy_session_01
6.5,-0.030210722195895552,happy,subject_02,subject_02_happy_session_01
6.504,0.007274762923009697,happy,subject_02,subject_02_happy_session_01
6.508,-0.05481821449996034,happy,subject_02,subject_02_happy_session_01
6.512,-0.04999784791805788,happy,subject_02,subject_02_happy_session_01
6.516,-0.07594732474257535,happy,subject_02,subject_02_happy_session_01
6.52,-0.06517356491468883,happy,subject_02,subject_02_happy_session_01
6.524,-0.03202314389912562,happy,subject_02,subject_02_happy_session_01
6.528,-0.003938983042774808,happy,subject_02,subject_02_happy_session_01
6.532,-0.026179245437086388,happy,subject_02,subject_02_happy_session_01
6.536,0.07704971677683271,happy,subject_02,subject_02_happy_session_01
6.54,0.14251229950961863,happy,subject_02,subject_02_happy_session_01
6.544,0.2023330989321216,happy,subject_02,subject_02_happy_session_01
6.548,0.3915419291456733,happy,subject_02,subject_02_happy_session_01
6.552,0.5742841419519654,happy,subject_02,subject_02_happy_session_01
6.556,0.6120646893980979,happy,subject_02,subject_02_happy_session_01
6.56,0.8779882759308749,happy,subject_02,subject_02_happy_session_01
6.564,0.884992543382133,happy,subject_02,subject_02_happy_session_01
6.568,0.9040330538762987,happy,subject_02,subject_02_happy_session_01
6.572,0.9711844545324231,happy,subject_02,subject_02_happy_session_01
6.576,0.9476786409726197,happy,subject_02,subject_02_happy_session_01
6.58,0.8137258744593672,happy,subject_02,subject_02_happy_session_01
6.584,0.702909222794088,happy,subject_02,subject_02_happy_session_01
6.588,0.6129486551616645,happy,subject_02,subject_02_happy_session_01
6.592,0.3874050305933772,happy,subject_02,subject_02_happy_session_01
6.596,0.3363288239241583,happy,subject_02,subject_02_happy_session_01
6.6,0.15081465088741344,happy,subject_02,subject_02_happy_session_01
6.604,0.013769640718351813,happy,subject_02,subject_02_happy_session_01
6.608,-0.039186526804443116,happy,subject_02,subject_02_happy_session_01
6.612,-0.09150280264348949,happy,subject_02,subject_02_happy_session_01
6.616,-0.07875667659344773,happy,subject_02,subject_02_happy_session_01
6.62,-0.05964482552893137,happy,subject_02,subject_02_happy_session_01
6.624,-0.07786953216716735,happy,subject_02,subject_02_happy_session_01
6.628,-0.0950900444647226,happy,subject_02,subject_02_happy_session_01
6.632,0.01424139975517761,happy,subject_02,subject_02_happy_session_01
6.636,0.013430032207521859,happy,subject_02,subject_02_happy_session_01
6.64,-0.06212491476076848,happy,subject_02,subject_02_happy_session_01
6.644,-0.0008329452818061816,happy,subject_02,subject_02_happy_session_01
6.648,0.033363658130591306,happy,subject_02,subject_02_happy_session_01
6.652,0.03324386404010035,happy,subject_02,subject_02_happy_session_01
6.656,-0.02013109939952446,happy,subject_02,subject_02_happy_session_01
6.66,0.04179844978687325,happy,subject_02,subject_02_happy_session_01
6.664,0.011380909808817601,happy,subject_02,subject_02_happy_session_01
6.668,0.028111411879141297,happy,subject_02,subject_02_happy_session_01
6.672,-0.013762740828932234,happy,subject_02,subject_02_happy_session_01
6.676,-0.12639402762004479,happy,subject_02,subject_02_happy_session_01
6.68,-0.00014689945017840045,happy,subject_02,subject_02_happy_session_01
6.684,0.050577344665902566,happy,subject_02,subject_02_happy_session_01
6.688,0.02962401928411417,happy,subject_02,subject_02_happy_session_01
6.692,0.06486516707989087,happy,subject_02,subject_02_happy_session_01
6.696,0.08639088643727338,happy,subject_02,subject_02_happy_session_01
6.7,0.04194040162668791,happy,subject_02,subject_02_happy_session_01
6.704,0.044584556687886544,happy,subject_02,subject_02_happy_session_01
6.708,-0.01060928157847843,happy,subject_02,subject_02_happy_session_01
6.712,0.018323620812923158,happy,subject_02,subject_02_happy_session_01
6.716,0.03236666409287387,happy,subject_02,subject_02_happy_session_01
6.72,0.10570809495274702,happy,subject_02,subject_02_happy_session_01
6.724,0.08213435754627892,happy,subject_02,subject_02_happy_session_01
6.728,0.08192092623485871,happy,subject_02,subject_02_happy_session_01
6.732,0.08528886491587824,happy,subject_02,subject_02_happy_session_01
6.736,0.08818410317727426,happy,subject_02,subject_02_happy_session_01
6.74,0.15526630023719606,happy,subject_02,subject_02_happy_session_01
6.744,0.13371570367987828,happy,subject_02,subject_02_happy_session_01
6.748,0.1726165932636898,happy,subject_02,subject_02_happy_session_01
6.752,0.06855122852145373,happy,subject_02,subject_02_happy_session_01
6.756,0.17125159062248207,happy,subject_02,subject_02_happy_session_01
6.76,0.14280353027420573,happy,subject_02,subject_02_happy_session_01
6.764,0.15681634933135669,happy,subject_02,subject_02_happy_session_01
6.768,0.22070662886970177,happy,subject_02,subject_02_happy_session_01
6.772,0.16611820815187087,happy,subject_02,subject_02_happy_session_01
6.776,0.20305798380819698,happy,subject_02,subject_02_happy_session_01
6.78,0.15592476450566656,happy,subject_02,subject_02_happy_session_01
6.784,0.19812137699320803,happy,subject_02,subject_02_happy_session_01
6.788,0.14602488268776728,happy,subject_02,subject_02_happy_session_01
6.792,0.20409538321179643,happy,subject_02,subject_02_happy_session_01
6.796,0.2234634095307401,happy,subject_02,subject_02_happy_session_01
6.8,0.2520317788754318,happy,subject_02,subject_02_happy_session_01
6.804,0.18745393068058855,happy,subject_02,subject_02_happy_session_01
6.808,0.19975419042699755,happy,subject_02,subject_02_happy_session_01
6.812,0.1973109478767399,happy,subject_02,subject_02_happy_session_01
6.816,0.21193944273752988,happy,subject_02,subject_02_happy_session_01
6.82,0.18744732369608105,happy,subject_02,subject_02_happy_session_01
6.824,0.14541224496995986,happy,subject_02,subject_02_happy_session_01
6.828,0.18352904992658417,happy,subject_02,subject_02_happy_session_01
6.832,0.21680394724180146,happy,subject_02,subject_02_happy_session_01
6.836,0.21122316831352572,happy,subject_02,subject_02_happy_session_01
6.84,0.2330307345164957,happy,subject_02,subject_02_happy_session_01
6.844,0.2399136062328677,happy,subject_02,subject_02_happy_session_01
6.848,0.19088681572141947,happy,subject_02,subject_02_happy_session_01
6.852,0.14678605465001202,happy,subject_02,subject_02_happy_session_01
6.856,0.21157774038699043,happy,subject_02,subject_02_happy_session_01
6.86,0.1918461805792637,happy,subject_02,subject_02_happy_session_01
6.864,0.17745141913336737,happy,subject_02,subject_02_happy_session_01
6.868,0.2231412233727453,happy,subject_02,subject_02_happy_session_01
6.872,0.18978791765951106,happy,subject_02,subject_02_happy_session_01
6.876,0.17161806691753295,happy,subject_02,subject_02_happy_session_01
6.88,0.16609949117558928,happy,subject_02,subject_02_happy_session_01
6.884,0.18294373516291512,happy,subject_02,subject_02_happy_session_01
6.888,0.12174851053353293,happy,subject_02,subject_02_happy_session_01
6.892,0.10763735726130852,happy,subject_02,subject_02_happy_session_01
6.896,0.12274061550761395,happy,subject_02,subject_02_happy_session_01
6.9,0.08217043651105732,happy,subject_02,subject_02_happy_session_01
6.904,0.11428776718303332,happy,subject_02,subject_02_happy_session_01
6.908,0.1118095018320909,happy,subject_02,subject_02_happy_session_01
6.912,0.09864882576961563,happy,subject_02,subject_02_happy_session_01
6.916,0.0811913974268275,happy,subject_02,subject_02_happy_session_01
6.92,0.1446646867257144,happy,subject_02,subject_02_happy_session_01
6.924,0.11292487847744004,happy,subject_02,subject_02_happy_session_01
6.928,0.0700575470492441,happy,subject_02,subject_02_happy_session_01
6.932,0.07047085441672997,happy,subject_02,subject_02_happy_session_01
6.936,0.10948381586707619,happy,subject_02,subject_02_happy_session_01
6.94,0.03532563168107215,happy,subject_02,subject_02_happy_session_01
6.944,0.016874790203640987,happy,subject_02,subject_02_happy_session_01
6.948,0.05394514687825988,happy,subject_02,subject_02_happy_session_01
6.952,0.056304207528636484,happy,subject_02,subject_02_happy_session_01
6.956,0.055241180847876006,happy,subject_02,subject_02_happy_session_01
6.96,0.06398275286664629,happy,subject_02,subject_02_happy_session_01
6.964,0.006803967758622048,happy,subject_02,subject_02_happy_session_01
6.968,-0.018830189263040083,happy,subject_02,subject_02_happy_session_01
6.972,0.008630623240727546,happy,subject_02,subject_02_happy_session_01
6.976,0.04869271485948733,happy,subject_02,subject_02_happy_session_01
6.98,-0.004085858468673757,happy,subject_02,subject_02_happy_session_01
6.984,-0.039044243711586296,happy,subject_02,subject_02_happy_session_01
6.988,0.03473885791662887,happy,subject_02,subject_02_happy_session_01
6.992,0.011452824967239726,happy,subject_02,subject_02_happy_session_01
6.996,-0.027013786686275833,happy,subject_02,subject_02_happy_session_01
7.0,0.0386443877882663,happy,subject_02,subject_02_happy_session_01
7.004,0.025530515428782843,happy,subject_02,subject_02_happy_session_01
7.008,0.1010532967209255,happy,subject_02,subject_02_happy_session_01
7.012,0.04909437280809412,happy,subject_02,subject_02_happy_session_01
7.016,0.07024163611803638,happy,subject_02,subject_02_happy_session_01
7.02,0.05292116102536489,happy,subject_02,subject_02_happy_session_01
7.024,0.03635213102822637,happy,subject_02,subject_02_happy_session_01
7.028,0.04377911743903648,happy,subject_02,subject_02_happy_session_01
7.032,0.1019912531681267,happy,subject_02,subject_02_happy_session_01
7.036,0.09327287641948544,happy,subject_02,subject_02_happy_session_01
7.04,0.01747723963012819,happy,subject_02,subject_02_happy_session_01
7.044,0.02781018245860592,happy,subject_02,subject_02_happy_session_01
7.048,0.031069310873171115,happy,subject_02,subject_02_happy_session_01
7.052,0.11057557240656316,happy,subject_02,subject_02_happy_session_01
7.056,0.012812404468198674,happy,subject_02,subject_02_happy_session_01
7.06,0.10015177042103429,happy,subject_02,subject_02_happy_session_01
7.064,0.08505882192299066,happy,subject_02,subject_02_happy_session_01
7.068,0.0740442480972621,happy,subject_02,subject_02_happy_session_01
7.072,0.04947651636830697,happy,subject_02,subject_02_happy_session_01
7.076,0.10414870154167101,happy,subject_02,subject_02_happy_session_01
7.08,0.06249256424913226,happy,subject_02,subject_02_happy_session_01
7.084,0.0034852539807822616,happy,subject_02,subject_02_happy_session_01
7.088,0.006772014278682133,happy,subject_02,subject_02_happy_session_01
7.092,-0.013546243784755337,happy,subject_02,subject_02_happy_session_01
7.096,0.08069369208763517,happy,subject_02,subject_02_happy_session_01
7.1,0.08309448688064064,happy,subject_02,subject_02_happy_session_01
7.104,0.06581857731331847,happy,subject_02,subject_02_happy_session_01
7.108,0.017413703503164304,happy,subject_02,subject_02_happy_session_01
7.112,-0.0327314567130012,happy,subject_02,subject_02_happy_session_01
7.116,-0.024723317892233185,happy,subject_02,subject_02_happy_session_01
7.12,-0.027209351550715986,happy,subject_02,subject_02_happy_session_01
7.124,0.0013356550296434507,happy,subject_02,subject_02_happy_session_01
7.128,0.04735815276148267,happy,subject_02,subject_02_happy_session_01
7.132,0.04343129213953209,happy,subject_02,subject_02_happy_session_01
7.136,-0.02551658106084703,happy,subject_02,subject_02_happy_session_01
7.14,-0.08978094865913815,happy,subject_02,subject_02_happy_session_01
7.144,-0.0550740263539521,happy,subject_02,subject_02_happy_session_01
7.148,0.024978326746867147,happy,subject_02,subject_02_happy_session_01
7.152,-0.010593367483665439,happy,subject_02,subject_02_happy_session_01
7.156,-0.03293243216709349,happy,subject_02,subject_02_happy_session_01
7.16,-0.036888537553990755,happy,subject_02,subject_02_happy_session_01
7.164,-0.04955379987186209,happy,subject_02,subject_02_happy_session_01
7.168,-0.0664631867168706,happy,subject_02,subject_02_happy_session_01
7.172,0.04732174405535605,happy,subject_02,subject_02_happy_session_01
7.176,0.034227821074742565,happy,subject_02,subject_02_happy_session_01
7.18,-0.05531660819952541,happy,subject_02,subject_02_happy_session_01
7.184,-0.08861287234708669,happy,subject_02,subject_02_happy_session_01
7.188,-0.02228350883169017,happy,subject_02,subject_02_happy_session_01
7.192,-0.03503379134572034,happy,subject_02,subject_02_happy_session_01
7.196,-0.010727939087981742,happy,subject_02,subject_02_happy_session_01
7.2,-0.006967641980312349,happy,subject_02,subject_02_happy_session_01
7.204,-0.08245276112306002,happy,subject_02,subject_02_happy_session_01
7.208,0.001015756474032646,happy,subject_02,subject_02_happy_session_01
7.212,-0.05084228307446852,happy,subject_02,subject_02_happy_session_01
7.216,0.00302829169330213,happy,subject_02,subject_02_happy_session_01
7.22,0.015463922489765006,happy,subject_02,subject_02_happy_session_01
7.224,0.12804697569383744,happy,subject_02,subject_02_happy_session_01
7.228,0.11391489207278244,happy,subject_02,subject_02_happy_session_01
7.232,0.34911213205527253,happy,subject_02,subject_02_happy_session_01
7.236,0.4378820989147248,happy,subject_02,subject_02_happy_session_01
7.24,0.6178433124135579,happy,subject_02,subject_02_happy_session_01
7.244,0.7969902560083663,happy,subject_02,subject_02_happy_session_01
7.248,0.838285721012546,happy,subject_02,subject_02_happy_session_01
7.252,0.9071167131768059,happy,subject_02,subject_02_happy_session_01
7.256,0.9536478043522856,happy,subject_02,subject_02_happy_session_01
7.26,0.9248806763950771,happy,subject_02,subject_02_happy_session_01
7.264,0.8266809271466486,happy,subject_02,subject_02_happy_session_01
7.268,0.7490105098912527,happy,subject_02,subject_02_happy_session_01
7.272,0.6046413116293218,happy,subject_02,subject_02_happy_session_01
7.276,0.45712564841632536,happy,subject_02,subject_02_happy_session_01
7.28,0.2582570989976904,happy,subject_02,subject_02_happy_session_01
7.284,0.11817331862807279,happy,subject_02,subject_02_happy_session_01
7.288,0.03955811198597241,happy,subject_02,subject_02_happy_session_01
7.292,-0.03945410510478446,happy,subject_02,subject_02_happy_session_01
7.296,-0.08124010905516112,happy,subject_02,subject_02_happy_session_01
7.3,-0.11374226410509436,happy,subject_02,subject_02_happy_session_01
7.304,-0.07425660221641193,happy,subject_02,subject_02_happy_session_01
7.308,-0.1051621645658675,happy,subject_02,subject_02_happy_session_01
7.312,-0.05931031814565934,happy,subject_02,subject_02_happy_session_01
7.316,-0.04963991322181418,happy,subject_02,subject_02_happy_session_01
7.32,-0.027101465693976926,happy,subject_02,subject_02_happy_session_01
7.324,0.025099694539262096,happy,subject_02,subject_02_happy_session_01
7.328,-0.05562991015286363,happy,subject_02,subject_02_happy_session_01
7.332,-0.08839621047272098,happy,subject_02,subject_02_happy_session_01
7.336,-0.02157947161469382,happy,subject_02,subject_02_happy_session_01
7.34,-0.0375813770882571,happy,subject_02,subject_02_happy_session_01
7.344,-0.09929450408729698,happy,subject_02,subject_02_happy_session_01
7.348,0.0708095616708713,happy,subject_02,subject_02_happy_session_01
7.352,0.03302855582139712,happy,subject_02,subject_02_happy_session_01
7.356,0.04078790568011801,happy,subject_02,subject_02_happy_session_01
7.36,0.01171048613338717,happy,subject_02,subject_02_happy_session_01
7.364,0.04096931855827012,happy,subject_02,subject_02_happy_session_01
7.368,0.01626556841353788,happy,subject_02,subject_02_happy_session_01
7.372,0.06465609488721652,happy,subject_02,subject_02_happy_session_01
7.376,0.04814745544966049,happy,subject_02,subject_02_happy_session_01
7.38,0.04590196045918175,happy,subject_02,subject_02_happy_session_01
7.384,0.05446191755213604,happy,subject_02,subject_02_happy_session_01
7.388,0.11056958158329254,happy,subject_02,subject_02_happy_session_01
7.392,0.07156390421683795,happy,subject_02,subject_02_happy_session_01
7.396,0.036334470072544416,happy,subject_02,subject_02_happy_session_01
7.4,0.09101902612765972,happy,subject_02,subject_02_happy_session_01
7.404,0.10344859285010292,happy,subject_02,subject_02_happy_session_01
7.408,0.08852273245644522,happy,subject_02,subject_02_happy_session_01
7.412,0.09916942348374443,happy,subject_02,subject_02_happy_session_01
7.416,0.07120264869320717,happy,subject_02,subject_02_happy_session_01
7.42,0.11953582751136363,happy,subject_02,subject_02_happy_session_01
7.424,0.08130664045811506,happy,subject_02,subject_02_happy_session_01
7.428,0.1227332666617865,happy,subject_02,subject_02_happy_session_01
7.432,0.11576488531618678,happy,subject_02,subject_02_happy_session_01
7.436,0.18121799331665753,happy,subject_02,subject_02_happy_session_01
7.44,0.20859273426341263,happy,subject_02,subject_02_happy_session_01
7.444,0.12168311139191833,happy,subject_02,subject_02_happy_session_01
7.448,0.16878101527639305,happy,subject_02,subject_02_happy_session_01
7.452,0.16506387602175787,happy,subject_02,subject_02_happy_session_01
7.456,0.19889803350809512,happy,subject_02,subject_02_happy_session_01
7.46,0.19241751290194492,happy,subject_02,subject_02_happy_session_01
7.464,0.181546043396972,happy,subject_02,subject_02_happy_session_01
7.468,0.20404944122534815,happy,subject_02,subject_02_happy_session_01
7.472,0.19849023285142434,happy,subject_02,subject_02_happy_session_01
7.476,0.2663928028675482,happy,subject_02,subject_02_happy_session_01
7.48,0.1872678806525227,happy,subject_02,subject_02_happy_session_01
7.484,0.22780243413651555,happy,subject_02,subject_02_happy_session_01
7.488,0.23981879728415456,happy,subject_02,subject_02_happy_session_01
7.492,0.23994340626216384,happy,subject_02,subject_02_happy_session_01
7.496,0.21619114509886672,happy,subject_02,subject_02_happy_session_01
7.5,0.27591889983008067,happy,subject_02,subject_02_happy_session_01
7.504,0.15571232736387053,happy,subject_02,subject_02_happy_session_01
7.508,0.19070639952388949,happy,subject_02,subject_02_happy_session_01
7.512,0.25176673342059563,happy,subject_02,subject_02_happy_session_01
7.516,0.19666674799950862,happy,subject_02,subject_02_happy_session_01
7.52,0.19294154131307456,happy,subject_02,subject_02_happy_session_01
7.524,0.20716011495816558,happy,subject_02,subject_02_happy_session_01
7.528,0.19315861295620335,happy,subject_02,subject_02_happy_session_01
7.532,0.23954205277496407,happy,subject_02,subject_02_happy_session_01
7.536,0.24495547214343538,happy,subject_02,subject_02_happy_session_01
7.54,0.21194876604488724,happy,subject_02,subject_02_happy_session_01
7.544,0.2408578752842425,happy,subject_02,subject_02_happy_session_01
7.548,0.15007638479025948,happy,subject_02,subject_02_happy_session_01
7.552,0.19551883307682574,happy,subject_02,subject_02_happy_session_01
7.556,0.2339480498364121,happy,subject_02,subject_02_happy_session_01
7.56,0.21455420053451615,happy,subject_02,subject_02_happy_session_01
7.564,0.2239599809854434,happy,subject_02,subject_02_happy_session_01
7.568,0.1461385419806204,happy,subject_02,subject_02_happy_session_01
7.572,0.1918119531863423,happy,subject_02,subject_02_happy_session_01
7.576,0.1375579738660661,happy,subject_02,subject_02_happy_session_01
7.58,0.16601986984085135,happy,subject_02,subject_02_happy_session_01
7.584,0.18371872546583096,happy,subject_02,subject_02_happy_session_01
7.588,0.10269241485342383,happy,subject_02,subject_02_happy_session_01
7.592,0.058221462842636615,happy,subject_02,subject_02_happy_session_01
7.596,0.18061072569727613,happy,subject_02,subject_02_happy_session_01
7.6,0.1259293592212285,happy,subject_02,subject_02_happy_session_01
7.604,0.09816335923076445,happy,subject_02,subject_02_happy_session_01
7.608,0.08951464152845628,happy,subject_02,subject_02_happy_session_01
7.612,0.015338916755514881,happy,subject_02,subject_02_happy_session_01
7.616,0.08981768079505122,happy,subject_02,subject_02_happy_session_01
7.62,0.05807248849477969,happy,subject_02,subject_02_happy_session_01
7.624,0.0729700617384314,happy,subject_02,subject_02_happy_session_01
7.628,0.06708226232731188,happy,subject_02,subject_02_happy_session_01
7.632,-0.05687818975368936,happy,subject_02,subject_02_happy_session_01
7.636,0.07428036026867155,happy,subject_02,subject_02_happy_session_01
7.64,0.060032908256218556,happy,subject_02,subject_02_happy_session_01
7.644,0.061549998410015724,happy,subject_02,subject_02_happy_session_01
7.648,0.041188566986669534,happy,subject_02,subject_02_happy_session_01
7.652,0.04727246114979136,happy,subject_02,subject_02_happy_session_01
7.656,0.05015761504826449,happy,subject_02,subject_02_happy_session_01
7.66,0.05286707621746285,happy,subject_02,subject_02_happy_session_01
7.664,0.059686169741317775,happy,subject_02,subject_02_happy_session_01
7.668,0.05332083671084486,happy,subject_02,subject_02_happy_session_01
7.672,0.10914578224493268,happy,subject_02,subject_02_happy_session_01
7.676,0.02054993565840544,happy,subject_02,subject_02_happy_session_01
7.68,0.03493138483790403,happy,subject_02,subject_02_happy_session_01
7.684,0.10989503649916371,happy,subject_02,subject_02_happy_session_01
7.688,0.048250997386857356,happy,subject_02,subject_02_happy_session_01
7.692,0.08965338259372066,happy,subject_02,subject_02_happy_session_01
7.696,0.06545494257668934,happy,subject_02,subject_02_happy_session_01
7.7,0.05659651623189253,happy,subject_02,subject_02_happy_session_01
7.704,0.10303908851582444,happy,subject_02,subject_02_happy_session_01
7.708,0.09060425035293768,happy,subject_02,subject_02_happy_session_01
7.712,0.022589602737440304,happy,subject_02,subject_02_happy_session_01
7.716,0.08594697754821366,happy,subject_02,subject_02_happy_session_01
7.72,0.04831265240945618,happy,subject_02,subject_02_happy_session_01
7.724,0.13046802281930747,happy,subject_02,subject_02_happy_session_01
7.728,0.14967598350336533,happy,subject_02,subject_02_happy_session_01
7.732,0.15562124747529488,happy,subject_02,subject_02_happy_session_01
7.736,0.10362575554082284,happy,subject_02,subject_02_happy_session_01
7.74,0.07534356832765883,happy,subject_02,subject_02_happy_session_01
7.744,0.10242551488665476,happy,subject_02,subject_02_happy_session_01
7.748,0.057212890235651556,happy,subject_02,subject_02_happy_session_01
7.752,0.17042160836475567,happy,subject_02,subject_02_happy_session_01
7.756,0.12767532200276077,happy,subject_02,subject_02_happy_session_01
7.76,0.0934406584349104,happy,subject_02,subject_02_happy_session_01
7.764,0.11401681394597567,happy,subject_02,subject_02_happy_session_01
7.768,0.057750952064863394,happy,subject_02,subject_02_happy_session_01
7.772,0.03161148592604067,happy,subject_02,subject_02_happy_session_01
7.776,-0.011967312228539168,happy,subject_02,subject_02_happy_session_01
7.78,0.06328111337039326,happy,subject_02,subject_02_happy_session_01
7.784,0.047830346963294745,happy,subject_02,subject_02_happy_session_01
7.788,0.06798648519072187,happy,subject_02,subject_02_happy_session_01
7.792,0.04500277285607516,happy,subject_02,subject_02_happy_session_01
7.796,0.05597982986715727,happy,subject_02,subject_02_happy_session_01
7.8,0.06281218835717466,happy,subject_02,subject_02_happy_session_01
7.804,-0.0214133476379826,happy,subject_02,subject_02_happy_session_01
7.808,0.055656810209083835,happy,subject_02,subject_02_happy_session_01
7.812,0.0068849468101872275,happy,subject_02,subject_02_happy_session_01
7.816,0.03544105275021664,happy,subject_02,subject_02_happy_session_01
7.82,0.049667545745959524,happy,subject_02,subject_02_happy_session_01
7.824,0.046828326800052875,happy,subject_02,subject_02_happy_session_01
7.828,0.012602581961816666,happy,subject_02,subject_02_happy_session_01
7.832,0.011941219365994925,happy,subject_02,subject_02_happy_session_01
7.836,0.034846843232763394,happy,subject_02,subject_02_happy_session_01
7.84,-0.05067407067087987,happy,subject_02,subject_02_happy_session_01
7.844,-0.032923109029400224,happy,subject_02,subject_02_happy_session_01
7.848,-0.01062439375448604,happy,subject_02,subject_02_happy_session_01
7.852,-0.04850462497214201,happy,subject_02,subject_02_happy_session_01
7.856,-0.012174454588367639,happy,subject_02,subject_02_happy_session_01
7.86,-0.01472737444470933,happy,subject_02,subject_02_happy_session_01
7.864,-0.000780327349213298,happy,subject_02,subject_02_happy_session_01
7.868,-0.006324413274699793,happy,subject_02,subject_02_happy_session_01
7.872,0.032412988397649334,happy,subject_02,subject_02_happy_session_01
7.876,0.013839594087101923,happy,subject_02,subject_02_happy_session_01
7.88,-0.010890654253933972,happy,subject_02,subject_02_happy_session_01
7.884,-0.02359556313765164,happy,subject_02,subject_02_happy_session_01
7.888,-0.018114799531811616,happy,subject_02,subject_02_happy_session_01
7.892,-0.021097278467927853,happy,subject_02,subject_02_happy_session_01
7.896,0.06966441244540628,happy,subject_02,subject_02_happy_session_01
7.9,-0.05616225565609199,happy,subject_02,subject_02_happy_session_01
7.904,-0.004619880767713427,happy,subject_02,subject_02_happy_session_01
7.908,0.04958974389551664,happy,subject_02,subject_02_happy_session_01
7.912,0.18563561446397128,happy,subject_02,subject_02_happy_session_01
7.916,0.3013605035743592,happy,subject_02,subject_02_happy_session_01
7.92,0.41152343252376616,happy,subject_02,subject_02_happy_session_01
7.924,0.6111760539673846,happy,subject_02,subject_02_happy_session_01
7.928,0.7369633370492398,happy,subject_02,subject_02_happy_session_01
7.932,0.8819275373952242,happy,subject_02,subject_02_happy_session_01
7.936,0.9827675076509232,happy,subject_02,subject_02_happy_session_01
7.94,0.9126024136656092,happy,subject_02,subject_02_happy_session_01
7.944,1.0061370479869125,happy,subject_02,subject_02_happy_session_01
7.948,0.8800557632225878,happy,subject_02,subject_02_happy_session_01
7.952,0.8313419825296551,happy,subject_02,subject_02_happy_session_01
7.956,0.6835243533352504,happy,subject_02,subject_02_happy_session_01
7.96,0.5298135359601388,happy,subject_02,subject_02_happy_session_01
7.964,0.3312685306474999,happy,subject_02,subject_02_happy_session_01
7.968,0.26500142834881424,happy,subject_02,subject_02_happy_session_01
7.972,0.06403476115346896,happy,subject_02,subject_02_happy_session_01
7.976,0.0474258829881514,happy,subject_02,subject_02_happy_session_01
7.98,-0.08393041760764136,happy,subject_02,subject_02_happy_session_01
7.984,-0.06000525633076912,happy,subject_02,subject_02_happy_session_01
7.988,0.0004504545306409785,happy,subject_02,subject_02_happy_session_01
7.992,0.030398131786584917,happy,subject_02,subject_02_happy_session_01
7.996,-0.09240347860126957,happy,subject_02,subject_02_happy_session_01
8.0,-0.043392969241325394,happy,subject_02,subject_02_happy_session_01
8.004,-0.02255126252184389,happy,subject_02,subject_02_happy_session_01
8.008,0.08566570797857155,happy,subject_02,subject_02_happy_session_01
8.012,0.012226020213991964,happy,subject_02,subject_02_happy_session_01
8.016,0.057883120438939,happy,subject_02,subject_02_happy_session_01
8.02,0.035093687103197824,happy,subject_02,subject_02_happy_session_01
8.024,-0.013661858177159016,happy,subject_02,subject_02_happy_session_01
8.028,-0.03326414258261367,happy,subject_02,subject_02_happy_session_01
8.032,0.01394450243215227,happy,subject_02,subject_02_happy_session_01
8.036,0.12024414730740779,happy,subject_02,subject_02_happy_session_01
8.04,0.05215438520741223,happy,subject_02,subject_02_happy_session_01
8.044,0.08428418698647758,happy,subject_02,subject_02_happy_session_01
8.048,0.0022563284634329467,happy,subject_02,subject_02_happy_session_01
8.052,0.04530187316538699,happy,subject_02,subject_02_happy_session_01
8.056,0.08901233238875392,happy,subject_02,subject_02_happy_session_01
8.06,0.02890819409523008,happy,subject_02,subject_02_happy_session_01
8.064,0.07048193422122266,happy,subject_02,subject_02_happy_session_01
8.068,0.04782126694611949,happy,subject_02,subject_02_happy_session_01
8.072,0.11369359486772637,happy,subject_02,subject_02_happy_session_01
8.076,0.10512463869158581,happy,subject_02,subject_02_happy_session_01
8.08,0.12174315342918449,happy,subject_02,subject_02_happy_session_01
8.084,0.13518457466547842,happy,subject_02,subject_02_happy_session_01
8.088,0.10380616011330503,happy,subject_02,subject_02_happy_session_01
8.092,0.15414973646318023,happy,subject_02,subject_02_happy_session_01
8.096,0.10581341274992628,happy,subject_02,subject_02_happy_session_01
8.1,0.1559121986045103,happy,subject_02,subject_02_happy_session_01
8.104,0.0726850528035664,happy,subject_02,subject_02_happy_session_01
8.108,0.12327244241190603,happy,subject_02,subject_02_happy_session_01
8.112,0.23820975351423485,happy,subject_02,subject_02_happy_session_01
8.116,0.1863012195951689,happy,subject_02,subject_02_happy_session_01
8.12,0.19403319964177237,happy,subject_02,subject_02_happy_session_01
8.124,0.15143810737221647,happy,subject_02,subject_02_happy_session_01
8.128,0.14949283149642653,happy,subject_02,subject_02_happy_session_01
8.132,0.18588812012565858,happy,subject_02,subject_02_happy_session_01
8.136,0.19993355320982212,happy,subject_02,subject_02_happy_session_01
8.14,0.27618047099284615,happy,subject_02,subject_02_happy_session_01
8.144,0.2514341473209228,happy,subject_02,subject_02_happy_session_01
8.148,0.22584513482022683,happy,subject_02,subject_02_happy_session_01
8.152,0.23021768904173606,happy,subject_02,subject_02_happy_session_01
8.156,0.259922614160561,happy,subject_02,subject_02_happy_session_01
8.16,0.19224798664652945,happy,subject_02,subject_02_happy_session_01
8.164,0.17569088951985634,happy,subject_02,subject_02_happy_session_01
8.168,0.27297207442976024,happy,subject_02,subject_02_happy_session_01
8.172,0.2529446294827455,happy,subject_02,subject_02_happy_session_01
8.176,0.2074021166743725,happy,subject_02,subject_02_happy_session_01
8.18,0.18231862870302099,happy,subject_02,subject_02_happy_session_01
8.184,0.2886335118338127,happy,subject_02,subject_02_happy_session_01
8.188,0.24018651618364595,happy,subject_02,subject_02_happy_session_01
8.192,0.2729200785502075,happy,subject_02,subject_02_happy_session_01
8.196,0.24952442707875427,happy,subject_02,subject_02_happy_session_01
8.2,0.256780315835982,happy,subject_02,subject_02_happy_session_01
8.204,0.2358573005526944,happy,subject_02,subject_02_happy_session_01
8.208,0.25191209713294466,happy,subject_02,subject_02_happy_session_01
8.212,0.27220401659130156,happy,subject_02,subject_02_happy_session_01
8.216,0.23920548238255038,happy,subject_02,subject_02_happy_session_01
8.22,0.23351408372371776,happy,subject_02,subject_02_happy_session_01
8.224,0.2622191462043407,happy,subject_02,subject_02_happy_session_01
8.228,0.259860977766624,happy,subject_02,subject_02_happy_session_01
8.232,0.19131332967850756,happy,subject_02,subject_02_happy_session_01
8.236,0.22456307546606064,happy,subject_02,subject_02_happy_session_01
8.24,0.20132058396578018,happy,subject_02,subject_02_happy_session_01
8.244,0.21387907730327793,happy,subject_02,subject_02_happy_session_01
8.248,0.25704645590048486,happy,subject_02,subject_02_happy_session_01
8.252,0.21263594669499142,happy,subject_02,subject_02_happy_session_01
8.256,0.26883546488686794,happy,subject_02,subject_02_happy_session_01
8.26,0.19363271284069572,happy,subject_02,subject_02_happy_session_01
8.264,0.17287101976566846,happy,subject_02,subject_02_happy_session_01
8.268,0.17069323352273982,happy,subject_02,subject_02_happy_session_01
8.272,0.16903841678575354,happy,subject_02,subject_02_happy_session_01
8.276,0.1680333382249892,happy,subject_02,subject_02_happy_session_01
8.28,0.1147677570648428,happy,subject_02,subject_02_happy_session_01
8.284,0.13418719897898493,happy,subject_02,subject_02_happy_session_01
8.288,0.11000463205893815,happy,subject_02,subject_02_happy_session_01
8.292,0.16459602510737537,happy,subject_02,subject_02_happy_session_01
8.296,0.05459145657994892,happy,subject_02,subject_02_happy_session_01
8.3,0.1211809457428678,happy,subject_02,subject_02_happy_session_01
8.304,0.05656005820113168,happy,subject_02,subject_02_happy_session_01
8.308,0.11917573950766812,happy,subject_02,subject_02_happy_session_01
8.312,0.08481866667692908,happy,subject_02,subject_02_happy_session_01
8.316,0.03034281117167699,happy,subject_02,subject_02_happy_session_01
8.32,0.12251097424662202,happy,subject_02,subject_02_happy_session_01
8.324,-0.002453271534339746,happy,subject_02,subject_02_happy_session_01
8.328,0.08112408675180315,happy,subject_02,subject_02_happy_session_01
8.332,0.1035633277467228,happy,subject_02,subject_02_happy_session_01
8.336,0.12527430722686378,happy,subject_02,subject_02_happy_session_01
8.34,0.019039635269160804,happy,subject_02,subject_02_happy_session_01
8.344,0.056244770428562456,happy,subject_02,subject_02_happy_session_01
8.348,0.11175593658871591,happy,subject_02,subject_02_happy_session_01
8.352,0.11425599058310507,happy,subject_02,subject_02_happy_session_01
8.356,0.11952602024089268,happy,subject_02,subject_02_happy_session_01
8.36,0.16567651408174067,happy,subject_02,subject_02_happy_session_01
8.364,0.06009158876629304,happy,subject_02,subject_02_happy_session_01
8.368,0.09331549662359892,happy,subject_02,subject_02_happy_session_01
8.372,0.07102095009660142,happy,subject_02,subject_02_happy_session_01
8.376,0.017233435731072666,happy,subject_02,subject_02_happy_session_01
8.38,0.08676374912160113,happy,subject_02,subject_02_happy_session_01
8.384,0.023890662929742748,happy,subject_02,subject_02_happy_session_01
8.388,0.07937642697236451,happy,subject_02,subject_02_happy_session_01
8.392,0.05016208191706264,happy,subject_02,subject_02_happy_session_01
8.396,0.12077368074429069,happy,subject_02,subject_02_happy_session_01
8.4,0.08184767667512029,happy,subject_02,subject_02_happy_session_01
8.404,0.050006943050543276,happy,subject_02,subject_02_happy_session_01
8.408,0.14579058095914899,happy,subject_02,subject_02_happy_session_01
8.412,0.09688246476712253,happy,subject_02,subject_02_happy_session_01
8.416,0.10484844722940044,happy,subject_02,subject_02_happy_session_01
8.42,0.08707886749766897,happy,subject_02,subject_02_happy_session_01
8.424,0.16216580943811526,happy,subject_02,subject_02_happy_session_01
8.428,0.13135071168043244,happy,subject_02,subject_02_happy_session_01
8.432,0.09963156990659724,happy,subject_02,subject_02_happy_session_01
8.436,0.05258347314056841,happy,subject_02,subject_02_happy_session_01
8.44,0.20523377394543985,happy,subject_02,subject_02_happy_session_01
8.444,0.18376945949925638,happy,subject_02,subject_02_happy_session_01
8.448,0.16153036651989217,happy,subject_02,subject_02_happy_session_01
8.452,0.08241144739525201,happy,subject_02,subject_02_happy_session_01
8.456,0.08504120993283332,happy,subject_02,subject_02_happy_session_01
8.46,0.11178899931274586,happy,subject_02,subject_02_happy_session_01
8.464,0.06140404184033896,happy,subject_02,subject_02_happy_session_01
8.468,0.05280848321929194,happy,subject_02,subject_02_happy_session_01
8.472,0.13315238568852586,happy,subject_02,subject_02_happy_session_01
8.476,0.07484200156115796,happy,subject_02,subject_02_happy_session_01
8.48,0.03232915385415542,happy,subject_02,subject_02_happy_session_01
8.484,0.09977520794243011,happy,subject_02,subject_02_happy_session_01
8.488,0.04146820529348441,happy,subject_02,subject_02_happy_session_01
8.492,-0.012334563580562716,happy,subject_02,subject_02_happy_session_01
8.496,0.012916588300623408,happy,subject_02,subject_02_happy_session_01
8.5,0.030581315995531246,happy,subject_02,subject_02_happy_session_01
8.504,0.052728867831463015,happy,subject_02,subject_02_happy_session_01
8.508,0.04776794277868274,happy,subject_02,subject_02_happy_session_01
8.512,0.08180938805582294,happy,subject_02,subject_02_happy_session_01
8.516,0.027966005686642974,happy,subject_02,subject_02_happy_session_01
8.52,0.017718384179822112,happy,subject_02,subject_02_happy_session_01
8.524,0.07565662499471446,happy,subject_02,subject_02_happy_session_01
8.528,0.06468494424696603,happy,subject_02,subject_02_happy_session_01
8.532,0.021571534015325154,happy,subject_02,subject_02_happy_session_01
8.536,0.03811139397846913,happy,subject_02,subject_02_happy_session_01
8.54,0.010310922210108334,happy,subject_02,subject_02_happy_session_01
8.544,-0.014491871075192706,happy,subject_02,subject_02_happy_session_01
8.548,0.10246318888948673,happy,subject_02,subject_02_happy_session_01
8.552,0.006036388163799734,happy,subject_02,subject_02_happy_session_01
8.556,0.0346874379884652,happy,subject_02,subject_02_happy_session_01
8.56,-0.02967695101038459,happy,subject_02,subject_02_happy_session_01
8.564,0.047340370925422266,happy,subject_02,subject_02_happy_session_01
8.568,-0.023675777973964172,happy,subject_02,subject_02_happy_session_01
8.572,0.07295320945333994,happy,subject_02,subject_02_happy_session_01
8.576,0.0727235268620758,happy,subject_02,subject_02_happy_session_01
8.58,0.028330814610398516,happy,subject_02,subject_02_happy_session_01
8.584,0.020128054908566107,happy,subject_02,subject_02_happy_session_01
8.588,0.03353336381530321,happy,subject_02,subject_02_happy_session_01
8.592,0.08634130788302138,happy,subject_02,subject_02_happy_session_01
8.596,0.17915987458477536,happy,subject_02,subject_02_happy_session_01
8.6,0.2741815628198538,happy,subject_02,subject_02_happy_session_01
8.604,0.4361356259068348,happy,subject_02,subject_02_happy_session_01
8.608,0.5153057915697729,happy,subject_02,subject_02_happy_session_01
8.612,0.7484934095900281,happy,subject_02,subject_02_happy_session_01
8.616,0.8147967020848915,happy,subject_02,subject_02_happy_session_01
8.62,0.910154383111797,happy,subject_02,subject_02_happy_session_01
8.624,1.0147895878676916,happy,subject_02,subject_02_happy_session_01
8.628,1.0332417620971381,happy,subject_02,subject_02_happy_session_01
8.632,0.9211752840897149,happy,subject_02,subject_02_happy_session_01
8.636,0.8798314151476948,happy,subject_02,subject_02_happy_session_01
8.64,0.6961069983205038,happy,subject_02,subject_02_happy_session_01
8.644,0.598790998657991,happy,subject_02,subject_02_happy_session_01
8.648,0.4417232943990358,happy,subject_02,subject_02_happy_session_01
8.652,0.32278110086510214,happy,subject_02,subject_02_happy_session_01
8.656,0.15378769561648659,happy,subject_02,subject_02_happy_session_01
8.66,0.06059600402019931,happy,subject_02,subject_02_happy_session_01
8.664,0.05721407594362141,happy,subject_02,subject_02_happy_session_01
8.668,0.04694309510286723,happy,subject_02,subject_02_happy_session_01
8.672,-0.06898059868503738,happy,subject_02,subject_02_happy_session_01
8.676,0.004699351959650641,happy,subject_02,subject_02_happy_session_01
8.68,-0.002638938998239096,happy,subject_02,subject_02_happy_session_01
8.684,-0.05985147884525156,happy,subject_02,subject_02_happy_session_01
8.688,-0.011061993718624607,happy,subject_02,subject_02_happy_session_01
8.692,-0.0770258359896201,happy,subject_02,subject_02_happy_session_01
8.696,0.04922345328846883,happy,subject_02,subject_02_happy_session_01
8.7,0.006547816131787204,happy,subject_02,subject_02_happy_session_01
8.704,0.053590674252465366,happy,subject_02,subject_02_happy_session_01
8.708,0.142676954277167,happy,subject_02,subject_02_happy_session_01
8.712,0.11190408508514847,happy,subject_02,subject_02_happy_session_01
8.716,0.032723841149342424,happy,subject_02,subject_02_happy_session_01
8.72,0.02782374869291706,happy,subject_02,subject_02_happy_session_01
8.724,0.11216233344607646,happy,subject_02,subject_02_happy_session_01
8.728,0.035766657184780636,happy,subject_02,subject_02_happy_session_01
8.732,0.1099165457082247,happy,subject_02,subject_02_happy_session_01
8.736,0.1755484287254797,happy,subject_02,subject_02_happy_session_01
8.74,0.10827542070503576,happy,subject_02,subject_02_happy_session_01
8.744,0.13119639188033375,happy,subject_02,subject_02_happy_session_01
8.748,0.13253295021228165,happy,subject_02,subject_02_happy_session_01
8.752,0.08132132250136598,happy,subject_02,subject_02_happy_session_01
8.756,0.11690970811380594,happy,subject_02,subject_02_happy_session_01
8.76,0.07946740735694427,happy,subject_02,subject_02_happy_session_01
8.764,0.16452431136960421,happy,subject_02,subject_02_happy_session_01
8.768,0.08806151545263179,happy,subject_02,subject_02_happy_session_01
8.772,0.15745219130524274,happy,subject_02,subject_02_happy_session_01
8.776,0.17959651279462774,happy,subject_02,subject_02_happy_session_01
8.78,0.1300166089198939,happy,subject_02,subject_02_happy_session_01
8.784,0.1293698128310905,happy,subject_02,subject_02_happy_session_01
8.788,0.15616001253170853,happy,subject_02,subject_02_happy_session_01
8.792,0.13844137562750347,happy,subject_02,subject_02_happy_session_01
8.796,0.1827763348595343,happy,subject_02,subject_02_happy_session_01
8.8,0.1528469967515097,happy,subject_02,subject_02_happy_session_01
8.804,0.16299450153138026,happy,subject_02,subject_02_happy_session_01
8.808,0.21924322528151968,happy,subject_02,subject_02_happy_session_01
8.812,0.22915727831328045,happy,subject_02,subject_02_happy_session_01
8.816,0.20456209482261956,happy,subject_02,subject_02_happy_session_01
8.82,0.1643110000961977,happy,subject_02,subject_02_happy_session_01
8.824,0.2697819944690021,happy,subject_02,subject_02_happy_session_01
8.828,0.21969630008086083,happy,subject_02,subject_02_happy_session_01
8.832,0.3138400620237761,happy,subject_02,subject_02_happy_session_01
8.836,0.2429329247250366,happy,subject_02,subject_02_happy_session_01
8.84,0.2578263183965578,happy,subject_02,subject_02_happy_session_01
8.844,0.24303203662061323,happy,subject_02,subject_02_happy_session_01
8.848,0.27125865394352333,happy,subject_02,subject_02_happy_session_01
8.852,0.38850962331858874,happy,subject_02,subject_02_happy_session_01
8.856,0.2581715996450491,happy,subject_02,subject_02_happy_session_01
8.86,0.3180525163691621,happy,subject_02,subject_02_happy_session_01
8.864,0.2789667681936217,happy,subject_02,subject_02_happy_session_01
8.868,0.3186914362317005,happy,subject_02,subject_02_happy_session_01
8.872,0.21119402461486533,happy,subject_02,subject_02_happy_session_01
8.876,0.34746116769543,happy,subject_02,subject_02_happy_session_01
8.88,0.2912805655144975,happy,subject_02,subject_02_happy_session_01
8.884,0.2693030188307587,happy,subject_02,subject_02_happy_session_01
8.888,0.30900055377160884,happy,subject_02,subject_02_happy_session_01
8.892,0.280522192571179,happy,subject_02,subject_02_happy_session_01
8.896,0.23281506390115497,happy,subject_02,subject_02_happy_session_01
8.9,0.18510480624599718,happy,subject_02,subject_02_happy_session_01
8.904,0.33020678258720243,happy,subject_02,subject_02_happy_session_01
8.908,0.25434300717918823,happy,subject_02,subject_02_happy_session_01
8.912,0.2360412634415751,happy,subject_02,subject_02_happy_session_01
8.916,0.23364859445659603,happy,subject_02,subject_02_happy_session_01
8.92,0.2980974670306859,happy,subject_02,subject_02_happy_session_01
8.924,0.22375800004117544,happy,subject_02,subject_02_happy_session_01
8.928,0.25718714392923575,happy,subject_02,subject_02_happy_session_01
8.932,0.21633851198405457,happy,subject_02,subject_02_happy_session_01
8.936,0.1772856534256703,happy,subject_02,subject_02_happy_session_01
8.94,0.24568383778778322,happy,subject_02,subject_02_happy_session_01
8.944,0.24550516516487214,happy,subject_02,subject_02_happy_session_01
8.948,0.17575620275945492,happy,subject_02,subject_02_happy_session_01
8.952,0.19075928040408094,happy,subject_02,subject_02_happy_session_01
8.956,0.18798508685565085,happy,subject_02,subject_02_happy_session_01
8.96,0.19268270959462647,happy,subject_02,subject_02_happy_session_01
8.964,0.23865994230482515,happy,subject_02,subject_02_happy_session_01
8.968,0.15098114664748705,happy,subject_02,subject_02_happy_session_01
8.972,0.14354902106337367,happy,subject_02,subject_02_happy_session_01
8.976,0.1419215395513374,happy,subject_02,subject_02_happy_session_01
8.98,0.1082501855923036,happy,subject_02,subject_02_happy_session_01
8.984,0.07437464490693782,happy,subject_02,subject_02_happy_session_01
8.988,0.13304568857011884,happy,subject_02,subject_02_happy_session_01
8.992,0.14086129640846956,happy,subject_02,subject_02_happy_session_01
8.996,0.11690113440689301,happy,subject_02,subject_02_happy_session_01
9.0,0.1094315738647283,happy,subject_02,subject_02_happy_session_01
9.004,0.07541923139804392,happy,subject_02,subject_02_happy_session_01
9.008,0.11142861217648846,happy,subject_02,subject_02_happy_session_01
9.012,0.10476254690964942,happy,subject_02,subject_02_happy_session_01
9.016,0.11219433563810241,happy,subject_02,subject_02_happy_session_01
9.02,0.10421642125354029,happy,subject_02,subject_02_happy_session_01
9.024,0.10456716605515995,happy,subject_02,subject_02_happy_session_01
9.028,0.13543503956501635,happy,subject_02,subject_02_happy_session_01
9.032,0.10840777143031217,happy,subject_02,subject_02_happy_session_01
9.036,0.10491786225608966,happy,subject_02,subject_02_happy_session_01
9.04,0.027431495524737337,happy,subject_02,subject_02_happy_session_01
9.044,0.1262069195510092,happy,subject_02,subject_02_happy_session_01
9.048,0.0803913351737197,happy,subject_02,subject_02_happy_session_01
9.052,0.09559988976202546,happy,subject_02,subject_02_happy_session_01
9.056,0.05076772696397256,happy,subject_02,subject_02_happy_session_01
9.06,0.17137627857448606,happy,subject_02,subject_02_happy_session_01
9.064,0.014891791686001271,happy,subject_02,subject_02_happy_session_01
9.068,0.15709601378347526,happy,subject_02,subject_02_happy_session_01
9.072,0.12358711488715379,happy,subject_02,subject_02_happy_session_01
9.076,0.04578744769400936,happy,subject_02,subject_02_happy_session_01
9.08,0.18747971041361589,happy,subject_02,subject_02_happy_session_01
9.084,0.13778011583916822,happy,subject_02,subject_02_happy_session_01
9.088,0.040602437924867604,happy,subject_02,subject_02_happy_session_01
9.092,0.11135240171509109,happy,subject_02,subject_02_happy_session_01
9.096,0.14739497369304466,happy,subject_02,subject_02_happy_session_01
9.1,0.19066670268207225,happy,subject_02,subject_02_happy_session_01
9.104,0.11779107040838388,happy,subject_02,subject_02_happy_session_01
9.108,0.04022171773796375,happy,subject_02,subject_02_happy_session_01
9.112,0.18397542360352725,happy,subject_02,subject_02_happy_session_01
9.116,0.1496685072095051,happy,subject_02,subject_02_happy_session_01
9.12,0.05268687237214181,happy,subject_02,subject_02_happy_session_01
9.124,0.1407049657906688,happy,subject_02,subject_02_happy_session_01
9.128,0.1416187359879222,happy,subject_02,subject_02_happy_session_01
9.132,0.11113703638417671,happy,subject_02,subject_02_happy_session_01
9.136,0.08957052279993663,happy,subject_02,subject_02_happy_session_01
9.14,0.09272513812502894,happy,subject_02,subject_02_happy_session_01
9.144,0.0978212465604573,happy,subject_02,subject_02_happy_session_01
9.148,0.11646041836212764,happy,subject_02,subject_02_happy_session_01
9.152,0.1262614784747791,happy,subject_02,subject_02_happy_session_01
9.156,0.017998219721284348,happy,subject_02,subject_02_happy_session_01
9.16,0.09660359575518518,happy,subject_02,subject_02_happy_session_01
9.164,0.09924675643727042,happy,subject_02,subject_02_happy_session_01
9.168,0.08273924497557558,happy,subject_02,subject_02_happy_session_01
9.172,0.05749177940808698,happy,subject_02,subject_02_happy_session_01
9.176,0.1164437184424926,happy,subject_02,subject_02_happy_session_01
9.18,0.10918244690481724,happy,subject_02,subject_02_happy_session_01
9.184,0.04501019135502032,happy,subject_02,subject_02_happy_session_01
9.188,0.050961452933503355,happy,subject_02,subject_02_happy_session_01
9.192,0.07727825692134023,happy,subject_02,subject_02_happy_session_01
9.196,0.09190531750127792,happy,subject_02,subject_02_happy_session_01
9.2,0.015568122255954046,happy,subject_02,subject_02_happy_session_01
9.204,0.004928421804069744,happy,subject_02,subject_02_happy_session_01
9.208,0.04889286646608726,happy,subject_02,subject_02_happy_session_01
9.212,-0.001980194452143813,happy,subject_02,subject_02_happy_session_01
9.216,-0.03241019858888772,happy,subject_02,subject_02_happy_session_01
9.22,0.0055172553087121205,happy,subject_02,subject_02_happy_session_01
9.224,0.047616579069951814,happy,subject_02,subject_02_happy_session_01
9.228,0.08636969720925997,happy,subject_02,subject_02_happy_session_01
9.232,0.006322008963751617,happy,subject_02,subject_02_happy_session_01
9.236,0.026016969882658694,happy,subject_02,subject_02_happy_session_01
9.24,0.0350384396871187,happy,subject_02,subject_02_happy_session_01
9.244,0.0058912582161664145,happy,subject_02,subject_02_happy_session_01
9.248,0.0015354358238136752,happy,subject_02,subject_02_happy_session_01
9.252,0.03602830229108159,happy,subject_02,subject_02_happy_session_01
9.256,-0.02163940578017656,happy,subject_02,subject_02_happy_session_01
9.26,-0.01140330514680133,happy,subject_02,subject_02_happy_session_01
9.264,0.005072549060816356,happy,subject_02,subject_02_happy_session_01
9.268,0.02640006567380664,happy,subject_02,subject_02_happy_session_01
9.272,-0.021748633599003683,happy,subject_02,subject_02_happy_session_01
9.276,0.06391688458829334,happy,subject_02,subject_02_happy_session_01
9.28,0.0878749811423403,happy,subject_02,subject_02_happy_session_01
9.284,0.2034838537873424,happy,subject_02,subject_02_happy_session_01
9.288,0.37653290484400037,happy,subject_02,subject_02_happy_session_01
9.292,0.4871752640442275,happy,subject_02,subject_02_happy_session_01
9.296,0.6965082444100745,happy,subject_02,subject_02_happy_session_01
9.3,0.7770597685021294,happy,subject_02,subject_02_happy_session_01
9.304,0.9329902748708986,happy,subject_02,subject_02_happy_session_01
9.308,1.0104817789341851,happy,subject_02,subject_02_happy_session_01
9.312,1.0190758286096127,happy,subject_02,subject_02_happy_session_01
9.316,0.9582121609565285,happy,subject_02,subject_02_happy_session_01
9.32,0.9341053825480431,happy,subject_02,subject_02_happy_session_01
9.324,0.8088352178148338,happy,subject_02,subject_02_happy_session_01
9.328,0.665912204632996,happy,subject_02,subject_02_happy_session_01
9.332,0.5342079558121112,happy,subject_02,subject_02_happy_session_01
9.336,0.32164936899305385,happy,subject_02,subject_02_happy_session_01
9.34,0.20091318990769796,happy,subject_02,subject_02_happy_session_01
9.344,0.08166334089362891,happy,subject_02,subject_02_happy_session_01
9.348,0.026147980172822313,happy,subject_02,subject_02_happy_session_01
9.352,-0.041145882409052155,happy,subject_02,subject_02_happy_session_01
9.356,-0.059890448743854074,happy,subject_02,subject_02_happy_session_01
9.36,-0.030932582424375556,happy,subject_02,subject_02_happy_session_01
9.364,-0.03943885346397449,happy,subject_02,subject_02_happy_session_01
9.368,-0.0070088201814457966,happy,subject_02,subject_02_happy_session_01
9.372,-0.02982284472574511,happy,subject_02,subject_02_happy_session_01
9.376,-0.006219751721406052,happy,subject_02,subject_02_happy_session_01
9.38,0.1042665692652164,happy,subject_02,subject_02_happy_session_01
9.384,0.015518850180865455,happy,subject_02,subject_02_happy_session_01
9.388,-0.02875327305643889,happy,subject_02,subject_02_happy_session_01
9.392,0.06082043315934431,happy,subject_02,subject_02_happy_session_01
9.396,0.027413852894037957,happy,subject_02,subject_02_happy_session_01
9.4,0.06394357853609967,happy,subject_02,subject_02_happy_session_01
9.404,0.05557611873107767,happy,subject_02,subject_02_happy_session_01
9.408,0.08144689549008885,happy,subject_02,subject_02_happy_session_01
9.412,0.06244483607323002,happy,subject_02,subject_02_happy_session_01
9.416,0.06199360892276988,happy,subject_02,subject_02_happy_session_01
9.42,0.11436253137258193,happy,subject_02,subject_02_happy_session_01
9.424,0.0010886083496247229,happy,subject_02,subject_02_happy_session_01
9.428,0.037147415017439726,happy,subject_02,subject_02_happy_session_01
9.432,0.05975402403237866,happy,subject_02,subject_02_happy_session_01
9.436,0.03474962367381324,happy,subject_02,subject_02_happy_session_01
9.44,0.08285595405713524,happy,subject_02,subject_02_happy_session_01
9.444,0.08529756044747426,happy,subject_02,subject_02_happy_session_01
9.448,0.14579058656167057,happy,subject_02,subject_02_happy_session_01
9.452,0.11496871256382547,happy,subject_02,subject_02_happy_session_01
9.456,0.11720513197494255,happy,subject_02,subject_02_happy_session_01
9.46,0.11816944841131785,happy,subject_02,subject_02_happy_session_01
9.464,0.10162612850053687,happy,subject_02,subject_02_happy_session_01
9.468,0.1767599568905223,happy,subject_02,subject_02_happy_session_01
9.472,0.1951973483144425,happy,subject_02,subject_02_happy_session_01
9.476,0.11777724309561477,happy,subject_02,subject_02_happy_session_01
9.48,0.2243264156639122,happy,subject_02,subject_02_happy_session_01
9.484,0.1515892488136678,happy,subject_02,subject_02_happy_session_01
9.488,0.15617517072550938,happy,subject_02,subject_02_happy_session_01
9.492,0.2064519187518523,happy,subject_02,subject_02_happy_session_01
9.496,0.21687717344331375,happy,subject_02,subject_02_happy_session_01
9.5,0.20188162957278075,happy,subject_02,subject_02_happy_session_01
9.504,0.19925227322130817,happy,subject_02,subject_02_happy_session_01
9.508,0.25918404561276565,happy,subject_02,subject_02_happy_session_01
9.512,0.20285576627368943,happy,subject_02,subject_02_happy_session_01
9.516,0.22848142901885807,happy,subject_02,subject_02_happy_session_01
9.52,0.2960439568442868,happy,subject_02,subject_02_happy_session_01
9.524,0.19545222435442203,happy,subject_02,subject_02_happy_session_01
9.528,0.23126340582589158,happy,subject_02,subject_02_happy_session_01
9.532,0.287802942840849,happy,subject_02,subject_02_happy_session_01
9.536,0.27451782659226026,happy,subject_02,subject_02_happy_session_01
9.54,0.290920143093755,happy,subject_02,subject_02_happy_session_01
9.544,0.2163703271150012,happy,subject_02,subject_02_happy_session_01
9.548,0.27637881496060857,happy,subject_02,subject_02_happy_session_01
9.552,0.25703357338013144,happy,subject_02,subject_02_happy_session_01
9.556,0.3478189438855318,happy,subject_02,subject_02_happy_session_01
9.56,0.2972631134489787,happy,subject_02,subject_02_happy_session_01
9.564,0.26818033898318455,happy,subject_02,subject_02_happy_session_01
9.568,0.2783693230765403,happy,subject_02,subject_02_happy_session_01
9.572,0.2690425237149603,happy,subject_02,subject_02_happy_session_01
9.576,0.2897737924657308,happy,subject_02,subject_02_happy_session_01
9.58,0.2329023911455833,happy,subject_02,subject_02_happy_session_01
9.584,0.30763597482698285,happy,subject_02,subject_02_happy_session_01
9.588,0.2099053551718299,happy,subject_02,subject_02_happy_session_01
9.592,0.2593268847484207,happy,subject_02,subject_02_happy_session_01
9.596,0.21867095564289235,happy,subject_02,subject_02_happy_session_01
9.6,0.24391304196746055,happy,subject_02,subject_02_happy_session_01
9.604,0.2714460405191134,happy,subject_02,subject_02_happy_session_01
9.608,0.17098018611725918,happy,subject_02,subject_02_happy_session_01
9.612,0.2186628159492499,happy,subject_02,subject_02_happy_session_01
9.616,0.1675623205181946,happy,subject_02,subject_02_happy_session_01
9.62,0.20125464142719732,happy,subject_02,subject_02_happy_session_01
9.624,0.1533924175064167,happy,subject_02,subject_02_happy_session_01
9.628,0.20219039012281373,happy,subject_02,subject_02_happy_session_01
9.632,0.17411714531677983,happy,subject_02,subject_02_happy_session_01
9.636,0.20758600930253493,happy,subject_02,subject_02_happy_session_01
9.64,0.21678299496812065,happy,subject_02,subject_02_happy_session_01
9.644,0.1664902205657088,happy,subject_02,subject_02_happy_session_01
9.648,0.18976047165342663,happy,subject_02,subject_02_happy_session_01
9.652,0.199307409068921,happy,subject_02,subject_02_happy_session_01
9.656,0.11120242224756403,happy,subject_02,subject_02_happy_session_01
9.66,0.18641230276450976,happy,subject_02,subject_02_happy_session_01
9.664,0.1278042531213034,happy,subject_02,subject_02_happy_session_01
9.668,0.08800043837888454,happy,subject_02,subject_02_happy_session_01
9.672,0.1261123944534736,happy,subject_02,subject_02_happy_session_01
9.676,0.10687973836579759,happy,subject_02,subject_02_happy_session_01
9.68,0.05424621919936707,happy,subject_02,subject_02_happy_session_01
9.684,0.05943179405494283,happy,subject_02,subject_02_happy_session_01
9.688,0.15017539717901188,happy,subject_02,subject_02_happy_session_01
9.692,0.09797875944085285,happy,subject_02,subject_02_happy_session_01
9.696,0.13594181422132579,happy,subject_02,subject_02_happy_session_01
9.7,0.06587103920581018,happy,subject_02,subject_02_happy_session_01
9.704,0.04931557628864082,happy,subject_02,subject_02_happy_session_01
9.708,0.015951468355361452,happy,subject_02,subject_02_happy_session_01
9.712,0.1068342428912763,happy,subject_02,subject_02_happy_session_01
9.716,0.08602094120233653,happy,subject_02,subject_02_happy_session_01
9.72,0.05669122616663075,happy,subject_02,subject_02_happy_session_01
9.724,0.043129865254648916,happy,subject_02,subject_02_happy_session_01
9.728,0.11083128479528463,happy,subject_02,subject_02_happy_session_01
9.732,0.066282956234145,happy,subject_02,subject_02_happy_session_01
9.736,0.06830285507059723,happy,subject_02,subject_02_happy_session_01
9.74,0.055250612292714635,happy,subject_02,subject_02_happy_session_01
9.744,0.06460916949792711,happy,subject_02,subject_02_happy_session_01
9.748,0.10109588620405674,happy,subject_02,subject_02_happy_session_01
9.752,0.03553727504060017,happy,subject_02,subject_02_happy_session_01
9.756,0.0914205103039158,happy,subject_02,subject_02_happy_session_01
9.76,0.12563604335087375,happy,subject_02,subject_02_happy_session_01
9.764,0.09283050169576383,happy,subject_02,subject_02_happy_session_01
9.768,0.13620534435729395,happy,subject_02,subject_02_happy_session_01
9.772,0.1495352432940896,happy,subject_02,subject_02_happy_session_01
9.776,0.13723807110605568,happy,subject_02,subject_02_happy_session_01
9.78,0.08939951973496504,happy,subject_02,subject_02_happy_session_01
9.784,0.1090559609302782,happy,subject_02,subject_02_happy_session_01
9.788,0.12391467512630094,happy,subject_02,subject_02_happy_session_01
9.792,0.09624747843854388,happy,subject_02,subject_02_happy_session_01
9.796,0.09526819141537007,happy,subject_02,subject_02_happy_session_01
9.8,0.09263203212230095,happy,subject_02,subject_02_happy_session_01
9.804,0.20011632826778578,happy,subject_02,subject_02_happy_session_01
9.808,0.09962865483114033,happy,subject_02,subject_02_happy_session_01
9.812,0.1438543066460473,happy,subject_02,subject_02_happy_session_01
9.816,0.07270859311432204,happy,subject_02,subject_02_happy_session_01
9.82,0.15879971436448628,happy,subject_02,subject_02_happy_session_01
9.824,0.08157304842771744,happy,subject_02,subject_02_happy_session_01
9.828,0.09183026078862631,happy,subject_02,subject_02_happy_session_01
9.832,0.020641020094595383,happy,subject_02,subject_02_happy_session_01
9.836,0.11842755578507515,happy,subject_02,subject_02_happy_session_01
9.84,0.12041271098353534,happy,subject_02,subject_02_happy_session_01
9.844,0.026533144183719513,happy,subject_02,subject_02_happy_session_01
9.848,0.10356328518596339,happy,subject_02,subject_02_happy_session_01
9.852,0.01009576745568029,happy,subject_02,subject_02_happy_session_01
9.856,0.0736463270560761,happy,subject_02,subject_02_happy_session_01
9.86,0.03629449468162435,happy,subject_02,subject_02_happy_session_01
9.864,0.0882658852577338,happy,subject_02,subject_02_happy_session_01
9.868,0.04565282558344923,happy,subject_02,subject_02_happy_session_01
9.872,0.06530255544658893,happy,subject_02,subject_02_happy_session_01
9.876,0.07214347113576838,happy,subject_02,subject_02_happy_session_01
9.88,0.01511276468843279,happy,subject_02,subject_02_happy_session_01
9.884,0.021117047660379133,happy,subject_02,subject_02_happy_session_01
9.888,-0.019590263989672046,happy,subject_02,subject_02_happy_session_01
9.892,0.006299295381039981,happy,subject_02,subject_02_happy_session_01
9.896,0.08205296261628287,happy,subject_02,subject_02_happy_session_01
9.9,0.039145831329126614,happy,subject_02,subject_02_happy_session_01
9.904,-0.025521978713890038,happy,subject_02,subject_02_happy_session_01
9.908,0.06671648959089276,happy,subject_02,subject_02_happy_session_01
9.912,0.022012663598205598,happy,subject_02,subject_02_happy_session_01
9.916,0.03641812631883924,happy,subject_02,subject_02_happy_session_01
9.92,0.023607498472230003,happy,subject_02,subject_02_happy_session_01
9.924,0.02026284662231568,happy,subject_02,subject_02_happy_session_01
9.928,-0.06533913237652707,happy,subject_02,subject_02_happy_session_01
9.932,0.04190137867667506,happy,subject_02,subject_02_happy_session_01
9.936,-0.07805047084470573,happy,subject_02,subject_02_happy_session_01
9.94,0.03280878040454269,happy,subject_02,subject_02_happy_session_01
9.944,-0.004036379399476308,happy,subject_02,subject_02_happy_session_01
9.948,0.01727254679581631,happy,subject_02,subject_02_happy_session_01
9.952,-0.006851161586370405,happy,subject_02,subject_02_happy_session_01
9.956,0.03389006919630897,happy,subject_02,subject_02_happy_session_01
9.96,0.025582294739506954,happy,subject_02,subject_02_happy_session_01
9.964,0.087642690694951,happy,subject_02,subject_02_happy_session_01
9.968,0.17416483111638117,happy,subject_02,subject_02_happy_session_01
9.972,0.3368041336805811,happy,subject_02,subject_02_happy_session_01
9.976,0.426170151423711,happy,subject_02,subject_02_happy_session_01
9.98,0.5058756988622272,happy,subject_02,subject_02_happy_session_01
9.984,0.6782126914121781,happy,subject_02,subject_02_happy_session_01
9.988,0.8490182187970492,happy,subject_02,subject_02_happy_session_01
9.992,0.9717544668533123,happy,subject_02,subject_02_happy_session_01
9.996,0.9590977650872716,happy,subject_02,subject_02_happy_session_01
10.0,1.0688173057586852,happy,subject_02,subject_02_happy_session_01
10.004,0.9502286025702775,happy,subject_02,subject_02_happy_session_01
10.008,0.864927181711246,happy,subject_02,subject_02_happy_session_01
10.012,0.6755695907346031,happy,subject_02,subject_02_happy_session_01
10.016,0.6055856744519311,happy,subject_02,subject_02_happy_session_01
10.02,0.3922402944471165,happy,subject_02,subject_02_happy_session_01
10.024,0.2328995033091028,happy,subject_02,subject_02_happy_session_01
10.028,0.12163503172356971,happy,subject_02,subject_02_happy_session_01
10.032,0.08551254565689544,happy,subject_02,subject_02_happy_session_01
10.036,-0.008968193106901164,happy,subject_02,subject_02_happy_session_01
10.04,-0.08820363546652245,happy,subject_02,subject_02_happy_session_01
10.044,-0.08347405417958279,happy,subject_02,subject_02_happy_session_01
10.048,-0.00779233918547876,happy,subject_02,subject_02_happy_session_01
10.052,-0.05002567086066819,happy,subject_02,subject_02_happy_session_01
10.056,-0.005265837224048851,happy,subject_02,subject_02_happy_session_01
10.06,0.01809304860230168,happy,subject_02,subject_02_happy_session_01
10.064,-0.11836621743972528,happy,subject_02,subject_02_happy_session_01
10.068,0.05365818624126113,happy,subject_02,subject_02_happy_session_01
10.072,-0.014749147606898943,happy,subject_02,subject_02_happy_session_01
10.076,0.006639845215465057,happy,subject_02,subject_02_happy_session_01
10.08,0.07655869031097633,happy,subject_02,subject_02_happy_session_01
10.084,0.07648258045002464,happy,subject_02,subject_02_happy_session_01
10.088,0.04626063445836974,happy,subject_02,subject_02_happy_session_01
10.092,0.05783983103267111,happy,subject_02,subject_02_happy_session_01
10.096,0.07012920899731395,happy,subject_02,subject_02_happy_session_01
10.1,0.08976554807233632,happy,subject_02,subject_02_happy_session_01
10.104,0.09830158960419806,happy,subject_02,subject_02_happy_session_01
10.108,0.05191719591960901,happy,subject_02,subject_02_happy_session_01
10.112,0.026974936953389126,happy,subject_02,subject_02_happy_session_01
10.116,0.04876401387492913,happy,subject_02,subject_02_happy_session_01
10.12,0.06733565376904277,happy,subject_02,subject_02_happy_session_01
10.124,0.06648775172422791,happy,subject_02,subject_02_happy_session_01
10.128,0.03864403165348857,happy,subject_02,subject_02_happy_session_01
10.132,0.0953419523931034,happy,subject_02,subject_02_happy_session_01
10.136,0.03140731293230958,happy,subject_02,subject_02_happy_session_01
10.14,0.09572241652605783,happy,subject_02,subject_02_happy_session_01
10.144,0.10463059032422989,happy,subject_02,subject_02_happy_session_01
10.148,0.11028511103927356,happy,subject_02,subject_02_happy_session_01
10.152,0.14306341569081565,happy,subject_02,subject_02_happy_session_01
10.156,0.14558035198830024,happy,subject_02,subject_02_happy_session_01
10.16,0.20549084508193297,happy,subject_02,subject_02_happy_session_01
10.164,0.11692297473741514,happy,subject_02,subject_02_happy_session_01
10.168,0.15220883691110554,happy,subject_02,subject_02_happy_session_01
10.172,0.1573617439702841,happy,subject_02,subject_02_happy_session_01
10.176,0.16307979900228825,happy,subject_02,subject_02_happy_session_01
10.18,0.12021663841069685,happy,subject_02,subject_02_happy_session_01
10.184,0.13024517071078257,happy,subject_02,subject_02_happy_session_01
10.188,0.17891811524864623,happy,subject_02,subject_02_happy_session_01
10.192,0.13036221483642685,happy,subject_02,subject_02_happy_session_01
10.196,0.18040671758713822,happy,subject_02,subject_02_happy_session_01
10.2,0.17574133878406803,happy,subject_02,subject_02_happy_session_01
10.204,0.19395121115554817,happy,subject_02,subject_02_happy_session_01
10.208,0.2496200822429343,happy,subject_02,subject_02_happy_session_01
10.212,0.1774489059356082,happy,subject_02,subject_02_happy_session_01
10.216,0.2503922817147121,happy,subject_02,subject_02_happy_session_01
10.22,0.20423489535431677,happy,subject_02,subject_02_happy_session_01
10.224,0.2123645187458177,happy,subject_02,subject_02_happy_session_01
10.228,0.24752764153271234,happy,subject_02,subject_02_happy_session_01
10.232,0.22430796024454852,happy,subject_02,subject_02_happy_session_01
10.236,0.20475241420947551,happy,subject_02,subject_02_happy_session_01
10.24,0.22451398285193086,happy,subject_02,subject_02_happy_session_01
10.244,0.17616333396566716,happy,subject_02,subject_02_happy_session_01
10.248,0.2519379051296497,happy,subject_02,subject_02_happy_session_01
10.252,0.1296585694317613,happy,subject_02,subject_02_happy_session_01
10.256,0.26830832785195124,happy,subject_02,subject_02_happy_session_01
10.26,0.2571497542953381,happy,subject_02,subject_02_happy_session_01
10.264,0.28944813212141135,happy,subject_02,subject_02_happy_session_01
10.268,0.3069625498966719,happy,subject_02,subject_02_happy_session_01
10.272,0.2599628807646195,happy,subject_02,subject_02_happy_session_01
10.276,0.20132542458401456,happy,subject_02,subject_02_happy_session_01
10.28,0.2948800629521768,happy,subject_02,subject_02_happy_session_01
10.284,0.17211504235235348,happy,subject_02,subject_02_happy_session_01
10.288,0.14191713584967114,happy,subject_02,subject_02_happy_session_01
10.292,0.2675383043111017,happy,subject_02,subject_02_happy_session_01
10.296,0.2175671165948818,happy,subject_02,subject_02_happy_session_01
10.3,0.12433060178255823,happy,subject_02,subject_02_happy_session_01
10.304,0.1357218636691821,happy,subject_02,subject_02_happy_session_01
10.308,0.19537683493865182,happy,subject_02,subject_02_happy_session_01
10.312,0.13834712241978542,happy,subject_02,subject_02_happy_session_01
10.316,0.13593116737319766,happy,subject_02,subject_02_happy_session_01
10.32,0.22260307236977722,happy,subject_02,subject_02_happy_session_01
10.324,0.22132322661784332,happy,subject_02,subject_02_happy_session_01
10.328,0.14360193223258352,happy,subject_02,subject_02_happy_session_01
10.332,0.1255413307802337,happy,subject_02,subject_02_happy_session_01
10.336,0.15479560130666048,happy,subject_02,subject_02_happy_session_01
10.34,0.09605461204085536,happy,subject_02,subject_02_happy_session_01
10.344,0.030285319533230243,happy,subject_02,subject_02_happy_session_01
10.348,0.004525462672368419,happy,subject_02,subject_02_happy_session_01
10.352,0.09165075264274011,happy,subject_02,subject_02_happy_session_01
10.356,0.11840174684529887,happy,subject_02,subject_02_happy_session_01
10.36,0.08170537274148025,happy,subject_02,subject_02_happy_session_01
10.364,0.1034412002300478,happy,subject_02,subject_02_happy_session_01
10.368,0.10125873622791581,happy,subject_02,subject_02_happy_session_01
10.372,0.11265882734403815,happy,subject_02,subject_02_happy_session_01
10.376,0.06584530728832366,happy,subject_02,subject_02_happy_session_01
10.38,0.06463960913507127,happy,subject_02,subject_02_happy_session_01
10.384,0.04986473124535111,happy,subject_02,subject_02_happy_session_01
10.388,0.03881713211275514,happy,subject_02,subject_02_happy_session_01
10.392,-0.009885917445707403,happy,subject_02,subject_02_happy_session_01
10.396,0.08401517464788708,happy,subject_02,subject_02_happy_session_01
10.4,0.028027413791244557,happy,subject_02,subject_02_happy_session_01
10.404,0.025097825461734887,happy,subject_02,subject_02_happy_session_01
10.408,0.021267439895466127,happy,subject_02,subject_02_happy_session_01
10.412,-0.006392881150874691,happy,subject_02,subject_02_happy_session_01
10.416,0.038413472595306974,happy,subject_02,subject_02_happy_session_01
10.42,0.06093155761533904,happy,subject_02,subject_02_happy_session_01
10.424,0.020143919504745665,happy,subject_02,subject_02_happy_session_01
10.428,0.08358920803407724,happy,subject_02,subject_02_happy_session_01
10.432,0.03723174085306777,happy,subject_02,subject_02_happy_session_01
10.436,-0.0003295290582025698,happy,subject_02,subject_02_happy_session_01
10.44,0.1048293192825872,happy,subject_02,subject_02_happy_session_01
10.444,0.06728788493129886,happy,subject_02,subject_02_happy_session_01
10.448,0.09420271285670546,happy,subject_02,subject_02_happy_session_01
10.452,0.09862264341547539,happy,subject_02,subject_02_happy_session_01
10.456,0.03790460828264749,happy,subject_02,subject_02_happy_session_01
10.46,0.055922198011351294,happy,subject_02,subject_02_happy_session_01
10.464,0.11319284449802475,happy,subject_02,subject_02_happy_session_01
10.468,0.14356772334718615,happy,subject_02,subject_02_happy_session_01
10.472,0.08334742735245318,happy,subject_02,subject_02_happy_session_01
10.476,0.0603628971739371,happy,subject_02,subject_02_happy_session_01
10.48,0.14170894606544648,happy,subject_02,subject_02_happy_session_01
10.484,0.06070159923153166,happy,subject_02,subject_02_happy_session_01
10.488,0.09322953107451361,happy,subject_02,subject_02_happy_session_01
10.492,0.06510193155209322,happy,subject_02,subject_02_happy_session_01
10.496,0.08714730086693036,happy,subject_02,subject_02_happy_session_01
10.5,0.041628704836204476,happy,subject_02,subject_02_happy_session_01
10.504,0.05798432391758004,happy,subject_02,subject_02_happy_session_01
10.508,0.04497577807654077,happy,subject_02,subject_02_happy_session_01
10.512,0.08547779975829477,happy,subject_02,subject_02_happy_session_01
10.516,0.06300167458547946,happy,subject_02,subject_02_happy_session_01
10.52,0.08279910899451698,happy,subject_02,subject_02_happy_session_01
10.524,0.017600119682181285,happy,subject_02,subject_02_happy_session_01
10.528,0.03361448312963325,happy,subject_02,subject_02_happy_session_01
10.532,0.05718192598084555,happy,subject_02,subject_02_happy_session_01
10.536,0.05982446567068375,happy,subject_02,subject_02_happy_session_01
10.54,-0.026226647918337172,happy,subject_02,subject_02_happy_session_01
10.544,0.030309386786407613,happy,subject_02,subject_02_happy_session_01
10.548,-0.014209272989695834,happy,subject_02,subject_02_happy_session_01
10.552,0.04144625317930707,happy,subject_02,subject_02_happy_session_01
10.556,0.07043271559377219,happy,subject_02,subject_02_happy_session_01
10.56,-0.09006066484225664,happy,subject_02,subject_02_happy_session_01
10.564,-0.0252041398527975,happy,subject_02,subject_02_happy_session_01
10.568,0.003739864676401591,happy,subject_02,subject_02_happy_session_01
10.572,-0.008524095382734088,happy,subject_02,subject_02_happy_session_01
10.576,0.02193566032070064,happy,subject_02,subject_02_happy_session_01
10.58,-0.010431376027999218,happy,subject_02,subject_02_happy_session_01
10.584,-0.033692373776079865,happy,subject_02,subject_02_happy_session_01
10.588,-0.05254679397511049,happy,subject_02,subject_02_happy_session_01
10.592,-0.05987444768332216,happy,subject_02,subject_02_happy_session_01
10.596,-0.04549578810508874,happy,subject_02,subject_02_happy_session_01
10.6,-0.04031331538760581,happy,subject_02,subject_02_happy_session_01
10.604,-0.007987008163835348,happy,subject_02,subject_02_happy_session_01
10.608,-0.027698436284036742,happy,subject_02,subject_02_happy_session_01
10.612,-0.04582776209054218,happy,subject_02,subject_02_happy_session_01
10.616,-0.05949239240467789,happy,subject_02,subject_02_happy_session_01
10.62,-0.05056618552577228,happy,subject_02,subject_02_happy_session_01
10.624,-0.04867879547219417,happy,subject_02,subject_02_happy_session_01
10.628,-0.059416747108740814,happy,subject_02,subject_02_happy_session_01
10.632,-0.014473455637318899,happy,subject_02,subject_02_happy_session_01
10.636,0.007266782502860995,happy,subject_02,subject_02_happy_session_01
10.64,-0.07694639153388644,happy,subject_02,subject_02_happy_session_01
10.644,0.022913863544445766,happy,subject_02,subject_02_happy_session_01
10.648,0.04995069692836954,happy,subject_02,subject_02_happy_session_01
10.652,0.10209817623881305,happy,subject_02,subject_02_happy_session_01
10.656,0.24907381956041177,happy,subject_02,subject_02_happy_session_01
10.66,0.31554465459235415,happy,subject_02,subject_02_happy_session_01
10.664,0.47880245252806514,happy,subject_02,subject_02_happy_session_01
10.668,0.6172443407948177,happy,subject_02,subject_02_happy_session_01
10.672,0.753140931182402,happy,subject_02,subject_02_happy_session_01
10.676,0.881220505361826,happy,subject_02,subject_02_happy_session_01
10.68,0.9422219153508122,happy,subject_02,subject_02_happy_session_01
10.684,0.9841926431049861,happy,subject_02,subject_02_happy_session_01
10.688,0.9192371909426329,happy,subject_02,subject_02_happy_session_01
10.692,0.8448581034580749,happy,subject_02,subject_02_happy_session_01
10.696,0.726331143686592,happy,subject_02,subject_02_happy_session_01
10.7,0.5914120685532473,happy,subject_02,subject_02_happy_session_01
10.704,0.4814120961232313,happy,subject_02,subject_02_happy_session_01
10.708,0.27529130964123705,happy,subject_02,subject_02_happy_session_01
10.712,0.17771752831225682,happy,subject_02,subject_02_happy_session_01
10.716,0.055590052036222144,happy,subject_02,subject_02_happy_session_01
10.72,-0.04487168947565014,happy,subject_02,subject_02_happy_session_01
10.724,-0.02709943468060954,happy,subject_02,subject_02_happy_session_01
10.728,-0.06364827993317934,happy,subject_02,subject_02_happy_session_01
10.732,-0.08675831926165548,happy,subject_02,subject_02_happy_session_01
10.736,-0.07638709902342122,happy,subject_02,subject_02_happy_session_01
10.74,-0.05331470706038317,happy,subject_02,subject_02_happy_session_01
10.744,-0.09410515868121738,happy,subject_02,subject_02_happy_session_01
10.748,-0.056519785655792146,happy,subject_02,subject_02_happy_session_01
10.752,-0.0019822981836743435,happy,subject_02,subject_02_happy_session_01
10.756,-0.06690600869111354,happy,subject_02,subject_02_happy_session_01
10.76,-0.032870538362372914,happy,subject_02,subject_02_happy_session_01
10.764,-0.016669217467140125,happy,subject_02,subject_02_happy_session_01
10.768,0.10203797218047195,happy,subject_02,subject_02_happy_session_01
10.772,0.027254618903352845,happy,subject_02,subject_02_happy_session_01
10.776,0.04545772497044836,happy,subject_02,subject_02_happy_session_01
10.78,-0.01754758378154845,happy,subject_02,subject_02_happy_session_01
10.784,0.027132959591172144,happy,subject_02,subject_02_happy_session_01
10.788,-0.04305117923617862,happy,subject_02,subject_02_happy_session_01
10.792,0.011351686035980246,happy,subject_02,subject_02_happy_session_01
10.796,0.04525775533632649,happy,subject_02,subject_02_happy_session_01
10.8,-0.017118791556693165,happy,subject_02,subject_02_happy_session_01
10.804,0.051461339553955605,happy,subject_02,subject_02_happy_session_01
10.808,0.05984432764552441,happy,subject_02,subject_02_happy_session_01
10.812,0.027843754959535928,happy,subject_02,subject_02_happy_session_01
10.816,0.025723514260589567,happy,subject_02,subject_02_happy_session_01
10.82,0.03616812200357829,happy,subject_02,subject_02_happy_session_01
10.824,0.05555389157244743,happy,subject_02,subject_02_happy_session_01
10.828,0.06332432440388774,happy,subject_02,subject_02_happy_session_01
10.832,0.09916110548262402,happy,subject_02,subject_02_happy_session_01
10.836,0.06971056597497474,happy,subject_02,subject_02_happy_session_01
10.84,0.1517299450042025,happy,subject_02,subject_02_happy_session_01
10.844,0.15883980374035117,happy,subject_02,subject_02_happy_session_01
10.848,0.11874184914828148,happy,subject_02,subject_02_happy_session_01
10.852,0.1059267712836464,happy,subject_02,subject_02_happy_session_01
10.856,0.10686118552463095,happy,subject_02,subject_02_happy_session_01
10.86,0.14413484865920534,happy,subject_02,subject_02_happy_session_01
10.864,0.1577263086480301,happy,subject_02,subject_02_happy_session_01
10.868,0.1408539306882356,happy,subject_02,subject_02_happy_session_01
10.872,0.14136511943409263,happy,subject_02,subject_02_happy_session_01
10.876,0.17452626531541401,happy,subject_02,subject_02_happy_session_01
10.88,0.17142926764164407,happy,subject_02,subject_02_happy_session_01
10.884,0.15555511286769136,happy,subject_02,subject_02_happy_session_01
10.888,0.1857939891192945,happy,subject_02,subject_02_happy_session_01
10.892,0.16656161313628373,happy,subject_02,subject_02_happy_session_01
10.896,0.16695669383716,happy,subject_02,subject_02_happy_session_01
10.9,0.19818148287822068,happy,subject_02,subject_02_happy_session_01
10.904,0.18286970293899593,happy,subject_02,subject_02_happy_session_01
10.908,0.18145915140646568,happy,subject_02,subject_02_happy_session_01
10.912,0.24731874715131938,happy,subject_02,subject_02_happy_session_01
10.916,0.20004354601338187,happy,subject_02,subject_02_happy_session_01
10.92,0.28076513110892465,happy,subject_02,subject_02_happy_session_01
10.924,0.24006287657494654,happy,subject_02,subject_02_happy_session_01
10.928,0.19068107137880505,happy,subject_02,subject_02_happy_session_01
10.932,0.26065491542249625,happy,subject_02,subject_02_happy_session_01
10.936,0.1950166789762617,happy,subject_02,subject_02_happy_session_01
10.94,0.28857755256143225,happy,subject_02,subject_02_happy_session_01
10.944,0.22622045137609348,happy,subject_02,subject_02_happy_session_01
10.948,0.23547704005949519,happy,subject_02,subject_02_happy_session_01
10.952,0.21515762529962476,happy,subject_02,subject_02_happy_session_01
10.956,0.22038865715186243,happy,subject_02,subject_02_happy_session_01
10.96,0.19951574141302625,happy,subject_02,subject_02_happy_session_01
10.964,0.17105224212907724,happy,subject_02,subject_02_happy_session_01
10.968,0.21076366330354757,happy,subject_02,subject_02_happy_session_01
10.972,0.22969371711921688,happy,subject_02,subject_02_happy_session_01
10.976,0.14667071137128831,happy,subject_02,subject_02_happy_session_01
10.98,0.23638203393293425,happy,subject_02,subject_02_happy_session_01
10.984,0.19727247448263294,happy,subject_02,subject_02_happy_session_01
10.988,0.15439494872645304,happy,subject_02,subject_02_happy_session_01
10.992,0.1469536090810042,happy,subject_02,subject_02_happy_session_01
10.996,0.2210747563724133,happy,subject_02,subject_02_happy_session_01
11.0,0.18146153364151663,happy,subject_02,subject_02_happy_session_01
11.004,0.1811488584026619,happy,subject_02,subject_02_happy_session_01
11.008,0.12500950525127733,happy,subject_02,subject_02_happy_session_01
11.012,0.14574262707336502,happy,subject_02,subject_02_happy_session_01
11.016,0.13102814572629629,happy,subject_02,subject_02_happy_session_01
11.02,0.10522833775759047,happy,subject_02,subject_02_happy_session_01
11.024,0.10778988705146823,happy,subject_02,subject_02_happy_session_01
11.028,0.1355679642740792,happy,subject_02,subject_02_happy_session_01
11.032,0.14561873637401668,happy,subject_02,subject_02_happy_session_01
11.036,0.07395435438283367,happy,subject_02,subject_02_happy_session_01
11.04,0.030169824897119897,happy,subject_02,subject_02_happy_session_01
11.044,0.12730770784633516,happy,subject_02,subject_02_happy_session_01
11.048,0.12172578658257344,happy,subject_02,subject_02_happy_session_01
11.052,0.07211255387251597,happy,subject_02,subject_02_happy_session_01
11.056,0.11557668366898027,happy,subject_02,subject_02_happy_session_01
11.06,0.05946904722195512,happy,subject_02,subject_02_happy_session_01
11.064,0.011819780804661797,happy,subject_02,subject_02_happy_session_01
11.068,-0.006154568765640134,happy,subject_02,subject_02_happy_session_01
11.072,-0.009827083485443498,happy,subject_02,subject_02_happy_session_01
11.076,0.033809472842561895,happy,subject_02,subject_02_happy_session_01
11.08,0.015128489527086387,happy,subject_02,subject_02_happy_session_01
11.084,0.009581647818588501,happy,subject_02,subject_02_happy_session_01
11.088,0.025104049722597385,happy,subject_02,subject_02_happy_session_01
11.092,0.05849374382609403,happy,subject_02,subject_02_happy_session_01
11.096,0.00954993359900919,happy,subject_02,subject_02_happy_session_01
11.1,0.004485676784174747,happy,subject_02,subject_02_happy_session_01
11.104,0.014093782081934184,happy,subject_02,subject_02_happy_session_01
11.108,0.06510717489592902,happy,subject_02,subject_02_happy_session_01
11.112,0.03286433802086006,happy,subject_02,subject_02_happy_session_01
11.116,0.0479881511814175,happy,subject_02,subject_02_happy_session_01
11.12,0.09578987364940171,happy,subject_02,subject_02_happy_session_01
11.124,0.14447664297663662,happy,subject_02,subject_02_happy_session_01
11.128,0.07109848988194481,happy,subject_02,subject_02_happy_session_01
11.132,0.07145165680623967,happy,subject_02,subject_02_happy_session_01
11.136,0.01485727316672792,happy,subject_02,subject_02_happy_session_01
11.14,0.07291049852466665,happy,subject_02,subject_02_happy_session_01
11.144,0.06565703113653536,happy,subject_02,subject_02_happy_session_01
11.148,0.09786454118758928,happy,subject_02,subject_02_happy_session_01
11.152,0.055646008738539754,happy,subject_02,subject_02_happy_session_01
11.156,0.07859837078771892,happy,subject_02,subject_02_happy_session_01
11.16,0.0943809215520128,happy,subject_02,subject_02_happy_session_01
11.164,0.1406221623012499,happy,subject_02,subject_02_happy_session_01
11.168,0.12918733982021868,happy,subject_02,subject_02_happy_session_01
11.172,0.11833103554150987,happy,subject_02,subject_02_happy_session_01
11.176,0.0983051787417987,happy,subject_02,subject_02_happy_session_01
11.18,0.05588374670127057,happy,subject_02,subject_02_happy_session_01
11.184,0.09385051127745817,happy,subject_02,subject_02_happy_session_01
11.188,0.03819857363514412,happy,subject_02,subject_02_happy_session_01
11.192,0.05424371933555664,happy,subject_02,subject_02_happy_session_01
11.196,0.11943944434072348,happy,subject_02,subject_02_happy_session_01
11.2,0.07134672709860296,happy,subject_02,subject_02_happy_session_01
11.204,0.05545949975440953,happy,subject_02,subject_02_happy_session_01
11.208,0.05472962479306376,happy,subject_02,subject_02_happy_session_01
11.212,0.033623572772548335,happy,subject_02,subject_02_happy_session_01
11.216,-0.04396612964487903,happy,subject_02,subject_02_happy_session_01
11.22,-0.018149430085518288,happy,subject_02,subject_02_happy_session_01
11.224,0.04243745432719937,happy,subject_02,subject_02_happy_session_01
11.228,-0.016474235933329934,happy,subject_02,subject_02_happy_session_01
11.232,0.0071276305008984644,happy,subject_02,subject_02_happy_session_01
11.236,-0.03663589262465532,happy,subject_02,subject_02_happy_session_01
11.24,-0.02307903718314879,happy,subject_02,subject_02_happy_session_01
11.244,-0.0019856726867100143,happy,subject_02,subject_02_happy_session_01
11.248,0.026942261273307108,happy,subject_02,subject_02_happy_session_01
11.252,0.030759651846816186,happy,subject_02,subject_02_happy_session_01
11.256,-0.03715025826927127,happy,subject_02,subject_02_happy_session_01
11.26,-0.003208167619835098,happy,subject_02,subject_02_happy_session_01
11.264,-0.0660132548466242,happy,subject_02,subject_02_happy_session_01
11.268,-0.01602607467783423,happy,subject_02,subject_02_happy_session_01
11.272,0.013767878707502897,happy,subject_02,subject_02_happy_session_01
11.276,-0.023288794533870043,happy,subject_02,subject_02_happy_session_01
11.28,0.02399073748553908,happy,subject_02,subject_02_happy_session_01
11.284,0.006318194649417082,happy,subject_02,subject_02_happy_session_01
11.288,-0.015274652048253854,happy,subject_02,subject_02_happy_session_01
11.292,-0.03308808157507444,happy,subject_02,subject_02_happy_session_01
11.296,-0.04365315346046214,happy,subject_02,subject_02_happy_session_01
11.3,-0.07675149537466056,happy,subject_02,subject_02_happy_session_01
11.304,-0.07233180734722078,happy,subject_02,subject_02_happy_session_01
11.308,0.005569775777928172,happy,subject_02,subject_02_happy_session_01
11.312,0.02014163962465699,happy,subject_02,subject_02_happy_session_01
11.316,-0.07527725313518832,happy,subject_02,subject_02_happy_session_01
11.32,-0.03882582841608982,happy,subject_02,subject_02_happy_session_01
11.324,-0.09508694135833934,happy,subject_02,subject_02_happy_session_01
11.328,-0.06136997608477536,happy,subject_02,subject_02_happy_session_01
11.332,0.014090274271723189,happy,subject_02,subject_02_happy_session_01
11.336,0.04525622886965762,happy,subject_02,subject_02_happy_session_01
11.34,0.0844551695898328,happy,subject_02,subject_02_happy_session_01
11.344,0.32796102396985816,happy,subject_02,subject_02_happy_session_01
11.348,0.40377562298142533,happy,subject_02,subject_02_happy_session_01
11.352,0.5148817240617176,happy,subject_02,subject_02_happy_session_01
11.356,0.702471824404152,happy,subject_02,subject_02_happy_session_01
11.36,0.8209100261095625,happy,subject_02,subject_02_happy_session_01
11.364,0.9311265221646374,happy,subject_02,subject_02_happy_session_01
11.368,0.9523543066153606,happy,subject_02,subject_02_happy_session_01
11.372,0.9716516536167376,happy,subject_02,subject_02_happy_session_01
11.376,0.9381146586005578,happy,subject_02,subject_02_happy_session_01
11.38,0.757457827211192,happy,subject_02,subject_02_happy_session_01
11.384,0.6434948098559011,happy,subject_02,subject_02_happy_session_01
11.388,0.542157994357651,happy,subject_02,subject_02_happy_session_01
11.392,0.3358040866566614,happy,subject_02,subject_02_happy_session_01
11.396,0.20710554130339107,happy,subject_02,subject_02_happy_session_01
11.4,0.07284622302850118,happy,subject_02,subject_02_happy_session_01
11.404,-0.01406037831997068,happy,subject_02,subject_02_happy_session_01
11.408,-0.07301117932436998,happy,subject_02,subject_02_happy_session_01
11.412,-0.12621955555473782,happy,subject_02,subject_02_happy_session_01
11.416,-0.07001877741475865,happy,subject_02,subject_02_happy_session_01
11.42,-0.03882277778692774,happy,subject_02,subject_02_happy_session_01
11.424,-0.06582806979678375,happy,subject_02,subject_02_happy_session_01
11.428,-0.009436985940689,happy,subject_02,subject_02_happy_session_01
11.432,-0.045355239743380016,happy,subject_02,subject_02_happy_session_01
11.436,-0.036393829526528185,happy,subject_02,subject_02_happy_session_01
11.44,0.00512356567016118,happy,subject_02,subject_02_happy_session_01
11.444,0.011343047857686328,happy,subject_02,subject_02_happy_session_01
11.448,-0.003267162465477245,happy,subject_02,subject_02_happy_session_01
11.452,0.028011566776859176,happy,subject_02,subject_02_happy_session_01
11.456,-0.03725860906740289,happy,subject_02,subject_02_happy_session_01
11.46,0.0006525026973649463,happy,subject_02,subject_02_happy_session_01
11.464,0.048741731256164,happy,subject_02,subject_02_happy_session_01
11.468,0.05256244122603963,happy,subject_02,subject_02_happy_session_01
11.472,0.05232313967484448,happy,subject_02,subject_02_happy_session_01
11.476,0.0632335947021915,happy,subject_02,subject_02_happy_session_01
11.48,0.019191240778822283,happy,subject_02,subject_02_happy_session_01
11.484,-0.02245007249222957,happy,subject_02,subject_02_happy_session_01
11.488,0.033455126749237715,happy,subject_02,subject_02_happy_session_01
11.492,0.07032987632991655,happy,subject_02,subject_02_happy_session_01
11.496,0.08187936617211117,happy,subject_02,subject_02_happy_session_01
11.5,0.04157287890072837,happy,subject_02,subject_02_happy_session_01
11.504,0.03245929259893237,happy,subject_02,subject_02_happy_session_01
11.508,0.04253080471390558,happy,subject_02,subject_02_happy_session_01
11.512,0.060714668617814584,happy,subject_02,subject_02_happy_session_01
11.516,0.020364737726388055,happy,subject_02,subject_02_happy_session_01
11.52,0.07552172824164123,happy,subject_02,subject_02_happy_session_01
11.524,0.10301608126519528,happy,subject_02,subject_02_happy_session_01
11.528,0.10541724698300592,happy,subject_02,subject_02_happy_session_01
11.532,0.1048909460531475,happy,subject_02,subject_02_happy_session_01
11.536,0.10000556845230774,happy,subject_02,subject_02_happy_session_01
11.54,0.11179794387108301,happy,subject_02,subject_02_happy_session_01
11.544,0.12013371796658734,happy,subject_02,subject_02_happy_session_01
11.548,0.17193333544860043,happy,subject_02,subject_02_happy_session_01
11.552,0.1548086428858533,happy,subject_02,subject_02_happy_session_01
11.556,0.27315975198424075,happy,subject_02,subject_02_happy_session_01
11.56,0.1580047490026447,happy,subject_02,subject_02_happy_session_01
11.564,0.19207235683197144,happy,subject_02,subject_02_happy_session_01
11.568,0.17275686519036643,happy,subject_02,subject_02_happy_session_01
11.572,0.17847588235186462,happy,subject_02,subject_02_happy_session_01
11.576,0.2510966237551996,happy,subject_02,subject_02_happy_session_01
11.58,0.23718967196492527,happy,subject_02,subject_02_happy_session_01
11.584,0.1463101663872962,happy,subject_02,subject_02_happy_session_01
11.588,0.17693497707905045,happy,subject_02,subject_02_happy_session_01
11.592,0.21247010582256654,happy,subject_02,subject_02_happy_session_01
11.596,0.2031397191999345,happy,subject_02,subject_02_happy_session_01
11.6,0.17190442585989155,happy,subject_02,subject_02_happy_session_01
11.604,0.23163922383368654,happy,subject_02,subject_02_happy_session_01
11.608,0.16415464497405347,happy,subject_02,subject_02_happy_session_01
11.612,0.23602520693944126,happy,subject_02,subject_02_happy_session_01
11.616,0.25822321892368333,happy,subject_02,subject_02_happy_session_01
11.62,0.263683351154536,happy,subject_02,subject_02_happy_session_01
11.624,0.22792624208361667,happy,subject_02,subject_02_happy_session_01
11.628,0.285073882990207,happy,subject_02,subject_02_happy_session_01
11.632,0.24240583031839547,happy,subject_02,subject_02_happy_session_01
11.636,0.25840348283093795,happy,subject_02,subject_02_happy_session_01
11.64,0.20044416931162376,happy,subject_02,subject_02_happy_session_01
11.644,0.2763178133149901,happy,subject_02,subject_02_happy_session_01
11.648,0.2192619325650749,happy,subject_02,subject_02_happy_session_01
11.652,0.27034293598362885,happy,subject_02,subject_02_happy_session_01
11.656,0.2579988243673391,happy,subject_02,subject_02_happy_session_01
11.66,0.21433972733230314,happy,subject_02,subject_02_happy_session_01
11.664,0.2139688803507983,happy,subject_02,subject_02_happy_session_01
11.668,0.18754736043345058,happy,subject_02,subject_02_happy_session_01
11.672,0.1589180931504712,happy,subject_02,subject_02_happy_session_01
11.676,0.20187756181982577,happy,subject_02,subject_02_happy_session_01
11.68,0.19329878205342163,happy,subject_02,subject_02_happy_session_01
11.684,0.11061550313559235,happy,subject_02,subject_02_happy_session_01
11.688,0.15722843840516743,happy,subject_02,subject_02_happy_session_01
11.692,0.1832527486566281,happy,subject_02,subject_02_happy_session_01
11.696,0.19685420488364908,happy,subject_02,subject_02_happy_session_01
11.7,0.1635995924984209,happy,subject_02,subject_02_happy_session_01
11.704,0.07779196855444734,happy,subject_02,subject_02_happy_session_01
11.708,0.08673923615778559,happy,subject_02,subject_02_happy_session_01
11.712,0.10439131136487026,happy,subject_02,subject_02_happy_session_01
11.716,0.15846538029851107,happy,subject_02,subject_02_happy_session_01
11.72,0.08145497218178649,happy,subject_02,subject_02_happy_session_01
11.724,0.13317905136122482,happy,subject_02,subject_02_happy_session_01
11.728,0.06801260501268719,happy,subject_02,subject_02_happy_session_01
11.732,0.10246516550158766,happy,subject_02,subject_02_happy_session_01
11.736,0.04526853502838781,happy,subject_02,subject_02_happy_session_01
11.74,0.0661135453272785,happy,subject_02,subject_02_happy_session_01
11.744,0.028435447746379162,happy,subject_02,subject_02_happy_session_01
11.748,0.11414721241537108,happy,subject_02,subject_02_happy_session_01
11.752,0.035400958803867955,happy,subject_02,subject_02_happy_session_01
11.756,0.0021689980538820083,happy,subject_02,subject_02_happy_session_01
11.76,-0.0034589831961128817,happy,subject_02,subject_02_happy_session_01
11.764,0.04818446021826823,happy,subject_02,subject_02_happy_session_01
11.768,0.03344461972785215,happy,subject_02,subject_02_happy_session_01
11.772,0.0710894749658302,happy,subject_02,subject_02_happy_session_01
11.776,0.039675103293347974,happy,subject_02,subject_02_happy_session_01
11.78,0.08884618450528618,happy,subject_02,subject_02_happy_session_01
11.784,0.035285359959145286,happy,subject_02,subject_02_happy_session_01
11.788,0.08602482532008607,happy,subject_02,subject_02_happy_session_01
11.792,0.01863705831424619,happy,subject_02,subject_02_happy_session_01
11.796,0.0017525102635605888,happy,subject_02,subject_02_happy_session_01
11.8,0.028405491362567616,happy,subject_02,subject_02_happy_session_01
11.804,0.02096472183707339,happy,subject_02,subject_02_happy_session_01
11.808,0.02061564237604977,happy,subject_02,subject_02_happy_session_01
11.812,0.08231438293930439,happy,subject_02,subject_02_happy_session_01
11.816,0.06252064003668892,happy,subject_02,subject_02_happy_session_01
11.82,0.08070326896833978,happy,subject_02,subject_02_happy_session_01
11.824,0.09810277667537749,happy,subject_02,subject_02_happy_session_01
11.828,0.02435705959241162,happy,subject_02,subject_02_happy_session_01
11.832,0.10673664658989025,happy,subject_02,subject_02_happy_session_01
11.836,0.04765355407907646,happy,subject_02,subject_02_happy_session_01
11.84,0.07221514835013676,happy,subject_02,subject_02_happy_session_01
11.844,0.028187766454219054,happy,subject_02,subject_02_happy_session_01
11.848,0.11870360914453175,happy,subject_02,subject_02_happy_session_01
11.852,0.03737889899132314,happy,subject_02,subject_02_happy_session_01
11.856,0.054483417862007,happy,subject_02,subject_02_happy_session_01
11.86,0.05628686190372366,happy,subject_02,subject_02_happy_session_01
11.864,0.08978909526537422,happy,subject_02,subject_02_happy_session_01
11.868,0.086566623612499,happy,subject_02,subject_02_happy_session_01
11.872,0.11774555904205208,happy,subject_02,subject_02_happy_session_01
11.876,0.08225658814397682,happy,subject_02,subject_02_happy_session_01
11.88,0.11577513165456975,happy,subject_02,subject_02_happy_session_01
11.884,0.09085593926584774,happy,subject_02,subject_02_happy_session_01
11.888,0.039732022796107457,happy,subject_02,subject_02_happy_session_01
11.892,0.044446339671642604,happy,subject_02,subject_02_happy_session_01
11.896,0.11546652551336625,happy,subject_02,subject_02_happy_session_01
11.9,0.10026936531341092,happy,subject_02,subject_02_happy_session_01
11.904,0.08086747359414483,happy,subject_02,subject_02_happy_session_01
11.908,0.08026462851974439,happy,subject_02,subject_02_happy_session_01
11.912,0.05805336590445263,happy,subject_02,subject_02_happy_session_01
11.916,0.048669047641802216,happy,subject_02,subject_02_happy_session_01
11.92,0.03411176556004818,happy,subject_02,subject_02_happy_session_01
11.924,0.08756689323110625,happy,subject_02,subject_02_happy_session_01
11.928,0.007911259748092921,happy,subject_02,subject_02_happy_session_01
11.932,0.029000710942320852,happy,subject_02,subject_02_happy_session_01
11.936,-0.04242732268339656,happy,subject_02,subject_02_happy_session_01
11.94,-0.03558643212782586,happy,subject_02,subject_02_happy_session_01
11.944,0.07549161163950495,happy,subject_02,subject_02_happy_session_01
11.948,0.03135133967722465,happy,subject_02,subject_02_happy_session_01
11.952,0.00043393034021286126,happy,subject_02,subject_02_happy_session_01
11.956,0.009022433781717548,happy,subject_02,subject_02_happy_session_01
11.96,-0.04258712426453518,happy,subject_02,subject_02_happy_session_01
11.964,-0.011133568917310226,happy,subject_02,subject_02_happy_session_01
11.968,-0.04806989811383212,happy,subject_02,subject_02_happy_session_01
11.972,-0.008074903024488654,happy,subject_02,subject_02_happy_session_01
11.976,0.025509867893715447,happy,subject_02,subject_02_happy_session_01
11.98,0.0170723522868668,happy,subject_02,subject_02_happy_session_01
11.984,0.05625867692643726,happy,subject_02,subject_02_happy_session_01
11.988,0.010036490015355639,happy,subject_02,subject_02_happy_session_01
11.992,-0.0887229952031606,happy,subject_02,subject_02_happy_session_01
11.996,0.06337162945564334,happy,subject_02,subject_02_happy_session_01
12.0,-0.03853148851386942,happy,subject_02,subject_02_happy_session_01
12.004,-0.007803330390912344,happy,subject_02,subject_02_happy_session_01
12.008,-0.011281253118873746,happy,subject_02,subject_02_happy_session_01
12.012,0.0008747367092630702,happy,subject_02,subject_02_happy_session_01
12.016,0.01759615883036993,happy,subject_02,subject_02_happy_session_01
12.02,0.06541645127443592,happy,subject_02,subject_02_happy_session_01
12.024,0.092895646188741,happy,subject_02,subject_02_happy_session_01
12.028,0.335167268237044,happy,subject_02,subject_02_happy_session_01
12.032,0.3976385116349584,happy,subject_02,subject_02_happy_session_01
12.036,0.5221400651971801,happy,subject_02,subject_02_happy_session_01
12.04,0.7325837053679634,happy,subject_02,subject_02_happy_session_01
12.044,0.7658533858524357,happy,subject_02,subject_02_happy_session_01
12.048,0.9415248752702646,happy,subject_02,subject_02_happy_session_01
12.052,0.9589567869130824,happy,subject_02,subject_02_happy_session_01
12.056,1.010282120159856,happy,subject_02,subject_02_happy_session_01
12.06,0.9762955097214321,happy,subject_02,subject_02_happy_session_01
12.064,0.7957715963729087,happy,subject_02,subject_02_happy_session_01
12.068,0.7039430474926525,happy,subject_02,subject_02_happy_session_01
12.072,0.660481603556567,happy,subject_02,subject_02_happy_session_01
12.076,0.43766909129022696,happy,subject_02,subject_02_happy_session_01
12.08,0.3647306340185825,happy,subject_02,subject_02_happy_session_01
12.084,0.2088620389934528,happy,subject_02,subject_02_happy_session_01
12.088,0.05297330774018101,happy,subject_02,subject_02_happy_session_01
12.092,-0.01929265515920377,happy,subject_02,subject_02_happy_session_01
12.096,0.011565005533512925,happy,subject_02,subject_02_happy_session_01
12.1,0.015494831809704249,happy,subject_02,subject_02_happy_session_01
12.104,-0.06265353409620386,happy,subject_02,subject_02_happy_session_01
12.108,0.015912245019738633,happy,subject_02,subject_02_happy_session_01
12.112,0.015439042014898225,happy,subject_02,subject_02_happy_session_01
12.116,0.03727706991790325,happy,subject_02,subject_02_happy_session_01
12.12,0.011247274136574927,happy,subject_02,subject_02_happy_session_01
12.124,-0.00668980843210288,happy,subject_02,subject_02_happy_session_01
12.128,-0.013560273367696468,happy,subject_02,subject_02_happy_session_01
12.132,-0.017503070683297303,happy,subject_02,subject_02_happy_session_01
12.136,0.0989347686269434,happy,subject_02,subject_02_happy_session_01
12.14,0.035992998777676144,happy,subject_02,subject_02_happy_session_01
12.144,-0.0009325797605899341,happy,subject_02,subject_02_happy_session_01
12.148,0.07787895335856374,happy,subject_02,subject_02_happy_session_01
12.152,0.02990698110805426,happy,subject_02,subject_02_happy_session_01
12.156,0.028006876497591537,happy,subject_02,subject_02_happy_session_01
12.16,0.1275611707790631,happy,subject_02,subject_02_happy_session_01
12.164,0.013270003031896974,happy,subject_02,subject_02_happy_session_01
12.168,0.07301252958781144,happy,subject_02,subject_02_happy_session_01
12.172,0.04932320896645645,happy,subject_02,subject_02_happy_session_01
12.176,0.04923401526400193,happy,subject_02,subject_02_happy_session_01
12.18,0.030035794889990815,happy,subject_02,subject_02_happy_session_01
12.184,0.08939158591758643,happy,subject_02,subject_02_happy_session_01
12.188,0.06301248020743594,happy,subject_02,subject_02_happy_session_01
12.192,0.12083578779981675,happy,subject_02,subject_02_happy_session_01
12.196,0.10526204289168778,happy,subject_02,subject_02_happy_session_01
12.2,0.1029489195474733,happy,subject_02,subject_02_happy_session_01
12.204,0.09066879990286955,happy,subject_02,subject_02_happy_session_01
12.208,0.17848999236200702,happy,subject_02,subject_02_happy_session_01
12.212,0.16165591145206698,happy,subject_02,subject_02_happy_session_01
12.216,0.11966756853445304,happy,subject_02,subject_02_happy_session_01
12.22,0.10363412418452214,happy,subject_02,subject_02_happy_session_01
12.224,0.09286888254724605,happy,subject_02,subject_02_happy_session_01
12.228,0.20651246639842025,happy,subject_02,subject_02_happy_session_01
12.232,0.2062590647966175,happy,subject_02,subject_02_happy_session_01
12.236,0.21873742667940185,happy,subject_02,subject_02_happy_session_01
12.24,0.18546220266262606,happy,subject_02,subject_02_happy_session_01
12.244,0.22530070795167087,happy,subject_02,subject_02_happy_session_01
12.248,0.24027039992832366,happy,subject_02,subject_02_happy_session_01
12.252,0.20887133366921656,happy,subject_02,subject_02_happy_session_01
12.256,0.20549890930888956,happy,subject_02,subject_02_happy_session_01
12.26,0.19026619073174467,happy,subject_02,subject_02_happy_session_01
12.264,0.24539429564603632,happy,subject_02,subject_02_happy_session_01
12.268,0.2556958424051521,happy,subject_02,subject_02_happy_session_01
12.272,0.2271025714738927,happy,subject_02,subject_02_happy_session_01
12.276,0.23596167133448315,happy,subject_02,subject_02_happy_session_01
12.28,0.24269463072047487,happy,subject_02,subject_02_happy_session_01
12.284,0.28169248176468037,happy,subject_02,subject_02_happy_session_01
12.288,0.209037822933343,happy,subject_02,subject_02_happy_session_01
12.292,0.22101480429085066,happy,subject_02,subject_02_happy_session_01
12.296,0.22365864105450178,happy,subject_02,subject_02_happy_session_01
12.3,0.25781041867403715,happy,subject_02,subject_02_happy_session_01
12.304,0.27477248515516306,happy,subject_02,subject_02_happy_session_01
12.308,0.22643111787920323,happy,subject_02,subject_02_happy_session_01
12.312,0.2951366761871278,happy,subject_02,subject_02_happy_session_01
12.316,0.31337476895047023,happy,subject_02,subject_02_happy_session_01
12.32,0.27491614902180384,happy,subject_02,subject_02_happy_session_01
12.324,0.29738696094969547,happy,subject_02,subject_02_happy_session_01
12.328,0.22313781698959637,happy,subject_02,subject_02_happy_session_01
12.332,0.22049691380749095,happy,subject_02,subject_02_happy_session_01
12.336,0.26570465151373157,happy,subject_02,subject_02_happy_session_01
12.34,0.24184970651950852,happy,subject_02,subject_02_happy_session_01
12.344,0.20696798933346838,happy,subject_02,subject_02_happy_session_01
12.348,0.28271619982985996,happy,subject_02,subject_02_happy_session_01
12.352,0.2375164513197567,happy,subject_02,subject_02_happy_session_01
12.356,0.24550510545554727,happy,subject_02,subject_02_happy_session_01
12.36,0.19089344263874428,happy,subject_02,subject_02_happy_session_01
12.364,0.26658876415061294,happy,subject_02,subject_02_happy_session_01
12.368,0.19541489183213762,happy,subject_02,subject_02_happy_session_01
12.372,0.2294453125042212,happy,subject_02,subject_02_happy_session_01
12.376,0.16615570244581235,happy,subject_02,subject_02_happy_session_01
12.38,0.18514898952841138,happy,subject_02,subject_02_happy_session_01
12.384,0.19142202408065032,happy,subject_02,subject_02_happy_session_01
12.388,0.23439226212814696,happy,subject_02,subject_02_happy_session_01
12.392,0.1418649371213456,happy,subject_02,subject_02_happy_session_01
12.396,0.1571371286733009,happy,subject_02,subject_02_happy_session_01
12.4,0.1636858417088957,happy,subject_02,subject_02_happy_session_01
12.404,0.08654731954544026,happy,subject_02,subject_02_happy_session_01
12.408,0.053273101922977836,happy,subject_02,subject_02_happy_session_01
12.412,0.08808077906707634,happy,subject_02,subject_02_happy_session_01
12.416,0.15063690194947726,happy,subject_02,subject_02_happy_session_01
12.42,0.1710386916176234,happy,subject_02,subject_02_happy_session_01
12.424,0.07320425764143298,happy,subject_02,subject_02_happy_session_01
12.428,0.05786941354623357,happy,subject_02,subject_02_happy_session_01
12.432,0.14955382539662174,happy,subject_02,subject_02_happy_session_01
12.436,0.07190147234138214,happy,subject_02,subject_02_happy_session_01
12.44,0.07503516333978394,happy,subject_02,subject_02_happy_session_01
12.444,0.1360062712508569,happy,subject_02,subject_02_happy_session_01
12.448,0.12769855667889488,happy,subject_02,subject_02_happy_session_01
12.452,0.113104803290787,happy,subject_02,subject_02_happy_session_01
12.456,0.019137764997421328,happy,subject_02,subject_02_happy_session_01
12.46,0.034229338473846724,happy,subject_02,subject_02_happy_session_01
12.464,0.11734195384786113,happy,subject_02,subject_02_happy_session_01
12.468,0.08970713162869537,happy,subject_02,subject_02_happy_session_01
12.472,0.05241029450371419,happy,subject_02,subject_02_happy_session_01
12.476,0.06918936988209079,happy,subject_02,subject_02_happy_session_01
12.48,0.12228246723359015,happy,subject_02,subject_02_happy_session_01
12.484,0.13949588156125814,happy,subject_02,subject_02_happy_session_01
12.488,0.08887395239197247,happy,subject_02,subject_02_happy_session_01
12.492,0.06844421170076372,happy,subject_02,subject_02_happy_session_01
12.496,0.086514416271491,happy,subject_02,subject_02_happy_session_01
12.5,0.14700912739558802,happy,subject_02,subject_02_happy_session_01
12.504,0.15024580475326027,happy,subject_02,subject_02_happy_session_01
12.508,0.1146116260457142,happy,subject_02,subject_02_happy_session_01
12.512,0.09303405523977121,happy,subject_02,subject_02_happy_session_01
12.516,0.1529724942697833,happy,subject_02,subject_02_happy_session_01
12.52,0.1750412236066937,happy,subject_02,subject_02_happy_session_01
12.524,0.07008453340565034,happy,subject_02,subject_02_happy_session_01
12.528,0.11501175856660234,happy,subject_02,subject_02_happy_session_01
12.532,0.16519218740691252,happy,subject_02,subject_02_happy_session_01
12.536,0.12823809643695644,happy,subject_02,subject_02_happy_session_01
12.54,0.10878344556952521,happy,subject_02,subject_02_happy_session_01
12.544,0.1318662176355464,happy,subject_02,subject_02_happy_session_01
12.548,0.13713312307098297,happy,subject_02,subject_02_happy_session_01
12.552,0.08278204420464216,happy,subject_02,subject_02_happy_session_01
12.556,0.12278504249611141,happy,subject_02,subject_02_happy_session_01
12.56,0.12922319771565313,happy,subject_02,subject_02_happy_session_01
12.564,0.09538453740507519,happy,subject_02,subject_02_happy_session_01
12.568,0.08099450215272337,happy,subject_02,subject_02_happy_session_01
12.572,0.0847632228920735,happy,subject_02,subject_02_happy_session_01
12.576,0.06461125743139237,happy,subject_02,subject_02_happy_session_01
12.58,0.1231534331821391,happy,subject_02,subject_02_happy_session_01
12.584,0.05362014743141549,happy,subject_02,subject_02_happy_session_01
12.588,0.08929641907455795,happy,subject_02,subject_02_happy_session_01
12.592,0.06426497538614433,happy,subject_02,subject_02_happy_session_01
12.596,0.04745229302056027,happy,subject_02,subject_02_happy_session_01
12.6,0.11516222770482315,happy,subject_02,subject_02_happy_session_01
12.604,0.05783030517988855,happy,subject_02,subject_02_happy_session_01
12.608,0.03450917085733259,happy,subject_02,subject_02_happy_session_01
12.612,0.027010095082958818,happy,subject_02,subject_02_happy_session_01
12.616,0.06184958912900729,happy,subject_02,subject_02_happy_session_01
12.62,0.07545906548286188,happy,subject_02,subject_02_happy_session_01
12.624,0.08790611933135462,happy,subject_02,subject_02_happy_session_01
12.628,0.03481198414151743,happy,subject_02,subject_02_happy_session_01
12.632,0.030296047895216997,happy,subject_02,subject_02_happy_session_01
12.636,0.04075529781794274,happy,subject_02,subject_02_happy_session_01
12.64,0.04022339086861695,happy,subject_02,subject_02_happy_session_01
12.644,0.005826778299029129,happy,subject_02,subject_02_happy_session_01
12.648,0.08275485365676427,happy,subject_02,subject_02_happy_session_01
12.652,0.031290489239199845,happy,subject_02,subject_02_happy_session_01
12.656,0.04836392037986974,happy,subject_02,subject_02_happy_session_01
12.66,0.043798454709512574,happy,subject_02,subject_02_happy_session_01
12.664,0.042479090677410784,happy,subject_02,subject_02_happy_session_01
12.668,-0.007407937940420984,happy,subject_02,subject_02_happy_session_01
12.672,0.026683803550477708,happy,subject_02,subject_02_happy_session_01
12.676,0.10531531594145414,happy,subject_02,subject_02_happy_session_01
12.68,0.07855856584166707,happy,subject_02,subject_02_happy_session_01
12.684,0.0246706289782867,happy,subject_02,subject_02_happy_session_01
12.688,0.0016848583229054272,happy,subject_02,subject_02_happy_session_01
12.692,-0.06632508006102902,happy,subject_02,subject_02_happy_session_01
12.696,-0.00326633778806794,happy,subject_02,subject_02_happy_session_01
12.7,0.027234818641532963,happy,subject_02,subject_02_happy_session_01
12.704,0.05553344344395073,happy,subject_02,subject_02_happy_session_01
12.708,0.12184083459463511,happy,subject_02,subject_02_happy_session_01
12.712,0.24597956573268592,happy,subject_02,subject_02_happy_session_01
12.716,0.31014447753385976,happy,subject_02,subject_02_happy_session_01
12.72,0.4952812194236537,happy,subject_02,subject_02_happy_session_01
12.724,0.6303499619294859,happy,subject_02,subject_02_happy_session_01
12.728,0.7454007678619086,happy,subject_02,subject_02_happy_session_01
12.732,0.9554086558379539,happy,subject_02,subject_02_happy_session_01
12.736,1.0079245861094608,happy,subject_02,subject_02_happy_session_01
12.74,0.9927281625091988,happy,subject_02,subject_02_happy_session_01
12.744,1.0247758761348889,happy,subject_02,subject_02_happy_session_01
12.748,0.8931426707736366,happy,subject_02,subject_02_happy_session_01
12.752,0.8095304920786657,happy,subject_02,subject_02_happy_session_01
12.756,0.738507359168132,happy,subject_02,subject_02_happy_session_01
12.76,0.5475706157193722,happy,subject_02,subject_02_happy_session_01
12.764,0.38830914088475765,happy,subject_02,subject_02_happy_session_01
12.768,0.2720104183996636,happy,subject_02,subject_02_happy_session_01
12.772,0.1437325755640675,happy,subject_02,subject_02_happy_session_01
12.776,0.030176813504994363,happy,subject_02,subject_02_happy_session_01
12.78,0.02221101579038086,happy,subject_02,subject_02_happy_session_01
12.784,-0.09128346101086204,happy,subject_02,subject_02_happy_session_01
12.788,-0.056217817164849485,happy,subject_02,subject_02_happy_session_01
12.792,-0.024494588924932233,happy,subject_02,subject_02_happy_session_01
12.796,0.01483833962575214,happy,subject_02,subject_02_happy_session_01
12.8,0.0009142407749130627,happy,subject_02,subject_02_happy_session_01
12.804,-0.03634281194617616,happy,subject_02,subject_02_happy_session_01
12.808,-0.030935239857850266,happy,subject_02,subject_02_happy_session_01
12.812,0.04136447585668204,happy,subject_02,subject_02_happy_session_01
12.816,0.03227717254360536,happy,subject_02,subject_02_happy_session_01
12.82,0.021209509923290126,happy,subject_02,subject_02_happy_session_01
12.824,0.01887105015320551,happy,subject_02,subject_02_happy_session_01
12.828,0.06463510710597568,happy,subject_02,subject_02_happy_session_01
12.832,0.10898964262509772,happy,subject_02,subject_02_happy_session_01
12.836,0.07174138623191408,happy,subject_02,subject_02_happy_session_01
12.84,0.116986026467745,happy,subject_02,subject_02_happy_session_01
12.844,0.061994164366106656,happy,subject_02,subject_02_happy_session_01
12.848,0.09501895400539731,happy,subject_02,subject_02_happy_session_01
12.852,0.13151003138094894,happy,subject_02,subject_02_happy_session_01
12.856,0.08363062833216733,happy,subject_02,subject_02_happy_session_01
12.86,0.09530963502938156,happy,subject_02,subject_02_happy_session_01
12.864,0.08681187984106561,happy,subject_02,subject_02_happy_session_01
12.868,0.1264432071418119,happy,subject_02,subject_02_happy_session_01
12.872,0.14333224259792318,happy,subject_02,subject_02_happy_session_01
12.876,0.13034471449101348,happy,subject_02,subject_02_happy_session_01
12.88,0.1165532296008718,happy,subject_02,subject_02_happy_session_01
12.884,0.07884755413885194,happy,subject_02,subject_02_happy_session_01
12.888,0.1365983180073363,happy,subject_02,subject_02_happy_session_01
12.892,0.13870978155959537,happy,subject_02,subject_02_happy_session_01
12.896,0.16097731124188056,happy,subject_02,subject_02_happy_session_01
12.9,0.16422131054660546,happy,subject_02,subject_02_happy_session_01
12.904,0.22268054077817906,happy,subject_02,subject_02_happy_session_01
12.908,0.15084827953389648,happy,subject_02,subject_02_happy_session_01
12.912,0.1276933063460231,happy,subject_02,subject_02_happy_session_01
12.916,0.15043489437497648,happy,subject_02,subject_02_happy_session_01
12.92,0.17579506432804945,happy,subject_02,subject_02_happy_session_01
12.924,0.2433018294380886,happy,subject_02,subject_02_happy_session_01
12.928,0.16735745123428775,happy,subject_02,subject_02_happy_session_01
12.932,0.17918425552568185,happy,subject_02,subject_02_happy_session_01
12.936,0.24134443805269745,happy,subject_02,subject_02_happy_session_01
12.94,0.2632648070140217,happy,subject_02,subject_02_happy_session_01
12.944,0.18569553860481297,happy,subject_02,subject_02_happy_session_01
12.948,0.18393355260801048,happy,subject_02,subject_02_happy_session_01
12.952,0.22407973199884562,happy,subject_02,subject_02_happy_session_01
12.956,0.2798472019823625,happy,subject_02,subject_02_happy_session_01
12.96,0.26662518027793325,happy,subject_02,subject_02_happy_session_01
12.964,0.2396439706146328,happy,subject_02,subject_02_happy_session_01
12.968,0.29553146038661626,happy,subject_02,subject_02_happy_session_01
12.972,0.27721080941954446,happy,subject_02,subject_02_happy_session_01
12.976,0.2717299811743696,happy,subject_02,subject_02_happy_session_01
12.98,0.2210369103401907,happy,subject_02,subject_02_happy_session_01
12.984,0.2520067522444054,happy,subject_02,subject_02_happy_session_01
12.988,0.348284960351907,happy,subject_02,subject_02_happy_session_01
12.992,0.26821556892359705,happy,subject_02,subject_02_happy_session_01
12.996,0.2460657055478355,happy,subject_02,subject_02_happy_session_01
13.0,0.2651199236350484,happy,subject_02,subject_02_happy_session_01
13.004,0.28099741437609654,happy,subject_02,subject_02_happy_session_01
13.008,0.30547517072656005,happy,subject_02,subject_02_happy_session_01
13.012,0.29343959184280566,happy,subject_02,subject_02_happy_session_01
13.016,0.2446000854195104,happy,subject_02,subject_02_happy_session_01
13.02,0.30882631054884524,happy,subject_02,subject_02_happy_session_01
13.024,0.28836488694923473,happy,subject_02,subject_02_happy_session_01
13.028,0.23932226929587283,happy,subject_02,subject_02_happy_session_01
13.032,0.24502258336069696,happy,subject_02,subject_02_happy_session_01
13.036,0.2647344869279476,happy,subject_02,subject_02_happy_session_01
13.04,0.27516094520600426,happy,subject_02,subject_02_happy_session_01
13.044,0.17790344581637202,happy,subject_02,subject_02_happy_session_01
13.048,0.22675124382713044,happy,subject_02,subject_02_happy_session_01
13.052,0.21618694418681458,happy,subject_02,subject_02_happy_session_01
13.056,0.19010166469800208,happy,subject_02,subject_02_happy_session_01
13.06,0.18257001535096612,happy,subject_02,subject_02_happy_session_01
13.064,0.2321720259228797,happy,subject_02,subject_02_happy_session_01
13.068,0.20646966150220647,happy,subject_02,subject_02_happy_session_01
13.072,0.2539607287385196,happy,subject_02,subject_02_happy_session_01
13.076,0.15278748969229133,happy,subject_02,subject_02_happy_session_01
13.08,0.17010367459237719,happy,subject_02,subject_02_happy_session_01
13.084,0.16883129983873355,happy,subject_02,subject_02_happy_session_01
13.088,0.1821979103313427,happy,subject_02,subject_02_happy_session_01
13.092,0.191418392448929,happy,subject_02,subject_02_happy_session_01
13.096,0.14042479899125948,happy,subject_02,subject_02_happy_session_01
13.1,0.09238008706971626,happy,subject_02,subject_02_happy_session_01
13.104,0.09967790514625643,happy,subject_02,subject_02_happy_session_01
13.108,0.12376556625962104,happy,subject_02,subject_02_happy_session_01
13.112,0.15266489992600155,happy,subject_02,subject_02_happy_session_01
13.116,0.057764517310152697,happy,subject_02,subject_02_happy_session_01
13.12,0.06291590609976926,happy,subject_02,subject_02_happy_session_01
13.124,0.12633325046936358,happy,subject_02,subject_02_happy_session_01
13.128,0.0510430387494971,happy,subject_02,subject_02_happy_session_01
13.132,0.053979331698360535,happy,subject_02,subject_02_happy_session_01
13.136,0.13074121379782722,happy,subject_02,subject_02_happy_session_01
13.14,0.08141497884547505,happy,subject_02,subject_02_happy_session_01
13.144,0.07754191246128621,happy,subject_02,subject_02_happy_session_01
13.148,0.13527171802503865,happy,subject_02,subject_02_happy_session_01
13.152,0.05020402122578841,happy,subject_02,subject_02_happy_session_01
13.156,0.04379557798169906,happy,subject_02,subject_02_happy_session_01
13.16,0.14626346784364813,happy,subject_02,subject_02_happy_session_01
13.164,0.09916041533479786,happy,subject_02,subject_02_happy_session_01
13.168,0.11704024602266422,happy,subject_02,subject_02_happy_session_01
13.172,0.0850666983329473,happy,subject_02,subject_02_happy_session_01
13.176,0.09530788219110452,happy,subject_02,subject_02_happy_session_01
13.18,0.07779273168500933,happy,subject_02,subject_02_happy_session_01
13.184,0.11715738706372812,happy,subject_02,subject_02_happy_session_01
13.188,0.13883595628035933,happy,subject_02,subject_02_happy_session_01
13.192,0.12032498602531927,happy,subject_02,subject_02_happy_session_01
13.196,0.15423137429348494,happy,subject_02,subject_02_happy_session_01
13.2,0.14371638038614298,happy,subject_02,subject_02_happy_session_01
13.204,0.08696378850732944,happy,subject_02,subject_02_happy_session_01
13.208,0.12131438857764663,happy,subject_02,subject_02_happy_session_01
13.212,0.11291157739808258,happy,subject_02,subject_02_happy_session_01
13.216,0.1566254931471876,happy,subject_02,subject_02_happy_session_01
13.22,0.14742125968049777,happy,subject_02,subject_02_happy_session_01
13.224,0.13604706957840226,happy,subject_02,subject_02_happy_session_01
13.228,0.1666700182281363,happy,subject_02,subject_02_happy_session_01
13.232,0.06477323432300683,happy,subject_02,subject_02_happy_session_01
13.236,0.10712026653793981,happy,subject_02,subject_02_happy_session_01
13.24,0.10755447055153239,happy,subject_02,subject_02_happy_session_01
13.244,0.131320817821946,happy,subject_02,subject_02_happy_session_01
13.248,0.13808428202838624,happy,subject_02,subject_02_happy_session_01
13.252,0.1143983429352563,happy,subject_02,subject_02_happy_session_01
13.256,0.06369327036818159,happy,subject_02,subject_02_happy_session_01
13.26,0.1188802827817888,happy,subject_02,subject_02_happy_session_01
13.264,0.10379829630763059,happy,subject_02,subject_02_happy_session_01
13.268,0.042423831501310835,happy,subject_02,subject_02_happy_session_01
13.272,0.07793319543906269,happy,subject_02,subject_02_happy_session_01
13.276,0.09582323718362883,happy,subject_02,subject_02_happy_session_01
13.28,0.13515006139139193,happy,subject_02,subject_02_happy_session_01
13.284,0.03389042240427855,happy,subject_02,subject_02_happy_session_01
13.288,0.09460622795615146,happy,subject_02,subject_02_happy_session_01
13.292,0.02449160668275406,happy,subject_02,subject_02_happy_session_01
13.296,0.013221916415151205,happy,subject_02,subject_02_happy_session_01
13.3,0.011147063814873716,happy,subject_02,subject_02_happy_session_01
13.304,0.07093745682220914,happy,subject_02,subject_02_happy_session_01
13.308,0.050872648117609436,happy,subject_02,subject_02_happy_session_01
13.312,0.03222896965216252,happy,subject_02,subject_02_happy_session_01
13.316,0.05652611842695443,happy,subject_02,subject_02_happy_session_01
13.32,0.03951596649502592,happy,subject_02,subject_02_happy_session_01
13.324,0.039846615603885936,happy,subject_02,subject_02_happy_session_01
13.328,0.02352891652344353,happy,subject_02,subject_02_happy_session_01
13.332,-0.003380504683181171,happy,subject_02,subject_02_happy_session_01
13.336,0.09044204958702726,happy,subject_02,subject_02_happy_session_01
13.34,0.0791285816404008,happy,subject_02,subject_02_happy_session_01
13.344,0.08481051094073969,happy,subject_02,subject_02_happy_session_01
13.348,0.009451225710334469,happy,subject_02,subject_02_happy_session_01
13.352,0.0036811586287396163,happy,subject_02,subject_02_happy_session_01
13.356,0.012147488075696775,happy,subject_02,subject_02_happy_session_01
13.36,0.06292904092229418,happy,subject_02,subject_02_happy_session_01
13.364,0.023140543146515053,happy,subject_02,subject_02_happy_session_01
13.368,0.0006587811678104502,happy,subject_02,subject_02_happy_session_01
13.372,0.027741230745610055,happy,subject_02,subject_02_happy_session_01
13.376,-0.015183178717323812,happy,subject_02,subject_02_happy_session_01
13.38,-0.03738293212714425,happy,subject_02,subject_02_happy_session_01
13.384,0.0240130889321603,happy,subject_02,subject_02_happy_session_01
13.388,0.028535394087870293,happy,subject_02,subject_02_happy_session_01
13.392,0.09818074630425827,happy,subject_02,subject_02_happy_session_01
13.396,0.08608421473425484,happy,subject_02,subject_02_happy_session_01
13.4,0.25918106229636423,happy,subject_02,subject_02_happy_session_01
13.404,0.42246964812243687,happy,subject_02,subject_02_happy_session_01
13.408,0.5176642907270081,happy,subject_02,subject_02_happy_session_01
13.412,0.6651487711005721,happy,subject_02,subject_02_happy_session_01
13.416,0.8492744144873544,happy,subject_02,subject_02_happy_session_01
13.42,0.9732004530287717,happy,subject_02,subject_02_happy_session_01
13.424,0.9756005871193422,happy,subject_02,subject_02_happy_session_01
13.428,1.0052843698547895,happy,subject_02,subject_02_happy_session_01
13.432,0.961310164447257,happy,subject_02,subject_02_happy_session_01
13.436,0.8224455605165485,happy,subject_02,subject_02_happy_session_01
13.44,0.788764824506341,happy,subject_02,subject_02_happy_session_01
13.444,0.5884905400301256,happy,subject_02,subject_02_happy_session_01
13.448,0.43016940993992286,happy,subject_02,subject_02_happy_session_01
13.452,0.2999959027771596,happy,subject_02,subject_02_happy_session_01
13.456,0.10534257732061682,happy,subject_02,subject_02_happy_session_01
13.46,0.09562809634397097,happy,subject_02,subject_02_happy_session_01
13.464,0.036928614490017095,happy,subject_02,subject_02_happy_session_01
13.468,-0.02748858366680678,happy,subject_02,subject_02_happy_session_01
13.472,-0.02457620400037747,happy,subject_02,subject_02_happy_session_01
13.476,-0.04465665006169937,happy,subject_02,subject_02_happy_session_01
13.48,0.012282603051533187,happy,subject_02,subject_02_happy_session_01
13.484,-0.029786001619621784,happy,subject_02,subject_02_happy_session_01
13.488,0.012822015429830412,happy,subject_02,subject_02_happy_session_01
13.492,0.026447426261702666,happy,subject_02,subject_02_happy_session_01
13.496,0.032392692441643424,happy,subject_02,subject_02_happy_session_01
13.5,0.07695634868856832,happy,subject_02,subject_02_happy_session_01
13.504,0.12038679028340907,happy,subject_02,subject_02_happy_session_01
13.508,0.043443794191155786,happy,subject_02,subject_02_happy_session_01
13.512,0.06696277570971663,happy,subject_02,subject_02_happy_session_01
13.516,0.025636061157864112,happy,subject_02,subject_02_happy_session_01
13.52,0.09321323184096224,happy,subject_02,subject_02_happy_session_01
13.524,0.04258165494866539,happy,subject_02,subject_02_happy_session_01
13.528,0.17462431601728345,happy,subject_02,subject_02_happy_session_01
13.532,0.010187842722686968,happy,subject_02,subject_02_happy_session_01
13.536,0.14821761547794338,happy,subject_02,subject_02_happy_session_01
13.54,0.11242044409411085,happy,subject_02,subject_02_happy_session_01
13.544,0.04339751954848958,happy,subject_02,subject_02_happy_session_01
13.548,0.1690806918257366,happy,subject_02,subject_02_happy_session_01
13.552,0.06090098395485286,happy,subject_02,subject_02_happy_session_01
13.556,0.08815359239429794,happy,subject_02,subject_02_happy_session_01
13.56,0.059789243683233274,happy,subject_02,subject_02_happy_session_01
13.564,0.10630174385240475,happy,subject_02,subject_02_happy_session_01
13.568,0.11606846119280081,happy,subject_02,subject_02_happy_session_01
13.572,0.15365906389444325,happy,subject_02,subject_02_happy_session_01
13.576,0.21683310951930002,happy,subject_02,subject_02_happy_session_01
13.58,0.12058798567675233,happy,subject_02,subject_02_happy_session_01
13.584,0.04938785720811317,happy,subject_02,subject_02_happy_session_01
13.588,0.17572527412944705,happy,subject_02,subject_02_happy_session_01
13.592,0.14114265572447454,happy,subject_02,subject_02_happy_session_01
13.596,0.23146861694930804,happy,subject_02,subject_02_happy_session_01
13.6,0.17403857453312027,happy,subject_02,subject_02_happy_session_01
13.604,0.15607581575607973,happy,subject_02,subject_02_happy_session_01
13.608,0.15451366217644877,happy,subject_02,subject_02_happy_session_01
13.612,0.21897940506159777,happy,subject_02,subject_02_happy_session_01
13.616,0.19460078909245715,happy,subject_02,subject_02_happy_session_01
13.62,0.26246151589282485,happy,subject_02,subject_02_happy_session_01
13.624,0.21033774175223463,happy,subject_02,subject_02_happy_session_01
13.628,0.27355282576223533,happy,subject_02,subject_02_happy_session_01
13.632,0.1817432343044014,happy,subject_02,subject_02_happy_session_01
13.636,0.17483622173444957,happy,subject_02,subject_02_happy_session_01
13.64,0.26994334435659073,happy,subject_02,subject_02_happy_session_01
13.644,0.2294574198237902,happy,subject_02,subject_02_happy_session_01
13.648,0.24080051351001722,happy,subject_02,subject_02_happy_session_01
13.652,0.21840058478775826,happy,subject_02,subject_02_happy_session_01
13.656,0.2190989393283801,happy,subject_02,subject_02_happy_session_01
13.66,0.2820405292654838,happy,subject_02,subject_02_happy_session_01
13.664,0.2612487577517189,happy,subject_02,subject_02_happy_session_01
13.668,0.22631627969900103,happy,subject_02,subject_02_happy_session_01
13.672,0.29199345392462533,happy,subject_02,subject_02_happy_session_01
13.676,0.3057257340510277,happy,subject_02,subject_02_happy_session_01
13.68,0.26044892142542586,happy,subject_02,subject_02_happy_session_01
13.684,0.29840063710860265,happy,subject_02,subject_02_happy_session_01
13.688,0.22663841277540145,happy,subject_02,subject_02_happy_session_01
13.692,0.2797098199638144,happy,subject_02,subject_02_happy_session_01
13.696,0.26238276683561046,happy,subject_02,subject_02_happy_session_01
13.7,0.22565832854485132,happy,subject_02,subject_02_happy_session_01
13.704,0.32131236429630505,happy,subject_02,subject_02_happy_session_01
13.708,0.25317288811694977,happy,subject_02,subject_02_happy_session_01
13.712,0.21942628453051946,happy,subject_02,subject_02_happy_session_01
13.716,0.23541363896941037,happy,subject_02,subject_02_happy_session_01
13.72,0.1984884172773046,happy,subject_02,subject_02_happy_session_01
13.724,0.1822559204438782,happy,subject_02,subject_02_happy_session_01
13.728,0.2004948023318809,happy,subject_02,subject_02_happy_session_01
13.732,0.19604368028691282,happy,subject_02,subject_02_happy_session_01
13.736,0.17418155346359498,happy,subject_02,subject_02_happy_session_01
13.74,0.23882990708390986,happy,subject_02,subject_02_happy_session_01
13.744,0.16078618579653606,happy,subject_02,subject_02_happy_session_01
13.748,0.14738686149042796,happy,subject_02,subject_02_happy_session_01
13.752,0.1308650931874614,happy,subject_02,subject_02_happy_session_01
13.756,0.1198146771679918,happy,subject_02,subject_02_happy_session_01
13.76,0.19297592269031474,happy,subject_02,subject_02_happy_session_01
13.764,0.15843743648080086,happy,subject_02,subject_02_happy_session_01
13.768,0.1660473817471333,happy,subject_02,subject_02_happy_session_01
13.772,0.17015388866950862,happy,subject_02,subject_02_happy_session_01
13.776,0.1156482544001393,happy,subject_02,subject_02_happy_session_01
13.78,0.17186639987003094,happy,subject_02,subject_02_happy_session_01
13.784,0.0916805659048652,happy,subject_02,subject_02_happy_session_01
13.788,0.06885297111694136,happy,subject_02,subject_02_happy_session_01
13.792,0.11419733759946228,happy,subject_02,subject_02_happy_session_01
13.796,0.10047000756798252,happy,subject_02,subject_02_happy_session_01
13.8,0.09511330242377826,happy,subject_02,subject_02_happy_session_01
13.804,0.12078862160351067,happy,subject_02,subject_02_happy_session_01
13.808,0.08458973644264622,happy,subject_02,subject_02_happy_session_01
13.812,0.08795805918925827,happy,subject_02,subject_02_happy_session_01
13.816,0.12125419091417333,happy,subject_02,subject_02_happy_session_01
13.82,0.08023246602014386,happy,subject_02,subject_02_happy_session_01
13.824,0.08601336691135186,happy,subject_02,subject_02_happy_session_01
13.828,0.017511265283691173,happy,subject_02,subject_02_happy_session_01
13.832,0.19632955402933122,happy,subject_02,subject_02_happy_session_01
13.836,0.010120867054897321,happy,subject_02,subject_02_happy_session_01
13.84,0.047171317976434604,happy,subject_02,subject_02_happy_session_01
13.844,0.04695028716942154,happy,subject_02,subject_02_happy_session_01
13.848,0.14206534799505044,happy,subject_02,subject_02_happy_session_01
13.852,0.04918689564857733,happy,subject_02,subject_02_happy_session_01
13.856,0.0880692631233114,happy,subject_02,subject_02_happy_session_01
13.86,0.05571206739781436,happy,subject_02,subject_02_happy_session_01
13.864,0.042146438341777594,happy,subject_02,subject_02_happy_session_01
13.868,0.10190412358637063,happy,subject_02,subject_02_happy_session_01
13.872,0.06032686413519828,happy,subject_02,subject_02_happy_session_01
13.876,0.09636164478580178,happy,subject_02,subject_02_happy_session_01
13.88,0.11458631034256044,happy,subject_02,subject_02_happy_session_01
13.884,0.16278783817344203,happy,subject_02,subject_02_happy_session_01
13.888,0.055011521995214384,happy,subject_02,subject_02_happy_session_01
13.892,0.09661014625287896,happy,subject_02,subject_02_happy_session_01
13.896,0.10036852447064887,happy,subject_02,subject_02_happy_session_01
13.9,0.10606998961625894,happy,subject_02,subject_02_happy_session_01
13.904,0.19709880064327617,happy,subject_02,subject_02_happy_session_01
13.908,0.1016082138016249,happy,subject_02,subject_02_happy_session_01
13.912,0.019231865192185477,happy,subject_02,subject_02_happy_session_01
13.916,0.09956000862775671,happy,subject_02,subject_02_happy_session_01
13.92,0.10068994258803288,happy,subject_02,subject_02_happy_session_01
13.924,0.09401958545977607,happy,subject_02,subject_02_happy_session_01
13.928,0.0742584401594892,happy,subject_02,subject_02_happy_session_01
13.932,0.049505786296637815,happy,subject_02,subject_02_happy_session_01
13.936,0.167126574195151,happy,subject_02,subject_02_happy_session_01
13.94,0.09800887618240263,happy,subject_02,subject_02_happy_session_01
13.944,0.07508226141266666,happy,subject_02,subject_02_happy_session_01
13.948,0.15092918444888756,happy,subject_02,subject_02_happy_session_01
13.952,0.04051390877373993,happy,subject_02,subject_02_happy_session_01
13.956,0.0863511961479558,happy,subject_02,subject_02_happy_session_01
13.96,0.015883297229853127,happy,subject_02,subject_02_happy_session_01
13.964,0.08027590721770915,happy,subject_02,subject_02_happy_session_01
13.968,0.008829698098805211,happy,subject_02,subject_02_happy_session_01
13.972,0.05974316964335561,happy,subject_02,subject_02_happy_session_01
13.976,0.10663506419115701,happy,subject_02,subject_02_happy_session_01
13.98,0.036833699507043405,happy,subject_02,subject_02_happy_session_01
13.984,-0.047559801238122354,happy,subject_02,subject_02_happy_session_01
13.988,0.02639590082805696,happy,subject_02,subject_02_happy_session_01
13.992,0.038278148789139405,happy,subject_02,subject_02_happy_session_01
13.996,0.04967064338778214,happy,subject_02,subject_02_happy_session_01
14.0,0.0667338900002017,happy,subject_02,subject_02_happy_session_01
14.004,0.06587455648748618,happy,subject_02,subject_02_happy_session_01
14.008,0.005603831853755374,happy,subject_02,subject_02_happy_session_01
14.012,-0.014928012284075249,happy,subject_02,subject_02_happy_session_01
14.016,-0.03276105486946078,happy,subject_02,subject_02_happy_session_01
14.02,-0.014033894398658238,happy,subject_02,subject_02_happy_session_01
14.024,0.020237074740185605,happy,subject_02,subject_02_happy_session_01
14.028,-0.044761574838319294,happy,subject_02,subject_02_happy_session_01
14.032,-0.030964131369803232,happy,subject_02,subject_02_happy_session_01
14.036,0.020281732093654033,happy,subject_02,subject_02_happy_session_01
14.04,-0.022935103103927212,happy,subject_02,subject_02_happy_session_01
14.044,0.01145424399685997,happy,subject_02,subject_02_happy_session_01
14.048,-0.031858735281033876,happy,subject_02,subject_02_happy_session_01
14.052,0.0037080280120714727,happy,subject_02,subject_02_happy_session_01
14.056,-0.03772459595228363,happy,subject_02,subject_02_happy_session_01
14.06,-0.08217487744519322,happy,subject_02,subject_02_happy_session_01
14.064,0.015059799914121322,happy,subject_02,subject_02_happy_session_01
14.068,-0.03832127062333953,happy,subject_02,subject_02_happy_session_01
14.072,-0.003769192049401176,happy,subject_02,subject_02_happy_session_01
14.076,0.021854073512178825,happy,subject_02,subject_02_happy_session_01
14.08,0.1342625843416041,happy,subject_02,subject_02_happy_session_01
14.084,0.22577736891655215,happy,subject_02,subject_02_happy_session_01
14.088,0.3582067846273327,happy,subject_02,subject_02_happy_session_01
14.092,0.4627961053354286,happy,subject_02,subject_02_happy_session_01
14.096,0.6284314952603209,happy,subject_02,subject_02_happy_session_01
14.1,0.7836713285659725,happy,subject_02,subject_02_happy_session_01
14.104,0.9377289613362836,happy,subject_02,subject_02_happy_session_01
14.108,0.9709978598525324,happy,subject_02,subject_02_happy_session_01
14.112,0.9538292792332754,happy,subject_02,subject_02_happy_session_01
14.116,0.9745556568209177,happy,subject_02,subject_02_happy_session_01
14.12,0.8852047846134505,happy,subject_02,subject_02_happy_session_01
14.124,0.7046974199236142,happy,subject_02,subject_02_happy_session_01
14.128,0.5648294847864422,happy,subject_02,subject_02_happy_session_01
14.132,0.4688794823091502,happy,subject_02,subject_02_happy_session_01
14.136,0.31692669435631876,happy,subject_02,subject_02_happy_session_01
14.14,0.16861319726348867,happy,subject_02,subject_02_happy_session_01
14.144,0.10028215417695338,happy,subject_02,subject_02_happy_session_01
14.148,-0.04019018366532757,happy,subject_02,subject_02_happy_session_01
14.152,-0.10046086159350277,happy,subject_02,subject_02_happy_session_01
14.156,-0.09812000455871776,happy,subject_02,subject_02_happy_session_01
14.16,-0.08850992301804159,happy,subject_02,subject_02_happy_session_01
14.164,-0.05623714658673883,happy,subject_02,subject_02_happy_session_01
14.168,-0.06530314694958307,happy,subject_02,subject_02_happy_session_01
14.172,-0.09636147274558765,happy,subject_02,subject_02_happy_session_01
14.176,-0.09840792577508065,happy,subject_02,subject_02_happy_session_01
14.18,0.005289270521555128,happy,subject_02,subject_02_happy_session_01
14.184,-0.03191153977027837,happy,subject_02,subject_02_happy_session_01
14.188,-0.05785242938099633,happy,subject_02,subject_02_happy_session_01
14.192,0.03789034981822925,happy,subject_02,subject_02_happy_session_01
14.196,0.07333348503303733,happy,subject_02,subject_02_happy_session_01
14.2,0.019095982723660088,happy,subject_02,subject_02_happy_session_01
14.204,0.03505592688115392,happy,subject_02,subject_02_happy_session_01
14.208,0.03881340906019748,happy,subject_02,subject_02_happy_session_01
14.212,-0.0481329821025554,happy,subject_02,subject_02_happy_session_01
14.216,0.06790042999196243,happy,subject_02,subject_02_happy_session_01
14.22,0.08443721032046139,happy,subject_02,subject_02_happy_session_01
14.224,0.1098507601272889,happy,subject_02,subject_02_happy_session_01
14.228,0.03504655617030493,happy,subject_02,subject_02_happy_session_01
14.232,0.0157124723567826,happy,subject_02,subject_02_happy_session_01
14.236,0.1083442406733229,happy,subject_02,subject_02_happy_session_01
14.24,0.08387839400456537,happy,subject_02,subject_02_happy_session_01
14.244,0.10291192270729181,happy,subject_02,subject_02_happy_session_01
14.248,0.05578244460313497,happy,subject_02,subject_02_happy_session_01
14.252,0.0943016019442081,happy,subject_02,subject_02_happy_session_01
14.256,0.054513357424436464,happy,subject_02,subject_02_happy_session_01
14.26,0.09798340828981028,happy,subject_02,subject_02_happy_session_01
14.264,0.09295167650238956,happy,subject_02,subject_02_happy_session_01
14.268,0.19426420791424187,happy,subject_02,subject_02_happy_session_01
14.272,0.13867692861412925,happy,subject_02,subject_02_happy_session_01
14.276,0.051481937639159966,happy,subject_02,subject_02_happy_session_01
14.28,0.13413389990824925,happy,subject_02,subject_02_happy_session_01
14.284,0.15448382911267136,happy,subject_02,subject_02_happy_session_01
14.288,0.13240441825933702,happy,subject_02,subject_02_happy_session_01
14.292,0.11773789966177733,happy,subject_02,subject_02_happy_session_01
14.296,0.18669935113264352,happy,subject_02,subject_02_happy_session_01
14.3,0.1370429273780327,happy,subject_02,subject_02_happy_session_01
14.304,0.19776287021053057,happy,subject_02,subject_02_happy_session_01
14.308,0.14772509662378305,happy,subject_02,subject_02_happy_session_01
14.312,0.17208735567531086,happy,subject_02,subject_02_happy_session_01
14.316,0.23037449485542127,happy,subject_02,subject_02_happy_session_01
14.32,0.2198164846161243,happy,subject_02,subject_02_happy_session_01
14.324,0.2091920985361964,happy,subject_02,subject_02_happy_session_01
14.328,0.2120154027462874,happy,subject_02,subject_02_happy_session_01
14.332,0.2207380003189878,happy,subject_02,subject_02_happy_session_01
14.336,0.19387514461738536,happy,subject_02,subject_02_happy_session_01
14.34,0.17197909009459017,happy,subject_02,subject_02_happy_session_01
14.344,0.2479164037046906,happy,subject_02,subject_02_happy_session_01
14.348,0.2839055078833675,happy,subject_02,subject_02_happy_session_01
14.352,0.25326303177474546,happy,subject_02,subject_02_happy_session_01
14.356,0.24216571894786973,happy,subject_02,subject_02_happy_session_01
14.36,0.19150827699974357,happy,subject_02,subject_02_happy_session_01
14.364,0.2644215864902181,happy,subject_02,subject_02_happy_session_01
14.368,0.2498595616901748,happy,subject_02,subject_02_happy_session_01
14.372,0.25828671067043696,happy,subject_02,subject_02_happy_session_01
14.376,0.2659279265559025,happy,subject_02,subject_02_happy_session_01
14.38,0.2827147786268353,happy,subject_02,subject_02_happy_session_01
14.384,0.1850723652037964,happy,subject_02,subject_02_happy_session_01
14.388,0.1752986528651311,happy,subject_02,subject_02_happy_session_01
14.392,0.22139128740030523,happy,subject_02,subject_02_happy_session_01
14.396,0.17920795503200404,happy,subject_02,subject_02_happy_session_01
14.4,0.1679663585495611,happy,subject_02,subject_02_happy_session_01
14.404,0.24340446245180938,happy,subject_02,subject_02_happy_session_01
14.408,0.15937221020172462,happy,subject_02,subject_02_happy_session_01
14.412,0.18793363786262288,happy,subject_02,subject_02_happy_session_01
14.416,0.1245378054075636,happy,subject_02,subject_02_happy_session_01
14.42,0.1768890859862426,happy,subject_02,subject_02_happy_session_01
14.424,0.20889874865662175,happy,subject_02,subject_02_happy_session_01
14.428,0.20259291020530462,happy,subject_02,subject_02_happy_session_01
14.432,0.1892059300858787,happy,subject_02,subject_02_happy_session_01
14.436,0.14229169957183893,happy,subject_02,subject_02_happy_session_01
14.44,0.17629247328140718,happy,subject_02,subject_02_happy_session_01
14.444,0.14479346975990492,happy,subject_02,subject_02_happy_session_01
14.448,0.1067675190638435,happy,subject_02,subject_02_happy_session_01
14.452,0.12796214806778983,happy,subject_02,subject_02_happy_session_01
14.456,0.1381969983987868,happy,subject_02,subject_02_happy_session_01
14.46,0.05348911564756048,happy,subject_02,subject_02_happy_session_01
14.464,0.05581074475216646,happy,subject_02,subject_02_happy_session_01
14.468,0.0811098274222779,happy,subject_02,subject_02_happy_session_01
14.472,0.036869257207819,happy,subject_02,subject_02_happy_session_01
14.476,0.030185951189229704,happy,subject_02,subject_02_happy_session_01
14.48,0.052901602976233,happy,subject_02,subject_02_happy_session_01
14.484,0.09691239544350583,happy,subject_02,subject_02_happy_session_01
14.488,0.0912546188236896,happy,subject_02,subject_02_happy_session_01
14.492,0.06389878885006119,happy,subject_02,subject_02_happy_session_01
14.496,0.054935007543747076,happy,subject_02,subject_02_happy_session_01
14.5,0.11817881631607086,happy,subject_02,subject_02_happy_session_01
14.504,0.023286562263797612,happy,subject_02,subject_02_happy_session_01
14.508,0.048226397819322864,happy,subject_02,subject_02_happy_session_01
14.512,0.01739580591677726,happy,subject_02,subject_02_happy_session_01
14.516,-0.008218683534692468,happy,subject_02,subject_02_happy_session_01
14.52,0.07775700667416194,happy,subject_02,subject_02_happy_session_01
14.524,0.025660511978606818,happy,subject_02,subject_02_happy_session_01
14.528,0.061316963943934114,happy,subject_02,subject_02_happy_session_01
14.532,0.02961519235406591,happy,subject_02,subject_02_happy_session_01
14.536,0.08363531988810254,happy,subject_02,subject_02_happy_session_01
14.54,0.007368833771709632,happy,subject_02,subject_02_happy_session_01
14.544,0.08571598054828485,happy,subject_02,subject_02_happy_session_01
14.548,0.07935131585485214,happy,subject_02,subject_02_happy_session_01
14.552,-0.011395502199426762,happy,subject_02,subject_02_happy_session_01
14.556,0.03688678159182367,happy,subject_02,subject_02_happy_session_01
14.56,0.0943649023745293,happy,subject_02,subject_02_happy_session_01
14.564,0.11959659601249728,happy,subject_02,subject_02_happy_session_01
14.568,0.09087480790711652,happy,subject_02,subject_02_happy_session_01
14.572,0.0552760718012865,happy,subject_02,subject_02_happy_session_01
14.576,0.03826353210348936,happy,subject_02,subject_02_happy_session_01
14.58,0.0945667698286147,happy,subject_02,subject_02_happy_session_01
14.584,0.06189159598575052,happy,subject_02,subject_02_happy_session_01
14.588,0.06485985280371702,happy,subject_02,subject_02_happy_session_01
14.592,0.07127336743466935,happy,subject_02,subject_02_happy_session_01
14.596,0.11012233248564937,happy,subject_02,subject_02_happy_session_01
14.6,0.14190969633428954,happy,subject_02,subject_02_happy_session_01
14.604,0.11332224672211166,happy,subject_02,subject_02_happy_session_01
14.608,0.07569899197968384,happy,subject_02,subject_02_happy_session_01
14.612,0.04119212277789585,happy,subject_02,subject_02_happy_session_01
14.616,0.09269256025573684,happy,subject_02,subject_02_happy_session_01
14.62,0.1237039388165602,happy,subject_02,subject_02_happy_session_01
14.624,0.09612379095909056,happy,subject_02,subject_02_happy_session_01
14.628,0.06344003446744945,happy,subject_02,subject_02_happy_session_01
14.632,0.03389649623772827,happy,subject_02,subject_02_happy_session_01
14.636,0.05770169873086504,happy,subject_02,subject_02_happy_session_01
14.64,0.08049884507541338,happy,subject_02,subject_02_happy_session_01
14.644,0.04263696378859044,happy,subject_02,subject_02_happy_session_01
14.648,0.02533766366503144,happy,subject_02,subject_02_happy_session_01
14.652,-0.0005329184825988743,happy,subject_02,subject_02_happy_session_01
14.656,0.10889223485158818,happy,subject_02,subject_02_happy_session_01
14.66,-0.017942669692138955,happy,subject_02,subject_02_happy_session_01
14.664,-0.025918010135735657,happy,subject_02,subject_02_happy_session_01
14.668,0.009819083580847494,happy,subject_02,subject_02_happy_session_01
14.672,-0.007075381095892335,happy,subject_02,subject_02_happy_session_01
14.676,0.0320773569877075,happy,subject_02,subject_02_happy_session_01
14.68,0.029888187006398434,happy,subject_02,subject_02_happy_session_01
14.684,-0.052630863235905316,happy,subject_02,subject_02_happy_session_01
14.688,-0.03925330043815929,happy,subject_02,subject_02_happy_session_01
14.692,-0.045801162415520354,happy,subject_02,subject_02_happy_session_01
14.696,0.010247411305935233,happy,subject_02,subject_02_happy_session_01
14.7,-0.003988366835268075,happy,subject_02,subject_02_happy_session_01
14.704,-0.033497045720118565,happy,subject_02,subject_02_happy_session_01
14.708,-0.014206941461671839,happy,subject_02,subject_02_happy_session_01
14.712,-0.06228483933472674,happy,subject_02,subject_02_happy_session_01
14.716,-0.04977010618750491,happy,subject_02,subject_02_happy_session_01
14.72,-0.07007502330968426,happy,subject_02,subject_02_happy_session_01
14.724,-0.020247648060610062,happy,subject_02,subject_02_happy_session_01
14.728,-0.0213063041140378,happy,subject_02,subject_02_happy_session_01
14.732,-0.06213976714594451,happy,subject_02,subject_02_happy_session_01
14.736,-0.015324963063020752,happy,subject_02,subject_02_happy_session_01
14.74,0.0032230306554255697,happy,subject_02,subject_02_happy_session_01
14.744,-0.0745967315097825,happy,subject_02,subject_02_happy_session_01
14.748,-0.053956563276083114,happy,subject_02,subject_02_happy_session_01
14.752,-0.02371795492071902,happy,subject_02,subject_02_happy_session_01
14.756,-0.029728116858572306,happy,subject_02,subject_02_happy_session_01
14.76,-0.04618196850350732,happy,subject_02,subject_02_happy_session_01
14.764,0.043829903192155906,happy,subject_02,subject_02_happy_session_01
14.768,0.12974862739967724,happy,subject_02,subject_02_happy_session_01
14.772,0.2557415387799536,happy,subject_02,subject_02_happy_session_01
14.776,0.3942799334665267,happy,subject_02,subject_02_happy_session_01
14.78,0.6013275210345688,happy,subject_02,subject_02_happy_session_01
14.784,0.6838276672636038,happy,subject_02,subject_02_happy_session_01
14.788,0.7573351018206687,happy,subject_02,subject_02_happy_session_01
14.792,0.9142629598540865,happy,subject_02,subject_02_happy_session_01
14.796,1.0213923411888481,happy,subject_02,subject_02_happy_session_01
14.8,0.9521487807042193,happy,subject_02,subject_02_happy_session_01
14.804,0.8883933179513167,happy,subject_02,subject_02_happy_session_01
14.808,0.7925864794073709,happy,subject_02,subject_02_happy_session_01
14.812,0.6885092936280199,happy,subject_02,subject_02_happy_session_01
14.816,0.5024240547367363,happy,subject_02,subject_02_happy_session_01
14.82,0.3022153397492492,happy,subject_02,subject_02_happy_session_01
14.824,0.18589609566664753,happy,subject_02,subject_02_happy_session_01
14.828,0.08549098786066216,happy,subject_02,subject_02_happy_session_01
14.832,0.016285315902497807,happy,subject_02,subject_02_happy_session_01
14.836,-0.07993006611776052,happy,subject_02,subject_02_happy_session_01
14.84,-0.09724277835807982,happy,subject_02,subject_02_happy_session_01
14.844,-0.08992374840039837,happy,subject_02,subject_02_happy_session_01
14.848,-0.10906915393652131,happy,subject_02,subject_02_happy_session_01
14.852,-0.06896840927873578,happy,subject_02,subject_02_happy_session_01
14.856,-0.03254444212875701,happy,subject_02,subject_02_happy_session_01
14.86,-0.07598824652509706,happy,subject_02,subject_02_happy_session_01
14.864,-0.012766006398564771,happy,subject_02,subject_02_happy_session_01
14.868,-0.05384293736635899,happy,subject_02,subject_02_happy_session_01
14.872,-0.047613473355766614,happy,subject_02,subject_02_happy_session_01
14.876,-0.029187378203515933,happy,subject_02,subject_02_happy_session_01
14.88,0.0453046779733593,happy,subject_02,subject_02_happy_session_01
14.884,-0.05921822205394995,happy,subject_02,subject_02_happy_session_01
14.888,-0.01208062902978956,happy,subject_02,subject_02_happy_session_01
14.892,0.00674974350554834,happy,subject_02,subject_02_happy_session_01
14.896,0.052277192253132806,happy,subject_02,subject_02_happy_session_01
14.9,0.08361352121811336,happy,subject_02,subject_02_happy_session_01
14.904,0.004945559465625544,happy,subject_02,subject_02_happy_session_01
14.908,0.04315205870262056,happy,subject_02,subject_02_happy_session_01
14.912,0.02580275594238088,happy,subject_02,subject_02_happy_session_01
14.916,0.030695059027146702,happy,subject_02,subject_02_happy_session_01
14.92,0.0491875209878277,happy,subject_02,subject_02_happy_session_01
14.924,-0.010201953033410274,happy,subject_02,subject_02_happy_session_01
14.928,0.049544410654834,happy,subject_02,subject_02_happy_session_01
14.932,0.07318276585219992,happy,subject_02,subject_02_happy_session_01
14.936,0.03374238879659282,happy,subject_02,subject_02_happy_session_01
14.94,0.08649792911854702,happy,subject_02,subject_02_happy_session_01
14.944,0.016855228142081333,happy,subject_02,subject_02_happy_session_01
14.948,0.08767517308280111,happy,subject_02,subject_02_happy_session_01
14.952,0.13858827314460168,happy,subject_02,subject_02_happy_session_01
14.956,0.09130846304471914,happy,subject_02,subject_02_happy_session_01
14.96,0.07217573607451015,happy,subject_02,subject_02_happy_session_01
14.964,0.06405831125046127,happy,subject_02,subject_02_happy_session_01
14.968,0.13517139660288444,happy,subject_02,subject_02_happy_session_01
14.972,0.16155039249227426,happy,subject_02,subject_02_happy_session_01
14.976,0.13463640792410225,happy,subject_02,subject_02_happy_session_01
14.98,0.1278232088755713,happy,subject_02,subject_02_happy_session_01
14.984,0.08380449052088643,happy,subject_02,subject_02_happy_session_01
14.988,0.16289985188277292,happy,subject_02,subject_02_happy_session_01
14.992,0.14140278787441293,happy,subject_02,subject_02_happy_session_01
14.996,0.15013625787421547,happy,subject_02,subject_02_happy_session_01
15.0,0.23525361689480712,happy,subject_02,subject_02_happy_session_01
15.004,0.12172180914251496,happy,subject_02,subject_02_happy_session_01
15.008,0.1321331105838191,happy,subject_02,subject_02_happy_session_01
15.012,0.20391607586537666,happy,subject_02,subject_02_happy_session_01
15.016,0.18720058019667699,happy,subject_02,subject_02_happy_session_01
15.02,0.186912752118448,happy,subject_02,subject_02_happy_session_01
15.024,0.2184841440742875,happy,subject_02,subject_02_happy_session_01
15.028,0.22122708698623272,happy,subject_02,subject_02_happy_session_01
15.032,0.180955983390026,happy,subject_02,subject_02_happy_session_01
15.036,0.1965006871340204,happy,subject_02,subject_02_happy_session_01
15.04,0.22051925343220705,happy,subject_02,subject_02_happy_session_01
15.044,0.22559309429797783,happy,subject_02,subject_02_happy_session_01
15.048,0.23699906970895596,happy,subject_02,subject_02_happy_session_01
15.052,0.19939079506207869,happy,subject_02,subject_02_happy_session_01
15.056,0.23104343909814015,happy,subject_02,subject_02_happy_session_01
15.06,0.2506398195101888,happy,subject_02,subject_02_happy_session_01
15.064,0.21689587762066706,happy,subject_02,subject_02_happy_session_01
15.068,0.20894809574655374,happy,subject_02,subject_02_happy_session_01
15.072,0.20102765213677673,happy,subject_02,subject_02_happy_session_01
15.076,0.18384513723913679,happy,subject_02,subject_02_happy_session_01
15.08,0.16829178180623117,happy,subject_02,subject_02_happy_session_01
15.084,0.18587018900357846,happy,subject_02,subject_02_happy_session_01
15.088,0.2068179192992486,happy,subject_02,subject_02_happy_session_01
15.092,0.1542424299506438,happy,subject_02,subject_02_happy_session_01
15.096,0.1766739698557427,happy,subject_02,subject_02_happy_session_01
15.1,0.16623127976086655,happy,subject_02,subject_02_happy_session_01
15.104,0.2284844340188419,happy,subject_02,subject_02_happy_session_01
15.108,0.18464298945849303,happy,subject_02,subject_02_happy_session_01
15.112,0.1769593832687254,happy,subject_02,subject_02_happy_session_01
15.116,0.17715930118763878,happy,subject_02,subject_02_happy_session_01
15.12,0.11847570730900801,happy,subject_02,subject_02_happy_session_01
15.124,0.17831277810955506,happy,subject_02,subject_02_happy_session_01
15.128,0.1282267430511457,happy,subject_02,subject_02_happy_session_01
15.132,0.11364397849259061,happy,subject_02,subject_02_happy_session_01
15.136,0.06530836084335237,happy,subject_02,subject_02_happy_session_01
15.14,0.08649138072399443,happy,subject_02,subject_02_happy_session_01
15.144,0.03161275768269203,happy,subject_02,subject_02_happy_session_01
15.148,0.077796333390071,happy,subject_02,subject_02_happy_session_01
15.152,0.05960363606466117,happy,subject_02,subject_02_happy_session_01
15.156,0.059391565806161506,happy,subject_02,subject_02_happy_session_01
15.16,0.01869177227377347,happy,subject_02,subject_02_happy_session_01
15.164,0.08603697275747192,happy,subject_02,subject_02_happy_session_01
15.168,0.07674122653647533,happy,subject_02,subject_02_happy_session_01
15.172,0.11015358626344257,happy,subject_02,subject_02_happy_session_01
15.176,0.10462315702116784,happy,subject_02,subject_02_happy_session_01
15.18,0.047884374620364954,happy,subject_02,subject_02_happy_session_01
15.184,0.07469775592642908,happy,subject_02,subject_02_happy_session_01
15.188,0.04503041164238567,happy,subject_02,subject_02_happy_session_01
15.192,0.018502944757766288,happy,subject_02,subject_02_happy_session_01
15.196,0.021891773508519893,happy,subject_02,subject_02_happy_session_01
15.2,0.05275897167414974,happy,subject_02,subject_02_happy_session_01
15.204,0.1728583130600943,happy,subject_02,subject_02_happy_session_01
15.208,0.07061982855784311,happy,subject_02,subject_02_happy_session_01
15.212,0.03900722323950222,happy,subject_02,subject_02_happy_session_01
15.216,0.04850629135051546,happy,subject_02,subject_02_happy_session_01
15.22,0.04994192915008873,happy,subject_02,subject_02_happy_session_01
15.224,0.032425495691181874,happy,subject_02,subject_02_happy_session_01
15.228,0.06478914706724458,happy,subject_02,subject_02_happy_session_01
15.232,0.03599658595925761,happy,subject_02,subject_02_happy_session_01
15.236,0.009481759564357387,happy,subject_02,subject_02_happy_session_01
15.24,0.06542491409450672,happy,subject_02,subject_02_happy_session_01
15.244,0.07392561070514178,happy,subject_02,subject_02_happy_session_01
15.248,0.051145728393849677,happy,subject_02,subject_02_happy_session_01
15.252,0.07088594115000463,happy,subject_02,subject_02_happy_session_01
15.256,0.09728841143205694,happy,subject_02,subject_02_happy_session_01
15.26,0.06517881258669281,happy,subject_02,subject_02_happy_session_01
15.264,0.05429952938068809,happy,subject_02,subject_02_happy_session_01
15.268,0.047595923181033166,happy,subject_02,subject_02_happy_session_01
15.272,0.06545996392326257,happy,subject_02,subject_02_happy_session_01
15.276,0.1293595001533851,happy,subject_02,subject_02_happy_session_01
15.28,0.06931522986430519,happy,subject_02,subject_02_happy_session_01
15.284,0.0887479055436087,happy,subject_02,subject_02_happy_session_01
15.288,0.06399456527628129,happy,subject_02,subject_02_happy_session_01
15.292,0.05945629771564811,happy,subject_02,subject_02_happy_session_01
15.296,0.04080361716664367,happy,subject_02,subject_02_happy_session_01
15.3,0.07219571600518615,happy,subject_02,subject_02_happy_session_01
15.304,0.047093326940050785,happy,subject_02,subject_02_happy_session_01
15.308,0.10574270886266658,happy,subject_02,subject_02_happy_session_01
15.312,0.05292310490231261,happy,subject_02,subject_02_happy_session_01
15.316,0.05028433385093893,happy,subject_02,subject_02_happy_session_01
15.32,0.04042203187278437,happy,subject_02,subject_02_happy_session_01
15.324,0.054422855433434225,happy,subject_02,subject_02_happy_session_01
15.328,0.08823813008998367,happy,subject_02,subject_02_happy_session_01
15.332,-0.005714547069560916,happy,subject_02,subject_02_happy_session_01
15.336,0.03510327307164972,happy,subject_02,subject_02_happy_session_01
15.34,-0.034672463221933125,happy,subject_02,subject_02_happy_session_01
15.344,0.05811615585864794,happy,subject_02,subject_02_happy_session_01
15.348,0.00685271694135333,happy,subject_02,subject_02_happy_session_01
15.352,-0.04604685372681844,happy,subject_02,subject_02_happy_session_01
15.356,-0.042407491196350816,happy,subject_02,subject_02_happy_session_01
15.36,0.027049486213878267,happy,subject_02,subject_02_happy_session_01
15.364,-0.06302319971499366,happy,subject_02,subject_02_happy_session_01
15.368,0.0020102292075282234,happy,subject_02,subject_02_happy_session_01
15.372,-0.02535082435270308,happy,subject_02,subject_02_happy_session_01
15.376,-0.01945784544511841,happy,subject_02,subject_02_happy_session_01
15.38,-0.038202751537785164,happy,subject_02,subject_02_happy_session_01
15.384,-0.04965479280579022,happy,subject_02,subject_02_happy_session_01
15.388,-0.03478721093485045,happy,subject_02,subject_02_happy_session_01
15.392,0.0011092062798018776,happy,subject_02,subject_02_happy_session_01
15.396,-0.030120529881664047,happy,subject_02,subject_02_happy_session_01
15.4,-0.005923833609544791,happy,subject_02,subject_02_happy_session_01
15.404,-0.029787922808138988,happy,subject_02,subject_02_happy_session_01
15.408,-0.00048442932677834893,happy,subject_02,subject_02_happy_session_01
15.412,-0.007992242137070987,happy,subject_02,subject_02_happy_session_01
15.416,-0.04241785786373191,happy,subject_02,subject_02_happy_session_01
15.42,-0.05861216148612458,happy,subject_02,subject_02_happy_session_01
15.424,0.005256208984226216,happy,subject_02,subject_02_happy_session_01
15.428,-0.060907986581619125,happy,subject_02,subject_02_happy_session_01
15.432,-0.01938044444930875,happy,subject_02,subject_02_happy_session_01
15.436,-0.037412911317976257,happy,subject_02,subject_02_happy_session_01
15.44,-0.04784075369601151,happy,subject_02,subject_02_happy_session_01
15.444,0.006218129110725289,happy,subject_02,subject_02_happy_session_01
15.448,0.08541972973491488,happy,subject_02,subject_02_happy_session_01
15.452,0.13453439475461598,happy,subject_02,subject_02_happy_session_01
15.456,0.2217565346743407,happy,subject_02,subject_02_happy_session_01
15.46,0.40352833331691246,happy,subject_02,subject_02_happy_session_01
15.464,0.43332581508723284,happy,subject_02,subject_02_happy_session_01
15.468,0.6008672878923135,happy,subject_02,subject_02_happy_session_01
15.472,0.7593095895372293,happy,subject_02,subject_02_happy_session_01
15.476,0.9339392762703032,happy,subject_02,subject_02_happy_session_01
15.48,0.9857874837154618,happy,subject_02,subject_02_happy_session_01
15.484,0.9119852842219839,happy,subject_02,subject_02_happy_session_01
15.488,0.9234755852305773,happy,subject_02,subject_02_happy_session_01
15.492,0.809787476708976,happy,subject_02,subject_02_happy_session_01
15.496,0.7321233822427069,happy,subject_02,subject_02_happy_session_01
15.5,0.616473702876403,happy,subject_02,subject_02_happy_session_01
15.504,0.46058212671113724,happy,subject_02,subject_02_happy_session_01
15.508,0.2835417061462804,happy,subject_02,subject_02_happy_session_01
15.512,0.1268265632621465,happy,subject_02,subject_02_happy_session_01
15.516,0.035054020011336166,happy,subject_02,subject_02_happy_session_01
15.52,-0.007884904417311343,happy,subject_02,subject_02_happy_session_01
15.524,0.0118219393995595,happy,subject_02,subject_02_happy_session_01
15.528,-0.12447704698388386,happy,subject_02,subject_02_happy_session_01
15.532,-0.022333865548771842,happy,subject_02,subject_02_happy_session_01
15.536,-0.05491203497244561,happy,subject_02,subject_02_happy_session_01
15.54,-0.017483178010450816,happy,subject_02,subject_02_happy_session_01
15.544,-0.023876399715330034,happy,subject_02,subject_02_happy_session_01
15.548,0.03136893782970182,happy,subject_02,subject_02_happy_session_01
15.552,0.0029470599404348326,happy,subject_02,subject_02_happy_session_01
15.556,-0.02477788959373018,happy,subject_02,subject_02_happy_session_01
15.56,0.018483297084551507,happy,subject_02,subject_02_happy_session_01
15.564,0.04605222425077514,happy,subject_02,subject_02_happy_session_01
15.568,0.010145909147488846,happy,subject_02,subject_02_happy_session_01
15.572,-0.05896849574199628,happy,subject_02,subject_02_happy_session_01
15.576,0.013220019004068934,happy,subject_02,subject_02_happy_session_01
15.58,0.02450639154609489,happy,subject_02,subject_02_happy_session_01
15.584,0.023584389989395476,happy,subject_02,subject_02_happy_session_01
15.588,0.012164368894338105,happy,subject_02,subject_02_happy_session_01
15.592,0.0804357382950448,happy,subject_02,subject_02_happy_session_01
15.596,-0.04402123358049527,happy,subject_02,subject_02_happy_session_01
15.6,0.047503629972924406,happy,subject_02,subject_02_happy_session_01
15.604,0.05345337360722441,happy,subject_02,subject_02_happy_session_01
15.608,0.12872742160392278,happy,subject_02,subject_02_happy_session_01
15.612,0.06090349736799674,happy,subject_02,subject_02_happy_session_01
15.616,0.08326565094206775,happy,subject_02,subject_02_happy_session_01
15.62,0.07855106649338511,happy,subject_02,subject_02_happy_session_01
15.624,0.0842202626684008,happy,subject_02,subject_02_happy_session_01
15.628,0.14957384768549378,happy,subject_02,subject_02_happy_session_01
15.632,0.056112596743819285,happy,subject_02,subject_02_happy_session_01
15.636,0.0789905989279118,happy,subject_02,subject_02_happy_session_01
15.64,0.13620726805335204,happy,subject_02,subject_02_happy_session_01
15.644,0.12638671888676645,happy,subject_02,subject_02_happy_session_01
15.648,0.11515659251443428,happy,subject_02,subject_02_happy_session_01
15.652,0.13032486984940547,happy,subject_02,subject_02_happy_session_01
15.656,0.17252303622981324,happy,subject_02,subject_02_happy_session_01
15.66,0.16523357469046837,happy,subject_02,subject_02_happy_session_01
15.664,0.13096024114063823,happy,subject_02,subject_02_happy_session_01
15.668,0.1717922240135318,happy,subject_02,subject_02_happy_session_01
15.672,0.16913851061352103,happy,subject_02,subject_02_happy_session_01
15.676,0.19457050784347565,happy,subject_02,subject_02_happy_session_01
15.68,0.1738616929495158,happy,subject_02,subject_02_happy_session_01
15.684,0.1495289375524364,happy,subject_02,subject_02_happy_session_01
15.688,0.22175734295869415,happy,subject_02,subject_02_happy_session_01
15.692,0.22347381497773397,happy,subject_02,subject_02_happy_session_01
15.696,0.2594588579801109,happy,subject_02,subject_02_happy_session_01
15.7,0.1690723745958674,happy,subject_02,subject_02_happy_session_01
15.704,0.21742443299584266,happy,subject_02,subject_02_happy_session_01
15.708,0.21606913915839418,happy,subject_02,subject_02_happy_session_01
15.712,0.2139795305973938,happy,subject_02,subject_02_happy_session_01
15.716,0.17706811356360708,happy,subject_02,subject_02_happy_session_01
15.72,0.19626146845337922,happy,subject_02,subject_02_happy_session_01
15.724,0.2450303723969887,happy,subject_02,subject_02_happy_session_01
15.728,0.21944120676114293,happy,subject_02,subject_02_happy_session_01
15.732,0.20875906497438712,happy,subject_02,subject_02_happy_session_01
15.736,0.2878745503119477,happy,subject_02,subject_02_happy_session_01
15.74,0.3203948879485672,happy,subject_02,subject_02_happy_session_01
15.744,0.23422523149770216,happy,subject_02,subject_02_happy_session_01
15.748,0.18190099068858673,happy,subject_02,subject_02_happy_session_01
15.752,0.24603374512982465,happy,subject_02,subject_02_happy_session_01
15.756,0.15627787615920422,happy,subject_02,subject_02_happy_session_01
15.76,0.1785626566976871,happy,subject_02,subject_02_happy_session_01
15.764,0.23632180343033243,happy,subject_02,subject_02_happy_session_01
15.768,0.1689417268624446,happy,subject_02,subject_02_happy_session_01
15.772,0.20207549332457683,happy,subject_02,subject_02_happy_session_01
15.776,0.15514585558704347,happy,subject_02,subject_02_happy_session_01
15.78,0.2032883366365492,happy,subject_02,subject_02_happy_session_01
15.784,0.2345298553874773,happy,subject_02,subject_02_happy_session_01
15.788,0.16735677049916686,happy,subject_02,subject_02_happy_session_01
15.792,0.18145314447487082,happy,subject_02,subject_02_happy_session_01
15.796,0.14668479548695354,happy,subject_02,subject_02_happy_session_01
15.8,0.142068655929057,happy,subject_02,subject_02_happy_session_01
15.804,0.1318753337577893,happy,subject_02,subject_02_happy_session_01
15.808,0.18119788958351882,happy,subject_02,subject_02_happy_session_01
15.812,0.09689433550361744,happy,subject_02,subject_02_happy_session_01
15.816,0.12743212828859632,happy,subject_02,subject_02_happy_session_01
15.82,0.14611761717321453,happy,subject_02,subject_02_happy_session_01
15.824,0.15643344222413214,happy,subject_02,subject_02_happy_session_01
15.828,0.13295946160718705,happy,subject_02,subject_02_happy_session_01
15.832,0.108115913204537,happy,subject_02,subject_02_happy_session_01
15.836,0.08407916868223532,happy,subject_02,subject_02_happy_session_01
15.84,0.1299602423260912,happy,subject_02,subject_02_happy_session_01
15.844,0.06109553405135631,happy,subject_02,subject_02_happy_session_01
15.848,0.05582372134037312,happy,subject_02,subject_02_happy_session_01
15.852,0.12755615883557014,happy,subject_02,subject_02_happy_session_01
15.856,0.08779738467671994,happy,subject_02,subject_02_happy_session_01
15.86,0.08444090528049417,happy,subject_02,subject_02_happy_session_01
15.864,0.08742114577208748,happy,subject_02,subject_02_happy_session_01
15.868,0.05953208348474065,happy,subject_02,subject_02_happy_session_01
15.872,0.00944532435371448,happy,subject_02,subject_02_happy_session_01
15.876,0.06602697576069293,happy,subject_02,subject_02_happy_session_01
15.88,0.054650954329945704,happy,subject_02,subject_02_happy_session_01
15.884,0.023873460665275938,happy,subject_02,subject_02_happy_session_01
15.888,0.015086074970346468,happy,subject_02,subject_02_happy_session_01
15.892,0.051449865298894955,happy,subject_02,subject_02_happy_session_01
15.896,0.006040621316160136,happy,subject_02,subject_02_happy_session_01
15.9,0.04962406503494717,happy,subject_02,subject_02_happy_session_01
15.904,0.04705145256831584,happy,subject_02,subject_02_happy_session_01
15.908,0.05430544817014207,happy,subject_02,subject_02_happy_session_01
15.912,0.07523655339533253,happy,subject_02,subject_02_happy_session_01
15.916,0.08600476569315729,happy,subject_02,subject_02_happy_session_01
15.92,0.04277978280132635,happy,subject_02,subject_02_happy_session_01
15.924,0.10184123102652075,happy,subject_02,subject_02_happy_session_01
15.928,0.0676155000177276,happy,subject_02,subject_02_happy_session_01
15.932,0.14063307016775328,happy,subject_02,subject_02_happy_session_01
15.936,0.06272617228021916,happy,subject_02,subject_02_happy_session_01
15.94,0.030634736156537376,happy,subject_02,subject_02_happy_session_01
15.944,0.11978423344902314,happy,subject_02,subject_02_happy_session_01
15.948,0.1087357498120879,happy,subject_02,subject_02_happy_session_01
15.952,0.13868973078714172,happy,subject_02,subject_02_happy_session_01
15.956,0.10973544266705851,happy,subject_02,subject_02_happy_session_01
15.96,0.18246459816596,happy,subject_02,subject_02_happy_session_01
15.964,0.09496117387514971,happy,subject_02,subject_02_happy_session_01
15.968,0.13850112460485425,happy,subject_02,subject_02_happy_session_01
15.972,0.08307544241824116,happy,subject_02,subject_02_happy_session_01
15.976,0.11753845941182997,happy,subject_02,subject_02_happy_session_01
15.98,0.12220615708177064,happy,subject_02,subject_02_happy_session_01
15.984,0.12508685468640562,happy,subject_02,subject_02_happy_session_01
15.988,0.11996307673866165,happy,subject_02,subject_02_happy_session_01
15.992,-0.024212432231855152,happy,subject_02,subject_02_happy_session_01
15.996,0.08246467205300614,happy,subject_02,subject_02_happy_session_01
16.0,0.060133277441313034,happy,subject_02,subject_02_happy_session_01
16.004,0.06211917337236554,happy,subject_02,subject_02_happy_session_01
16.008,0.06029173446832528,happy,subject_02,subject_02_happy_session_01
16.012,0.09916417141168526,happy,subject_02,subject_02_happy_session_01
16.016,0.06674927222197898,happy,subject_02,subject_02_happy_session_01
16.02,0.036650389923209806,happy,subject_02,subject_02_happy_session_01
16.024,-0.0020972293296945416,happy,subject_02,subject_02_happy_session_01
16.028,0.09801675303325383,happy,subject_02,subject_02_happy_session_01
16.032,0.017015724362900903,happy,subject_02,subject_02_happy_session_01
16.036,0.030697504056197127,happy,subject_02,subject_02_happy_session_01
16.04,0.10605381096157869,happy,subject_02,subject_02_happy_session_01
16.044,0.005753205807052745,happy,subject_02,subject_02_happy_session_01
16.048,0.014425566865888447,happy,subject_02,subject_02_happy_session_01
16.052,0.029173978727613133,happy,subject_02,subject_02_happy_session_01
16.056,-0.037836855474194915,happy,subject_02,subject_02_happy_session_01
16.06,-0.04423036232027034,happy,subject_02,subject_02_happy_session_01
16.064,-0.0028424947770205964,happy,subject_02,subject_02_happy_session_01
16.068,-0.003351352579248474,happy,subject_02,subject_02_happy_session_01
16.072,0.015545669170553488,happy,subject_02,subject_02_happy_session_01
16.076,-0.024579489812904018,happy,subject_02,subject_02_happy_session_01
16.08,0.02386444929510946,happy,subject_02,subject_02_happy_session_01
16.084,-0.0675904237853788,happy,subject_02,subject_02_happy_session_01
16.088,0.004815266767991707,happy,subject_02,subject_02_happy_session_01
16.092,0.01936980425747263,happy,subject_02,subject_02_happy_session_01
16.096,0.017747728593989705,happy,subject_02,subject_02_happy_session_01
16.1,-0.00016889823880372398,happy,subject_02,subject_02_happy_session_01
16.104,-0.018884713083360913,happy,subject_02,subject_02_happy_session_01
16.108,-0.00483838234098935,happy,subject_02,subject_02_happy_session_01
16.112,0.04136645124291155,happy,subject_02,subject_02_happy_session_01
16.116,-0.027354944527725394,happy,subject_02,subject_02_happy_session_01
16.12,0.024634916585588,happy,subject_02,subject_02_happy_session_01
16.124,0.03288044983583023,happy,subject_02,subject_02_happy_session_01
16.128,-0.05223045168867848,happy,subject_02,subject_02_happy_session_01
16.132,0.040091477614908874,happy,subject_02,subject_02_happy_session_01
16.136,0.07347568156178808,happy,subject_02,subject_02_happy_session_01
16.14,0.14806129428694143,happy,subject_02,subject_02_happy_session_01
16.144,0.34870307682532137,happy,subject_02,subject_02_happy_session_01
16.148,0.4778114034202201,happy,subject_02,subject_02_happy_session_01
16.152,0.6190041353118642,happy,subject_02,subject_02_happy_session_01
16.156,0.7143672475910957,happy,subject_02,subject_02_happy_session_01
16.16,0.8811993862730079,happy,subject_02,subject_02_happy_session_01
16.164,0.9142175822041723,happy,subject_02,subject_02_happy_session_01
16.168,1.0028541702172125,happy,subject_02,subject_02_happy_session_01
16.172,0.965058699926167,happy,subject_02,subject_02_happy_session_01
16.176,0.9616203067160884,happy,subject_02,subject_02_happy_session_01
16.18,0.8043482289773057,happy,subject_02,subject_02_happy_session_01
16.184,0.6852621934420969,happy,subject_02,subject_02_happy_session_01
16.188,0.5289058586606463,happy,subject_02,subject_02_happy_session_01
16.192,0.36151483869699214,happy,subject_02,subject_02_happy_session_01
16.196,0.22599807200415375,happy,subject_02,subject_02_happy_session_01
16.2,0.11705338905213956,happy,subject_02,subject_02_happy_session_01
16.204,-0.008660438145652389,happy,subject_02,subject_02_happy_session_01
16.208,-0.014033616338544304,happy,subject_02,subject_02_happy_session_01
16.212,-0.020124052157208732,happy,subject_02,subject_02_happy_session_01
16.216,-0.037510351986977664,happy,subject_02,subject_02_happy_session_01
16.22,-0.05219015102105177,happy,subject_02,subject_02_happy_session_01
16.224,-0.016864199607641305,happy,subject_02,subject_02_happy_session_01
16.228,-0.018907327212024032,happy,subject_02,subject_02_happy_session_01
16.232,0.0036961411496942353,happy,subject_02,subject_02_happy_session_01
16.236,-0.02317738124031403,happy,subject_02,subject_02_happy_session_01
16.24,0.07421498058306951,happy,subject_02,subject_02_happy_session_01
16.244,0.09907401964884224,happy,subject_02,subject_02_happy_session_01
16.248,0.010899389807914987,happy,subject_02,subject_02_happy_session_01
16.252,0.06670088577299019,happy,subject_02,subject_02_happy_session_01
16.256,0.09371071586786178,happy,subject_02,subject_02_happy_session_01
16.26,0.012745144014260093,happy,subject_02,subject_02_happy_session_01
16.264,-0.02551951776274871,happy,subject_02,subject_02_happy_session_01
16.268,0.10711475187628663,happy,subject_02,subject_02_happy_session_01
16.272,0.05792705941363198,happy,subject_02,subject_02_happy_session_01
16.276,0.04463900828534719,happy,subject_02,subject_02_happy_session_01
16.28,0.06928696675904247,happy,subject_02,subject_02_happy_session_01
16.284,0.059799248942210614,happy,subject_02,subject_02_happy_session_01
16.288,0.18166245145700038,happy,subject_02,subject_02_happy_session_01
16.292,0.0651456765869505,happy,subject_02,subject_02_happy_session_01
16.296,0.10108513480714588,happy,subject_02,subject_02_happy_session_01
16.3,0.14102710391609194,happy,subject_02,subject_02_happy_session_01
16.304,0.14727913247350838,happy,subject_02,subject_02_happy_session_01
16.308,0.14723708156985432,happy,subject_02,subject_02_happy_session_01
16.312,0.10085869730907375,happy,subject_02,subject_02_happy_session_01
16.316,0.11751624299070168,happy,subject_02,subject_02_happy_session_01
16.32,0.05399638225070208,happy,subject_02,subject_02_happy_session_01
16.324,0.13491409373782665,happy,subject_02,subject_02_happy_session_01
16.328,0.14621674147663039,happy,subject_02,subject_02_happy_session_01
16.332,0.1786739338621367,happy,subject_02,subject_02_happy_session_01
16.336,0.22326606118221518,happy,subject_02,subject_02_happy_session_01
16.34,0.19306036928354306,happy,subject_02,subject_02_happy_session_01
16.344,0.2133705544181007,happy,subject_02,subject_02_happy_session_01
16.348,0.18297394504261733,happy,subject_02,subject_02_happy_session_01
16.352,0.2361361868892301,happy,subject_02,subject_02_happy_session_01
16.356,0.1990473558209394,happy,subject_02,subject_02_happy_session_01
16.36,0.24587971642722942,happy,subject_02,subject_02_happy_session_01
16.364,0.24120255412712893,happy,subject_02,subject_02_happy_session_01
16.368,0.23361980532804602,happy,subject_02,subject_02_happy_session_01
16.372,0.17247841167168,happy,subject_02,subject_02_happy_session_01
16.376,0.27085908853874413,happy,subject_02,subject_02_happy_session_01
16.38,0.2516328472661799,happy,subject_02,subject_02_happy_session_01
16.384,0.2683739566636044,happy,subject_02,subject_02_happy_session_01
16.388,0.25968674076768117,happy,subject_02,subject_02_happy_session_01
16.392,0.270158848986833,happy,subject_02,subject_02_happy_session_01
16.396,0.30259154698273033,happy,subject_02,subject_02_happy_session_01
16.4,0.24385031487924896,happy,subject_02,subject_02_happy_session_01
16.404,0.2796020583862322,happy,subject_02,subject_02_happy_session_01
16.408,0.238230134398402,happy,subject_02,subject_02_happy_session_01
16.412,0.28722314956729117,happy,subject_02,subject_02_happy_session_01
16.416,0.27681591142382966,happy,subject_02,subject_02_happy_session_01
16.42,0.2462947862026481,happy,subject_02,subject_02_happy_session_01
16.424,0.2713895146047495,happy,subject_02,subject_02_happy_session_01
16.428,0.24731691291836072,happy,subject_02,subject_02_happy_session_01
16.432,0.25248781392530967,happy,subject_02,subject_02_happy_session_01
16.436,0.276030160366866,happy,subject_02,subject_02_happy_session_01
16.44,0.27031463448739035,happy,subject_02,subject_02_happy_session_01
16.444,0.19044830128248358,happy,subject_02,subject_02_happy_session_01
16.448,0.2668370035004969,happy,subject_02,subject_02_happy_session_01
16.452,0.2389471264838244,happy,subject_02,subject_02_happy_session_01
16.456,0.2302778102584561,happy,subject_02,subject_02_happy_session_01
16.46,0.20009874892466353,happy,subject_02,subject_02_happy_session_01
16.464,0.23232430208074203,happy,subject_02,subject_02_happy_session_01
16.468,0.20960412671986173,happy,subject_02,subject_02_happy_session_01
16.472,0.266154187666664,happy,subject_02,subject_02_happy_session_01
16.476,0.15373924194623417,happy,subject_02,subject_02_happy_session_01
16.48,0.174381672295735,happy,subject_02,subject_02_happy_session_01
16.484,0.1649673470835377,happy,subject_02,subject_02_happy_session_01
16.488,0.2029336682014952,happy,subject_02,subject_02_happy_session_01
16.492,0.22764195195021336,happy,subject_02,subject_02_happy_session_01
16.496,0.19683390081744886,happy,subject_02,subject_02_happy_session_01
16.5,0.1335387366817358,happy,subject_02,subject_02_happy_session_01
16.504,0.1494832574534064,happy,subject_02,subject_02_happy_session_01
16.508,0.12891122437413247,happy,subject_02,subject_02_happy_session_01
16.512,0.1678422802214749,happy,subject_02,subject_02_happy_session_01
16.516,0.12733048659537566,happy,subject_02,subject_02_happy_session_01
16.52,0.0868062276261249,happy,subject_02,subject_02_happy_session_01
16.524,0.15014223370582358,happy,subject_02,subject_02_happy_session_01
16.528,0.16758847066342772,happy,subject_02,subject_02_happy_session_01
16.532,0.11112958173507015,happy,subject_02,subject_02_happy_session_01
16.536,0.115955076851464,happy,subject_02,subject_02_happy_session_01
16.54,0.053764380190078724,happy,subject_02,subject_02_happy_session_01
16.544,0.02957707318397626,happy,subject_02,subject_02_happy_session_01
16.548,0.0325540108521888,happy,subject_02,subject_02_happy_session_01
16.552,0.09181715910202476,happy,subject_02,subject_02_happy_session_01
16.556,0.07923457793049621,happy,subject_02,subject_02_happy_session_01
16.56,0.10630833630646584,happy,subject_02,subject_02_happy_session_01
16.564,0.0780217186422437,happy,subject_02,subject_02_happy_session_01
16.568,0.11785194725168818,happy,subject_02,subject_02_happy_session_01
16.572,0.11275549521570144,happy,subject_02,subject_02_happy_session_01
16.576,0.07049810097882704,happy,subject_02,subject_02_happy_session_01
16.58,0.04683292494083587,happy,subject_02,subject_02_happy_session_01
16.584,0.015657452137168223,happy,subject_02,subject_02_happy_session_01
16.588,0.13424796051501814,happy,subject_02,subject_02_happy_session_01
16.592,0.05298298701455454,happy,subject_02,subject_02_happy_session_01
16.596,0.035999540240543804,happy,subject_02,subject_02_happy_session_01
16.6,0.09577266142604648,happy,subject_02,subject_02_happy_session_01
16.604,0.04239906133798063,happy,subject_02,subject_02_happy_session_01
16.608,0.10251228755074344,happy,subject_02,subject_02_happy_session_01
16.612,0.08998691726323417,happy,subject_02,subject_02_happy_session_01
16.616,0.13796100766952013,happy,subject_02,subject_02_happy_session_01
16.62,0.13880728032904943,happy,subject_02,subject_02_happy_session_01
16.624,0.1519394449888577,happy,subject_02,subject_02_happy_session_01
16.628,0.12414468503618803,happy,subject_02,subject_02_happy_session_01
16.632,0.09018296563909738,happy,subject_02,subject_02_happy_session_01
16.636,0.08683053945997071,happy,subject_02,subject_02_happy_session_01
16.64,0.10695025090850235,happy,subject_02,subject_02_happy_session_01
16.644,0.1971545049686963,happy,subject_02,subject_02_happy_session_01
16.648,0.11982581065982596,happy,subject_02,subject_02_happy_session_01
16.652,0.13468927127216654,happy,subject_02,subject_02_happy_session_01
16.656,0.18199437503706237,happy,subject_02,subject_02_happy_session_01
16.66,0.1368168158165453,happy,subject_02,subject_02_happy_session_01
16.664,0.10004411907295226,happy,subject_02,subject_02_happy_session_01
16.668,0.14944995784143653,happy,subject_02,subject_02_happy_session_01
16.672,0.10589478508256805,happy,subject_02,subject_02_happy_session_01
16.676,0.12741618328329568,happy,subject_02,subject_02_happy_session_01
16.68,0.13110783691729236,happy,subject_02,subject_02_happy_session_01
16.684,0.09132932639889192,happy,subject_02,subject_02_happy_session_01
16.688,0.11025171920317663,happy,subject_02,subject_02_happy_session_01
16.692,0.15457281631536055,happy,subject_02,subject_02_happy_session_01
16.696,0.0713221276182317,happy,subject_02,subject_02_happy_session_01
16.7,0.13394994328096554,happy,subject_02,subject_02_happy_session_01
16.704,0.061813459789638175,happy,subject_02,subject_02_happy_session_01
16.708,0.14026851128819723,happy,subject_02,subject_02_happy_session_01
16.712,0.04213225574737274,happy,subject_02,subject_02_happy_session_01
16.716,0.053389871311666094,happy,subject_02,subject_02_happy_session_01
16.72,0.11533515394456728,happy,subject_02,subject_02_happy_session_01
16.724,0.11255365904157423,happy,subject_02,subject_02_happy_session_01
16.728,0.0828836651780057,happy,subject_02,subject_02_happy_session_01
16.732,0.01273656402637656,happy,subject_02,subject_02_happy_session_01
16.736,0.0502033282562301,happy,subject_02,subject_02_happy_session_01
16.74,0.044432859590143814,happy,subject_02,subject_02_happy_session_01
16.744,0.01184838789015617,happy,subject_02,subject_02_happy_session_01
16.748,0.06393063299346843,happy,subject_02,subject_02_happy_session_01
16.752,0.010403162340087,happy,subject_02,subject_02_happy_session_01
16.756,-0.009253825384817525,happy,subject_02,subject_02_happy_session_01
16.76,-0.022226067893040158,happy,subject_02,subject_02_happy_session_01
16.764,0.09325416439588469,happy,subject_02,subject_02_happy_session_01
16.768,0.014481687513686118,happy,subject_02,subject_02_happy_session_01
16.772,0.014415902266661548,happy,subject_02,subject_02_happy_session_01
16.776,-0.005192523307737902,happy,subject_02,subject_02_happy_session_01
16.78,0.07814290227686808,happy,subject_02,subject_02_happy_session_01
16.784,-0.01876909966753299,happy,subject_02,subject_02_happy_session_01
16.788,-0.013742069194891158,happy,subject_02,subject_02_happy_session_01
16.792,0.015145282291170006,happy,subject_02,subject_02_happy_session_01
16.796,0.022380305320344178,happy,subject_02,subject_02_happy_session_01
16.8,0.041708166931800655,happy,subject_02,subject_02_happy_session_01
16.804,-0.009287625015326616,happy,subject_02,subject_02_happy_session_01
16.808,0.06784755708376966,happy,subject_02,subject_02_happy_session_01
16.812,-0.00041042356868505395,happy,subject_02,subject_02_happy_session_01
16.816,0.014342009553741805,happy,subject_02,subject_02_happy_session_01
16.82,0.06242725637875967,happy,subject_02,subject_02_happy_session_01
16.824,0.15465554746552276,happy,subject_02,subject_02_happy_session_01
16.828,0.25056672076197106,happy,subject_02,subject_02_happy_session_01
16.832,0.45099938355130254,happy,subject_02,subject_02_happy_session_01
16.836,0.536339042751983,happy,subject_02,subject_02_happy_session_01
16.84,0.7133944402036054,happy,subject_02,subject_02_happy_session_01
16.844,0.8137168458000897,happy,subject_02,subject_02_happy_session_01
16.848,0.9106010228020145,happy,subject_02,subject_02_happy_session_01
16.852,1.0501371669419974,happy,subject_02,subject_02_happy_session_01
16.856,1.076840736679189,happy,subject_02,subject_02_happy_session_01
16.86,1.0220249721362666,happy,subject_02,subject_02_happy_session_01
16.864,0.8349881475248792,happy,subject_02,subject_02_happy_session_01
16.868,0.7110968309913154,happy,subject_02,subject_02_happy_session_01
16.872,0.6751343024530021,happy,subject_02,subject_02_happy_session_01
16.876,0.4384032337131525,happy,subject_02,subject_02_happy_session_01
16.88,0.24961506745641865,happy,subject_02,subject_02_happy_session_01
16.884,0.20798170517012676,happy,subject_02,subject_02_happy_session_01
16.888,0.07515534496748293,happy,subject_02,subject_02_happy_session_01
16.892,0.028659611810511878,happy,subject_02,subject_02_happy_session_01
16.896,-0.10282193994545372,happy,subject_02,subject_02_happy_session_01
16.9,-0.044694394847424074,happy,subject_02,subject_02_happy_session_01
16.904,0.007258431682171253,happy,subject_02,subject_02_happy_session_01
16.908,-0.03302306821988203,happy,subject_02,subject_02_happy_session_01
16.912,0.04973632315219721,happy,subject_02,subject_02_happy_session_01
16.916,-0.024392888892008364,happy,subject_02,subject_02_happy_session_01
16.92,0.029548327724448303,happy,subject_02,subject_02_happy_session_01
16.924,0.09955496344601356,happy,subject_02,subject_02_happy_session_01
16.928,0.007705619183381605,happy,subject_02,subject_02_happy_session_01
16.932,0.06193698856074366,happy,subject_02,subject_02_happy_session_01
16.936,0.07657054983043686,happy,subject_02,subject_02_happy_session_01
16.94,0.06266018298875381,happy,subject_02,subject_02_happy_session_01
16.944,0.054080631897677436,happy,subject_02,subject_02_happy_session_01
16.948,0.03568336824294251,happy,subject_02,subject_02_happy_session_01
16.952,0.07697681869850156,happy,subject_02,subject_02_happy_session_01
16.956,0.07050050515672276,happy,subject_02,subject_02_happy_session_01
16.96,0.02808599676346668,happy,subject_02,subject_02_happy_session_01
16.964,0.12138767863262279,happy,subject_02,subject_02_happy_session_01
16.968,0.055854838763031114,happy,subject_02,subject_02_happy_session_01
16.972,0.043436466608361625,happy,subject_02,subject_02_happy_session_01
16.976,0.07731493142936242,happy,subject_02,subject_02_happy_session_01
16.98,0.07255598370009897,happy,subject_02,subject_02_happy_session_01
16.984,0.10066439607386121,happy,subject_02,subject_02_happy_session_01
16.988,0.07237357918926376,happy,subject_02,subject_02_happy_session_01
16.992,0.13793764033463174,happy,subject_02,subject_02_happy_session_01
16.996,0.1772224612431239,happy,subject_02,subject_02_happy_session_01
17.0,0.13942793843518525,happy,subject_02,subject_02_happy_session_01
17.004,0.09219886806068908,happy,subject_02,subject_02_happy_session_01
17.008,0.11797798602184248,happy,subject_02,subject_02_happy_session_01
17.012,0.16501647638492395,happy,subject_02,subject_02_happy_session_01
17.016,0.09586931928629401,happy,subject_02,subject_02_happy_session_01
17.02,0.1290846137315918,happy,subject_02,subject_02_happy_session_01
17.024,0.12213272196247736,happy,subject_02,subject_02_happy_session_01
17.028,0.19140642626754772,happy,subject_02,subject_02_happy_session_01
17.032,0.27058304651308535,happy,subject_02,subject_02_happy_session_01
17.036,0.15824187274073284,happy,subject_02,subject_02_happy_session_01
17.04,0.23830561796749125,happy,subject_02,subject_02_happy_session_01
17.044,0.1972016694030697,happy,subject_02,subject_02_happy_session_01
17.048,0.1777372865271127,happy,subject_02,subject_02_happy_session_01
17.052,0.28545349601984277,happy,subject_02,subject_02_happy_session_01
17.056,0.3127860390267081,happy,subject_02,subject_02_happy_session_01
17.06,0.2577639227476906,happy,subject_02,subject_02_happy_session_01
17.064,0.2618276583376193,happy,subject_02,subject_02_happy_session_01
17.068,0.25670477456085944,happy,subject_02,subject_02_happy_session_01
17.072,0.25427937309650855,happy,subject_02,subject_02_happy_session_01
17.076,0.2758358104017241,happy,subject_02,subject_02_happy_session_01
17.08,0.29155268580470284,happy,subject_02,subject_02_happy_session_01
17.084,0.32952270543817685,happy,subject_02,subject_02_happy_session_01
17.088,0.25586404592364903,happy,subject_02,subject_02_happy_session_01
17.092,0.28088769182944573,happy,subject_02,subject_02_happy_session_01
17.096,0.2750013168005304,happy,subject_02,subject_02_happy_session_01
17.1,0.3149932022697611,happy,subject_02,subject_02_happy_session_01
17.104,0.363585574491491,happy,subject_02,subject_02_happy_session_01
17.108,0.31643859704189214,happy,subject_02,subject_02_happy_session_01
17.112,0.3065090803827547,happy,subject_02,subject_02_happy_session_01
17.116,0.3089093568341405,happy,subject_02,subject_02_happy_session_01
17.12,0.3194487566520615,happy,subject_02,subject_02_happy_session_01
17.124,0.35695679071493563,happy,subject_02,subject_02_happy_session_01
17.128,0.2102510429406193,happy,subject_02,subject_02_happy_session_01
17.132,0.28646327152420364,happy,subject_02,subject_02_happy_session_01
17.136,0.17084966598471232,happy,subject_02,subject_02_happy_session_01
17.14,0.28971114030625156,happy,subject_02,subject_02_happy_session_01
17.144,0.2704627749213238,happy,subject_02,subject_02_happy_session_01
17.148,0.226377559662352,happy,subject_02,subject_02_happy_session_01
17.152,0.14602169922886987,happy,subject_02,subject_02_happy_session_01
17.156,0.23258223976169662,happy,subject_02,subject_02_happy_session_01
17.16,0.23419821310479413,happy,subject_02,subject_02_happy_session_01
17.164,0.2172455887507705,happy,subject_02,subject_02_happy_session_01
17.168,0.19054733014969502,happy,subject_02,subject_02_happy_session_01
17.172,0.17358479749593775,happy,subject_02,subject_02_happy_session_01
17.176,0.1957120957313507,happy,subject_02,subject_02_happy_session_01
17.18,0.1619330254931041,happy,subject_02,subject_02_happy_session_01
17.184,0.21076472288577264,happy,subject_02,subject_02_happy_session_01
17.188,0.17213541130846793,happy,subject_02,subject_02_happy_session_01
17.192,0.10703099499433671,happy,subject_02,subject_02_happy_session_01
17.196,0.16617901623053977,happy,subject_02,subject_02_happy_session_01
17.2,0.16722902549129873,happy,subject_02,subject_02_happy_session_01
17.204,0.20227804611574424,happy,subject_02,subject_02_happy_session_01
17.208,0.17126784389745867,happy,subject_02,subject_02_happy_session_01
17.212,0.10072090323465932,happy,subject_02,subject_02_happy_session_01
17.216,0.17576723038577896,happy,subject_02,subject_02_happy_session_01
17.22,0.0713742937714913,happy,subject_02,subject_02_happy_session_01
17.224,0.11526428583248358,happy,subject_02,subject_02_happy_session_01
17.228,0.1354708777193957,happy,subject_02,subject_02_happy_session_01
17.232,0.15537492979707326,happy,subject_02,subject_02_happy_session_01
17.236,0.1661498354680689,happy,subject_02,subject_02_happy_session_01
17.24,0.14087862128274564,happy,subject_02,subject_02_happy_session_01
17.244,0.0882431693705038,happy,subject_02,subject_02_happy_session_01
17.248,0.11063681267065753,happy,subject_02,subject_02_happy_session_01
17.252,0.09610987077561493,happy,subject_02,subject_02_happy_session_01
17.256,0.06193308769095404,happy,subject_02,subject_02_happy_session_01
17.26,0.08183406721235437,happy,subject_02,subject_02_happy_session_01
17.264,0.14853469914033798,happy,subject_02,subject_02_happy_session_01
17.268,0.10856262087222349,happy,subject_02,subject_02_happy_session_01
17.272,0.15895045753168147,happy,subject_02,subject_02_happy_session_01
17.276,0.05047330161647576,happy,subject_02,subject_02_happy_session_01
17.28,0.07701830872001983,happy,subject_02,subject_02_happy_session_01
17.284,0.10739233068965949,happy,subject_02,subject_02_happy_session_01
17.288,0.12173723368671963,happy,subject_02,subject_02_happy_session_01
17.292,0.0949007731641239,happy,subject_02,subject_02_happy_session_01
17.296,0.13049192622178954,happy,subject_02,subject_02_happy_session_01
17.3,0.1338732793914318,happy,subject_02,subject_02_happy_session_01
17.304,0.06124629951842982,happy,subject_02,subject_02_happy_session_01
17.308,0.1398509601161263,happy,subject_02,subject_02_happy_session_01
17.312,0.15454723096142325,happy,subject_02,subject_02_happy_session_01
17.316,0.13058997936371516,happy,subject_02,subject_02_happy_session_01
17.32,0.058704327263382594,happy,subject_02,subject_02_happy_session_01
17.324,0.11583414244801823,happy,subject_02,subject_02_happy_session_01
17.328,0.14272946133339018,happy,subject_02,subject_02_happy_session_01
17.332,0.09836672150580349,happy,subject_02,subject_02_happy_session_01
17.336,0.16140334516748062,happy,subject_02,subject_02_happy_session_01
17.34,0.15468793591177282,happy,subject_02,subject_02_happy_session_01
17.344,0.1330233740433589,happy,subject_02,subject_02_happy_session_01
17.348,0.1273651322552202,happy,subject_02,subject_02_happy_session_01
17.352,0.13123729453426114,happy,subject_02,subject_02_happy_session_01
17.356,0.1214055940613074,happy,subject_02,subject_02_happy_session_01
17.36,0.07299980213841757,happy,subject_02,subject_02_happy_session_01
17.364,0.09883199566636587,happy,subject_02,subject_02_happy_session_01
17.368,0.11184413961606615,happy,subject_02,subject_02_happy_session_01
17.372,0.15399471415934818,happy,subject_02,subject_02_happy_session_01
17.376,0.12330722188518689,happy,subject_02,subject_02_happy_session_01
17.38,0.14515832683164387,happy,subject_02,subject_02_happy_session_01
17.384,0.03888707711302324,happy,subject_02,subject_02_happy_session_01
17.388,0.07000780021705127,happy,subject_02,subject_02_happy_session_01
17.392,0.14953474501067304,happy,subject_02,subject_02_happy_session_01
17.396,0.04555738770885539,happy,subject_02,subject_02_happy_session_01
17.4,0.03967002673555436,happy,subject_02,subject_02_happy_session_01
17.404,0.051924946134886414,happy,subject_02,subject_02_happy_session_01
17.408,0.12742848423240133,happy,subject_02,subject_02_happy_session_01
17.412,0.02897424262870053,happy,subject_02,subject_02_happy_session_01
17.416,0.0680169935477189,happy,subject_02,subject_02_happy_session_01
17.42,0.058607699573466926,happy,subject_02,subject_02_happy_session_01
17.424,-0.025874499339586875,happy,subject_02,subject_02_happy_session_01
17.428,0.03815749950053236,happy,subject_02,subject_02_happy_session_01
17.432,0.016771379826472074,happy,subject_02,subject_02_happy_session_01
17.436,0.05758575550011065,happy,subject_02,subject_02_happy_session_01
17.44,0.0927503897764376,happy,subject_02,subject_02_happy_session_01
17.444,0.018118604776755767,happy,subject_02,subject_02_happy_session_01
17.448,0.016654865461446032,happy,subject_02,subject_02_happy_session_01
17.452,0.11559373827187451,happy,subject_02,subject_02_happy_session_01
17.456,0.0015083791915730255,happy,subject_02,subject_02_happy_session_01
17.46,-0.021497513476871965,happy,subject_02,subject_02_happy_session_01
17.464,0.07290968680675353,happy,subject_02,subject_02_happy_session_01
17.468,0.022079088431158043,happy,subject_02,subject_02_happy_session_01
17.472,0.032654407714664706,happy,subject_02,subject_02_happy_session_01
17.476,0.09906501750697627,happy,subject_02,subject_02_happy_session_01
17.48,-0.031051022853759054,happy,subject_02,subject_02_happy_session_01
17.484,0.006961069907165834,happy,subject_02,subject_02_happy_session_01
17.488,-0.03431689067297691,happy,subject_02,subject_02_happy_session_01
17.492,0.017826215892071326,happy,subject_02,subject_02_happy_session_01
17.496,-0.009075775348701921,happy,subject_02,subject_02_happy_session_01
17.5,-0.012353904780761545,happy,subject_02,subject_02_happy_session_01
17.504,0.09474989580386999,happy,subject_02,subject_02_happy_session_01
17.508,0.13783262551722486,happy,subject_02,subject_02_happy_session_01
17.512,0.19178539650172896,happy,subject_02,subject_02_happy_session_01
17.516,0.318434060029192,happy,subject_02,subject_02_happy_session_01
17.52,0.5098614893117019,happy,subject_02,subject_02_happy_session_01
17.524,0.5923451300451998,happy,subject_02,subject_02_happy_session_01
17.528,0.7982186000617606,happy,subject_02,subject_02_happy_session_01
17.532,0.952671178143639,happy,subject_02,subject_02_happy_session_01
17.536,1.0070687387061361,happy,subject_02,subject_02_happy_session_01
17.54,0.9921145867114392,happy,subject_02,subject_02_happy_session_01
17.544,1.0013378636004295,happy,subject_02,subject_02_happy_session_01
17.548,0.8751508462590971,happy,subject_02,subject_02_happy_session_01
17.552,0.8084983690243254,happy,subject_02,subject_02_happy_session_01
17.556,0.6477092399860227,happy,subject_02,subject_02_happy_session_01
17.56,0.4647509708758263,happy,subject_02,subject_02_happy_session_01
17.564,0.36778246907429923,happy,subject_02,subject_02_happy_session_01
17.568,0.13872692301192036,happy,subject_02,subject_02_happy_session_01
17.572,0.05597267863063535,happy,subject_02,subject_02_happy_session_01
17.576,-0.01755158880444505,happy,subject_02,subject_02_happy_session_01
17.58,-0.0432596960643733,happy,subject_02,subject_02_happy_session_01
17.584,0.0019544870465338093,happy,subject_02,subject_02_happy_session_01
17.588,-0.015478084081536291,happy,subject_02,subject_02_happy_session_01
17.592,-0.025401161491072834,happy,subject_02,subject_02_happy_session_01
17.596,-0.010237931057940918,happy,subject_02,subject_02_happy_session_01
17.6,0.00339574414045406,happy,subject_02,subject_02_happy_session_01
17.604,0.06487019875916597,happy,subject_02,subject_02_happy_session_01
17.608,-0.03710944117854716,happy,subject_02,subject_02_happy_session_01
17.612,0.060165754950560535,happy,subject_02,subject_02_happy_session_01
17.616,0.02017292747664675,happy,subject_02,subject_02_happy_session_01
17.62,0.05929213788803071,happy,subject_02,subject_02_happy_session_01
17.624,0.06272485282777385,happy,subject_02,subject_02_happy_session_01
17.628,0.0737878183924745,happy,subject_02,subject_02_happy_session_01
17.632,0.10682712582967273,happy,subject_02,subject_02_happy_session_01
17.636,0.0068879353336415775,happy,subject_02,subject_02_happy_session_01
17.64,0.09378270161549317,happy,subject_02,subject_02_happy_session_01
17.644,0.060338175461762504,happy,subject_02,subject_02_happy_session_01
17.648,0.050696337685024295,happy,subject_02,subject_02_happy_session_01
17.652,0.1425377509911715,happy,subject_02,subject_02_happy_session_01
17.656,0.10073074276214322,happy,subject_02,subject_02_happy_session_01
17.66,0.06664648121634714,happy,subject_02,subject_02_happy_session_01
17.664,0.12011306756890049,happy,subject_02,subject_02_happy_session_01
17.668,0.09062153037612708,happy,subject_02,subject_02_happy_session_01
17.672,0.08296866400005534,happy,subject_02,subject_02_happy_session_01
17.676,0.0830412385296734,happy,subject_02,subject_02_happy_session_01
17.68,0.12128344514781934,happy,subject_02,subject_02_happy_session_01
17.684,0.09572579840423989,happy,subject_02,subject_02_happy_session_01
17.688,0.1294375071974576,happy,subject_02,subject_02_happy_session_01
17.692,0.1620053929400359,happy,subject_02,subject_02_happy_session_01
17.696,0.14194094814644945,happy,subject_02,subject_02_happy_session_01
17.7,0.21448664007515142,happy,subject_02,subject_02_happy_session_01
17.704,0.153099469243687,happy,subject_02,subject_02_happy_session_01
17.708,0.20724063352188699,happy,subject_02,subject_02_happy_session_01
17.712,0.20160501487938154,happy,subject_02,subject_02_happy_session_01
17.716,0.2282163827312643,happy,subject_02,subject_02_happy_session_01
17.72,0.2511970436925983,happy,subject_02,subject_02_happy_session_01
17.724,0.12777472014279695,happy,subject_02,subject_02_happy_session_01
17.728,0.20581396536028956,happy,subject_02,subject_02_happy_session_01
17.732,0.1995503871909706,happy,subject_02,subject_02_happy_session_01
17.736,0.21407634961266472,happy,subject_02,subject_02_happy_session_01
17.74,0.202712461140472,happy,subject_02,subject_02_happy_session_01
17.744,0.20373817431652574,happy,subject_02,subject_02_happy_session_01
17.748,0.19006224407146388,happy,subject_02,subject_02_happy_session_01
17.752,0.23735582409135522,happy,subject_02,subject_02_happy_session_01
17.756,0.27161030442563405,happy,subject_02,subject_02_happy_session_01
17.76,0.22614967987332682,happy,subject_02,subject_02_happy_session_01
17.764,0.23594426659770734,happy,subject_02,subject_02_happy_session_01
17.768,0.2264962174424177,happy,subject_02,subject_02_happy_session_01
17.772,0.21906038246535806,happy,subject_02,subject_02_happy_session_01
17.776,0.2479558936446726,happy,subject_02,subject_02_happy_session_01
17.78,0.26999744529974506,happy,subject_02,subject_02_happy_session_01
17.784,0.3031471885401657,happy,subject_02,subject_02_happy_session_01
17.788,0.21795299723170014,happy,subject_02,subject_02_happy_session_01
17.792,0.25852567550313565,happy,subject_02,subject_02_happy_session_01
17.796,0.3001117819725462,happy,subject_02,subject_02_happy_session_01
17.8,0.2162848811075684,happy,subject_02,subject_02_happy_session_01
17.804,0.2999449887074188,happy,subject_02,subject_02_happy_session_01
17.808,0.23769240027999072,happy,subject_02,subject_02_happy_session_01
17.812,0.27482771368600967,happy,subject_02,subject_02_happy_session_01
17.816,0.23861403433301664,happy,subject_02,subject_02_happy_session_01
17.82,0.2580840784644403,happy,subject_02,subject_02_happy_session_01
17.824,0.2936210308491901,happy,subject_02,subject_02_happy_session_01
17.828,0.22785959520987967,happy,subject_02,subject_02_happy_session_01
17.832,0.26135416545533546,happy,subject_02,subject_02_happy_session_01
17.836,0.23005757366534682,happy,subject_02,subject_02_happy_session_01
17.84,0.1865442886732679,happy,subject_02,subject_02_happy_session_01
17.844,0.2022520183916683,happy,subject_02,subject_02_happy_session_01
17.848,0.19308252523007843,happy,subject_02,subject_02_happy_session_01
17.852,0.1437415774688967,happy,subject_02,subject_02_happy_session_01
17.856,0.2018247345256388,happy,subject_02,subject_02_happy_session_01
17.86,0.20125062669234864,happy,subject_02,subject_02_happy_session_01
17.864,0.1990232005812291,happy,subject_02,subject_02_happy_session_01
17.868,0.2129493466765572,happy,subject_02,subject_02_happy_session_01
17.872,0.18860471329093445,happy,subject_02,subject_02_happy_session_01
17.876,0.12645896782834587,happy,subject_02,subject_02_happy_session_01
17.88,0.12633515884245222,happy,subject_02,subject_02_happy_session_01
17.884,0.16189767646803527,happy,subject_02,subject_02_happy_session_01
17.888,0.13889269817751973,happy,subject_02,subject_02_happy_session_01
17.892,0.11754392338656225,happy,subject_02,subject_02_happy_session_01
17.896,0.08071020418470776,happy,subject_02,subject_02_happy_session_01
17.9,0.08618941556410045,happy,subject_02,subject_02_happy_session_01
17.904,0.11892153797372068,happy,subject_02,subject_02_happy_session_01
17.908,0.024359158358317284,happy,subject_02,subject_02_happy_session_01
17.912,0.005248920464143408,happy,subject_02,subject_02_happy_session_01
17.916,0.10635402945250773,happy,subject_02,subject_02_happy_session_01
17.92,0.05881512290110322,happy,subject_02,subject_02_happy_session_01
17.924,0.08978250642483018,happy,subject_02,subject_02_happy_session_01
17.928,0.12498989403814209,happy,subject_02,subject_02_happy_session_01
17.932,0.03132489107536832,happy,subject_02,subject_02_happy_session_01
17.936,0.005898860790399689,happy,subject_02,subject_02_happy_session_01
17.94,0.05280833296817197,happy,subject_02,subject_02_happy_session_01
17.944,0.03726974112520657,happy,subject_02,subject_02_happy_session_01
17.948,0.059719095941556374,happy,subject_02,subject_02_happy_session_01
17.952,0.0794173999576314,happy,subject_02,subject_02_happy_session_01
17.956,0.07259866632666413,happy,subject_02,subject_02_happy_session_01
17.96,0.06393717487229802,happy,subject_02,subject_02_happy_session_01
17.964,0.10104991566960617,happy,subject_02,subject_02_happy_session_01
17.968,0.08968119035578455,happy,subject_02,subject_02_happy_session_01
17.972,0.06248879263260533,happy,subject_02,subject_02_happy_session_01
17.976,0.09407195397755834,happy,subject_02,subject_02_happy_session_01
17.98,0.021031364944707046,happy,subject_02,subject_02_happy_session_01
17.984,0.11584780284856336,happy,subject_02,subject_02_happy_session_01
17.988,0.08298309283004415,happy,subject_02,subject_02_happy_session_01
17.992,0.043769782005455296,happy,subject_02,subject_02_happy_session_01
17.996,0.07468861857664112,happy,subject_02,subject_02_happy_session_01
18.0,0.12884529556158042,happy,subject_02,subject_02_happy_session_01
18.004,0.06860239673216235,happy,subject_02,subject_02_happy_session_01
18.008,0.11236094115733586,happy,subject_02,subject_02_happy_session_01
18.012,0.13075826074609462,happy,subject_02,subject_02_happy_session_01
18.016,0.1022822474823756,happy,subject_02,subject_02_happy_session_01
18.02,0.07194485396092785,happy,subject_02,subject_02_happy_session_01
18.024,0.1000554387060593,happy,subject_02,subject_02_happy_session_01
18.028,0.05233064720169616,happy,subject_02,subject_02_happy_session_01
18.032,0.08319687549440896,happy,subject_02,subject_02_happy_session_01
18.036,0.05947159303975133,happy,subject_02,subject_02_happy_session_01
18.04,0.0938215636417497,happy,subject_02,subject_02_happy_session_01
18.044,0.047636787260962314,happy,subject_02,subject_02_happy_session_01
18.048,0.0910038369124902,happy,subject_02,subject_02_happy_session_01
18.052,0.1232521200197871,happy,subject_02,subject_02_happy_session_01
18.056,0.12054699625864819,happy,subject_02,subject_02_happy_session_01
18.06,0.02987474890631394,happy,subject_02,subject_02_happy_session_01
18.064,0.044680939479429985,happy,subject_02,subject_02_happy_session_01
18.068,0.09222596992759677,happy,subject_02,subject_02_happy_session_01
18.072,0.0813516132536264,happy,subject_02,subject_02_happy_session_01
18.076,0.02953988095442698,happy,subject_02,subject_02_happy_session_01
18.08,0.02851552460167207,happy,subject_02,subject_02_happy_session_01
18.084,0.04306740067758499,happy,subject_02,subject_02_happy_session_01
18.088,-0.029097330480997947,happy,subject_02,subject_02_happy_session_01
18.092,0.048614164666930026,happy,subject_02,subject_02_happy_session_01
18.096,0.06360968441482469,happy,subject_02,subject_02_happy_session_01
18.1,0.007896717135374277,happy,subject_02,subject_02_happy_session_01
18.104,-0.03199118987306237,happy,subject_02,subject_02_happy_session_01
18.108,0.06364532222149384,happy,subject_02,subject_02_happy_session_01
18.112,0.01875860971426773,happy,subject_02,subject_02_happy_session_01
18.116,0.03310818687319436,happy,subject_02,subject_02_happy_session_01
18.12,-0.040404431584338034,happy,subject_02,subject_02_happy_session_01
18.124,-0.04243230593971083,happy,subject_02,subject_02_happy_session_01
18.128,0.01629810679069561,happy,subject_02,subject_02_happy_session_01
18.132,0.03614753648004865,happy,subject_02,subject_02_happy_session_01
18.136,-0.04073325908324846,happy,subject_02,subject_02_happy_session_01
18.14,-0.005964342639088416,happy,subject_02,subject_02_happy_session_01
18.144,-0.05897544441606867,happy,subject_02,subject_02_happy_session_01
18.148,-0.02887608996341361,happy,subject_02,subject_02_happy_session_01
18.152,-0.014185070910894384,happy,subject_02,subject_02_happy_session_01
18.156,0.010897403099929058,happy,subject_02,subject_02_happy_session_01
18.16,-0.08141876533421841,happy,subject_02,subject_02_happy_session_01
18.164,0.036045564548260745,happy,subject_02,subject_02_happy_session_01
18.168,-0.019913383435918943,happy,subject_02,subject_02_happy_session_01
18.172,0.026512731892405716,happy,subject_02,subject_02_happy_session_01
18.176,0.0014826221490892959,happy,subject_02,subject_02_happy_session_01
18.18,0.0073680028479154065,happy,subject_02,subject_02_happy_session_01
18.184,0.05988934607801124,happy,subject_02,subject_02_happy_session_01
18.188,-0.007608405673294134,happy,subject_02,subject_02_happy_session_01
18.192,0.08096565488979326,happy,subject_02,subject_02_happy_session_01
18.196,0.12764978535023463,happy,subject_02,subject_02_happy_session_01
18.2,0.27324954515348465,happy,subject_02,subject_02_happy_session_01
18.204,0.4384712152861628,happy,subject_02,subject_02_happy_session_01
18.208,0.600247550686754,happy,subject_02,subject_02_happy_session_01
18.212,0.6922079041881612,happy,subject_02,subject_02_happy_session_01
18.216,0.7903895673473639,happy,subject_02,subject_02_happy_session_01
18.22,0.9297473291366348,happy,subject_02,subject_02_happy_session_01
18.224,0.9478037797749622,happy,subject_02,subject_02_happy_session_01
18.228,0.9565977971159394,happy,subject_02,subject_02_happy_session_01
18.232,0.9474050595515171,happy,subject_02,subject_02_happy_session_01
18.236,0.8415159690457586,happy,subject_02,subject_02_happy_session_01
18.24,0.7192031673180993,happy,subject_02,subject_02_happy_session_01
18.244,0.5236092622271412,happy,subject_02,subject_02_happy_session_01
18.248,0.41247943567437734,happy,subject_02,subject_02_happy_session_01
18.252,0.23114881787912114,happy,subject_02,subject_02_happy_session_01
18.256,0.0980936162816593,happy,subject_02,subject_02_happy_session_01
18.26,-0.021724074140097478,happy,subject_02,subject_02_happy_session_01
18.264,-0.11454951681994037,happy,subject_02,subject_02_happy_session_01
18.268,-0.12438159454283058,happy,subject_02,subject_02_happy_session_01
18.272,-0.06739183283434648,happy,subject_02,subject_02_happy_session_01
18.276,-0.09748249712236795,happy,subject_02,subject_02_happy_session_01
18.28,-0.10742353613741845,happy,subject_02,subject_02_happy_session_01
18.284,-0.04774965519702574,happy,subject_02,subject_02_happy_session_01
18.288,-0.008877453225817946,happy,subject_02,subject_02_happy_session_01
18.292,0.006798843300550356,happy,subject_02,subject_02_happy_session_01
18.296,-0.0009779727850867332,happy,subject_02,subject_02_happy_session_01
18.3,0.0033539966893035835,happy,subject_02,subject_02_happy_session_01
18.304,-0.009298543626468349,happy,subject_02,subject_02_happy_session_01
18.308,0.03511747505019908,happy,subject_02,subject_02_happy_session_01
18.312,0.009910114680481415,happy,subject_02,subject_02_happy_session_01
18.316,0.01663547974298096,happy,subject_02,subject_02_happy_session_01
18.32,0.05901053645807536,happy,subject_02,subject_02_happy_session_01
18.324,0.054012072880236905,happy,subject_02,subject_02_happy_session_01
18.328,0.023692889652351518,happy,subject_02,subject_02_happy_session_01
18.332,0.022854293534885918,happy,subject_02,subject_02_happy_session_01
18.336,0.026996490016113622,happy,subject_02,subject_02_happy_session_01
18.34,-0.027335018323338754,happy,subject_02,subject_02_happy_session_01
18.344,0.08677307385476832,happy,subject_02,subject_02_happy_session_01
18.348,0.02966238939576819,happy,subject_02,subject_02_happy_session_01
18.352,0.08906300431686945,happy,subject_02,subject_02_happy_session_01
18.356,0.06639225179576291,happy,subject_02,subject_02_happy_session_01
18.36,0.11968489499496475,happy,subject_02,subject_02_happy_session_01
18.364,0.09579035855255816,happy,subject_02,subject_02_happy_session_01
18.368,0.11569098774032646,happy,subject_02,subject_02_happy_session_01
18.372,0.06976033853290708,happy,subject_02,subject_02_happy_session_01
18.376,0.05239694469762477,happy,subject_02,subject_02_happy_session_01
18.38,0.10961557994823777,happy,subject_02,subject_02_happy_session_01
18.384,0.04455234655269298,happy,subject_02,subject_02_happy_session_01
18.388,0.10258321264679851,happy,subject_02,subject_02_happy_session_01
18.392,0.08471302811216366,happy,subject_02,subject_02_happy_session_01
18.396,0.10437596695089157,happy,subject_02,subject_02_happy_session_01
18.4,0.16203661846052367,happy,subject_02,subject_02_happy_session_01
18.404,0.16712330698368724,happy,subject_02,subject_02_happy_session_01
18.408,0.15021648372615826,happy,subject_02,subject_02_happy_session_01
18.412,0.1742779267490913,happy,subject_02,subject_02_happy_session_01
18.416,0.15118552571724342,happy,subject_02,subject_02_happy_session_01
18.42,0.2618713306774474,happy,subject_02,subject_02_happy_session_01
18.424,0.19404950380851563,happy,subject_02,subject_02_happy_session_01
18.428,0.16915168637975697,happy,subject_02,subject_02_happy_session_01
18.432,0.2264124100459059,happy,subject_02,subject_02_happy_session_01
18.436,0.24477088942814068,happy,subject_02,subject_02_happy_session_01
18.44,0.1794457115329016,happy,subject_02,subject_02_happy_session_01
18.444,0.16162511194299467,happy,subject_02,subject_02_happy_session_01
18.448,0.17280823303690884,happy,subject_02,subject_02_happy_session_01
18.452,0.19581176603112618,happy,subject_02,subject_02_happy_session_01
18.456,0.22055562883222246,happy,subject_02,subject_02_happy_session_01
18.46,0.16806462692783852,happy,subject_02,subject_02_happy_session_01
18.464,0.21248863796450423,happy,subject_02,subject_02_happy_session_01
18.468,0.2212903416783217,happy,subject_02,subject_02_happy_session_01
18.472,0.24076512315299675,happy,subject_02,subject_02_happy_session_01
18.476,0.25101306890923397,happy,subject_02,subject_02_happy_session_01
18.48,0.2432365994179777,happy,subject_02,subject_02_happy_session_01
18.484,0.29086887328138955,happy,subject_02,subject_02_happy_session_01
18.488,0.26478247435186203,happy,subject_02,subject_02_happy_session_01
18.492,0.23199864375766036,happy,subject_02,subject_02_happy_session_01
18.496,0.18741698033651938,happy,subject_02,subject_02_happy_session_01
18.5,0.19432801226686916,happy,subject_02,subject_02_happy_session_01
18.504,0.16400985820559671,happy,subject_02,subject_02_happy_session_01
18.508,0.21490708730570848,happy,subject_02,subject_02_happy_session_01
18.512,0.21617989748766678,happy,subject_02,subject_02_happy_session_01
18.516,0.23042596498442527,happy,subject_02,subject_02_happy_session_01
18.52,0.2027084886941155,happy,subject_02,subject_02_happy_session_01
18.524,0.2240460624422888,happy,subject_02,subject_02_happy_session_01
18.528,0.2182349363359419,happy,subject_02,subject_02_happy_session_01
18.532,0.1378246665013942,happy,subject_02,subject_02_happy_session_01
18.536,0.1486096514979125,happy,subject_02,subject_02_happy_session_01
18.54,0.1590871261303486,happy,subject_02,subject_02_happy_session_01
18.544,0.1273351024003422,happy,subject_02,subject_02_happy_session_01
18.548,0.13599324465297646,happy,subject_02,subject_02_happy_session_01
18.552,0.1474478312468662,happy,subject_02,subject_02_happy_session_01
18.556,0.12496707377361904,happy,subject_02,subject_02_happy_session_01
18.56,0.12167706209575917,happy,subject_02,subject_02_happy_session_01
18.564,0.08112896769026985,happy,subject_02,subject_02_happy_session_01
18.568,0.12440778048534598,happy,subject_02,subject_02_happy_session_01
18.572,0.1145548003675699,happy,subject_02,subject_02_happy_session_01
18.576,0.06559946760033883,happy,subject_02,subject_02_happy_session_01
18.58,0.040148223861238314,happy,subject_02,subject_02_happy_session_01
18.584,0.12186092006611757,happy,subject_02,subject_02_happy_session_01
18.588,0.1336850088888104,happy,subject_02,subject_02_happy_session_01
18.592,0.07475321345161967,happy,subject_02,subject_02_happy_session_01
18.596,0.04829875842485224,happy,subject_02,subject_02_happy_session_01
18.6,0.09241259818042974,happy,subject_02,subject_02_happy_session_01
18.604,0.06754081226795836,happy,subject_02,subject_02_happy_session_01
18.608,0.03947331740543727,happy,subject_02,subject_02_happy_session_01
18.612,0.07701522953310322,happy,subject_02,subject_02_happy_session_01
18.616,0.011623632927824083,happy,subject_02,subject_02_happy_session_01
18.62,0.013179507277921602,happy,subject_02,subject_02_happy_session_01
18.624,0.04807109011572621,happy,subject_02,subject_02_happy_session_01
18.628,0.03793333660742545,happy,subject_02,subject_02_happy_session_01
18.632,0.055443757087210443,happy,subject_02,subject_02_happy_session_01
18.636,0.07472363846739132,happy,subject_02,subject_02_happy_session_01
18.64,-0.02095485436560396,happy,subject_02,subject_02_happy_session_01
18.644,0.0357554531175466,happy,subject_02,subject_02_happy_session_01
18.648,0.10249946754845222,happy,subject_02,subject_02_happy_session_01
18.652,0.017169178158804886,happy,subject_02,subject_02_happy_session_01
18.656,0.015583906137950292,happy,subject_02,subject_02_happy_session_01
18.66,-0.03488297333619389,happy,subject_02,subject_02_happy_session_01
18.664,0.0503883165718191,happy,subject_02,subject_02_happy_session_01
18.668,0.07066174637709019,happy,subject_02,subject_02_happy_session_01
18.672,0.07424594842622667,happy,subject_02,subject_02_happy_session_01
18.676,0.021396868899351697,happy,subject_02,subject_02_happy_session_01
18.68,0.06102075101101454,happy,subject_02,subject_02_happy_session_01
18.684,0.07253933757146694,happy,subject_02,subject_02_happy_session_01
18.688,0.0697899902246321,happy,subject_02,subject_02_happy_session_01
18.692,0.03244946789694422,happy,subject_02,subject_02_happy_session_01
18.696,0.07580212103791521,happy,subject_02,subject_02_happy_session_01
18.7,0.046360637902941586,happy,subject_02,subject_02_happy_session_01
18.704,0.01050477819616115,happy,subject_02,subject_02_happy_session_01
18.708,0.10034333463732782,happy,subject_02,subject_02_happy_session_01
18.712,0.08116547510980736,happy,subject_02,subject_02_happy_session_01
18.716,0.09602213429735626,happy,subject_02,subject_02_happy_session_01
18.72,0.054920002346149126,happy,subject_02,subject_02_happy_session_01
18.724,0.09317582623763901,happy,subject_02,subject_02_happy_session_01
18.728,0.10398301821873121,happy,subject_02,subject_02_happy_session_01
18.732,0.12595629263349267,happy,subject_02,subject_02_happy_session_01
18.736,0.08887548176874493,happy,subject_02,subject_02_happy_session_01
18.74,0.06922777236961125,happy,subject_02,subject_02_happy_session_01
18.744,0.0024671871845453885,happy,subject_02,subject_02_happy_session_01
18.748,0.041763307848520316,happy,subject_02,subject_02_happy_session_01
18.752,-0.009753794172795816,happy,subject_02,subject_02_happy_session_01
18.756,0.0058372668374934294,happy,subject_02,subject_02_happy_session_01
18.76,0.09738179809599773,happy,subject_02,subject_02_happy_session_01
18.764,-0.012315737841762053,happy,subject_02,subject_02_happy_session_01
18.768,-0.06381389264931735,happy,subject_02,subject_02_happy_session_01
18.772,0.04153663303516336,happy,subject_02,subject_02_happy_session_01
18.776,-0.015319131138224971,happy,subject_02,subject_02_happy_session_01
18.78,0.030583882871717552,happy,subject_02,subject_02_happy_session_01
18.784,-0.04145415556140237,happy,subject_02,subject_02_happy_session_01
18.788,-0.019260772314178498,happy,subject_02,subject_02_happy_session_01
18.792,0.034004720823536554,happy,subject_02,subject_02_happy_session_01
18.796,-0.05726328328389853,happy,subject_02,subject_02_happy_session_01
18.8,-0.019710882362653784,happy,subject_02,subject_02_happy_session_01
18.804,-0.0060520562308905256,happy,subject_02,subject_02_happy_session_01
18.808,-0.043568550202042956,happy,subject_02,subject_02_happy_session_01
18.812,-0.011783188523475823,happy,subject_02,subject_02_happy_session_01
18.816,-0.02129537998137044,happy,subject_02,subject_02_happy_session_01
18.82,-0.0044849647264913195,happy,subject_02,subject_02_happy_session_01
18.824,0.040145384855108476,happy,subject_02,subject_02_happy_session_01
18.828,0.06834802845578455,happy,subject_02,subject_02_happy_session_01
18.832,-0.009874802549043913,happy,subject_02,subject_02_happy_session_01
18.836,-0.03068499733866291,happy,subject_02,subject_02_happy_session_01
18.84,-0.012181787742628444,happy,subject_02,subject_02_happy_session_01
18.844,-0.03686502444429916,happy,subject_02,subject_02_happy_session_01
18.848,-0.0861668478900198,happy,subject_02,subject_02_happy_session_01
18.852,-0.03531752963616805,happy,subject_02,subject_02_happy_session_01
18.856,-0.0001901488968043541,happy,subject_02,subject_02_happy_session_01
18.86,-0.09398406892673715,happy,subject_02,subject_02_happy_session_01
18.864,-0.0790816048028537,happy,subject_02,subject_02_happy_session_01
18.868,-0.05862643374126702,happy,subject_02,subject_02_happy_session_01
18.872,-0.0031406155628607504,happy,subject_02,subject_02_happy_session_01
18.876,0.11244595494879306,happy,subject_02,subject_02_happy_session_01
18.88,0.07499305420620517,happy,subject_02,subject_02_happy_session_01
18.884,0.2101246547484299,happy,subject_02,subject_02_happy_session_01
18.888,0.3359075333688145,happy,subject_02,subject_02_happy_session_01
18.892,0.4698676153161665,happy,subject_02,subject_02_happy_session_01
18.896,0.6265784572710068,happy,subject_02,subject_02_happy_session_01
18.9,0.7481630784100262,happy,subject_02,subject_02_happy_session_01
18.904,0.969960230465516,happy,subject_02,subject_02_happy_session_01
18.908,0.9698838723976343,happy,subject_02,subject_02_happy_session_01
18.912,0.9483010609647736,happy,subject_02,subject_02_happy_session_01
18.916,0.9737435678231127,happy,subject_02,subject_02_happy_session_01
18.92,0.8598480870907854,happy,subject_02,subject_02_happy_session_01
18.924,0.7311369958385772,happy,subject_02,subject_02_happy_session_01
18.928,0.5744878158520577,happy,subject_02,subject_02_happy_session_01
18.932,0.41353073781779887,happy,subject_02,subject_02_happy_session_01
18.936,0.22676693378471746,happy,subject_02,subject_02_happy_session_01
18.94,0.07754302472639835,happy,subject_02,subject_02_happy_session_01
18.944,0.044703891972848894,happy,subject_02,subject_02_happy_session_01
18.948,-0.04630739570725424,happy,subject_02,subject_02_happy_session_01
18.952,-0.048416449550131316,happy,subject_02,subject_02_happy_session_01
18.956,-0.12373323356130159,happy,subject_02,subject_02_happy_session_01
18.96,-0.12650543130569283,happy,subject_02,subject_02_happy_session_01
18.964,-0.04674237690955918,happy,subject_02,subject_02_happy_session_01
18.968,-0.06714340553890201,happy,subject_02,subject_02_happy_session_01
18.972,-0.011094189227719684,happy,subject_02,subject_02_happy_session_01
18.976,-0.027341849633449912,happy,subject_02,subject_02_happy_session_01
18.98,0.046327280934776255,happy,subject_02,subject_02_happy_session_01
18.984,0.013500140164127445,happy,subject_02,subject_02_happy_session_01
18.988,0.006079417099453239,happy,subject_02,subject_02_happy_session_01
18.992,0.023490461520365276,happy,subject_02,subject_02_happy_session_01
18.996,-0.010678180004826818,happy,subject_02,subject_02_happy_session_01
19.0,-0.05529240097343399,happy,subject_02,subject_02_happy_session_01
19.004,0.01830792835222173,happy,subject_02,subject_02_happy_session_01
19.008,0.07730935026906106,happy,subject_02,subject_02_happy_session_01
19.012,-0.06688340702680283,happy,subject_02,subject_02_happy_session_01
19.016,0.03389761009038468,happy,subject_02,subject_02_happy_session_01
19.02,-0.031783483668478524,happy,subject_02,subject_02_happy_session_01
19.024,0.025881953244084,happy,subject_02,subject_02_happy_session_01
19.028,0.034507937198889345,happy,subject_02,subject_02_happy_session_01
19.032,0.06317434989596167,happy,subject_02,subject_02_happy_session_01
19.036,0.04997237979065552,happy,subject_02,subject_02_happy_session_01
19.04,0.0965403906817873,happy,subject_02,subject_02_happy_session_01
19.044,0.09540133146695408,happy,subject_02,subject_02_happy_session_01
19.048,0.05405178143450857,happy,subject_02,subject_02_happy_session_01
19.052,0.10583081492247606,happy,subject_02,subject_02_happy_session_01
19.056,0.0633878520683266,happy,subject_02,subject_02_happy_session_01
19.06,0.06436961178433008,happy,subject_02,subject_02_happy_session_01
19.064,0.0463640088652471,happy,subject_02,subject_02_happy_session_01
19.068,0.14176149520180817,happy,subject_02,subject_02_happy_session_01
19.072,0.09278616237241732,happy,subject_02,subject_02_happy_session_01
19.076,0.02606642938106213,happy,subject_02,subject_02_happy_session_01
19.08,0.1373774884726885,happy,subject_02,subject_02_happy_session_01
19.084,0.11081881625982175,happy,subject_02,subject_02_happy_session_01
19.088,0.12314231835357214,happy,subject_02,subject_02_happy_session_01
19.092,0.13292811666661314,happy,subject_02,subject_02_happy_session_01
19.096,0.13676364428801913,happy,subject_02,subject_02_happy_session_01
19.1,0.25129639475829935,happy,subject_02,subject_02_happy_session_01
19.104,0.22111519566265386,happy,subject_02,subject_02_happy_session_01
19.108,0.19425886098205392,happy,subject_02,subject_02_happy_session_01
19.112,0.18483001107499195,happy,subject_02,subject_02_happy_session_01
19.116,0.22217225222069353,happy,subject_02,subject_02_happy_session_01
19.12,0.1971206073712204,happy,subject_02,subject_02_happy_session_01
19.124,0.22267993108856457,happy,subject_02,subject_02_happy_session_01
19.128,0.21876190334284937,happy,subject_02,subject_02_happy_session_01
19.132,0.2083477779739034,happy,subject_02,subject_02_happy_session_01
19.136,0.24089765038104605,happy,subject_02,subject_02_happy_session_01
19.14,0.19688164654016274,happy,subject_02,subject_02_happy_session_01
19.144,0.2166788033222597,happy,subject_02,subject_02_happy_session_01
19.148,0.1828199203527105,happy,subject_02,subject_02_happy_session_01
19.152,0.1887326715129308,happy,subject_02,subject_02_happy_session_01
19.156,0.13171349174847308,happy,subject_02,subject_02_happy_session_01
19.16,0.23685721456139602,happy,subject_02,subject_02_happy_session_01
19.164,0.24650116517400983,happy,subject_02,subject_02_happy_session_01
19.168,0.2582855338443655,happy,subject_02,subject_02_happy_session_01
19.172,0.1804909367079115,happy,subject_02,subject_02_happy_session_01
19.176,0.23264433760924827,happy,subject_02,subject_02_happy_session_01
19.18,0.21479994491968443,happy,subject_02,subject_02_happy_session_01
19.184,0.23764145813835788,happy,subject_02,subject_02_happy_session_01
19.188,0.18547408892080328,happy,subject_02,subject_02_happy_session_01
19.192,0.1924239121894105,happy,subject_02,subject_02_happy_session_01
19.196,0.14524473337582344,happy,subject_02,subject_02_happy_session_01
19.2,0.16948364397680502,happy,subject_02,subject_02_happy_session_01
19.204,0.18921442286073192,happy,subject_02,subject_02_happy_session_01
19.208,0.18934038571059986,happy,subject_02,subject_02_happy_session_01
19.212,0.11803035169668524,happy,subject_02,subject_02_happy_session_01
19.216,0.1526180735620223,happy,subject_02,subject_02_happy_session_01
19.22,0.1693481601282948,happy,subject_02,subject_02_happy_session_01
19.224,0.2060167778993389,happy,subject_02,subject_02_happy_session_01
19.228,0.11998258671574874,happy,subject_02,subject_02_happy_session_01
19.232,0.15940261994998872,happy,subject_02,subject_02_happy_session_01
19.236,0.11520240514060107,happy,subject_02,subject_02_happy_session_01
19.24,0.11182081679012375,happy,subject_02,subject_02_happy_session_01
19.244,0.08927683937526304,happy,subject_02,subject_02_happy_session_01
19.248,0.0760551761242364,happy,subject_02,subject_02_happy_session_01
19.252,0.0886935669956272,happy,subject_02,subject_02_happy_session_01
19.256,0.1348267556589997,happy,subject_02,subject_02_happy_session_01
19.26,0.06472923669002814,happy,subject_02,subject_02_happy_session_01
19.264,0.052496135060762956,happy,subject_02,subject_02_happy_session_01
19.268,0.08516150413659178,happy,subject_02,subject_02_happy_session_01
19.272,0.07178459318370917,happy,subject_02,subject_02_happy_session_01
19.276,0.06330161226410606,happy,subject_02,subject_02_happy_session_01
19.28,0.06903287917682237,happy,subject_02,subject_02_happy_session_01
19.284,0.019662687080835933,happy,subject_02,subject_02_happy_session_01
19.288,0.01882764018291435,happy,subject_02,subject_02_happy_session_01
19.292,0.08056993253981912,happy,subject_02,subject_02_happy_session_01
19.296,0.037208290685091926,happy,subject_02,subject_02_happy_session_01
19.3,0.059988482763754805,happy,subject_02,subject_02_happy_session_01
19.304,0.0793107616869037,happy,subject_02,subject_02_happy_session_01
19.308,0.06400826266408038,happy,subject_02,subject_02_happy_session_01
19.312,-0.014998129074319862,happy,subject_02,subject_02_happy_session_01
19.316,0.02801482468285399,happy,subject_02,subject_02_happy_session_01
19.32,0.0682839415126153,happy,subject_02,subject_02_happy_session_01
19.324,0.050523767626400345,happy,subject_02,subject_02_happy_session_01
19.328,0.039634645180966946,happy,subject_02,subject_02_happy_session_01
19.332,-0.02264702808042085,happy,subject_02,subject_02_happy_session_01
19.336,0.015235003076904959,happy,subject_02,subject_02_happy_session_01
19.34,0.04180305302922431,happy,subject_02,subject_02_happy_session_01
19.344,-0.007538809858676887,happy,subject_02,subject_02_happy_session_01
19.348,0.07349212569679252,happy,subject_02,subject_02_happy_session_01
19.352,0.04521982836909725,happy,subject_02,subject_02_happy_session_01
19.356,-0.01614836717556535,happy,subject_02,subject_02_happy_session_01
19.36,0.03719439911567401,happy,subject_02,subject_02_happy_session_01
19.364,0.050869036895972955,happy,subject_02,subject_02_happy_session_01
19.368,0.06008053121678192,happy,subject_02,subject_02_happy_session_01
19.372,0.11781256041142962,happy,subject_02,subject_02_happy_session_01
19.376,0.09153222993302383,happy,subject_02,subject_02_happy_session_01
19.38,0.026219314832863064,happy,subject_02,subject_02_happy_session_01
19.384,0.024078669802266167,happy,subject_02,subject_02_happy_session_01
19.388,0.06847693635291849,happy,subject_02,subject_02_happy_session_01
19.392,0.08318087896414969,happy,subject_02,subject_02_happy_session_01
19.396,0.11374716149658234,happy,subject_02,subject_02_happy_session_01
19.4,0.1390890377451211,happy,subject_02,subject_02_happy_session_01
19.404,0.1397943074913556,happy,subject_02,subject_02_happy_session_01
19.408,0.05995747845547105,happy,subject_02,subject_02_happy_session_01
19.412,0.10556462895593553,happy,subject_02,subject_02_happy_session_01
19.416,0.08453988813970452,happy,subject_02,subject_02_happy_session_01
19.42,0.02768892713975512,happy,subject_02,subject_02_happy_session_01
19.424,-0.004474290690012157,happy,subject_02,subject_02_happy_session_01
19.428,0.061978324101440906,happy,subject_02,subject_02_happy_session_01
19.432,-0.00037618914124259994,happy,subject_02,subject_02_happy_session_01
19.436,0.016954849747246613,happy,subject_02,subject_02_happy_session_01
19.44,0.017461842807116257,happy,subject_02,subject_02_happy_session_01
19.444,0.04372567123532786,happy,subject_02,subject_02_happy_session_01
19.448,0.0755764049923211,happy,subject_02,subject_02_happy_session_01
19.452,0.026008480564441643,happy,subject_02,subject_02_happy_session_01
19.456,0.001697909746742863,happy,subject_02,subject_02_happy_session_01
19.46,-0.05659728271086196,happy,subject_02,subject_02_happy_session_01
19.464,0.027370485819730474,happy,subject_02,subject_02_happy_session_01
19.468,0.008176372443210417,happy,subject_02,subject_02_happy_session_01
19.472,-0.01587014098328912,happy,subject_02,subject_02_happy_session_01
19.476,0.04072885105469915,happy,subject_02,subject_02_happy_session_01
19.48,-0.04485875275837417,happy,subject_02,subject_02_happy_session_01
19.484,-0.02989627968204263,happy,subject_02,subject_02_happy_session_01
19.488,-0.016907065837531432,happy,subject_02,subject_02_happy_session_01
19.492,-0.030091588227732134,happy,subject_02,subject_02_happy_session_01
19.496,0.007077219910316825,happy,subject_02,subject_02_happy_session_01
19.5,0.0025296869502563386,happy,subject_02,subject_02_happy_session_01
19.504,0.021818833927977628,happy,subject_02,subject_02_happy_session_01
19.508,0.001582284899602892,happy,subject_02,subject_02_happy_session_01
19.512,-0.020874283979774297,happy,subject_02,subject_02_happy_session_01
19.516,-0.029403715851033817,happy,subject_02,subject_02_happy_session_01
19.52,-0.0021388011949084046,happy,subject_02,subject_02_happy_session_01
19.524,-0.0252919857710934,happy,subject_02,subject_02_happy_session_01
19.528,-0.017739326854005723,happy,subject_02,subject_02_happy_session_01
19.532,-0.002877893788829789,happy,subject_02,subject_02_happy_session_01
19.536,-0.018226397411792182,happy,subject_02,subject_02_happy_session_01
19.54,-0.015980863906556463,happy,subject_02,subject_02_happy_session_01
19.544,-0.05905477924855013,happy,subject_02,subject_02_happy_session_01
19.548,0.012508433768811472,happy,subject_02,subject_02_happy_session_01
19.552,-0.07109004331920367,happy,subject_02,subject_02_happy_session_01
19.556,-0.002058519232184414,happy,subject_02,subject_02_happy_session_01
19.56,0.0008734957269576696,happy,subject_02,subject_02_happy_session_01
19.564,0.11799294117547436,happy,subject_02,subject_02_happy_session_01
19.568,0.20307379216331378,happy,subject_02,subject_02_happy_session_01
19.572,0.29167657923036744,happy,subject_02,subject_02_happy_session_01
19.576,0.485959842091388,happy,subject_02,subject_02_happy_session_01
19.58,0.5734405270189076,happy,subject_02,subject_02_happy_session_01
19.584,0.753788518580862,happy,subject_02,subject_02_happy_session_01
19.588,0.8197746852501437,happy,subject_02,subject_02_happy_session_01
19.592,0.9467848747912849,happy,subject_02,subject_02_happy_session_01
19.596,0.9414637740841698,happy,subject_02,subject_02_happy_session_01
19.6,0.9643507125317128,happy,subject_02,subject_02_happy_session_01
19.604,0.8998964201516604,happy,subject_02,subject_02_happy_session_01
19.608,0.8257722073793881,happy,subject_02,subject_02_happy_session_01
19.612,0.6323539698144518,happy,subject_02,subject_02_happy_session_01
19.616,0.6071886730508812,happy,subject_02,subject_02_happy_session_01
19.62,0.2944352095206117,happy,subject_02,subject_02_happy_session_01
19.624,0.20847337329026308,happy,subject_02,subject_02_happy_session_01
19.628,0.09361069288326064,happy,subject_02,subject_02_happy_session_01
19.632,0.01767049073991572,happy,subject_02,subject_02_happy_session_01
19.636,-0.0709879879751541,happy,subject_02,subject_02_happy_session_01
19.64,-0.06746702644206562,happy,subject_02,subject_02_happy_session_01
19.644,-0.09725652886786718,happy,subject_02,subject_02_happy_session_01
19.648,-0.000589284726415229,happy,subject_02,subject_02_happy_session_01
19.652,-0.07163352655808933,happy,subject_02,subject_02_happy_session_01
19.656,-0.03775734504113987,happy,subject_02,subject_02_happy_session_01
19.66,-0.041681517431410436,happy,subject_02,subject_02_happy_session_01
19.664,-0.03584928019281801,happy,subject_02,subject_02_happy_session_01
19.668,-0.04929384690482475,happy,subject_02,subject_02_happy_session_01
19.672,0.02872220218204726,happy,subject_02,subject_02_happy_session_01
19.676,-0.01412930473987203,happy,subject_02,subject_02_happy_session_01
19.68,-0.014832925299480512,happy,subject_02,subject_02_happy_session_01
19.684,-0.017150986416669758,happy,subject_02,subject_02_happy_session_01
19.688,0.030778735789198534,happy,subject_02,subject_02_happy_session_01
19.692,0.024634923814937263,happy,subject_02,subject_02_happy_session_01
19.696,0.028784029540359482,happy,subject_02,subject_02_happy_session_01
19.7,0.005467130680869747,happy,subject_02,subject_02_happy_session_01
19.704,0.0518695848696757,happy,subject_02,subject_02_happy_session_01
19.708,0.018252998552861912,happy,subject_02,subject_02_happy_session_01
19.712,0.04896934979316234,happy,subject_02,subject_02_happy_session_01
19.716,0.046978702180385135,happy,subject_02,subject_02_happy_session_01
19.72,-0.0015954982437881154,happy,subject_02,subject_02_happy_session_01
19.724,0.13441152656455996,happy,subject_02,subject_02_happy_session_01
19.728,0.08968701284263739,happy,subject_02,subject_02_happy_session_01
19.732,0.0822943173715328,happy,subject_02,subject_02_happy_session_01
19.736,0.09447511902025728,happy,subject_02,subject_02_happy_session_01
19.74,0.16135522962168464,happy,subject_02,subject_02_happy_session_01
19.744,0.1363979366119533,happy,subject_02,subject_02_happy_session_01
19.748,0.11608059644809215,happy,subject_02,subject_02_happy_session_01
19.752,0.08650692902194149,happy,subject_02,subject_02_happy_session_01
19.756,0.0995828029472565,happy,subject_02,subject_02_happy_session_01
19.76,0.06339178001408738,happy,subject_02,subject_02_happy_session_01
19.764,0.12133715378287269,happy,subject_02,subject_02_happy_session_01
19.768,0.16514488938919483,happy,subject_02,subject_02_happy_session_01
19.772,0.1719061149399637,happy,subject_02,subject_02_happy_session_01
19.776,0.1789987939071185,happy,subject_02,subject_02_happy_session_01
19.78,0.14701597769150163,happy,subject_02,subject_02_happy_session_01
19.784,0.19183397029107374,happy,subject_02,subject_02_happy_session_01
19.788,0.208718702597294,happy,subject_02,subject_02_happy_session_01
19.792,0.10904176427135187,happy,subject_02,subject_02_happy_session_01
19.796,0.20449785122662203,happy,subject_02,subject_02_happy_session_01
19.8,0.2732401950457886,happy,subject_02,subject_02_happy_session_01
19.804,0.19642322103302923,happy,subject_02,subject_02_happy_session_01
19.808,0.12420216187270504,happy,subject_02,subject_02_happy_session_01
19.812,0.1894458429598386,happy,subject_02,subject_02_happy_session_01
19.816,0.15934835064397412,happy,subject_02,subject_02_happy_session_01
19.82,0.20513444005032952,happy,subject_02,subject_02_happy_session_01
19.824,0.18845526650559283,happy,subject_02,subject_02_happy_session_01
19.828,0.26729142531773603,happy,subject_02,subject_02_happy_session_01
19.832,0.2648031406827436,happy,subject_02,subject_02_happy_session_01
19.836,0.25181342350622254,happy,subject_02,subject_02_happy_session_01
19.84,0.2843754222589012,happy,subject_02,subject_02_happy_session_01
19.844,0.2227012885934093,happy,subject_02,subject_02_happy_session_01
19.848,0.245473534767289,happy,subject_02,subject_02_happy_session_01
19.852,0.31948910797785457,happy,subject_02,subject_02_happy_session_01
19.856,0.26233369122978656,happy,subject_02,subject_02_happy_session_01
19.86,0.2607972219013832,happy,subject_02,subject_02_happy_session_01
19.864,0.21148439685913933,happy,subject_02,subject_02_happy_session_01
19.868,0.22113251190396213,happy,subject_02,subject_02_happy_session_01
19.872,0.19740926622642346,happy,subject_02,subject_02_happy_session_01
19.876,0.2876055356841697,happy,subject_02,subject_02_happy_session_01
19.88,0.1699862185967846,happy,subject_02,subject_02_happy_session_01
19.884,0.25178939078581863,happy,subject_02,subject_02_happy_session_01
19.888,0.23496042191344232,happy,subject_02,subject_02_happy_session_01
19.892,0.15292322558271032,happy,subject_02,subject_02_happy_session_01
19.896,0.24307769652172034,happy,subject_02,subject_02_happy_session_01
19.9,0.1877656309445422,happy,subject_02,subject_02_happy_session_01
19.904,0.14403270475093616,happy,subject_02,subject_02_happy_session_01
19.908,0.1962252360899477,happy,subject_02,subject_02_happy_session_01
19.912,0.1476914973388354,happy,subject_02,subject_02_happy_session_01
19.916,0.16216613280737685,happy,subject_02,subject_02_happy_session_01
19.92,0.14439340103318327,happy,subject_02,subject_02_happy_session_01
19.924,0.12402121493948806,happy,subject_02,subject_02_happy_session_01
19.928,0.10587640933878162,happy,subject_02,subject_02_happy_session_01
19.932,0.16806772336363787,happy,subject_02,subject_02_happy_session_01
19.936,0.1443280124964443,happy,subject_02,subject_02_happy_session_01
19.94,0.13497231819528188,happy,subject_02,subject_02_happy_session_01
19.944,0.10614725470235736,happy,subject_02,subject_02_happy_session_01
19.948,0.11393139497117143,happy,subject_02,subject_02_happy_session_01
19.952,0.07984939666763322,happy,subject_02,subject_02_happy_session_01
19.956,0.07299437534435577,happy,subject_02,subject_02_happy_session_01
19.96,0.15327861498814102,happy,subject_02,subject_02_happy_session_01
19.964,0.11878865078038958,happy,subject_02,subject_02_happy_session_01
19.968,0.06297406924519043,happy,subject_02,subject_02_happy_session_01
19.972,0.025475952294052348,happy,subject_02,subject_02_happy_session_01
19.976,0.013976469222722505,happy,subject_02,subject_02_happy_session_01
19.98,0.04748010021208658,happy,subject_02,subject_02_happy_session_01
19.984,0.07012738969805045,happy,subject_02,subject_02_happy_session_01
19.988,0.06772980838810913,happy,subject_02,subject_02_happy_session_01
19.992,0.06657932129994465,happy,subject_02,subject_02_happy_session_01
19.996,0.07147887837170096,happy,subject_02,subject_02_happy_session_01
20.0,0.02243721503269873,happy,subject_02,subject_02_happy_session_01
20.004,0.11116292674951252,happy,subject_02,subject_02_happy_session_01
20.008,0.051706985188622434,happy,subject_02,subject_02_happy_session_01
20.012,0.06976097656439975,happy,subject_02,subject_02_happy_session_01
20.016,0.037882118846808165,happy,subject_02,subject_02_happy_session_01
20.02,0.07370956188218171,happy,subject_02,subject_02_happy_session_01
20.024,0.13796698253324413,happy,subject_02,subject_02_happy_session_01
20.028,0.033563993538689184,happy,subject_02,subject_02_happy_session_01
20.032,0.03244815939624445,happy,subject_02,subject_02_happy_session_01
20.036,0.04484591173784058,happy,subject_02,subject_02_happy_session_01
20.04,0.06727434510277058,happy,subject_02,subject_02_happy_session_01
20.044,0.06463877101242792,happy,subject_02,subject_02_happy_session_01
20.048,0.050437902855629387,happy,subject_02,subject_02_happy_session_01
20.052,0.08900966710325882,happy,subject_02,subject_02_happy_session_01
20.056,0.14908071664124659,happy,subject_02,subject_02_happy_session_01
20.06,0.09259091528260559,happy,subject_02,subject_02_happy_session_01
20.064,0.0974540007316667,happy,subject_02,subject_02_happy_session_01
20.068,0.11533693801343174,happy,subject_02,subject_02_happy_session_01
20.072,0.12793693092362057,happy,subject_02,subject_02_happy_session_01
20.076,0.1546311552129842,happy,subject_02,subject_02_happy_session_01
20.08,0.11558499093974775,happy,subject_02,subject_02_happy_session_01
20.084,0.10699087448160412,happy,subject_02,subject_02_happy_session_01
20.088,0.07155347385064098,happy,subject_02,subject_02_happy_session_01
20.092,0.13060911779333534,happy,subject_02,subject_02_happy_session_01
20.096,0.07291155877554813,happy,subject_02,subject_02_happy_session_01
20.1,0.0689351559236849,happy,subject_02,subject_02_happy_session_01
20.104,0.10285261557323198,happy,subject_02,subject_02_happy_session_01
20.108,0.14604037084011745,happy,subject_02,subject_02_happy_session_01
20.112,0.1130675200833168,happy,subject_02,subject_02_happy_session_01
20.116,0.08153162818927952,happy,subject_02,subject_02_happy_session_01
20.12,0.0434352855151091,happy,subject_02,subject_02_happy_session_01
20.124,0.12584582505032932,happy,subject_02,subject_02_happy_session_01
20.128,0.06529895112790611,happy,subject_02,subject_02_happy_session_01
20.132,0.051842106078561614,happy,subject_02,subject_02_happy_session_01
20.136,0.07624199849704809,happy,subject_02,subject_02_happy_session_01
20.14,0.03610304012426563,happy,subject_02,subject_02_happy_session_01
20.144,0.02062496905636069,happy,subject_02,subject_02_happy_session_01
20.148,0.01944748142679684,happy,subject_02,subject_02_happy_session_01
20.152,0.015127551832090629,happy,subject_02,subject_02_happy_session_01
20.156,-0.005131029636769584,happy,subject_02,subject_02_happy_session_01
20.16,-0.012578069293556603,happy,subject_02,subject_02_happy_session_01
20.164,0.06161855445333159,happy,subject_02,subject_02_happy_session_01
20.168,0.048173653252723186,happy,subject_02,subject_02_happy_session_01
20.172,-0.006523316230450955,happy,subject_02,subject_02_happy_session_01
20.176,0.051207184029551475,happy,subject_02,subject_02_happy_session_01
20.18,0.02908555033682667,happy,subject_02,subject_02_happy_session_01
20.184,0.005358096314478257,happy,subject_02,subject_02_happy_session_01
20.188,-0.027522309067676845,happy,subject_02,subject_02_happy_session_01
20.192,0.026256864510666146,happy,subject_02,subject_02_happy_session_01
20.196,0.07872578038700073,happy,subject_02,subject_02_happy_session_01
20.2,0.0132556491027931,happy,subject_02,subject_02_happy_session_01
20.204,0.04714138227656109,happy,subject_02,subject_02_happy_session_01
20.208,0.004277534033245999,happy,subject_02,subject_02_happy_session_01
20.212,0.043347690071900986,happy,subject_02,subject_02_happy_session_01
20.216,0.004822441714522699,happy,subject_02,subject_02_happy_session_01
20.22,-0.0759517450648507,happy,subject_02,subject_02_happy_session_01
20.224,-0.020142683237536787,happy,subject_02,subject_02_happy_session_01
20.228,0.005409909830396928,happy,subject_02,subject_02_happy_session_01
20.232,0.0344501798727026,happy,subject_02,subject_02_happy_session_01
20.236,-0.009439548762552881,happy,subject_02,subject_02_happy_session_01
20.24,0.00590971969344772,happy,subject_02,subject_02_happy_session_01
20.244,0.010459499726698261,happy,subject_02,subject_02_happy_session_01
20.248,0.13638196656142126,happy,subject_02,subject_02_happy_session_01
20.252,0.21420492572464717,happy,subject_02,subject_02_happy_session_01
20.256,0.2470675695650695,happy,subject_02,subject_02_happy_session_01
20.26,0.350476736871834,happy,subject_02,subject_02_happy_session_01
20.264,0.48686136115728984,happy,subject_02,subject_02_happy_session_01
20.268,0.7182394874287545,happy,subject_02,subject_02_happy_session_01
20.272,0.8343354744231443,happy,subject_02,subject_02_happy_session_01
20.276,0.905379723120217,happy,subject_02,subject_02_happy_session_01
20.28,1.003453713900752,happy,subject_02,subject_02_happy_session_01
20.284,0.9618659879093072,happy,subject_02,subject_02_happy_session_01
20.288,0.9912375701507807,happy,subject_02,subject_02_happy_session_01
20.292,0.8603120611366797,happy,subject_02,subject_02_happy_session_01
20.296,0.7081272824343278,happy,subject_02,subject_02_happy_session_01
20.3,0.5818600564621306,happy,subject_02,subject_02_happy_session_01
20.304,0.42216338623390953,happy,subject_02,subject_02_happy_session_01
20.308,0.29908838986923314,happy,subject_02,subject_02_happy_session_01
20.312,0.19884230181598983,happy,subject_02,subject_02_happy_session_01
20.316,0.09890312014072124,happy,subject_02,subject_02_happy_session_01
20.32,0.0006028231501551328,happy,subject_02,subject_02_happy_session_01
20.324,-0.045446640376397576,happy,subject_02,subject_02_happy_session_01
20.328,-0.06803907408325044,happy,subject_02,subject_02_happy_session_01
20.332,-0.10290546221651442,happy,subject_02,subject_02_happy_session_01
20.336,-0.026356068956691927,happy,subject_02,subject_02_happy_session_01
20.34,-0.03819832070727065,happy,subject_02,subject_02_happy_session_01
20.344,0.04963400541305459,happy,subject_02,subject_02_happy_session_01
20.348,0.012001737434118538,happy,subject_02,subject_02_happy_session_01
20.352,0.053893026730444486,happy,subject_02,subject_02_happy_session_01
20.356,0.017057043921756294,happy,subject_02,subject_02_happy_session_01
20.36,0.014924673638466716,happy,subject_02,subject_02_happy_session_01
20.364,0.0635449969454407,happy,subject_02,subject_02_happy_session_01
20.368,0.05560675160606877,happy,subject_02,subject_02_happy_session_01
20.372,0.06067576522800258,happy,subject_02,subject_02_happy_session_01
20.376,0.04977368541552172,happy,subject_02,subject_02_happy_session_01
20.38,0.08456221900850788,happy,subject_02,subject_02_happy_session_01
20.384,0.08363073604483343,happy,subject_02,subject_02_happy_session_01
20.388,-0.010727644266910794,happy,subject_02,subject_02_happy_session_01
20.392,0.0611218132610548,happy,subject_02,subject_02_happy_session_01
20.396,0.1105975711791021,happy,subject_02,subject_02_happy_session_01
20.4,0.044624703863912804,happy,subject_02,subject_02_happy_session_01
20.404,0.02657731906461975,happy,subject_02,subject_02_happy_session_01
20.408,0.08672827899602127,happy,subject_02,subject_02_happy_session_01
20.412,0.1158508712915116,happy,subject_02,subject_02_happy_session_01
20.416,0.08780340125952935,happy,subject_02,subject_02_happy_session_01
20.42,0.15571208842680917,happy,subject_02,subject_02_happy_session_01
20.424,0.1817531663016781,happy,subject_02,subject_02_happy_session_01
20.428,0.05682705648949821,happy,subject_02,subject_02_happy_session_01
20.432,0.11793365056444081,happy,subject_02,subject_02_happy_session_01
20.436,0.0588444641644429,happy,subject_02,subject_02_happy_session_01
20.44,0.1693201237784049,happy,subject_02,subject_02_happy_session_01
20.444,0.12997708628399096,happy,subject_02,subject_02_happy_session_01
20.448,0.14478572664298328,happy,subject_02,subject_02_happy_session_01
20.452,0.20933453764618518,happy,subject_02,subject_02_happy_session_01
20.456,0.1303790209892464,happy,subject_02,subject_02_happy_session_01
20.46,0.1292806899798748,happy,subject_02,subject_02_happy_session_01
20.464,0.11247703532818983,happy,subject_02,subject_02_happy_session_01
20.468,0.24417004788187777,happy,subject_02,subject_02_happy_session_01
20.472,0.24339941240791135,happy,subject_02,subject_02_happy_session_01
20.476,0.20394019357154056,happy,subject_02,subject_02_happy_session_01
20.48,0.1765184956762902,happy,subject_02,subject_02_happy_session_01
20.484,0.2569897588847313,happy,subject_02,subject_02_happy_session_01
20.488,0.33053058583412986,happy,subject_02,subject_02_happy_session_01
20.492,0.2318237921492022,happy,subject_02,subject_02_happy_session_01
20.496,0.20352307568000053,happy,subject_02,subject_02_happy_session_01
20.5,0.29419438419775,happy,subject_02,subject_02_happy_session_01
20.504,0.2157321492999016,happy,subject_02,subject_02_happy_session_01
20.508,0.24666137926296627,happy,subject_02,subject_02_happy_session_01
20.512,0.17072875972860765,happy,subject_02,subject_02_happy_session_01
20.516,0.25549533303927585,happy,subject_02,subject_02_happy_session_01
20.52,0.22381253942235266,happy,subject_02,subject_02_happy_session_01
20.524,0.3144537050107903,happy,subject_02,subject_02_happy_session_01
20.528,0.2374580068649768,happy,subject_02,subject_02_happy_session_01
20.532,0.2995231426296342,happy,subject_02,subject_02_happy_session_01
20.536,0.2685384220361367,happy,subject_02,subject_02_happy_session_01
20.54,0.2759562992621228,happy,subject_02,subject_02_happy_session_01
20.544,0.2885850929830346,happy,subject_02,subject_02_happy_session_01
20.548,0.2665672044986496,happy,subject_02,subject_02_happy_session_01
20.552,0.24330236548408776,happy,subject_02,subject_02_happy_session_01
20.556,0.2345179051129395,happy,subject_02,subject_02_happy_session_01
20.56,0.27716547705358013,happy,subject_02,subject_02_happy_session_01
20.564,0.18867873090468218,happy,subject_02,subject_02_happy_session_01
20.568,0.30937024541189445,happy,subject_02,subject_02_happy_session_01
20.572,0.2501832932516125,happy,subject_02,subject_02_happy_session_01
20.576,0.2282722621867493,happy,subject_02,subject_02_happy_session_01
20.58,0.24352087783167098,happy,subject_02,subject_02_happy_session_01
20.584,0.207190333147579,happy,subject_02,subject_02_happy_session_01
20.588,0.2152402675058773,happy,subject_02,subject_02_happy_session_01
20.592,0.1750847227473395,happy,subject_02,subject_02_happy_session_01
20.596,0.22083231870911615,happy,subject_02,subject_02_happy_session_01
20.6,0.1977986670447318,happy,subject_02,subject_02_happy_session_01
20.604,0.19982232571400754,happy,subject_02,subject_02_happy_session_01
20.608,0.23780790549334258,happy,subject_02,subject_02_happy_session_01
20.612,0.15035308821798857,happy,subject_02,subject_02_happy_session_01
20.616,0.16660100687073487,happy,subject_02,subject_02_happy_session_01
20.62,0.10597636241480894,happy,subject_02,subject_02_happy_session_01
20.624,0.17578586929180356,happy,subject_02,subject_02_happy_session_01
20.628,0.14881811860158206,happy,subject_02,subject_02_happy_session_01
20.632,0.1431098644200538,happy,subject_02,subject_02_happy_session_01
20.636,0.1302851004871413,happy,subject_02,subject_02_happy_session_01
20.64,0.10910269286907265,happy,subject_02,subject_02_happy_session_01
20.644,0.21054203459766913,happy,subject_02,subject_02_happy_session_01
20.648,0.11869327711695021,happy,subject_02,subject_02_happy_session_01
20.652,0.12227837534038376,happy,subject_02,subject_02_happy_session_01
20.656,0.06697124220533668,happy,subject_02,subject_02_happy_session_01
20.66,0.1332215259936983,happy,subject_02,subject_02_happy_session_01
20.664,0.09378806920358611,happy,subject_02,subject_02_happy_session_01
20.668,0.11008587296944657,happy,subject_02,subject_02_happy_session_01
20.672,0.12297280583839712,happy,subject_02,subject_02_happy_session_01
20.676,0.08522465519095923,happy,subject_02,subject_02_happy_session_01
20.68,0.06322026936749581,happy,subject_02,subject_02_happy_session_01
20.684,0.004097717695283873,happy,subject_02,subject_02_happy_session_01
20.688,0.07128056303474647,happy,subject_02,subject_02_happy_session_01
20.692,0.06082347997936416,happy,subject_02,subject_02_happy_session_01
20.696,0.04518301505569928,happy,subject_02,subject_02_happy_session_01
20.7,0.13712034104804588,happy,subject_02,subject_02_happy_session_01
20.704,0.12229511701361408,happy,subject_02,subject_02_happy_session_01
20.708,0.02601509071873423,happy,subject_02,subject_02_happy_session_01
20.712,0.09807554207482255,happy,subject_02,subject_02_happy_session_01
20.716,0.06714130293421615,happy,subject_02,subject_02_happy_session_01
20.72,0.11197116266311039,happy,subject_02,subject_02_happy_session_01
20.724,0.07478952521509033,happy,subject_02,subject_02_happy_session_01
20.728,0.08771805391988935,happy,subject_02,subject_02_happy_session_01
20.732,0.14415658901829706,happy,subject_02,subject_02_happy_session_01
20.736,0.14295053718648715,happy,subject_02,subject_02_happy_session_01
20.74,0.17077746385074472,happy,subject_02,subject_02_happy_session_01
20.744,0.11376314064779867,happy,subject_02,subject_02_happy_session_01
20.748,0.07346549926488966,happy,subject_02,subject_02_happy_session_01
20.752,0.1592573773397834,happy,subject_02,subject_02_happy_session_01
20.756,0.16151850085852942,happy,subject_02,subject_02_happy_session_01
20.76,0.15250673279985041,happy,subject_02,subject_02_happy_session_01
20.764,0.10526545915809243,happy,subject_02,subject_02_happy_session_01
20.768,0.09389241621186206,happy,subject_02,subject_02_happy_session_01
20.772,0.1494775556531512,happy,subject_02,subject_02_happy_session_01
20.776,0.09832572470183748,happy,subject_02,subject_02_happy_session_01
20.78,0.11647653837831771,happy,subject_02,subject_02_happy_session_01
20.784,0.22622642839930018,happy,subject_02,subject_02_happy_session_01
20.788,0.19563567315033248,happy,subject_02,subject_02_happy_session_01
20.792,0.14493796924967253,happy,subject_02,subject_02_happy_session_01
20.796,0.08961116747296191,happy,subject_02,subject_02_happy_session_01
20.8,0.08271747119046535,happy,subject_02,subject_02_happy_session_01
20.804,0.127962938533367,happy,subject_02,subject_02_happy_session_01
20.808,0.1500129510493535,happy,subject_02,subject_02_happy_session_01
20.812,0.07430806511056684,happy,subject_02,subject_02_happy_session_01
20.816,0.07080183226353202,happy,subject_02,subject_02_happy_session_01
20.82,0.08449409161572187,happy,subject_02,subject_02_happy_session_01
20.824,0.027578382623921455,happy,subject_02,subject_02_happy_session_01
20.828,0.023614321273231785,happy,subject_02,subject_02_happy_session_01
20.832,0.025214612318926057,happy,subject_02,subject_02_happy_session_01
20.836,0.08099684254507405,happy,subject_02,subject_02_happy_session_01
20.84,0.06723846675723039,happy,subject_02,subject_02_happy_session_01
20.844,0.09368955491897765,happy,subject_02,subject_02_happy_session_01
20.848,-0.010374227976806621,happy,subject_02,subject_02_happy_session_01
20.852,-0.0057784942614778,happy,subject_02,subject_02_happy_session_01
20.856,0.06049711617293115,happy,subject_02,subject_02_happy_session_01
20.86,0.011593433196245412,happy,subject_02,subject_02_happy_session_01
20.864,0.01201778244589196,happy,subject_02,subject_02_happy_session_01
20.868,0.07362123471840183,happy,subject_02,subject_02_happy_session_01
20.872,0.017267992594573994,happy,subject_02,subject_02_happy_session_01
20.876,0.020053766134523775,happy,subject_02,subject_02_happy_session_01
20.88,0.025464181884991745,happy,subject_02,subject_02_happy_session_01
20.884,0.026683210471146565,happy,subject_02,subject_02_happy_session_01
20.888,0.05653488111844224,happy,subject_02,subject_02_happy_session_01
20.892,-0.010444781672625712,happy,subject_02,subject_02_happy_session_01
20.896,0.024638659759261362,happy,subject_02,subject_02_happy_session_01
20.9,0.07096225797619765,happy,subject_02,subject_02_happy_session_01
20.904,0.10333225124855114,happy,subject_02,subject_02_happy_session_01
20.908,-0.021510703391422182,happy,subject_02,subject_02_happy_session_01
20.912,0.033497113927814404,happy,subject_02,subject_02_happy_session_01
20.916,0.010555774665091514,happy,subject_02,subject_02_happy_session_01
20.92,0.010932673935912594,happy,subject_02,subject_02_happy_session_01
20.924,-0.009203708749141788,happy,subject_02,subject_02_happy_session_01
20.928,0.06293307741358961,happy,subject_02,subject_02_happy_session_01
20.932,0.10097462925345582,happy,subject_02,subject_02_happy_session_01
20.936,0.23226114462799696,happy,subject_02,subject_02_happy_session_01
20.94,0.19515417394771437,happy,subject_02,subject_02_happy_session_01
20.944,0.3042021195922503,happy,subject_02,subject_02_happy_session_01
20.948,0.579573734982703,happy,subject_02,subject_02_happy_session_01
20.952,0.6542596246376834,happy,subject_02,subject_02_happy_session_01
20.956,0.7801452520124276,happy,subject_02,subject_02_happy_session_01
20.96,0.9193035325437893,happy,subject_02,subject_02_happy_session_01
20.964,0.9432397642936773,happy,subject_02,subject_02_happy_session_01
20.968,1.0370584713170845,happy,subject_02,subject_02_happy_session_01
20.972,1.0005798352035637,happy,subject_02,subject_02_happy_session_01
20.976,0.9697255707370693,happy,subject_02,subject_02_happy_session_01
20.98,0.8481295673291446,happy,subject_02,subject_02_happy_session_01
20.984,0.7072523098236293,happy,subject_02,subject_02_happy_session_01
20.988,0.5233050799845701,happy,subject_02,subject_02_happy_session_01
20.992,0.41745115321308357,happy,subject_02,subject_02_happy_session_01
20.996,0.24293372916877526,happy,subject_02,subject_02_happy_session_01
21.0,0.09288990491634476,happy,subject_02,subject_02_happy_session_01
21.004,0.0046685942662743445,happy,subject_02,subject_02_happy_session_01
21.008,-0.03746582981000281,happy,subject_02,subject_02_happy_session_01
21.012,-0.010957363307348669,happy,subject_02,subject_02_happy_session_01
21.016,-0.07682991210462806,happy,subject_02,subject_02_happy_session_01
21.02,-0.012072675317858017,happy,subject_02,subject_02_happy_session_01
21.024,-0.029730957561191144,happy,subject_02,subject_02_happy_session_01
21.028,-0.028149587512358562,happy,subject_02,subject_02_happy_session_01
21.032,-0.009204247594773934,happy,subject_02,subject_02_happy_session_01
21.036,0.03799342066274173,happy,subject_02,subject_02_happy_session_01
21.04,0.07249303391838391,happy,subject_02,subject_02_happy_session_01
21.044,0.027086955849580523,happy,subject_02,subject_02_happy_session_01
21.048,-0.01802350591340124,happy,subject_02,subject_02_happy_session_01
21.052,0.16845124384062088,happy,subject_02,subject_02_happy_session_01
21.056,0.10048418659499914,happy,subject_02,subject_02_happy_session_01
21.06,0.09740195258284232,happy,subject_02,subject_02_happy_session_01
21.064,0.12535590500996208,happy,subject_02,subject_02_happy_session_01
21.068,0.07546294439335992,happy,subject_02,subject_02_happy_session_01
21.072,0.07161687621408347,happy,subject_02,subject_02_happy_session_01
21.076,0.12817804060443622,happy,subject_02,subject_02_happy_session_01
21.08,0.13260120581169393,happy,subject_02,subject_02_happy_session_01
21.084,0.11185304833900382,happy,subject_02,subject_02_happy_session_01
21.088,0.1264222499399431,happy,subject_02,subject_02_happy_session_01
21.092,0.05766437433038489,happy,subject_02,subject_02_happy_session_01
21.096,0.09776411696214364,happy,subject_02,subject_02_happy_session_01
21.1,0.17242253631182286,happy,subject_02,subject_02_happy_session_01
21.104,0.14720290343261294,happy,subject_02,subject_02_happy_session_01
21.108,0.07437660358865683,happy,subject_02,subject_02_happy_session_01
21.112,0.11367328177771965,happy,subject_02,subject_02_happy_session_01
21.116,0.19310850862500178,happy,subject_02,subject_02_happy_session_01
21.12,0.1621970174527892,happy,subject_02,subject_02_happy_session_01
21.124,0.15987098035716363,happy,subject_02,subject_02_happy_session_01
21.128,0.1682869848076406,happy,subject_02,subject_02_happy_session_01
21.132,0.16539960744659166,happy,subject_02,subject_02_happy_session_01
21.136,0.15749091635334583,happy,subject_02,subject_02_happy_session_01
21.14,0.1542027627837974,happy,subject_02,subject_02_happy_session_01
21.144,0.2262649353900718,happy,subject_02,subject_02_happy_session_01
21.148,0.20668979113741487,happy,subject_02,subject_02_happy_session_01
21.152,0.23050079745384602,happy,subject_02,subject_02_happy_session_01
21.156,0.2321304546599087,happy,subject_02,subject_02_happy_session_01
21.16,0.2693652839666895,happy,subject_02,subject_02_happy_session_01
21.164,0.24281497910237376,happy,subject_02,subject_02_happy_session_01
21.168,0.26230655124486396,happy,subject_02,subject_02_happy_session_01
21.172,0.24560582341608486,happy,subject_02,subject_02_happy_session_01
21.176,0.21251256047399178,happy,subject_02,subject_02_happy_session_01
21.18,0.24331006620758225,happy,subject_02,subject_02_happy_session_01
21.184,0.27696055616049686,happy,subject_02,subject_02_happy_session_01
21.188,0.2846758599448811,happy,subject_02,subject_02_happy_session_01
21.192,0.31589120727808306,happy,subject_02,subject_02_happy_session_01
21.196,0.2526297758375808,happy,subject_02,subject_02_happy_session_01
21.2,0.279705859469626,happy,subject_02,subject_02_happy_session_01
21.204,0.26976870684243864,happy,subject_02,subject_02_happy_session_01
21.208,0.33303871672465085,happy,subject_02,subject_02_happy_session_01
21.212,0.29065302527183423,happy,subject_02,subject_02_happy_session_01
21.216,0.29199349649992007,happy,subject_02,subject_02_happy_session_01
21.22,0.27694533862006177,happy,subject_02,subject_02_happy_session_01
21.224,0.2697363045162328,happy,subject_02,subject_02_happy_session_01
21.228,0.2257089781872743,happy,subject_02,subject_02_happy_session_01
21.232,0.23045598867564804,happy,subject_02,subject_02_happy_session_01
21.236,0.27844323703279267,happy,subject_02,subject_02_happy_session_01
21.24,0.27108190914923735,happy,subject_02,subject_02_happy_session_01
21.244,0.2720834860973874,happy,subject_02,subject_02_happy_session_01
21.248,0.2944837297777824,happy,subject_02,subject_02_happy_session_01
21.252,0.2601879833805591,happy,subject_02,subject_02_happy_session_01
21.256,0.23967018326896808,happy,subject_02,subject_02_happy_session_01
21.26,0.23899915432245325,happy,subject_02,subject_02_happy_session_01
21.264,0.2489714236157589,happy,subject_02,subject_02_happy_session_01
21.268,0.22086010098508896,happy,subject_02,subject_02_happy_session_01
21.272,0.26482029488841424,happy,subject_02,subject_02_happy_session_01
21.276,0.22030224020092798,happy,subject_02,subject_02_happy_session_01
21.28,0.22240333590465586,happy,subject_02,subject_02_happy_session_01
21.284,0.17772632325692134,happy,subject_02,subject_02_happy_session_01
21.288,0.23614546067679887,happy,subject_02,subject_02_happy_session_01
21.292,0.2417097805315475,happy,subject_02,subject_02_happy_session_01
21.296,0.1360542002984291,happy,subject_02,subject_02_happy_session_01
21.3,0.19020518729940772,happy,subject_02,subject_02_happy_session_01
21.304,0.16484177981741807,happy,subject_02,subject_02_happy_session_01
21.308,0.1710821801219233,happy,subject_02,subject_02_happy_session_01
21.312,0.16960610202387905,happy,subject_02,subject_02_happy_session_01
21.316,0.06836206529705006,happy,subject_02,subject_02_happy_session_01
21.32,0.16617139251864885,happy,subject_02,subject_02_happy_session_01
21.324,0.17176782476573144,happy,subject_02,subject_02_happy_session_01
21.328,0.16922616477476,happy,subject_02,subject_02_happy_session_01
21.332,0.08713794756832191,happy,subject_02,subject_02_happy_session_01
21.336,0.11331240730196468,happy,subject_02,subject_02_happy_session_01
21.34,0.0901226614439859,happy,subject_02,subject_02_happy_session_01
21.344,0.03696643640260906,happy,subject_02,subject_02_happy_session_01
21.348,0.07775786990391495,happy,subject_02,subject_02_happy_session_01
21.352,0.05750339567236358,happy,subject_02,subject_02_happy_session_01
21.356,0.10365029940283012,happy,subject_02,subject_02_happy_session_01
21.36,0.03188745089784836,happy,subject_02,subject_02_happy_session_01
21.364,0.05232528724243446,happy,subject_02,subject_02_happy_session_01
21.368,0.06664345819505946,happy,subject_02,subject_02_happy_session_01
21.372,0.11060224078841928,happy,subject_02,subject_02_happy_session_01
21.376,0.18030317433321097,happy,subject_02,subject_02_happy_session_01
21.38,0.0937336208782061,happy,subject_02,subject_02_happy_session_01
21.384,0.047644130586567905,happy,subject_02,subject_02_happy_session_01
21.388,0.06121785865876925,happy,subject_02,subject_02_happy_session_01
21.392,0.10977898738069308,happy,subject_02,subject_02_happy_session_01
21.396,0.04189433944030463,happy,subject_02,subject_02_happy_session_01
21.4,0.13008687779003525,happy,subject_02,subject_02_happy_session_01
21.404,0.10433892718884735,happy,subject_02,subject_02_happy_session_01
21.408,0.0937506771801852,happy,subject_02,subject_02_happy_session_01
21.412,0.04271670354011484,happy,subject_02,subject_02_happy_session_01
21.416,0.13756393975905545,happy,subject_02,subject_02_happy_session_01
21.42,0.08235564597049837,happy,subject_02,subject_02_happy_session_01
21.424,0.11794632786754572,happy,subject_02,subject_02_happy_session_01
21.428,0.11040627780151888,happy,subject_02,subject_02_happy_session_01
21.432,0.06349438077758207,happy,subject_02,subject_02_happy_session_01
21.436,0.11345613997844409,happy,subject_02,subject_02_happy_session_01
21.44,0.081265958178565,happy,subject_02,subject_02_happy_session_01
21.444,0.10231687595798211,happy,subject_02,subject_02_happy_session_01
21.448,0.1411499725751157,happy,subject_02,subject_02_happy_session_01
21.452,0.1507617857640532,happy,subject_02,subject_02_happy_session_01
21.456,0.12499051300090161,happy,subject_02,subject_02_happy_session_01
21.46,0.0934167250051584,happy,subject_02,subject_02_happy_session_01
21.464,0.09970373205271106,happy,subject_02,subject_02_happy_session_01
21.468,0.09641640781666806,happy,subject_02,subject_02_happy_session_01
21.472,0.0415645488429702,happy,subject_02,subject_02_happy_session_01
21.476,0.11502342759716114,happy,subject_02,subject_02_happy_session_01
21.48,0.04973701219098924,happy,subject_02,subject_02_happy_session_01
21.484,0.10588288679610482,happy,subject_02,subject_02_happy_session_01
21.488,0.046968024513471714,happy,subject_02,subject_02_happy_session_01
21.492,0.05042045905511365,happy,subject_02,subject_02_happy_session_01
21.496,0.11048411046779155,happy,subject_02,subject_02_happy_session_01
21.5,0.08232822558334717,happy,subject_02,subject_02_happy_session_01
21.504,0.009912145642027193,happy,subject_02,subject_02_happy_session_01
21.508,0.05084213990674771,happy,subject_02,subject_02_happy_session_01
21.512,0.07426002293311908,happy,subject_02,subject_02_happy_session_01
21.516,0.038339525182169806,happy,subject_02,subject_02_happy_session_01
21.52,0.04320500465929766,happy,subject_02,subject_02_happy_session_01
21.524,0.059271535111383694,happy,subject_02,subject_02_happy_session_01
21.528,0.04814461884704084,happy,subject_02,subject_02_happy_session_01
21.532,0.008053207794115606,happy,subject_02,subject_02_happy_session_01
21.536,0.04012046837752197,happy,subject_02,subject_02_happy_session_01
21.54,0.026192150314173303,happy,subject_02,subject_02_happy_session_01
21.544,0.09384335823477138,happy,subject_02,subject_02_happy_session_01
21.548,0.027465480398855945,happy,subject_02,subject_02_happy_session_01
21.552,0.03367497001130365,happy,subject_02,subject_02_happy_session_01
21.556,0.036200701208139924,happy,subject_02,subject_02_happy_session_01
21.56,0.01423911065213841,happy,subject_02,subject_02_happy_session_01
21.564,-0.0010377484759289055,happy,subject_02,subject_02_happy_session_01
21.568,0.03909235597695788,happy,subject_02,subject_02_happy_session_01
21.572,0.038389537208162405,happy,subject_02,subject_02_happy_session_01
21.576,0.09403593778881203,happy,subject_02,subject_02_happy_session_01
21.58,0.046298357413288,happy,subject_02,subject_02_happy_session_01
21.584,0.04590910624072334,happy,subject_02,subject_02_happy_session_01
21.588,0.04300213871500871,happy,subject_02,subject_02_happy_session_01
21.592,-0.008665772514659144,happy,subject_02,subject_02_happy_session_01
21.596,-0.03223886450310237,happy,subject_02,subject_02_happy_session_01
21.6,-0.028136470241833335,happy,subject_02,subject_02_happy_session_01
21.604,0.026852220373337128,happy,subject_02,subject_02_happy_session_01
21.608,0.05285024032168431,happy,subject_02,subject_02_happy_session_01
21.612,0.040020083739943806,happy,subject_02,subject_02_happy_session_01
21.616,0.038423212348758125,happy,subject_02,subject_02_happy_session_01
21.62,0.158624629426359,happy,subject_02,subject_02_happy_session_01
21.624,0.1696662307316516,happy,subject_02,subject_02_happy_session_01
21.628,0.2587749718283831,happy,subject_02,subject_02_happy_session_01
21.632,0.4437749596169412,happy,subject_02,subject_02_happy_session_01
21.636,0.6275410115223976,happy,subject_02,subject_02_happy_session_01
21.64,0.6978989227165032,happy,subject_02,subject_02_happy_session_01
21.644,0.7954835058664891,happy,subject_02,subject_02_happy_session_01
21.648,0.952238416035576,happy,subject_02,subject_02_happy_session_01
21.652,1.0297950047097535,happy,subject_02,subject_02_happy_session_01
21.656,0.8997785940807139,happy,subject_02,subject_02_happy_session_01
21.66,0.9862972764538668,happy,subject_02,subject_02_happy_session_01
21.664,0.806103466334119,happy,subject_02,subject_02_happy_session_01
21.668,0.7456315889550517,happy,subject_02,subject_02_happy_session_01
21.672,0.49614781445763145,happy,subject_02,subject_02_happy_session_01
21.676,0.3560547932632429,happy,subject_02,subject_02_happy_session_01
21.68,0.28228745119774107,happy,subject_02,subject_02_happy_session_01
21.684,0.17975957863738512,happy,subject_02,subject_02_happy_session_01
21.688,0.044626577055394835,happy,subject_02,subject_02_happy_session_01
21.692,0.06971364605248052,happy,subject_02,subject_02_happy_session_01
21.696,-0.07893546598915659,happy,subject_02,subject_02_happy_session_01
21.7,-0.08521708663335063,happy,subject_02,subject_02_happy_session_01
21.704,-0.050643668669723224,happy,subject_02,subject_02_happy_session_01
21.708,-0.03652751450617196,happy,subject_02,subject_02_happy_session_01
21.712,0.0024385683072807186,happy,subject_02,subject_02_happy_session_01
21.716,-0.018988471942783348,happy,subject_02,subject_02_happy_session_01
21.72,0.03791574898612813,happy,subject_02,subject_02_happy_session_01
21.724,0.04491965473149945,happy,subject_02,subject_02_happy_session_01
21.728,0.08786379743775175,happy,subject_02,subject_02_happy_session_01
21.732,0.018316564959895365,happy,subject_02,subject_02_happy_session_01
21.736,0.0506679631083116,happy,subject_02,subject_02_happy_session_01
21.74,0.06324202868344979,happy,subject_02,subject_02_happy_session_01
21.744,0.044982359797997834,happy,subject_02,subject_02_happy_session_01
21.748,0.04119166484544108,happy,subject_02,subject_02_happy_session_01
21.752,-0.020038440990928906,happy,subject_02,subject_02_happy_session_01
21.756,0.05896156342425619,happy,subject_02,subject_02_happy_session_01
21.76,0.08100408292990281,happy,subject_02,subject_02_happy_session_01
21.764,0.06253222498824863,happy,subject_02,subject_02_happy_session_01
21.768,0.041848180199771406,happy,subject_02,subject_02_happy_session_01
21.772,0.015405220953351888,happy,subject_02,subject_02_happy_session_01
21.776,0.0952603467886704,happy,subject_02,subject_02_happy_session_01
21.78,0.0860593981223677,happy,subject_02,subject_02_happy_session_01
21.784,0.13930840433824163,happy,subject_02,subject_02_happy_session_01
21.788,0.045945406696448275,happy,subject_02,subject_02_happy_session_01
21.792,0.08646902963560056,happy,subject_02,subject_02_happy_session_01
21.796,0.06316554470295822,happy,subject_02,subject_02_happy_session_01
21.8,0.15198654971904854,happy,subject_02,subject_02_happy_session_01
21.804,0.16634222709381227,happy,subject_02,subject_02_happy_session_01
21.808,0.1973043515419708,happy,subject_02,subject_02_happy_session_01
21.812,0.15543732268322663,happy,subject_02,subject_02_happy_session_01
21.816,0.17209139472230717,happy,subject_02,subject_02_happy_session_01
21.82,0.16708323752823664,happy,subject_02,subject_02_happy_session_01
21.824,0.1792716162963989,happy,subject_02,subject_02_happy_session_01
21.828,0.1683257543855737,happy,subject_02,subject_02_happy_session_01
21.832,0.19562613242237778,happy,subject_02,subject_02_happy_session_01
21.836,0.25614966350811613,happy,subject_02,subject_02_happy_session_01
21.84,0.1960685871506466,happy,subject_02,subject_02_happy_session_01
21.844,0.1962596616304182,happy,subject_02,subject_02_happy_session_01
21.848,0.20915341726301145,happy,subject_02,subject_02_happy_session_01
21.852,0.20355767537951155,happy,subject_02,subject_02_happy_session_01
21.856,0.22366674543960832,happy,subject_02,subject_02_happy_session_01
21.86,0.21457217185939942,happy,subject_02,subject_02_happy_session_01
21.864,0.2665799634327934,happy,subject_02,subject_02_happy_session_01
21.868,0.2682354385168434,happy,subject_02,subject_02_happy_session_01
21.872,0.31220622275991905,happy,subject_02,subject_02_happy_session_01
21.876,0.23979777304755737,happy,subject_02,subject_02_happy_session_01
21.88,0.25443372700844846,happy,subject_02,subject_02_happy_session_01
21.884,0.256143703138176,happy,subject_02,subject_02_happy_session_01
21.888,0.2570876226519493,happy,subject_02,subject_02_happy_session_01
21.892,0.2916673635015719,happy,subject_02,subject_02_happy_session_01
21.896,0.19665605120984472,happy,subject_02,subject_02_happy_session_01
21.9,0.2704535131395588,happy,subject_02,subject_02_happy_session_01
21.904,0.32435678816318564,happy,subject_02,subject_02_happy_session_01
21.908,0.30175938073517583,happy,subject_02,subject_02_happy_session_01
21.912,0.296684745271219,happy,subject_02,subject_02_happy_session_01
21.916,0.2807695577841553,happy,subject_02,subject_02_happy_session_01
21.92,0.22815268624181811,happy,subject_02,subject_02_happy_session_01
21.924,0.21987891504665072,happy,subject_02,subject_02_happy_session_01
21.928,0.21670143674348347,happy,subject_02,subject_02_happy_session_01
21.932,0.19883025034178042,happy,subject_02,subject_02_happy_session_01
21.936,0.2672934726023339,happy,subject_02,subject_02_happy_session_01
21.94,0.280554307241988,happy,subject_02,subject_02_happy_session_01
21.944,0.23891354079302732,happy,subject_02,subject_02_happy_session_01
21.948,0.24600757271340573,happy,subject_02,subject_02_happy_session_01
21.952,0.22186662206673727,happy,subject_02,subject_02_happy_session_01
21.956,0.224921650550544,happy,subject_02,subject_02_happy_session_01
21.96,0.12404551550659222,happy,subject_02,subject_02_happy_session_01
21.964,0.20203418447670174,happy,subject_02,subject_02_happy_session_01
21.968,0.16880034703371466,happy,subject_02,subject_02_happy_session_01
21.972,0.17480276938139067,happy,subject_02,subject_02_happy_session_01
21.976,0.17650962181040883,happy,subject_02,subject_02_happy_session_01
21.98,0.13589144695623437,happy,subject_02,subject_02_happy_session_01
21.984,0.11559527049135589,happy,subject_02,subject_02_happy_session_01
21.988,0.11945582077622745,happy,subject_02,subject_02_happy_session_01
21.992,0.08725626626630699,happy,subject_02,subject_02_happy_session_01
21.996,0.09000336276887638,happy,subject_02,subject_02_happy_session_01
22.0,0.08744226782810137,happy,subject_02,subject_02_happy_session_01
22.004,0.06565931184675929,happy,subject_02,subject_02_happy_session_01
22.008,0.12743893511626075,happy,subject_02,subject_02_happy_session_01
22.012,0.07072389509564794,happy,subject_02,subject_02_happy_session_01
22.016,0.030642961582867417,happy,subject_02,subject_02_happy_session_01
22.02,0.0757640188760306,happy,subject_02,subject_02_happy_session_01
22.024,0.04517675663702421,happy,subject_02,subject_02_happy_session_01
22.028,0.12995295568375448,happy,subject_02,subject_02_happy_session_01
22.032,0.07873124120009503,happy,subject_02,subject_02_happy_session_01
22.036,0.01828858539296023,happy,subject_02,subject_02_happy_session_01
22.04,0.08584918776115794,happy,subject_02,subject_02_happy_session_01
22.044,0.06565030340268467,happy,subject_02,subject_02_happy_session_01
22.048,0.05162334032526563,happy,subject_02,subject_02_happy_session_01
22.052,0.11297282480854907,happy,subject_02,subject_02_happy_session_01
22.056,0.022207783239029603,happy,subject_02,subject_02_happy_session_01
22.06,0.09168315977306493,happy,subject_02,subject_02_happy_session_01
22.064,0.040834991142341584,happy,subject_02,subject_02_happy_session_01
22.068,0.0548462298432918,happy,subject_02,subject_02_happy_session_01
22.072,0.03015251791950601,happy,subject_02,subject_02_happy_session_01
22.076,0.03384992692538839,happy,subject_02,subject_02_happy_session_01
22.08,0.04458514372782928,happy,subject_02,subject_02_happy_session_01
22.084,-0.004230792504162008,happy,subject_02,subject_02_happy_session_01
22.088,0.07727929972085903,happy,subject_02,subject_02_happy_session_01
22.092,0.07234401176390193,happy,subject_02,subject_02_happy_session_01
22.096,0.019318707088956555,happy,subject_02,subject_02_happy_session_01
22.1,0.09839731694224567,happy,subject_02,subject_02_happy_session_01
22.104,0.1298998965927388,happy,subject_02,subject_02_happy_session_01
22.108,0.059185455973922385,happy,subject_02,subject_02_happy_session_01
22.112,0.05834731588084459,happy,subject_02,subject_02_happy_session_01
22.116,0.12787806163441343,happy,subject_02,subject_02_happy_session_01
22.12,0.10573918361446173,happy,subject_02,subject_02_happy_session_01
22.124,0.08911388256261704,happy,subject_02,subject_02_happy_session_01
22.128,0.12407341227271729,happy,subject_02,subject_02_happy_session_01
22.132,0.10622816136238657,happy,subject_02,subject_02_happy_session_01
22.136,0.14702776780221066,happy,subject_02,subject_02_happy_session_01
22.14,0.0961302674831101,happy,subject_02,subject_02_happy_session_01
22.144,0.11060396614536465,happy,subject_02,subject_02_happy_session_01
22.148,0.13234771402017856,happy,subject_02,subject_02_happy_session_01
22.152,0.005778801401958106,happy,subject_02,subject_02_happy_session_01
22.156,0.12802729246913208,happy,subject_02,subject_02_happy_session_01
22.16,0.06691956235075036,happy,subject_02,subject_02_happy_session_01
22.164,0.09782883866830583,happy,subject_02,subject_02_happy_session_01
22.168,0.13385001303789845,happy,subject_02,subject_02_happy_session_01
22.172,0.05980399493208074,happy,subject_02,subject_02_happy_session_01
22.176,0.049194309528726984,happy,subject_02,subject_02_happy_session_01
22.18,0.057664047300311216,happy,subject_02,subject_02_happy_session_01
22.184,0.0031000114363259335,happy,subject_02,subject_02_happy_session_01
22.188,0.12524468075968626,happy,subject_02,subject_02_happy_session_01
22.192,0.041208301218667344,happy,subject_02,subject_02_happy_session_01
22.196,0.09486111242905304,happy,subject_02,subject_02_happy_session_01
22.2,0.020382409044850735,happy,subject_02,subject_02_happy_session_01
22.204,0.028275461149805087,happy,subject_02,subject_02_happy_session_01
22.208,0.05547638048623105,happy,subject_02,subject_02_happy_session_01
22.212,-0.020478540983499605,happy,subject_02,subject_02_happy_session_01
22.216,0.010529486450283856,happy,subject_02,subject_02_happy_session_01
22.22,0.04223262539420508,happy,subject_02,subject_02_happy_session_01
22.224,-0.00023053120130151622,happy,subject_02,subject_02_happy_session_01
22.228,-0.012603752230288834,happy,subject_02,subject_02_happy_session_01
22.232,0.04074765430465835,happy,subject_02,subject_02_happy_session_01
22.236,0.048477979094985385,happy,subject_02,subject_02_happy_session_01
22.24,0.05205864889767078,happy,subject_02,subject_02_happy_session_01
22.244,-0.027889695874947523,happy,subject_02,subject_02_happy_session_01
22.248,-0.02601998593052849,happy,subject_02,subject_02_happy_session_01
22.252,-0.02351462327215824,happy,subject_02,subject_02_happy_session_01
22.256,0.017058313419564364,happy,subject_02,subject_02_happy_session_01
22.26,-0.0509117438962402,happy,subject_02,subject_02_happy_session_01
22.264,-0.049790336658451936,happy,subject_02,subject_02_happy_session_01
22.268,-0.03579308934590845,happy,subject_02,subject_02_happy_session_01
22.272,-0.04486226475242639,happy,subject_02,subject_02_happy_session_01
22.276,0.01695876878394302,happy,subject_02,subject_02_happy_session_01
22.28,0.011434629845639997,happy,subject_02,subject_02_happy_session_01
22.284,-0.03849211967097878,happy,subject_02,subject_02_happy_session_01
22.288,-0.03322345334868807,happy,subject_02,subject_02_happy_session_01
22.292,-0.11750633390831473,happy,subject_02,subject_02_happy_session_01
22.296,-0.038731416616199096,happy,subject_02,subject_02_happy_session_01
22.3,0.04220297901105886,happy,subject_02,subject_02_happy_session_01
22.304,0.02527355632191675,happy,subject_02,subject_02_happy_session_01
22.308,0.07801609687530334,happy,subject_02,subject_02_happy_session_01
22.312,0.26708039293252067,happy,subject_02,subject_02_happy_session_01
22.316,0.30792434190105195,happy,subject_02,subject_02_happy_session_01
22.32,0.5453199988602612,happy,subject_02,subject_02_happy_session_01
22.324,0.7401001162914288,happy,subject_02,subject_02_happy_session_01
22.328,0.7717956439164498,happy,subject_02,subject_02_happy_session_01
22.332,0.9295232543018828,happy,subject_02,subject_02_happy_session_01
22.336,0.8984445679576575,happy,subject_02,subject_02_happy_session_01
22.34,0.9188959115453764,happy,subject_02,subject_02_happy_session_01
22.344,0.9203959451853094,happy,subject_02,subject_02_happy_session_01
22.348,0.896810897693991,happy,subject_02,subject_02_happy_session_01
22.352,0.7471886451585302,happy,subject_02,subject_02_happy_session_01
22.356,0.5927625054928524,happy,subject_02,subject_02_happy_session_01
22.36,0.395459120652792,happy,subject_02,subject_02_happy_session_01
22.364,0.2828483905876111,happy,subject_02,subject_02_happy_session_01
22.368,0.13057083677496398,happy,subject_02,subject_02_happy_session_01
22.372,0.015349212455660649,happy,subject_02,subject_02_happy_session_01
22.376,-0.060042546874763805,happy,subject_02,subject_02_happy_session_01
22.38,-0.05861092297588939,happy,subject_02,subject_02_happy_session_01
22.384,-0.1047923095619778,happy,subject_02,subject_02_happy_session_01
22.388,-0.07584321837310878,happy,subject_02,subject_02_happy_session_01
22.392,-0.12367991701511652,happy,subject_02,subject_02_happy_session_01
22.396,-0.02720838963661709,happy,subject_02,subject_02_happy_session_01
22.4,-0.020699576218234844,happy,subject_02,subject_02_happy_session_01
22.404,-0.024732365357139713,happy,subject_02,subject_02_happy_session_01
22.408,-0.0019078805949566454,happy,subject_02,subject_02_happy_session_01
22.412,0.03148963264445109,happy,subject_02,subject_02_happy_session_01
22.416,-0.04733322164907974,happy,subject_02,subject_02_happy_session_01
22.42,0.00933597904901106,happy,subject_02,subject_02_happy_session_01
22.424,-0.03543954233259364,happy,subject_02,subject_02_happy_session_01
22.428,0.016494010989704294,happy,subject_02,subject_02_happy_session_01
22.432,0.007680765548259819,happy,subject_02,subject_02_happy_session_01
22.436,0.019392075332865546,happy,subject_02,subject_02_happy_session_01
22.44,0.05373067142468706,happy,subject_02,subject_02_happy_session_01
22.444,0.05672264405818124,happy,subject_02,subject_02_happy_session_01
22.448,0.07042277237870079,happy,subject_02,subject_02_happy_session_01
22.452,0.023106250668704705,happy,subject_02,subject_02_happy_session_01
22.456,0.06646134673242694,happy,subject_02,subject_02_happy_session_01
22.46,0.06473164530874198,happy,subject_02,subject_02_happy_session_01
22.464,0.039430254882436774,happy,subject_02,subject_02_happy_session_01
22.468,0.06221612523996554,happy,subject_02,subject_02_happy_session_01
22.472,0.05943838584501994,happy,subject_02,subject_02_happy_session_01
22.476,0.11908477004604827,happy,subject_02,subject_02_happy_session_01
22.48,0.105053882552292,happy,subject_02,subject_02_happy_session_01
22.484,0.07159017582756158,happy,subject_02,subject_02_happy_session_01
22.488,0.07600071918397772,happy,subject_02,subject_02_happy_session_01
22.492,0.13072720390261972,happy,subject_02,subject_02_happy_session_01
22.496,0.15127702015433853,happy,subject_02,subject_02_happy_session_01
22.5,0.12270872412147078,happy,subject_02,subject_02_happy_session_01
22.504,0.14209027781207623,happy,subject_02,subject_02_happy_session_01
22.508,0.1720798482667289,happy,subject_02,subject_02_happy_session_01
22.512,0.12780161852462446,happy,subject_02,subject_02_happy_session_01
22.516,0.14427044516128013,happy,subject_02,subject_02_happy_session_01
22.52,0.16575566700246475,happy,subject_02,subject_02_happy_session_01
22.524,0.14097673649855808,happy,subject_02,subject_02_happy_session_01
22.528,0.22258794146496724,happy,subject_02,subject_02_happy_session_01
22.532,0.1547363556790595,happy,subject_02,subject_02_happy_session_01
22.536,0.17892887760647216,happy,subject_02,subject_02_happy_session_01
22.54,0.2503038460236424,happy,subject_02,subject_02_happy_session_01
22.544,0.12420246409815273,happy,subject_02,subject_02_happy_session_01
22.548,0.2027029277580406,happy,subject_02,subject_02_happy_session_01
22.552,0.1774104047079653,happy,subject_02,subject_02_happy_session_01
22.556,0.2054902131670016,happy,subject_02,subject_02_happy_session_01
22.56,0.1677653355909841,happy,subject_02,subject_02_happy_session_01
22.564,0.2009773361522296,happy,subject_02,subject_02_happy_session_01
22.568,0.21828282936022778,happy,subject_02,subject_02_happy_session_01
22.572,0.2286589845630099,happy,subject_02,subject_02_happy_session_01
22.576,0.2539899607036364,happy,subject_02,subject_02_happy_session_01
22.58,0.14303705432614133,happy,subject_02,subject_02_happy_session_01
22.584,0.2210857590679671,happy,subject_02,subject_02_happy_session_01
22.588,0.21987822241746932,happy,subject_02,subject_02_happy_session_01
22.592,0.22362085873028495,happy,subject_02,subject_02_happy_session_01
22.596,0.22625539228739314,happy,subject_02,subject_02_happy_session_01
22.6,0.19470850427395808,happy,subject_02,subject_02_happy_session_01
22.604,0.1676457587042426,happy,subject_02,subject_02_happy_session_01
22.608,0.22682235676674364,happy,subject_02,subject_02_happy_session_01
22.612,0.1812810491365839,happy,subject_02,subject_02_happy_session_01
22.616,0.22647757082628447,happy,subject_02,subject_02_happy_session_01
22.62,0.1753530889733572,happy,subject_02,subject_02_happy_session_01
22.624,0.22767543606742208,happy,subject_02,subject_02_happy_session_01
22.628,0.1963337139032776,happy,subject_02,subject_02_happy_session_01
22.632,0.19314298869944987,happy,subject_02,subject_02_happy_session_01
22.636,0.17798577036806132,happy,subject_02,subject_02_happy_session_01
22.64,0.16601105255772744,happy,subject_02,subject_02_happy_session_01
22.644,0.16541904038145427,happy,subject_02,subject_02_happy_session_01
22.648,0.20799378905859192,happy,subject_02,subject_02_happy_session_01
22.652,0.10577402987445125,happy,subject_02,subject_02_happy_session_01
22.656,0.12945657549649936,happy,subject_02,subject_02_happy_session_01
22.66,0.18165691610544638,happy,subject_02,subject_02_happy_session_01
22.664,0.16581137955692862,happy,subject_02,subject_02_happy_session_01
22.668,0.17654602645930806,happy,subject_02,subject_02_happy_session_01
22.672,0.11985382041706887,happy,subject_02,subject_02_happy_session_01
22.676,0.06823703172701673,happy,subject_02,subject_02_happy_session_01
22.68,0.06814039527435052,happy,subject_02,subject_02_happy_session_01
22.684,0.08912714501544532,happy,subject_02,subject_02_happy_session_01
22.688,0.11904413900460555,happy,subject_02,subject_02_happy_session_01
22.692,0.0765544669351243,happy,subject_02,subject_02_happy_session_01
22.696,0.06715798964451627,happy,subject_02,subject_02_happy_session_01
22.7,0.08624705381478223,happy,subject_02,subject_02_happy_session_01
22.704,0.06723888850074429,happy,subject_02,subject_02_happy_session_01
22.708,0.045126395885124106,happy,subject_02,subject_02_happy_session_01
22.712,0.020172759963517202,happy,subject_02,subject_02_happy_session_01
22.716,0.08348351037612836,happy,subject_02,subject_02_happy_session_01
22.72,0.08259772665587055,happy,subject_02,subject_02_happy_session_01
22.724,0.00499119278258623,happy,subject_02,subject_02_happy_session_01
22.728,0.02453653898836916,happy,subject_02,subject_02_happy_session_01
22.732,0.0591479606400426,happy,subject_02,subject_02_happy_session_01
22.736,-0.006257107402518447,happy,subject_02,subject_02_happy_session_01
22.74,0.044698278736242214,happy,subject_02,subject_02_happy_session_01
22.744,0.019456304065185684,happy,subject_02,subject_02_happy_session_01
22.748,-0.012121760192168572,happy,subject_02,subject_02_happy_session_01
22.752,0.09286353386717726,happy,subject_02,subject_02_happy_session_01
22.756,0.01949497712791605,happy,subject_02,subject_02_happy_session_01
22.76,0.05115699932597571,happy,subject_02,subject_02_happy_session_01
22.764,-0.004536994939999185,happy,subject_02,subject_02_happy_session_01
22.768,0.0914228009988455,happy,subject_02,subject_02_happy_session_01
22.772,0.10806595103006042,happy,subject_02,subject_02_happy_session_01
22.776,-0.009493827463438458,happy,subject_02,subject_02_happy_session_01
22.78,0.04077440020326448,happy,subject_02,subject_02_happy_session_01
22.784,0.09664684778444232,happy,subject_02,subject_02_happy_session_01
22.788,0.03749835507645902,happy,subject_02,subject_02_happy_session_01
22.792,0.07192321299477893,happy,subject_02,subject_02_happy_session_01
22.796,0.0023641872006771036,happy,subject_02,subject_02_happy_session_01
22.8,0.0369314793597454,happy,subject_02,subject_02_happy_session_01
22.804,0.0782080326667927,happy,subject_02,subject_02_happy_session_01
22.808,0.04947647566115966,happy,subject_02,subject_02_happy_session_01
22.812,0.059544563486501154,happy,subject_02,subject_02_happy_session_01
22.816,0.02057884565104299,happy,subject_02,subject_02_happy_session_01
22.82,0.09732250299881136,happy,subject_02,subject_02_happy_session_01
22.824,0.02765448889376644,happy,subject_02,subject_02_happy_session_01
22.828,0.12785301091739942,happy,subject_02,subject_02_happy_session_01
22.832,0.048698263338685856,happy,subject_02,subject_02_happy_session_01
22.836,0.09856977376077941,happy,subject_02,subject_02_happy_session_01
22.84,0.09239639670813486,happy,subject_02,subject_02_happy_session_01
22.844,0.029986075467148404,happy,subject_02,subject_02_happy_session_01
22.848,0.04039107175544086,happy,subject_02,subject_02_happy_session_01
22.852,0.04012084908143151,happy,subject_02,subject_02_happy_session_01
22.856,0.037676549812473537,happy,subject_02,subject_02_happy_session_01
22.86,0.0007644492263867778,happy,subject_02,subject_02_happy_session_01
22.864,0.059515221918771066,happy,subject_02,subject_02_happy_session_01
22.868,0.011242017305890206,happy,subject_02,subject_02_happy_session_01
22.872,0.02583152873320728,happy,subject_02,subject_02_happy_session_01
22.876,0.0595742552235905,happy,subject_02,subject_02_happy_session_01
22.88,0.039009741677444365,happy,subject_02,subject_02_happy_session_01
22.884,-0.007916867949245534,happy,subject_02,subject_02_happy_session_01
22.888,0.04533620070164081,happy,subject_02,subject_02_happy_session_01
22.892,0.027559443703688444,happy,subject_02,subject_02_happy_session_01
22.896,-0.024756593956015868,happy,subject_02,subject_02_happy_session_01
22.9,-0.022018605462383524,happy,subject_02,subject_02_happy_session_01
22.904,0.0273704572238639,happy,subject_02,subject_02_happy_session_01
22.908,0.016343581339976727,happy,subject_02,subject_02_happy_session_01
22.912,-0.06641076025299265,happy,subject_02,subject_02_happy_session_01
22.916,-0.05158769394871615,happy,subject_02,subject_02_happy_session_01
22.92,0.005697819195459371,happy,subject_02,subject_02_happy_session_01
22.924,-0.06169100551628029,happy,subject_02,subject_02_happy_session_01
22.928,0.0059144483986079965,happy,subject_02,subject_02_happy_session_01
22.932,0.04407507927217537,happy,subject_02,subject_02_happy_session_01
22.936,-0.011806296924568388,happy,subject_02,subject_02_happy_session_01
22.94,-0.058172265464533315,happy,subject_02,subject_02_happy_session_01
22.944,-0.02052132002194968,happy,subject_02,subject_02_happy_session_01
22.948,0.008793967352073273,happy,subject_02,subject_02_happy_session_01
22.952,-0.02466381725094702,happy,subject_02,subject_02_happy_session_01
22.956,-0.01209440168228354,happy,subject_02,subject_02_happy_session_01
22.96,-0.05846164533125296,happy,subject_02,subject_02_happy_session_01
22.964,-0.05828476289319087,happy,subject_02,subject_02_happy_session_01
22.968,-0.005062844603219617,happy,subject_02,subject_02_happy_session_01
22.972,-0.06643243898006398,happy,subject_02,subject_02_happy_session_01
22.976,-0.13562322718698333,happy,subject_02,subject_02_happy_session_01
22.98,-0.05385634219703369,happy,subject_02,subject_02_happy_session_01
22.984,-0.017836533946960526,happy,subject_02,subject_02_happy_session_01
22.988,0.04267661552341686,happy,subject_02,subject_02_happy_session_01
22.992,0.12446951034091633,happy,subject_02,subject_02_happy_session_01
22.996,0.16085478923822077,happy,subject_02,subject_02_happy_session_01
23.0,0.299678996571558,happy,subject_02,subject_02_happy_session_01
23.004,0.4200574335942482,happy,subject_02,subject_02_happy_session_01
23.008,0.5764755602001574,happy,subject_02,subject_02_happy_session_01
23.012,0.7007004763093178,happy,subject_02,subject_02_happy_session_01
23.016,0.8436941210594475,happy,subject_02,subject_02_happy_session_01
23.02,0.8930835349635053,happy,subject_02,subject_02_happy_session_01
23.024,1.03072639501742,happy,subject_02,subject_02_happy_session_01
23.028,0.8686916553817627,happy,subject_02,subject_02_happy_session_01
23.032,0.9116798140084111,happy,subject_02,subject_02_happy_session_01
23.036,0.7972155169183875,happy,subject_02,subject_02_happy_session_01
23.04,0.6604278390929841,happy,subject_02,subject_02_happy_session_01
23.044,0.4499446780705949,happy,subject_02,subject_02_happy_session_01
23.048,0.2754474140481917,happy,subject_02,subject_02_happy_session_01
23.052,0.2121566845472769,happy,subject_02,subject_02_happy_session_01
23.056,0.12010275641384385,happy,subject_02,subject_02_happy_session_01
23.06,-0.004936351509824563,happy,subject_02,subject_02_happy_session_01
23.064,-0.03730592330284985,happy,subject_02,subject_02_happy_session_01
23.068,-0.10538835957755013,happy,subject_02,subject_02_happy_session_01
23.072,-0.07996130351192442,happy,subject_02,subject_02_happy_session_01
23.076,-0.03771568185848947,happy,subject_02,subject_02_happy_session_01
23.08,-0.07505065558006578,happy,subject_02,subject_02_happy_session_01
23.084,-0.005836683206158572,happy,subject_02,subject_02_happy_session_01
23.088,-0.09047377947151915,happy,subject_02,subject_02_happy_session_01
23.092,-0.044131034082771546,happy,subject_02,subject_02_happy_session_01
23.096,0.003956256581716264,happy,subject_02,subject_02_happy_session_01
23.1,0.05681689322233012,happy,subject_02,subject_02_happy_session_01
23.104,-0.005171378890804042,happy,subject_02,subject_02_happy_session_01
23.108,-0.038334073824749175,happy,subject_02,subject_02_happy_session_01
23.112,0.06701593169131395,happy,subject_02,subject_02_happy_session_01
23.116,0.000227036383576679,happy,subject_02,subject_02_happy_session_01
23.12,0.03152210717735882,happy,subject_02,subject_02_happy_session_01
23.124,0.0004001067794791053,happy,subject_02,subject_02_happy_session_01
23.128,0.021196005985306597,happy,subject_02,subject_02_happy_session_01
23.132,0.0009259643529493586,happy,subject_02,subject_02_happy_session_01
23.136,0.10427890933764675,happy,subject_02,subject_02_happy_session_01
23.14,0.07189546605375047,happy,subject_02,subject_02_happy_session_01
23.144,0.09730686625052568,happy,subject_02,subject_02_happy_session_01
23.148,0.01332311140209001,happy,subject_02,subject_02_happy_session_01
23.152,-0.017188482280305367,happy,subject_02,subject_02_happy_session_01
23.156,0.04246565328175327,happy,subject_02,subject_02_happy_session_01
23.16,0.1470805956590243,happy,subject_02,subject_02_happy_session_01
23.164,0.0542637218453636,happy,subject_02,subject_02_happy_session_01
23.168,0.10909129660463998,happy,subject_02,subject_02_happy_session_01
23.172,0.043363994000678426,happy,subject_02,subject_02_happy_session_01
23.176,0.057356775704150764,happy,subject_02,subject_02_happy_session_01
23.18,0.09087683946575299,happy,subject_02,subject_02_happy_session_01
23.184,0.174938083305423,happy,subject_02,subject_02_happy_session_01
23.188,0.1471377555129399,happy,subject_02,subject_02_happy_session_01
23.192,0.04436782719786163,happy,subject_02,subject_02_happy_session_01
23.196,0.14719870921756395,happy,subject_02,subject_02_happy_session_01
23.2,0.09128802550712356,happy,subject_02,subject_02_happy_session_01
23.204,0.1152275975683511,happy,subject_02,subject_02_happy_session_01
23.208,0.16445179108541658,happy,subject_02,subject_02_happy_session_01
23.212,0.2029148882738924,happy,subject_02,subject_02_happy_session_01
23.216,0.20840850935861757,happy,subject_02,subject_02_happy_session_01
23.22,0.1797936699668722,happy,subject_02,subject_02_happy_session_01
23.224,0.18703709016994557,happy,subject_02,subject_02_happy_session_01
23.228,0.2285139436253033,happy,subject_02,subject_02_happy_session_01
23.232,0.13237116874330207,happy,subject_02,subject_02_happy_session_01
23.236,0.2572135380375067,happy,subject_02,subject_02_happy_session_01
23.24,0.17282117505401354,happy,subject_02,subject_02_happy_session_01
23.244,0.2125734864964947,happy,subject_02,subject_02_happy_session_01
23.248,0.1904678164299445,happy,subject_02,subject_02_happy_session_01
23.252,0.17124335459999923,happy,subject_02,subject_02_happy_session_01
23.256,0.23118123628542298,happy,subject_02,subject_02_happy_session_01
23.26,0.2260573428866812,happy,subject_02,subject_02_happy_session_01
23.264,0.21625425129530246,happy,subject_02,subject_02_happy_session_01
23.268,0.21616001839794285,happy,subject_02,subject_02_happy_session_01
23.272,0.2758565960794635,happy,subject_02,subject_02_happy_session_01
23.276,0.29952003825949647,happy,subject_02,subject_02_happy_session_01
23.28,0.26632351848541413,happy,subject_02,subject_02_happy_session_01
23.284,0.23126059759291834,happy,subject_02,subject_02_happy_session_01
23.288,0.1627132033148511,happy,subject_02,subject_02_happy_session_01
23.292,0.23983316726253268,happy,subject_02,subject_02_happy_session_01
23.296,0.23866196366538922,happy,subject_02,subject_02_happy_session_01
23.3,0.23887663272695836,happy,subject_02,subject_02_happy_session_01
23.304,0.16812308082778932,happy,subject_02,subject_02_happy_session_01
23.308,0.23347618301751863,happy,subject_02,subject_02_happy_session_01
23.312,0.25356678796854254,happy,subject_02,subject_02_happy_session_01
23.316,0.15926231681149142,happy,subject_02,subject_02_happy_session_01
23.32,0.21195275480540438,happy,subject_02,subject_02_happy_session_01
23.324,0.15354560378399715,happy,subject_02,subject_02_happy_session_01
23.328,0.17195015992551688,happy,subject_02,subject_02_happy_session_01
23.332,0.1357538204236135,happy,subject_02,subject_02_happy_session_01
23.336,0.14980197205780896,happy,subject_02,subject_02_happy_session_01
23.34,0.14299727402413343,happy,subject_02,subject_02_happy_session_01
23.344,0.16220430822301285,happy,subject_02,subject_02_happy_session_01
23.348,0.17160595821400268,happy,subject_02,subject_02_happy_session_01
23.352,0.1756179540853919,happy,subject_02,subject_02_happy_session_01
23.356,0.10282511278928025,happy,subject_02,subject_02_happy_session_01
23.36,0.1308590421912006,happy,subject_02,subject_02_happy_session_01
23.364,0.07251808829934617,happy,subject_02,subject_02_happy_session_01
23.368,0.09988258568386417,happy,subject_02,subject_02_happy_session_01
23.372,0.09820937566832938,happy,subject_02,subject_02_happy_session_01
23.376,0.05757590159899205,happy,subject_02,subject_02_happy_session_01
23.38,0.10281883328455137,happy,subject_02,subject_02_happy_session_01
23.384,0.07145733386962427,happy,subject_02,subject_02_happy_session_01
23.388,0.07628170669236488,happy,subject_02,subject_02_happy_session_01
23.392,0.10805556496953908,happy,subject_02,subject_02_happy_session_01
23.396,0.04493371976700143,happy,subject_02,subject_02_happy_session_01
23.4,0.08478539629774985,happy,subject_02,subject_02_happy_session_01
23.404,0.10111121299259318,happy,subject_02,subject_02_happy_session_01
23.408,0.09503754715673621,happy,subject_02,subject_02_happy_session_01
23.412,0.03668742083597697,happy,subject_02,subject_02_happy_session_01
23.416,0.006367549148560053,happy,subject_02,subject_02_happy_session_01
23.42,0.013273989161131042,happy,subject_02,subject_02_happy_session_01
23.424,-0.019109241056516957,happy,subject_02,subject_02_happy_session_01
23.428,0.0593447553000654,happy,subject_02,subject_02_happy_session_01
23.432,0.06104036421862472,happy,subject_02,subject_02_happy_session_01
23.436,0.039102789986093345,happy,subject_02,subject_02_happy_session_01
23.44,-0.012430992524847244,happy,subject_02,subject_02_happy_session_01
23.444,0.02427221639301958,happy,subject_02,subject_02_happy_session_01
23.448,0.08724206433332418,happy,subject_02,subject_02_happy_session_01
23.452,0.06265674106184148,happy,subject_02,subject_02_happy_session_01
23.456,0.07156568780826333,happy,subject_02,subject_02_happy_session_01
23.46,0.16317007749543186,happy,subject_02,subject_02_happy_session_01
23.464,0.062410433643583736,happy,subject_02,subject_02_happy_session_01
23.468,-0.020862201818832075,happy,subject_02,subject_02_happy_session_01
23.472,0.020041871131412113,happy,subject_02,subject_02_happy_session_01
23.476,0.07318867252128107,happy,subject_02,subject_02_happy_session_01
23.48,0.06698162822699871,happy,subject_02,subject_02_happy_session_01
23.484,0.06394791358605081,happy,subject_02,subject_02_happy_session_01
23.488,0.06790890608638381,happy,subject_02,subject_02_happy_session_01
23.492,0.04881007766416447,happy,subject_02,subject_02_happy_session_01
23.496,0.09181336555444228,happy,subject_02,subject_02_happy_session_01
23.5,0.12943028271745335,happy,subject_02,subject_02_happy_session_01
23.504,0.14252473859035997,happy,subject_02,subject_02_happy_session_01
23.508,0.14211553900771987,happy,subject_02,subject_02_happy_session_01
23.512,0.04888706402521721,happy,subject_02,subject_02_happy_session_01
23.516,0.08078355516720236,happy,subject_02,subject_02_happy_session_01
23.52,0.06892968099517865,happy,subject_02,subject_02_happy_session_01
23.524,0.09836331941417675,happy,subject_02,subject_02_happy_session_01
23.528,0.07182839852679472,happy,subject_02,subject_02_happy_session_01
23.532,0.0633107105723871,happy,subject_02,subject_02_happy_session_01
23.536,0.11808038218950422,happy,subject_02,subject_02_happy_session_01
23.54,0.0661347404896205,happy,subject_02,subject_02_happy_session_01
23.544,0.0622068747200053,happy,subject_02,subject_02_happy_session_01
23.548,0.06723289836969797,happy,subject_02,subject_02_happy_session_01
23.552,0.07117904467741829,happy,subject_02,subject_02_happy_session_01
23.556,0.06604827094606221,happy,subject_02,subject_02_happy_session_01
23.56,0.09118345065804954,happy,subject_02,subject_02_happy_session_01
23.564,-0.013368515703329913,happy,subject_02,subject_02_happy_session_01
23.568,0.0379145600131893,happy,subject_02,subject_02_happy_session_01
23.572,0.018126472315660367,happy,subject_02,subject_02_happy_session_01
23.576,0.006600497448231837,happy,subject_02,subject_02_happy_session_01
23.58,0.0393829597948892,happy,subject_02,subject_02_happy_session_01
23.584,0.05430351934361181,happy,subject_02,subject_02_happy_session_01
23.588,-0.015372662888743348,happy,subject_02,subject_02_happy_session_01
23.592,0.061152971356800395,happy,subject_02,subject_02_happy_session_01
23.596,-0.0508716622279799,happy,subject_02,subject_02_happy_session_01
23.6,0.017366078273126757,happy,subject_02,subject_02_happy_session_01
23.604,-0.03666651995424222,happy,subject_02,subject_02_happy_session_01
23.608,-0.02984432275431912,happy,subject_02,subject_02_happy_session_01
23.612,-0.006882818163973968,happy,subject_02,subject_02_happy_session_01
23.616,-0.024286316607040007,happy,subject_02,subject_02_happy_session_01
23.62,-0.11164876754391723,happy,subject_02,subject_02_happy_session_01
23.624,0.009069389234948684,happy,subject_02,subject_02_happy_session_01
23.628,0.014240543167756895,happy,subject_02,subject_02_happy_session_01
23.632,-0.01927003417713085,happy,subject_02,subject_02_happy_session_01
23.636,-0.02254147597027851,happy,subject_02,subject_02_happy_session_01
23.64,-0.02782257208302117,happy,subject_02,subject_02_happy_session_01
23.644,-0.0756775278216309,happy,subject_02,subject_02_happy_session_01
23.648,-0.08121256467238472,happy,subject_02,subject_02_happy_session_01
23.652,0.007426731593130554,happy,subject_02,subject_02_happy_session_01
23.656,0.012236548453303235,happy,subject_02,subject_02_happy_session_01
23.66,-0.008416244287462578,happy,subject_02,subject_02_happy_session_01
23.664,-0.01684745179079855,happy,subject_02,subject_02_happy_session_01
23.668,0.005813299755779662,happy,subject_02,subject_02_happy_session_01
23.672,0.02900657931804941,happy,subject_02,subject_02_happy_session_01
23.676,0.02638884662609229,happy,subject_02,subject_02_happy_session_01
23.68,0.14070414767282413,happy,subject_02,subject_02_happy_session_01
23.684,0.2308065476075241,happy,subject_02,subject_02_happy_session_01
23.688,0.36350761540618826,happy,subject_02,subject_02_happy_session_01
23.692,0.5596468686788683,happy,subject_02,subject_02_happy_session_01
23.696,0.7220489486981968,happy,subject_02,subject_02_happy_session_01
23.7,0.7179290252292372,happy,subject_02,subject_02_happy_session_01
23.704,0.8953068623898491,happy,subject_02,subject_02_happy_session_01
23.708,0.9560304250328889,happy,subject_02,subject_02_happy_session_01
23.712,1.0199527608075871,happy,subject_02,subject_02_happy_session_01
23.716,0.888523150223935,happy,subject_02,subject_02_happy_session_01
23.72,0.746212444541645,happy,subject_02,subject_02_happy_session_01
23.724,0.7527838617902443,happy,subject_02,subject_02_happy_session_01
23.728,0.606941689704241,happy,subject_02,subject_02_happy_session_01
23.732,0.35229092001583456,happy,subject_02,subject_02_happy_session_01
23.736,0.26002669105581205,happy,subject_02,subject_02_happy_session_01
23.74,0.18889027366265182,happy,subject_02,subject_02_happy_session_01
23.744,-0.001461642752588116,happy,subject_02,subject_02_happy_session_01
23.748,-0.026035894416973425,happy,subject_02,subject_02_happy_session_01
23.752,-0.046522289156356506,happy,subject_02,subject_02_happy_session_01
23.756,-0.12410339439177079,happy,subject_02,subject_02_happy_session_01
23.76,-0.08710278244503358,happy,subject_02,subject_02_happy_session_01
23.764,-0.11133298439604657,happy,subject_02,subject_02_happy_session_01
23.768,-0.040618501161960203,happy,subject_02,subject_02_happy_session_01
23.772,-0.04704013727421766,happy,subject_02,subject_02_happy_session_01
23.776,6.655357716863278e-05,happy,subject_02,subject_02_happy_session_01
23.78,0.023837933153995697,happy,subject_02,subject_02_happy_session_01
23.784,0.05649807783490086,happy,subject_02,subject_02_happy_session_01
23.788,0.09419976839601389,happy,subject_02,subject_02_happy_session_01
23.792,0.02368482272227049,happy,subject_02,subject_02_happy_session_01
23.796,0.008871731848163604,happy,subject_02,subject_02_happy_session_01
23.8,0.010366307144484912,happy,subject_02,subject_02_happy_session_01
23.804,-0.00661634205980197,happy,subject_02,subject_02_happy_session_01
23.808,0.04673357808146332,happy,subject_02,subject_02_happy_session_01
23.812,0.017874658402437845,happy,subject_02,subject_02_happy_session_01
23.816,0.05774216075838781,happy,subject_02,subject_02_happy_session_01
23.82,0.011644600556743025,happy,subject_02,subject_02_happy_session_01
23.824,0.03295634834717644,happy,subject_02,subject_02_happy_session_01
23.828,0.06964876179670264,happy,subject_02,subject_02_happy_session_01
23.832,0.055669124877970884,happy,subject_02,subject_02_happy_session_01
23.836,-0.0013731288313866413,happy,subject_02,subject_02_happy_session_01
23.84,0.07136992856246248,happy,subject_02,subject_02_happy_session_01
23.844,0.05016012987472093,happy,subject_02,subject_02_happy_session_01
23.848,0.1261377628510334,happy,subject_02,subject_02_happy_session_01
23.852,0.12557232199414706,happy,subject_02,subject_02_happy_session_01
23.856,0.01868908279285178,happy,subject_02,subject_02_happy_session_01
23.86,0.1338442716808009,happy,subject_02,subject_02_happy_session_01
23.864,0.126785966535185,happy,subject_02,subject_02_happy_session_01
23.868,0.06872988843914604,happy,subject_02,subject_02_happy_session_01
23.872,0.15903683545996983,happy,subject_02,subject_02_happy_session_01
23.876,0.0912052826397606,happy,subject_02,subject_02_happy_session_01
23.88,0.18384274734505168,happy,subject_02,subject_02_happy_session_01
23.884,0.12890244678533616,happy,subject_02,subject_02_happy_session_01
23.888,0.1061249099916506,happy,subject_02,subject_02_happy_session_01
23.892,0.24115333064261996,happy,subject_02,subject_02_happy_session_01
23.896,0.12036801713387385,happy,subject_02,subject_02_happy_session_01
23.9,0.15369051935716926,happy,subject_02,subject_02_happy_session_01
23.904,0.16777259771442685,happy,subject_02,subject_02_happy_session_01
23.908,0.18015338533694902,happy,subject_02,subject_02_happy_session_01
23.912,0.22726176594600245,happy,subject_02,subject_02_happy_session_01
23.916,0.21121248657902553,happy,subject_02,subject_02_happy_session_01
23.92,0.25035480016165546,happy,subject_02,subject_02_happy_session_01
23.924,0.23383795956093364,happy,subject_02,subject_02_happy_session_01
23.928,0.1674431186868977,happy,subject_02,subject_02_happy_session_01
23.932,0.2499460001035472,happy,subject_02,subject_02_happy_session_01
23.936,0.243080608719424,happy,subject_02,subject_02_happy_session_01
23.94,0.2166963813125567,happy,subject_02,subject_02_happy_session_01
23.944,0.3142391004569044,happy,subject_02,subject_02_happy_session_01
23.948,0.2654691460787864,happy,subject_02,subject_02_happy_session_01
23.952,0.2790563134634646,happy,subject_02,subject_02_happy_session_01
23.956,0.2815826275494663,happy,subject_02,subject_02_happy_session_01
23.96,0.23338681874492928,happy,subject_02,subject_02_happy_session_01
23.964,0.27031898257290854,happy,subject_02,subject_02_happy_session_01
23.968,0.25864989854754133,happy,subject_02,subject_02_happy_session_01
23.972,0.22691378445151678,happy,subject_02,subject_02_happy_session_01
23.976,0.2018674733347895,happy,subject_02,subject_02_happy_session_01
23.98,0.24309136406355258,happy,subject_02,subject_02_happy_session_01
23.984,0.25983235197893195,happy,subject_02,subject_02_happy_session_01
23.988,0.2363541536635027,happy,subject_02,subject_02_happy_session_01
23.992,0.2253767203926319,happy,subject_02,subject_02_happy_session_01
23.996,0.22819362848301772,happy,subject_02,subject_02_happy_session_01
24.0,0.21221034558552757,happy,subject_02,subject_02_happy_session_01
24.004,0.27107565855352833,happy,subject_02,subject_02_happy_session_01
24.008,0.22051781795262834,happy,subject_02,subject_02_happy_session_01
24.012,0.18789883388676554,happy,subject_02,subject_02_happy_session_01
24.016,0.13520776989629568,happy,subject_02,subject_02_happy_session_01
24.02,0.18489155362173237,happy,subject_02,subject_02_happy_session_01
24.024,0.16469601523573224,happy,subject_02,subject_02_happy_session_01
24.028,0.15631784400899842,happy,subject_02,subject_02_happy_session_01
24.032,0.20359507773264485,happy,subject_02,subject_02_happy_session_01
24.036,0.1661120476290654,happy,subject_02,subject_02_happy_session_01
24.04,0.09711821972128884,happy,subject_02,subject_02_happy_session_01
24.044,0.17035423542634845,happy,subject_02,subject_02_happy_session_01
24.048,0.08606721572551218,happy,subject_02,subject_02_happy_session_01
24.052,0.1585426041194321,happy,subject_02,subject_02_happy_session_01
24.056,0.1106228805505362,happy,subject_02,subject_02_happy_session_01
24.06,0.12344339929806283,happy,subject_02,subject_02_happy_session_01
24.064,0.11289811608591824,happy,subject_02,subject_02_happy_session_01
24.068,0.1022099528972335,happy,subject_02,subject_02_happy_session_01
24.072,0.10864716066414057,happy,subject_02,subject_02_happy_session_01
24.076,0.09843190348721371,happy,subject_02,subject_02_happy_session_01
24.08,0.1556283678817923,happy,subject_02,subject_02_happy_session_01
24.084,0.09305383877601353,happy,subject_02,subject_02_happy_session_01
24.088,0.08933597027920416,happy,subject_02,subject_02_happy_session_01
24.092,0.05179466392074347,happy,subject_02,subject_02_happy_session_01
24.096,0.0864091158004388,happy,subject_02,subject_02_happy_session_01
24.1,0.03423770786549702,happy,subject_02,subject_02_happy_session_01
24.104,0.10786521233255554,happy,subject_02,subject_02_happy_session_01
24.108,0.013789492065286652,happy,subject_02,subject_02_happy_session_01
24.112,0.034944832255721675,happy,subject_02,subject_02_happy_session_01
24.116,0.006795002260849219,happy,subject_02,subject_02_happy_session_01
24.12,0.07845730299979416,happy,subject_02,subject_02_happy_session_01
24.124,0.04949676765690051,happy,subject_02,subject_02_happy_session_01
24.128,0.08949409557602472,happy,subject_02,subject_02_happy_session_01
24.132,0.03306052275046471,happy,subject_02,subject_02_happy_session_01
24.136,0.08805471475060683,happy,subject_02,subject_02_happy_session_01
24.14,0.09247170142673308,happy,subject_02,subject_02_happy_session_01
24.144,0.08273041434022867,happy,subject_02,subject_02_happy_session_01
24.148,0.07988061349980351,happy,subject_02,subject_02_happy_session_01
24.152,0.08734319640479192,happy,subject_02,subject_02_happy_session_01
24.156,0.05457377358865998,happy,subject_02,subject_02_happy_session_01
24.16,0.0527856444888778,happy,subject_02,subject_02_happy_session_01
24.164,0.11338770807656894,happy,subject_02,subject_02_happy_session_01
24.168,0.08523263753389841,happy,subject_02,subject_02_happy_session_01
24.172,0.1175361419638728,happy,subject_02,subject_02_happy_session_01
24.176,0.15912596388352057,happy,subject_02,subject_02_happy_session_01
24.18,0.09156278623101391,happy,subject_02,subject_02_happy_session_01
24.184,0.08874503782485074,happy,subject_02,subject_02_happy_session_01
24.188,0.09997429180502859,happy,subject_02,subject_02_happy_session_01
24.192,0.11359898858177878,happy,subject_02,subject_02_happy_session_01
24.196,0.13393654133128033,happy,subject_02,subject_02_happy_session_01
24.2,0.11093043268635273,happy,subject_02,subject_02_happy_session_01
24.204,0.1834298645021455,happy,subject_02,subject_02_happy_session_01
24.208,0.1234593959267272,happy,subject_02,subject_02_happy_session_01
24.212,0.13343535248038668,happy,subject_02,subject_02_happy_session_01
24.216,0.1015731355995122,happy,subject_02,subject_02_happy_session_01
24.22,0.1344801603018293,happy,subject_02,subject_02_happy_session_01
24.224,0.08760800625174106,happy,subject_02,subject_02_happy_session_01
24.228,0.06758097050066121,happy,subject_02,subject_02_happy_session_01
24.232,0.116853222776359,happy,subject_02,subject_02_happy_session_01
24.236,0.07799298331483644,happy,subject_02,subject_02_happy_session_01
24.24,0.08330133293097193,happy,subject_02,subject_02_happy_session_01
24.244,0.10377769501389784,happy,subject_02,subject_02_happy_session_01
24.248,0.0690291320494992,happy,subject_02,subject_02_happy_session_01
24.252,0.05382626455194854,happy,subject_02,subject_02_happy_session_01
24.256,0.03539310497148729,happy,subject_02,subject_02_happy_session_01
24.26,0.08662317251315686,happy,subject_02,subject_02_happy_session_01
24.264,0.03312900585953283,happy,subject_02,subject_02_happy_session_01
24.268,0.03924980623951346,happy,subject_02,subject_02_happy_session_01
24.272,0.047373020122373044,happy,subject_02,subject_02_happy_session_01
24.276,0.043875835617879194,happy,subject_02,subject_02_happy_session_01
24.28,0.06646019888714738,happy,subject_02,subject_02_happy_session_01
24.284,0.025887928857368292,happy,subject_02,subject_02_happy_session_01
24.288,0.07419125772516667,happy,subject_02,subject_02_happy_session_01
24.292,0.015314521718991076,happy,subject_02,subject_02_happy_session_01
24.296,0.03529586027583721,happy,subject_02,subject_02_happy_session_01
24.3,0.01445582676307782,happy,subject_02,subject_02_happy_session_01
24.304,0.09296130065930179,happy,subject_02,subject_02_happy_session_01
24.308,0.006460981890626646,happy,subject_02,subject_02_happy_session_01
24.312,0.00884865058458044,happy,subject_02,subject_02_happy_session_01
24.316,0.021349351976160044,happy,subject_02,subject_02_happy_session_01
24.32,0.007471160477987132,happy,subject_02,subject_02_happy_session_01
24.324,0.027269654281278175,happy,subject_02,subject_02_happy_session_01
24.328,0.05848371440632558,happy,subject_02,subject_02_happy_session_01
24.332,0.019188384048426196,happy,subject_02,subject_02_happy_session_01
24.336,0.017941489353206934,happy,subject_02,subject_02_happy_session_01
24.34,-0.00041623306698179274,happy,subject_02,subject_02_happy_session_01
24.344,-0.014645324217265174,happy,subject_02,subject_02_happy_session_01
24.348,0.0036160508754722108,happy,subject_02,subject_02_happy_session_01
24.352,0.004390063255581317,happy,subject_02,subject_02_happy_session_01
24.356,0.06285549341522217,happy,subject_02,subject_02_happy_session_01
24.36,0.02746680950698055,happy,subject_02,subject_02_happy_session_01
24.364,0.17886570169217048,happy,subject_02,subject_02_happy_session_01
24.368,0.21954337857787457,happy,subject_02,subject_02_happy_session_01
24.372,0.3533303852826551,happy,subject_02,subject_02_happy_session_01
24.376,0.45290687566981847,happy,subject_02,subject_02_happy_session_01
24.38,0.6584218133785504,happy,subject_02,subject_02_happy_session_01
24.384,0.7457944046287494,happy,subject_02,subject_02_happy_session_01
24.388,0.9100923523302876,happy,subject_02,subject_02_happy_session_01
24.392,0.9874099651373848,happy,subject_02,subject_02_happy_session_01
24.396,0.9998301625668713,happy,subject_02,subject_02_happy_session_01
24.4,0.9201032793404971,happy,subject_02,subject_02_happy_session_01
24.404,0.9982993284772552,happy,subject_02,subject_02_happy_session_01
24.408,0.7729961478119417,happy,subject_02,subject_02_happy_session_01
24.412,0.67644110068457,happy,subject_02,subject_02_happy_session_01
24.416,0.48395360457996395,happy,subject_02,subject_02_happy_session_01
24.42,0.39070932297250127,happy,subject_02,subject_02_happy_session_01
24.424,0.20170038588947808,happy,subject_02,subject_02_happy_session_01
24.428,0.0766982814923648,happy,subject_02,subject_02_happy_session_01
24.432,0.044465135232862225,happy,subject_02,subject_02_happy_session_01
24.436,-0.06770894012670614,happy,subject_02,subject_02_happy_session_01
24.44,-0.05668717502617748,happy,subject_02,subject_02_happy_session_01
24.444,-0.01702675378587404,happy,subject_02,subject_02_happy_session_01
24.448,0.024205616575665622,happy,subject_02,subject_02_happy_session_01
24.452,-0.045188841514178,happy,subject_02,subject_02_happy_session_01
24.456,-0.016406020911408553,happy,subject_02,subject_02_happy_session_01
24.46,0.030869360688788004,happy,subject_02,subject_02_happy_session_01
24.464,-0.04129623139878916,happy,subject_02,subject_02_happy_session_01
24.468,0.08328773668331675,happy,subject_02,subject_02_happy_session_01
24.472,0.005967737304589223,happy,subject_02,subject_02_happy_session_01
24.476,0.029705746043659734,happy,subject_02,subject_02_happy_session_01
24.48,0.05771862352082939,happy,subject_02,subject_02_happy_session_01
24.484,0.0538465040031994,happy,subject_02,subject_02_happy_session_01
24.488,0.02188621823631106,happy,subject_02,subject_02_happy_session_01
24.492,0.11961893896173192,happy,subject_02,subject_02_happy_session_01
24.496,-0.026765296042655665,happy,subject_02,subject_02_happy_session_01
24.5,0.028352560211608188,happy,subject_02,subject_02_happy_session_01
24.504,0.04986585441169751,happy,subject_02,subject_02_happy_session_01
24.508,0.043719657503555054,happy,subject_02,subject_02_happy_session_01
24.512,0.12472778152662188,happy,subject_02,subject_02_happy_session_01
24.516,0.029362362398483714,happy,subject_02,subject_02_happy_session_01
24.52,0.1475502898132019,happy,subject_02,subject_02_happy_session_01
24.524,0.0892071790888369,happy,subject_02,subject_02_happy_session_01
24.528,0.057471535124641523,happy,subject_02,subject_02_happy_session_01
24.532,0.037984588159494875,happy,subject_02,subject_02_happy_session_01
24.536,0.11063371634460227,happy,subject_02,subject_02_happy_session_01
24.54,0.10046027051195051,happy,subject_02,subject_02_happy_session_01
24.544,0.14037196611980163,happy,subject_02,subject_02_happy_session_01
24.548,0.12356725101001334,happy,subject_02,subject_02_happy_session_01
24.552,0.18018508819947585,happy,subject_02,subject_02_happy_session_01
24.556,0.14926368620522779,happy,subject_02,subject_02_happy_session_01
24.56,0.14702655653389113,happy,subject_02,subject_02_happy_session_01
24.564,0.2036002255320323,happy,subject_02,subject_02_happy_session_01
24.568,0.18522032354976967,happy,subject_02,subject_02_happy_session_01
24.572,0.2120321694608193,happy,subject_02,subject_02_happy_session_01
24.576,0.23275717168883375,happy,subject_02,subject_02_happy_session_01
24.58,0.18981255240762546,happy,subject_02,subject_02_happy_session_01
24.584,0.20884137525678334,happy,subject_02,subject_02_happy_session_01
24.588,0.2442658925685459,happy,subject_02,subject_02_happy_session_01
24.592,0.13596972056123013,happy,subject_02,subject_02_happy_session_01
24.596,0.22492763002361196,happy,subject_02,subject_02_happy_session_01
24.6,0.22706032742484775,happy,subject_02,subject_02_happy_session_01
24.604,0.2541165648618389,happy,subject_02,subject_02_happy_session_01
24.608,0.2186926370101083,happy,subject_02,subject_02_happy_session_01
24.612,0.29035329678549093,happy,subject_02,subject_02_happy_session_01
24.616,0.23101047709629044,happy,subject_02,subject_02_happy_session_01
24.62,0.24509118420472842,happy,subject_02,subject_02_happy_session_01
24.624,0.24170187373136642,happy,subject_02,subject_02_happy_session_01
24.628,0.3112495598841979,happy,subject_02,subject_02_happy_session_01
24.632,0.19788100545625814,happy,subject_02,subject_02_happy_session_01
24.636,0.3354955492986913,happy,subject_02,subject_02_happy_session_01
24.64,0.3259926611902372,happy,subject_02,subject_02_happy_session_01
24.644,0.2555055230294622,happy,subject_02,subject_02_happy_session_01
24.648,0.31144482161137527,happy,subject_02,subject_02_happy_session_01
24.652,0.2796569285717811,happy,subject_02,subject_02_happy_session_01
24.656,0.3319353244878415,happy,subject_02,subject_02_happy_session_01
24.66,0.3057226673228748,happy,subject_02,subject_02_happy_session_01
24.664,0.34697582848564296,happy,subject_02,subject_02_happy_session_01
24.668,0.21272351825816163,happy,subject_02,subject_02_happy_session_01
24.672,0.27071698552366574,happy,subject_02,subject_02_happy_session_01
24.676,0.19976125706533265,happy,subject_02,subject_02_happy_session_01
24.68,0.23752761747358483,happy,subject_02,subject_02_happy_session_01
24.684,0.32952319208542435,happy,subject_02,subject_02_happy_session_01
24.688,0.26183536291238574,happy,subject_02,subject_02_happy_session_01
24.692,0.2741683246383527,happy,subject_02,subject_02_happy_session_01
24.696,0.251596240217509,happy,subject_02,subject_02_happy_session_01
24.7,0.24295321343364337,happy,subject_02,subject_02_happy_session_01
24.704,0.20220625164772751,happy,subject_02,subject_02_happy_session_01
24.708,0.18875406514866439,happy,subject_02,subject_02_happy_session_01
24.712,0.18721554157674775,happy,subject_02,subject_02_happy_session_01
24.716,0.10360809982773411,happy,subject_02,subject_02_happy_session_01
24.72,0.18893761102445605,happy,subject_02,subject_02_happy_session_01
24.724,0.19278666781584727,happy,subject_02,subject_02_happy_session_01
24.728,0.15529223212404336,happy,subject_02,subject_02_happy_session_01
24.732,0.16499768756068647,happy,subject_02,subject_02_happy_session_01
24.736,0.1806312685768297,happy,subject_02,subject_02_happy_session_01
24.74,0.18602405939814545,happy,subject_02,subject_02_happy_session_01
24.744,0.10609361737913277,happy,subject_02,subject_02_happy_session_01
24.748,0.11336071865720575,happy,subject_02,subject_02_happy_session_01
24.752,0.1609318803164383,happy,subject_02,subject_02_happy_session_01
24.756,0.1488723426982007,happy,subject_02,subject_02_happy_session_01
24.76,0.16930631374050947,happy,subject_02,subject_02_happy_session_01
24.764,0.16220386178000445,happy,subject_02,subject_02_happy_session_01
24.768,0.19586155687094853,happy,subject_02,subject_02_happy_session_01
24.772,0.09625966802531308,happy,subject_02,subject_02_happy_session_01
24.776,0.15738193541070017,happy,subject_02,subject_02_happy_session_01
24.78,0.06605025799992079,happy,subject_02,subject_02_happy_session_01
24.784,0.1786844390101805,happy,subject_02,subject_02_happy_session_01
24.788,0.10799949119761557,happy,subject_02,subject_02_happy_session_01
24.792,0.10882267490603192,happy,subject_02,subject_02_happy_session_01
24.796,0.12285951738775837,happy,subject_02,subject_02_happy_session_01
24.8,0.03974084996400023,happy,subject_02,subject_02_happy_session_01
24.804,0.049140873820005794,happy,subject_02,subject_02_happy_session_01
24.808,0.09099467467838356,happy,subject_02,subject_02_happy_session_01
24.812,0.09983353052904186,happy,subject_02,subject_02_happy_session_01
24.816,0.16198643289816828,happy,subject_02,subject_02_happy_session_01
24.82,0.05778198482647729,happy,subject_02,subject_02_happy_session_01
24.824,0.14731592581392522,happy,subject_02,subject_02_happy_session_01
24.828,0.08696005785612464,happy,subject_02,subject_02_happy_session_01
24.832,0.08969151464660316,happy,subject_02,subject_02_happy_session_01
24.836,0.0972525132433364,happy,subject_02,subject_02_happy_session_01
24.84,0.09601795628631281,happy,subject_02,subject_02_happy_session_01
24.844,0.12755300804071057,happy,subject_02,subject_02_happy_session_01
24.848,0.10052497642125477,happy,subject_02,subject_02_happy_session_01
24.852,0.06870119807904979,happy,subject_02,subject_02_happy_session_01
24.856,0.11220115022120927,happy,subject_02,subject_02_happy_session_01
24.86,0.14074757166471694,happy,subject_02,subject_02_happy_session_01
24.864,0.07845922709996962,happy,subject_02,subject_02_happy_session_01
24.868,0.150175463188044,happy,subject_02,subject_02_happy_session_01
24.872,0.17281799874609083,happy,subject_02,subject_02_happy_session_01
24.876,0.18434060526011406,happy,subject_02,subject_02_happy_session_01
24.88,0.1447131526633232,happy,subject_02,subject_02_happy_session_01
24.884,0.06936476327035868,happy,subject_02,subject_02_happy_session_01
24.888,0.15409867114664083,happy,subject_02,subject_02_happy_session_01
24.892,0.1634693707822411,happy,subject_02,subject_02_happy_session_01
24.896,0.10273662440188004,happy,subject_02,subject_02_happy_session_01
24.9,0.12142454326448239,happy,subject_02,subject_02_happy_session_01
24.904,0.13716445453981113,happy,subject_02,subject_02_happy_session_01
24.908,0.1785528290797787,happy,subject_02,subject_02_happy_session_01
24.912,0.10237744628611987,happy,subject_02,subject_02_happy_session_01
24.916,0.1375224572549765,happy,subject_02,subject_02_happy_session_01
24.92,0.11215107397118243,happy,subject_02,subject_02_happy_session_01
24.924,0.1026618602615684,happy,subject_02,subject_02_happy_session_01
24.928,0.13678920387993282,happy,subject_02,subject_02_happy_session_01
24.932,0.05568875063217156,happy,subject_02,subject_02_happy_session_01
24.936,0.08752113843460485,happy,subject_02,subject_02_happy_session_01
24.94,0.07524792503383637,happy,subject_02,subject_02_happy_session_01
24.944,0.01662299390477933,happy,subject_02,subject_02_happy_session_01
24.948,0.10785054811591374,happy,subject_02,subject_02_happy_session_01
24.952,0.08938249769752658,happy,subject_02,subject_02_happy_session_01
24.956,0.057545834343993886,happy,subject_02,subject_02_happy_session_01
24.96,0.043555469735053115,happy,subject_02,subject_02_happy_session_01
24.964,0.04941032714669936,happy,subject_02,subject_02_happy_session_01
24.968,0.0712108258634079,happy,subject_02,subject_02_happy_session_01
24.972,0.045695103625784286,happy,subject_02,subject_02_happy_session_01
24.976,0.018196512191142246,happy,subject_02,subject_02_happy_session_01
24.98,0.02148011450162398,happy,subject_02,subject_02_happy_session_01
24.984,0.037452429867234384,happy,subject_02,subject_02_happy_session_01
24.988,0.0037895705848004224,happy,subject_02,subject_02_happy_session_01
24.992,0.046878732720036266,happy,subject_02,subject_02_happy_session_01
24.996,0.006440443001546701,happy,subject_02,subject_02_happy_session_01
25.0,-5.1598097775745755e-05,happy,subject_02,subject_02_happy_session_01
25.004,0.14438878534180793,happy,subject_02,subject_02_happy_session_01
25.008,0.09983979418767579,happy,subject_02,subject_02_happy_session_01
25.012,0.03615800576484801,happy,subject_02,subject_02_happy_session_01
25.016,0.059618253126914766,happy,subject_02,subject_02_happy_session_01
25.02,0.06335921160948624,happy,subject_02,subject_02_happy_session_01
25.024,0.021465074108628097,happy,subject_02,subject_02_happy_session_01
25.028,0.029362965438338884,happy,subject_02,subject_02_happy_session_01
25.032,0.006157984566472997,happy,subject_02,subject_02_happy_session_01
25.036,0.05953466105386164,happy,subject_02,subject_02_happy_session_01
25.04,0.07097130118770557,happy,subject_02,subject_02_happy_session_01
25.044,0.11063407253715146,happy,subject_02,subject_02_happy_session_01
25.048,0.12027072839090369,happy,subject_02,subject_02_happy_session_01
25.052,0.2713577343418776,happy,subject_02,subject_02_happy_session_01
25.056,0.3059553334210672,happy,subject_02,subject_02_happy_session_01
25.06,0.5158586368101151,happy,subject_02,subject_02_happy_session_01
25.064,0.5753966175210022,happy,subject_02,subject_02_happy_session_01
25.068,0.6917245011930314,happy,subject_02,subject_02_happy_session_01
25.072,0.9366846641849635,happy,subject_02,subject_02_happy_session_01
25.076,0.9858455368439654,happy,subject_02,subject_02_happy_session_01
25.08,1.034320512501511,happy,subject_02,subject_02_happy_session_01
25.084,1.0059485102299748,happy,subject_02,subject_02_happy_session_01
25.088,0.9391432687136724,happy,subject_02,subject_02_happy_session_01
25.092,0.8456763241474723,happy,subject_02,subject_02_happy_session_01
25.096,0.7440754041430239,happy,subject_02,subject_02_happy_session_01
25.1,0.5802405787246319,happy,subject_02,subject_02_happy_session_01
25.104,0.35924555026313526,happy,subject_02,subject_02_happy_session_01
25.108,0.3390164732322212,happy,subject_02,subject_02_happy_session_01
25.112,0.14093449577212966,happy,subject_02,subject_02_happy_session_01
25.116,0.10587846807279722,happy,subject_02,subject_02_happy_session_01
25.12,-0.022044696121558082,happy,subject_02,subject_02_happy_session_01
25.124,-0.021607449261695187,happy,subject_02,subject_02_happy_session_01
25.128,0.0007428392503289818,happy,subject_02,subject_02_happy_session_01
25.132,0.004646731865484508,happy,subject_02,subject_02_happy_session_01
25.136,-0.01812795216080283,happy,subject_02,subject_02_happy_session_01
25.14,0.026034959137542932,happy,subject_02,subject_02_happy_session_01
25.144,0.046582765737661735,happy,subject_02,subject_02_happy_session_01
25.148,0.029017518236927636,happy,subject_02,subject_02_happy_session_01
25.152,0.003264389296842564,happy,subject_02,subject_02_happy_session_01
25.156,0.02606730302959136,happy,subject_02,subject_02_happy_session_01
25.16,0.03889597092108606,happy,subject_02,subject_02_happy_session_01
25.164,0.056610193712960485,happy,subject_02,subject_02_happy_session_01
25.168,0.1147212984689526,happy,subject_02,subject_02_happy_session_01
25.172,0.09406784478464326,happy,subject_02,subject_02_happy_session_01
25.176,0.03722516921046069,happy,subject_02,subject_02_happy_session_01
25.18,0.13377383574716076,happy,subject_02,subject_02_happy_session_01
25.184,0.07069988194953838,happy,subject_02,subject_02_happy_session_01
25.188,0.10122056108769732,happy,subject_02,subject_02_happy_session_01
25.192,0.04933215815638792,happy,subject_02,subject_02_happy_session_01
25.196,0.0711516849926827,happy,subject_02,subject_02_happy_session_01
25.2,0.1283683270053934,happy,subject_02,subject_02_happy_session_01
25.204,0.06661547777977771,happy,subject_02,subject_02_happy_session_01
25.208,0.10491294165642405,happy,subject_02,subject_02_happy_session_01
25.212,0.1253330371531049,happy,subject_02,subject_02_happy_session_01
25.216,0.07917110496038268,happy,subject_02,subject_02_happy_session_01
25.22,0.05912403354449867,happy,subject_02,subject_02_happy_session_01
25.224,0.15968551817939478,happy,subject_02,subject_02_happy_session_01
25.228,0.2349423546947549,happy,subject_02,subject_02_happy_session_01
25.232,0.15776756200952738,happy,subject_02,subject_02_happy_session_01
25.236,0.17162908190189982,happy,subject_02,subject_02_happy_session_01
25.24,0.1251917203216102,happy,subject_02,subject_02_happy_session_01
25.244,0.2149602920460207,happy,subject_02,subject_02_happy_session_01
25.248,0.15779632469700458,happy,subject_02,subject_02_happy_session_01
25.252,0.21921425037858247,happy,subject_02,subject_02_happy_session_01
25.256,0.20724344769482922,happy,subject_02,subject_02_happy_session_01
25.26,0.21556560010559198,happy,subject_02,subject_02_happy_session_01
25.264,0.22161418652124798,happy,subject_02,subject_02_happy_session_01
25.268,0.22777355173236988,happy,subject_02,subject_02_happy_session_01
25.272,0.22515700316998205,happy,subject_02,subject_02_happy_session_01
25.276,0.2560747994848077,happy,subject_02,subject_02_happy_session_01
25.28,0.20340529698242432,happy,subject_02,subject_02_happy_session_01
25.284,0.22683612724503122,happy,subject_02,subject_02_happy_session_01
25.288,0.2926252222685265,happy,subject_02,subject_02_happy_session_01
25.292,0.25296983300143394,happy,subject_02,subject_02_happy_session_01
25.296,0.24077580009663177,happy,subject_02,subject_02_happy_session_01
25.3,0.29322231789329195,happy,subject_02,subject_02_happy_session_01
25.304,0.2906483340123238,happy,subject_02,subject_02_happy_session_01
25.308,0.21966753720365773,happy,subject_02,subject_02_happy_session_01
25.312,0.2939902013858271,happy,subject_02,subject_02_happy_session_01
25.316,0.27596463077813527,happy,subject_02,subject_02_happy_session_01
25.32,0.29820278083244334,happy,subject_02,subject_02_happy_session_01
25.324,0.27518607760402014,happy,subject_02,subject_02_happy_session_01
25.328,0.2919718564301195,happy,subject_02,subject_02_happy_session_01
25.332,0.21192352150840454,happy,subject_02,subject_02_happy_session_01
25.336,0.24434734485520834,happy,subject_02,subject_02_happy_session_01
25.34,0.30061145611265655,happy,subject_02,subject_02_happy_session_01
25.344,0.3648787891637726,happy,subject_02,subject_02_happy_session_01
25.348,0.2837976026312116,happy,subject_02,subject_02_happy_session_01
25.352,0.2439186370168703,happy,subject_02,subject_02_happy_session_01
25.356,0.2695591762119622,happy,subject_02,subject_02_happy_session_01
25.36,0.22965599419823854,happy,subject_02,subject_02_happy_session_01
25.364,0.3002562730064107,happy,subject_02,subject_02_happy_session_01
25.368,0.25329344759957234,happy,subject_02,subject_02_happy_session_01
25.372,0.2831168149872694,happy,subject_02,subject_02_happy_session_01
25.376,0.23510996507821036,happy,subject_02,subject_02_happy_session_01
25.38,0.2742974543736295,happy,subject_02,subject_02_happy_session_01
25.384,0.17101356772362136,happy,subject_02,subject_02_happy_session_01
25.388,0.22191188742033413,happy,subject_02,subject_02_happy_session_01
25.392,0.23290537927542715,happy,subject_02,subject_02_happy_session_01
25.396,0.19738542932280345,happy,subject_02,subject_02_happy_session_01
25.4,0.2119566689487921,happy,subject_02,subject_02_happy_session_01
25.404,0.20384210330476077,happy,subject_02,subject_02_happy_session_01
25.408,0.2209694058570203,happy,subject_02,subject_02_happy_session_01
25.412,0.1983931641032901,happy,subject_02,subject_02_happy_session_01
25.416,0.18278787446190992,happy,subject_02,subject_02_happy_session_01
25.42,0.19227153209943107,happy,subject_02,subject_02_happy_session_01
25.424,0.10669000512648569,happy,subject_02,subject_02_happy_session_01
25.428,0.12041209672935722,happy,subject_02,subject_02_happy_session_01
25.432,0.0911458136738569,happy,subject_02,subject_02_happy_session_01
25.436,0.15193809834008143,happy,subject_02,subject_02_happy_session_01
25.44,0.14059053300869537,happy,subject_02,subject_02_happy_session_01
25.444,0.16826366759274367,happy,subject_02,subject_02_happy_session_01
25.448,0.12609691385433466,happy,subject_02,subject_02_happy_session_01
25.452,0.08606519403023272,happy,subject_02,subject_02_happy_session_01
25.456,0.10766278416736626,happy,subject_02,subject_02_happy_session_01
25.46,0.032577738877598544,happy,subject_02,subject_02_happy_session_01
25.464,0.07965437812357634,happy,subject_02,subject_02_happy_session_01
25.468,0.008029959997135044,happy,subject_02,subject_02_happy_session_01
25.472,0.09845323234307553,happy,subject_02,subject_02_happy_session_01
25.476,0.07452153846398639,happy,subject_02,subject_02_happy_session_01
25.48,0.07759580253211835,happy,subject_02,subject_02_happy_session_01
25.484,0.04815052420382354,happy,subject_02,subject_02_happy_session_01
25.488,0.056487565502008764,happy,subject_02,subject_02_happy_session_01
25.492,0.10389299787815082,happy,subject_02,subject_02_happy_session_01
25.496,0.029747499451814312,happy,subject_02,subject_02_happy_session_01
25.5,0.09865451964098874,happy,subject_02,subject_02_happy_session_01
25.504,0.05406659032831676,happy,subject_02,subject_02_happy_session_01
25.508,0.025646433850314274,happy,subject_02,subject_02_happy_session_01
25.512,0.1298918961627425,happy,subject_02,subject_02_happy_session_01
25.516,0.13638174638303596,happy,subject_02,subject_02_happy_session_01
25.52,0.07419651179097626,happy,subject_02,subject_02_happy_session_01
25.524,0.07731196053912145,happy,subject_02,subject_02_happy_session_01
25.528,0.09136133600881627,happy,subject_02,subject_02_happy_session_01
25.532,0.07544026938061792,happy,subject_02,subject_02_happy_session_01
25.536,0.08519786602300057,happy,subject_02,subject_02_happy_session_01
25.54,0.1265564633468318,happy,subject_02,subject_02_happy_session_01
25.544,0.1865381574329596,happy,subject_02,subject_02_happy_session_01
25.548,0.10430884872715732,happy,subject_02,subject_02_happy_session_01
25.552,0.15483480010285455,happy,subject_02,subject_02_happy_session_01
25.556,0.13312774298215294,happy,subject_02,subject_02_happy_session_01
25.56,0.06337748661897649,happy,subject_02,subject_02_happy_session_01
25.564,0.12150532854057418,happy,subject_02,subject_02_happy_session_01
25.568,0.11685386177691129,happy,subject_02,subject_02_happy_session_01
25.572,0.1723831521092297,happy,subject_02,subject_02_happy_session_01
25.576,0.1720993276616604,happy,subject_02,subject_02_happy_session_01
25.58,0.13019881832669783,happy,subject_02,subject_02_happy_session_01
25.584,0.15643792918059835,happy,subject_02,subject_02_happy_session_01
25.588,0.10513532383060481,happy,subject_02,subject_02_happy_session_01
25.592,0.14521403376455072,happy,subject_02,subject_02_happy_session_01
25.596,0.10486606054307741,happy,subject_02,subject_02_happy_session_01
25.6,0.13471689737363068,happy,subject_02,subject_02_happy_session_01
25.604,0.1329400586858041,happy,subject_02,subject_02_happy_session_01
25.608,0.11051077761157806,happy,subject_02,subject_02_happy_session_01
25.612,0.05385760931057841,happy,subject_02,subject_02_happy_session_01
25.616,0.059463909483406706,happy,subject_02,subject_02_happy_session_01
25.62,0.09495425304075505,happy,subject_02,subject_02_happy_session_01
25.624,0.0944838522681867,happy,subject_02,subject_02_happy_session_01
25.628,0.0635513018114524,happy,subject_02,subject_02_happy_session_01
25.632,0.04213138629226153,happy,subject_02,subject_02_happy_session_01
25.636,0.05511336664451885,happy,subject_02,subject_02_happy_session_01
25.64,0.03434956023820428,happy,subject_02,subject_02_happy_session_01
25.644,0.03057229524810672,happy,subject_02,subject_02_happy_session_01
25.648,0.10510825435881901,happy,subject_02,subject_02_happy_session_01
25.652,0.0166023486466071,happy,subject_02,subject_02_happy_session_01
25.656,0.04810068095215625,happy,subject_02,subject_02_happy_session_01
25.66,0.03309624123699955,happy,subject_02,subject_02_happy_session_01
25.664,-0.017456428034721107,happy,subject_02,subject_02_happy_session_01
25.668,-0.02064363269732943,happy,subject_02,subject_02_happy_session_01
25.672,0.018937860760493915,happy,subject_02,subject_02_happy_session_01
25.676,-0.04804258683673137,happy,subject_02,subject_02_happy_session_01
25.68,0.08310397942290534,happy,subject_02,subject_02_happy_session_01
25.684,0.00530600744143179,happy,subject_02,subject_02_happy_session_01
25.688,0.001520588873166107,happy,subject_02,subject_02_happy_session_01
25.692,0.05899013216925992,happy,subject_02,subject_02_happy_session_01
25.696,0.010354840812050431,happy,subject_02,subject_02_happy_session_01
25.7,0.03685194037977179,happy,subject_02,subject_02_happy_session_01
25.704,-0.007913026674271928,happy,subject_02,subject_02_happy_session_01
25.708,0.010593623271998259,happy,subject_02,subject_02_happy_session_01
25.712,0.03845903497908595,happy,subject_02,subject_02_happy_session_01
25.716,-0.03042662276049368,happy,subject_02,subject_02_happy_session_01
25.72,0.015887839279061504,happy,subject_02,subject_02_happy_session_01
25.724,-0.08160147524906478,happy,subject_02,subject_02_happy_session_01
25.728,0.06808928839840112,happy,subject_02,subject_02_happy_session_01
25.732,0.04807494399354206,happy,subject_02,subject_02_happy_session_01
25.736,0.13674381760495397,happy,subject_02,subject_02_happy_session_01
25.74,0.23813962725536408,happy,subject_02,subject_02_happy_session_01
25.744,0.33482959694867104,happy,subject_02,subject_02_happy_session_01
25.748,0.47610403577730737,happy,subject_02,subject_02_happy_session_01
25.752,0.6790637094443008,happy,subject_02,subject_02_happy_session_01
25.756,0.8178400327251029,happy,subject_02,subject_02_happy_session_01
25.76,0.8782830773340404,happy,subject_02,subject_02_happy_session_01
25.764,1.0003631476148396,happy,subject_02,subject_02_happy_session_01
25.768,1.0244340209504728,happy,subject_02,subject_02_happy_session_01
25.772,0.9626076814465229,happy,subject_02,subject_02_happy_session_01
25.776,0.8516464031044132,happy,subject_02,subject_02_happy_session_01
25.78,0.7756955496319576,happy,subject_02,subject_02_happy_session_01
25.784,0.6424904301018849,happy,subject_02,subject_02_happy_session_01
25.788,0.4690664331135839,happy,subject_02,subject_02_happy_session_01
25.792,0.296671591298185,happy,subject_02,subject_02_happy_session_01
25.796,0.1988083129920836,happy,subject_02,subject_02_happy_session_01
25.8,0.12034505572703569,happy,subject_02,subject_02_happy_session_01
25.804,-0.024314777762372602,happy,subject_02,subject_02_happy_session_01
25.808,-0.049217414756379106,happy,subject_02,subject_02_happy_session_01
25.812,0.04228918870861324,happy,subject_02,subject_02_happy_session_01
25.816,-0.04000850366844204,happy,subject_02,subject_02_happy_session_01
25.82,-0.08088398437161363,happy,subject_02,subject_02_happy_session_01
25.824,-0.036358662777728326,happy,subject_02,subject_02_happy_session_01
25.828,-0.0303960862684896,happy,subject_02,subject_02_happy_session_01
25.832,0.021972897941426775,happy,subject_02,subject_02_happy_session_01
25.836,0.028564434449250428,happy,subject_02,subject_02_happy_session_01
25.84,0.0019056929068318358,happy,subject_02,subject_02_happy_session_01
25.844,0.09374123321645376,happy,subject_02,subject_02_happy_session_01
25.848,0.03536132830043134,happy,subject_02,subject_02_happy_session_01
25.852,0.019640699777141387,happy,subject_02,subject_02_happy_session_01
25.856,-0.003997922102859368,happy,subject_02,subject_02_happy_session_01
25.86,0.010695629324573373,happy,subject_02,subject_02_happy_session_01
25.864,0.0018804056154455642,happy,subject_02,subject_02_happy_session_01
25.868,0.04254734610721965,happy,subject_02,subject_02_happy_session_01
25.872,0.022234499512071494,happy,subject_02,subject_02_happy_session_01
25.876,0.08491207792945293,happy,subject_02,subject_02_happy_session_01
25.88,0.041559224660843275,happy,subject_02,subject_02_happy_session_01
25.884,0.09624148539629915,happy,subject_02,subject_02_happy_session_01
25.888,0.08913302343838929,happy,subject_02,subject_02_happy_session_01
25.892,0.09989513721749055,happy,subject_02,subject_02_happy_session_01
25.896,0.11432670073400894,happy,subject_02,subject_02_happy_session_01
25.9,0.1586036472658426,happy,subject_02,subject_02_happy_session_01
25.904,0.06526661702908852,happy,subject_02,subject_02_happy_session_01
25.908,0.13096888398131434,happy,subject_02,subject_02_happy_session_01
25.912,0.12188661298652703,happy,subject_02,subject_02_happy_session_01
25.916,0.151957039634125,happy,subject_02,subject_02_happy_session_01
25.92,0.12558334336866284,happy,subject_02,subject_02_happy_session_01
25.924,0.16997681547635413,happy,subject_02,subject_02_happy_session_01
25.928,0.09084067186310997,happy,subject_02,subject_02_happy_session_01
25.932,0.10821466214259085,happy,subject_02,subject_02_happy_session_01
25.936,0.1308165714828948,happy,subject_02,subject_02_happy_session_01
25.94,0.15551513872382206,happy,subject_02,subject_02_happy_session_01
25.944,0.16712743046256726,happy,subject_02,subject_02_happy_session_01
25.948,0.14691917092866322,happy,subject_02,subject_02_happy_session_01
25.952,0.14535529145026183,happy,subject_02,subject_02_happy_session_01
25.956,0.16417484138775168,happy,subject_02,subject_02_happy_session_01
25.96,0.1341741161056398,happy,subject_02,subject_02_happy_session_01
25.964,0.19057761054773603,happy,subject_02,subject_02_happy_session_01
25.968,0.20501029935304374,happy,subject_02,subject_02_happy_session_01
25.972,0.2285703629573657,happy,subject_02,subject_02_happy_session_01
25.976,0.22470023456707605,happy,subject_02,subject_02_happy_session_01
25.98,0.2869605519182279,happy,subject_02,subject_02_happy_session_01
25.984,0.2575249402154828,happy,subject_02,subject_02_happy_session_01
25.988,0.25933093012638986,happy,subject_02,subject_02_happy_session_01
25.992,0.25022268891995514,happy,subject_02,subject_02_happy_session_01
25.996,0.25961214252440634,happy,subject_02,subject_02_happy_session_01
26.0,0.2359838910496845,happy,subject_02,subject_02_happy_session_01
26.004,0.24946667791094407,happy,subject_02,subject_02_happy_session_01
26.008,0.314908525081118,happy,subject_02,subject_02_happy_session_01
26.012,0.24626634900842484,happy,subject_02,subject_02_happy_session_01
26.016,0.2025480002074726,happy,subject_02,subject_02_happy_session_01
26.02,0.2733726342315906,happy,subject_02,subject_02_happy_session_01
26.024,0.27881374420301347,happy,subject_02,subject_02_happy_session_01
26.028,0.25216747649493354,happy,subject_02,subject_02_happy_session_01
26.032,0.17898465429241958,happy,subject_02,subject_02_happy_session_01
26.036,0.28712918427585477,happy,subject_02,subject_02_happy_session_01
26.04,0.24693763596015258,happy,subject_02,subject_02_happy_session_01
26.044,0.22426874556694615,happy,subject_02,subject_02_happy_session_01
26.048,0.27241679722312123,happy,subject_02,subject_02_happy_session_01
26.052,0.15517901968871112,happy,subject_02,subject_02_happy_session_01
26.056,0.2246957344548516,happy,subject_02,subject_02_happy_session_01
26.06,0.19616038589186954,happy,subject_02,subject_02_happy_session_01
26.064,0.2612273914906231,happy,subject_02,subject_02_happy_session_01
26.068,0.21106416314615273,happy,subject_02,subject_02_happy_session_01
26.072,0.16555019115060815,happy,subject_02,subject_02_happy_session_01
26.076,0.22863329837742186,happy,subject_02,subject_02_happy_session_01
26.08,0.09548725391280749,happy,subject_02,subject_02_happy_session_01
26.084,0.19190928554728348,happy,subject_02,subject_02_happy_session_01
26.088,0.12236288116598065,happy,subject_02,subject_02_happy_session_01
26.092,0.14274903776188164,happy,subject_02,subject_02_happy_session_01
26.096,0.14282240965643866,happy,subject_02,subject_02_happy_session_01
26.1,0.17541137848146146,happy,subject_02,subject_02_happy_session_01
26.104,0.21303115546187007,happy,subject_02,subject_02_happy_session_01
26.108,0.06606736591918153,happy,subject_02,subject_02_happy_session_01
26.112,0.13653982667438036,happy,subject_02,subject_02_happy_session_01
26.116,0.19074113074248722,happy,subject_02,subject_02_happy_session_01
26.12,0.08654736770782637,happy,subject_02,subject_02_happy_session_01
26.124,0.07756788657100754,happy,subject_02,subject_02_happy_session_01
26.128,0.10153083777134506,happy,subject_02,subject_02_happy_session_01
26.132,0.11608672246799784,happy,subject_02,subject_02_happy_session_01
26.136,0.10426035500185311,happy,subject_02,subject_02_happy_session_01
26.14,0.06325531345002329,happy,subject_02,subject_02_happy_session_01
26.144,0.042720445874987314,happy,subject_02,subject_02_happy_session_01
26.148,0.1123410458735756,happy,subject_02,subject_02_happy_session_01
26.152,0.035133932958286145,happy,subject_02,subject_02_happy_session_01
26.156,-0.008325102050537998,happy,subject_02,subject_02_happy_session_01
26.16,0.004926871864428861,happy,subject_02,subject_02_happy_session_01
26.164,0.03326489895131235,happy,subject_02,subject_02_happy_session_01
26.168,0.10389919426206728,happy,subject_02,subject_02_happy_session_01
26.172,0.008909973788646157,happy,subject_02,subject_02_happy_session_01
26.176,0.10322490535205242,happy,subject_02,subject_02_happy_session_01
26.18,0.09576162839727337,happy,subject_02,subject_02_happy_session_01
26.184,0.0585678471273321,happy,subject_02,subject_02_happy_session_01
26.188,-0.03729920724886501,happy,subject_02,subject_02_happy_session_01
26.192,0.012248503184798122,happy,subject_02,subject_02_happy_session_01
26.196,0.033778230185879846,happy,subject_02,subject_02_happy_session_01
26.2,0.11921874739514898,happy,subject_02,subject_02_happy_session_01
26.204,0.04177547366119185,happy,subject_02,subject_02_happy_session_01
26.208,0.03797423241311301,happy,subject_02,subject_02_happy_session_01
26.212,0.07513512015585944,happy,subject_02,subject_02_happy_session_01
26.216,0.0228171223980548,happy,subject_02,subject_02_happy_session_01
26.22,0.07487862016578918,happy,subject_02,subject_02_happy_session_01
26.224,0.051257388743471424,happy,subject_02,subject_02_happy_session_01
26.228,0.17651427437134648,happy,subject_02,subject_02_happy_session_01
26.232,0.053228209742340195,happy,subject_02,subject_02_happy_session_01
26.236,0.15536346360716832,happy,subject_02,subject_02_happy_session_01
26.24,0.04986179469875006,happy,subject_02,subject_02_happy_session_01
26.244,0.10032292293540053,happy,subject_02,subject_02_happy_session_01
26.248,0.10934131227109746,happy,subject_02,subject_02_happy_session_01
26.252,0.09680021633933972,happy,subject_02,subject_02_happy_session_01
26.256,0.09393982792890317,happy,subject_02,subject_02_happy_session_01
26.26,0.11983802866337454,happy,subject_02,subject_02_happy_session_01
26.264,0.1021437891303002,happy,subject_02,subject_02_happy_session_01
26.268,0.07865272086962115,happy,subject_02,subject_02_happy_session_01
26.272,0.05763572033831797,happy,subject_02,subject_02_happy_session_01
26.276,0.07140796174453376,happy,subject_02,subject_02_happy_session_01
26.28,0.0664508172173218,happy,subject_02,subject_02_happy_session_01
26.284,0.06082844918278086,happy,subject_02,subject_02_happy_session_01
26.288,0.06516541121385182,happy,subject_02,subject_02_happy_session_01
26.292,0.007695531790800229,happy,subject_02,subject_02_happy_session_01
26.296,0.015448059067255548,happy,subject_02,subject_02_happy_session_01
26.3,0.07487478366707154,happy,subject_02,subject_02_happy_session_01
26.304,-0.03861066164469135,happy,subject_02,subject_02_happy_session_01
26.308,0.0765593504548705,happy,subject_02,subject_02_happy_session_01
26.312,0.009794909633740453,happy,subject_02,subject_02_happy_session_01
26.316,0.08272322260744361,happy,subject_02,subject_02_happy_session_01
26.32,0.06242933751489371,happy,subject_02,subject_02_happy_session_01
26.324,0.003591916470227054,happy,subject_02,subject_02_happy_session_01
26.328,0.0031015474235595274,happy,subject_02,subject_02_happy_session_01
26.332,0.0629303087850745,happy,subject_02,subject_02_happy_session_01
26.336,0.04832075475774493,happy,subject_02,subject_02_happy_session_01
26.34,0.03474652540004393,happy,subject_02,subject_02_happy_session_01
26.344,0.0380301556294118,happy,subject_02,subject_02_happy_session_01
26.348,-0.04247448035222641,happy,subject_02,subject_02_happy_session_01
26.352,0.0006806780432553425,happy,subject_02,subject_02_happy_session_01
26.356,-0.03528428813138162,happy,subject_02,subject_02_happy_session_01
26.36,-0.04884891855743796,happy,subject_02,subject_02_happy_session_01
26.364,-0.0054892393547587804,happy,subject_02,subject_02_happy_session_01
26.368,-0.026851202226845464,happy,subject_02,subject_02_happy_session_01
26.372,-0.019161364584433734,happy,subject_02,subject_02_happy_session_01
26.376,-0.03170539655768581,happy,subject_02,subject_02_happy_session_01
26.38,-0.05895851413089217,happy,subject_02,subject_02_happy_session_01
26.384,0.04330092240747537,happy,subject_02,subject_02_happy_session_01
26.388,-0.012206440676534022,happy,subject_02,subject_02_happy_session_01
26.392,-0.07071816971778368,happy,subject_02,subject_02_happy_session_01
26.396,-0.01779574432157804,happy,subject_02,subject_02_happy_session_01
26.4,0.02421227489836412,happy,subject_02,subject_02_happy_session_01
26.404,0.0006956664975244359,happy,subject_02,subject_02_happy_session_01
26.408,-0.04943629876773067,happy,subject_02,subject_02_happy_session_01
26.412,-0.034908406813341064,happy,subject_02,subject_02_happy_session_01
26.416,-0.01746647215895578,happy,subject_02,subject_02_happy_session_01
26.42,0.05030150078199021,happy,subject_02,subject_02_happy_session_01
26.424,0.14316278659181,happy,subject_02,subject_02_happy_session_01
26.428,0.232767287926447,happy,subject_02,subject_02_happy_session_01
26.432,0.4072272060645971,happy,subject_02,subject_02_happy_session_01
26.436,0.5828326773810767,happy,subject_02,subject_02_happy_session_01
26.44,0.6996734765478937,happy,subject_02,subject_02_happy_session_01
26.444,0.845348187120718,happy,subject_02,subject_02_happy_session_01
26.448,0.9840011478089714,happy,subject_02,subject_02_happy_session_01
26.452,1.0355675970790945,happy,subject_02,subject_02_happy_session_01
26.456,0.9612893013863135,happy,subject_02,subject_02_happy_session_01
26.46,0.9350738396122549,happy,subject_02,subject_02_happy_session_01
26.464,0.7937758599402635,happy,subject_02,subject_02_happy_session_01
26.468,0.6445333695251979,happy,subject_02,subject_02_happy_session_01
26.472,0.46655416892978546,happy,subject_02,subject_02_happy_session_01
26.476,0.35116866454623946,happy,subject_02,subject_02_happy_session_01
26.48,0.24212147278793816,happy,subject_02,subject_02_happy_session_01
26.484,0.040765375814822674,happy,subject_02,subject_02_happy_session_01
26.488,-0.011613720306308136,happy,subject_02,subject_02_happy_session_01
26.492,-0.06722524510972225,happy,subject_02,subject_02_happy_session_01
26.496,-0.07161472483337711,happy,subject_02,subject_02_happy_session_01
26.5,-0.07393593458775968,happy,subject_02,subject_02_happy_session_01
26.504,-0.053798917088661885,happy,subject_02,subject_02_happy_session_01
26.508,0.010100405288975961,happy,subject_02,subject_02_happy_session_01
26.512,-0.07013077064137327,happy,subject_02,subject_02_happy_session_01
26.516,-0.058039681018958386,happy,subject_02,subject_02_happy_session_01
26.52,-0.006459859552147416,happy,subject_02,subject_02_happy_session_01
26.524,0.043173596762863684,happy,subject_02,subject_02_happy_session_01
26.528,-0.05359301877788645,happy,subject_02,subject_02_happy_session_01
26.532,0.013167689636229147,happy,subject_02,subject_02_happy_session_01
26.536,-0.002100394472079707,happy,subject_02,subject_02_happy_session_01
26.54,0.038049946762473405,happy,subject_02,subject_02_happy_session_01
26.544,0.03340355101645727,happy,subject_02,subject_02_happy_session_01
26.548,0.01656351228526451,happy,subject_02,subject_02_happy_session_01
26.552,0.0356132317390984,happy,subject_02,subject_02_happy_session_01
26.556,-0.000544753081663036,happy,subject_02,subject_02_happy_session_01
26.56,0.05471973534435821,happy,subject_02,subject_02_happy_session_01
26.564,0.07973437346687587,happy,subject_02,subject_02_happy_session_01
26.568,0.03948521744670639,happy,subject_02,subject_02_happy_session_01
26.572,0.02675385586287536,happy,subject_02,subject_02_happy_session_01
26.576,0.04128086652574291,happy,subject_02,subject_02_happy_session_01
26.58,0.07960122290773493,happy,subject_02,subject_02_happy_session_01
26.584,0.056360186314879976,happy,subject_02,subject_02_happy_session_01
26.588,0.021955410940334902,happy,subject_02,subject_02_happy_session_01
26.592,0.10362444157587235,happy,subject_02,subject_02_happy_session_01
26.596,0.04248390596628642,happy,subject_02,subject_02_happy_session_01
26.6,0.09852860892327857,happy,subject_02,subject_02_happy_session_01
26.604,0.02532096668243758,happy,subject_02,subject_02_happy_session_01
26.608,0.10156086947655789,happy,subject_02,subject_02_happy_session_01
26.612,0.10264952801191388,happy,subject_02,subject_02_happy_session_01
26.616,0.04355916301124971,happy,subject_02,subject_02_happy_session_01
26.62,0.1314914543216063,happy,subject_02,subject_02_happy_session_01
26.624,0.08876662805677138,happy,subject_02,subject_02_happy_session_01
26.628,0.1377496765894702,happy,subject_02,subject_02_happy_session_01
26.632,0.1278006871460853,happy,subject_02,subject_02_happy_session_01
26.636,0.09773837550628439,happy,subject_02,subject_02_happy_session_01
26.64,0.12018063874793583,happy,subject_02,subject_02_happy_session_01
26.644,0.13003916247499042,happy,subject_02,subject_02_happy_session_01
26.648,0.2050714678405,happy,subject_02,subject_02_happy_session_01
26.652,0.20653729995675166,happy,subject_02,subject_02_happy_session_01
26.656,0.26039357184513456,happy,subject_02,subject_02_happy_session_01
26.66,0.17163636694239937,happy,subject_02,subject_02_happy_session_01
26.664,0.17609902132387398,happy,subject_02,subject_02_happy_session_01
26.668,0.20503571588203964,happy,subject_02,subject_02_happy_session_01
26.672,0.19260266591272096,happy,subject_02,subject_02_happy_session_01
26.676,0.18888319035585904,happy,subject_02,subject_02_happy_session_01
26.68,0.21489679806915885,happy,subject_02,subject_02_happy_session_01
26.684,0.24079283606464494,happy,subject_02,subject_02_happy_session_01
26.688,0.14484792593231066,happy,subject_02,subject_02_happy_session_01
26.692,0.20076402326648432,happy,subject_02,subject_02_happy_session_01
26.696,0.17310773253932174,happy,subject_02,subject_02_happy_session_01
26.7,0.2176208918272494,happy,subject_02,subject_02_happy_session_01
26.704,0.2383249692572463,happy,subject_02,subject_02_happy_session_01
26.708,0.2618303102526055,happy,subject_02,subject_02_happy_session_01
26.712,0.20648988973484797,happy,subject_02,subject_02_happy_session_01
26.716,0.223710752468162,happy,subject_02,subject_02_happy_session_01
26.72,0.15883559691106747,happy,subject_02,subject_02_happy_session_01
26.724,0.18472728505171337,happy,subject_02,subject_02_happy_session_01
26.728,0.21866263819836765,happy,subject_02,subject_02_happy_session_01
26.732,0.1598762505965917,happy,subject_02,subject_02_happy_session_01
26.736,0.24625451747231725,happy,subject_02,subject_02_happy_session_01
26.74,0.21631937515389416,happy,subject_02,subject_02_happy_session_01
26.744,0.16092764475188323,happy,subject_02,subject_02_happy_session_01
26.748,0.13489571949292514,happy,subject_02,subject_02_happy_session_01
26.752,0.15541076634611367,happy,subject_02,subject_02_happy_session_01
26.756,0.1425972981492435,happy,subject_02,subject_02_happy_session_01
26.76,0.1246813153674666,happy,subject_02,subject_02_happy_session_01
26.764,0.11099987378711193,happy,subject_02,subject_02_happy_session_01
26.768,0.14494004308974426,happy,subject_02,subject_02_happy_session_01
26.772,0.17124770025743122,happy,subject_02,subject_02_happy_session_01
26.776,0.11323888292341572,happy,subject_02,subject_02_happy_session_01
26.78,0.1461442677270311,happy,subject_02,subject_02_happy_session_01
26.784,0.11153162659521479,happy,subject_02,subject_02_happy_session_01
26.788,0.13688936694103,happy,subject_02,subject_02_happy_session_01
26.792,0.08045658934927793,happy,subject_02,subject_02_happy_session_01
26.796,0.1104545672090951,happy,subject_02,subject_02_happy_session_01
26.8,0.09761391881073435,happy,subject_02,subject_02_happy_session_01
26.804,0.13407339947168695,happy,subject_02,subject_02_happy_session_01
26.808,0.09916432211323178,happy,subject_02,subject_02_happy_session_01
26.812,0.08205685316263409,happy,subject_02,subject_02_happy_session_01
26.816,0.01544928795609319,happy,subject_02,subject_02_happy_session_01
26.82,0.04265848738142686,happy,subject_02,subject_02_happy_session_01
26.824,0.027559818518991995,happy,subject_02,subject_02_happy_session_01
26.828,0.021748711120862452,happy,subject_02,subject_02_happy_session_01
26.832,0.04647593281074052,happy,subject_02,subject_02_happy_session_01
26.836,0.05025742928127779,happy,subject_02,subject_02_happy_session_01
26.84,0.04804123874390671,happy,subject_02,subject_02_happy_session_01
26.844,0.07935572029076052,happy,subject_02,subject_02_happy_session_01
26.848,0.04966314990352456,happy,subject_02,subject_02_happy_session_01
26.852,-0.012110223518340797,happy,subject_02,subject_02_happy_session_01
26.856,0.03668541946791238,happy,subject_02,subject_02_happy_session_01
26.86,0.049395559514228374,happy,subject_02,subject_02_happy_session_01
26.864,0.07307841270428889,happy,subject_02,subject_02_happy_session_01
26.868,0.024068653063863455,happy,subject_02,subject_02_happy_session_01
26.872,0.02555701637816174,happy,subject_02,subject_02_happy_session_01
26.876,0.07007651978902843,happy,subject_02,subject_02_happy_session_01
26.88,0.040778669025066314,happy,subject_02,subject_02_happy_session_01
26.884,-0.018745913483844447,happy,subject_02,subject_02_happy_session_01
26.888,-0.023191137798797286,happy,subject_02,subject_02_happy_session_01
26.892,0.10806106088591932,happy,subject_02,subject_02_happy_session_01
26.896,-0.012746088589294859,happy,subject_02,subject_02_happy_session_01
26.9,0.045112473331795855,happy,subject_02,subject_02_happy_session_01
26.904,0.08563201668326409,happy,subject_02,subject_02_happy_session_01
26.908,-0.003359186082010572,happy,subject_02,subject_02_happy_session_01
26.912,0.024040188201942425,happy,subject_02,subject_02_happy_session_01
26.916,0.02145976622314743,happy,subject_02,subject_02_happy_session_01
26.92,0.13094387127844706,happy,subject_02,subject_02_happy_session_01
26.924,0.14086469455224093,happy,subject_02,subject_02_happy_session_01
26.928,0.04629386062122258,happy,subject_02,subject_02_happy_session_01
26.932,0.0934023453800045,happy,subject_02,subject_02_happy_session_01
26.936,0.08435166256515467,happy,subject_02,subject_02_happy_session_01
26.94,0.06347883487568524,happy,subject_02,subject_02_happy_session_01
26.944,0.015381010001647079,happy,subject_02,subject_02_happy_session_01
26.948,0.151371518887913,happy,subject_02,subject_02_happy_session_01
26.952,0.00464705547874511,happy,subject_02,subject_02_happy_session_01
26.956,0.07257571982249718,happy,subject_02,subject_02_happy_session_01
26.96,0.038835512073815824,happy,subject_02,subject_02_happy_session_01
26.964,0.09260866125653335,happy,subject_02,subject_02_happy_session_01
26.968,0.08231659584687084,happy,subject_02,subject_02_happy_session_01
26.972,0.013477255039095255,happy,subject_02,subject_02_happy_session_01
26.976,0.014846395850354958,happy,subject_02,subject_02_happy_session_01
26.98,-0.017158052791795345,happy,subject_02,subject_02_happy_session_01
26.984,0.03843437115693413,happy,subject_02,subject_02_happy_session_01
26.988,0.05102539253805189,happy,subject_02,subject_02_happy_session_01
26.992,0.005303619078311766,happy,subject_02,subject_02_happy_session_01
26.996,0.006970350051861638,happy,subject_02,subject_02_happy_session_01
27.0,0.0773096575698753,happy,subject_02,subject_02_happy_session_01
27.004,0.0385691681834323,happy,subject_02,subject_02_happy_session_01
27.008,0.04854584263411113,happy,subject_02,subject_02_happy_session_01
27.012,-0.08118992754320077,happy,subject_02,subject_02_happy_session_01
27.016,0.012691574842000456,happy,subject_02,subject_02_happy_session_01
27.02,-0.001046634798295561,happy,subject_02,subject_02_happy_session_01
27.024,-0.05669342736902836,happy,subject_02,subject_02_happy_session_01
27.028,-0.052093712861856815,happy,subject_02,subject_02_happy_session_01
27.032,-0.02555524874238738,happy,subject_02,subject_02_happy_session_01
27.036,-0.06692176509859793,happy,subject_02,subject_02_happy_session_01
27.04,-0.04966065966907168,happy,subject_02,subject_02_happy_session_01
27.044,-0.03935350448158563,happy,subject_02,subject_02_happy_session_01
27.048,-0.004379553251329361,happy,subject_02,subject_02_happy_session_01
27.052,-0.0502359929892775,happy,subject_02,subject_02_happy_session_01
27.056,-0.04201573716601366,happy,subject_02,subject_02_happy_session_01
27.06,0.008764031321549202,happy,subject_02,subject_02_happy_session_01
27.064,-0.08949799400277943,happy,subject_02,subject_02_happy_session_01
27.068,-0.020544372303204467,happy,subject_02,subject_02_happy_session_01
27.072,-0.01599698203412893,happy,subject_02,subject_02_happy_session_01
27.076,-0.016975634391379363,happy,subject_02,subject_02_happy_session_01
27.08,-0.05230246601159033,happy,subject_02,subject_02_happy_session_01
27.084,-0.07646387725045245,happy,subject_02,subject_02_happy_session_01
27.088,0.00953787469994627,happy,subject_02,subject_02_happy_session_01
27.092,-0.07474680006065862,happy,subject_02,subject_02_happy_session_01
27.096,-0.07583633577834564,happy,subject_02,subject_02_happy_session_01
27.1,-0.011248833314650077,happy,subject_02,subject_02_happy_session_01
27.104,0.011172456485423605,happy,subject_02,subject_02_happy_session_01
27.108,0.1518618531950717,happy,subject_02,subject_02_happy_session_01
27.112,0.21312012291203009,happy,subject_02,subject_02_happy_session_01
27.116,0.39524655047750806,happy,subject_02,subject_02_happy_session_01
27.12,0.5156017232985092,happy,subject_02,subject_02_happy_session_01
27.124,0.6335536869434666,happy,subject_02,subject_02_happy_session_01
27.128,0.8197403051803651,happy,subject_02,subject_02_happy_session_01
27.132,0.8630597485367197,happy,subject_02,subject_02_happy_session_01
27.136,0.9384152641946344,happy,subject_02,subject_02_happy_session_01
27.14,0.982043979764593,happy,subject_02,subject_02_happy_session_01
27.144,0.9328128748022703,happy,subject_02,subject_02_happy_session_01
27.148,0.8140272399805696,happy,subject_02,subject_02_happy_session_01
27.152,0.6578389123735239,happy,subject_02,subject_02_happy_session_01
27.156,0.5604918931991033,happy,subject_02,subject_02_happy_session_01
27.16,0.3770539263331107,happy,subject_02,subject_02_happy_session_01
27.164,0.25262495482105274,happy,subject_02,subject_02_happy_session_01
27.168,0.10691565367951623,happy,subject_02,subject_02_happy_session_01
27.172,-0.003597202803464025,happy,subject_02,subject_02_happy_session_01
27.176,-0.05479317642402101,happy,subject_02,subject_02_happy_session_01
27.18,-0.08366020407322444,happy,subject_02,subject_02_happy_session_01
27.184,-0.06733295946428897,happy,subject_02,subject_02_happy_session_01
27.188,-0.07056158995404002,happy,subject_02,subject_02_happy_session_01
27.192,0.0028818313602304857,happy,subject_02,subject_02_happy_session_01
27.196,-0.04829170679451952,happy,subject_02,subject_02_happy_session_01
27.2,-0.06132486868871247,happy,subject_02,subject_02_happy_session_01
27.204,-0.03145484341268424,happy,subject_02,subject_02_happy_session_01
27.208,0.0030488052048867204,happy,subject_02,subject_02_happy_session_01
27.212,0.02449831651100322,happy,subject_02,subject_02_happy_session_01
27.216,0.04092246378226,happy,subject_02,subject_02_happy_session_01
27.22,-0.03787824668733649,happy,subject_02,subject_02_happy_session_01
27.224,0.04596640913141602,happy,subject_02,subject_02_happy_session_01
27.228,0.0029439676946379717,happy,subject_02,subject_02_happy_session_01
27.232,-0.024332578622604583,happy,subject_02,subject_02_happy_session_01
27.236,0.004753611630110958,happy,subject_02,subject_02_happy_session_01
27.24,0.05829043072134411,happy,subject_02,subject_02_happy_session_01
27.244,0.0362152455655564,happy,subject_02,subject_02_happy_session_01
27.248,-0.017638577925254986,happy,subject_02,subject_02_happy_session_01
27.252,-0.012524711699714697,happy,subject_02,subject_02_happy_session_01
27.256,-0.008365026225055222,happy,subject_02,subject_02_happy_session_01
27.26,0.014570397133581447,happy,subject_02,subject_02_happy_session_01
27.264,0.04856772008668306,happy,subject_02,subject_02_happy_session_01
27.268,0.012390646632216125,happy,subject_02,subject_02_happy_session_01
27.272,0.043023643331128215,happy,subject_02,subject_02_happy_session_01
27.276,0.11354056118580462,happy,subject_02,subject_02_happy_session_01
27.28,0.12777827861080301,happy,subject_02,subject_02_happy_session_01
27.284,0.13232111061248253,happy,subject_02,subject_02_happy_session_01
27.288,0.022325857415995312,happy,subject_02,subject_02_happy_session_01
27.292,0.15099074563209408,happy,subject_02,subject_02_happy_session_01
27.296,0.10302670266468575,happy,subject_02,subject_02_happy_session_01
27.3,0.11006798139275208,happy,subject_02,subject_02_happy_session_01
27.304,0.15095577321086825,happy,subject_02,subject_02_happy_session_01
27.308,0.14721973729855695,happy,subject_02,subject_02_happy_session_01
27.312,0.06486260860347369,happy,subject_02,subject_02_happy_session_01
27.316,0.11647266258220111,happy,subject_02,subject_02_happy_session_01
27.32,0.13267429907756084,happy,subject_02,subject_02_happy_session_01
27.324,0.10639891513174615,happy,subject_02,subject_02_happy_session_01
27.328,0.19518184476573502,happy,subject_02,subject_02_happy_session_01
27.332,0.21777569978364075,happy,subject_02,subject_02_happy_session_01
27.336,0.17394091918767968,happy,subject_02,subject_02_happy_session_01
27.34,0.1913815294628418,happy,subject_02,subject_02_happy_session_01
27.344,0.1868366645830226,happy,subject_02,subject_02_happy_session_01
27.348,0.19664220182746345,happy,subject_02,subject_02_happy_session_01
27.352,0.23783099640567323,happy,subject_02,subject_02_happy_session_01
27.356,0.1420224936733624,happy,subject_02,subject_02_happy_session_01
27.36,0.22545884392710808,happy,subject_02,subject_02_happy_session_01
27.364,0.21298566012358713,happy,subject_02,subject_02_happy_session_01
27.368,0.19119111113988435,happy,subject_02,subject_02_happy_session_01
27.372,0.20157800964612188,happy,subject_02,subject_02_happy_session_01
27.376,0.28578041068989324,happy,subject_02,subject_02_happy_session_01
27.38,0.17703900566000186,happy,subject_02,subject_02_happy_session_01
27.384,0.2188451023361311,happy,subject_02,subject_02_happy_session_01
27.388,0.2824002081851059,happy,subject_02,subject_02_happy_session_01
27.392,0.18091382697121794,happy,subject_02,subject_02_happy_session_01
27.396,0.20878022864681717,happy,subject_02,subject_02_happy_session_01
27.4,0.2249874263661966,happy,subject_02,subject_02_happy_session_01
27.404,0.23610331985379956,happy,subject_02,subject_02_happy_session_01
27.408,0.21641049217902825,happy,subject_02,subject_02_happy_session_01
27.412,0.1848713986035173,happy,subject_02,subject_02_happy_session_01
27.416,0.22830535710974434,happy,subject_02,subject_02_happy_session_01
27.42,0.20503854463995858,happy,subject_02,subject_02_happy_session_01
27.424,0.22595098342135825,happy,subject_02,subject_02_happy_session_01
27.428,0.23126864020311397,happy,subject_02,subject_02_happy_session_01
27.432,0.14145696905583302,happy,subject_02,subject_02_happy_session_01
27.436,0.22378571685525867,happy,subject_02,subject_02_happy_session_01
27.44,0.17252043009621643,happy,subject_02,subject_02_happy_session_01
27.444,0.20381881411544386,happy,subject_02,subject_02_happy_session_01
27.448,0.18546712695455664,happy,subject_02,subject_02_happy_session_01
27.452,0.22610509773587778,happy,subject_02,subject_02_happy_session_01
27.456,0.15429200204247182,happy,subject_02,subject_02_happy_session_01
27.46,0.13269317509239953,happy,subject_02,subject_02_happy_session_01
27.464,0.12151157419091138,happy,subject_02,subject_02_happy_session_01
27.468,0.09578781909088968,happy,subject_02,subject_02_happy_session_01
27.472,0.15299889924210244,happy,subject_02,subject_02_happy_session_01
27.476,0.07884663766939488,happy,subject_02,subject_02_happy_session_01
27.48,0.1381480625359189,happy,subject_02,subject_02_happy_session_01
27.484,0.0952603771980295,happy,subject_02,subject_02_happy_session_01
27.488,0.034457923411048086,happy,subject_02,subject_02_happy_session_01
27.492,0.1415652162589589,happy,subject_02,subject_02_happy_session_01
27.496,-0.035116882723825946,happy,subject_02,subject_02_happy_session_01
27.5,0.07403106349638092,happy,subject_02,subject_02_happy_session_01
27.504,0.07926958739522363,happy,subject_02,subject_02_happy_session_01
27.508,-0.015072576400791002,happy,subject_02,subject_02_happy_session_01
27.512,0.07604691354170451,happy,subject_02,subject_02_happy_session_01
27.516,0.03256535504392465,happy,subject_02,subject_02_happy_session_01
27.52,0.0431893572914117,happy,subject_02,subject_02_happy_session_01
27.524,0.09527898670291965,happy,subject_02,subject_02_happy_session_01
27.528,0.05019081156537852,happy,subject_02,subject_02_happy_session_01
27.532,0.030409908803255857,happy,subject_02,subject_02_happy_session_01
27.536,0.03478157333957871,happy,subject_02,subject_02_happy_session_01
27.54,0.10158015576654889,happy,subject_02,subject_02_happy_session_01
27.544,0.05285822981996816,happy,subject_02,subject_02_happy_session_01
27.548,0.007659688229827474,happy,subject_02,subject_02_happy_session_01
27.552,0.022003644744348717,happy,subject_02,subject_02_happy_session_01
27.556,-0.0014610597505447034,happy,subject_02,subject_02_happy_session_01
27.56,0.02604546833210968,happy,subject_02,subject_02_happy_session_01
27.564,0.10032505840237309,happy,subject_02,subject_02_happy_session_01
27.568,0.04090065862300923,happy,subject_02,subject_02_happy_session_01
27.572,0.003019128670843259,happy,subject_02,subject_02_happy_session_01
27.576,0.0683350446735272,happy,subject_02,subject_02_happy_session_01
27.58,0.043212572726475836,happy,subject_02,subject_02_happy_session_01
27.584,0.0804718014136188,happy,subject_02,subject_02_happy_session_01
27.588,0.056277424089111336,happy,subject_02,subject_02_happy_session_01
27.592,0.11924890906483174,happy,subject_02,subject_02_happy_session_01
27.596,0.040551608559693066,happy,subject_02,subject_02_happy_session_01
27.6,0.035153324693677115,happy,subject_02,subject_02_happy_session_01
27.604,0.1119070528147505,happy,subject_02,subject_02_happy_session_01
27.608,0.01167526509185414,happy,subject_02,subject_02_happy_session_01
27.612,0.07795702495808222,happy,subject_02,subject_02_happy_session_01
27.616,0.11356513096893163,happy,subject_02,subject_02_happy_session_01
27.62,0.009645926711472089,happy,subject_02,subject_02_happy_session_01
27.624,0.08891624820654075,happy,subject_02,subject_02_happy_session_01
27.628,0.033776429722733634,happy,subject_02,subject_02_happy_session_01
27.632,0.02032120333195149,happy,subject_02,subject_02_happy_session_01
27.636,0.04563138372868084,happy,subject_02,subject_02_happy_session_01
27.64,0.07389679070050938,happy,subject_02,subject_02_happy_session_01
27.644,0.05236530132418489,happy,subject_02,subject_02_happy_session_01
27.648,0.11201868852568539,happy,subject_02,subject_02_happy_session_01
27.652,0.07187758875249294,happy,subject_02,subject_02_happy_session_01
27.656,0.04721149745149582,happy,subject_02,subject_02_happy_session_01
27.66,0.013508656200612583,happy,subject_02,subject_02_happy_session_01
27.664,0.06202232283055936,happy,subject_02,subject_02_happy_session_01
27.668,0.1209486152465557,happy,subject_02,subject_02_happy_session_01
27.672,0.018967992814180434,happy,subject_02,subject_02_happy_session_01
27.676,0.01781559243327847,happy,subject_02,subject_02_happy_session_01
27.68,-0.003943917892701952,happy,subject_02,subject_02_happy_session_01
27.684,0.06969460636028366,happy,subject_02,subject_02_happy_session_01
27.688,0.05601074782088671,happy,subject_02,subject_02_happy_session_01
27.692,0.003555966851166546,happy,subject_02,subject_02_happy_session_01
27.696,-0.0058571059779167906,happy,subject_02,subject_02_happy_session_01
27.7,-0.021646809343515705,happy,subject_02,subject_02_happy_session_01
27.704,-0.0021042085363128533,happy,subject_02,subject_02_happy_session_01
27.708,0.04070748617846403,happy,subject_02,subject_02_happy_session_01
27.712,0.0038049646490954346,happy,subject_02,subject_02_happy_session_01
27.716,0.0450959170121096,happy,subject_02,subject_02_happy_session_01
27.72,-0.027182071837406632,happy,subject_02,subject_02_happy_session_01
27.724,-0.08462953325977753,happy,subject_02,subject_02_happy_session_01
27.728,0.08606658634204456,happy,subject_02,subject_02_happy_session_01
27.732,0.0012010925337779966,happy,subject_02,subject_02_happy_session_01
27.736,0.019970120008743368,happy,subject_02,subject_02_happy_session_01
27.74,-0.03561794444769227,happy,subject_02,subject_02_happy_session_01
27.744,-0.056362790505395596,happy,subject_02,subject_02_happy_session_01
27.748,-0.0037761285203417143,happy,subject_02,subject_02_happy_session_01
27.752,-0.07943474467879841,happy,subject_02,subject_02_happy_session_01
27.756,-0.019847427579691962,happy,subject_02,subject_02_happy_session_01
27.76,0.02388417934360588,happy,subject_02,subject_02_happy_session_01
27.764,0.0013093483012714298,happy,subject_02,subject_02_happy_session_01
27.768,-0.009304003688897442,happy,subject_02,subject_02_happy_session_01
27.772,0.038243852395216174,happy,subject_02,subject_02_happy_session_01
27.776,-0.012537892846082676,happy,subject_02,subject_02_happy_session_01
27.78,-0.08871293325496098,happy,subject_02,subject_02_happy_session_01
27.784,-0.010103271104038868,happy,subject_02,subject_02_happy_session_01
27.788,0.10103432411831263,happy,subject_02,subject_02_happy_session_01
27.792,0.08890169977087896,happy,subject_02,subject_02_happy_session_01
27.796,0.260871777857209,happy,subject_02,subject_02_happy_session_01
27.8,0.35424266311609875,happy,subject_02,subject_02_happy_session_01
27.804,0.4457995898869221,happy,subject_02,subject_02_happy_session_01
27.808,0.5708867062140391,happy,subject_02,subject_02_happy_session_01
27.812,0.761726849469002,happy,subject_02,subject_02_happy_session_01
27.816,0.9128126911331986,happy,subject_02,subject_02_happy_session_01
27.82,0.8950966453198596,happy,subject_02,subject_02_happy_session_01
27.824,0.9895314542471083,happy,subject_02,subject_02_happy_session_01
27.828,0.896591533875827,happy,subject_02,subject_02_happy_session_01
27.832,0.8878711961413399,happy,subject_02,subject_02_happy_session_01
27.836,0.7301779682961467,happy,subject_02,subject_02_happy_session_01
27.84,0.6654693711347898,happy,subject_02,subject_02_happy_session_01
27.844,0.4644955231694623,happy,subject_02,subject_02_happy_session_01
27.848,0.37343303749538287,happy,subject_02,subject_02_happy_session_01
27.852,0.17432214057248396,happy,subject_02,subject_02_happy_session_01
27.856,0.05831318499592732,happy,subject_02,subject_02_happy_session_01
27.86,-0.056431456092959534,happy,subject_02,subject_02_happy_session_01
27.864,-0.033899993792155324,happy,subject_02,subject_02_happy_session_01
27.868,-0.05006453623537098,happy,subject_02,subject_02_happy_session_01
27.872,-0.03378260347326255,happy,subject_02,subject_02_happy_session_01
27.876,-0.03127543766626298,happy,subject_02,subject_02_happy_session_01
27.88,-0.023137464322185816,happy,subject_02,subject_02_happy_session_01
27.884,0.000279260083936278,happy,subject_02,subject_02_happy_session_01
27.888,0.017503857886392214,happy,subject_02,subject_02_happy_session_01
27.892,0.03509286624096576,happy,subject_02,subject_02_happy_session_01
27.896,-0.042865268608663645,happy,subject_02,subject_02_happy_session_01
27.9,-0.0002936405918481655,happy,subject_02,subject_02_happy_session_01
27.904,-0.03680211388221136,happy,subject_02,subject_02_happy_session_01
27.908,0.03526001363498967,happy,subject_02,subject_02_happy_session_01
27.912,0.08419728411888334,happy,subject_02,subject_02_happy_session_01
27.916,0.062126224800667776,happy,subject_02,subject_02_happy_session_01
27.92,0.013307577475358195,happy,subject_02,subject_02_happy_session_01
27.924,0.056285488967923014,happy,subject_02,subject_02_happy_session_01
27.928,0.055113115867057326,happy,subject_02,subject_02_happy_session_01
27.932,0.05563638122015918,happy,subject_02,subject_02_happy_session_01
27.936,0.006713454589900934,happy,subject_02,subject_02_happy_session_01
27.94,0.10349272126101651,happy,subject_02,subject_02_happy_session_01
27.944,0.0216401488046752,happy,subject_02,subject_02_happy_session_01
27.948,0.055722416410424906,happy,subject_02,subject_02_happy_session_01
27.952,0.10808277409689221,happy,subject_02,subject_02_happy_session_01
27.956,0.06765874388905223,happy,subject_02,subject_02_happy_session_01
27.96,0.08996969949362438,happy,subject_02,subject_02_happy_session_01
27.964,0.09808295231185803,happy,subject_02,subject_02_happy_session_01
27.968,0.10312664596580995,happy,subject_02,subject_02_happy_session_01
27.972,0.11197058649737697,happy,subject_02,subject_02_happy_session_01
27.976,0.12273362552378544,happy,subject_02,subject_02_happy_session_01
27.98,0.12531767492246165,happy,subject_02,subject_02_happy_session_01
27.984,0.09894357493156916,happy,subject_02,subject_02_happy_session_01
27.988,0.0837122021916114,happy,subject_02,subject_02_happy_session_01
27.992,0.18063864646060715,happy,subject_02,subject_02_happy_session_01
27.996,0.1900039283004438,happy,subject_02,subject_02_happy_session_01
28.0,0.17304043329275862,happy,subject_02,subject_02_happy_session_01
28.004,0.18045575671718045,happy,subject_02,subject_02_happy_session_01
28.008,0.1445221283201872,happy,subject_02,subject_02_happy_session_01
28.012,0.09868824976738745,happy,subject_02,subject_02_happy_session_01
28.016,0.18264475087277757,happy,subject_02,subject_02_happy_session_01
28.02,0.13203367036555175,happy,subject_02,subject_02_happy_session_01
28.024,0.21172617308940073,happy,subject_02,subject_02_happy_session_01
28.028,0.2574482653493161,happy,subject_02,subject_02_happy_session_01
28.032,0.19641769947145163,happy,subject_02,subject_02_happy_session_01
28.036,0.20422561629190977,happy,subject_02,subject_02_happy_session_01
28.04,0.19394978392316659,happy,subject_02,subject_02_happy_session_01
28.044,0.23561666142260645,happy,subject_02,subject_02_happy_session_01
28.048,0.2373257512410186,happy,subject_02,subject_02_happy_session_01
28.052,0.20671676469337655,happy,subject_02,subject_02_happy_session_01
28.056,0.27767361792759887,happy,subject_02,subject_02_happy_session_01
28.06,0.3430901482274135,happy,subject_02,subject_02_happy_session_01
28.064,0.2923333938932447,happy,subject_02,subject_02_happy_session_01
28.068,0.24839094104227274,happy,subject_02,subject_02_happy_session_01
28.072,0.24892913613695095,happy,subject_02,subject_02_happy_session_01
28.076,0.2355761182988757,happy,subject_02,subject_02_happy_session_01
28.08,0.2345626472476852,happy,subject_02,subject_02_happy_session_01
28.084,0.2858812287131697,happy,subject_02,subject_02_happy_session_01
28.088,0.2858798046184534,happy,subject_02,subject_02_happy_session_01
28.092,0.20776088265084736,happy,subject_02,subject_02_happy_session_01
28.096,0.25880700308909776,happy,subject_02,subject_02_happy_session_01
28.1,0.2816054299494609,happy,subject_02,subject_02_happy_session_01
28.104,0.22665353786693973,happy,subject_02,subject_02_happy_session_01
28.108,0.22719277975177693,happy,subject_02,subject_02_happy_session_01
28.112,0.2541672970736976,happy,subject_02,subject_02_happy_session_01
28.116,0.24993399853360374,happy,subject_02,subject_02_happy_session_01
28.12,0.23396561424451337,happy,subject_02,subject_02_happy_session_01
28.124,0.22185338718383157,happy,subject_02,subject_02_happy_session_01
28.128,0.22024200359061274,happy,subject_02,subject_02_happy_session_01
28.132,0.1903296536046798,happy,subject_02,subject_02_happy_session_01
28.136,0.15410428708317248,happy,subject_02,subject_02_happy_session_01
28.14,0.13172832782422178,happy,subject_02,subject_02_happy_session_01
28.144,0.1998957917601571,happy,subject_02,subject_02_happy_session_01
28.148,0.17558008426365582,happy,subject_02,subject_02_happy_session_01
28.152,0.18042380934686128,happy,subject_02,subject_02_happy_session_01
28.156,0.1281468651657531,happy,subject_02,subject_02_happy_session_01
28.16,0.1534583001184266,happy,subject_02,subject_02_happy_session_01
28.164,0.14540629731474222,happy,subject_02,subject_02_happy_session_01
28.168,0.18032322524215885,happy,subject_02,subject_02_happy_session_01
28.172,0.15843262600426047,happy,subject_02,subject_02_happy_session_01
28.176,0.09598536509135042,happy,subject_02,subject_02_happy_session_01
28.18,0.1330452599661496,happy,subject_02,subject_02_happy_session_01
28.184,0.08302463672795142,happy,subject_02,subject_02_happy_session_01
28.188,0.011807613871090264,happy,subject_02,subject_02_happy_session_01
28.192,0.1581198004207438,happy,subject_02,subject_02_happy_session_01
28.196,0.07942867906531015,happy,subject_02,subject_02_happy_session_01
28.2,0.12419782453235739,happy,subject_02,subject_02_happy_session_01
28.204,0.06039501593101471,happy,subject_02,subject_02_happy_session_01
28.208,0.05150290950865695,happy,subject_02,subject_02_happy_session_01
28.212,0.05737056403707437,happy,subject_02,subject_02_happy_session_01
28.216,0.08263592447597591,happy,subject_02,subject_02_happy_session_01
28.22,0.07782467697448615,happy,subject_02,subject_02_happy_session_01
28.224,0.08753879668372266,happy,subject_02,subject_02_happy_session_01
28.228,0.051813095922943475,happy,subject_02,subject_02_happy_session_01
28.232,0.07028049216577922,happy,subject_02,subject_02_happy_session_01
28.236,0.03964504652298097,happy,subject_02,subject_02_happy_session_01
28.24,0.12147158889923937,happy,subject_02,subject_02_happy_session_01
28.244,0.025524210109910704,happy,subject_02,subject_02_happy_session_01
28.248,0.044758387706088434,happy,subject_02,subject_02_happy_session_01
28.252,0.06122105802517124,happy,subject_02,subject_02_happy_session_01
28.256,0.162610892246658,happy,subject_02,subject_02_happy_session_01
28.26,0.109170242561282,happy,subject_02,subject_02_happy_session_01
28.264,0.05608485346622474,happy,subject_02,subject_02_happy_session_01
28.268,0.11857268777835084,happy,subject_02,subject_02_happy_session_01
28.272,0.11179537654974034,happy,subject_02,subject_02_happy_session_01
28.276,0.1072737531636333,happy,subject_02,subject_02_happy_session_01
28.28,0.1258967352997309,happy,subject_02,subject_02_happy_session_01
28.284,0.1072181024612906,happy,subject_02,subject_02_happy_session_01
28.288,0.11449293927040667,happy,subject_02,subject_02_happy_session_01
28.292,0.05708014420674998,happy,subject_02,subject_02_happy_session_01
28.296,0.1643569393308736,happy,subject_02,subject_02_happy_session_01
28.3,0.10002204848738513,happy,subject_02,subject_02_happy_session_01
28.304,0.07357511523823801,happy,subject_02,subject_02_happy_session_01
28.308,0.0997303590469249,happy,subject_02,subject_02_happy_session_01
28.312,0.10092534738917727,happy,subject_02,subject_02_happy_session_01
28.316,0.08818198333686919,happy,subject_02,subject_02_happy_session_01
28.32,0.1417829510292335,happy,subject_02,subject_02_happy_session_01
28.324,0.1463120059469224,happy,subject_02,subject_02_happy_session_01
28.328,0.04064852993821215,happy,subject_02,subject_02_happy_session_01
28.332,0.08762414766457696,happy,subject_02,subject_02_happy_session_01
28.336,0.08604194471480522,happy,subject_02,subject_02_happy_session_01
28.34,0.09100611278119937,happy,subject_02,subject_02_happy_session_01
28.344,0.15189363221872554,happy,subject_02,subject_02_happy_session_01
28.348,0.05859230398473108,happy,subject_02,subject_02_happy_session_01
28.352,0.13649395815569074,happy,subject_02,subject_02_happy_session_01
28.356,0.07137179414777452,happy,subject_02,subject_02_happy_session_01
28.36,0.12620224672355457,happy,subject_02,subject_02_happy_session_01
28.364,0.0551119619148385,happy,subject_02,subject_02_happy_session_01
28.368,0.04598610426797285,happy,subject_02,subject_02_happy_session_01
28.372,0.05537839017481527,happy,subject_02,subject_02_happy_session_01
28.376,0.09687671304056288,happy,subject_02,subject_02_happy_session_01
28.38,0.05297772054037862,happy,subject_02,subject_02_happy_session_01
28.384,0.050885541890686496,happy,subject_02,subject_02_happy_session_01
28.388,0.06232193929786107,happy,subject_02,subject_02_happy_session_01
28.392,0.006078659674247793,happy,subject_02,subject_02_happy_session_01
28.396,0.045836660537593235,happy,subject_02,subject_02_happy_session_01
28.4,0.009592580375948494,happy,subject_02,subject_02_happy_session_01
28.404,0.08092256344399122,happy,subject_02,subject_02_happy_session_01
28.408,0.04223671811037166,happy,subject_02,subject_02_happy_session_01
28.412,0.05026544094980258,happy,subject_02,subject_02_happy_session_01
28.416,-0.046664073937447786,happy,subject_02,subject_02_happy_session_01
28.42,0.048370095671577525,happy,subject_02,subject_02_happy_session_01
28.424,0.0165454719463424,happy,subject_02,subject_02_happy_session_01
28.428,-0.028244123334277213,happy,subject_02,subject_02_happy_session_01
28.432,0.024804597417133825,happy,subject_02,subject_02_happy_session_01
28.436,-0.032194955748375095,happy,subject_02,subject_02_happy_session_01
28.44,0.04166243741368958,happy,subject_02,subject_02_happy_session_01
28.444,0.06934659147085302,happy,subject_02,subject_02_happy_session_01
28.448,-0.045536084214055736,happy,subject_02,subject_02_happy_session_01
28.452,0.012753939929287117,happy,subject_02,subject_02_happy_session_01
28.456,0.0035619990424180506,happy,subject_02,subject_02_happy_session_01
28.46,-0.06434090413684859,happy,subject_02,subject_02_happy_session_01
28.464,0.03756909842267764,happy,subject_02,subject_02_happy_session_01
28.468,0.03807975001177694,happy,subject_02,subject_02_happy_session_01
28.472,0.11602411859088903,happy,subject_02,subject_02_happy_session_01
28.476,0.1168032772135895,happy,subject_02,subject_02_happy_session_01
28.48,0.15247728873233923,happy,subject_02,subject_02_happy_session_01
28.484,0.3137707281895655,happy,subject_02,subject_02_happy_session_01
28.488,0.4759580524627672,happy,subject_02,subject_02_happy_session_01
28.492,0.5621079330104837,happy,subject_02,subject_02_happy_session_01
28.496,0.7541542928657905,happy,subject_02,subject_02_happy_session_01
28.5,0.7713346710530768,happy,subject_02,subject_02_happy_session_01
28.504,1.0036644348313781,happy,subject_02,subject_02_happy_session_01
28.508,1.0350235036354563,happy,subject_02,subject_02_happy_session_01
28.512,0.9220589586500217,happy,subject_02,subject_02_happy_session_01
28.516,0.9762936157117174,happy,subject_02,subject_02_happy_session_01
28.52,0.7979738381413417,happy,subject_02,subject_02_happy_session_01
28.524,0.7144082154010744,happy,subject_02,subject_02_happy_session_01
28.528,0.606365327210762,happy,subject_02,subject_02_happy_session_01
28.532,0.41957421215054763,happy,subject_02,subject_02_happy_session_01
28.536,0.32053116025556055,happy,subject_02,subject_02_happy_session_01
28.54,0.15401509264292385,happy,subject_02,subject_02_happy_session_01
28.544,0.05658139978632485,happy,subject_02,subject_02_happy_session_01
28.548,0.035670649658598376,happy,subject_02,subject_02_happy_session_01
28.552,-0.04490999869687244,happy,subject_02,subject_02_happy_session_01
28.556,-0.04064188239545944,happy,subject_02,subject_02_happy_session_01
28.56,-0.027453372394349734,happy,subject_02,subject_02_happy_session_01
28.564,-0.017694418048581555,happy,subject_02,subject_02_happy_session_01
28.568,0.04242056267649429,happy,subject_02,subject_02_happy_session_01
28.572,-0.0065594759679598845,happy,subject_02,subject_02_happy_session_01
28.576,-0.0007501386281368247,happy,subject_02,subject_02_happy_session_01
28.58,-0.0005557765300149287,happy,subject_02,subject_02_happy_session_01
28.584,-0.03246310508220829,happy,subject_02,subject_02_happy_session_01
28.588,0.09886457936894757,happy,subject_02,subject_02_happy_session_01
28.592,0.019108685864872854,happy,subject_02,subject_02_happy_session_01
28.596,0.04573838450896853,happy,subject_02,subject_02_happy_session_01
28.6,0.1120944856493358,happy,subject_02,subject_02_happy_session_01
28.604,0.05623564588740685,happy,subject_02,subject_02_happy_session_01
28.608,0.08306823959645686,happy,subject_02,subject_02_happy_session_01
28.612,0.01946056868387975,happy,subject_02,subject_02_happy_session_01
28.616,0.12250912328694857,happy,subject_02,subject_02_happy_session_01
28.62,0.07397072103669212,happy,subject_02,subject_02_happy_session_01
28.624,0.04752353480291944,happy,subject_02,subject_02_happy_session_01
28.628,0.05271259896540641,happy,subject_02,subject_02_happy_session_01
28.632,0.15301744941565348,happy,subject_02,subject_02_happy_session_01
28.636,0.07911265754015794,happy,subject_02,subject_02_happy_session_01
28.64,0.07077225861941597,happy,subject_02,subject_02_happy_session_01
28.644,0.0967738033404738,happy,subject_02,subject_02_happy_session_01
28.648,0.12003896559695178,happy,subject_02,subject_02_happy_session_01
28.652,0.13051058340554075,happy,subject_02,subject_02_happy_session_01
28.656,0.14770353695324717,happy,subject_02,subject_02_happy_session_01
28.66,0.14750890224189997,happy,subject_02,subject_02_happy_session_01
28.664,0.1692465985322369,happy,subject_02,subject_02_happy_session_01
28.668,0.14449161261740628,happy,subject_02,subject_02_happy_session_01
28.672,0.23411210865023563,happy,subject_02,subject_02_happy_session_01
28.676,0.15211357309569584,happy,subject_02,subject_02_happy_session_01
28.68,0.22420655356420635,happy,subject_02,subject_02_happy_session_01
28.684,0.16357516010186682,happy,subject_02,subject_02_happy_session_01
28.688,0.1422020467733573,happy,subject_02,subject_02_happy_session_01
28.692,0.1413844237760255,happy,subject_02,subject_02_happy_session_01
28.696,0.21781327307067627,happy,subject_02,subject_02_happy_session_01
28.7,0.25512747463234414,happy,subject_02,subject_02_happy_session_01
28.704,0.18125557283010668,happy,subject_02,subject_02_happy_session_01
28.708,0.19766685763657302,happy,subject_02,subject_02_happy_session_01
28.712,0.24844416206883801,happy,subject_02,subject_02_happy_session_01
28.716,0.2410618757260638,happy,subject_02,subject_02_happy_session_01
28.72,0.2265042158064513,happy,subject_02,subject_02_happy_session_01
28.724,0.20766941586773052,happy,subject_02,subject_02_happy_session_01
28.728,0.26825660614752445,happy,subject_02,subject_02_happy_session_01
28.732,0.2848060177065628,happy,subject_02,subject_02_happy_session_01
28.736,0.2831665744007319,happy,subject_02,subject_02_happy_session_01
28.74,0.27034438663349947,happy,subject_02,subject_02_happy_session_01
28.744,0.23536225875522443,happy,subject_02,subject_02_happy_session_01
28.748,0.2856305513821005,happy,subject_02,subject_02_happy_session_01
28.752,0.28472146531968734,happy,subject_02,subject_02_happy_session_01
28.756,0.2314562491868048,happy,subject_02,subject_02_happy_session_01
28.76,0.26730546126429466,happy,subject_02,subject_02_happy_session_01
28.764,0.29055546949146505,happy,subject_02,subject_02_happy_session_01
28.768,0.2742110445861711,happy,subject_02,subject_02_happy_session_01
28.772,0.2069322275494505,happy,subject_02,subject_02_happy_session_01
28.776,0.2511333833775711,happy,subject_02,subject_02_happy_session_01
28.78,0.24620869659197592,happy,subject_02,subject_02_happy_session_01
28.784,0.2873567160448087,happy,subject_02,subject_02_happy_session_01
28.788,0.3550090529106228,happy,subject_02,subject_02_happy_session_01
28.792,0.2645182316123889,happy,subject_02,subject_02_happy_session_01
28.796,0.21317492507308194,happy,subject_02,subject_02_happy_session_01
28.8,0.2443049226063941,happy,subject_02,subject_02_happy_session_01
28.804,0.24469492972784201,happy,subject_02,subject_02_happy_session_01
28.808,0.26482391882760675,happy,subject_02,subject_02_happy_session_01
28.812,0.27549896808674224,happy,subject_02,subject_02_happy_session_01
28.816,0.2740957138047178,happy,subject_02,subject_02_happy_session_01
28.82,0.23734592101782337,happy,subject_02,subject_02_happy_session_01
28.824,0.21143981029705042,happy,subject_02,subject_02_happy_session_01
28.828,0.2561479666818052,happy,subject_02,subject_02_happy_session_01
28.832,0.1847093125750977,happy,subject_02,subject_02_happy_session_01
28.836,0.19134811110193933,happy,subject_02,subject_02_happy_session_01
28.84,0.17346131185972205,happy,subject_02,subject_02_happy_session_01
28.844,0.09994136672684532,happy,subject_02,subject_02_happy_session_01
28.848,0.2116608556934014,happy,subject_02,subject_02_happy_session_01
28.852,0.18350546933039188,happy,subject_02,subject_02_happy_session_01
28.856,0.06976660257386125,happy,subject_02,subject_02_happy_session_01
28.86,0.18081538224103574,happy,subject_02,subject_02_happy_session_01
28.864,0.12839306708905154,happy,subject_02,subject_02_happy_session_01
28.868,0.16713336170968995,happy,subject_02,subject_02_happy_session_01
28.872,0.12900770877763648,happy,subject_02,subject_02_happy_session_01
28.876,0.07300662026532992,happy,subject_02,subject_02_happy_session_01
28.88,0.11596886176303747,happy,subject_02,subject_02_happy_session_01
28.884,0.07854422194880804,happy,subject_02,subject_02_happy_session_01
28.888,0.06257810511794282,happy,subject_02,subject_02_happy_session_01
28.892,0.13159297606974774,happy,subject_02,subject_02_happy_session_01
28.896,0.11132922405213753,happy,subject_02,subject_02_happy_session_01
28.9,0.14695731495139042,happy,subject_02,subject_02_happy_session_01
28.904,0.07822075791437372,happy,subject_02,subject_02_happy_session_01
28.908,0.056390090340495705,happy,subject_02,subject_02_happy_session_01
28.912,0.11111871953871767,happy,subject_02,subject_02_happy_session_01
28.916,0.05886113255772432,happy,subject_02,subject_02_happy_session_01
28.92,0.07707468727922634,happy,subject_02,subject_02_happy_session_01
28.924,0.10680602807542486,happy,subject_02,subject_02_happy_session_01
28.928,0.08510308295073962,happy,subject_02,subject_02_happy_session_01
28.932,0.0740481476358011,happy,subject_02,subject_02_happy_session_01
28.936,0.04422235065279876,happy,subject_02,subject_02_happy_session_01
28.94,0.12873602241330034,happy,subject_02,subject_02_happy_session_01
28.944,0.08608307033129431,happy,subject_02,subject_02_happy_session_01
28.948,0.12397333802988615,happy,subject_02,subject_02_happy_session_01
28.952,0.12295537927245286,happy,subject_02,subject_02_happy_session_01
28.956,0.14789539356673748,happy,subject_02,subject_02_happy_session_01
28.96,0.10525804594096543,happy,subject_02,subject_02_happy_session_01
28.964,0.10507746189539036,happy,subject_02,subject_02_happy_session_01
28.968,0.08203746818820848,happy,subject_02,subject_02_happy_session_01
28.972,0.10514170663976312,happy,subject_02,subject_02_happy_session_01
28.976,0.13900954659085796,happy,subject_02,subject_02_happy_session_01
28.98,0.10093907586506701,happy,subject_02,subject_02_happy_session_01
28.984,0.1425054014687733,happy,subject_02,subject_02_happy_session_01
28.988,0.18410514415665458,happy,subject_02,subject_02_happy_session_01
28.992,0.11779111171368022,happy,subject_02,subject_02_happy_session_01
28.996,0.0872847821123229,happy,subject_02,subject_02_happy_session_01
29.0,0.11800616510464229,happy,subject_02,subject_02_happy_session_01
29.004,0.08114481032085144,happy,subject_02,subject_02_happy_session_01
29.008,0.1753943448040343,happy,subject_02,subject_02_happy_session_01
29.012,0.12875926294177054,happy,subject_02,subject_02_happy_session_01
29.016,0.096775306249312,happy,subject_02,subject_02_happy_session_01
29.02,0.09861488864231906,happy,subject_02,subject_02_happy_session_01
29.024,0.07231068468513831,happy,subject_02,subject_02_happy_session_01
29.028,0.14417259355067424,happy,subject_02,subject_02_happy_session_01
29.032,0.16789777609681777,happy,subject_02,subject_02_happy_session_01
29.036,0.04592457156825898,happy,subject_02,subject_02_happy_session_01
29.04,0.12925462006569474,happy,subject_02,subject_02_happy_session_01
29.044,0.078646985948792,happy,subject_02,subject_02_happy_session_01
29.048,0.12619505545183063,happy,subject_02,subject_02_happy_session_01
29.052,0.012372604232036663,happy,subject_02,subject_02_happy_session_01
29.056,0.07937440343323351,happy,subject_02,subject_02_happy_session_01
29.06,0.05239526112839222,happy,subject_02,subject_02_happy_session_01
29.064,0.08522372630796445,happy,subject_02,subject_02_happy_session_01
29.068,0.060106482202064056,happy,subject_02,subject_02_happy_session_01
29.072,0.05490199326482003,happy,subject_02,subject_02_happy_session_01
29.076,0.04692425633725563,happy,subject_02,subject_02_happy_session_01
29.08,0.10217899802418155,happy,subject_02,subject_02_happy_session_01
29.084,0.03858535728267367,happy,subject_02,subject_02_happy_session_01
29.088,0.07250229287071507,happy,subject_02,subject_02_happy_session_01
29.092,0.06210635171471071,happy,subject_02,subject_02_happy_session_01
29.096,0.0693632797840513,happy,subject_02,subject_02_happy_session_01
29.1,0.0011511124621937721,happy,subject_02,subject_02_happy_session_01
29.104,0.06007082232275263,happy,subject_02,subject_02_happy_session_01
29.108,0.04597606306885708,happy,subject_02,subject_02_happy_session_01
29.112,-0.008394472672572595,happy,subject_02,subject_02_happy_session_01
29.116,0.025001315295835564,happy,subject_02,subject_02_happy_session_01
29.12,0.11201647874823939,happy,subject_02,subject_02_happy_session_01
29.124,0.01723627328920008,happy,subject_02,subject_02_happy_session_01
29.128,0.01701194234068735,happy,subject_02,subject_02_happy_session_01
29.132,0.04387440586852477,happy,subject_02,subject_02_happy_session_01
29.136,0.0062138120781934925,happy,subject_02,subject_02_happy_session_01
29.14,0.02578014697331185,happy,subject_02,subject_02_happy_session_01
29.144,0.0004368859835429499,happy,subject_02,subject_02_happy_session_01
29.148,0.02790336380146565,happy,subject_02,subject_02_happy_session_01
29.152,0.01701343427707399,happy,subject_02,subject_02_happy_session_01
29.156,0.1078894682139592,happy,subject_02,subject_02_happy_session_01
29.16,0.08429752907312787,happy,subject_02,subject_02_happy_session_01
29.164,0.14634487210475577,happy,subject_02,subject_02_happy_session_01
29.168,0.29128716800138293,happy,subject_02,subject_02_happy_session_01
29.172,0.33343648100777823,happy,subject_02,subject_02_happy_session_01
29.176,0.5851012541639314,happy,subject_02,subject_02_happy_session_01
29.18,0.6394087801652749,happy,subject_02,subject_02_happy_session_01
29.184,0.8535227507883262,happy,subject_02,subject_02_happy_session_01
29.188,0.9751605912626788,happy,subject_02,subject_02_happy_session_01
29.192,0.979350541045977,happy,subject_02,subject_02_happy_session_01
29.196,1.0078151849102788,happy,subject_02,subject_02_happy_session_01
29.2,0.9916119265633985,happy,subject_02,subject_02_happy_session_01
29.204,0.9397302262316986,happy,subject_02,subject_02_happy_session_01
29.208,0.7642696056140877,happy,subject_02,subject_02_happy_session_01
29.212,0.6487734861228571,happy,subject_02,subject_02_happy_session_01
29.216,0.48325108778121995,happy,subject_02,subject_02_happy_session_01
29.22,0.29996852610220287,happy,subject_02,subject_02_happy_session_01
29.224,0.16815186342449134,happy,subject_02,subject_02_happy_session_01
29.228,0.10200385316682403,happy,subject_02,subject_02_happy_session_01
29.232,0.0271133357078531,happy,subject_02,subject_02_happy_session_01
29.236,-0.045684995929971065,happy,subject_02,subject_02_happy_session_01
29.24,-0.031658597261936976,happy,subject_02,subject_02_happy_session_01
29.244,-0.05384831630505799,happy,subject_02,subject_02_happy_session_01
29.248,0.028109377917841565,happy,subject_02,subject_02_happy_session_01
29.252,-0.004251478965283231,happy,subject_02,subject_02_happy_session_01
29.256,0.05368701942914886,happy,subject_02,subject_02_happy_session_01
29.26,-0.031197941505303105,happy,subject_02,subject_02_happy_session_01
29.264,0.04867725092018589,happy,subject_02,subject_02_happy_session_01
29.268,0.06480445967972628,happy,subject_02,subject_02_happy_session_01
29.272,0.04384816044290053,happy,subject_02,subject_02_happy_session_01
29.276,0.03354888612602783,happy,subject_02,subject_02_happy_session_01
29.28,0.05034182517451605,happy,subject_02,subject_02_happy_session_01
29.284,0.08496548985339684,happy,subject_02,subject_02_happy_session_01
29.288,0.01997851816351018,happy,subject_02,subject_02_happy_session_01
29.292,0.09043754987348417,happy,subject_02,subject_02_happy_session_01
29.296,0.08088203166739887,happy,subject_02,subject_02_happy_session_01
29.3,0.06469416897556964,happy,subject_02,subject_02_happy_session_01
29.304,0.07054480952338449,happy,subject_02,subject_02_happy_session_01
29.308,0.08497361545831501,happy,subject_02,subject_02_happy_session_01
29.312,0.14576926721136774,happy,subject_02,subject_02_happy_session_01
29.316,0.10508309534926769,happy,subject_02,subject_02_happy_session_01
29.32,0.06536700727675074,happy,subject_02,subject_02_happy_session_01
29.324,0.08885079975958754,happy,subject_02,subject_02_happy_session_01
29.328,0.07000918299775816,happy,subject_02,subject_02_happy_session_01
29.332,0.05015689255599756,happy,subject_02,subject_02_happy_session_01
29.336,0.08208751240754417,happy,subject_02,subject_02_happy_session_01
29.34,0.13364369784632216,happy,subject_02,subject_02_happy_session_01
29.344,0.1809042263557526,happy,subject_02,subject_02_happy_session_01
29.348,0.17821575059772152,happy,subject_02,subject_02_happy_session_01
29.352,0.11012522528402299,happy,subject_02,subject_02_happy_session_01
29.356,0.12995664213518882,happy,subject_02,subject_02_happy_session_01
29.36,0.13242388505590377,happy,subject_02,subject_02_happy_session_01
29.364,0.08237983932945561,happy,subject_02,subject_02_happy_session_01
29.368,0.17434626072233153,happy,subject_02,subject_02_happy_session_01
29.372,0.21578653167923317,happy,subject_02,subject_02_happy_session_01
29.376,0.18623970843693907,happy,subject_02,subject_02_happy_session_01
29.38,0.15800142832857228,happy,subject_02,subject_02_happy_session_01
29.384,0.1799552639929508,happy,subject_02,subject_02_happy_session_01
29.388,0.20500230357274082,happy,subject_02,subject_02_happy_session_01
29.392,0.2502191127360812,happy,subject_02,subject_02_happy_session_01
29.396,0.22334230426281707,happy,subject_02,subject_02_happy_session_01
29.4,0.2581299690612068,happy,subject_02,subject_02_happy_session_01
29.404,0.23887475599217176,happy,subject_02,subject_02_happy_session_01
29.408,0.25542935520489535,happy,subject_02,subject_02_happy_session_01
29.412,0.2192243818478129,happy,subject_02,subject_02_happy_session_01
29.416,0.23264720802214778,happy,subject_02,subject_02_happy_session_01
29.42,0.21671997769296802,happy,subject_02,subject_02_happy_session_01
29.424,0.2852231595476049,happy,subject_02,subject_02_happy_session_01
29.428,0.25690981045340017,happy,subject_02,subject_02_happy_session_01
29.432,0.14354207187751858,happy,subject_02,subject_02_happy_session_01
29.436,0.28806090989459043,happy,subject_02,subject_02_happy_session_01
29.44,0.30646634244240967,happy,subject_02,subject_02_happy_session_01
29.444,0.24449248026322834,happy,subject_02,subject_02_happy_session_01
29.448,0.28961846901897087,happy,subject_02,subject_02_happy_session_01
29.452,0.26474917360696165,happy,subject_02,subject_02_happy_session_01
29.456,0.19662656275216533,happy,subject_02,subject_02_happy_session_01
29.46,0.3371533759889007,happy,subject_02,subject_02_happy_session_01
29.464,0.2591207708059775,happy,subject_02,subject_02_happy_session_01
29.468,0.27017214816252844,happy,subject_02,subject_02_happy_session_01
29.472,0.2375758424272455,happy,subject_02,subject_02_happy_session_01
29.476,0.24487518409149509,happy,subject_02,subject_02_happy_session_01
29.48,0.2561569721573788,happy,subject_02,subject_02_happy_session_01
29.484,0.20882057777881108,happy,subject_02,subject_02_happy_session_01
29.488,0.2989752049135461,happy,subject_02,subject_02_happy_session_01
29.492,0.26300300436283136,happy,subject_02,subject_02_happy_session_01
29.496,0.2453829978695674,happy,subject_02,subject_02_happy_session_01
29.5,0.21564439544066538,happy,subject_02,subject_02_happy_session_01
29.504,0.18700678857895794,happy,subject_02,subject_02_happy_session_01
29.508,0.2425192977578866,happy,subject_02,subject_02_happy_session_01
29.512,0.22047592119267928,happy,subject_02,subject_02_happy_session_01
29.516,0.17762108633250165,happy,subject_02,subject_02_happy_session_01
29.52,0.14605044268201361,happy,subject_02,subject_02_happy_session_01
29.524,0.12121319054990856,happy,subject_02,subject_02_happy_session_01
29.528,0.16972819068801492,happy,subject_02,subject_02_happy_session_01
29.532,0.15241494614584994,happy,subject_02,subject_02_happy_session_01
29.536,0.19510670901545107,happy,subject_02,subject_02_happy_session_01
29.54,0.18094487293102202,happy,subject_02,subject_02_happy_session_01
29.544,0.14035323638163733,happy,subject_02,subject_02_happy_session_01
29.548,0.12913356975344326,happy,subject_02,subject_02_happy_session_01
29.552,0.08487660411497852,happy,subject_02,subject_02_happy_session_01
29.556,0.15584557979518424,happy,subject_02,subject_02_happy_session_01
29.56,0.11056035000642037,happy,subject_02,subject_02_happy_session_01
29.564,0.12792533880820622,happy,subject_02,subject_02_happy_session_01
29.568,0.14251974941676904,happy,subject_02,subject_02_happy_session_01
29.572,0.07655831750778237,happy,subject_02,subject_02_happy_session_01
29.576,0.06286644738707646,happy,subject_02,subject_02_happy_session_01
29.58,0.17423535105717203,happy,subject_02,subject_02_happy_session_01
29.584,0.10515243369035498,happy,subject_02,subject_02_happy_session_01
29.588,0.07166559333995336,happy,subject_02,subject_02_happy_session_01
29.592,0.12246153341183558,happy,subject_02,subject_02_happy_session_01
29.596,0.06652101224686582,happy,subject_02,subject_02_happy_session_01
29.6,0.08755499646032851,happy,subject_02,subject_02_happy_session_01
29.604,0.0557407952831319,happy,subject_02,subject_02_happy_session_01
29.608,0.0751102470690322,happy,subject_02,subject_02_happy_session_01
29.612,0.06678313005597661,happy,subject_02,subject_02_happy_session_01
29.616,0.05130350811115936,happy,subject_02,subject_02_happy_session_01
29.62,0.08790061388155611,happy,subject_02,subject_02_happy_session_01
29.624,0.05932113847075868,happy,subject_02,subject_02_happy_session_01
29.628,0.10453469524092843,happy,subject_02,subject_02_happy_session_01
29.632,0.07678044996229229,happy,subject_02,subject_02_happy_session_01
29.636,0.030580209711223987,happy,subject_02,subject_02_happy_session_01
29.64,0.11604650106403049,happy,subject_02,subject_02_happy_session_01
29.644,0.12025607389652404,happy,subject_02,subject_02_happy_session_01
29.648,0.18042377470130136,happy,subject_02,subject_02_happy_session_01
29.652,0.10565778943726635,happy,subject_02,subject_02_happy_session_01
29.656,0.11471352431171,happy,subject_02,subject_02_happy_session_01
29.66,0.12797544917436512,happy,subject_02,subject_02_happy_session_01
29.664,0.14941227669879845,happy,subject_02,subject_02_happy_session_01
29.668,0.1492051203010979,happy,subject_02,subject_02_happy_session_01
29.672,0.12824827780623987,happy,subject_02,subject_02_happy_session_01
29.676,0.11667117681108581,happy,subject_02,subject_02_happy_session_01
29.68,0.147356556671085,happy,subject_02,subject_02_happy_session_01
29.684,0.11456912217864618,happy,subject_02,subject_02_happy_session_01
29.688,0.0706486829845095,happy,subject_02,subject_02_happy_session_01
29.692,0.06110208426321633,happy,subject_02,subject_02_happy_session_01
29.696,0.1005734071051599,happy,subject_02,subject_02_happy_session_01
29.7,0.1115948381646102,happy,subject_02,subject_02_happy_session_01
29.704,0.18990363212702221,happy,subject_02,subject_02_happy_session_01
29.708,0.09467190818721012,happy,subject_02,subject_02_happy_session_01
29.712,0.0955818103919828,happy,subject_02,subject_02_happy_session_01
29.716,0.07455530106455918,happy,subject_02,subject_02_happy_session_01
29.72,0.10489273827269954,happy,subject_02,subject_02_happy_session_01
29.724,0.0874385490601862,happy,subject_02,subject_02_happy_session_01
29.728,0.04963108502479367,happy,subject_02,subject_02_happy_session_01
29.732,0.0309565765622977,happy,subject_02,subject_02_happy_session_01
29.736,0.04677457316316398,happy,subject_02,subject_02_happy_session_01
29.74,0.026020963647793428,happy,subject_02,subject_02_happy_session_01
29.744,0.042368026762100885,happy,subject_02,subject_02_happy_session_01
29.748,0.05061350003913977,happy,subject_02,subject_02_happy_session_01
29.752,0.02364017380763157,happy,subject_02,subject_02_happy_session_01
29.756,0.08794970098029345,happy,subject_02,subject_02_happy_session_01
29.76,0.07383395549433286,happy,subject_02,subject_02_happy_session_01
29.764,0.021789344579219203,happy,subject_02,subject_02_happy_session_01
29.768,-0.0070023189163623024,happy,subject_02,subject_02_happy_session_01
29.772,0.0229595395250091,happy,subject_02,subject_02_happy_session_01
29.776,0.016903023354709862,happy,subject_02,subject_02_happy_session_01
29.78,0.017267426403349093,happy,subject_02,subject_02_happy_session_01
29.784,0.0036924193774031736,happy,subject_02,subject_02_happy_session_01
29.788,-0.020695752734786542,happy,subject_02,subject_02_happy_session_01
29.792,0.015889164747913097,happy,subject_02,subject_02_happy_session_01
29.796,0.0012205225261283995,happy,subject_02,subject_02_happy_session_01
29.8,0.0033313816948277782,happy,subject_02,subject_02_happy_session_01
29.804,0.014901426366606092,happy,subject_02,subject_02_happy_session_01
29.808,0.008315842972064148,happy,subject_02,subject_02_happy_session_01
29.812,0.012221106852878963,happy,subject_02,subject_02_happy_session_01
29.816,-0.0057851294983977605,happy,subject_02,subject_02_happy_session_01
29.82,0.01814945246055024,happy,subject_02,subject_02_happy_session_01
29.824,-0.02349062277825154,happy,subject_02,subject_02_happy_session_01
29.828,-0.04133653154001743,happy,subject_02,subject_02_happy_session_01
29.832,-0.03834038273020574,happy,subject_02,subject_02_happy_session_01
29.836,-0.02956909220340723,happy,subject_02,subject_02_happy_session_01
29.84,-0.03776407832481831,happy,subject_02,subject_02_happy_session_01
29.844,-0.019029252486496694,happy,subject_02,subject_02_happy_session_01
29.848,0.11721182187579236,happy,subject_02,subject_02_happy_session_01
29.852,0.23330358366385376,happy,subject_02,subject_02_happy_session_01
29.856,0.3253190688958775,happy,subject_02,subject_02_happy_session_01
29.86,0.42700364004653785,happy,subject_02,subject_02_happy_session_01
29.864,0.5317414184143163,happy,subject_02,subject_02_happy_session_01
29.868,0.742214085046109,happy,subject_02,subject_02_happy_session_01
29.872,0.8035641471761454,happy,subject_02,subject_02_happy_session_01
29.876,0.9474089730786176,happy,subject_02,subject_02_happy_session_01
29.88,0.9679385329651381,happy,subject_02,subject_02_happy_session_01
29.884,0.9099441997124406,happy,subject_02,subject_02_happy_session_01
29.888,0.983583494757676,happy,subject_02,subject_02_happy_session_01
29.892,0.7842777524676938,happy,subject_02,subject_02_happy_session_01
29.896,0.6784964421541865,happy,subject_02,subject_02_happy_session_01
29.9,0.5307122797904027,happy,subject_02,subject_02_happy_session_01
29.904,0.36102706866068995,happy,subject_02,subject_02_happy_session_01
29.908,0.24915673409177125,happy,subject_02,subject_02_happy_session_01
29.912,0.08726231492418063,happy,subject_02,subject_02_happy_session_01
29.916,0.03860780546364093,happy,subject_02,subject_02_happy_session_01
29.92,-0.0185122666607467,happy,subject_02,subject_02_happy_session_01
29.924,-0.10345751046100476,happy,subject_02,subject_02_happy_session_01
29.928,-0.050429643958533055,happy,subject_02,subject_02_happy_session_01
29.932,-0.08537086231824177,happy,subject_02,subject_02_happy_session_01
29.936,-0.07310519225991488,happy,subject_02,subject_02_happy_session_01
29.94,-0.005520126125248355,happy,subject_02,subject_02_happy_session_01
29.944,-0.01592847241144204,happy,subject_02,subject_02_happy_session_01
29.948,0.021989351374673456,happy,subject_02,subject_02_happy_session_01
29.952,0.029761921640858793,happy,subject_02,subject_02_happy_session_01
29.956,-0.028327416222645077,happy,subject_02,subject_02_happy_session_01
29.96,0.05151905805090344,happy,subject_02,subject_02_happy_session_01
29.964,0.03889799882213726,happy,subject_02,subject_02_happy_session_01
29.968,0.011531352585632471,happy,subject_02,subject_02_happy_session_01
29.972,0.030507137047561556,happy,subject_02,subject_02_happy_session_01
29.976,0.06555999807585172,happy,subject_02,subject_02_happy_session_01
29.98,0.031064894931812553,happy,subject_02,subject_02_happy_session_01
29.984,0.12015575096603098,happy,subject_02,subject_02_happy_session_01
29.988,0.10243701523811932,happy,subject_02,subject_02_happy_session_01
29.992,0.05876749476989952,happy,subject_02,subject_02_happy_session_01
29.996,0.05139624784968684,happy,subject_02,subject_02_happy_session_01
