timestamp,sensor,emotion,subject_id,session_id
0.0,-0.016074192987649616,sad,subject_02,subject_02_sad_session_01
0.004,0.004191506018338867,sad,subject_02,subject_02_sad_session_01
0.008,0.0028795455102074655,sad,subject_02,subject_02_sad_session_01
0.012,-0.030815256493652528,sad,subject_02,subject_02_sad_session_01
0.016,0.01883952328608081,sad,subject_02,subject_02_sad_session_01
0.02,0.035676390910366375,sad,subject_02,subject_02_sad_session_01
0.024,0.026995696310639784,sad,subject_02,subject_02_sad_session_01
0.028,0.010837333654509947,sad,subject_02,subject_02_sad_session_01
0.032,-0.011896693761435546,sad,subject_02,subject_02_sad_session_01
0.036,0.005694395041035291,sad,subject_02,subject_02_sad_session_01
0.04,-0.0018803172143063945,sad,subject_02,subject_02_sad_session_01
0.044,0.0060465181015769125,sad,subject_02,subject_02_sad_session_01
0.048,0.03068613107667869,sad,subject_02,subject_02_sad_session_01
0.052,-0.00034499036453806455,sad,subject_02,subject_02_sad_session_01
0.056,-0.051886774256666914,sad,subject_02,subject_02_sad_session_01
0.06,0.02760076008412471,sad,subject_02,subject_02_sad_session_01
0.064,0.015966050162414834,sad,subject_02,subject_02_sad_session_01
0.068,0.009049603582702234,sad,subject_02,subject_02_sad_session_01
0.072,-0.030095375509790342,sad,subject_02,subject_02_sad_session_01
0.076,-0.019151782207318314,sad,subject_02,subject_02_sad_session_01
0.08,-0.014845070689073567,sad,subject_02,subject_02_sad_session_01
0.084,-0.009957773045471054,sad,subject_02,subject_02_sad_session_01
0.088,-0.006052569301552752,sad,subject_02,subject_02_sad_session_01
0.092,-0.02551772559048846,sad,subject_02,subject_02_sad_session_01
0.096,0.07597729825673476,sad,subject_02,subject_02_sad_session_01
0.1,0.05822161014428193,sad,subject_02,subject_02_sad_session_01
0.104,0.02346802828841037,sad,subject_02,subject_02_sad_session_01
0.108,0.01642552241784287,sad,subject_02,subject_02_sad_session_01
0.112,0.07482361309684468,sad,subject_02,subject_02_sad_session_01
0.116,0.07166220202560941,sad,subject_02,subject_02_sad_session_01
0.12,0.004016342012206832,sad,subject_02,subject_02_sad_session_01
0.124,0.037259432555636074,sad,subject_02,subject_02_sad_session_01
0.128,0.02832289346872379,sad,subject_02,subject_02_sad_session_01
0.132,0.030021980801558414,sad,subject_02,subject_02_sad_session_01
0.136,0.03776854680097008,sad,subject_02,subject_02_sad_session_01
0.14,0.04508549440162995,sad,subject_02,subject_02_sad_session_01
0.144,0.059151885838548315,sad,subject_02,subject_02_sad_session_01
0.148,0.06469473663451306,sad,subject_02,subject_02_sad_session_01
0.152,0.1068558014294212,sad,subject_02,subject_02_sad_session_01
0.156,0.04507197724840732,sad,subject_02,subject_02_sad_session_01
0.16,0.10383213002437865,sad,subject_02,subject_02_sad_session_01
0.164,0.04800768184509449,sad,subject_02,subject_02_sad_session_01
0.168,0.09258985191551994,sad,subject_02,subject_02_sad_session_01
0.172,0.12170792848438602,sad,subject_02,subject_02_sad_session_01
0.176,0.11200229587637137,sad,subject_02,subject_02_sad_session_01
0.18,0.08947409741407518,sad,subject_02,subject_02_sad_session_01
0.184,0.11096910750178285,sad,subject_02,subject_02_sad_session_01
0.188,0.15480668126098426,sad,subject_02,subject_02_sad_session_01
0.192,0.08959243088881713,sad,subject_02,subject_02_sad_session_01
0.196,0.1256933893709698,sad,subject_02,subject_02_sad_session_01
0.2,0.13822314760694707,sad,subject_02,subject_02_sad_session_01
0.204,0.09741460844515192,sad,subject_02,subject_02_sad_session_01
0.208,0.16012165166851466,sad,subject_02,subject_02_sad_session_01
0.212,0.16851038946695696,sad,subject_02,subject_02_sad_session_01
0.216,0.13668021424697419,sad,subject_02,subject_02_sad_session_01
0.22,0.13364237575250976,sad,subject_02,subject_02_sad_session_01
0.224,0.04522119442869461,sad,subject_02,subject_02_sad_session_01
0.228,0.0532888564788857,sad,subject_02,subject_02_sad_session_01
0.232,0.0858184980352055,sad,subject_02,subject_02_sad_session_01
0.236,0.0637508528036719,sad,subject_02,subject_02_sad_session_01
0.24,0.09718429006371349,sad,subject_02,subject_02_sad_session_01
0.244,-0.01219973844506067,sad,subject_02,subject_02_sad_session_01
0.248,0.08659161715960678,sad,subject_02,subject_02_sad_session_01
0.252,0.05758711038474448,sad,subject_02,subject_02_sad_session_01
0.256,0.04158997527772312,sad,subject_02,subject_02_sad_session_01
0.26,0.11022480961521337,sad,subject_02,subject_02_sad_session_01
0.264,0.03921931324210423,sad,subject_02,subject_02_sad_session_01
0.268,-0.0043146518621828,sad,subject_02,subject_02_sad_session_01
0.272,0.05394649061247117,sad,subject_02,subject_02_sad_session_01
0.276,0.04809376242744291,sad,subject_02,subject_02_sad_session_01
0.28,0.02815192612470765,sad,subject_02,subject_02_sad_session_01
0.284,0.10100087177966778,sad,subject_02,subject_02_sad_session_01
0.288,0.03420015118862155,sad,subject_02,subject_02_sad_session_01
0.292,0.0561051344813825,sad,subject_02,subject_02_sad_session_01
0.296,0.033428046533372786,sad,subject_02,subject_02_sad_session_01
0.3,0.06021570579635651,sad,subject_02,subject_02_sad_session_01
0.304,0.010798597769200745,sad,subject_02,subject_02_sad_session_01
0.308,-0.012313793335099334,sad,subject_02,subject_02_sad_session_01
0.312,0.04163559085991082,sad,subject_02,subject_02_sad_session_01
0.316,0.02689723324273941,sad,subject_02,subject_02_sad_session_01
0.32,0.041171501941579466,sad,subject_02,subject_02_sad_session_01
0.324,-0.0017250795175487582,sad,subject_02,subject_02_sad_session_01
0.328,0.03055647520025536,sad,subject_02,subject_02_sad_session_01
0.332,-0.032685825188872135,sad,subject_02,subject_02_sad_session_01
0.336,-0.0011266829638652033,sad,subject_02,subject_02_sad_session_01
0.34,-0.01120797472082599,sad,subject_02,subject_02_sad_session_01
0.344,0.01966634162461495,sad,subject_02,subject_02_sad_session_01
0.348,-0.016105277844584542,sad,subject_02,subject_02_sad_session_01
0.352,-0.047978545619436506,sad,subject_02,subject_02_sad_session_01
0.356,-0.02325036298753645,sad,subject_02,subject_02_sad_session_01
0.36,0.02461700881098438,sad,subject_02,subject_02_sad_session_01
0.364,0.04238965348347764,sad,subject_02,subject_02_sad_session_01
0.368,0.07141201029638114,sad,subject_02,subject_02_sad_session_01
0.372,0.19842629987365043,sad,subject_02,subject_02_sad_session_01
0.376,0.3200048375434928,sad,subject_02,subject_02_sad_session_01
0.38,0.4126533740140025,sad,subject_02,subject_02_sad_session_01
0.384,0.430752802708167,sad,subject_02,subject_02_sad_session_01
0.388,0.612454287609938,sad,subject_02,subject_02_sad_session_01
0.392,0.6858774454555949,sad,subject_02,subject_02_sad_session_01
0.396,0.683396382626861,sad,subject_02,subject_02_sad_session_01
0.4,0.7226189694427532,sad,subject_02,subject_02_sad_session_01
0.404,0.7617968213324867,sad,subject_02,subject_02_sad_session_01
0.408,0.6814194550565252,sad,subject_02,subject_02_sad_session_01
0.412,0.5843627698272236,sad,subject_02,subject_02_sad_session_01
0.416,0.4468335869896694,sad,subject_02,subject_02_sad_session_01
0.42,0.37392500512736043,sad,subject_02,subject_02_sad_session_01
0.424,0.1832804304722575,sad,subject_02,subject_02_sad_session_01
0.428,0.08733573214053102,sad,subject_02,subject_02_sad_session_01
0.432,0.021722665741675074,sad,subject_02,subject_02_sad_session_01
0.436,-0.06967310161961508,sad,subject_02,subject_02_sad_session_01
0.44,-0.07858560289322646,sad,subject_02,subject_02_sad_session_01
0.444,-0.02626835586688553,sad,subject_02,subject_02_sad_session_01
0.448,-0.07422305265843959,sad,subject_02,subject_02_sad_session_01
0.452,-0.008460134754800619,sad,subject_02,subject_02_sad_session_01
0.456,0.005890687037170902,sad,subject_02,subject_02_sad_session_01
0.46,-0.0015965718188968685,sad,subject_02,subject_02_sad_session_01
0.464,-0.026226435665179477,sad,subject_02,subject_02_sad_session_01
0.468,0.027393286298356256,sad,subject_02,subject_02_sad_session_01
0.472,-0.03160151659832036,sad,subject_02,subject_02_sad_session_01
0.476,0.020183133066455552,sad,subject_02,subject_02_sad_session_01
0.48,0.04662492861443865,sad,subject_02,subject_02_sad_session_01
0.484,0.06822498475761829,sad,subject_02,subject_02_sad_session_01
0.488,0.04027634022278935,sad,subject_02,subject_02_sad_session_01
0.492,0.029337856741351927,sad,subject_02,subject_02_sad_session_01
0.496,0.02982725263953219,sad,subject_02,subject_02_sad_session_01
0.5,0.039490267545442714,sad,subject_02,subject_02_sad_session_01
0.504,0.07553147326292022,sad,subject_02,subject_02_sad_session_01
0.508,0.07078245369567965,sad,subject_02,subject_02_sad_session_01
0.512,0.06329861016167666,sad,subject_02,subject_02_sad_session_01
0.516,0.08674773530301778,sad,subject_02,subject_02_sad_session_01
0.52,0.07195729451373625,sad,subject_02,subject_02_sad_session_01
0.524,0.03619496729391579,sad,subject_02,subject_02_sad_session_01
0.528,0.047429243364545695,sad,subject_02,subject_02_sad_session_01
0.532,0.10348125045239656,sad,subject_02,subject_02_sad_session_01
0.536,0.049087939023564564,sad,subject_02,subject_02_sad_session_01
0.54,0.0839287299261925,sad,subject_02,subject_02_sad_session_01
0.544,0.09714502714322529,sad,subject_02,subject_02_sad_session_01
0.548,0.0749267011717007,sad,subject_02,subject_02_sad_session_01
0.552,0.06138210251909224,sad,subject_02,subject_02_sad_session_01
0.556,0.08176782939935842,sad,subject_02,subject_02_sad_session_01
0.56,0.06840400859144141,sad,subject_02,subject_02_sad_session_01
0.564,0.1467948750854951,sad,subject_02,subject_02_sad_session_01
0.568,0.14616004759884274,sad,subject_02,subject_02_sad_session_01
0.572,0.11724991157550697,sad,subject_02,subject_02_sad_session_01
0.576,0.10480561575885912,sad,subject_02,subject_02_sad_session_01
0.58,0.18655734248279904,sad,subject_02,subject_02_sad_session_01
0.584,0.1704453347616831,sad,subject_02,subject_02_sad_session_01
0.588,0.1441627198198734,sad,subject_02,subject_02_sad_session_01
0.592,0.2038268073542043,sad,subject_02,subject_02_sad_session_01
0.596,0.1775886637843201,sad,subject_02,subject_02_sad_session_01
0.6,0.18804423565851303,sad,subject_02,subject_02_sad_session_01
0.604,0.15205200963624513,sad,subject_02,subject_02_sad_session_01
0.608,0.14236465780148067,sad,subject_02,subject_02_sad_session_01
0.612,0.1449936469242566,sad,subject_02,subject_02_sad_session_01
0.616,0.2585055321492406,sad,subject_02,subject_02_sad_session_01
0.62,0.17475444121741976,sad,subject_02,subject_02_sad_session_01
0.624,0.20472767820273088,sad,subject_02,subject_02_sad_session_01
0.628,0.21935326677800224,sad,subject_02,subject_02_sad_session_01
0.632,0.2073146174068073,sad,subject_02,subject_02_sad_session_01
0.636,0.2052515982238569,sad,subject_02,subject_02_sad_session_01
0.64,0.20607423277319606,sad,subject_02,subject_02_sad_session_01
0.644,0.226802119675289,sad,subject_02,subject_02_sad_session_01
0.648,0.18177715870452715,sad,subject_02,subject_02_sad_session_01
0.652,0.19985362538225096,sad,subject_02,subject_02_sad_session_01
0.656,0.14358708474530182,sad,subject_02,subject_02_sad_session_01
0.66,0.15597172136651197,sad,subject_02,subject_02_sad_session_01
0.664,0.1716270032154119,sad,subject_02,subject_02_sad_session_01
0.668,0.23443799571367585,sad,subject_02,subject_02_sad_session_01
0.672,0.19846696425587335,sad,subject_02,subject_02_sad_session_01
0.676,0.22497469390864822,sad,subject_02,subject_02_sad_session_01
0.68,0.21260498192447663,sad,subject_02,subject_02_sad_session_01
0.684,0.20549092508087632,sad,subject_02,subject_02_sad_session_01
0.688,0.16564327107120305,sad,subject_02,subject_02_sad_session_01
0.692,0.19216669424118585,sad,subject_02,subject_02_sad_session_01
0.696,0.19320889274668412,sad,subject_02,subject_02_sad_session_01
0.7,0.24698386091528393,sad,subject_02,subject_02_sad_session_01
0.704,0.1657361708223731,sad,subject_02,subject_02_sad_session_01
0.708,0.19303194940239984,sad,subject_02,subject_02_sad_session_01
0.712,0.16212579275041955,sad,subject_02,subject_02_sad_session_01
0.716,0.13941172844361774,sad,subject_02,subject_02_sad_session_01
0.72,0.18109474835632422,sad,subject_02,subject_02_sad_session_01
0.724,0.2062096205355528,sad,subject_02,subject_02_sad_session_01
0.728,0.1517303452260717,sad,subject_02,subject_02_sad_session_01
0.732,0.11777170606495937,sad,subject_02,subject_02_sad_session_01
0.736,0.14669281241534918,sad,subject_02,subject_02_sad_session_01
0.74,0.13549589271304482,sad,subject_02,subject_02_sad_session_01
0.744,0.18811821000599746,sad,subject_02,subject_02_sad_session_01
0.748,0.13848632335842473,sad,subject_02,subject_02_sad_session_01
0.752,0.08292136488991768,sad,subject_02,subject_02_sad_session_01
0.756,0.14400626304259365,sad,subject_02,subject_02_sad_session_01
0.76,0.12400874365606152,sad,subject_02,subject_02_sad_session_01
0.764,0.12395324491578286,sad,subject_02,subject_02_sad_session_01
0.768,0.10455527456664233,sad,subject_02,subject_02_sad_session_01
0.772,0.11695908469924206,sad,subject_02,subject_02_sad_session_01
0.776,0.09562330440842003,sad,subject_02,subject_02_sad_session_01
0.78,0.0706673193076838,sad,subject_02,subject_02_sad_session_01
0.784,0.07842334835590382,sad,subject_02,subject_02_sad_session_01
0.788,0.06722326330056025,sad,subject_02,subject_02_sad_session_01
0.792,0.07745632435719371,sad,subject_02,subject_02_sad_session_01
0.796,0.06631832071623317,sad,subject_02,subject_02_sad_session_01
0.8,0.05142329725040378,sad,subject_02,subject_02_sad_session_01
0.804,0.052540323414182744,sad,subject_02,subject_02_sad_session_01
0.808,0.05520601261191564,sad,subject_02,subject_02_sad_session_01
0.812,-0.0006007678286507889,sad,subject_02,subject_02_sad_session_01
0.816,0.08126802938026294,sad,subject_02,subject_02_sad_session_01
0.82,0.058855246480950904,sad,subject_02,subject_02_sad_session_01
0.824,0.028126152727065458,sad,subject_02,subject_02_sad_session_01
0.828,0.06242317642402136,sad,subject_02,subject_02_sad_session_01
0.832,0.02781521944119495,sad,subject_02,subject_02_sad_session_01
0.836,0.02633147834563191,sad,subject_02,subject_02_sad_session_01
0.84,0.051469215778881014,sad,subject_02,subject_02_sad_session_01
0.844,0.08193172936600926,sad,subject_02,subject_02_sad_session_01
0.848,0.046311954107460834,sad,subject_02,subject_02_sad_session_01
0.852,0.013653298679704946,sad,subject_02,subject_02_sad_session_01
0.856,0.02549191666381892,sad,subject_02,subject_02_sad_session_01
0.86,0.06072919546199527,sad,subject_02,subject_02_sad_session_01
0.864,0.046684577928515734,sad,subject_02,subject_02_sad_session_01
0.868,0.06271822724419573,sad,subject_02,subject_02_sad_session_01
0.872,0.04518806770078844,sad,subject_02,subject_02_sad_session_01
0.876,0.056025286090550186,sad,subject_02,subject_02_sad_session_01
0.88,0.09286556519799688,sad,subject_02,subject_02_sad_session_01
0.884,-0.008465062705310326,sad,subject_02,subject_02_sad_session_01
0.888,0.10399570275526167,sad,subject_02,subject_02_sad_session_01
0.892,0.05959589486977951,sad,subject_02,subject_02_sad_session_01
0.896,0.11000833047404363,sad,subject_02,subject_02_sad_session_01
0.9,0.0015535331558395385,sad,subject_02,subject_02_sad_session_01
0.904,0.042346547246127186,sad,subject_02,subject_02_sad_session_01
0.908,0.03550261513521232,sad,subject_02,subject_02_sad_session_01
0.912,0.05709899516059935,sad,subject_02,subject_02_sad_session_01
0.916,0.04457712703711727,sad,subject_02,subject_02_sad_session_01
0.92,0.04112583027360004,sad,subject_02,subject_02_sad_session_01
0.924,0.05368593178779571,sad,subject_02,subject_02_sad_session_01
0.928,0.027051600407010476,sad,subject_02,subject_02_sad_session_01
0.932,0.01472985953365526,sad,subject_02,subject_02_sad_session_01
0.936,0.04376066546288084,sad,subject_02,subject_02_sad_session_01
0.94,0.014595408794880027,sad,subject_02,subject_02_sad_session_01
0.944,0.026337172731615573,sad,subject_02,subject_02_sad_session_01
0.948,-0.013151052344367267,sad,subject_02,subject_02_sad_session_01
0.952,0.0317438587988669,sad,subject_02,subject_02_sad_session_01
0.956,0.0021945179009180277,sad,subject_02,subject_02_sad_session_01
0.96,0.029055506121581073,sad,subject_02,subject_02_sad_session_01
0.964,-0.0025424011923012857,sad,subject_02,subject_02_sad_session_01
0.968,0.029454233828825976,sad,subject_02,subject_02_sad_session_01
0.972,0.057022943489718855,sad,subject_02,subject_02_sad_session_01
0.976,0.012155703548382076,sad,subject_02,subject_02_sad_session_01
0.98,0.002032854404809683,sad,subject_02,subject_02_sad_session_01
0.984,0.05348296899280404,sad,subject_02,subject_02_sad_session_01
0.988,0.05743599793584804,sad,subject_02,subject_02_sad_session_01
0.992,0.04276147825754128,sad,subject_02,subject_02_sad_session_01
0.996,0.016089326243767216,sad,subject_02,subject_02_sad_session_01
1.0,0.011175314728216368,sad,subject_02,subject_02_sad_session_01
1.004,0.020139628433594715,sad,subject_02,subject_02_sad_session_01
1.008,0.028334815091147224,sad,subject_02,subject_02_sad_session_01
1.012,-0.021617821362294964,sad,subject_02,subject_02_sad_session_01
1.016,0.0006986831109999439,sad,subject_02,subject_02_sad_session_01
1.02,0.06778450743736791,sad,subject_02,subject_02_sad_session_01
1.024,0.036568610296246695,sad,subject_02,subject_02_sad_session_01
1.028,0.06727108355335167,sad,subject_02,subject_02_sad_session_01
1.032,0.06108413660739474,sad,subject_02,subject_02_sad_session_01
1.036,0.02143806634785491,sad,subject_02,subject_02_sad_session_01
1.04,0.022145803523554185,sad,subject_02,subject_02_sad_session_01
1.044,0.06038776381885127,sad,subject_02,subject_02_sad_session_01
1.048,0.05456001850095339,sad,subject_02,subject_02_sad_session_01
1.052,0.061935098742784786,sad,subject_02,subject_02_sad_session_01
1.056,0.032540846720101574,sad,subject_02,subject_02_sad_session_01
1.06,0.03800163653271994,sad,subject_02,subject_02_sad_session_01
1.064,0.027001874820925514,sad,subject_02,subject_02_sad_session_01
1.068,0.034200905838088776,sad,subject_02,subject_02_sad_session_01
1.072,0.016589630741393,sad,subject_02,subject_02_sad_session_01
1.076,0.03651326373621814,sad,subject_02,subject_02_sad_session_01
1.08,0.03582408765457199,sad,subject_02,subject_02_sad_session_01
1.084,0.029023498137238653,sad,subject_02,subject_02_sad_session_01
1.088,0.06899679126130731,sad,subject_02,subject_02_sad_session_01
1.092,0.005764730268310765,sad,subject_02,subject_02_sad_session_01
1.096,0.061349510155162185,sad,subject_02,subject_02_sad_session_01
1.1,0.027080790975344826,sad,subject_02,subject_02_sad_session_01
1.104,0.033149078723172555,sad,subject_02,subject_02_sad_session_01
1.108,0.039909695272208626,sad,subject_02,subject_02_sad_session_01
1.112,0.08140243476052093,sad,subject_02,subject_02_sad_session_01
1.116,0.004332398521216793,sad,subject_02,subject_02_sad_session_01
1.12,0.0821427788366508,sad,subject_02,subject_02_sad_session_01
1.124,0.08364575216337757,sad,subject_02,subject_02_sad_session_01
1.128,0.058490665289643,sad,subject_02,subject_02_sad_session_01
1.132,0.09841138026621192,sad,subject_02,subject_02_sad_session_01
1.136,0.0618478410994762,sad,subject_02,subject_02_sad_session_01
1.14,0.10209200859187392,sad,subject_02,subject_02_sad_session_01
1.144,0.0707986082151118,sad,subject_02,subject_02_sad_session_01
1.148,0.17442890080121679,sad,subject_02,subject_02_sad_session_01
1.152,0.14292432926763726,sad,subject_02,subject_02_sad_session_01
1.156,0.12812291222554661,sad,subject_02,subject_02_sad_session_01
1.16,0.09512279293497786,sad,subject_02,subject_02_sad_session_01
1.164,0.11789432732556623,sad,subject_02,subject_02_sad_session_01
1.168,0.12079347800158588,sad,subject_02,subject_02_sad_session_01
1.172,0.13597243914384743,sad,subject_02,subject_02_sad_session_01
1.176,0.14078304775547046,sad,subject_02,subject_02_sad_session_01
1.18,0.1348950506322356,sad,subject_02,subject_02_sad_session_01
1.184,0.1369660794863756,sad,subject_02,subject_02_sad_session_01
1.188,0.11940806462847747,sad,subject_02,subject_02_sad_session_01
1.192,0.13189224255244514,sad,subject_02,subject_02_sad_session_01
1.196,0.09896749603615959,sad,subject_02,subject_02_sad_session_01
1.2,0.0821367697272955,sad,subject_02,subject_02_sad_session_01
1.204,0.16494969229693934,sad,subject_02,subject_02_sad_session_01
1.208,0.11709306576715603,sad,subject_02,subject_02_sad_session_01
1.212,0.15361921074600499,sad,subject_02,subject_02_sad_session_01
1.216,0.08583851792315501,sad,subject_02,subject_02_sad_session_01
1.22,0.16096032598553897,sad,subject_02,subject_02_sad_session_01
1.224,0.0855871075576346,sad,subject_02,subject_02_sad_session_01
1.228,0.1122205826534109,sad,subject_02,subject_02_sad_session_01
1.232,0.07362410982568339,sad,subject_02,subject_02_sad_session_01
1.236,0.07259752191544348,sad,subject_02,subject_02_sad_session_01
1.24,0.059469200634981394,sad,subject_02,subject_02_sad_session_01
1.244,0.043718413746935095,sad,subject_02,subject_02_sad_session_01
1.248,0.08381563467743618,sad,subject_02,subject_02_sad_session_01
1.252,0.05039297401747489,sad,subject_02,subject_02_sad_session_01
1.256,0.07217317396767826,sad,subject_02,subject_02_sad_session_01
1.26,0.07132368043405081,sad,subject_02,subject_02_sad_session_01
1.264,0.08392874633186466,sad,subject_02,subject_02_sad_session_01
1.268,0.051745959581657584,sad,subject_02,subject_02_sad_session_01
1.272,-0.008302517735960115,sad,subject_02,subject_02_sad_session_01
1.276,0.0256167260116746,sad,subject_02,subject_02_sad_session_01
1.28,0.03291858525694931,sad,subject_02,subject_02_sad_session_01
1.284,0.032728138501071334,sad,subject_02,subject_02_sad_session_01
1.288,0.07079064083207856,sad,subject_02,subject_02_sad_session_01
1.292,0.06437893075306858,sad,subject_02,subject_02_sad_session_01
1.296,0.02512063595048688,sad,subject_02,subject_02_sad_session_01
1.3,0.10157790773009057,sad,subject_02,subject_02_sad_session_01
1.304,0.017260358598798254,sad,subject_02,subject_02_sad_session_01
1.308,0.01823851764894564,sad,subject_02,subject_02_sad_session_01
1.312,-0.00899916818316496,sad,subject_02,subject_02_sad_session_01
1.316,-0.027111825453048737,sad,subject_02,subject_02_sad_session_01
1.32,-0.02162097805309074,sad,subject_02,subject_02_sad_session_01
1.324,0.0375623142956747,sad,subject_02,subject_02_sad_session_01
1.328,0.02505954568385483,sad,subject_02,subject_02_sad_session_01
1.332,-0.020457772797377545,sad,subject_02,subject_02_sad_session_01
1.336,0.02659333552678111,sad,subject_02,subject_02_sad_session_01
1.34,0.08593454519022607,sad,subject_02,subject_02_sad_session_01
1.344,0.0630534058537566,sad,subject_02,subject_02_sad_session_01
1.348,0.2630346100644757,sad,subject_02,subject_02_sad_session_01
1.352,0.34563009707445486,sad,subject_02,subject_02_sad_session_01
1.356,0.4522700660621947,sad,subject_02,subject_02_sad_session_01
1.36,0.5768413514626587,sad,subject_02,subject_02_sad_session_01
1.364,0.5797161829060408,sad,subject_02,subject_02_sad_session_01
1.368,0.7108909069684269,sad,subject_02,subject_02_sad_session_01
1.372,0.798798655011465,sad,subject_02,subject_02_sad_session_01
1.376,0.7656360049990116,sad,subject_02,subject_02_sad_session_01
1.38,0.7526088292676872,sad,subject_02,subject_02_sad_session_01
1.384,0.7012605049653057,sad,subject_02,subject_02_sad_session_01
1.388,0.57717055931829,sad,subject_02,subject_02_sad_session_01
1.392,0.4283855595321252,sad,subject_02,subject_02_sad_session_01
1.396,0.32799993369547986,sad,subject_02,subject_02_sad_session_01
1.4,0.14241780948304028,sad,subject_02,subject_02_sad_session_01
1.404,0.1070225263566704,sad,subject_02,subject_02_sad_session_01
1.408,0.0397364934027389,sad,subject_02,subject_02_sad_session_01
1.412,-0.025434917479685046,sad,subject_02,subject_02_sad_session_01
1.416,-0.01642277208708627,sad,subject_02,subject_02_sad_session_01
1.42,-0.043881035772512164,sad,subject_02,subject_02_sad_session_01
1.424,-0.03583822527487394,sad,subject_02,subject_02_sad_session_01
1.428,0.0325170320600182,sad,subject_02,subject_02_sad_session_01
1.432,-0.03305089274068826,sad,subject_02,subject_02_sad_session_01
1.436,0.05278398826696066,sad,subject_02,subject_02_sad_session_01
1.44,0.06188155574274286,sad,subject_02,subject_02_sad_session_01
1.444,0.05577680406111821,sad,subject_02,subject_02_sad_session_01
1.448,0.02359004951772504,sad,subject_02,subject_02_sad_session_01
1.452,0.04968616222306593,sad,subject_02,subject_02_sad_session_01
1.456,0.01810673205609661,sad,subject_02,subject_02_sad_session_01
1.46,0.027859992998667062,sad,subject_02,subject_02_sad_session_01
1.464,0.051099564074641404,sad,subject_02,subject_02_sad_session_01
1.468,0.023170782677100463,sad,subject_02,subject_02_sad_session_01
1.472,0.04535981912271066,sad,subject_02,subject_02_sad_session_01
1.476,0.02216679432171431,sad,subject_02,subject_02_sad_session_01
1.48,0.07788119251682796,sad,subject_02,subject_02_sad_session_01
1.484,0.11061112571634302,sad,subject_02,subject_02_sad_session_01
1.488,0.13095238054183028,sad,subject_02,subject_02_sad_session_01
1.492,0.03772671978082118,sad,subject_02,subject_02_sad_session_01
1.496,0.046891625489510744,sad,subject_02,subject_02_sad_session_01
1.5,0.0752242944894769,sad,subject_02,subject_02_sad_session_01
1.504,0.10568890517392071,sad,subject_02,subject_02_sad_session_01
1.508,0.08274501173020017,sad,subject_02,subject_02_sad_session_01
1.512,0.12249927975327678,sad,subject_02,subject_02_sad_session_01
1.516,0.11439474194599664,sad,subject_02,subject_02_sad_session_01
1.52,0.05039199893517806,sad,subject_02,subject_02_sad_session_01
1.524,0.1102266280441559,sad,subject_02,subject_02_sad_session_01
1.528,0.07665196116127265,sad,subject_02,subject_02_sad_session_01
1.532,0.10222753560017643,sad,subject_02,subject_02_sad_session_01
1.536,0.11226594730769607,sad,subject_02,subject_02_sad_session_01
1.54,0.15236094449232931,sad,subject_02,subject_02_sad_session_01
1.544,0.13477061002745816,sad,subject_02,subject_02_sad_session_01
1.548,0.12720999070795433,sad,subject_02,subject_02_sad_session_01
1.552,0.20958263441067462,sad,subject_02,subject_02_sad_session_01
1.556,0.12535158449820452,sad,subject_02,subject_02_sad_session_01
1.56,0.1661667391088051,sad,subject_02,subject_02_sad_session_01
1.564,0.18280375338902743,sad,subject_02,subject_02_sad_session_01
1.568,0.17292726418506832,sad,subject_02,subject_02_sad_session_01
1.572,0.14586133172944551,sad,subject_02,subject_02_sad_session_01
1.576,0.14904827141142582,sad,subject_02,subject_02_sad_session_01
1.58,0.20060901982755056,sad,subject_02,subject_02_sad_session_01
1.584,0.21754249971719267,sad,subject_02,subject_02_sad_session_01
1.588,0.18850476556224,sad,subject_02,subject_02_sad_session_01
1.592,0.15410868685403967,sad,subject_02,subject_02_sad_session_01
1.596,0.19713951252498071,sad,subject_02,subject_02_sad_session_01
1.6,0.24509493515199135,sad,subject_02,subject_02_sad_session_01
1.604,0.17187998521245915,sad,subject_02,subject_02_sad_session_01
1.608,0.19452431441561197,sad,subject_02,subject_02_sad_session_01
1.612,0.20734431887998386,sad,subject_02,subject_02_sad_session_01
1.616,0.2393523378187533,sad,subject_02,subject_02_sad_session_01
1.62,0.19145781589373798,sad,subject_02,subject_02_sad_session_01
1.624,0.22204346818526635,sad,subject_02,subject_02_sad_session_01
1.628,0.248954251083779,sad,subject_02,subject_02_sad_session_01
1.632,0.16200766163005537,sad,subject_02,subject_02_sad_session_01
1.636,0.16590045035583498,sad,subject_02,subject_02_sad_session_01
1.64,0.20073823714030978,sad,subject_02,subject_02_sad_session_01
1.644,0.23083418969924308,sad,subject_02,subject_02_sad_session_01
1.648,0.20885213804252373,sad,subject_02,subject_02_sad_session_01
1.652,0.2279907433867556,sad,subject_02,subject_02_sad_session_01
1.656,0.14147347241806663,sad,subject_02,subject_02_sad_session_01
1.66,0.19918523778667727,sad,subject_02,subject_02_sad_session_01
1.664,0.09933281304559122,sad,subject_02,subject_02_sad_session_01
1.668,0.22015648739574067,sad,subject_02,subject_02_sad_session_01
1.672,0.21133777997452885,sad,subject_02,subject_02_sad_session_01
1.676,0.16088322151515105,sad,subject_02,subject_02_sad_session_01
1.68,0.09628787395337324,sad,subject_02,subject_02_sad_session_01
1.684,0.15395510517658947,sad,subject_02,subject_02_sad_session_01
1.688,0.18819818978761643,sad,subject_02,subject_02_sad_session_01
1.692,0.16147372505668908,sad,subject_02,subject_02_sad_session_01
1.696,0.19878174582335342,sad,subject_02,subject_02_sad_session_01
1.7,0.12860814366625986,sad,subject_02,subject_02_sad_session_01
1.704,0.1925578413558019,sad,subject_02,subject_02_sad_session_01
1.708,0.06512415656867573,sad,subject_02,subject_02_sad_session_01
1.712,0.0971786473923304,sad,subject_02,subject_02_sad_session_01
1.716,0.07530546553454899,sad,subject_02,subject_02_sad_session_01
1.72,0.130538745636856,sad,subject_02,subject_02_sad_session_01
1.724,0.06649075298815565,sad,subject_02,subject_02_sad_session_01
1.728,0.1275357716980759,sad,subject_02,subject_02_sad_session_01
1.732,0.1125551348284484,sad,subject_02,subject_02_sad_session_01
1.736,0.09215937178500655,sad,subject_02,subject_02_sad_session_01
1.74,0.07829303230140543,sad,subject_02,subject_02_sad_session_01
1.744,0.04521490498861305,sad,subject_02,subject_02_sad_session_01
1.748,0.09014168315968654,sad,subject_02,subject_02_sad_session_01
1.752,0.05231237350244651,sad,subject_02,subject_02_sad_session_01
1.756,0.08621551227703725,sad,subject_02,subject_02_sad_session_01
1.76,0.10402827553719285,sad,subject_02,subject_02_sad_session_01
1.764,0.0459432776445145,sad,subject_02,subject_02_sad_session_01
1.768,0.09116190620382839,sad,subject_02,subject_02_sad_session_01
1.772,0.053789908899362755,sad,subject_02,subject_02_sad_session_01
1.776,0.06274363425574839,sad,subject_02,subject_02_sad_session_01
1.78,0.0021296376533492603,sad,subject_02,subject_02_sad_session_01
1.784,0.018338174433097532,sad,subject_02,subject_02_sad_session_01
1.788,0.015352128944754614,sad,subject_02,subject_02_sad_session_01
1.792,0.07418254515558581,sad,subject_02,subject_02_sad_session_01
1.796,0.020976371512623257,sad,subject_02,subject_02_sad_session_01
1.8,0.04822704155246213,sad,subject_02,subject_02_sad_session_01
1.804,0.025128085277644,sad,subject_02,subject_02_sad_session_01
1.808,0.014886275648286974,sad,subject_02,subject_02_sad_session_01
1.812,-0.02023957311362702,sad,subject_02,subject_02_sad_session_01
1.816,-0.034885940831517914,sad,subject_02,subject_02_sad_session_01
1.82,0.010817344482478276,sad,subject_02,subject_02_sad_session_01
1.824,0.01127462857768517,sad,subject_02,subject_02_sad_session_01
1.828,-0.007853137769119398,sad,subject_02,subject_02_sad_session_01
1.832,0.021783961903639758,sad,subject_02,subject_02_sad_session_01
1.836,0.07535525201482067,sad,subject_02,subject_02_sad_session_01
1.84,0.06033290329133589,sad,subject_02,subject_02_sad_session_01
1.844,0.01421906500306999,sad,subject_02,subject_02_sad_session_01
1.848,0.014510050009419621,sad,subject_02,subject_02_sad_session_01
1.852,0.03129166278797757,sad,subject_02,subject_02_sad_session_01
1.856,0.018830855308464105,sad,subject_02,subject_02_sad_session_01
1.86,0.03014177154900713,sad,subject_02,subject_02_sad_session_01
1.864,0.018580615539829662,sad,subject_02,subject_02_sad_session_01
1.868,0.012644628210490219,sad,subject_02,subject_02_sad_session_01
1.872,-0.010186123048657614,sad,subject_02,subject_02_sad_session_01
1.876,0.019445890493143478,sad,subject_02,subject_02_sad_session_01
1.88,-0.0596704709016146,sad,subject_02,subject_02_sad_session_01
1.884,0.015777898998639853,sad,subject_02,subject_02_sad_session_01
1.888,-0.05451257742258062,sad,subject_02,subject_02_sad_session_01
1.892,0.015154495186848844,sad,subject_02,subject_02_sad_session_01
1.896,-0.022469569043818496,sad,subject_02,subject_02_sad_session_01
1.9,0.044949151394229725,sad,subject_02,subject_02_sad_session_01
1.904,0.009025221781316555,sad,subject_02,subject_02_sad_session_01
1.908,0.006142757087715812,sad,subject_02,subject_02_sad_session_01
1.912,0.018022822730141493,sad,subject_02,subject_02_sad_session_01
1.916,-0.020309092601339042,sad,subject_02,subject_02_sad_session_01
1.92,0.03904253089675987,sad,subject_02,subject_02_sad_session_01
1.924,0.025970550467633143,sad,subject_02,subject_02_sad_session_01
1.928,-0.011573629668725289,sad,subject_02,subject_02_sad_session_01
1.932,-0.027017985355939935,sad,subject_02,subject_02_sad_session_01
1.936,-0.008097171415437289,sad,subject_02,subject_02_sad_session_01
1.94,-0.00032489031597812386,sad,subject_02,subject_02_sad_session_01
1.944,-0.029837822946289134,sad,subject_02,subject_02_sad_session_01
1.948,-0.0112001286323676,sad,subject_02,subject_02_sad_session_01
1.952,-0.015436568027958205,sad,subject_02,subject_02_sad_session_01
1.956,-0.003950359985991308,sad,subject_02,subject_02_sad_session_01
1.96,-0.0039012066239012123,sad,subject_02,subject_02_sad_session_01
1.964,0.016382099687629485,sad,subject_02,subject_02_sad_session_01
1.968,0.002492535834833989,sad,subject_02,subject_02_sad_session_01
1.972,0.013437607230202476,sad,subject_02,subject_02_sad_session_01
1.976,0.008666878944799183,sad,subject_02,subject_02_sad_session_01
1.98,-0.00481315255726406,sad,subject_02,subject_02_sad_session_01
1.984,0.021387697608680784,sad,subject_02,subject_02_sad_session_01
1.988,-0.08159064113249273,sad,subject_02,subject_02_sad_session_01
1.992,-0.01016526522042928,sad,subject_02,subject_02_sad_session_01
1.996,-0.016633072391516634,sad,subject_02,subject_02_sad_session_01
2.0,0.003981284254664153,sad,subject_02,subject_02_sad_session_01
2.004,-0.018684685656374267,sad,subject_02,subject_02_sad_session_01
2.008,0.016797699556423355,sad,subject_02,subject_02_sad_session_01
2.012,0.02212597153076534,sad,subject_02,subject_02_sad_session_01
2.016,-0.041057152065638175,sad,subject_02,subject_02_sad_session_01
2.02,0.007340148415573017,sad,subject_02,subject_02_sad_session_01
2.024,-0.037528159563285673,sad,subject_02,subject_02_sad_session_01
2.028,0.015661353387971564,sad,subject_02,subject_02_sad_session_01
2.032,-0.01222268298914468,sad,subject_02,subject_02_sad_session_01
2.036,-0.0216994371859193,sad,subject_02,subject_02_sad_session_01
2.04,-0.04805755965795431,sad,subject_02,subject_02_sad_session_01
2.044,0.0015198725722496012,sad,subject_02,subject_02_sad_session_01
2.048,-0.029198479038239748,sad,subject_02,subject_02_sad_session_01
2.052,-0.03745589145943042,sad,subject_02,subject_02_sad_session_01
2.056,0.01441674263379648,sad,subject_02,subject_02_sad_session_01
2.06,0.04000422263994764,sad,subject_02,subject_02_sad_session_01
2.064,0.025172336719937467,sad,subject_02,subject_02_sad_session_01
2.068,-0.02684178806634431,sad,subject_02,subject_02_sad_session_01
2.072,0.015082652857448295,sad,subject_02,subject_02_sad_session_01
2.076,0.04305341838641549,sad,subject_02,subject_02_sad_session_01
2.08,0.022341995391342788,sad,subject_02,subject_02_sad_session_01
2.084,0.040328970878504254,sad,subject_02,subject_02_sad_session_01
2.088,0.021881257865368438,sad,subject_02,subject_02_sad_session_01
2.092,0.028164428794007892,sad,subject_02,subject_02_sad_session_01
2.096,0.02484527102006114,sad,subject_02,subject_02_sad_session_01
2.1,0.06808518058806647,sad,subject_02,subject_02_sad_session_01
2.104,0.07516103757157347,sad,subject_02,subject_02_sad_session_01
2.108,0.04345024341562281,sad,subject_02,subject_02_sad_session_01
2.112,0.08787396868576794,sad,subject_02,subject_02_sad_session_01
2.116,0.027374180893668214,sad,subject_02,subject_02_sad_session_01
2.12,0.06974173621344693,sad,subject_02,subject_02_sad_session_01
2.124,0.038597698123615486,sad,subject_02,subject_02_sad_session_01
2.128,0.04913167387239711,sad,subject_02,subject_02_sad_session_01
2.132,0.045457065379248235,sad,subject_02,subject_02_sad_session_01
2.136,0.06947665604991159,sad,subject_02,subject_02_sad_session_01
2.14,0.10977882975107253,sad,subject_02,subject_02_sad_session_01
2.144,0.09013811383350682,sad,subject_02,subject_02_sad_session_01
2.148,0.07550456531689204,sad,subject_02,subject_02_sad_session_01
2.152,0.08756271913019803,sad,subject_02,subject_02_sad_session_01
2.156,0.030040138898234377,sad,subject_02,subject_02_sad_session_01
2.16,0.10707956068234063,sad,subject_02,subject_02_sad_session_01
2.164,0.019965194709870987,sad,subject_02,subject_02_sad_session_01
2.168,0.06297320875702543,sad,subject_02,subject_02_sad_session_01
2.172,0.07801546029449961,sad,subject_02,subject_02_sad_session_01
2.176,0.0894144822585021,sad,subject_02,subject_02_sad_session_01
2.18,0.07844784398557433,sad,subject_02,subject_02_sad_session_01
2.184,0.06468107327769171,sad,subject_02,subject_02_sad_session_01
2.188,0.10453235869300864,sad,subject_02,subject_02_sad_session_01
2.192,0.1157449402709928,sad,subject_02,subject_02_sad_session_01
2.196,0.04994454737609229,sad,subject_02,subject_02_sad_session_01
2.2,0.041192141882506014,sad,subject_02,subject_02_sad_session_01
2.204,0.033970852376587375,sad,subject_02,subject_02_sad_session_01
2.208,0.015178990837003928,sad,subject_02,subject_02_sad_session_01
2.212,0.03975509632037692,sad,subject_02,subject_02_sad_session_01
2.216,0.06187777860833102,sad,subject_02,subject_02_sad_session_01
2.22,-0.05540929486513979,sad,subject_02,subject_02_sad_session_01
2.224,0.010106675574150206,sad,subject_02,subject_02_sad_session_01
2.228,0.056103659911776516,sad,subject_02,subject_02_sad_session_01
2.232,0.019842615926149186,sad,subject_02,subject_02_sad_session_01
2.236,0.01741117610811124,sad,subject_02,subject_02_sad_session_01
2.24,-0.045743837467162124,sad,subject_02,subject_02_sad_session_01
2.244,0.020953003609551834,sad,subject_02,subject_02_sad_session_01
2.248,0.028067288194636816,sad,subject_02,subject_02_sad_session_01
2.252,0.001970610114990364,sad,subject_02,subject_02_sad_session_01
2.256,-0.025265586417292294,sad,subject_02,subject_02_sad_session_01
2.26,0.006336929516260272,sad,subject_02,subject_02_sad_session_01
2.264,-0.03923689989094838,sad,subject_02,subject_02_sad_session_01
2.268,-0.04420047865491827,sad,subject_02,subject_02_sad_session_01
2.272,0.01407958285228076,sad,subject_02,subject_02_sad_session_01
2.276,0.02199041168552694,sad,subject_02,subject_02_sad_session_01
2.28,-0.0343009201274765,sad,subject_02,subject_02_sad_session_01
2.284,-0.04876557343092139,sad,subject_02,subject_02_sad_session_01
2.288,-0.04314139989361384,sad,subject_02,subject_02_sad_session_01
2.292,-0.015608065092172996,sad,subject_02,subject_02_sad_session_01
2.296,-0.06282595258403834,sad,subject_02,subject_02_sad_session_01
2.3,0.004167264692666234,sad,subject_02,subject_02_sad_session_01
2.304,-0.05111991935500679,sad,subject_02,subject_02_sad_session_01
2.308,-0.01952791915933774,sad,subject_02,subject_02_sad_session_01
2.312,-0.029838392880035935,sad,subject_02,subject_02_sad_session_01
2.316,0.05497556062731207,sad,subject_02,subject_02_sad_session_01
2.32,0.12688078698602098,sad,subject_02,subject_02_sad_session_01
2.324,0.14844734167180654,sad,subject_02,subject_02_sad_session_01
2.328,0.2863982347855626,sad,subject_02,subject_02_sad_session_01
2.332,0.4167899390429369,sad,subject_02,subject_02_sad_session_01
2.336,0.5159734308431739,sad,subject_02,subject_02_sad_session_01
2.34,0.6521067222078734,sad,subject_02,subject_02_sad_session_01
2.344,0.6756115911060027,sad,subject_02,subject_02_sad_session_01
2.348,0.7475133902049685,sad,subject_02,subject_02_sad_session_01
2.352,0.7334097969736749,sad,subject_02,subject_02_sad_session_01
2.356,0.668595863902972,sad,subject_02,subject_02_sad_session_01
2.36,0.6123599288752902,sad,subject_02,subject_02_sad_session_01
2.364,0.43510769384814163,sad,subject_02,subject_02_sad_session_01
2.368,0.3564401413834273,sad,subject_02,subject_02_sad_session_01
2.372,0.21048914257913054,sad,subject_02,subject_02_sad_session_01
2.376,0.11658478619702264,sad,subject_02,subject_02_sad_session_01
2.38,0.01228845649399426,sad,subject_02,subject_02_sad_session_01
2.384,-0.03879102345543325,sad,subject_02,subject_02_sad_session_01
2.388,-0.07952955711273797,sad,subject_02,subject_02_sad_session_01
2.392,-0.09030427348812206,sad,subject_02,subject_02_sad_session_01
2.396,-0.08551076903987237,sad,subject_02,subject_02_sad_session_01
2.4,-0.05930569699987556,sad,subject_02,subject_02_sad_session_01
2.404,-0.09594151760701392,sad,subject_02,subject_02_sad_session_01
2.408,-0.025397462431542145,sad,subject_02,subject_02_sad_session_01
2.412,-0.07185893363369844,sad,subject_02,subject_02_sad_session_01
2.416,-0.09998751091791941,sad,subject_02,subject_02_sad_session_01
2.42,0.050035223768862686,sad,subject_02,subject_02_sad_session_01
2.424,-0.03259919681172096,sad,subject_02,subject_02_sad_session_01
2.428,-0.01453936644350882,sad,subject_02,subject_02_sad_session_01
2.432,-0.05434572314626159,sad,subject_02,subject_02_sad_session_01
2.436,-0.009639708468542998,sad,subject_02,subject_02_sad_session_01
2.44,0.012626448498869312,sad,subject_02,subject_02_sad_session_01
2.444,0.01625204955250496,sad,subject_02,subject_02_sad_session_01
2.448,-0.024518287064100187,sad,subject_02,subject_02_sad_session_01
2.452,0.0012852247350674268,sad,subject_02,subject_02_sad_session_01
2.456,0.0287703981175728,sad,subject_02,subject_02_sad_session_01
2.46,0.028185039160333776,sad,subject_02,subject_02_sad_session_01
2.464,0.028406651561551928,sad,subject_02,subject_02_sad_session_01
2.468,0.051111606108309324,sad,subject_02,subject_02_sad_session_01
2.472,0.028976259102120202,sad,subject_02,subject_02_sad_session_01
2.476,0.07816411795835085,sad,subject_02,subject_02_sad_session_01
2.48,0.03195074736740102,sad,subject_02,subject_02_sad_session_01
2.484,0.06611929747107649,sad,subject_02,subject_02_sad_session_01
2.488,0.07190622352567828,sad,subject_02,subject_02_sad_session_01
2.492,0.005715320227210469,sad,subject_02,subject_02_sad_session_01
2.496,0.07315858739638416,sad,subject_02,subject_02_sad_session_01
2.5,0.045906879139182066,sad,subject_02,subject_02_sad_session_01
2.504,0.04014480912645395,sad,subject_02,subject_02_sad_session_01
2.508,0.0630759015166152,sad,subject_02,subject_02_sad_session_01
2.512,0.08613438796630281,sad,subject_02,subject_02_sad_session_01
2.516,0.039864033883270616,sad,subject_02,subject_02_sad_session_01
2.52,0.093170692662845,sad,subject_02,subject_02_sad_session_01
2.524,0.09138829284946574,sad,subject_02,subject_02_sad_session_01
2.528,0.13458136330463794,sad,subject_02,subject_02_sad_session_01
2.532,0.08988883205662433,sad,subject_02,subject_02_sad_session_01
2.536,0.14995615554274777,sad,subject_02,subject_02_sad_session_01
2.54,0.13110729476683827,sad,subject_02,subject_02_sad_session_01
2.544,0.12358362730371164,sad,subject_02,subject_02_sad_session_01
2.548,0.16769417522719465,sad,subject_02,subject_02_sad_session_01
2.552,0.19183523741948066,sad,subject_02,subject_02_sad_session_01
2.556,0.13226533690980885,sad,subject_02,subject_02_sad_session_01
2.56,0.12051902514696478,sad,subject_02,subject_02_sad_session_01
2.564,0.1594192729129632,sad,subject_02,subject_02_sad_session_01
2.568,0.10734772096588596,sad,subject_02,subject_02_sad_session_01
2.572,0.11413224314200539,sad,subject_02,subject_02_sad_session_01
2.576,0.19510598571408752,sad,subject_02,subject_02_sad_session_01
2.58,0.17538391993355446,sad,subject_02,subject_02_sad_session_01
2.584,0.13438514942541602,sad,subject_02,subject_02_sad_session_01
2.588,0.25564262679505656,sad,subject_02,subject_02_sad_session_01
2.592,0.1211354139938748,sad,subject_02,subject_02_sad_session_01
2.596,0.18173823954891652,sad,subject_02,subject_02_sad_session_01
2.6,0.13933264543064242,sad,subject_02,subject_02_sad_session_01
2.604,0.21627330327683583,sad,subject_02,subject_02_sad_session_01
2.608,0.1460615081739297,sad,subject_02,subject_02_sad_session_01
2.612,0.15213927207145483,sad,subject_02,subject_02_sad_session_01
2.616,0.10465235923220487,sad,subject_02,subject_02_sad_session_01
2.62,0.21919324223739683,sad,subject_02,subject_02_sad_session_01
2.624,0.13555095377438053,sad,subject_02,subject_02_sad_session_01
2.628,0.16546588255655906,sad,subject_02,subject_02_sad_session_01
2.632,0.14778906953244586,sad,subject_02,subject_02_sad_session_01
2.636,0.1273305911257537,sad,subject_02,subject_02_sad_session_01
2.64,0.07293616991066491,sad,subject_02,subject_02_sad_session_01
2.644,0.12850402099281125,sad,subject_02,subject_02_sad_session_01
2.648,0.12251144090906486,sad,subject_02,subject_02_sad_session_01
2.652,0.1352871387754696,sad,subject_02,subject_02_sad_session_01
2.656,0.18493504048343376,sad,subject_02,subject_02_sad_session_01
2.66,0.13456948284203796,sad,subject_02,subject_02_sad_session_01
2.664,0.13554333470150168,sad,subject_02,subject_02_sad_session_01
2.668,0.0949864740465747,sad,subject_02,subject_02_sad_session_01
2.672,0.059050685006293485,sad,subject_02,subject_02_sad_session_01
2.676,0.0843225399510957,sad,subject_02,subject_02_sad_session_01
2.68,0.06489194938364905,sad,subject_02,subject_02_sad_session_01
2.684,0.07965395287920841,sad,subject_02,subject_02_sad_session_01
2.688,0.06059157268404872,sad,subject_02,subject_02_sad_session_01
2.692,0.019403171836480958,sad,subject_02,subject_02_sad_session_01
2.696,0.10214178719155531,sad,subject_02,subject_02_sad_session_01
2.7,0.05441040264302757,sad,subject_02,subject_02_sad_session_01
2.704,0.0433578267169463,sad,subject_02,subject_02_sad_session_01
2.708,0.01488178061416591,sad,subject_02,subject_02_sad_session_01
2.712,0.028686597000276787,sad,subject_02,subject_02_sad_session_01
2.716,0.01214376801126128,sad,subject_02,subject_02_sad_session_01
2.72,-0.0024998988001790415,sad,subject_02,subject_02_sad_session_01
2.724,0.033670182709935895,sad,subject_02,subject_02_sad_session_01
2.728,0.010391834664163215,sad,subject_02,subject_02_sad_session_01
2.732,0.04278715524033619,sad,subject_02,subject_02_sad_session_01
2.736,0.005599108399373673,sad,subject_02,subject_02_sad_session_01
2.74,0.016144126741960363,sad,subject_02,subject_02_sad_session_01
2.744,0.011789675897930642,sad,subject_02,subject_02_sad_session_01
2.748,0.017454653999225703,sad,subject_02,subject_02_sad_session_01
2.752,-0.02240948602115108,sad,subject_02,subject_02_sad_session_01
2.756,0.02691568598815586,sad,subject_02,subject_02_sad_session_01
2.76,-0.03814436012486709,sad,subject_02,subject_02_sad_session_01
2.764,-0.003966719821255441,sad,subject_02,subject_02_sad_session_01
2.768,-0.043699160363981505,sad,subject_02,subject_02_sad_session_01
2.772,-0.0133082155408452,sad,subject_02,subject_02_sad_session_01
2.776,0.015072578866854218,sad,subject_02,subject_02_sad_session_01
2.78,0.003205812973294678,sad,subject_02,subject_02_sad_session_01
2.784,0.016644069736432184,sad,subject_02,subject_02_sad_session_01
2.788,-0.025720329059666917,sad,subject_02,subject_02_sad_session_01
2.792,0.009267566660020134,sad,subject_02,subject_02_sad_session_01
2.796,-0.04001797095665685,sad,subject_02,subject_02_sad_session_01
2.8,-0.034138577430744534,sad,subject_02,subject_02_sad_session_01
2.804,-0.017509705644185816,sad,subject_02,subject_02_sad_session_01
2.808,0.0031640831548992894,sad,subject_02,subject_02_sad_session_01
2.812,-0.039588982640971715,sad,subject_02,subject_02_sad_session_01
2.816,-0.0030626130817107966,sad,subject_02,subject_02_sad_session_01
2.82,-0.01765157693854536,sad,subject_02,subject_02_sad_session_01
2.824,-0.015080571459519467,sad,subject_02,subject_02_sad_session_01
2.828,-0.05136135566881503,sad,subject_02,subject_02_sad_session_01
2.832,-0.03774111626586646,sad,subject_02,subject_02_sad_session_01
2.836,-0.029433744421329008,sad,subject_02,subject_02_sad_session_01
2.84,-0.016877410779393233,sad,subject_02,subject_02_sad_session_01
2.844,-0.05155986481233122,sad,subject_02,subject_02_sad_session_01
2.848,-0.06639402863102706,sad,subject_02,subject_02_sad_session_01
2.852,-0.09188113059185729,sad,subject_02,subject_02_sad_session_01
2.856,-0.005756904334982996,sad,subject_02,subject_02_sad_session_01
2.86,-1.4952571010602017e-05,sad,subject_02,subject_02_sad_session_01
2.864,-0.08881084392020369,sad,subject_02,subject_02_sad_session_01
2.868,-0.02641190571327076,sad,subject_02,subject_02_sad_session_01
2.872,-0.0401392671000132,sad,subject_02,subject_02_sad_session_01
2.876,0.007558731896358001,sad,subject_02,subject_02_sad_session_01
2.88,-0.03537272513530967,sad,subject_02,subject_02_sad_session_01
2.884,-0.012799504602963276,sad,subject_02,subject_02_sad_session_01
2.888,-0.04201095223585751,sad,subject_02,subject_02_sad_session_01
2.892,-0.049945983341641936,sad,subject_02,subject_02_sad_session_01
2.896,-0.006386877300134413,sad,subject_02,subject_02_sad_session_01
2.9,0.0028835398677824337,sad,subject_02,subject_02_sad_session_01
2.904,-0.06759149893037811,sad,subject_02,subject_02_sad_session_01
2.908,0.004698304212776755,sad,subject_02,subject_02_sad_session_01
2.912,-0.058864467510488516,sad,subject_02,subject_02_sad_session_01
2.916,-0.09962349285044132,sad,subject_02,subject_02_sad_session_01
2.92,-0.029373818707025802,sad,subject_02,subject_02_sad_session_01
2.924,-0.014515946358864046,sad,subject_02,subject_02_sad_session_01
2.928,-0.07523181716243746,sad,subject_02,subject_02_sad_session_01
2.932,-0.08926781973607714,sad,subject_02,subject_02_sad_session_01
2.936,-0.04464956722341623,sad,subject_02,subject_02_sad_session_01
2.94,-0.04867928203927036,sad,subject_02,subject_02_sad_session_01
2.944,0.011254437936250503,sad,subject_02,subject_02_sad_session_01
2.948,-0.029477103662744118,sad,subject_02,subject_02_sad_session_01
2.952,-0.007802298370510604,sad,subject_02,subject_02_sad_session_01
2.956,-0.023537936821027235,sad,subject_02,subject_02_sad_session_01
2.96,0.01725313398594498,sad,subject_02,subject_02_sad_session_01
2.964,-0.0565237802633088,sad,subject_02,subject_02_sad_session_01
2.968,-0.032358986720808294,sad,subject_02,subject_02_sad_session_01
2.972,-0.07671776751293422,sad,subject_02,subject_02_sad_session_01
2.976,-0.005200950496595018,sad,subject_02,subject_02_sad_session_01
2.98,0.004016028656615038,sad,subject_02,subject_02_sad_session_01
2.984,-0.0030393727702315264,sad,subject_02,subject_02_sad_session_01
2.988,-0.032726549469060354,sad,subject_02,subject_02_sad_session_01
2.992,-0.07336612335891789,sad,subject_02,subject_02_sad_session_01
2.996,-0.03089091326559233,sad,subject_02,subject_02_sad_session_01
3.0,-0.04814885882213188,sad,subject_02,subject_02_sad_session_01
3.004,0.0004597769867228513,sad,subject_02,subject_02_sad_session_01
3.008,-0.03928685717242621,sad,subject_02,subject_02_sad_session_01
3.012,-0.03903342266232906,sad,subject_02,subject_02_sad_session_01
3.016,0.04070543571927067,sad,subject_02,subject_02_sad_session_01
3.02,0.0007524892757134714,sad,subject_02,subject_02_sad_session_01
3.024,0.0105734347329124,sad,subject_02,subject_02_sad_session_01
3.028,-0.03528374401897161,sad,subject_02,subject_02_sad_session_01
3.032,-0.05086080423900654,sad,subject_02,subject_02_sad_session_01
3.036,0.016533684598872604,sad,subject_02,subject_02_sad_session_01
3.04,0.03200122594015023,sad,subject_02,subject_02_sad_session_01
3.044,-0.048305152263004685,sad,subject_02,subject_02_sad_session_01
3.048,-0.021832041522230613,sad,subject_02,subject_02_sad_session_01
3.052,-0.029979547505102237,sad,subject_02,subject_02_sad_session_01
3.056,0.015990790617507883,sad,subject_02,subject_02_sad_session_01
3.06,0.03856551838746086,sad,subject_02,subject_02_sad_session_01
3.064,-0.0003490313493872115,sad,subject_02,subject_02_sad_session_01
3.068,0.004547342534375887,sad,subject_02,subject_02_sad_session_01
3.072,-0.03782871196961575,sad,subject_02,subject_02_sad_session_01
3.076,-0.002419464133500738,sad,subject_02,subject_02_sad_session_01
3.08,0.07683257753887648,sad,subject_02,subject_02_sad_session_01
3.084,0.05178741828880694,sad,subject_02,subject_02_sad_session_01
3.088,0.07009045209984796,sad,subject_02,subject_02_sad_session_01
3.092,0.03644669190603833,sad,subject_02,subject_02_sad_session_01
3.096,0.04401859414529803,sad,subject_02,subject_02_sad_session_01
3.1,0.057191287730912865,sad,subject_02,subject_02_sad_session_01
3.104,0.07030384515837401,sad,subject_02,subject_02_sad_session_01
3.108,0.10523871563353843,sad,subject_02,subject_02_sad_session_01
3.112,0.04651778882185431,sad,subject_02,subject_02_sad_session_01
3.116,0.06460104540757344,sad,subject_02,subject_02_sad_session_01
3.12,0.046243195244136254,sad,subject_02,subject_02_sad_session_01
3.124,0.011517064578623684,sad,subject_02,subject_02_sad_session_01
3.128,0.09790017309660945,sad,subject_02,subject_02_sad_session_01
3.132,0.12167341317734016,sad,subject_02,subject_02_sad_session_01
3.136,0.09041286043925278,sad,subject_02,subject_02_sad_session_01
3.14,0.07184508127348642,sad,subject_02,subject_02_sad_session_01
3.144,0.11737353945567636,sad,subject_02,subject_02_sad_session_01
3.148,0.07178921450305398,sad,subject_02,subject_02_sad_session_01
3.152,0.07785905965246458,sad,subject_02,subject_02_sad_session_01
3.156,0.05335119381345017,sad,subject_02,subject_02_sad_session_01
3.16,0.05296517904047755,sad,subject_02,subject_02_sad_session_01
3.164,0.034981155118065994,sad,subject_02,subject_02_sad_session_01
3.168,0.05864093135492782,sad,subject_02,subject_02_sad_session_01
3.172,-0.004412191219857486,sad,subject_02,subject_02_sad_session_01
3.176,0.03561971918619587,sad,subject_02,subject_02_sad_session_01
3.18,-0.007705677010056415,sad,subject_02,subject_02_sad_session_01
3.184,0.028218523569077367,sad,subject_02,subject_02_sad_session_01
3.188,0.0800309220360317,sad,subject_02,subject_02_sad_session_01
3.192,0.024777068938195403,sad,subject_02,subject_02_sad_session_01
3.196,0.034894824997082845,sad,subject_02,subject_02_sad_session_01
3.2,0.022988497840739107,sad,subject_02,subject_02_sad_session_01
3.204,-0.07727002504466701,sad,subject_02,subject_02_sad_session_01
3.208,-0.014506696773679583,sad,subject_02,subject_02_sad_session_01
3.212,0.00016749591194615415,sad,subject_02,subject_02_sad_session_01
3.216,-0.07831550526235445,sad,subject_02,subject_02_sad_session_01
3.22,-0.026230642183851446,sad,subject_02,subject_02_sad_session_01
3.224,-0.021865264225066412,sad,subject_02,subject_02_sad_session_01
3.228,-0.05794088980305988,sad,subject_02,subject_02_sad_session_01
3.232,-0.05134675321362516,sad,subject_02,subject_02_sad_session_01
3.236,0.01681732211054194,sad,subject_02,subject_02_sad_session_01
3.24,-0.13158896946634685,sad,subject_02,subject_02_sad_session_01
3.244,-0.01673323186090768,sad,subject_02,subject_02_sad_session_01
3.248,0.009395514333041938,sad,subject_02,subject_02_sad_session_01
3.252,-0.02702148840283237,sad,subject_02,subject_02_sad_session_01
3.256,0.015017905846733157,sad,subject_02,subject_02_sad_session_01
3.26,-0.04189607697026626,sad,subject_02,subject_02_sad_session_01
3.264,-0.05945261719288088,sad,subject_02,subject_02_sad_session_01
3.268,-0.03760840653186973,sad,subject_02,subject_02_sad_session_01
3.272,-0.055161085833130716,sad,subject_02,subject_02_sad_session_01
3.276,-0.06649407178250942,sad,subject_02,subject_02_sad_session_01
3.28,-0.055222570630098264,sad,subject_02,subject_02_sad_session_01
3.284,-0.06255975722760851,sad,subject_02,subject_02_sad_session_01
3.288,-0.03470494269717314,sad,subject_02,subject_02_sad_session_01
3.292,0.009161765940594584,sad,subject_02,subject_02_sad_session_01
3.296,0.1320430081348785,sad,subject_02,subject_02_sad_session_01
3.3,0.18728068491958696,sad,subject_02,subject_02_sad_session_01
3.304,0.2913028434806845,sad,subject_02,subject_02_sad_session_01
3.308,0.4111907550830928,sad,subject_02,subject_02_sad_session_01
3.312,0.5565293323594772,sad,subject_02,subject_02_sad_session_01
3.316,0.6580976682372857,sad,subject_02,subject_02_sad_session_01
3.32,0.7187733303111425,sad,subject_02,subject_02_sad_session_01
3.324,0.7240474524502876,sad,subject_02,subject_02_sad_session_01
3.328,0.714788636411702,sad,subject_02,subject_02_sad_session_01
3.332,0.6392473834890624,sad,subject_02,subject_02_sad_session_01
3.336,0.5638290036052699,sad,subject_02,subject_02_sad_session_01
3.34,0.4496090433374074,sad,subject_02,subject_02_sad_session_01
3.344,0.28998729835439946,sad,subject_02,subject_02_sad_session_01
3.348,0.15722683057701697,sad,subject_02,subject_02_sad_session_01
3.352,0.12156188606769339,sad,subject_02,subject_02_sad_session_01
3.356,-0.0010257883399130375,sad,subject_02,subject_02_sad_session_01
3.36,-0.031681703619500144,sad,subject_02,subject_02_sad_session_01
3.364,-0.12745733801860157,sad,subject_02,subject_02_sad_session_01
3.368,-0.11488977135877197,sad,subject_02,subject_02_sad_session_01
3.372,-0.1362113506106155,sad,subject_02,subject_02_sad_session_01
3.376,-0.05910752885936403,sad,subject_02,subject_02_sad_session_01
3.38,-0.07819804017043905,sad,subject_02,subject_02_sad_session_01
3.384,-0.05944709949356276,sad,subject_02,subject_02_sad_session_01
3.388,0.029162446408852787,sad,subject_02,subject_02_sad_session_01
3.392,-6.1280109806029215e-06,sad,subject_02,subject_02_sad_session_01
3.396,0.006115255409448052,sad,subject_02,subject_02_sad_session_01
3.4,-0.045099619353490925,sad,subject_02,subject_02_sad_session_01
3.404,-0.061425808406170145,sad,subject_02,subject_02_sad_session_01
3.408,0.026238623855860416,sad,subject_02,subject_02_sad_session_01
3.412,-0.06742243852652884,sad,subject_02,subject_02_sad_session_01
3.416,-0.012543937562546957,sad,subject_02,subject_02_sad_session_01
3.42,-0.018993507392373828,sad,subject_02,subject_02_sad_session_01
3.424,-0.01936690025476435,sad,subject_02,subject_02_sad_session_01
3.428,-0.0016121526352194607,sad,subject_02,subject_02_sad_session_01
3.432,-0.016621291263442944,sad,subject_02,subject_02_sad_session_01
3.436,-0.017787079632144348,sad,subject_02,subject_02_sad_session_01
3.44,0.030198415414821007,sad,subject_02,subject_02_sad_session_01
3.444,0.0585972722008963,sad,subject_02,subject_02_sad_session_01
3.448,-0.021211861538295032,sad,subject_02,subject_02_sad_session_01
3.452,0.041213093628938824,sad,subject_02,subject_02_sad_session_01
3.456,0.05625523864651495,sad,subject_02,subject_02_sad_session_01
3.46,0.05826201397433593,sad,subject_02,subject_02_sad_session_01
3.464,0.04326079353207272,sad,subject_02,subject_02_sad_session_01
3.468,0.03718080361600557,sad,subject_02,subject_02_sad_session_01
3.472,0.08319567775858605,sad,subject_02,subject_02_sad_session_01
3.476,0.07597506934040338,sad,subject_02,subject_02_sad_session_01
3.48,0.014679079138939781,sad,subject_02,subject_02_sad_session_01
3.484,0.07056086188369312,sad,subject_02,subject_02_sad_session_01
3.488,0.08461166553279799,sad,subject_02,subject_02_sad_session_01
3.492,0.05593422572132822,sad,subject_02,subject_02_sad_session_01
3.496,0.08725953056148808,sad,subject_02,subject_02_sad_session_01
3.5,0.1151155619345793,sad,subject_02,subject_02_sad_session_01
3.504,0.08131611526701452,sad,subject_02,subject_02_sad_session_01
3.508,0.11882194967727773,sad,subject_02,subject_02_sad_session_01
3.512,0.08774046327171472,sad,subject_02,subject_02_sad_session_01
3.516,0.08578600621337804,sad,subject_02,subject_02_sad_session_01
3.52,0.1466477450725076,sad,subject_02,subject_02_sad_session_01
3.524,0.16849496491330462,sad,subject_02,subject_02_sad_session_01
3.528,0.10262776343957963,sad,subject_02,subject_02_sad_session_01
3.532,0.17133330145404857,sad,subject_02,subject_02_sad_session_01
3.536,0.14666330666660368,sad,subject_02,subject_02_sad_session_01
3.54,0.08464185398112763,sad,subject_02,subject_02_sad_session_01
3.544,0.11164128254680174,sad,subject_02,subject_02_sad_session_01
3.548,0.1762102102157149,sad,subject_02,subject_02_sad_session_01
3.552,0.11212212224494508,sad,subject_02,subject_02_sad_session_01
3.556,0.1447480917161792,sad,subject_02,subject_02_sad_session_01
3.56,0.1628972587155209,sad,subject_02,subject_02_sad_session_01
3.564,0.18036663792145957,sad,subject_02,subject_02_sad_session_01
3.568,0.17359879353156416,sad,subject_02,subject_02_sad_session_01
3.572,0.21578425588272443,sad,subject_02,subject_02_sad_session_01
3.576,0.14445550932828571,sad,subject_02,subject_02_sad_session_01
3.58,0.17162236218125274,sad,subject_02,subject_02_sad_session_01
3.584,0.18151314693188184,sad,subject_02,subject_02_sad_session_01
3.588,0.18811997344100098,sad,subject_02,subject_02_sad_session_01
3.592,0.19664966512518844,sad,subject_02,subject_02_sad_session_01
3.596,0.15001941996046603,sad,subject_02,subject_02_sad_session_01
3.6,0.1800975064249909,sad,subject_02,subject_02_sad_session_01
3.604,0.12988986053818669,sad,subject_02,subject_02_sad_session_01
3.608,0.15206963686179764,sad,subject_02,subject_02_sad_session_01
3.612,0.16582007456550518,sad,subject_02,subject_02_sad_session_01
3.616,0.17609985231702727,sad,subject_02,subject_02_sad_session_01
3.62,0.1597019241158106,sad,subject_02,subject_02_sad_session_01
3.624,0.1408000037265284,sad,subject_02,subject_02_sad_session_01
3.628,0.13094950475606795,sad,subject_02,subject_02_sad_session_01
3.632,0.14484208226019304,sad,subject_02,subject_02_sad_session_01
3.636,0.18892496839178113,sad,subject_02,subject_02_sad_session_01
3.64,0.14361467979729517,sad,subject_02,subject_02_sad_session_01
3.644,0.12404230465303909,sad,subject_02,subject_02_sad_session_01
3.648,0.06606755531186295,sad,subject_02,subject_02_sad_session_01
3.652,0.07629606459882422,sad,subject_02,subject_02_sad_session_01
3.656,0.08638461200416607,sad,subject_02,subject_02_sad_session_01
3.66,0.11789532879603562,sad,subject_02,subject_02_sad_session_01
3.664,0.057017980090016414,sad,subject_02,subject_02_sad_session_01
3.668,0.09898430374924762,sad,subject_02,subject_02_sad_session_01
3.672,0.07797891124809388,sad,subject_02,subject_02_sad_session_01
3.676,0.07982192682288586,sad,subject_02,subject_02_sad_session_01
3.68,0.05760977734002704,sad,subject_02,subject_02_sad_session_01
3.684,0.041249712873745695,sad,subject_02,subject_02_sad_session_01
3.688,0.02515685374316631,sad,subject_02,subject_02_sad_session_01
3.692,0.06811271991113522,sad,subject_02,subject_02_sad_session_01
3.696,0.043043331985697764,sad,subject_02,subject_02_sad_session_01
3.7,0.008801619425210336,sad,subject_02,subject_02_sad_session_01
3.704,0.04379159346156492,sad,subject_02,subject_02_sad_session_01
3.708,0.13597181639237402,sad,subject_02,subject_02_sad_session_01
3.712,0.023616600005465373,sad,subject_02,subject_02_sad_session_01
3.716,0.07588138702387524,sad,subject_02,subject_02_sad_session_01
3.72,-0.05449359799181235,sad,subject_02,subject_02_sad_session_01
3.724,0.011964696499566867,sad,subject_02,subject_02_sad_session_01
3.728,0.04594052607539216,sad,subject_02,subject_02_sad_session_01
3.732,0.015181482313727514,sad,subject_02,subject_02_sad_session_01
3.736,-0.0069517387423013235,sad,subject_02,subject_02_sad_session_01
3.74,0.009335058140327984,sad,subject_02,subject_02_sad_session_01
3.744,0.037663041661415694,sad,subject_02,subject_02_sad_session_01
3.748,0.0705686322672558,sad,subject_02,subject_02_sad_session_01
3.752,0.036551715728800394,sad,subject_02,subject_02_sad_session_01
3.756,-0.012076809150936773,sad,subject_02,subject_02_sad_session_01
3.76,-0.005294222525946972,sad,subject_02,subject_02_sad_session_01
3.764,-0.0063042304039518104,sad,subject_02,subject_02_sad_session_01
3.768,-0.02666062690925763,sad,subject_02,subject_02_sad_session_01
3.772,-0.006274836088997466,sad,subject_02,subject_02_sad_session_01
3.776,-0.010703009954749288,sad,subject_02,subject_02_sad_session_01
3.78,-0.03926612533301046,sad,subject_02,subject_02_sad_session_01
3.784,0.021231042363419907,sad,subject_02,subject_02_sad_session_01
3.788,0.008140916173576863,sad,subject_02,subject_02_sad_session_01
3.792,-0.02420734201935341,sad,subject_02,subject_02_sad_session_01
3.796,-0.0009623708285911138,sad,subject_02,subject_02_sad_session_01
3.8,-0.03468233490700502,sad,subject_02,subject_02_sad_session_01
3.804,-0.022601088750523784,sad,subject_02,subject_02_sad_session_01
3.808,0.014364604215038079,sad,subject_02,subject_02_sad_session_01
3.812,0.007683710151851843,sad,subject_02,subject_02_sad_session_01
3.816,-0.021980298255464475,sad,subject_02,subject_02_sad_session_01
3.82,0.0026625385791667405,sad,subject_02,subject_02_sad_session_01
3.824,-0.008973499668061713,sad,subject_02,subject_02_sad_session_01
3.828,-0.03668899371322174,sad,subject_02,subject_02_sad_session_01
3.832,-0.011788923775612904,sad,subject_02,subject_02_sad_session_01
3.836,0.006213619249111196,sad,subject_02,subject_02_sad_session_01
3.84,0.002483846124353756,sad,subject_02,subject_02_sad_session_01
3.844,-0.05741377708608093,sad,subject_02,subject_02_sad_session_01
3.848,-0.001569604639547399,sad,subject_02,subject_02_sad_session_01
3.852,-0.005692274379472131,sad,subject_02,subject_02_sad_session_01
3.856,-0.06329303598490553,sad,subject_02,subject_02_sad_session_01
3.86,-0.030464279987824156,sad,subject_02,subject_02_sad_session_01
3.864,0.008657156067604647,sad,subject_02,subject_02_sad_session_01
3.868,0.03559201161484542,sad,subject_02,subject_02_sad_session_01
3.872,-0.05502059999811796,sad,subject_02,subject_02_sad_session_01
3.876,0.023727235949798652,sad,subject_02,subject_02_sad_session_01
3.88,-0.06190440130216141,sad,subject_02,subject_02_sad_session_01
3.884,0.03659566235609592,sad,subject_02,subject_02_sad_session_01
3.888,-0.012322440911965805,sad,subject_02,subject_02_sad_session_01
3.892,-0.026433104246340332,sad,subject_02,subject_02_sad_session_01
3.896,0.005818925653494103,sad,subject_02,subject_02_sad_session_01
3.9,-0.033514852397716434,sad,subject_02,subject_02_sad_session_01
3.904,0.011017775181295066,sad,subject_02,subject_02_sad_session_01
3.908,-0.007995955533758689,sad,subject_02,subject_02_sad_session_01
3.912,-0.11839139769961964,sad,subject_02,subject_02_sad_session_01
3.916,-0.028222677641213473,sad,subject_02,subject_02_sad_session_01
3.92,0.002025322713713271,sad,subject_02,subject_02_sad_session_01
3.924,0.02848533901175708,sad,subject_02,subject_02_sad_session_01
3.928,0.00664144146515725,sad,subject_02,subject_02_sad_session_01
3.932,0.028425336252989566,sad,subject_02,subject_02_sad_session_01
3.936,-0.02968451211560352,sad,subject_02,subject_02_sad_session_01
3.94,0.019201857462250043,sad,subject_02,subject_02_sad_session_01
3.944,0.01996081923904041,sad,subject_02,subject_02_sad_session_01
3.948,-0.051022132184216466,sad,subject_02,subject_02_sad_session_01
3.952,0.031200270747136705,sad,subject_02,subject_02_sad_session_01
3.956,0.008380260104809745,sad,subject_02,subject_02_sad_session_01
3.96,-0.009495156960765165,sad,subject_02,subject_02_sad_session_01
3.964,-0.009564841842160039,sad,subject_02,subject_02_sad_session_01
3.968,-0.031228484820631477,sad,subject_02,subject_02_sad_session_01
3.972,0.019437027185785386,sad,subject_02,subject_02_sad_session_01
3.976,0.010276472269663653,sad,subject_02,subject_02_sad_session_01
3.98,0.019525879620374775,sad,subject_02,subject_02_sad_session_01
3.984,0.005372956598254366,sad,subject_02,subject_02_sad_session_01
3.988,0.010307430626066549,sad,subject_02,subject_02_sad_session_01
3.992,-0.0034225997518399784,sad,subject_02,subject_02_sad_session_01
3.996,0.03929470037472693,sad,subject_02,subject_02_sad_session_01
4.0,0.026960457753655784,sad,subject_02,subject_02_sad_session_01
4.004,0.016001330835294175,sad,subject_02,subject_02_sad_session_01
4.008,0.009117469386423233,sad,subject_02,subject_02_sad_session_01
4.012,-0.03723111855188588,sad,subject_02,subject_02_sad_session_01
4.016,-0.04074653716660674,sad,subject_02,subject_02_sad_session_01
4.02,0.011073664685704256,sad,subject_02,subject_02_sad_session_01
4.024,0.06386506677910463,sad,subject_02,subject_02_sad_session_01
4.028,0.008689962245831538,sad,subject_02,subject_02_sad_session_01
4.032,0.014240388404869395,sad,subject_02,subject_02_sad_session_01
4.036,0.00972504141581787,sad,subject_02,subject_02_sad_session_01
4.04,0.005159198325833274,sad,subject_02,subject_02_sad_session_01
4.044,0.021669379342756347,sad,subject_02,subject_02_sad_session_01
4.048,0.06285460049742911,sad,subject_02,subject_02_sad_session_01
4.052,0.04526937490675867,sad,subject_02,subject_02_sad_session_01
4.056,0.04948365936380053,sad,subject_02,subject_02_sad_session_01
4.06,0.052349557970938786,sad,subject_02,subject_02_sad_session_01
4.064,0.08365623370534672,sad,subject_02,subject_02_sad_session_01
4.068,0.0934399513314689,sad,subject_02,subject_02_sad_session_01
4.072,0.03052494322726338,sad,subject_02,subject_02_sad_session_01
4.076,0.06823602680935609,sad,subject_02,subject_02_sad_session_01
4.08,0.09230501359699417,sad,subject_02,subject_02_sad_session_01
4.084,0.11150934530183035,sad,subject_02,subject_02_sad_session_01
4.088,0.1048693980561583,sad,subject_02,subject_02_sad_session_01
4.092,0.12770442087195544,sad,subject_02,subject_02_sad_session_01
4.096,0.06188532347682049,sad,subject_02,subject_02_sad_session_01
4.1,0.11713589080055166,sad,subject_02,subject_02_sad_session_01
4.104,0.16587042599528218,sad,subject_02,subject_02_sad_session_01
4.108,0.10463849731321845,sad,subject_02,subject_02_sad_session_01
4.112,0.10399125584854374,sad,subject_02,subject_02_sad_session_01
4.116,0.114347501241874,sad,subject_02,subject_02_sad_session_01
4.12,0.07920739694123384,sad,subject_02,subject_02_sad_session_01
4.124,0.06340028978159507,sad,subject_02,subject_02_sad_session_01
4.128,0.08931068403179505,sad,subject_02,subject_02_sad_session_01
4.132,0.033331982341820963,sad,subject_02,subject_02_sad_session_01
4.136,0.08992721678403161,sad,subject_02,subject_02_sad_session_01
4.14,0.08989018884262753,sad,subject_02,subject_02_sad_session_01
4.144,0.01964984775608037,sad,subject_02,subject_02_sad_session_01
4.148,0.06745839630899472,sad,subject_02,subject_02_sad_session_01
4.152,0.0509521007211783,sad,subject_02,subject_02_sad_session_01
4.156,0.09680777589965349,sad,subject_02,subject_02_sad_session_01
4.16,0.0870007206381064,sad,subject_02,subject_02_sad_session_01
4.164,0.06844781983533986,sad,subject_02,subject_02_sad_session_01
4.168,0.07531238370446139,sad,subject_02,subject_02_sad_session_01
4.172,0.024154774995855954,sad,subject_02,subject_02_sad_session_01
4.176,0.03937338103703407,sad,subject_02,subject_02_sad_session_01
4.18,0.020816312386607513,sad,subject_02,subject_02_sad_session_01
4.184,-0.004360001145835672,sad,subject_02,subject_02_sad_session_01
4.188,0.025540668383206087,sad,subject_02,subject_02_sad_session_01
4.192,0.01839560587843747,sad,subject_02,subject_02_sad_session_01
4.196,0.012962336224187625,sad,subject_02,subject_02_sad_session_01
4.2,0.01567780391690649,sad,subject_02,subject_02_sad_session_01
4.204,0.01796114847233731,sad,subject_02,subject_02_sad_session_01
4.208,0.04168890533826708,sad,subject_02,subject_02_sad_session_01
4.212,-0.003360605431277218,sad,subject_02,subject_02_sad_session_01
4.216,-0.02491899005958813,sad,subject_02,subject_02_sad_session_01
4.22,0.03323667638994913,sad,subject_02,subject_02_sad_session_01
4.224,0.03806671127566735,sad,subject_02,subject_02_sad_session_01
4.228,0.022453398830864807,sad,subject_02,subject_02_sad_session_01
4.232,-0.023558882374258957,sad,subject_02,subject_02_sad_session_01
4.236,0.004579437427006259,sad,subject_02,subject_02_sad_session_01
4.24,0.013439221141622278,sad,subject_02,subject_02_sad_session_01
4.244,-0.032595941605628856,sad,subject_02,subject_02_sad_session_01
4.248,-0.02986391569625104,sad,subject_02,subject_02_sad_session_01
4.252,-0.015897465223827713,sad,subject_02,subject_02_sad_session_01
4.256,0.026280911480230738,sad,subject_02,subject_02_sad_session_01
4.26,0.01335463999781337,sad,subject_02,subject_02_sad_session_01
4.264,0.02519777257055588,sad,subject_02,subject_02_sad_session_01
4.268,0.09605387352534103,sad,subject_02,subject_02_sad_session_01
4.272,0.16566005963638286,sad,subject_02,subject_02_sad_session_01
4.276,0.2760040754682083,sad,subject_02,subject_02_sad_session_01
4.28,0.4236028666037582,sad,subject_02,subject_02_sad_session_01
4.284,0.4581432616124801,sad,subject_02,subject_02_sad_session_01
4.288,0.6576972526382233,sad,subject_02,subject_02_sad_session_01
4.292,0.7639446646283806,sad,subject_02,subject_02_sad_session_01
4.296,0.7512028232239978,sad,subject_02,subject_02_sad_session_01
4.3,0.7311269258479958,sad,subject_02,subject_02_sad_session_01
4.304,0.7603010791051061,sad,subject_02,subject_02_sad_session_01
4.308,0.6654659501835448,sad,subject_02,subject_02_sad_session_01
4.312,0.5427390535926853,sad,subject_02,subject_02_sad_session_01
4.316,0.41116097000103047,sad,subject_02,subject_02_sad_session_01
4.32,0.3029934762682854,sad,subject_02,subject_02_sad_session_01
4.324,0.20160383217001887,sad,subject_02,subject_02_sad_session_01
4.328,0.12020432273091086,sad,subject_02,subject_02_sad_session_01
4.332,0.02393280184273532,sad,subject_02,subject_02_sad_session_01
4.336,-0.021112928798829228,sad,subject_02,subject_02_sad_session_01
4.34,-0.06854665261383483,sad,subject_02,subject_02_sad_session_01
4.344,-0.03557372259811033,sad,subject_02,subject_02_sad_session_01
4.348,-0.05626707955157912,sad,subject_02,subject_02_sad_session_01
4.352,0.022795086135967348,sad,subject_02,subject_02_sad_session_01
4.356,-0.03334709924516928,sad,subject_02,subject_02_sad_session_01
4.36,0.014112910333909042,sad,subject_02,subject_02_sad_session_01
4.364,0.08014594421476463,sad,subject_02,subject_02_sad_session_01
4.368,0.05429573736282729,sad,subject_02,subject_02_sad_session_01
4.372,0.05123613110757287,sad,subject_02,subject_02_sad_session_01
4.376,0.041881142916974985,sad,subject_02,subject_02_sad_session_01
4.38,0.03773837484243789,sad,subject_02,subject_02_sad_session_01
4.384,0.03372636563708935,sad,subject_02,subject_02_sad_session_01
4.388,0.024797837177132385,sad,subject_02,subject_02_sad_session_01
4.392,-0.001631547978934604,sad,subject_02,subject_02_sad_session_01
4.396,0.06659928863894933,sad,subject_02,subject_02_sad_session_01
4.4,0.004365000871282443,sad,subject_02,subject_02_sad_session_01
4.404,0.07337120456928109,sad,subject_02,subject_02_sad_session_01
4.408,0.04808088258263538,sad,subject_02,subject_02_sad_session_01
4.412,0.032430534022285656,sad,subject_02,subject_02_sad_session_01
4.416,0.10720983498212615,sad,subject_02,subject_02_sad_session_01
4.42,0.025717840184548972,sad,subject_02,subject_02_sad_session_01
4.424,0.05356185830752572,sad,subject_02,subject_02_sad_session_01
4.428,0.060920476556594605,sad,subject_02,subject_02_sad_session_01
4.432,0.08733333173624193,sad,subject_02,subject_02_sad_session_01
4.436,0.06939479021406067,sad,subject_02,subject_02_sad_session_01
4.44,0.1367276748740858,sad,subject_02,subject_02_sad_session_01
4.444,0.056997162487302064,sad,subject_02,subject_02_sad_session_01
4.448,0.22610173882379442,sad,subject_02,subject_02_sad_session_01
4.452,0.0773050586987983,sad,subject_02,subject_02_sad_session_01
4.456,0.2033795687392176,sad,subject_02,subject_02_sad_session_01
4.46,0.15321445276849818,sad,subject_02,subject_02_sad_session_01
4.464,0.12289504206735885,sad,subject_02,subject_02_sad_session_01
4.468,0.13881849218621517,sad,subject_02,subject_02_sad_session_01
4.472,0.12648075269151823,sad,subject_02,subject_02_sad_session_01
4.476,0.1540587729341125,sad,subject_02,subject_02_sad_session_01
4.48,0.12728972070202943,sad,subject_02,subject_02_sad_session_01
4.484,0.17634142221046795,sad,subject_02,subject_02_sad_session_01
4.488,0.1660901338101758,sad,subject_02,subject_02_sad_session_01
4.492,0.13635812656599183,sad,subject_02,subject_02_sad_session_01
4.496,0.1840935783546982,sad,subject_02,subject_02_sad_session_01
4.5,0.18726779832252954,sad,subject_02,subject_02_sad_session_01
4.504,0.15957574144054937,sad,subject_02,subject_02_sad_session_01
4.508,0.1727711220564842,sad,subject_02,subject_02_sad_session_01
4.512,0.2051876139295376,sad,subject_02,subject_02_sad_session_01
4.516,0.22641605010598348,sad,subject_02,subject_02_sad_session_01
4.52,0.192951022488595,sad,subject_02,subject_02_sad_session_01
4.524,0.22828268939747,sad,subject_02,subject_02_sad_session_01
4.528,0.2381172717917378,sad,subject_02,subject_02_sad_session_01
4.532,0.2445247366669978,sad,subject_02,subject_02_sad_session_01
4.536,0.21982046794544935,sad,subject_02,subject_02_sad_session_01
4.54,0.18169245251831415,sad,subject_02,subject_02_sad_session_01
4.544,0.23645787365923213,sad,subject_02,subject_02_sad_session_01
4.548,0.20448470407869185,sad,subject_02,subject_02_sad_session_01
4.552,0.22546042323906082,sad,subject_02,subject_02_sad_session_01
4.556,0.19096515454863905,sad,subject_02,subject_02_sad_session_01
4.56,0.1909357580264097,sad,subject_02,subject_02_sad_session_01
4.564,0.1865478134954643,sad,subject_02,subject_02_sad_session_01
4.568,0.16604316090790305,sad,subject_02,subject_02_sad_session_01
4.572,0.18596094508163327,sad,subject_02,subject_02_sad_session_01
4.576,0.1699309168885593,sad,subject_02,subject_02_sad_session_01
4.58,0.21486948988564508,sad,subject_02,subject_02_sad_session_01
4.584,0.1625249212550768,sad,subject_02,subject_02_sad_session_01
4.588,0.1706310546140577,sad,subject_02,subject_02_sad_session_01
4.592,0.18673202605616793,sad,subject_02,subject_02_sad_session_01
4.596,0.23664054980385568,sad,subject_02,subject_02_sad_session_01
4.6,0.1568744721072712,sad,subject_02,subject_02_sad_session_01
4.604,0.13131056851978345,sad,subject_02,subject_02_sad_session_01
4.608,0.1283626750774689,sad,subject_02,subject_02_sad_session_01
4.612,0.13667436412408013,sad,subject_02,subject_02_sad_session_01
4.616,0.13742981307633412,sad,subject_02,subject_02_sad_session_01
4.62,0.22081228998022268,sad,subject_02,subject_02_sad_session_01
4.624,0.17514546085864033,sad,subject_02,subject_02_sad_session_01
4.628,0.13112177754830392,sad,subject_02,subject_02_sad_session_01
4.632,0.19057680155420045,sad,subject_02,subject_02_sad_session_01
4.636,0.11105051454380506,sad,subject_02,subject_02_sad_session_01
4.64,0.1115714954184871,sad,subject_02,subject_02_sad_session_01
4.644,0.10432243788062238,sad,subject_02,subject_02_sad_session_01
4.648,0.14390770099913522,sad,subject_02,subject_02_sad_session_01
4.652,0.10575901341478162,sad,subject_02,subject_02_sad_session_01
4.656,0.1479660706391313,sad,subject_02,subject_02_sad_session_01
4.66,0.11080335223721452,sad,subject_02,subject_02_sad_session_01
4.664,0.12025294542403155,sad,subject_02,subject_02_sad_session_01
4.668,0.033876123390198534,sad,subject_02,subject_02_sad_session_01
4.672,0.032948136126077346,sad,subject_02,subject_02_sad_session_01
4.676,0.029692283914710647,sad,subject_02,subject_02_sad_session_01
4.68,0.06279342339861446,sad,subject_02,subject_02_sad_session_01
4.684,0.025633495557586775,sad,subject_02,subject_02_sad_session_01
4.688,0.1053779632635399,sad,subject_02,subject_02_sad_session_01
4.692,0.058770161822806644,sad,subject_02,subject_02_sad_session_01
4.696,0.07999077491708431,sad,subject_02,subject_02_sad_session_01
4.7,0.0437520174003898,sad,subject_02,subject_02_sad_session_01
4.704,0.0804552940203562,sad,subject_02,subject_02_sad_session_01
4.708,-0.005853502191720254,sad,subject_02,subject_02_sad_session_01
4.712,0.04921149793567103,sad,subject_02,subject_02_sad_session_01
4.716,0.06346359372542212,sad,subject_02,subject_02_sad_session_01
4.72,0.0639333961731109,sad,subject_02,subject_02_sad_session_01
4.724,0.03496406352747412,sad,subject_02,subject_02_sad_session_01
4.728,-0.008562701387043577,sad,subject_02,subject_02_sad_session_01
4.732,0.07153205756002384,sad,subject_02,subject_02_sad_session_01
4.736,0.027995495977375613,sad,subject_02,subject_02_sad_session_01
4.74,0.02930838391801719,sad,subject_02,subject_02_sad_session_01
4.744,0.10387938818272972,sad,subject_02,subject_02_sad_session_01
4.748,0.03915262042753506,sad,subject_02,subject_02_sad_session_01
4.752,0.01974846452171929,sad,subject_02,subject_02_sad_session_01
4.756,0.017113980375249374,sad,subject_02,subject_02_sad_session_01
4.76,0.05308964601595173,sad,subject_02,subject_02_sad_session_01
4.764,0.008449970215188094,sad,subject_02,subject_02_sad_session_01
4.768,0.047847265640374094,sad,subject_02,subject_02_sad_session_01
4.772,0.06502751718815,sad,subject_02,subject_02_sad_session_01
4.776,0.02889407827865759,sad,subject_02,subject_02_sad_session_01
4.78,0.06079183424184263,sad,subject_02,subject_02_sad_session_01
4.784,0.02875831688199973,sad,subject_02,subject_02_sad_session_01
4.788,0.009913668959740784,sad,subject_02,subject_02_sad_session_01
4.792,-0.019644189059876273,sad,subject_02,subject_02_sad_session_01
4.796,0.03833970928909465,sad,subject_02,subject_02_sad_session_01
4.8,0.03879545378872652,sad,subject_02,subject_02_sad_session_01
4.804,0.05920831155533644,sad,subject_02,subject_02_sad_session_01
4.808,0.056199236449557426,sad,subject_02,subject_02_sad_session_01
4.812,0.09157585904892801,sad,subject_02,subject_02_sad_session_01
4.816,0.012048107568731793,sad,subject_02,subject_02_sad_session_01
4.82,0.04009760485131157,sad,subject_02,subject_02_sad_session_01
4.824,0.008748225361730661,sad,subject_02,subject_02_sad_session_01
4.828,0.05724748822501015,sad,subject_02,subject_02_sad_session_01
4.832,0.0015183025195375129,sad,subject_02,subject_02_sad_session_01
4.836,0.05672602083616536,sad,subject_02,subject_02_sad_session_01
4.84,0.007215853083319731,sad,subject_02,subject_02_sad_session_01
4.844,0.052311206506792295,sad,subject_02,subject_02_sad_session_01
4.848,0.06551922068066161,sad,subject_02,subject_02_sad_session_01
4.852,-0.017283644648742234,sad,subject_02,subject_02_sad_session_01
4.856,-0.011058669445570272,sad,subject_02,subject_02_sad_session_01
4.86,0.03642534635825248,sad,subject_02,subject_02_sad_session_01
4.864,0.03325528314117234,sad,subject_02,subject_02_sad_session_01
4.868,0.020662341318917962,sad,subject_02,subject_02_sad_session_01
4.872,0.01516687417794767,sad,subject_02,subject_02_sad_session_01
4.876,0.0038277562350032893,sad,subject_02,subject_02_sad_session_01
4.88,0.03944625560062774,sad,subject_02,subject_02_sad_session_01
4.884,0.0006136246985909699,sad,subject_02,subject_02_sad_session_01
4.888,0.04056324583138262,sad,subject_02,subject_02_sad_session_01
4.892,0.012385138474117364,sad,subject_02,subject_02_sad_session_01
4.896,0.016975302023537267,sad,subject_02,subject_02_sad_session_01
4.9,0.06617275649108835,sad,subject_02,subject_02_sad_session_01
4.904,0.05838305408770626,sad,subject_02,subject_02_sad_session_01
4.908,-0.00010163928362431213,sad,subject_02,subject_02_sad_session_01
4.912,0.003684772959824466,sad,subject_02,subject_02_sad_session_01
4.916,0.05328801331851883,sad,subject_02,subject_02_sad_session_01
4.92,-0.012964135371344089,sad,subject_02,subject_02_sad_session_01
4.924,0.07379321884272166,sad,subject_02,subject_02_sad_session_01
4.928,0.03437942515399396,sad,subject_02,subject_02_sad_session_01
4.932,0.01316776258230893,sad,subject_02,subject_02_sad_session_01
4.936,0.031065990563759423,sad,subject_02,subject_02_sad_session_01
4.94,0.07187957719037305,sad,subject_02,subject_02_sad_session_01
4.944,-0.032518303823052104,sad,subject_02,subject_02_sad_session_01
4.948,0.06266102839427225,sad,subject_02,subject_02_sad_session_01
4.952,0.06827052182501342,sad,subject_02,subject_02_sad_session_01
4.956,0.023494923408061988,sad,subject_02,subject_02_sad_session_01
4.96,0.03180992695437204,sad,subject_02,subject_02_sad_session_01
4.964,0.039057546956103764,sad,subject_02,subject_02_sad_session_01
4.968,0.058173136926070915,sad,subject_02,subject_02_sad_session_01
4.972,0.015700721656374875,sad,subject_02,subject_02_sad_session_01
4.976,0.038831351138754674,sad,subject_02,subject_02_sad_session_01
4.98,0.03821835756773838,sad,subject_02,subject_02_sad_session_01
4.984,0.06382626467024295,sad,subject_02,subject_02_sad_session_01
4.988,0.12628833321585453,sad,subject_02,subject_02_sad_session_01
4.992,0.02690970374653276,sad,subject_02,subject_02_sad_session_01
4.996,0.054537827532585216,sad,subject_02,subject_02_sad_session_01
5.0,0.032946126258678696,sad,subject_02,subject_02_sad_session_01
5.004,0.04504936182565738,sad,subject_02,subject_02_sad_session_01
5.008,0.03171278447089028,sad,subject_02,subject_02_sad_session_01
5.012,0.022663101201985524,sad,subject_02,subject_02_sad_session_01
5.016,0.10892280540687356,sad,subject_02,subject_02_sad_session_01
5.02,0.08920613040265152,sad,subject_02,subject_02_sad_session_01
5.024,0.08656552561856418,sad,subject_02,subject_02_sad_session_01
5.028,0.06291595600257857,sad,subject_02,subject_02_sad_session_01
5.032,0.09226237682719945,sad,subject_02,subject_02_sad_session_01
5.036,0.06513216056828533,sad,subject_02,subject_02_sad_session_01
5.04,0.10415902210087348,sad,subject_02,subject_02_sad_session_01
5.044,0.11988901072516589,sad,subject_02,subject_02_sad_session_01
5.048,0.09815246588652811,sad,subject_02,subject_02_sad_session_01
5.052,0.09582988892440851,sad,subject_02,subject_02_sad_session_01
5.056,0.1073399605254057,sad,subject_02,subject_02_sad_session_01
5.06,0.14951756695386262,sad,subject_02,subject_02_sad_session_01
5.064,0.13340739008770436,sad,subject_02,subject_02_sad_session_01
5.068,0.08070543969930422,sad,subject_02,subject_02_sad_session_01
5.072,0.15140282497077265,sad,subject_02,subject_02_sad_session_01
5.076,0.14599557164997853,sad,subject_02,subject_02_sad_session_01
5.08,0.1345220932280307,sad,subject_02,subject_02_sad_session_01
5.084,0.17671931985714892,sad,subject_02,subject_02_sad_session_01
5.088,0.1257737520077018,sad,subject_02,subject_02_sad_session_01
5.092,0.13500747816925754,sad,subject_02,subject_02_sad_session_01
5.096,0.13257931941571455,sad,subject_02,subject_02_sad_session_01
5.1,0.1406947945079203,sad,subject_02,subject_02_sad_session_01
5.104,0.10311335157162298,sad,subject_02,subject_02_sad_session_01
5.108,0.0855261084374498,sad,subject_02,subject_02_sad_session_01
5.112,0.1288768938928723,sad,subject_02,subject_02_sad_session_01
5.116,0.12197575676656994,sad,subject_02,subject_02_sad_session_01
5.12,0.12716149256454454,sad,subject_02,subject_02_sad_session_01
5.124,0.0959815028525841,sad,subject_02,subject_02_sad_session_01
5.128,0.02874582439804607,sad,subject_02,subject_02_sad_session_01
5.132,0.07799054367594525,sad,subject_02,subject_02_sad_session_01
5.136,0.06916265055178257,sad,subject_02,subject_02_sad_session_01
5.14,0.1003908479615879,sad,subject_02,subject_02_sad_session_01
5.144,0.09092320572139202,sad,subject_02,subject_02_sad_session_01
5.148,0.07354954214317189,sad,subject_02,subject_02_sad_session_01
5.152,-0.010683235558366276,sad,subject_02,subject_02_sad_session_01
5.156,0.02345439380920705,sad,subject_02,subject_02_sad_session_01
5.16,0.034309951944876974,sad,subject_02,subject_02_sad_session_01
5.164,0.032373433282094875,sad,subject_02,subject_02_sad_session_01
5.168,0.04531694450101633,sad,subject_02,subject_02_sad_session_01
5.172,0.08271263352350083,sad,subject_02,subject_02_sad_session_01
5.176,0.05995602809115584,sad,subject_02,subject_02_sad_session_01
5.18,0.007530928175898691,sad,subject_02,subject_02_sad_session_01
5.184,0.008987935804989518,sad,subject_02,subject_02_sad_session_01
5.188,0.005222111330126414,sad,subject_02,subject_02_sad_session_01
5.192,0.028393911200921506,sad,subject_02,subject_02_sad_session_01
5.196,0.05528343003845082,sad,subject_02,subject_02_sad_session_01
5.2,0.05926162871987159,sad,subject_02,subject_02_sad_session_01
5.204,0.01807307500045503,sad,subject_02,subject_02_sad_session_01
5.208,0.026884085737489252,sad,subject_02,subject_02_sad_session_01
5.212,0.07529411355193516,sad,subject_02,subject_02_sad_session_01
5.216,-0.023887491820474636,sad,subject_02,subject_02_sad_session_01
5.22,0.033685381783894006,sad,subject_02,subject_02_sad_session_01
5.224,0.02396611254538357,sad,subject_02,subject_02_sad_session_01
5.228,-0.004239018850436404,sad,subject_02,subject_02_sad_session_01
5.232,0.009417856612210698,sad,subject_02,subject_02_sad_session_01
5.236,0.043426743346096836,sad,subject_02,subject_02_sad_session_01
5.24,0.06432552096223726,sad,subject_02,subject_02_sad_session_01
5.244,0.12076295967100859,sad,subject_02,subject_02_sad_session_01
5.248,0.20812685677330367,sad,subject_02,subject_02_sad_session_01
5.252,0.39204650559772086,sad,subject_02,subject_02_sad_session_01
5.256,0.43753924378914794,sad,subject_02,subject_02_sad_session_01
5.26,0.5682290709593041,sad,subject_02,subject_02_sad_session_01
5.264,0.6824922833406577,sad,subject_02,subject_02_sad_session_01
5.268,0.7238155574751369,sad,subject_02,subject_02_sad_session_01
5.272,0.7682361362645478,sad,subject_02,subject_02_sad_session_01
5.276,0.7798284333995388,sad,subject_02,subject_02_sad_session_01
5.28,0.6968135855035685,sad,subject_02,subject_02_sad_session_01
5.284,0.5977551578613958,sad,subject_02,subject_02_sad_session_01
5.288,0.5160643451492545,sad,subject_02,subject_02_sad_session_01
5.292,0.46798525314146266,sad,subject_02,subject_02_sad_session_01
5.296,0.2739060974756607,sad,subject_02,subject_02_sad_session_01
5.3,0.17942964216664287,sad,subject_02,subject_02_sad_session_01
5.304,0.03962077952595864,sad,subject_02,subject_02_sad_session_01
5.308,0.04954607021162552,sad,subject_02,subject_02_sad_session_01
5.312,-0.042034013747683674,sad,subject_02,subject_02_sad_session_01
5.316,-0.06380318161233611,sad,subject_02,subject_02_sad_session_01
5.32,-0.052223752803212675,sad,subject_02,subject_02_sad_session_01
5.324,0.04071833041252472,sad,subject_02,subject_02_sad_session_01
5.328,-0.0032101633267687182,sad,subject_02,subject_02_sad_session_01
5.332,-0.0033354441809577,sad,subject_02,subject_02_sad_session_01
5.336,-0.07041955863302721,sad,subject_02,subject_02_sad_session_01
5.34,0.06746690531241582,sad,subject_02,subject_02_sad_session_01
5.344,0.0134358790931206,sad,subject_02,subject_02_sad_session_01
5.348,0.013674793007944781,sad,subject_02,subject_02_sad_session_01
5.352,0.019859614447376536,sad,subject_02,subject_02_sad_session_01
5.356,0.0894707716903161,sad,subject_02,subject_02_sad_session_01
5.36,0.04674108024756024,sad,subject_02,subject_02_sad_session_01
5.364,0.004809202233982041,sad,subject_02,subject_02_sad_session_01
5.368,0.046918449563352296,sad,subject_02,subject_02_sad_session_01
5.372,0.030832236911572993,sad,subject_02,subject_02_sad_session_01
5.376,0.06949010783515235,sad,subject_02,subject_02_sad_session_01
5.38,0.05023766014244228,sad,subject_02,subject_02_sad_session_01
5.384,0.018083405833670546,sad,subject_02,subject_02_sad_session_01
5.388,0.06622743521631008,sad,subject_02,subject_02_sad_session_01
5.392,0.07074577552442256,sad,subject_02,subject_02_sad_session_01
5.396,0.03879832290074147,sad,subject_02,subject_02_sad_session_01
5.4,0.021756715560699733,sad,subject_02,subject_02_sad_session_01
5.404,0.09338988654138036,sad,subject_02,subject_02_sad_session_01
5.408,0.0810340793580446,sad,subject_02,subject_02_sad_session_01
5.412,0.0877196228322533,sad,subject_02,subject_02_sad_session_01
5.416,0.12143979685154357,sad,subject_02,subject_02_sad_session_01
5.42,0.04594843468954782,sad,subject_02,subject_02_sad_session_01
5.424,0.11110029213148298,sad,subject_02,subject_02_sad_session_01
5.428,0.13447099360372583,sad,subject_02,subject_02_sad_session_01
5.432,0.11451652275245934,sad,subject_02,subject_02_sad_session_01
5.436,0.0829912979379717,sad,subject_02,subject_02_sad_session_01
5.44,0.11118413213624549,sad,subject_02,subject_02_sad_session_01
5.444,0.12302566321181611,sad,subject_02,subject_02_sad_session_01
5.448,0.09476052681929165,sad,subject_02,subject_02_sad_session_01
5.452,0.15880207054354778,sad,subject_02,subject_02_sad_session_01
5.456,0.1532283295030837,sad,subject_02,subject_02_sad_session_01
5.46,0.13922495170021698,sad,subject_02,subject_02_sad_session_01
5.464,0.19333660571254754,sad,subject_02,subject_02_sad_session_01
5.468,0.15321454886475455,sad,subject_02,subject_02_sad_session_01
5.472,0.21818727403980054,sad,subject_02,subject_02_sad_session_01
5.476,0.17041920062148597,sad,subject_02,subject_02_sad_session_01
5.48,0.1542971749659495,sad,subject_02,subject_02_sad_session_01
5.484,0.15936815522281864,sad,subject_02,subject_02_sad_session_01
5.488,0.19368629422888722,sad,subject_02,subject_02_sad_session_01
5.492,0.16235659603296504,sad,subject_02,subject_02_sad_session_01
5.496,0.201956980984596,sad,subject_02,subject_02_sad_session_01
5.5,0.18837622586052483,sad,subject_02,subject_02_sad_session_01
5.504,0.1900472540406619,sad,subject_02,subject_02_sad_session_01
5.508,0.2034347657861327,sad,subject_02,subject_02_sad_session_01
5.512,0.23631579880123824,sad,subject_02,subject_02_sad_session_01
5.516,0.19092371792182802,sad,subject_02,subject_02_sad_session_01
5.52,0.213313572003772,sad,subject_02,subject_02_sad_session_01
5.524,0.2212274142345922,sad,subject_02,subject_02_sad_session_01
5.528,0.17124261178350225,sad,subject_02,subject_02_sad_session_01
5.532,0.22239266756790615,sad,subject_02,subject_02_sad_session_01
5.536,0.22988064697179217,sad,subject_02,subject_02_sad_session_01
5.54,0.23265913982345895,sad,subject_02,subject_02_sad_session_01
5.544,0.16822595602348436,sad,subject_02,subject_02_sad_session_01
5.548,0.16770923578299168,sad,subject_02,subject_02_sad_session_01
5.552,0.19422257976851862,sad,subject_02,subject_02_sad_session_01
5.556,0.18910553148102385,sad,subject_02,subject_02_sad_session_01
5.56,0.18924745884283192,sad,subject_02,subject_02_sad_session_01
5.564,0.1738557536646722,sad,subject_02,subject_02_sad_session_01
5.568,0.18570337877985074,sad,subject_02,subject_02_sad_session_01
5.572,0.09879815881949314,sad,subject_02,subject_02_sad_session_01
5.576,0.19020268811355637,sad,subject_02,subject_02_sad_session_01
5.58,0.2094360407635565,sad,subject_02,subject_02_sad_session_01
5.584,0.14331847312133628,sad,subject_02,subject_02_sad_session_01
5.588,0.16045483603125263,sad,subject_02,subject_02_sad_session_01
5.592,0.1991542597687439,sad,subject_02,subject_02_sad_session_01
5.596,0.1439958970298683,sad,subject_02,subject_02_sad_session_01
5.6,0.14635156275420214,sad,subject_02,subject_02_sad_session_01
5.604,0.18660594762849986,sad,subject_02,subject_02_sad_session_01
5.608,0.18661231035348624,sad,subject_02,subject_02_sad_session_01
5.612,0.08788722090403422,sad,subject_02,subject_02_sad_session_01
5.616,0.10160836858960749,sad,subject_02,subject_02_sad_session_01
5.62,0.1350804117288137,sad,subject_02,subject_02_sad_session_01
5.624,0.11760475369057725,sad,subject_02,subject_02_sad_session_01
5.628,0.1184105001237509,sad,subject_02,subject_02_sad_session_01
5.632,0.013257903649244951,sad,subject_02,subject_02_sad_session_01
5.636,0.028117851465683838,sad,subject_02,subject_02_sad_session_01
5.64,0.13525775221232486,sad,subject_02,subject_02_sad_session_01
5.644,0.10012413410035763,sad,subject_02,subject_02_sad_session_01
5.648,0.08288300201227587,sad,subject_02,subject_02_sad_session_01
5.652,0.03056767901174181,sad,subject_02,subject_02_sad_session_01
5.656,0.05115178005717774,sad,subject_02,subject_02_sad_session_01
5.66,0.07666217539507474,sad,subject_02,subject_02_sad_session_01
5.664,0.014259432205694096,sad,subject_02,subject_02_sad_session_01
5.668,0.030981923395475668,sad,subject_02,subject_02_sad_session_01
5.672,0.05999635938163939,sad,subject_02,subject_02_sad_session_01
5.676,0.06322593461645618,sad,subject_02,subject_02_sad_session_01
5.68,0.026842195188075006,sad,subject_02,subject_02_sad_session_01
5.684,0.06919741427206949,sad,subject_02,subject_02_sad_session_01
5.688,0.06560827930214913,sad,subject_02,subject_02_sad_session_01
5.692,-0.019098892413680485,sad,subject_02,subject_02_sad_session_01
5.696,0.0815672708057951,sad,subject_02,subject_02_sad_session_01
5.7,0.06533332658000877,sad,subject_02,subject_02_sad_session_01
5.704,0.03461019677344812,sad,subject_02,subject_02_sad_session_01
5.708,0.02251761453318436,sad,subject_02,subject_02_sad_session_01
5.712,0.048682858761383174,sad,subject_02,subject_02_sad_session_01
5.716,0.03951380664454804,sad,subject_02,subject_02_sad_session_01
5.72,0.013980318437236959,sad,subject_02,subject_02_sad_session_01
5.724,0.06905602276285805,sad,subject_02,subject_02_sad_session_01
5.728,-0.043424294207884864,sad,subject_02,subject_02_sad_session_01
5.732,-0.001281531443485421,sad,subject_02,subject_02_sad_session_01
5.736,0.031138773910951274,sad,subject_02,subject_02_sad_session_01
5.74,0.015266513707092071,sad,subject_02,subject_02_sad_session_01
5.744,0.03701832661349354,sad,subject_02,subject_02_sad_session_01
5.748,-0.02653774177724717,sad,subject_02,subject_02_sad_session_01
5.752,0.007002392433741367,sad,subject_02,subject_02_sad_session_01
5.756,0.04853817296668625,sad,subject_02,subject_02_sad_session_01
5.76,-0.03134105622315805,sad,subject_02,subject_02_sad_session_01
5.764,0.005745397745506786,sad,subject_02,subject_02_sad_session_01
5.768,-0.003434436547092131,sad,subject_02,subject_02_sad_session_01
5.772,0.022958590094094455,sad,subject_02,subject_02_sad_session_01
5.776,0.02345085432170012,sad,subject_02,subject_02_sad_session_01
5.78,0.014200338335578285,sad,subject_02,subject_02_sad_session_01
5.784,0.0022466912491691873,sad,subject_02,subject_02_sad_session_01
5.788,0.012517793969331916,sad,subject_02,subject_02_sad_session_01
5.792,0.005377424437072832,sad,subject_02,subject_02_sad_session_01
5.796,0.00905745580418855,sad,subject_02,subject_02_sad_session_01
5.8,0.05346975094497172,sad,subject_02,subject_02_sad_session_01
5.804,-0.026564596245735615,sad,subject_02,subject_02_sad_session_01
5.808,0.019506487508810032,sad,subject_02,subject_02_sad_session_01
5.812,-0.01924324665997219,sad,subject_02,subject_02_sad_session_01
5.816,0.0674415572890731,sad,subject_02,subject_02_sad_session_01
5.82,0.011242941631287088,sad,subject_02,subject_02_sad_session_01
5.824,-0.029680724711413593,sad,subject_02,subject_02_sad_session_01
5.828,0.001188142585368067,sad,subject_02,subject_02_sad_session_01
5.832,-0.0358274820047033,sad,subject_02,subject_02_sad_session_01
5.836,-0.011258599942193796,sad,subject_02,subject_02_sad_session_01
5.84,0.0260124797684686,sad,subject_02,subject_02_sad_session_01
5.844,0.04818147339201132,sad,subject_02,subject_02_sad_session_01
5.848,0.039571943561724304,sad,subject_02,subject_02_sad_session_01
5.852,0.0038145108797372033,sad,subject_02,subject_02_sad_session_01
5.856,0.023874313997776946,sad,subject_02,subject_02_sad_session_01
5.86,0.03084222110338263,sad,subject_02,subject_02_sad_session_01
5.864,0.07389609258775415,sad,subject_02,subject_02_sad_session_01
5.868,-0.011894278034320657,sad,subject_02,subject_02_sad_session_01
5.872,0.05133168843700729,sad,subject_02,subject_02_sad_session_01
5.876,-0.02688075240196558,sad,subject_02,subject_02_sad_session_01
5.88,0.04111609481327043,sad,subject_02,subject_02_sad_session_01
5.884,-0.013054808982838007,sad,subject_02,subject_02_sad_session_01
5.888,-0.015088128752936152,sad,subject_02,subject_02_sad_session_01
5.892,-0.0032409775270435485,sad,subject_02,subject_02_sad_session_01
5.896,-0.01808629530285165,sad,subject_02,subject_02_sad_session_01
5.9,0.01789617140323451,sad,subject_02,subject_02_sad_session_01
5.904,0.041864781258272615,sad,subject_02,subject_02_sad_session_01
5.908,-0.058282789994693905,sad,subject_02,subject_02_sad_session_01
5.912,-0.00012677122064691428,sad,subject_02,subject_02_sad_session_01
5.916,-0.02737452048850947,sad,subject_02,subject_02_sad_session_01
5.92,0.03256369515705787,sad,subject_02,subject_02_sad_session_01
5.924,0.04830628045644301,sad,subject_02,subject_02_sad_session_01
5.928,0.0008503612854218242,sad,subject_02,subject_02_sad_session_01
5.932,-0.014481106886256787,sad,subject_02,subject_02_sad_session_01
5.936,-0.04115428798600602,sad,subject_02,subject_02_sad_session_01
5.94,0.06662895008076569,sad,subject_02,subject_02_sad_session_01
5.944,0.04880162964973778,sad,subject_02,subject_02_sad_session_01
5.948,-0.04882184553662466,sad,subject_02,subject_02_sad_session_01
5.952,0.03175461101964067,sad,subject_02,subject_02_sad_session_01
5.956,-0.01943425350060425,sad,subject_02,subject_02_sad_session_01
5.96,0.000818912377589652,sad,subject_02,subject_02_sad_session_01
5.964,-0.018909362387008445,sad,subject_02,subject_02_sad_session_01
5.968,-0.03866828933373692,sad,subject_02,subject_02_sad_session_01
5.972,0.02314838445945506,sad,subject_02,subject_02_sad_session_01
5.976,0.08489027224361953,sad,subject_02,subject_02_sad_session_01
5.98,0.004103521861459156,sad,subject_02,subject_02_sad_session_01
5.984,0.06280897822743098,sad,subject_02,subject_02_sad_session_01
5.988,0.07200395771370921,sad,subject_02,subject_02_sad_session_01
5.992,0.06695561099522851,sad,subject_02,subject_02_sad_session_01
5.996,0.11015692567238104,sad,subject_02,subject_02_sad_session_01
6.0,0.08403027854658167,sad,subject_02,subject_02_sad_session_01
6.004,0.11470347953390642,sad,subject_02,subject_02_sad_session_01
6.008,0.03133941548724479,sad,subject_02,subject_02_sad_session_01
6.012,0.09320898691706939,sad,subject_02,subject_02_sad_session_01
6.016,0.12108756202824178,sad,subject_02,subject_02_sad_session_01
6.02,0.05723201341120224,sad,subject_02,subject_02_sad_session_01
6.024,-0.019938030918480704,sad,subject_02,subject_02_sad_session_01
6.028,0.05041228151238174,sad,subject_02,subject_02_sad_session_01
6.032,0.06991990631992408,sad,subject_02,subject_02_sad_session_01
6.036,0.11109815835795428,sad,subject_02,subject_02_sad_session_01
6.04,0.07917507539142377,sad,subject_02,subject_02_sad_session_01
6.044,0.09742438196238386,sad,subject_02,subject_02_sad_session_01
6.048,0.0795890388300667,sad,subject_02,subject_02_sad_session_01
6.052,0.09346305621288056,sad,subject_02,subject_02_sad_session_01
6.056,0.09414990049724146,sad,subject_02,subject_02_sad_session_01
6.06,0.07522307451732105,sad,subject_02,subject_02_sad_session_01
6.064,0.11617107899140544,sad,subject_02,subject_02_sad_session_01
6.068,0.12962004387238085,sad,subject_02,subject_02_sad_session_01
6.072,0.04983017544975923,sad,subject_02,subject_02_sad_session_01
6.076,0.08639166150704577,sad,subject_02,subject_02_sad_session_01
6.08,0.03214207669525395,sad,subject_02,subject_02_sad_session_01
6.084,0.01727662246575544,sad,subject_02,subject_02_sad_session_01
6.088,0.0955562099484329,sad,subject_02,subject_02_sad_session_01
6.092,0.11915019668710469,sad,subject_02,subject_02_sad_session_01
6.096,0.04350293530026787,sad,subject_02,subject_02_sad_session_01
6.1,0.10282127126570334,sad,subject_02,subject_02_sad_session_01
6.104,0.022963767278262444,sad,subject_02,subject_02_sad_session_01
6.108,0.03014801314005708,sad,subject_02,subject_02_sad_session_01
6.112,0.08222810756474971,sad,subject_02,subject_02_sad_session_01
6.116,0.00011435105202054277,sad,subject_02,subject_02_sad_session_01
6.12,0.05061012123005838,sad,subject_02,subject_02_sad_session_01
6.124,0.008615649518027076,sad,subject_02,subject_02_sad_session_01
6.128,-0.0062529591486208385,sad,subject_02,subject_02_sad_session_01
6.132,-0.003239652123284028,sad,subject_02,subject_02_sad_session_01
6.136,-0.056022085094781834,sad,subject_02,subject_02_sad_session_01
6.14,0.04419561768629308,sad,subject_02,subject_02_sad_session_01
6.144,0.010803840625071236,sad,subject_02,subject_02_sad_session_01
6.148,-0.0024789454591249856,sad,subject_02,subject_02_sad_session_01
6.152,-0.020610913207066543,sad,subject_02,subject_02_sad_session_01
6.156,0.007991547260810932,sad,subject_02,subject_02_sad_session_01
6.16,0.023820673809065655,sad,subject_02,subject_02_sad_session_01
6.164,-0.012051003171529549,sad,subject_02,subject_02_sad_session_01
6.168,0.024113470132996622,sad,subject_02,subject_02_sad_session_01
6.172,0.0025678893625591193,sad,subject_02,subject_02_sad_session_01
6.176,-0.0094178004582952,sad,subject_02,subject_02_sad_session_01
6.18,0.019525881973812238,sad,subject_02,subject_02_sad_session_01
6.184,-0.02504928286267602,sad,subject_02,subject_02_sad_session_01
6.188,-0.05064931133282229,sad,subject_02,subject_02_sad_session_01
6.192,-0.01976769263822685,sad,subject_02,subject_02_sad_session_01
6.196,-0.023674410332594258,sad,subject_02,subject_02_sad_session_01
6.2,-0.03755409069991133,sad,subject_02,subject_02_sad_session_01
6.204,0.0031913779291059055,sad,subject_02,subject_02_sad_session_01
6.208,-0.008426674067930037,sad,subject_02,subject_02_sad_session_01
6.212,-0.0003395962519269439,sad,subject_02,subject_02_sad_session_01
6.216,0.0522501725316759,sad,subject_02,subject_02_sad_session_01
6.22,0.1285665598368156,sad,subject_02,subject_02_sad_session_01
6.224,0.23725199516850415,sad,subject_02,subject_02_sad_session_01
6.228,0.3329994448135881,sad,subject_02,subject_02_sad_session_01
6.232,0.4415266225684386,sad,subject_02,subject_02_sad_session_01
6.236,0.5143367428818911,sad,subject_02,subject_02_sad_session_01
6.24,0.6232510788538352,sad,subject_02,subject_02_sad_session_01
6.244,0.7146678411828419,sad,subject_02,subject_02_sad_session_01
6.248,0.7376360736739708,sad,subject_02,subject_02_sad_session_01
6.252,0.6729619977551377,sad,subject_02,subject_02_sad_session_01
6.256,0.6468499819319191,sad,subject_02,subject_02_sad_session_01
6.26,0.5481833594751289,sad,subject_02,subject_02_sad_session_01
6.264,0.5050578150718746,sad,subject_02,subject_02_sad_session_01
6.268,0.34743989030836875,sad,subject_02,subject_02_sad_session_01
6.272,0.22927899913079763,sad,subject_02,subject_02_sad_session_01
6.276,0.10346933745062667,sad,subject_02,subject_02_sad_session_01
6.28,-0.002328078894509828,sad,subject_02,subject_02_sad_session_01
6.284,-0.05887005801309239,sad,subject_02,subject_02_sad_session_01
6.288,-0.06522116612211701,sad,subject_02,subject_02_sad_session_01
6.292,-0.09868103189112783,sad,subject_02,subject_02_sad_session_01
6.296,-0.06971920755654398,sad,subject_02,subject_02_sad_session_01
6.3,-0.06501953345747544,sad,subject_02,subject_02_sad_session_01
6.304,-0.04199422761101565,sad,subject_02,subject_02_sad_session_01
6.308,-0.023451188012197595,sad,subject_02,subject_02_sad_session_01
6.312,-0.03614502644445334,sad,subject_02,subject_02_sad_session_01
6.316,-0.020034661179793273,sad,subject_02,subject_02_sad_session_01
6.32,0.02307007561475965,sad,subject_02,subject_02_sad_session_01
6.324,0.054975238733760354,sad,subject_02,subject_02_sad_session_01
6.328,0.030880107121782237,sad,subject_02,subject_02_sad_session_01
6.332,-0.0777474724181601,sad,subject_02,subject_02_sad_session_01
6.336,-0.014421519290096265,sad,subject_02,subject_02_sad_session_01
6.34,0.014186403176427036,sad,subject_02,subject_02_sad_session_01
6.344,-0.019644942161755382,sad,subject_02,subject_02_sad_session_01
6.348,-0.018318600638086886,sad,subject_02,subject_02_sad_session_01
6.352,0.006400505125739113,sad,subject_02,subject_02_sad_session_01
6.356,0.032453961984165586,sad,subject_02,subject_02_sad_session_01
6.36,0.0439608378047157,sad,subject_02,subject_02_sad_session_01
6.364,0.017964330711715805,sad,subject_02,subject_02_sad_session_01
6.368,0.019419959646956204,sad,subject_02,subject_02_sad_session_01
6.372,0.01139889330441617,sad,subject_02,subject_02_sad_session_01
6.376,0.05609039711775192,sad,subject_02,subject_02_sad_session_01
6.38,0.058438761339196926,sad,subject_02,subject_02_sad_session_01
6.384,0.07700635433548143,sad,subject_02,subject_02_sad_session_01
6.388,0.0584186637016403,sad,subject_02,subject_02_sad_session_01
6.392,0.020086912401772086,sad,subject_02,subject_02_sad_session_01
6.396,0.054004760917581,sad,subject_02,subject_02_sad_session_01
6.4,0.09536215503234276,sad,subject_02,subject_02_sad_session_01
6.404,0.022889303132654575,sad,subject_02,subject_02_sad_session_01
6.408,0.07780309666982752,sad,subject_02,subject_02_sad_session_01
6.412,0.09436895955108725,sad,subject_02,subject_02_sad_session_01
6.416,0.15143906647418226,sad,subject_02,subject_02_sad_session_01
6.42,0.07883000024353087,sad,subject_02,subject_02_sad_session_01
6.424,0.09874105096989214,sad,subject_02,subject_02_sad_session_01
6.428,0.158510842514722,sad,subject_02,subject_02_sad_session_01
6.432,0.09565749825935108,sad,subject_02,subject_02_sad_session_01
6.436,0.1508742872322797,sad,subject_02,subject_02_sad_session_01
6.44,0.135608423034512,sad,subject_02,subject_02_sad_session_01
6.444,0.1222309995326199,sad,subject_02,subject_02_sad_session_01
6.448,0.14724767757797044,sad,subject_02,subject_02_sad_session_01
6.452,0.13388476753527753,sad,subject_02,subject_02_sad_session_01
6.456,0.21039749782612288,sad,subject_02,subject_02_sad_session_01
6.46,0.08476118109113939,sad,subject_02,subject_02_sad_session_01
6.464,0.14200178705320043,sad,subject_02,subject_02_sad_session_01
6.468,0.14628504054452288,sad,subject_02,subject_02_sad_session_01
6.472,0.15289488471117066,sad,subject_02,subject_02_sad_session_01
6.476,0.191970599564251,sad,subject_02,subject_02_sad_session_01
6.48,0.1483780486548735,sad,subject_02,subject_02_sad_session_01
6.484,0.17835241266877505,sad,subject_02,subject_02_sad_session_01
6.488,0.17189371851781532,sad,subject_02,subject_02_sad_session_01
6.492,0.19100789549155361,sad,subject_02,subject_02_sad_session_01
6.496,0.16217962356134377,sad,subject_02,subject_02_sad_session_01
6.5,0.17593613260945934,sad,subject_02,subject_02_sad_session_01
6.504,0.16207403908898432,sad,subject_02,subject_02_sad_session_01
6.508,0.13523814910410306,sad,subject_02,subject_02_sad_session_01
6.512,0.21137475428956337,sad,subject_02,subject_02_sad_session_01
6.516,0.1386729915038827,sad,subject_02,subject_02_sad_session_01
6.52,0.14488251969481525,sad,subject_02,subject_02_sad_session_01
6.524,0.13081088813948166,sad,subject_02,subject_02_sad_session_01
6.528,0.16545325157359722,sad,subject_02,subject_02_sad_session_01
6.532,0.13554507678899258,sad,subject_02,subject_02_sad_session_01
6.536,0.19148870616997113,sad,subject_02,subject_02_sad_session_01
6.54,0.1578619385468349,sad,subject_02,subject_02_sad_session_01
6.544,0.12904847751857249,sad,subject_02,subject_02_sad_session_01
6.548,0.10529976769158408,sad,subject_02,subject_02_sad_session_01
6.552,0.1242682590384819,sad,subject_02,subject_02_sad_session_01
6.556,0.13797789983480518,sad,subject_02,subject_02_sad_session_01
6.56,0.11561043665033786,sad,subject_02,subject_02_sad_session_01
6.564,0.10724110887129543,sad,subject_02,subject_02_sad_session_01
6.568,0.07518937852917826,sad,subject_02,subject_02_sad_session_01
6.572,0.16736829173330742,sad,subject_02,subject_02_sad_session_01
6.576,0.08826062078943131,sad,subject_02,subject_02_sad_session_01
6.58,0.04725817567962148,sad,subject_02,subject_02_sad_session_01
6.584,0.050450428389048105,sad,subject_02,subject_02_sad_session_01
6.588,0.06662253477022025,sad,subject_02,subject_02_sad_session_01
6.592,0.12959392088486296,sad,subject_02,subject_02_sad_session_01
6.596,0.0605286155860495,sad,subject_02,subject_02_sad_session_01
6.6,0.04889351933941666,sad,subject_02,subject_02_sad_session_01
6.604,0.08010181814987205,sad,subject_02,subject_02_sad_session_01
6.608,0.07705931333913724,sad,subject_02,subject_02_sad_session_01
6.612,0.0642288453915545,sad,subject_02,subject_02_sad_session_01
6.616,0.045552979624717396,sad,subject_02,subject_02_sad_session_01
6.62,0.0017113037692909339,sad,subject_02,subject_02_sad_session_01
6.624,0.007788839882843315,sad,subject_02,subject_02_sad_session_01
6.628,-0.021730277579047826,sad,subject_02,subject_02_sad_session_01
6.632,0.01516219944052904,sad,subject_02,subject_02_sad_session_01
6.636,0.005233306823871629,sad,subject_02,subject_02_sad_session_01
6.64,-0.0015783418289813198,sad,subject_02,subject_02_sad_session_01
6.644,0.019164669310280068,sad,subject_02,subject_02_sad_session_01
6.648,-0.012209109187748455,sad,subject_02,subject_02_sad_session_01
6.652,-0.0057824444065794215,sad,subject_02,subject_02_sad_session_01
6.656,-0.013032631442512266,sad,subject_02,subject_02_sad_session_01
6.66,-0.0020766554259967554,sad,subject_02,subject_02_sad_session_01
6.664,0.0073290015951862015,sad,subject_02,subject_02_sad_session_01
6.668,-0.04625241829809469,sad,subject_02,subject_02_sad_session_01
6.672,0.0055488773235405995,sad,subject_02,subject_02_sad_session_01
6.676,-0.0020840228199925093,sad,subject_02,subject_02_sad_session_01
6.68,0.0007419765726172506,sad,subject_02,subject_02_sad_session_01
6.684,-0.009474880533629382,sad,subject_02,subject_02_sad_session_01
6.688,-0.004138440018631532,sad,subject_02,subject_02_sad_session_01
6.692,-0.028836180846294714,sad,subject_02,subject_02_sad_session_01
6.696,-0.004322019665050044,sad,subject_02,subject_02_sad_session_01
6.7,0.015572454604808383,sad,subject_02,subject_02_sad_session_01
6.704,-0.034660504831327404,sad,subject_02,subject_02_sad_session_01
6.708,-0.034507642771294283,sad,subject_02,subject_02_sad_session_01
6.712,-0.0026644363439372737,sad,subject_02,subject_02_sad_session_01
6.716,-0.0389612104814509,sad,subject_02,subject_02_sad_session_01
6.72,-0.04460327771210988,sad,subject_02,subject_02_sad_session_01
6.724,-0.010976693387058764,sad,subject_02,subject_02_sad_session_01
6.728,-0.037108549403494465,sad,subject_02,subject_02_sad_session_01
6.732,0.011962259604690918,sad,subject_02,subject_02_sad_session_01
6.736,-0.03912060575096177,sad,subject_02,subject_02_sad_session_01
6.74,-0.05010554428721019,sad,subject_02,subject_02_sad_session_01
6.744,-0.026031933960646462,sad,subject_02,subject_02_sad_session_01
6.748,-0.01314459006743285,sad,subject_02,subject_02_sad_session_01
6.752,-0.016883995334678763,sad,subject_02,subject_02_sad_session_01
6.756,-0.010582664908608933,sad,subject_02,subject_02_sad_session_01
6.76,-0.0435751174132602,sad,subject_02,subject_02_sad_session_01
6.764,0.00687712745803383,sad,subject_02,subject_02_sad_session_01
6.768,-0.07703491063566728,sad,subject_02,subject_02_sad_session_01
6.772,-0.050968923078814635,sad,subject_02,subject_02_sad_session_01
6.776,-0.026545098267912615,sad,subject_02,subject_02_sad_session_01
6.78,-0.04874862650082823,sad,subject_02,subject_02_sad_session_01
6.784,-0.037252796336560035,sad,subject_02,subject_02_sad_session_01
6.788,-0.05752757593567212,sad,subject_02,subject_02_sad_session_01
6.792,-0.03442905298362087,sad,subject_02,subject_02_sad_session_01
6.796,-0.01439033743397868,sad,subject_02,subject_02_sad_session_01
6.8,-0.044440202576702934,sad,subject_02,subject_02_sad_session_01
6.804,-0.05482736057745123,sad,subject_02,subject_02_sad_session_01
6.808,-0.042364853884024424,sad,subject_02,subject_02_sad_session_01
6.812,0.004504818548395059,sad,subject_02,subject_02_sad_session_01
6.816,0.00418666570218908,sad,subject_02,subject_02_sad_session_01
6.82,-0.043088967578082206,sad,subject_02,subject_02_sad_session_01
6.824,-0.013558247282003692,sad,subject_02,subject_02_sad_session_01
6.828,-0.029414260480674446,sad,subject_02,subject_02_sad_session_01
6.832,0.009603701103429205,sad,subject_02,subject_02_sad_session_01
6.836,-0.023220273108094835,sad,subject_02,subject_02_sad_session_01
6.84,-0.035058978985890214,sad,subject_02,subject_02_sad_session_01
6.844,0.01894392592354495,sad,subject_02,subject_02_sad_session_01
6.848,-0.05680048748509077,sad,subject_02,subject_02_sad_session_01
6.852,-0.019537084595676685,sad,subject_02,subject_02_sad_session_01
6.856,0.011851279031421025,sad,subject_02,subject_02_sad_session_01
6.86,-0.009152354561408251,sad,subject_02,subject_02_sad_session_01
6.864,-0.052014206611036236,sad,subject_02,subject_02_sad_session_01
6.868,-0.05360252797055757,sad,subject_02,subject_02_sad_session_01
6.872,-0.07130734004469841,sad,subject_02,subject_02_sad_session_01
6.876,0.01551396239655535,sad,subject_02,subject_02_sad_session_01
6.88,-0.06284477650271082,sad,subject_02,subject_02_sad_session_01
6.884,-0.007294546573451258,sad,subject_02,subject_02_sad_session_01
6.888,-0.0712741451299162,sad,subject_02,subject_02_sad_session_01
6.892,0.0485207601560311,sad,subject_02,subject_02_sad_session_01
6.896,-0.06840830013810413,sad,subject_02,subject_02_sad_session_01
6.9,-0.026074567806071147,sad,subject_02,subject_02_sad_session_01
6.904,0.009602338860248635,sad,subject_02,subject_02_sad_session_01
6.908,-0.047120208622382365,sad,subject_02,subject_02_sad_session_01
6.912,-0.008219754536759875,sad,subject_02,subject_02_sad_session_01
6.916,-0.03250443677148051,sad,subject_02,subject_02_sad_session_01
6.92,-0.011106305593442741,sad,subject_02,subject_02_sad_session_01
6.924,0.011208678841138374,sad,subject_02,subject_02_sad_session_01
6.928,-0.03226175566067284,sad,subject_02,subject_02_sad_session_01
6.932,0.027591181750074988,sad,subject_02,subject_02_sad_session_01
6.936,-0.0043357510278459275,sad,subject_02,subject_02_sad_session_01
6.94,0.04628442114509293,sad,subject_02,subject_02_sad_session_01
6.944,-0.034043754596097,sad,subject_02,subject_02_sad_session_01
6.948,-0.024911170924844718,sad,subject_02,subject_02_sad_session_01
6.952,-0.00882862720937605,sad,subject_02,subject_02_sad_session_01
6.956,-0.03410983437548083,sad,subject_02,subject_02_sad_session_01
6.96,0.034499126637762625,sad,subject_02,subject_02_sad_session_01
6.964,0.00919216903889058,sad,subject_02,subject_02_sad_session_01
6.968,-0.01792174294106306,sad,subject_02,subject_02_sad_session_01
6.972,-0.0030307811284168255,sad,subject_02,subject_02_sad_session_01
6.976,0.0008768787660268056,sad,subject_02,subject_02_sad_session_01
6.98,0.060065504410627135,sad,subject_02,subject_02_sad_session_01
6.984,0.05142447961067054,sad,subject_02,subject_02_sad_session_01
6.988,0.038968914771687624,sad,subject_02,subject_02_sad_session_01
6.992,0.037012028336804385,sad,subject_02,subject_02_sad_session_01
6.996,0.04552603521292464,sad,subject_02,subject_02_sad_session_01
7.0,0.1104349541321063,sad,subject_02,subject_02_sad_session_01
7.004,0.05380393015794328,sad,subject_02,subject_02_sad_session_01
7.008,0.08978950857537152,sad,subject_02,subject_02_sad_session_01
7.012,0.05677597849629891,sad,subject_02,subject_02_sad_session_01
7.016,0.11901331711565862,sad,subject_02,subject_02_sad_session_01
7.02,0.03309292421558816,sad,subject_02,subject_02_sad_session_01
7.024,0.09423068430649285,sad,subject_02,subject_02_sad_session_01
7.028,0.046801708459067094,sad,subject_02,subject_02_sad_session_01
7.032,0.13476934549700903,sad,subject_02,subject_02_sad_session_01
7.036,0.08732946301092959,sad,subject_02,subject_02_sad_session_01
7.04,0.012631500544982042,sad,subject_02,subject_02_sad_session_01
7.044,0.0324961254875534,sad,subject_02,subject_02_sad_session_01
7.048,0.07712213850408148,sad,subject_02,subject_02_sad_session_01
7.052,0.07194574997843242,sad,subject_02,subject_02_sad_session_01
7.056,0.06495864779973272,sad,subject_02,subject_02_sad_session_01
7.06,0.04711939699649796,sad,subject_02,subject_02_sad_session_01
7.064,0.027611708300820187,sad,subject_02,subject_02_sad_session_01
7.068,0.06443425932748414,sad,subject_02,subject_02_sad_session_01
7.072,0.0005441660492367453,sad,subject_02,subject_02_sad_session_01
7.076,0.022775956034037134,sad,subject_02,subject_02_sad_session_01
7.08,-0.0025866143360615684,sad,subject_02,subject_02_sad_session_01
7.084,-0.00993143129880491,sad,subject_02,subject_02_sad_session_01
7.088,-0.007399460674904593,sad,subject_02,subject_02_sad_session_01
7.092,-0.020086517942629695,sad,subject_02,subject_02_sad_session_01
7.096,0.014389269775194667,sad,subject_02,subject_02_sad_session_01
7.1,-0.050114661502322175,sad,subject_02,subject_02_sad_session_01
7.104,0.0037218978447663507,sad,subject_02,subject_02_sad_session_01
7.108,-0.031261636161587315,sad,subject_02,subject_02_sad_session_01
7.112,-0.01400301409784659,sad,subject_02,subject_02_sad_session_01
7.116,-0.022271248214265797,sad,subject_02,subject_02_sad_session_01
7.12,-0.034283043619271855,sad,subject_02,subject_02_sad_session_01
7.124,0.01533510327303211,sad,subject_02,subject_02_sad_session_01
7.128,-0.033673674233268565,sad,subject_02,subject_02_sad_session_01
7.132,-0.0026930479313020637,sad,subject_02,subject_02_sad_session_01
7.136,-0.0033466305133223392,sad,subject_02,subject_02_sad_session_01
7.14,-0.033875285868982134,sad,subject_02,subject_02_sad_session_01
7.144,-0.0641555782994212,sad,subject_02,subject_02_sad_session_01
7.148,-0.05354365591261505,sad,subject_02,subject_02_sad_session_01
7.152,0.010525359172741399,sad,subject_02,subject_02_sad_session_01
7.156,-0.014227456348934906,sad,subject_02,subject_02_sad_session_01
7.16,-0.026905337876490288,sad,subject_02,subject_02_sad_session_01
7.164,-0.05164155901431983,sad,subject_02,subject_02_sad_session_01
7.168,0.011957379107592245,sad,subject_02,subject_02_sad_session_01
7.172,-0.07253871819637575,sad,subject_02,subject_02_sad_session_01
7.176,-0.04742396919693377,sad,subject_02,subject_02_sad_session_01
7.18,-0.03550711782189916,sad,subject_02,subject_02_sad_session_01
7.184,-0.07596490248131776,sad,subject_02,subject_02_sad_session_01
7.188,-0.026474960920712172,sad,subject_02,subject_02_sad_session_01
7.192,0.03931216498548469,sad,subject_02,subject_02_sad_session_01
7.196,0.1597232734245696,sad,subject_02,subject_02_sad_session_01
7.2,0.22148054867116032,sad,subject_02,subject_02_sad_session_01
7.204,0.30424415218954864,sad,subject_02,subject_02_sad_session_01
7.208,0.41561657888043646,sad,subject_02,subject_02_sad_session_01
7.212,0.5428716707257983,sad,subject_02,subject_02_sad_session_01
7.216,0.6042256465125571,sad,subject_02,subject_02_sad_session_01
7.22,0.7240378340224845,sad,subject_02,subject_02_sad_session_01
7.224,0.7394761704024588,sad,subject_02,subject_02_sad_session_01
7.228,0.6893228635423213,sad,subject_02,subject_02_sad_session_01
7.232,0.6169029160264526,sad,subject_02,subject_02_sad_session_01
7.236,0.5513513217652715,sad,subject_02,subject_02_sad_session_01
7.24,0.4334533037498682,sad,subject_02,subject_02_sad_session_01
7.244,0.2577400901001573,sad,subject_02,subject_02_sad_session_01
7.248,0.14116252788683445,sad,subject_02,subject_02_sad_session_01
7.252,0.08281233452330015,sad,subject_02,subject_02_sad_session_01
7.256,-0.011389992907804947,sad,subject_02,subject_02_sad_session_01
7.26,-0.0547210197048653,sad,subject_02,subject_02_sad_session_01
7.264,-0.12651250268332825,sad,subject_02,subject_02_sad_session_01
7.268,-0.12710999049916016,sad,subject_02,subject_02_sad_session_01
7.272,-0.08078480275302938,sad,subject_02,subject_02_sad_session_01
7.276,-0.09794968847863247,sad,subject_02,subject_02_sad_session_01
7.28,-0.10446840629154226,sad,subject_02,subject_02_sad_session_01
7.284,-0.06252961926511443,sad,subject_02,subject_02_sad_session_01
7.288,-0.0361016932907416,sad,subject_02,subject_02_sad_session_01
7.292,0.029971849392264445,sad,subject_02,subject_02_sad_session_01
7.296,-0.040195196785261365,sad,subject_02,subject_02_sad_session_01
7.3,-0.01270744341735566,sad,subject_02,subject_02_sad_session_01
7.304,0.053612511130617296,sad,subject_02,subject_02_sad_session_01
7.308,-0.0377315653049458,sad,subject_02,subject_02_sad_session_01
7.312,0.017527158874414726,sad,subject_02,subject_02_sad_session_01
7.316,-0.02090760579622074,sad,subject_02,subject_02_sad_session_01
7.32,0.015329844495338906,sad,subject_02,subject_02_sad_session_01
7.324,0.07635949679016857,sad,subject_02,subject_02_sad_session_01
7.328,0.033307207242101636,sad,subject_02,subject_02_sad_session_01
7.332,0.01756313988841865,sad,subject_02,subject_02_sad_session_01
7.336,-0.011870456074408231,sad,subject_02,subject_02_sad_session_01
7.34,0.015266428714509759,sad,subject_02,subject_02_sad_session_01
7.344,0.007642996305701939,sad,subject_02,subject_02_sad_session_01
7.348,-0.014632245253628245,sad,subject_02,subject_02_sad_session_01
7.352,-0.03050124960280825,sad,subject_02,subject_02_sad_session_01
7.356,0.013128911057291054,sad,subject_02,subject_02_sad_session_01
7.36,0.041958952383148784,sad,subject_02,subject_02_sad_session_01
7.364,0.08152246423925322,sad,subject_02,subject_02_sad_session_01
7.368,0.030996944804357593,sad,subject_02,subject_02_sad_session_01
7.372,0.06423779855430681,sad,subject_02,subject_02_sad_session_01
7.376,0.012930059376213457,sad,subject_02,subject_02_sad_session_01
7.38,0.04554060311123438,sad,subject_02,subject_02_sad_session_01
7.384,0.0018084682178740041,sad,subject_02,subject_02_sad_session_01
7.388,0.14799317696130077,sad,subject_02,subject_02_sad_session_01
7.392,0.09269042535063737,sad,subject_02,subject_02_sad_session_01
7.396,0.09753733519599565,sad,subject_02,subject_02_sad_session_01
7.4,0.11438054002444475,sad,subject_02,subject_02_sad_session_01
7.404,0.180028458050769,sad,subject_02,subject_02_sad_session_01
7.408,0.09665730138222463,sad,subject_02,subject_02_sad_session_01
7.412,0.08584244671350506,sad,subject_02,subject_02_sad_session_01
7.416,0.1806815230151137,sad,subject_02,subject_02_sad_session_01
7.42,0.08898783668665419,sad,subject_02,subject_02_sad_session_01
7.424,0.1698923311318401,sad,subject_02,subject_02_sad_session_01
7.428,0.13353207940568326,sad,subject_02,subject_02_sad_session_01
7.432,0.15327837046653,sad,subject_02,subject_02_sad_session_01
7.436,0.10141121626889535,sad,subject_02,subject_02_sad_session_01
7.44,0.22622962658589243,sad,subject_02,subject_02_sad_session_01
7.444,0.14051368249839075,sad,subject_02,subject_02_sad_session_01
7.448,0.13412243427237924,sad,subject_02,subject_02_sad_session_01
7.452,0.17439871622262018,sad,subject_02,subject_02_sad_session_01
7.456,0.14096600876736032,sad,subject_02,subject_02_sad_session_01
7.46,0.17498237039324183,sad,subject_02,subject_02_sad_session_01
7.464,0.12590568942558492,sad,subject_02,subject_02_sad_session_01
7.468,0.16913274152005678,sad,subject_02,subject_02_sad_session_01
7.472,0.1472349179535487,sad,subject_02,subject_02_sad_session_01
7.476,0.14192853029352406,sad,subject_02,subject_02_sad_session_01
7.48,0.13681938331295374,sad,subject_02,subject_02_sad_session_01
7.484,0.19080285054751722,sad,subject_02,subject_02_sad_session_01
7.488,0.15242666328753512,sad,subject_02,subject_02_sad_session_01
7.492,0.1556880766375164,sad,subject_02,subject_02_sad_session_01
7.496,0.17185084459545805,sad,subject_02,subject_02_sad_session_01
7.5,0.19066282314470526,sad,subject_02,subject_02_sad_session_01
7.504,0.12578443831283515,sad,subject_02,subject_02_sad_session_01
7.508,0.15675230224937392,sad,subject_02,subject_02_sad_session_01
7.512,0.11914609852273574,sad,subject_02,subject_02_sad_session_01
7.516,0.13616142115715263,sad,subject_02,subject_02_sad_session_01
7.52,0.17005753511384775,sad,subject_02,subject_02_sad_session_01
7.524,0.06314827689867837,sad,subject_02,subject_02_sad_session_01
7.528,0.10103634975266049,sad,subject_02,subject_02_sad_session_01
7.532,0.11677545843063557,sad,subject_02,subject_02_sad_session_01
7.536,0.12995831382458356,sad,subject_02,subject_02_sad_session_01
7.54,0.14982072819714423,sad,subject_02,subject_02_sad_session_01
7.544,0.056894507414373144,sad,subject_02,subject_02_sad_session_01
7.548,0.14478985981710057,sad,subject_02,subject_02_sad_session_01
7.552,0.11242021018086695,sad,subject_02,subject_02_sad_session_01
7.556,0.08403674489601179,sad,subject_02,subject_02_sad_session_01
7.56,0.04166005197108908,sad,subject_02,subject_02_sad_session_01
7.564,0.06307673154827066,sad,subject_02,subject_02_sad_session_01
7.568,0.10559257494825443,sad,subject_02,subject_02_sad_session_01
7.572,0.07030792047651374,sad,subject_02,subject_02_sad_session_01
7.576,0.05888206046672259,sad,subject_02,subject_02_sad_session_01
7.58,0.03008470749273535,sad,subject_02,subject_02_sad_session_01
7.584,0.07633990192752901,sad,subject_02,subject_02_sad_session_01
7.588,0.04504477607940468,sad,subject_02,subject_02_sad_session_01
7.592,0.037848980341964863,sad,subject_02,subject_02_sad_session_01
7.596,0.03768900768136196,sad,subject_02,subject_02_sad_session_01
7.6,0.016982225449723862,sad,subject_02,subject_02_sad_session_01
7.604,0.007876054899836803,sad,subject_02,subject_02_sad_session_01
7.608,-0.017049303033149752,sad,subject_02,subject_02_sad_session_01
7.612,0.006362593428339409,sad,subject_02,subject_02_sad_session_01
7.616,-0.03243812981137798,sad,subject_02,subject_02_sad_session_01
7.62,0.032966778264384364,sad,subject_02,subject_02_sad_session_01
7.624,-0.004597202942023881,sad,subject_02,subject_02_sad_session_01
7.628,0.000902464244467183,sad,subject_02,subject_02_sad_session_01
7.632,0.008996277533510566,sad,subject_02,subject_02_sad_session_01
7.636,-0.016323036469180083,sad,subject_02,subject_02_sad_session_01
7.64,-0.029687806120182438,sad,subject_02,subject_02_sad_session_01
7.644,0.01021680306215527,sad,subject_02,subject_02_sad_session_01
7.648,0.05840445098927521,sad,subject_02,subject_02_sad_session_01
7.652,0.02737470283814765,sad,subject_02,subject_02_sad_session_01
7.656,0.03695901617867463,sad,subject_02,subject_02_sad_session_01
7.66,-0.04175066622672691,sad,subject_02,subject_02_sad_session_01
7.664,-0.009763483200442853,sad,subject_02,subject_02_sad_session_01
7.668,-0.011052071075215976,sad,subject_02,subject_02_sad_session_01
7.672,0.036769385281565474,sad,subject_02,subject_02_sad_session_01
7.676,0.02056245358500989,sad,subject_02,subject_02_sad_session_01
7.68,-0.01262139052727852,sad,subject_02,subject_02_sad_session_01
7.684,-0.0770071368146511,sad,subject_02,subject_02_sad_session_01
7.688,-0.04369127719290716,sad,subject_02,subject_02_sad_session_01
7.692,0.00957131936174,sad,subject_02,subject_02_sad_session_01
7.696,-0.019455681675150886,sad,subject_02,subject_02_sad_session_01
7.7,-0.013489218732126612,sad,subject_02,subject_02_sad_session_01
7.704,0.007937347001072124,sad,subject_02,subject_02_sad_session_01
7.708,0.023248743765760187,sad,subject_02,subject_02_sad_session_01
7.712,-0.034254773371033394,sad,subject_02,subject_02_sad_session_01
7.716,0.006719401487744152,sad,subject_02,subject_02_sad_session_01
7.72,0.03721269165767142,sad,subject_02,subject_02_sad_session_01
7.724,0.031643123208198946,sad,subject_02,subject_02_sad_session_01
7.728,-0.02715445770982973,sad,subject_02,subject_02_sad_session_01
7.732,-0.002389632697605216,sad,subject_02,subject_02_sad_session_01
7.736,0.01130525389189585,sad,subject_02,subject_02_sad_session_01
7.74,-0.010572452820774902,sad,subject_02,subject_02_sad_session_01
7.744,-0.01859335805784219,sad,subject_02,subject_02_sad_session_01
7.748,-0.06295521999434885,sad,subject_02,subject_02_sad_session_01
7.752,-0.036903004491468924,sad,subject_02,subject_02_sad_session_01
7.756,-0.031707045639894016,sad,subject_02,subject_02_sad_session_01
7.76,-0.04857390816750948,sad,subject_02,subject_02_sad_session_01
7.764,-0.007323416959447694,sad,subject_02,subject_02_sad_session_01
7.768,0.015520979261049436,sad,subject_02,subject_02_sad_session_01
7.772,-0.02291265474124743,sad,subject_02,subject_02_sad_session_01
7.776,-0.07630085084129455,sad,subject_02,subject_02_sad_session_01
7.78,-0.01358933104956454,sad,subject_02,subject_02_sad_session_01
7.784,-0.0016621883230602558,sad,subject_02,subject_02_sad_session_01
7.788,-0.0035302404521359663,sad,subject_02,subject_02_sad_session_01
7.792,-0.03119135337920847,sad,subject_02,subject_02_sad_session_01
7.796,-0.045539266507916634,sad,subject_02,subject_02_sad_session_01
7.8,0.01737326688436458,sad,subject_02,subject_02_sad_session_01
7.804,0.0015068792756705463,sad,subject_02,subject_02_sad_session_01
7.808,-0.029305113481465667,sad,subject_02,subject_02_sad_session_01
7.812,-0.05372349456785598,sad,subject_02,subject_02_sad_session_01
7.816,-0.0018258299413264874,sad,subject_02,subject_02_sad_session_01
7.82,-0.03524197723410284,sad,subject_02,subject_02_sad_session_01
7.824,0.0033590805192861665,sad,subject_02,subject_02_sad_session_01
7.828,-0.0031857212451611473,sad,subject_02,subject_02_sad_session_01
7.832,0.05459616977236345,sad,subject_02,subject_02_sad_session_01
7.836,-0.009827024160594692,sad,subject_02,subject_02_sad_session_01
7.84,0.052768587461663914,sad,subject_02,subject_02_sad_session_01
7.844,-0.004542219925805899,sad,subject_02,subject_02_sad_session_01
7.848,-0.026728833741153767,sad,subject_02,subject_02_sad_session_01
7.852,-0.03807649054953358,sad,subject_02,subject_02_sad_session_01
7.856,-0.032375628903102374,sad,subject_02,subject_02_sad_session_01
7.86,0.0072026797502555955,sad,subject_02,subject_02_sad_session_01
7.864,-0.0013408776967506583,sad,subject_02,subject_02_sad_session_01
7.868,-0.05984856376272788,sad,subject_02,subject_02_sad_session_01
7.872,0.026529395461839474,sad,subject_02,subject_02_sad_session_01
7.876,0.04095056357378598,sad,subject_02,subject_02_sad_session_01
7.88,-0.057976768534326054,sad,subject_02,subject_02_sad_session_01
7.884,0.028837515550660126,sad,subject_02,subject_02_sad_session_01
7.888,0.05012926351838609,sad,subject_02,subject_02_sad_session_01
7.892,-0.05289088596431749,sad,subject_02,subject_02_sad_session_01
7.896,-0.011451608129509986,sad,subject_02,subject_02_sad_session_01
7.9,-0.021097955121542562,sad,subject_02,subject_02_sad_session_01
7.904,0.03570009299921734,sad,subject_02,subject_02_sad_session_01
7.908,-0.003566077489597747,sad,subject_02,subject_02_sad_session_01
7.912,-0.0020530229650478193,sad,subject_02,subject_02_sad_session_01
7.916,0.027266225510794016,sad,subject_02,subject_02_sad_session_01
7.92,0.06480815822984261,sad,subject_02,subject_02_sad_session_01
7.924,0.019913532138644406,sad,subject_02,subject_02_sad_session_01
7.928,0.01173304448914442,sad,subject_02,subject_02_sad_session_01
7.932,0.021753047736382446,sad,subject_02,subject_02_sad_session_01
7.936,0.05477011116825142,sad,subject_02,subject_02_sad_session_01
7.94,0.00010606620077290713,sad,subject_02,subject_02_sad_session_01
7.944,0.04481039824242489,sad,subject_02,subject_02_sad_session_01
7.948,0.02260486117496264,sad,subject_02,subject_02_sad_session_01
7.952,0.02019011960837859,sad,subject_02,subject_02_sad_session_01
7.956,0.0035149928289715873,sad,subject_02,subject_02_sad_session_01
7.96,0.05192738740154999,sad,subject_02,subject_02_sad_session_01
7.964,0.10511522821841146,sad,subject_02,subject_02_sad_session_01
7.968,0.018387103782272367,sad,subject_02,subject_02_sad_session_01
7.972,0.09896764288807618,sad,subject_02,subject_02_sad_session_01
7.976,0.06758670913974303,sad,subject_02,subject_02_sad_session_01
7.98,0.05899485506967832,sad,subject_02,subject_02_sad_session_01
7.984,0.10445681514668659,sad,subject_02,subject_02_sad_session_01
7.988,0.13603140433381883,sad,subject_02,subject_02_sad_session_01
7.992,0.14350317870375956,sad,subject_02,subject_02_sad_session_01
7.996,0.10815974491579622,sad,subject_02,subject_02_sad_session_01
8.0,0.09784090606765752,sad,subject_02,subject_02_sad_session_01
8.004,0.11120934658785228,sad,subject_02,subject_02_sad_session_01
8.008,0.1725134581639915,sad,subject_02,subject_02_sad_session_01
8.012,0.08742840970601093,sad,subject_02,subject_02_sad_session_01
8.016,0.12757398112549667,sad,subject_02,subject_02_sad_session_01
8.02,0.07244971613431302,sad,subject_02,subject_02_sad_session_01
8.024,0.06145240484710514,sad,subject_02,subject_02_sad_session_01
8.028,0.13513075965499755,sad,subject_02,subject_02_sad_session_01
8.032,0.07747108463922805,sad,subject_02,subject_02_sad_session_01
8.036,0.0791872801351374,sad,subject_02,subject_02_sad_session_01
8.04,0.08374511436090931,sad,subject_02,subject_02_sad_session_01
8.044,0.03536431815998431,sad,subject_02,subject_02_sad_session_01
8.048,0.04381114875528236,sad,subject_02,subject_02_sad_session_01
8.052,0.032601970356202964,sad,subject_02,subject_02_sad_session_01
8.056,0.05689182750697526,sad,subject_02,subject_02_sad_session_01
8.06,0.05320772717133124,sad,subject_02,subject_02_sad_session_01
8.064,0.019743247118102984,sad,subject_02,subject_02_sad_session_01
8.068,0.09444644973196553,sad,subject_02,subject_02_sad_session_01
8.072,0.028977835174874095,sad,subject_02,subject_02_sad_session_01
8.076,0.02941457571131085,sad,subject_02,subject_02_sad_session_01
8.08,0.06351970489890879,sad,subject_02,subject_02_sad_session_01
8.084,-0.005800057908272815,sad,subject_02,subject_02_sad_session_01
8.088,0.0023935462516626003,sad,subject_02,subject_02_sad_session_01
8.092,0.024480037247675744,sad,subject_02,subject_02_sad_session_01
8.096,-0.0301564204591045,sad,subject_02,subject_02_sad_session_01
8.1,0.0054677647206518845,sad,subject_02,subject_02_sad_session_01
8.104,0.07285050996146006,sad,subject_02,subject_02_sad_session_01
8.108,0.06515519102145925,sad,subject_02,subject_02_sad_session_01
8.112,0.03636457666288347,sad,subject_02,subject_02_sad_session_01
8.116,0.0442618975387601,sad,subject_02,subject_02_sad_session_01
8.12,0.023031380666240928,sad,subject_02,subject_02_sad_session_01
8.124,-0.005241313089311106,sad,subject_02,subject_02_sad_session_01
8.128,0.0563131455595199,sad,subject_02,subject_02_sad_session_01
8.132,-0.022691489304696978,sad,subject_02,subject_02_sad_session_01
8.136,0.032517033541470675,sad,subject_02,subject_02_sad_session_01
8.14,-0.01576392449616044,sad,subject_02,subject_02_sad_session_01
8.144,-0.01965985552969829,sad,subject_02,subject_02_sad_session_01
8.148,0.003649291272704528,sad,subject_02,subject_02_sad_session_01
8.152,0.044742887340054674,sad,subject_02,subject_02_sad_session_01
8.156,0.030792066876726868,sad,subject_02,subject_02_sad_session_01
8.16,0.017052559109572457,sad,subject_02,subject_02_sad_session_01
8.164,0.04865705001320017,sad,subject_02,subject_02_sad_session_01
8.168,0.13436020967700701,sad,subject_02,subject_02_sad_session_01
8.172,0.23931910945109974,sad,subject_02,subject_02_sad_session_01
8.176,0.250912453237773,sad,subject_02,subject_02_sad_session_01
8.18,0.41436618354007587,sad,subject_02,subject_02_sad_session_01
8.184,0.4992542185218804,sad,subject_02,subject_02_sad_session_01
8.188,0.6235505770028605,sad,subject_02,subject_02_sad_session_01
8.192,0.6673101333212774,sad,subject_02,subject_02_sad_session_01
8.196,0.6924315160310247,sad,subject_02,subject_02_sad_session_01
8.2,0.7095681114197425,sad,subject_02,subject_02_sad_session_01
8.204,0.6948220255408709,sad,subject_02,subject_02_sad_session_01
8.208,0.6546782483985567,sad,subject_02,subject_02_sad_session_01
8.212,0.5096952380275571,sad,subject_02,subject_02_sad_session_01
8.216,0.3877533559189292,sad,subject_02,subject_02_sad_session_01
8.22,0.3005867806593619,sad,subject_02,subject_02_sad_session_01
8.224,0.18027054643859916,sad,subject_02,subject_02_sad_session_01
8.228,0.1242044296708309,sad,subject_02,subject_02_sad_session_01
8.232,0.0281333763044928,sad,subject_02,subject_02_sad_session_01
8.236,-0.07586715710257937,sad,subject_02,subject_02_sad_session_01
8.24,-0.08474472589416578,sad,subject_02,subject_02_sad_session_01
8.244,-0.04187014864662609,sad,subject_02,subject_02_sad_session_01
8.248,-0.07801113674958873,sad,subject_02,subject_02_sad_session_01
8.252,-0.04289976891766911,sad,subject_02,subject_02_sad_session_01
8.256,-0.06616271304053989,sad,subject_02,subject_02_sad_session_01
8.26,-0.03865116373404122,sad,subject_02,subject_02_sad_session_01
8.264,0.04985072730195703,sad,subject_02,subject_02_sad_session_01
8.268,0.02510771356444933,sad,subject_02,subject_02_sad_session_01
8.272,0.006691831007695572,sad,subject_02,subject_02_sad_session_01
8.276,0.01480693599117549,sad,subject_02,subject_02_sad_session_01
8.28,0.08401142160849215,sad,subject_02,subject_02_sad_session_01
8.284,0.015620341189586273,sad,subject_02,subject_02_sad_session_01
8.288,0.05225610392759224,sad,subject_02,subject_02_sad_session_01
8.292,0.06702580850327743,sad,subject_02,subject_02_sad_session_01
8.296,0.0872183581173592,sad,subject_02,subject_02_sad_session_01
8.3,0.02151276952358422,sad,subject_02,subject_02_sad_session_01
8.304,0.008437149256760243,sad,subject_02,subject_02_sad_session_01
8.308,0.020891787174340953,sad,subject_02,subject_02_sad_session_01
8.312,0.07972254284505537,sad,subject_02,subject_02_sad_session_01
8.316,0.12154662998602173,sad,subject_02,subject_02_sad_session_01
8.32,0.08896772131236533,sad,subject_02,subject_02_sad_session_01
8.324,0.05061673310982295,sad,subject_02,subject_02_sad_session_01
8.328,0.11064201513958974,sad,subject_02,subject_02_sad_session_01
8.332,0.06573063991180143,sad,subject_02,subject_02_sad_session_01
8.336,0.05982997315857339,sad,subject_02,subject_02_sad_session_01
8.34,0.07998577463478322,sad,subject_02,subject_02_sad_session_01
8.344,0.07779887272327937,sad,subject_02,subject_02_sad_session_01
8.348,0.07962009733414316,sad,subject_02,subject_02_sad_session_01
8.352,0.14289679564123847,sad,subject_02,subject_02_sad_session_01
8.356,0.09644052364240434,sad,subject_02,subject_02_sad_session_01
8.36,0.0700452721296386,sad,subject_02,subject_02_sad_session_01
8.364,0.14104685346826723,sad,subject_02,subject_02_sad_session_01
8.368,0.1006692361568795,sad,subject_02,subject_02_sad_session_01
8.372,0.10747707893648671,sad,subject_02,subject_02_sad_session_01
8.376,0.16200124447837083,sad,subject_02,subject_02_sad_session_01
8.38,0.12496052156886867,sad,subject_02,subject_02_sad_session_01
8.384,0.1388103701104106,sad,subject_02,subject_02_sad_session_01
8.388,0.15921482555954242,sad,subject_02,subject_02_sad_session_01
8.392,0.15476214715850212,sad,subject_02,subject_02_sad_session_01
8.396,0.15569555268493268,sad,subject_02,subject_02_sad_session_01
8.4,0.10328823021194564,sad,subject_02,subject_02_sad_session_01
8.404,0.17314819659669733,sad,subject_02,subject_02_sad_session_01
8.408,0.23121793113603056,sad,subject_02,subject_02_sad_session_01
8.412,0.2058770524496582,sad,subject_02,subject_02_sad_session_01
8.416,0.17956155274461483,sad,subject_02,subject_02_sad_session_01
8.42,0.20841035135305566,sad,subject_02,subject_02_sad_session_01
8.424,0.21621991554828715,sad,subject_02,subject_02_sad_session_01
8.428,0.17482589874925827,sad,subject_02,subject_02_sad_session_01
8.432,0.24006758851399507,sad,subject_02,subject_02_sad_session_01
8.436,0.20906959511874562,sad,subject_02,subject_02_sad_session_01
8.44,0.19618043560444928,sad,subject_02,subject_02_sad_session_01
8.444,0.25417521185162545,sad,subject_02,subject_02_sad_session_01
8.448,0.1448570229323461,sad,subject_02,subject_02_sad_session_01
8.452,0.17160832062441533,sad,subject_02,subject_02_sad_session_01
8.456,0.22563839266915878,sad,subject_02,subject_02_sad_session_01
8.46,0.22565735982353746,sad,subject_02,subject_02_sad_session_01
8.464,0.25342804005370445,sad,subject_02,subject_02_sad_session_01
8.468,0.13449088609745644,sad,subject_02,subject_02_sad_session_01
8.472,0.22564848287954467,sad,subject_02,subject_02_sad_session_01
8.476,0.15983310012714924,sad,subject_02,subject_02_sad_session_01
8.48,0.20667601388028475,sad,subject_02,subject_02_sad_session_01
8.484,0.1887063921765772,sad,subject_02,subject_02_sad_session_01
8.488,0.21235952846200012,sad,subject_02,subject_02_sad_session_01
8.492,0.17569196944921597,sad,subject_02,subject_02_sad_session_01
8.496,0.20868833053980146,sad,subject_02,subject_02_sad_session_01
8.5,0.14886425542226123,sad,subject_02,subject_02_sad_session_01
8.504,0.16638793912967892,sad,subject_02,subject_02_sad_session_01
8.508,0.16954678837326173,sad,subject_02,subject_02_sad_session_01
8.512,0.20883600079470607,sad,subject_02,subject_02_sad_session_01
8.516,0.1781671641086666,sad,subject_02,subject_02_sad_session_01
8.52,0.15385719266241263,sad,subject_02,subject_02_sad_session_01
8.524,0.1614035392748203,sad,subject_02,subject_02_sad_session_01
8.528,0.16924265222937246,sad,subject_02,subject_02_sad_session_01
8.532,0.14233770999059953,sad,subject_02,subject_02_sad_session_01
8.536,0.09481075012236335,sad,subject_02,subject_02_sad_session_01
8.54,0.13893487157900936,sad,subject_02,subject_02_sad_session_01
8.544,0.11382340410832743,sad,subject_02,subject_02_sad_session_01
8.548,0.09876865210220463,sad,subject_02,subject_02_sad_session_01
8.552,0.08060356546386663,sad,subject_02,subject_02_sad_session_01
8.556,0.11647844177376734,sad,subject_02,subject_02_sad_session_01
8.56,0.10954802825680755,sad,subject_02,subject_02_sad_session_01
8.564,0.06077650609133598,sad,subject_02,subject_02_sad_session_01
8.568,0.051693587649672516,sad,subject_02,subject_02_sad_session_01
8.572,0.1372470370586953,sad,subject_02,subject_02_sad_session_01
8.576,0.10213424930806406,sad,subject_02,subject_02_sad_session_01
8.58,0.07493576786890423,sad,subject_02,subject_02_sad_session_01
8.584,0.08674553778998637,sad,subject_02,subject_02_sad_session_01
8.588,0.050957923021110685,sad,subject_02,subject_02_sad_session_01
8.592,0.05645781006483073,sad,subject_02,subject_02_sad_session_01
8.596,0.05912058179002268,sad,subject_02,subject_02_sad_session_01
8.6,0.08445695678597681,sad,subject_02,subject_02_sad_session_01
8.604,0.010380215117271156,sad,subject_02,subject_02_sad_session_01
8.608,0.019620358201827066,sad,subject_02,subject_02_sad_session_01
8.612,0.011124126462857438,sad,subject_02,subject_02_sad_session_01
8.616,0.07128174197187452,sad,subject_02,subject_02_sad_session_01
8.62,0.04065893470657823,sad,subject_02,subject_02_sad_session_01
8.624,0.014361624878610143,sad,subject_02,subject_02_sad_session_01
8.628,0.03353417527841995,sad,subject_02,subject_02_sad_session_01
8.632,0.01970422249188821,sad,subject_02,subject_02_sad_session_01
8.636,-0.00575603633456525,sad,subject_02,subject_02_sad_session_01
8.64,0.07384640527633872,sad,subject_02,subject_02_sad_session_01
8.644,0.03043695851799153,sad,subject_02,subject_02_sad_session_01
8.648,0.07241893167588906,sad,subject_02,subject_02_sad_session_01
8.652,-0.010441368334558429,sad,subject_02,subject_02_sad_session_01
8.656,0.04735684447284999,sad,subject_02,subject_02_sad_session_01
8.66,-0.011747928159280371,sad,subject_02,subject_02_sad_session_01
8.664,0.10427167015856127,sad,subject_02,subject_02_sad_session_01
8.668,-0.021513481718028506,sad,subject_02,subject_02_sad_session_01
8.672,0.08378065945371518,sad,subject_02,subject_02_sad_session_01
8.676,0.02889929667828149,sad,subject_02,subject_02_sad_session_01
8.68,0.023662736127230456,sad,subject_02,subject_02_sad_session_01
8.684,0.04652785953142195,sad,subject_02,subject_02_sad_session_01
8.688,0.00045580197547614304,sad,subject_02,subject_02_sad_session_01
8.692,0.05193992718729522,sad,subject_02,subject_02_sad_session_01
8.696,0.05396380101960863,sad,subject_02,subject_02_sad_session_01
8.7,0.028430530333628964,sad,subject_02,subject_02_sad_session_01
8.704,0.03546305655962528,sad,subject_02,subject_02_sad_session_01
8.708,0.08576448193798948,sad,subject_02,subject_02_sad_session_01
8.712,0.04734627819715827,sad,subject_02,subject_02_sad_session_01
8.716,0.004299948715027854,sad,subject_02,subject_02_sad_session_01
8.72,0.050254095758693586,sad,subject_02,subject_02_sad_session_01
8.724,0.011586618535390818,sad,subject_02,subject_02_sad_session_01
8.728,0.005777150642870717,sad,subject_02,subject_02_sad_session_01
8.732,0.04311289025753318,sad,subject_02,subject_02_sad_session_01
8.736,-0.002528444442434181,sad,subject_02,subject_02_sad_session_01
8.74,0.029170825345251648,sad,subject_02,subject_02_sad_session_01
8.744,0.04802470899550474,sad,subject_02,subject_02_sad_session_01
8.748,0.0851420409515708,sad,subject_02,subject_02_sad_session_01
8.752,0.04704386346562388,sad,subject_02,subject_02_sad_session_01
8.756,-0.016158379830851603,sad,subject_02,subject_02_sad_session_01
8.76,-0.011423041332316204,sad,subject_02,subject_02_sad_session_01
8.764,0.07983337859750482,sad,subject_02,subject_02_sad_session_01
8.768,0.009069952079750046,sad,subject_02,subject_02_sad_session_01
8.772,-0.017340056299843132,sad,subject_02,subject_02_sad_session_01
8.776,-0.001931234637591265,sad,subject_02,subject_02_sad_session_01
8.78,0.05209525153725594,sad,subject_02,subject_02_sad_session_01
8.784,0.03171769672312595,sad,subject_02,subject_02_sad_session_01
8.788,0.047815671960063116,sad,subject_02,subject_02_sad_session_01
8.792,0.027471085769935396,sad,subject_02,subject_02_sad_session_01
8.796,-0.004555436956592409,sad,subject_02,subject_02_sad_session_01
8.8,-0.02501397798712739,sad,subject_02,subject_02_sad_session_01
8.804,0.003645247046481042,sad,subject_02,subject_02_sad_session_01
8.808,0.032423344018935894,sad,subject_02,subject_02_sad_session_01
8.812,-0.006637956539288177,sad,subject_02,subject_02_sad_session_01
8.816,0.05846827599453372,sad,subject_02,subject_02_sad_session_01
8.82,-0.0008894304017838285,sad,subject_02,subject_02_sad_session_01
8.824,-0.020290746699268256,sad,subject_02,subject_02_sad_session_01
8.828,0.029475125307087992,sad,subject_02,subject_02_sad_session_01
8.832,0.05250333898669331,sad,subject_02,subject_02_sad_session_01
8.836,0.07473434756003611,sad,subject_02,subject_02_sad_session_01
8.84,-0.0180592189071001,sad,subject_02,subject_02_sad_session_01
8.844,0.07341770412808812,sad,subject_02,subject_02_sad_session_01
8.848,0.036770409028963995,sad,subject_02,subject_02_sad_session_01
8.852,0.01319289178713572,sad,subject_02,subject_02_sad_session_01
8.856,0.05298947227535311,sad,subject_02,subject_02_sad_session_01
8.86,0.07412041312019277,sad,subject_02,subject_02_sad_session_01
8.864,-0.01584372868008413,sad,subject_02,subject_02_sad_session_01
8.868,0.02287085446241692,sad,subject_02,subject_02_sad_session_01
8.872,0.02095615249177807,sad,subject_02,subject_02_sad_session_01
8.876,0.05782689183867419,sad,subject_02,subject_02_sad_session_01
8.88,0.08487750662673271,sad,subject_02,subject_02_sad_session_01
8.884,0.04560988740771852,sad,subject_02,subject_02_sad_session_01
8.888,0.03729560953555426,sad,subject_02,subject_02_sad_session_01
8.892,0.062413375696638504,sad,subject_02,subject_02_sad_session_01
8.896,0.045357397671523865,sad,subject_02,subject_02_sad_session_01
8.9,-0.009005002267068324,sad,subject_02,subject_02_sad_session_01
8.904,0.07562703348755588,sad,subject_02,subject_02_sad_session_01
8.908,0.09405067259789018,sad,subject_02,subject_02_sad_session_01
8.912,0.10135893154898082,sad,subject_02,subject_02_sad_session_01
8.916,0.03940199760630867,sad,subject_02,subject_02_sad_session_01
8.92,0.09744773141026292,sad,subject_02,subject_02_sad_session_01
8.924,0.13052443272863978,sad,subject_02,subject_02_sad_session_01
8.928,0.16585489707353562,sad,subject_02,subject_02_sad_session_01
8.932,0.1097057675955822,sad,subject_02,subject_02_sad_session_01
8.936,0.13017367540347605,sad,subject_02,subject_02_sad_session_01
8.94,0.07602449521783608,sad,subject_02,subject_02_sad_session_01
8.944,0.07697579268302274,sad,subject_02,subject_02_sad_session_01
8.948,0.1448052757595093,sad,subject_02,subject_02_sad_session_01
8.952,0.058156329427231,sad,subject_02,subject_02_sad_session_01
8.956,0.12739421051484554,sad,subject_02,subject_02_sad_session_01
8.96,0.16852866579287312,sad,subject_02,subject_02_sad_session_01
8.964,0.14917629623921666,sad,subject_02,subject_02_sad_session_01
8.968,0.15042955912860273,sad,subject_02,subject_02_sad_session_01
8.972,0.12843922037461913,sad,subject_02,subject_02_sad_session_01
8.976,0.11751399205035908,sad,subject_02,subject_02_sad_session_01
8.98,0.19355532870464895,sad,subject_02,subject_02_sad_session_01
8.984,0.16425838431783651,sad,subject_02,subject_02_sad_session_01
8.988,0.15024818866876263,sad,subject_02,subject_02_sad_session_01
8.992,0.12263672408804101,sad,subject_02,subject_02_sad_session_01
8.996,0.10061712391200398,sad,subject_02,subject_02_sad_session_01
9.0,0.14634804431029674,sad,subject_02,subject_02_sad_session_01
9.004,0.10013864284762897,sad,subject_02,subject_02_sad_session_01
9.008,0.10675463895481668,sad,subject_02,subject_02_sad_session_01
9.012,0.11767122000866265,sad,subject_02,subject_02_sad_session_01
9.016,0.10014569230887951,sad,subject_02,subject_02_sad_session_01
9.02,0.13496892883127432,sad,subject_02,subject_02_sad_session_01
9.024,0.043509638545005856,sad,subject_02,subject_02_sad_session_01
9.028,0.07987686726360854,sad,subject_02,subject_02_sad_session_01
9.032,0.13692397776744342,sad,subject_02,subject_02_sad_session_01
9.036,0.09485245912390866,sad,subject_02,subject_02_sad_session_01
9.04,0.05746717247106245,sad,subject_02,subject_02_sad_session_01
9.044,0.08309342206111321,sad,subject_02,subject_02_sad_session_01
9.048,0.053782359743182066,sad,subject_02,subject_02_sad_session_01
9.052,0.09563912939166844,sad,subject_02,subject_02_sad_session_01
9.056,0.07306988863876132,sad,subject_02,subject_02_sad_session_01
9.06,0.019566873002202414,sad,subject_02,subject_02_sad_session_01
9.064,0.05017722932112861,sad,subject_02,subject_02_sad_session_01
9.068,0.05336587152590089,sad,subject_02,subject_02_sad_session_01
9.072,0.05292658438109793,sad,subject_02,subject_02_sad_session_01
9.076,0.04679362695505941,sad,subject_02,subject_02_sad_session_01
9.08,0.052767396309408646,sad,subject_02,subject_02_sad_session_01
9.084,0.04720939427874907,sad,subject_02,subject_02_sad_session_01
9.088,0.0120079851830554,sad,subject_02,subject_02_sad_session_01
9.092,0.019110271821525207,sad,subject_02,subject_02_sad_session_01
9.096,0.024437381078845574,sad,subject_02,subject_02_sad_session_01
9.1,0.03416438742934174,sad,subject_02,subject_02_sad_session_01
9.104,0.022747235262156447,sad,subject_02,subject_02_sad_session_01
9.108,0.061657507685417084,sad,subject_02,subject_02_sad_session_01
9.112,-0.003192721555782367,sad,subject_02,subject_02_sad_session_01
9.116,-0.031140154587301423,sad,subject_02,subject_02_sad_session_01
9.12,0.07360466445975859,sad,subject_02,subject_02_sad_session_01
9.124,-0.01614704960781213,sad,subject_02,subject_02_sad_session_01
9.128,0.03910144437894238,sad,subject_02,subject_02_sad_session_01
9.132,0.03196105386717799,sad,subject_02,subject_02_sad_session_01
9.136,0.014583419521796665,sad,subject_02,subject_02_sad_session_01
9.14,0.08070060495891082,sad,subject_02,subject_02_sad_session_01
9.144,0.14732870427429792,sad,subject_02,subject_02_sad_session_01
9.148,0.25972283387768536,sad,subject_02,subject_02_sad_session_01
9.152,0.3348623469642876,sad,subject_02,subject_02_sad_session_01
9.156,0.46746753740902025,sad,subject_02,subject_02_sad_session_01
9.16,0.5813303076650015,sad,subject_02,subject_02_sad_session_01
9.164,0.7084630428853391,sad,subject_02,subject_02_sad_session_01
9.168,0.7287602436339657,sad,subject_02,subject_02_sad_session_01
9.172,0.7420613226501982,sad,subject_02,subject_02_sad_session_01
9.176,0.7453374566834319,sad,subject_02,subject_02_sad_session_01
9.18,0.7233560267064799,sad,subject_02,subject_02_sad_session_01
9.184,0.5751808426424622,sad,subject_02,subject_02_sad_session_01
9.188,0.5546427139933471,sad,subject_02,subject_02_sad_session_01
9.192,0.3959740698623628,sad,subject_02,subject_02_sad_session_01
9.196,0.28423344999951267,sad,subject_02,subject_02_sad_session_01
9.2,0.16502533075928855,sad,subject_02,subject_02_sad_session_01
9.204,0.04664625006577479,sad,subject_02,subject_02_sad_session_01
9.208,-0.030900581058564,sad,subject_02,subject_02_sad_session_01
9.212,-0.05689202787359479,sad,subject_02,subject_02_sad_session_01
9.216,-0.09425657821522287,sad,subject_02,subject_02_sad_session_01
9.22,-0.03403111366068039,sad,subject_02,subject_02_sad_session_01
9.224,-0.034482110265618385,sad,subject_02,subject_02_sad_session_01
9.228,-0.05715044773568474,sad,subject_02,subject_02_sad_session_01
9.232,-0.012188557991312403,sad,subject_02,subject_02_sad_session_01
9.236,0.03990830351702189,sad,subject_02,subject_02_sad_session_01
9.24,0.06930610349491241,sad,subject_02,subject_02_sad_session_01
9.244,-0.0010805163283431826,sad,subject_02,subject_02_sad_session_01
9.248,0.1069475065882955,sad,subject_02,subject_02_sad_session_01
9.252,0.01667483038816496,sad,subject_02,subject_02_sad_session_01
9.256,-0.002972762980344615,sad,subject_02,subject_02_sad_session_01
9.26,0.10338823553726981,sad,subject_02,subject_02_sad_session_01
9.264,0.02194314219323019,sad,subject_02,subject_02_sad_session_01
9.268,0.1015072806935444,sad,subject_02,subject_02_sad_session_01
9.272,0.038640014579847726,sad,subject_02,subject_02_sad_session_01
9.276,0.05278067137661888,sad,subject_02,subject_02_sad_session_01
9.28,0.025609213486420174,sad,subject_02,subject_02_sad_session_01
9.284,0.10648076733632246,sad,subject_02,subject_02_sad_session_01
9.288,0.10596255589126993,sad,subject_02,subject_02_sad_session_01
9.292,0.055755888363521425,sad,subject_02,subject_02_sad_session_01
9.296,0.07733949752840652,sad,subject_02,subject_02_sad_session_01
9.3,0.10366576660107162,sad,subject_02,subject_02_sad_session_01
9.304,0.07407297387439674,sad,subject_02,subject_02_sad_session_01
9.308,0.13374211114534865,sad,subject_02,subject_02_sad_session_01
9.312,0.09441775956347231,sad,subject_02,subject_02_sad_session_01
9.316,0.08695241113728377,sad,subject_02,subject_02_sad_session_01
9.32,0.06014673736421336,sad,subject_02,subject_02_sad_session_01
9.324,0.07405045839836516,sad,subject_02,subject_02_sad_session_01
9.328,0.13586491416444624,sad,subject_02,subject_02_sad_session_01
9.332,0.1307143711932417,sad,subject_02,subject_02_sad_session_01
9.336,0.15363800395722318,sad,subject_02,subject_02_sad_session_01
9.34,0.11784574487216329,sad,subject_02,subject_02_sad_session_01
9.344,0.09107896685895157,sad,subject_02,subject_02_sad_session_01
9.348,0.1310101237178424,sad,subject_02,subject_02_sad_session_01
9.352,0.21258386471904003,sad,subject_02,subject_02_sad_session_01
9.356,0.12798285143946073,sad,subject_02,subject_02_sad_session_01
9.36,0.1612196591938189,sad,subject_02,subject_02_sad_session_01
9.364,0.09516186609677811,sad,subject_02,subject_02_sad_session_01
9.368,0.15706843013910085,sad,subject_02,subject_02_sad_session_01
9.372,0.16514930829386948,sad,subject_02,subject_02_sad_session_01
9.376,0.1922005444405872,sad,subject_02,subject_02_sad_session_01
9.38,0.17712831921959374,sad,subject_02,subject_02_sad_session_01
9.384,0.14524434265765182,sad,subject_02,subject_02_sad_session_01
9.388,0.17470430867969297,sad,subject_02,subject_02_sad_session_01
9.392,0.19197937426245543,sad,subject_02,subject_02_sad_session_01
9.396,0.17132256030829413,sad,subject_02,subject_02_sad_session_01
9.4,0.17839971886777997,sad,subject_02,subject_02_sad_session_01
9.404,0.236387657421832,sad,subject_02,subject_02_sad_session_01
9.408,0.18936326536264822,sad,subject_02,subject_02_sad_session_01
9.412,0.22274186357437045,sad,subject_02,subject_02_sad_session_01
9.416,0.20521272660657736,sad,subject_02,subject_02_sad_session_01
9.42,0.17413749250383836,sad,subject_02,subject_02_sad_session_01
9.424,0.20109423889517453,sad,subject_02,subject_02_sad_session_01
9.428,0.2193901836339378,sad,subject_02,subject_02_sad_session_01
9.432,0.2618744160356654,sad,subject_02,subject_02_sad_session_01
9.436,0.18525273322861271,sad,subject_02,subject_02_sad_session_01
9.44,0.2040596159810732,sad,subject_02,subject_02_sad_session_01
9.444,0.23164686690016362,sad,subject_02,subject_02_sad_session_01
9.448,0.23952343608606771,sad,subject_02,subject_02_sad_session_01
9.452,0.17916820561216393,sad,subject_02,subject_02_sad_session_01
9.456,0.19050554963350208,sad,subject_02,subject_02_sad_session_01
9.46,0.2247435212324076,sad,subject_02,subject_02_sad_session_01
9.464,0.20255501548166177,sad,subject_02,subject_02_sad_session_01
9.468,0.21375700048969196,sad,subject_02,subject_02_sad_session_01
9.472,0.2131613004624268,sad,subject_02,subject_02_sad_session_01
9.476,0.1896485801388337,sad,subject_02,subject_02_sad_session_01
9.48,0.17214649265098494,sad,subject_02,subject_02_sad_session_01
9.484,0.14233099041290337,sad,subject_02,subject_02_sad_session_01
9.488,0.14960324086823842,sad,subject_02,subject_02_sad_session_01
9.492,0.14594470293385978,sad,subject_02,subject_02_sad_session_01
9.496,0.18151456063878763,sad,subject_02,subject_02_sad_session_01
9.5,0.14504347017714833,sad,subject_02,subject_02_sad_session_01
9.504,0.1395105194792873,sad,subject_02,subject_02_sad_session_01
9.508,0.09830150426185025,sad,subject_02,subject_02_sad_session_01
9.512,0.1584742112843793,sad,subject_02,subject_02_sad_session_01
9.516,0.0935935414891646,sad,subject_02,subject_02_sad_session_01
9.52,0.10242621815972525,sad,subject_02,subject_02_sad_session_01
9.524,0.14470717383874523,sad,subject_02,subject_02_sad_session_01
9.528,0.1266028919436584,sad,subject_02,subject_02_sad_session_01
9.532,0.06923154327313853,sad,subject_02,subject_02_sad_session_01
9.536,0.057236655054684345,sad,subject_02,subject_02_sad_session_01
9.54,0.07853584110610032,sad,subject_02,subject_02_sad_session_01
9.544,0.0625830947914059,sad,subject_02,subject_02_sad_session_01
9.548,0.03127128321039505,sad,subject_02,subject_02_sad_session_01
9.552,0.0483107262922466,sad,subject_02,subject_02_sad_session_01
9.556,-0.015712805603589744,sad,subject_02,subject_02_sad_session_01
9.56,0.0898733818998404,sad,subject_02,subject_02_sad_session_01
9.564,0.0842188772302635,sad,subject_02,subject_02_sad_session_01
9.568,0.09772024623822327,sad,subject_02,subject_02_sad_session_01
9.572,0.06267503738330737,sad,subject_02,subject_02_sad_session_01
9.576,0.03548095438947082,sad,subject_02,subject_02_sad_session_01
9.58,0.07668389334912219,sad,subject_02,subject_02_sad_session_01
9.584,0.0221843576372294,sad,subject_02,subject_02_sad_session_01
9.588,0.0008674332396163414,sad,subject_02,subject_02_sad_session_01
9.592,0.033863097577590186,sad,subject_02,subject_02_sad_session_01
9.596,0.0484023834670506,sad,subject_02,subject_02_sad_session_01
9.6,0.009669509952047833,sad,subject_02,subject_02_sad_session_01
9.604,0.00071854529970862,sad,subject_02,subject_02_sad_session_01
9.608,0.017903372473271003,sad,subject_02,subject_02_sad_session_01
9.612,0.04117161718006919,sad,subject_02,subject_02_sad_session_01
9.616,0.022989151668114258,sad,subject_02,subject_02_sad_session_01
9.62,0.10510788004496617,sad,subject_02,subject_02_sad_session_01
9.624,0.020706440698996444,sad,subject_02,subject_02_sad_session_01
9.628,0.04618968595786689,sad,subject_02,subject_02_sad_session_01
9.632,-0.020812397762799327,sad,subject_02,subject_02_sad_session_01
9.636,0.039326855296586805,sad,subject_02,subject_02_sad_session_01
9.64,0.007002055383574787,sad,subject_02,subject_02_sad_session_01
9.644,0.019823764085548673,sad,subject_02,subject_02_sad_session_01
9.648,0.07000081569008064,sad,subject_02,subject_02_sad_session_01
9.652,0.007587149637354991,sad,subject_02,subject_02_sad_session_01
9.656,-0.021070952299713456,sad,subject_02,subject_02_sad_session_01
9.66,-0.016928703679866267,sad,subject_02,subject_02_sad_session_01
9.664,0.022331225809918732,sad,subject_02,subject_02_sad_session_01
9.668,0.020254761919984612,sad,subject_02,subject_02_sad_session_01
9.672,0.018594195236948472,sad,subject_02,subject_02_sad_session_01
9.676,-0.02266621219166303,sad,subject_02,subject_02_sad_session_01
9.68,0.07633656167643584,sad,subject_02,subject_02_sad_session_01
9.684,0.059152717667231264,sad,subject_02,subject_02_sad_session_01
9.688,0.01882027437158895,sad,subject_02,subject_02_sad_session_01
9.692,-0.031011032608438655,sad,subject_02,subject_02_sad_session_01
9.696,0.06188535707213338,sad,subject_02,subject_02_sad_session_01
9.7,0.04819972400895472,sad,subject_02,subject_02_sad_session_01
9.704,0.016935309346079955,sad,subject_02,subject_02_sad_session_01
9.708,0.04958054911539712,sad,subject_02,subject_02_sad_session_01
9.712,-0.0014363029461242748,sad,subject_02,subject_02_sad_session_01
9.716,-0.015630627595036084,sad,subject_02,subject_02_sad_session_01
9.72,0.017688780908913748,sad,subject_02,subject_02_sad_session_01
9.724,-0.03381824832607997,sad,subject_02,subject_02_sad_session_01
9.728,-0.020738749179726956,sad,subject_02,subject_02_sad_session_01
9.732,0.028686722180179283,sad,subject_02,subject_02_sad_session_01
9.736,0.019378790715628817,sad,subject_02,subject_02_sad_session_01
9.74,-0.029458725436427267,sad,subject_02,subject_02_sad_session_01
9.744,-0.00046429804164327404,sad,subject_02,subject_02_sad_session_01
9.748,-0.028519651689572573,sad,subject_02,subject_02_sad_session_01
9.752,-0.0032155884895225303,sad,subject_02,subject_02_sad_session_01
9.756,-0.006673583430135903,sad,subject_02,subject_02_sad_session_01
9.76,0.04085335675048243,sad,subject_02,subject_02_sad_session_01
9.764,0.006209041296224194,sad,subject_02,subject_02_sad_session_01
9.768,0.003445131765228128,sad,subject_02,subject_02_sad_session_01
9.772,-0.0011960752493895242,sad,subject_02,subject_02_sad_session_01
9.776,-0.04120202194181614,sad,subject_02,subject_02_sad_session_01
9.78,0.00730441168670759,sad,subject_02,subject_02_sad_session_01
9.784,0.02460508188471259,sad,subject_02,subject_02_sad_session_01
9.788,0.016937118737745803,sad,subject_02,subject_02_sad_session_01
9.792,0.03065302176597094,sad,subject_02,subject_02_sad_session_01
9.796,0.03201979038693817,sad,subject_02,subject_02_sad_session_01
9.8,0.07565703945213952,sad,subject_02,subject_02_sad_session_01
9.804,-0.024180039486555775,sad,subject_02,subject_02_sad_session_01
9.808,0.016734352142904873,sad,subject_02,subject_02_sad_session_01
9.812,0.020160444366497575,sad,subject_02,subject_02_sad_session_01
9.816,0.0002931326909558687,sad,subject_02,subject_02_sad_session_01
9.82,-0.008877223432790276,sad,subject_02,subject_02_sad_session_01
9.824,0.025368416598214184,sad,subject_02,subject_02_sad_session_01
9.828,0.022912534918493183,sad,subject_02,subject_02_sad_session_01
9.832,-0.020203588268594107,sad,subject_02,subject_02_sad_session_01
9.836,-0.04181966559630654,sad,subject_02,subject_02_sad_session_01
9.84,-0.001736361780016904,sad,subject_02,subject_02_sad_session_01
9.844,-0.0060784114220936505,sad,subject_02,subject_02_sad_session_01
9.848,0.033555100718111894,sad,subject_02,subject_02_sad_session_01
9.852,-0.010635819515376663,sad,subject_02,subject_02_sad_session_01
9.856,0.013652049097796083,sad,subject_02,subject_02_sad_session_01
9.86,-0.030020738243146237,sad,subject_02,subject_02_sad_session_01
9.864,-0.022823835967160196,sad,subject_02,subject_02_sad_session_01
9.868,0.003512916440744928,sad,subject_02,subject_02_sad_session_01
9.872,0.022308654656172627,sad,subject_02,subject_02_sad_session_01
9.876,0.008808022240316769,sad,subject_02,subject_02_sad_session_01
9.88,0.04160484388797441,sad,subject_02,subject_02_sad_session_01
9.884,-0.00947095377201098,sad,subject_02,subject_02_sad_session_01
9.888,0.039654837842890575,sad,subject_02,subject_02_sad_session_01
9.892,0.04479464902345927,sad,subject_02,subject_02_sad_session_01
9.896,0.012457535099621116,sad,subject_02,subject_02_sad_session_01
9.9,0.06787755676973245,sad,subject_02,subject_02_sad_session_01
9.904,0.0011529375836352718,sad,subject_02,subject_02_sad_session_01
9.908,0.05084765358912979,sad,subject_02,subject_02_sad_session_01
9.912,0.10010112797738173,sad,subject_02,subject_02_sad_session_01
9.916,0.01459557715221016,sad,subject_02,subject_02_sad_session_01
9.92,0.10605025573471888,sad,subject_02,subject_02_sad_session_01
9.924,0.055120268652823164,sad,subject_02,subject_02_sad_session_01
9.928,0.07607856903088807,sad,subject_02,subject_02_sad_session_01
9.932,0.13911268042536185,sad,subject_02,subject_02_sad_session_01
9.936,0.08058836997915547,sad,subject_02,subject_02_sad_session_01
9.94,0.14958551796820221,sad,subject_02,subject_02_sad_session_01
9.944,0.09304075288123743,sad,subject_02,subject_02_sad_session_01
9.948,0.0999082228001696,sad,subject_02,subject_02_sad_session_01
9.952,0.12717369990827174,sad,subject_02,subject_02_sad_session_01
9.956,0.11690689020104318,sad,subject_02,subject_02_sad_session_01
9.96,0.10313293519400465,sad,subject_02,subject_02_sad_session_01
9.964,0.08182585762899278,sad,subject_02,subject_02_sad_session_01
9.968,0.045764599806114706,sad,subject_02,subject_02_sad_session_01
9.972,0.043212332317735996,sad,subject_02,subject_02_sad_session_01
9.976,0.1231655315021406,sad,subject_02,subject_02_sad_session_01
9.98,0.12984296587776234,sad,subject_02,subject_02_sad_session_01
9.984,0.07752800568711178,sad,subject_02,subject_02_sad_session_01
9.988,0.014999000237238894,sad,subject_02,subject_02_sad_session_01
9.992,0.03949354742197602,sad,subject_02,subject_02_sad_session_01
9.996,0.0324304099876735,sad,subject_02,subject_02_sad_session_01
10.0,0.034896006296476025,sad,subject_02,subject_02_sad_session_01
10.004,0.019641977042948535,sad,subject_02,subject_02_sad_session_01
10.008,0.05661025499362132,sad,subject_02,subject_02_sad_session_01
10.012,0.043472951490887285,sad,subject_02,subject_02_sad_session_01
10.016,0.07880295617578409,sad,subject_02,subject_02_sad_session_01
10.02,0.015398100623773926,sad,subject_02,subject_02_sad_session_01
10.024,0.029091104386189195,sad,subject_02,subject_02_sad_session_01
10.028,0.04168323915108284,sad,subject_02,subject_02_sad_session_01
10.032,0.046814648803411435,sad,subject_02,subject_02_sad_session_01
10.036,-0.023823387153084158,sad,subject_02,subject_02_sad_session_01
10.04,0.022758947909309196,sad,subject_02,subject_02_sad_session_01
10.044,0.01271531708750432,sad,subject_02,subject_02_sad_session_01
10.048,0.015391335955548213,sad,subject_02,subject_02_sad_session_01
10.052,0.006353880065229894,sad,subject_02,subject_02_sad_session_01
10.056,0.05444794434436009,sad,subject_02,subject_02_sad_session_01
10.06,-0.024953430753129717,sad,subject_02,subject_02_sad_session_01
10.064,-0.0278350152961879,sad,subject_02,subject_02_sad_session_01
10.068,-0.0249273090044461,sad,subject_02,subject_02_sad_session_01
10.072,-0.009895533811283781,sad,subject_02,subject_02_sad_session_01
10.076,0.0066433131070928395,sad,subject_02,subject_02_sad_session_01
10.08,-0.017169092052752584,sad,subject_02,subject_02_sad_session_01
10.084,0.02453928421237685,sad,subject_02,subject_02_sad_session_01
10.088,-0.009349569973426466,sad,subject_02,subject_02_sad_session_01
10.092,-0.017536107812963397,sad,subject_02,subject_02_sad_session_01
10.096,-0.06124211776383508,sad,subject_02,subject_02_sad_session_01
10.1,0.027579248800804722,sad,subject_02,subject_02_sad_session_01
10.104,-0.028688766080467637,sad,subject_02,subject_02_sad_session_01
10.108,0.033548052340625314,sad,subject_02,subject_02_sad_session_01
10.112,-0.003921344540955576,sad,subject_02,subject_02_sad_session_01
10.116,0.09333497186784044,sad,subject_02,subject_02_sad_session_01
10.12,0.12946492204609222,sad,subject_02,subject_02_sad_session_01
10.124,0.2994609849494867,sad,subject_02,subject_02_sad_session_01
10.128,0.3900976941017175,sad,subject_02,subject_02_sad_session_01
10.132,0.4963730093125103,sad,subject_02,subject_02_sad_session_01
10.136,0.5549433466120638,sad,subject_02,subject_02_sad_session_01
10.14,0.7196873679071797,sad,subject_02,subject_02_sad_session_01
10.144,0.7794352594522684,sad,subject_02,subject_02_sad_session_01
10.148,0.7255184451704667,sad,subject_02,subject_02_sad_session_01
10.152,0.7200364499999036,sad,subject_02,subject_02_sad_session_01
10.156,0.6825809811594745,sad,subject_02,subject_02_sad_session_01
10.16,0.5028247871805652,sad,subject_02,subject_02_sad_session_01
10.164,0.48127110390033456,sad,subject_02,subject_02_sad_session_01
10.168,0.3525571061854382,sad,subject_02,subject_02_sad_session_01
10.172,0.1828445618861894,sad,subject_02,subject_02_sad_session_01
10.176,0.026402197409389386,sad,subject_02,subject_02_sad_session_01
10.18,0.01774120171257321,sad,subject_02,subject_02_sad_session_01
10.184,-0.08322323422336314,sad,subject_02,subject_02_sad_session_01
10.188,-0.12675101299146954,sad,subject_02,subject_02_sad_session_01
10.192,-0.07529648293970824,sad,subject_02,subject_02_sad_session_01
10.196,-0.03859212951520823,sad,subject_02,subject_02_sad_session_01
10.2,-0.06825504039485988,sad,subject_02,subject_02_sad_session_01
10.204,-0.0077000754765791865,sad,subject_02,subject_02_sad_session_01
10.208,-0.006867317380710305,sad,subject_02,subject_02_sad_session_01
10.212,-0.055214149351788054,sad,subject_02,subject_02_sad_session_01
10.216,-0.021630692851460034,sad,subject_02,subject_02_sad_session_01
10.22,0.03341400150714843,sad,subject_02,subject_02_sad_session_01
10.224,-0.011743581284259787,sad,subject_02,subject_02_sad_session_01
10.228,0.03269828193535685,sad,subject_02,subject_02_sad_session_01
10.232,-0.0016671543160622828,sad,subject_02,subject_02_sad_session_01
10.236,0.034653742718547306,sad,subject_02,subject_02_sad_session_01
10.24,0.0283206644453758,sad,subject_02,subject_02_sad_session_01
10.244,0.010571373329850978,sad,subject_02,subject_02_sad_session_01
10.248,0.04156484572768675,sad,subject_02,subject_02_sad_session_01
10.252,-0.041072458657382654,sad,subject_02,subject_02_sad_session_01
10.256,-0.0056907495240641065,sad,subject_02,subject_02_sad_session_01
10.26,0.016334566033046612,sad,subject_02,subject_02_sad_session_01
10.264,0.06899792529428253,sad,subject_02,subject_02_sad_session_01
10.268,-0.005786388412143427,sad,subject_02,subject_02_sad_session_01
10.272,0.04054602973036905,sad,subject_02,subject_02_sad_session_01
10.276,0.055298943631076194,sad,subject_02,subject_02_sad_session_01
10.28,0.057586478723031895,sad,subject_02,subject_02_sad_session_01
10.284,0.051773343458187994,sad,subject_02,subject_02_sad_session_01
10.288,0.04086017525409783,sad,subject_02,subject_02_sad_session_01
10.292,0.05698758361024662,sad,subject_02,subject_02_sad_session_01
10.296,0.09868909213347615,sad,subject_02,subject_02_sad_session_01
10.3,0.05398685141710744,sad,subject_02,subject_02_sad_session_01
10.304,0.015157819544998383,sad,subject_02,subject_02_sad_session_01
10.308,0.09931636356750673,sad,subject_02,subject_02_sad_session_01
10.312,0.13566726963529913,sad,subject_02,subject_02_sad_session_01
10.316,0.06475914655978854,sad,subject_02,subject_02_sad_session_01
10.32,0.14263772105595285,sad,subject_02,subject_02_sad_session_01
10.324,0.12294235943954722,sad,subject_02,subject_02_sad_session_01
10.328,0.07809648423892619,sad,subject_02,subject_02_sad_session_01
10.332,0.09706788645553122,sad,subject_02,subject_02_sad_session_01
10.336,0.1010417376383975,sad,subject_02,subject_02_sad_session_01
10.34,0.13369042140951976,sad,subject_02,subject_02_sad_session_01
10.344,0.12816405921579588,sad,subject_02,subject_02_sad_session_01
10.348,0.1715517329102882,sad,subject_02,subject_02_sad_session_01
10.352,0.16841537918422092,sad,subject_02,subject_02_sad_session_01
10.356,0.10086141946789237,sad,subject_02,subject_02_sad_session_01
10.36,0.10864364346017188,sad,subject_02,subject_02_sad_session_01
10.364,0.17331109542934528,sad,subject_02,subject_02_sad_session_01
10.368,0.14274134454231388,sad,subject_02,subject_02_sad_session_01
10.372,0.15590623211557314,sad,subject_02,subject_02_sad_session_01
10.376,0.18010172968300098,sad,subject_02,subject_02_sad_session_01
10.38,0.19159627144701222,sad,subject_02,subject_02_sad_session_01
10.384,0.13054548652553305,sad,subject_02,subject_02_sad_session_01
10.388,0.1021577658755828,sad,subject_02,subject_02_sad_session_01
10.392,0.16621425947744403,sad,subject_02,subject_02_sad_session_01
10.396,0.14430246126553103,sad,subject_02,subject_02_sad_session_01
10.4,0.17180705762171913,sad,subject_02,subject_02_sad_session_01
10.404,0.1665656268112043,sad,subject_02,subject_02_sad_session_01
10.408,0.13890197800841217,sad,subject_02,subject_02_sad_session_01
10.412,0.22925323515848092,sad,subject_02,subject_02_sad_session_01
10.416,0.16519328109855252,sad,subject_02,subject_02_sad_session_01
10.42,0.14507278059688727,sad,subject_02,subject_02_sad_session_01
10.424,0.16251343464169632,sad,subject_02,subject_02_sad_session_01
10.428,0.17215394718615973,sad,subject_02,subject_02_sad_session_01
10.432,0.13369282174437133,sad,subject_02,subject_02_sad_session_01
10.436,0.2183367236875826,sad,subject_02,subject_02_sad_session_01
10.44,0.09878677262907459,sad,subject_02,subject_02_sad_session_01
10.444,0.09631124405871513,sad,subject_02,subject_02_sad_session_01
10.448,0.08709502248531241,sad,subject_02,subject_02_sad_session_01
10.452,0.13012802900354997,sad,subject_02,subject_02_sad_session_01
10.456,0.13893211766127592,sad,subject_02,subject_02_sad_session_01
10.46,0.10939002861558754,sad,subject_02,subject_02_sad_session_01
10.464,0.12782374070614516,sad,subject_02,subject_02_sad_session_01
10.468,0.12173445779384254,sad,subject_02,subject_02_sad_session_01
10.472,0.09145226020400433,sad,subject_02,subject_02_sad_session_01
10.476,0.10928964159194955,sad,subject_02,subject_02_sad_session_01
10.48,0.08475139068372822,sad,subject_02,subject_02_sad_session_01
10.484,0.07256450746406873,sad,subject_02,subject_02_sad_session_01
10.488,0.0641106319431442,sad,subject_02,subject_02_sad_session_01
10.492,0.08035344589518015,sad,subject_02,subject_02_sad_session_01
10.496,0.10428096955877691,sad,subject_02,subject_02_sad_session_01
10.5,0.026091831096708637,sad,subject_02,subject_02_sad_session_01
10.504,0.042459130850254406,sad,subject_02,subject_02_sad_session_01
10.508,0.056520484734667746,sad,subject_02,subject_02_sad_session_01
10.512,0.09928081044099282,sad,subject_02,subject_02_sad_session_01
10.516,0.05463537897431592,sad,subject_02,subject_02_sad_session_01
10.52,0.012598944032625431,sad,subject_02,subject_02_sad_session_01
10.524,0.0047531743642615365,sad,subject_02,subject_02_sad_session_01
10.528,0.0577141610883939,sad,subject_02,subject_02_sad_session_01
10.532,0.014649460943961719,sad,subject_02,subject_02_sad_session_01
10.536,-0.016763017363361003,sad,subject_02,subject_02_sad_session_01
10.54,0.04689413605852472,sad,subject_02,subject_02_sad_session_01
10.544,0.022250817804396715,sad,subject_02,subject_02_sad_session_01
10.548,-0.02608636945729564,sad,subject_02,subject_02_sad_session_01
10.552,-0.033534675056118624,sad,subject_02,subject_02_sad_session_01
10.556,-0.061216975165780986,sad,subject_02,subject_02_sad_session_01
10.56,-0.017527561962706488,sad,subject_02,subject_02_sad_session_01
10.564,0.0078009472041825415,sad,subject_02,subject_02_sad_session_01
10.568,0.025181232394097322,sad,subject_02,subject_02_sad_session_01
10.572,0.006987614417041859,sad,subject_02,subject_02_sad_session_01
10.576,-0.046865233801538383,sad,subject_02,subject_02_sad_session_01
10.58,-0.01803413749884961,sad,subject_02,subject_02_sad_session_01
10.584,0.031704289118768825,sad,subject_02,subject_02_sad_session_01
10.588,-0.028054360517258035,sad,subject_02,subject_02_sad_session_01
10.592,0.008991750632397218,sad,subject_02,subject_02_sad_session_01
10.596,0.004025213495366506,sad,subject_02,subject_02_sad_session_01
10.6,0.00631219913570653,sad,subject_02,subject_02_sad_session_01
10.604,-0.004588174861942502,sad,subject_02,subject_02_sad_session_01
10.608,0.0042335648201044275,sad,subject_02,subject_02_sad_session_01
10.612,-0.0637699978968892,sad,subject_02,subject_02_sad_session_01
10.616,0.025363515779963368,sad,subject_02,subject_02_sad_session_01
10.62,-0.0749918391022257,sad,subject_02,subject_02_sad_session_01
10.624,-0.012070203726902633,sad,subject_02,subject_02_sad_session_01
10.628,-0.023446041252058174,sad,subject_02,subject_02_sad_session_01
10.632,-0.04127353623983612,sad,subject_02,subject_02_sad_session_01
10.636,-0.05222104273111968,sad,subject_02,subject_02_sad_session_01
10.64,-0.0068900822068835195,sad,subject_02,subject_02_sad_session_01
10.644,0.00028186601933113606,sad,subject_02,subject_02_sad_session_01
10.648,-0.027189899786892572,sad,subject_02,subject_02_sad_session_01
10.652,-0.033082170227304766,sad,subject_02,subject_02_sad_session_01
10.656,0.013759881926614034,sad,subject_02,subject_02_sad_session_01
10.66,-0.037586960435482215,sad,subject_02,subject_02_sad_session_01
10.664,-0.026431350720215494,sad,subject_02,subject_02_sad_session_01
10.668,-0.03148437332406461,sad,subject_02,subject_02_sad_session_01
10.672,0.04855489802384522,sad,subject_02,subject_02_sad_session_01
10.676,-0.05094553044896623,sad,subject_02,subject_02_sad_session_01
10.68,-0.0009670868807764958,sad,subject_02,subject_02_sad_session_01
10.684,-0.07704237945054282,sad,subject_02,subject_02_sad_session_01
10.688,-0.054941132565447706,sad,subject_02,subject_02_sad_session_01
10.692,-0.03561201752886248,sad,subject_02,subject_02_sad_session_01
10.696,-0.030388821361524182,sad,subject_02,subject_02_sad_session_01
10.7,-0.03481005908385359,sad,subject_02,subject_02_sad_session_01
10.704,-0.029670782890051994,sad,subject_02,subject_02_sad_session_01
10.708,-0.047465006429540525,sad,subject_02,subject_02_sad_session_01
10.712,0.011732213159954149,sad,subject_02,subject_02_sad_session_01
10.716,-0.05700392634369993,sad,subject_02,subject_02_sad_session_01
10.72,-0.004749850054745534,sad,subject_02,subject_02_sad_session_01
10.724,-0.0068432763858378015,sad,subject_02,subject_02_sad_session_01
10.728,-0.05569172105521525,sad,subject_02,subject_02_sad_session_01
10.732,-0.03834725940336117,sad,subject_02,subject_02_sad_session_01
10.736,-0.02748884597091525,sad,subject_02,subject_02_sad_session_01
10.74,0.022775803971495676,sad,subject_02,subject_02_sad_session_01
10.744,-0.038629188878062944,sad,subject_02,subject_02_sad_session_01
10.748,0.08109379010107723,sad,subject_02,subject_02_sad_session_01
10.752,-0.004632417502704451,sad,subject_02,subject_02_sad_session_01
10.756,-0.017407952293637466,sad,subject_02,subject_02_sad_session_01
10.76,-0.0012189212908445407,sad,subject_02,subject_02_sad_session_01
10.764,-0.07932007233826516,sad,subject_02,subject_02_sad_session_01
10.768,0.007395392148368429,sad,subject_02,subject_02_sad_session_01
10.772,-0.067419514354557,sad,subject_02,subject_02_sad_session_01
10.776,-0.0015889245356386777,sad,subject_02,subject_02_sad_session_01
10.78,-0.045360122123964786,sad,subject_02,subject_02_sad_session_01
10.784,-0.05142039513235719,sad,subject_02,subject_02_sad_session_01
10.788,0.02593326629013851,sad,subject_02,subject_02_sad_session_01
10.792,-0.029959896591637586,sad,subject_02,subject_02_sad_session_01
10.796,-0.07254351821283288,sad,subject_02,subject_02_sad_session_01
10.8,0.0030939171463834694,sad,subject_02,subject_02_sad_session_01
10.804,-0.06218391320331908,sad,subject_02,subject_02_sad_session_01
10.808,0.015988066563810688,sad,subject_02,subject_02_sad_session_01
10.812,-0.024422712156678694,sad,subject_02,subject_02_sad_session_01
10.816,-0.061060630624378484,sad,subject_02,subject_02_sad_session_01
10.82,0.003103534837231931,sad,subject_02,subject_02_sad_session_01
10.824,-0.00434656173050996,sad,subject_02,subject_02_sad_session_01
10.828,-0.08185833273081897,sad,subject_02,subject_02_sad_session_01
10.832,-0.017940236037322147,sad,subject_02,subject_02_sad_session_01
10.836,-0.004635794361176957,sad,subject_02,subject_02_sad_session_01
10.84,-0.00361496357745274,sad,subject_02,subject_02_sad_session_01
10.844,-0.013255282824253365,sad,subject_02,subject_02_sad_session_01
10.848,0.01810651167278027,sad,subject_02,subject_02_sad_session_01
10.852,0.016646319257056525,sad,subject_02,subject_02_sad_session_01
10.856,0.0046728213259718265,sad,subject_02,subject_02_sad_session_01
10.86,0.0011258647437951434,sad,subject_02,subject_02_sad_session_01
10.864,0.017423550841238054,sad,subject_02,subject_02_sad_session_01
10.868,-0.00012644189655742002,sad,subject_02,subject_02_sad_session_01
10.872,-0.007500433195049918,sad,subject_02,subject_02_sad_session_01
10.876,-0.005230223789450896,sad,subject_02,subject_02_sad_session_01
10.88,0.030835384302958686,sad,subject_02,subject_02_sad_session_01
10.884,0.013413512410001455,sad,subject_02,subject_02_sad_session_01
10.888,0.03955775391923558,sad,subject_02,subject_02_sad_session_01
10.892,0.0891720160319415,sad,subject_02,subject_02_sad_session_01
10.896,0.04767924215571359,sad,subject_02,subject_02_sad_session_01
10.9,0.06223818888502671,sad,subject_02,subject_02_sad_session_01
10.904,0.054924121934322154,sad,subject_02,subject_02_sad_session_01
10.908,0.1040816712525765,sad,subject_02,subject_02_sad_session_01
10.912,0.11705974939986497,sad,subject_02,subject_02_sad_session_01
10.916,0.0549614584691838,sad,subject_02,subject_02_sad_session_01
10.92,0.09184386503925318,sad,subject_02,subject_02_sad_session_01
10.924,0.13292482442771786,sad,subject_02,subject_02_sad_session_01
10.928,0.03476500268434671,sad,subject_02,subject_02_sad_session_01
10.932,0.09761439338495367,sad,subject_02,subject_02_sad_session_01
10.936,0.013862403333557705,sad,subject_02,subject_02_sad_session_01
10.94,0.06415952919417708,sad,subject_02,subject_02_sad_session_01
10.944,0.055626088046812065,sad,subject_02,subject_02_sad_session_01
10.948,0.004622909632817737,sad,subject_02,subject_02_sad_session_01
10.952,0.08404790833035547,sad,subject_02,subject_02_sad_session_01
10.956,0.05096315947293619,sad,subject_02,subject_02_sad_session_01
10.96,0.013600976034972265,sad,subject_02,subject_02_sad_session_01
10.964,0.04597805463025946,sad,subject_02,subject_02_sad_session_01
10.968,0.057849176262024536,sad,subject_02,subject_02_sad_session_01
10.972,-0.02771580990643247,sad,subject_02,subject_02_sad_session_01
10.976,-0.07440742099199653,sad,subject_02,subject_02_sad_session_01
10.98,0.013629318331848939,sad,subject_02,subject_02_sad_session_01
10.984,-0.013098587988558738,sad,subject_02,subject_02_sad_session_01
10.988,0.04542970624665683,sad,subject_02,subject_02_sad_session_01
10.992,-0.01020992884668302,sad,subject_02,subject_02_sad_session_01
10.996,0.006143060491370797,sad,subject_02,subject_02_sad_session_01
11.0,-0.012445883329749613,sad,subject_02,subject_02_sad_session_01
11.004,-0.05655859627582907,sad,subject_02,subject_02_sad_session_01
11.008,-0.012256797648311295,sad,subject_02,subject_02_sad_session_01
11.012,-0.05560858372309581,sad,subject_02,subject_02_sad_session_01
11.016,-0.059400330517325906,sad,subject_02,subject_02_sad_session_01
11.02,-0.05309069011144929,sad,subject_02,subject_02_sad_session_01
11.024,-0.057455891658691936,sad,subject_02,subject_02_sad_session_01
11.028,-0.0296836606326661,sad,subject_02,subject_02_sad_session_01
11.032,-0.03637033342261646,sad,subject_02,subject_02_sad_session_01
11.036,-0.017121277104906726,sad,subject_02,subject_02_sad_session_01
11.04,-0.07373161945934945,sad,subject_02,subject_02_sad_session_01
11.044,-0.03478928362225618,sad,subject_02,subject_02_sad_session_01
11.048,-0.042370969557770685,sad,subject_02,subject_02_sad_session_01
11.052,-0.022722415528386657,sad,subject_02,subject_02_sad_session_01
11.056,-0.02259821315946442,sad,subject_02,subject_02_sad_session_01
11.06,-0.02771175272213486,sad,subject_02,subject_02_sad_session_01
11.064,-0.06601505531050784,sad,subject_02,subject_02_sad_session_01
11.068,-0.04125650415819226,sad,subject_02,subject_02_sad_session_01
11.072,-0.06392283914409519,sad,subject_02,subject_02_sad_session_01
11.076,-0.013561761451249467,sad,subject_02,subject_02_sad_session_01
11.08,-0.04688844586715671,sad,subject_02,subject_02_sad_session_01
11.084,-0.03107397907201902,sad,subject_02,subject_02_sad_session_01
11.088,-0.034823748356688965,sad,subject_02,subject_02_sad_session_01
11.092,0.047031752942953295,sad,subject_02,subject_02_sad_session_01
11.096,0.15730064179564085,sad,subject_02,subject_02_sad_session_01
11.1,0.2507114186117529,sad,subject_02,subject_02_sad_session_01
11.104,0.36416285172681834,sad,subject_02,subject_02_sad_session_01
11.108,0.4275371394402625,sad,subject_02,subject_02_sad_session_01
11.112,0.5569945452396965,sad,subject_02,subject_02_sad_session_01
11.116,0.6512901690184735,sad,subject_02,subject_02_sad_session_01
11.12,0.7412392088327016,sad,subject_02,subject_02_sad_session_01
11.124,0.6555185593722169,sad,subject_02,subject_02_sad_session_01
11.128,0.6476343809950075,sad,subject_02,subject_02_sad_session_01
11.132,0.551431242396144,sad,subject_02,subject_02_sad_session_01
11.136,0.5178197449998744,sad,subject_02,subject_02_sad_session_01
11.14,0.42449331249893896,sad,subject_02,subject_02_sad_session_01
11.144,0.2744494723006208,sad,subject_02,subject_02_sad_session_01
11.148,0.16225120568746235,sad,subject_02,subject_02_sad_session_01
11.152,0.012731485158927736,sad,subject_02,subject_02_sad_session_01
11.156,-0.021565958818461385,sad,subject_02,subject_02_sad_session_01
11.16,-0.10433030150142661,sad,subject_02,subject_02_sad_session_01
11.164,-0.10175745405974726,sad,subject_02,subject_02_sad_session_01
11.168,-0.09017846847120586,sad,subject_02,subject_02_sad_session_01
11.172,-0.10234459310732791,sad,subject_02,subject_02_sad_session_01
11.176,-0.051170195647870356,sad,subject_02,subject_02_sad_session_01
11.18,-0.062295127950624474,sad,subject_02,subject_02_sad_session_01
11.184,-0.03348133897858495,sad,subject_02,subject_02_sad_session_01
11.188,0.026889727857020367,sad,subject_02,subject_02_sad_session_01
11.192,-0.006647372706769544,sad,subject_02,subject_02_sad_session_01
11.196,-0.03845604488567249,sad,subject_02,subject_02_sad_session_01
11.2,-0.026464930169696137,sad,subject_02,subject_02_sad_session_01
11.204,0.017184444637258437,sad,subject_02,subject_02_sad_session_01
11.208,0.02495390696272347,sad,subject_02,subject_02_sad_session_01
11.212,-0.004803638143494597,sad,subject_02,subject_02_sad_session_01
11.216,-0.04681807112539112,sad,subject_02,subject_02_sad_session_01
11.22,-0.026651976521697866,sad,subject_02,subject_02_sad_session_01
11.224,0.010326928640970609,sad,subject_02,subject_02_sad_session_01
11.228,0.02556591123524831,sad,subject_02,subject_02_sad_session_01
11.232,0.041754704560029325,sad,subject_02,subject_02_sad_session_01
11.236,-0.04568759244919747,sad,subject_02,subject_02_sad_session_01
11.24,0.04529876789549743,sad,subject_02,subject_02_sad_session_01
11.244,0.06604998901078386,sad,subject_02,subject_02_sad_session_01
11.248,-0.04427651725385822,sad,subject_02,subject_02_sad_session_01
11.252,0.03186171092924904,sad,subject_02,subject_02_sad_session_01
11.256,0.05943838218943925,sad,subject_02,subject_02_sad_session_01
11.26,-0.0007693498434319102,sad,subject_02,subject_02_sad_session_01
11.264,0.0316323830976938,sad,subject_02,subject_02_sad_session_01
11.268,0.06862191895200151,sad,subject_02,subject_02_sad_session_01
11.272,0.041479070426498815,sad,subject_02,subject_02_sad_session_01
11.276,0.05172367306803033,sad,subject_02,subject_02_sad_session_01
11.28,0.07483524452862222,sad,subject_02,subject_02_sad_session_01
11.284,0.03878039805672651,sad,subject_02,subject_02_sad_session_01
11.288,0.04759200814743359,sad,subject_02,subject_02_sad_session_01
11.292,0.09941071576978885,sad,subject_02,subject_02_sad_session_01
11.296,0.11959519972556963,sad,subject_02,subject_02_sad_session_01
11.3,0.10883023934580517,sad,subject_02,subject_02_sad_session_01
11.304,0.14340882383065048,sad,subject_02,subject_02_sad_session_01
11.308,0.12077771593790332,sad,subject_02,subject_02_sad_session_01
11.312,0.16910072407093202,sad,subject_02,subject_02_sad_session_01
11.316,0.1210203893385203,sad,subject_02,subject_02_sad_session_01
11.32,0.13180674129432018,sad,subject_02,subject_02_sad_session_01
11.324,0.1412913438922656,sad,subject_02,subject_02_sad_session_01
11.328,0.11508214937314114,sad,subject_02,subject_02_sad_session_01
11.332,0.11509684742972545,sad,subject_02,subject_02_sad_session_01
11.336,0.11553037788555413,sad,subject_02,subject_02_sad_session_01
11.34,0.12968528986197944,sad,subject_02,subject_02_sad_session_01
11.344,0.21194826016794993,sad,subject_02,subject_02_sad_session_01
11.348,0.20755861505527354,sad,subject_02,subject_02_sad_session_01
11.352,0.14576354942433759,sad,subject_02,subject_02_sad_session_01
11.356,0.14525229562852499,sad,subject_02,subject_02_sad_session_01
11.36,0.09529332325057228,sad,subject_02,subject_02_sad_session_01
11.364,0.13125275762104588,sad,subject_02,subject_02_sad_session_01
11.368,0.13772355667922906,sad,subject_02,subject_02_sad_session_01
11.372,0.14927152764112442,sad,subject_02,subject_02_sad_session_01
11.376,0.14536263861116983,sad,subject_02,subject_02_sad_session_01
11.38,0.16842039995201574,sad,subject_02,subject_02_sad_session_01
11.384,0.18428846892682552,sad,subject_02,subject_02_sad_session_01
11.388,0.13781409988438814,sad,subject_02,subject_02_sad_session_01
11.392,0.20092051295488123,sad,subject_02,subject_02_sad_session_01
11.396,0.1659185575522294,sad,subject_02,subject_02_sad_session_01
11.4,0.1795212280075372,sad,subject_02,subject_02_sad_session_01
11.404,0.13661933275884305,sad,subject_02,subject_02_sad_session_01
11.408,0.1627638635650808,sad,subject_02,subject_02_sad_session_01
11.412,0.15619616548236084,sad,subject_02,subject_02_sad_session_01
11.416,0.18252275859519132,sad,subject_02,subject_02_sad_session_01
11.42,0.15369266418718755,sad,subject_02,subject_02_sad_session_01
11.424,0.15508228405992902,sad,subject_02,subject_02_sad_session_01
11.428,0.1087335071458441,sad,subject_02,subject_02_sad_session_01
11.432,0.15541988076585833,sad,subject_02,subject_02_sad_session_01
11.436,0.07603369357469979,sad,subject_02,subject_02_sad_session_01
11.44,0.09177330880028158,sad,subject_02,subject_02_sad_session_01
11.444,0.11195177828714757,sad,subject_02,subject_02_sad_session_01
11.448,0.0634132454286688,sad,subject_02,subject_02_sad_session_01
11.452,0.06474474253304872,sad,subject_02,subject_02_sad_session_01
11.456,0.059198827597663636,sad,subject_02,subject_02_sad_session_01
11.46,0.09269968642332102,sad,subject_02,subject_02_sad_session_01
11.464,0.07107962721343679,sad,subject_02,subject_02_sad_session_01
11.468,0.0993413660818056,sad,subject_02,subject_02_sad_session_01
11.472,0.1215238035699166,sad,subject_02,subject_02_sad_session_01
11.476,0.0680122773658322,sad,subject_02,subject_02_sad_session_01
11.48,0.039483012428539986,sad,subject_02,subject_02_sad_session_01
11.484,0.06095728655700758,sad,subject_02,subject_02_sad_session_01
11.488,0.01828227460897686,sad,subject_02,subject_02_sad_session_01
11.492,0.03866810676871368,sad,subject_02,subject_02_sad_session_01
11.496,0.1100588199860392,sad,subject_02,subject_02_sad_session_01
11.5,0.025908300087190375,sad,subject_02,subject_02_sad_session_01
11.504,0.03709337783314933,sad,subject_02,subject_02_sad_session_01
11.508,0.019387627658997236,sad,subject_02,subject_02_sad_session_01
11.512,0.00837471322097117,sad,subject_02,subject_02_sad_session_01
11.516,0.03172788659984382,sad,subject_02,subject_02_sad_session_01
11.52,-0.023978845508727826,sad,subject_02,subject_02_sad_session_01
11.524,0.0062170644481844535,sad,subject_02,subject_02_sad_session_01
11.528,-0.032263455591359194,sad,subject_02,subject_02_sad_session_01
11.532,0.05224983250704614,sad,subject_02,subject_02_sad_session_01
11.536,0.03318011921042691,sad,subject_02,subject_02_sad_session_01
11.54,-0.02164682955711227,sad,subject_02,subject_02_sad_session_01
11.544,-0.05626329364911531,sad,subject_02,subject_02_sad_session_01
11.548,0.012307219789101294,sad,subject_02,subject_02_sad_session_01
11.552,-0.00536788339112175,sad,subject_02,subject_02_sad_session_01
11.556,0.061758682015212465,sad,subject_02,subject_02_sad_session_01
11.56,0.0351453761683686,sad,subject_02,subject_02_sad_session_01
11.564,0.010932577828642681,sad,subject_02,subject_02_sad_session_01
11.568,-0.025056010742919632,sad,subject_02,subject_02_sad_session_01
11.572,-0.018024079907899775,sad,subject_02,subject_02_sad_session_01
11.576,-0.001969320498100212,sad,subject_02,subject_02_sad_session_01
11.58,-0.001135200921169038,sad,subject_02,subject_02_sad_session_01
11.584,-0.03367509905421161,sad,subject_02,subject_02_sad_session_01
11.588,-0.05393882515926862,sad,subject_02,subject_02_sad_session_01
11.592,0.0443374873456691,sad,subject_02,subject_02_sad_session_01
11.596,-0.012913276771396502,sad,subject_02,subject_02_sad_session_01
11.6,-0.0015570747694786287,sad,subject_02,subject_02_sad_session_01
11.604,-0.04029975594630132,sad,subject_02,subject_02_sad_session_01
11.608,0.026169253199226427,sad,subject_02,subject_02_sad_session_01
11.612,0.016194345246699597,sad,subject_02,subject_02_sad_session_01
11.616,-0.013341552416974035,sad,subject_02,subject_02_sad_session_01
11.62,-0.008961244589196324,sad,subject_02,subject_02_sad_session_01
11.624,-0.0067891442791660345,sad,subject_02,subject_02_sad_session_01
11.628,-0.012436239394873268,sad,subject_02,subject_02_sad_session_01
11.632,0.001339711720223376,sad,subject_02,subject_02_sad_session_01
11.636,-0.004091330968782073,sad,subject_02,subject_02_sad_session_01
11.64,-0.020636075960130527,sad,subject_02,subject_02_sad_session_01
11.644,-0.05036763926632645,sad,subject_02,subject_02_sad_session_01
11.648,-0.016005244625062084,sad,subject_02,subject_02_sad_session_01
11.652,0.007342353062572101,sad,subject_02,subject_02_sad_session_01
11.656,0.005091569576421918,sad,subject_02,subject_02_sad_session_01
11.66,0.02440249906849174,sad,subject_02,subject_02_sad_session_01
11.664,0.027689915187384583,sad,subject_02,subject_02_sad_session_01
11.668,0.0063127777824581646,sad,subject_02,subject_02_sad_session_01
11.672,-0.008984295324787632,sad,subject_02,subject_02_sad_session_01
11.676,-0.004167777418527106,sad,subject_02,subject_02_sad_session_01
11.68,-0.03156389286051213,sad,subject_02,subject_02_sad_session_01
11.684,0.009790583068815247,sad,subject_02,subject_02_sad_session_01
11.688,0.025671746955422774,sad,subject_02,subject_02_sad_session_01
11.692,0.01736337913835305,sad,subject_02,subject_02_sad_session_01
11.696,0.0029618769647436136,sad,subject_02,subject_02_sad_session_01
11.7,-0.020788763865291597,sad,subject_02,subject_02_sad_session_01
11.704,-0.02408531116132854,sad,subject_02,subject_02_sad_session_01
11.708,-0.018033407802415115,sad,subject_02,subject_02_sad_session_01
11.712,-0.0349750291974176,sad,subject_02,subject_02_sad_session_01
11.716,-0.004655879516263934,sad,subject_02,subject_02_sad_session_01
11.72,-0.09661273736146497,sad,subject_02,subject_02_sad_session_01
11.724,-0.02869643333330419,sad,subject_02,subject_02_sad_session_01
11.728,-0.010296360828593514,sad,subject_02,subject_02_sad_session_01
11.732,0.06291047984946455,sad,subject_02,subject_02_sad_session_01
11.736,-0.01179285109336967,sad,subject_02,subject_02_sad_session_01
11.74,-0.010458276667037811,sad,subject_02,subject_02_sad_session_01
11.744,-0.036453544076294364,sad,subject_02,subject_02_sad_session_01
11.748,0.04041257436193982,sad,subject_02,subject_02_sad_session_01
11.752,-0.03526916704305822,sad,subject_02,subject_02_sad_session_01
11.756,0.05046255687735092,sad,subject_02,subject_02_sad_session_01
11.76,-0.03232379016666412,sad,subject_02,subject_02_sad_session_01
11.764,0.018580694353900015,sad,subject_02,subject_02_sad_session_01
11.768,-0.010836852978133563,sad,subject_02,subject_02_sad_session_01
11.772,-0.025384243202228506,sad,subject_02,subject_02_sad_session_01
11.776,0.02250634856586456,sad,subject_02,subject_02_sad_session_01
11.78,0.03293379269663667,sad,subject_02,subject_02_sad_session_01
11.784,-0.011476355476757726,sad,subject_02,subject_02_sad_session_01
11.788,-0.005450916921400849,sad,subject_02,subject_02_sad_session_01
11.792,-0.015718906725706423,sad,subject_02,subject_02_sad_session_01
11.796,0.004991314060671143,sad,subject_02,subject_02_sad_session_01
11.8,-0.032708142620839285,sad,subject_02,subject_02_sad_session_01
11.804,-0.07853050999125813,sad,subject_02,subject_02_sad_session_01
11.808,-0.05139568646465388,sad,subject_02,subject_02_sad_session_01
11.812,0.0008409333765896053,sad,subject_02,subject_02_sad_session_01
11.816,-0.021524191627133277,sad,subject_02,subject_02_sad_session_01
11.82,0.010492638926915727,sad,subject_02,subject_02_sad_session_01
11.824,0.002446200361800788,sad,subject_02,subject_02_sad_session_01
11.828,0.0007773604903704469,sad,subject_02,subject_02_sad_session_01
11.832,0.006984208776568121,sad,subject_02,subject_02_sad_session_01
11.836,0.06025526508815091,sad,subject_02,subject_02_sad_session_01
11.84,0.04335971209515639,sad,subject_02,subject_02_sad_session_01
11.844,0.08853702811187987,sad,subject_02,subject_02_sad_session_01
11.848,0.05013982309401573,sad,subject_02,subject_02_sad_session_01
11.852,-0.0047063247689903345,sad,subject_02,subject_02_sad_session_01
11.856,0.02684591859496792,sad,subject_02,subject_02_sad_session_01
11.86,0.06711212874620384,sad,subject_02,subject_02_sad_session_01
11.864,0.0762537847578604,sad,subject_02,subject_02_sad_session_01
11.868,0.05649265124410075,sad,subject_02,subject_02_sad_session_01
11.872,0.05492353070451055,sad,subject_02,subject_02_sad_session_01
11.876,0.06483177501210623,sad,subject_02,subject_02_sad_session_01
11.88,0.0824768884687081,sad,subject_02,subject_02_sad_session_01
11.884,0.08846572758554727,sad,subject_02,subject_02_sad_session_01
11.888,0.059444589891121224,sad,subject_02,subject_02_sad_session_01
11.892,0.10148040853463729,sad,subject_02,subject_02_sad_session_01
11.896,0.10214702007288806,sad,subject_02,subject_02_sad_session_01
11.9,0.0918947514243648,sad,subject_02,subject_02_sad_session_01
11.904,0.07383479704607998,sad,subject_02,subject_02_sad_session_01
11.908,0.11331654590681385,sad,subject_02,subject_02_sad_session_01
11.912,0.1307532496451958,sad,subject_02,subject_02_sad_session_01
11.916,0.07479636991060173,sad,subject_02,subject_02_sad_session_01
11.92,0.06597877050274886,sad,subject_02,subject_02_sad_session_01
11.924,0.09487171615593085,sad,subject_02,subject_02_sad_session_01
11.928,0.04139575475142985,sad,subject_02,subject_02_sad_session_01
11.932,0.033487881601253176,sad,subject_02,subject_02_sad_session_01
11.936,0.04733983534857836,sad,subject_02,subject_02_sad_session_01
11.94,0.07095454985670846,sad,subject_02,subject_02_sad_session_01
11.944,0.03005878657499283,sad,subject_02,subject_02_sad_session_01
11.948,0.05073506248495851,sad,subject_02,subject_02_sad_session_01
11.952,-0.014054773976268663,sad,subject_02,subject_02_sad_session_01
11.956,0.059827469980689565,sad,subject_02,subject_02_sad_session_01
11.96,0.07986462536487565,sad,subject_02,subject_02_sad_session_01
11.964,0.004957508971085302,sad,subject_02,subject_02_sad_session_01
11.968,0.04148994422167865,sad,subject_02,subject_02_sad_session_01
11.972,0.018172955078604745,sad,subject_02,subject_02_sad_session_01
11.976,0.024195578181769244,sad,subject_02,subject_02_sad_session_01
11.98,0.010581773874872896,sad,subject_02,subject_02_sad_session_01
11.984,0.006149382342065409,sad,subject_02,subject_02_sad_session_01
11.988,-0.01210676221952533,sad,subject_02,subject_02_sad_session_01
11.992,-0.02194596831661791,sad,subject_02,subject_02_sad_session_01
11.996,0.0420740728480023,sad,subject_02,subject_02_sad_session_01
12.0,-0.04275146267701023,sad,subject_02,subject_02_sad_session_01
12.004,0.005837894362789201,sad,subject_02,subject_02_sad_session_01
12.008,0.0034769521638464383,sad,subject_02,subject_02_sad_session_01
12.012,0.003190905481778236,sad,subject_02,subject_02_sad_session_01
12.016,0.023904732152906512,sad,subject_02,subject_02_sad_session_01
12.02,-0.007696305153993759,sad,subject_02,subject_02_sad_session_01
12.024,0.02248095444285489,sad,subject_02,subject_02_sad_session_01
12.028,0.061709107023995464,sad,subject_02,subject_02_sad_session_01
12.032,-0.003811124285995828,sad,subject_02,subject_02_sad_session_01
12.036,-0.06276732039391242,sad,subject_02,subject_02_sad_session_01
12.04,-0.0103611362614902,sad,subject_02,subject_02_sad_session_01
12.044,-0.01924909835150436,sad,subject_02,subject_02_sad_session_01
12.048,-0.0061248859413750335,sad,subject_02,subject_02_sad_session_01
12.052,-0.08079787283641815,sad,subject_02,subject_02_sad_session_01
12.056,-0.004898720882294771,sad,subject_02,subject_02_sad_session_01
12.06,-0.0049691744474411655,sad,subject_02,subject_02_sad_session_01
12.064,0.07585047222750531,sad,subject_02,subject_02_sad_session_01
12.068,0.10473967104843739,sad,subject_02,subject_02_sad_session_01
12.072,0.23750520695380442,sad,subject_02,subject_02_sad_session_01
12.076,0.2738666153009197,sad,subject_02,subject_02_sad_session_01
12.08,0.4346898223163407,sad,subject_02,subject_02_sad_session_01
12.084,0.5161163432936627,sad,subject_02,subject_02_sad_session_01
12.088,0.6263300617778229,sad,subject_02,subject_02_sad_session_01
12.092,0.7921312659082764,sad,subject_02,subject_02_sad_session_01
12.096,0.7169286761238742,sad,subject_02,subject_02_sad_session_01
12.1,0.7295243574263078,sad,subject_02,subject_02_sad_session_01
12.104,0.6617211973133336,sad,subject_02,subject_02_sad_session_01
12.108,0.6066643144604225,sad,subject_02,subject_02_sad_session_01
12.112,0.5044043396259581,sad,subject_02,subject_02_sad_session_01
12.116,0.3647008211895993,sad,subject_02,subject_02_sad_session_01
12.12,0.3095629232782198,sad,subject_02,subject_02_sad_session_01
12.124,0.18251037042865484,sad,subject_02,subject_02_sad_session_01
12.128,0.02510348647862076,sad,subject_02,subject_02_sad_session_01
12.132,0.009921045783475779,sad,subject_02,subject_02_sad_session_01
12.136,-0.06928362213849412,sad,subject_02,subject_02_sad_session_01
12.14,-0.10723071497528416,sad,subject_02,subject_02_sad_session_01
12.144,-0.08872061525133652,sad,subject_02,subject_02_sad_session_01
12.148,-0.09055543177491784,sad,subject_02,subject_02_sad_session_01
12.152,-0.006047484899660588,sad,subject_02,subject_02_sad_session_01
12.156,-0.04261449457825668,sad,subject_02,subject_02_sad_session_01
12.16,0.03705512081979164,sad,subject_02,subject_02_sad_session_01
12.164,0.013489496641423345,sad,subject_02,subject_02_sad_session_01
12.168,0.00465593308154727,sad,subject_02,subject_02_sad_session_01
12.172,0.006831909988492559,sad,subject_02,subject_02_sad_session_01
12.176,0.07819151796351029,sad,subject_02,subject_02_sad_session_01
12.18,0.028936574021419543,sad,subject_02,subject_02_sad_session_01
12.184,0.016257417220244763,sad,subject_02,subject_02_sad_session_01
12.188,0.05974186786876233,sad,subject_02,subject_02_sad_session_01
12.192,0.05456835362063975,sad,subject_02,subject_02_sad_session_01
12.196,0.010389781796817689,sad,subject_02,subject_02_sad_session_01
12.2,0.04341192749727414,sad,subject_02,subject_02_sad_session_01
12.204,-0.007582409579552939,sad,subject_02,subject_02_sad_session_01
12.208,0.04930519289995615,sad,subject_02,subject_02_sad_session_01
12.212,0.06357363055117148,sad,subject_02,subject_02_sad_session_01
12.216,0.0716304555270387,sad,subject_02,subject_02_sad_session_01
12.22,0.03246371357270317,sad,subject_02,subject_02_sad_session_01
12.224,0.044747226986182755,sad,subject_02,subject_02_sad_session_01
12.228,0.07897842822207682,sad,subject_02,subject_02_sad_session_01
12.232,0.11391325786679288,sad,subject_02,subject_02_sad_session_01
12.236,0.08418251959633205,sad,subject_02,subject_02_sad_session_01
12.24,0.06986697948269285,sad,subject_02,subject_02_sad_session_01
12.244,0.12106035262358758,sad,subject_02,subject_02_sad_session_01
12.248,0.1013074816585433,sad,subject_02,subject_02_sad_session_01
12.252,0.10839729594987482,sad,subject_02,subject_02_sad_session_01
12.256,0.13266616732628822,sad,subject_02,subject_02_sad_session_01
12.26,0.11162168932433225,sad,subject_02,subject_02_sad_session_01
12.264,0.09233624738176918,sad,subject_02,subject_02_sad_session_01
12.268,0.12155578697213087,sad,subject_02,subject_02_sad_session_01
12.272,0.1654101318807919,sad,subject_02,subject_02_sad_session_01
12.276,0.1946481000761604,sad,subject_02,subject_02_sad_session_01
12.28,0.10706654958466238,sad,subject_02,subject_02_sad_session_01
12.284,0.1984145755144587,sad,subject_02,subject_02_sad_session_01
12.288,0.1438340914876622,sad,subject_02,subject_02_sad_session_01
12.292,0.16084258326636472,sad,subject_02,subject_02_sad_session_01
12.296,0.21642376253849213,sad,subject_02,subject_02_sad_session_01
12.3,0.15811459283042625,sad,subject_02,subject_02_sad_session_01
12.304,0.16689964616682593,sad,subject_02,subject_02_sad_session_01
12.308,0.1602911554963355,sad,subject_02,subject_02_sad_session_01
12.312,0.1848425308868384,sad,subject_02,subject_02_sad_session_01
12.316,0.19685151774263004,sad,subject_02,subject_02_sad_session_01
12.32,0.1703139932207543,sad,subject_02,subject_02_sad_session_01
12.324,0.23747657105156805,sad,subject_02,subject_02_sad_session_01
12.328,0.174176577539715,sad,subject_02,subject_02_sad_session_01
12.332,0.21375208052339112,sad,subject_02,subject_02_sad_session_01
12.336,0.2013583946105837,sad,subject_02,subject_02_sad_session_01
12.34,0.23918178877187904,sad,subject_02,subject_02_sad_session_01
12.344,0.17859794515636046,sad,subject_02,subject_02_sad_session_01
12.348,0.22027018881745658,sad,subject_02,subject_02_sad_session_01
12.352,0.27563586077133717,sad,subject_02,subject_02_sad_session_01
12.356,0.1591970840613634,sad,subject_02,subject_02_sad_session_01
12.36,0.17440815896126124,sad,subject_02,subject_02_sad_session_01
12.364,0.2624720985232276,sad,subject_02,subject_02_sad_session_01
12.368,0.19401416209524133,sad,subject_02,subject_02_sad_session_01
12.372,0.19910741962043713,sad,subject_02,subject_02_sad_session_01
12.376,0.1829846725019829,sad,subject_02,subject_02_sad_session_01
12.38,0.2394446231476664,sad,subject_02,subject_02_sad_session_01
12.384,0.13791457979284855,sad,subject_02,subject_02_sad_session_01
12.388,0.21959961600577438,sad,subject_02,subject_02_sad_session_01
12.392,0.13401970181869266,sad,subject_02,subject_02_sad_session_01
12.396,0.1269122458687525,sad,subject_02,subject_02_sad_session_01
12.4,0.13663726594928435,sad,subject_02,subject_02_sad_session_01
12.404,0.16051843975125307,sad,subject_02,subject_02_sad_session_01
12.408,0.1378444868216886,sad,subject_02,subject_02_sad_session_01
12.412,0.13083153687870108,sad,subject_02,subject_02_sad_session_01
12.416,0.12085668858566627,sad,subject_02,subject_02_sad_session_01
12.42,0.11592937828832646,sad,subject_02,subject_02_sad_session_01
12.424,0.10974758056854785,sad,subject_02,subject_02_sad_session_01
12.428,0.13924460579285686,sad,subject_02,subject_02_sad_session_01
12.432,0.10758769896453341,sad,subject_02,subject_02_sad_session_01
12.436,0.04120278148871513,sad,subject_02,subject_02_sad_session_01
12.44,0.11458762941903593,sad,subject_02,subject_02_sad_session_01
12.444,0.13281459639922558,sad,subject_02,subject_02_sad_session_01
12.448,0.09669352005922081,sad,subject_02,subject_02_sad_session_01
12.452,0.06208064754475736,sad,subject_02,subject_02_sad_session_01
12.456,0.11724033124294361,sad,subject_02,subject_02_sad_session_01
12.46,0.04885262131591193,sad,subject_02,subject_02_sad_session_01
12.464,0.07570161939052134,sad,subject_02,subject_02_sad_session_01
12.468,0.08016914764601031,sad,subject_02,subject_02_sad_session_01
12.472,0.10887726217186543,sad,subject_02,subject_02_sad_session_01
12.476,0.08970921884906886,sad,subject_02,subject_02_sad_session_01
12.48,0.07560737421766907,sad,subject_02,subject_02_sad_session_01
12.484,0.09265547073081566,sad,subject_02,subject_02_sad_session_01
12.488,0.026488736595248176,sad,subject_02,subject_02_sad_session_01
12.492,0.10532728100380229,sad,subject_02,subject_02_sad_session_01
12.496,-0.03711684048270795,sad,subject_02,subject_02_sad_session_01
12.5,0.09477750607301247,sad,subject_02,subject_02_sad_session_01
12.504,0.024017037710850127,sad,subject_02,subject_02_sad_session_01
12.508,0.05816553105814575,sad,subject_02,subject_02_sad_session_01
12.512,0.0879086483232275,sad,subject_02,subject_02_sad_session_01
12.516,0.059160103104824086,sad,subject_02,subject_02_sad_session_01
12.52,0.051556390832577806,sad,subject_02,subject_02_sad_session_01
12.524,0.0645928715971461,sad,subject_02,subject_02_sad_session_01
12.528,-0.00741707737681991,sad,subject_02,subject_02_sad_session_01
12.532,-0.004388912345169617,sad,subject_02,subject_02_sad_session_01
12.536,0.04232014652202956,sad,subject_02,subject_02_sad_session_01
12.54,0.02705394569235542,sad,subject_02,subject_02_sad_session_01
12.544,0.022524683902028435,sad,subject_02,subject_02_sad_session_01
12.548,0.06809719126068893,sad,subject_02,subject_02_sad_session_01
12.552,0.06464476728950422,sad,subject_02,subject_02_sad_session_01
12.556,0.0017261390660061153,sad,subject_02,subject_02_sad_session_01
12.56,0.041959412083576224,sad,subject_02,subject_02_sad_session_01
12.564,-0.018821071864115236,sad,subject_02,subject_02_sad_session_01
12.568,-0.02004504302045503,sad,subject_02,subject_02_sad_session_01
12.572,0.00038737449132321064,sad,subject_02,subject_02_sad_session_01
12.576,0.025212758204417433,sad,subject_02,subject_02_sad_session_01
12.58,0.006895657662627602,sad,subject_02,subject_02_sad_session_01
12.584,0.039760065329110035,sad,subject_02,subject_02_sad_session_01
12.588,0.025545314314185472,sad,subject_02,subject_02_sad_session_01
12.592,0.059250212152223924,sad,subject_02,subject_02_sad_session_01
12.596,0.04205503305761141,sad,subject_02,subject_02_sad_session_01
12.6,-0.005579710513279972,sad,subject_02,subject_02_sad_session_01
12.604,0.05251348442940971,sad,subject_02,subject_02_sad_session_01
12.608,-0.0004204877753483764,sad,subject_02,subject_02_sad_session_01
12.612,0.03774735100926939,sad,subject_02,subject_02_sad_session_01
12.616,0.010618707975976355,sad,subject_02,subject_02_sad_session_01
12.62,0.06511036377263037,sad,subject_02,subject_02_sad_session_01
12.624,0.047338351234014774,sad,subject_02,subject_02_sad_session_01
12.628,0.004651297065423006,sad,subject_02,subject_02_sad_session_01
12.632,0.013887119925415083,sad,subject_02,subject_02_sad_session_01
12.636,0.12359352490050882,sad,subject_02,subject_02_sad_session_01
12.64,-0.012260252452714577,sad,subject_02,subject_02_sad_session_01
12.644,0.004031506618864193,sad,subject_02,subject_02_sad_session_01
12.648,0.005564314973509607,sad,subject_02,subject_02_sad_session_01
12.652,-0.00900279795038754,sad,subject_02,subject_02_sad_session_01
12.656,-0.0057763573667757445,sad,subject_02,subject_02_sad_session_01
12.66,0.022656412560393805,sad,subject_02,subject_02_sad_session_01
12.664,0.040292005838610305,sad,subject_02,subject_02_sad_session_01
12.668,-0.021716571693293277,sad,subject_02,subject_02_sad_session_01
12.672,0.011118172408335817,sad,subject_02,subject_02_sad_session_01
12.676,0.002127010015417527,sad,subject_02,subject_02_sad_session_01
12.68,-0.0087810277561464,sad,subject_02,subject_02_sad_session_01
12.684,0.056295824732424095,sad,subject_02,subject_02_sad_session_01
12.688,0.0035625767372471466,sad,subject_02,subject_02_sad_session_01
12.692,-0.014490285817719575,sad,subject_02,subject_02_sad_session_01
12.696,0.053108008346697225,sad,subject_02,subject_02_sad_session_01
12.7,0.0643425335871935,sad,subject_02,subject_02_sad_session_01
12.704,0.03404318718221507,sad,subject_02,subject_02_sad_session_01
12.708,-0.0011951716010718226,sad,subject_02,subject_02_sad_session_01
12.712,0.01882867473499584,sad,subject_02,subject_02_sad_session_01
12.716,0.007650885054129048,sad,subject_02,subject_02_sad_session_01
12.72,0.025983393601605894,sad,subject_02,subject_02_sad_session_01
12.724,0.04913111701711423,sad,subject_02,subject_02_sad_session_01
12.728,0.027118271490438217,sad,subject_02,subject_02_sad_session_01
12.732,0.028031773410103343,sad,subject_02,subject_02_sad_session_01
12.736,0.013059069944169142,sad,subject_02,subject_02_sad_session_01
12.74,0.04877525280351204,sad,subject_02,subject_02_sad_session_01
12.744,0.04033347594682493,sad,subject_02,subject_02_sad_session_01
12.748,-0.025310953269566356,sad,subject_02,subject_02_sad_session_01
12.752,-0.02294726856832105,sad,subject_02,subject_02_sad_session_01
12.756,0.021343853400107714,sad,subject_02,subject_02_sad_session_01
12.76,0.06136523771324989,sad,subject_02,subject_02_sad_session_01
12.764,0.06837655008833166,sad,subject_02,subject_02_sad_session_01
12.768,0.05760332785545882,sad,subject_02,subject_02_sad_session_01
12.772,0.031764448177887386,sad,subject_02,subject_02_sad_session_01
12.776,0.08205906718936762,sad,subject_02,subject_02_sad_session_01
12.78,0.018547613171049394,sad,subject_02,subject_02_sad_session_01
12.784,0.03240809341221687,sad,subject_02,subject_02_sad_session_01
12.788,0.002752401146666743,sad,subject_02,subject_02_sad_session_01
12.792,0.03810215919106861,sad,subject_02,subject_02_sad_session_01
12.796,0.026041452837555,sad,subject_02,subject_02_sad_session_01
12.8,0.10181036301355673,sad,subject_02,subject_02_sad_session_01
12.804,0.10002833771877515,sad,subject_02,subject_02_sad_session_01
12.808,0.06614646492104853,sad,subject_02,subject_02_sad_session_01
12.812,0.08300385455888862,sad,subject_02,subject_02_sad_session_01
12.816,0.05587506277697545,sad,subject_02,subject_02_sad_session_01
12.82,0.0031148536243527786,sad,subject_02,subject_02_sad_session_01
12.824,0.06169904410858491,sad,subject_02,subject_02_sad_session_01
12.828,0.11244335159812889,sad,subject_02,subject_02_sad_session_01
12.832,0.10857193671491755,sad,subject_02,subject_02_sad_session_01
12.836,0.08899016499480657,sad,subject_02,subject_02_sad_session_01
12.84,0.12807073318432313,sad,subject_02,subject_02_sad_session_01
12.844,0.09660609637800045,sad,subject_02,subject_02_sad_session_01
12.848,0.08094386892196342,sad,subject_02,subject_02_sad_session_01
12.852,0.1413652762022245,sad,subject_02,subject_02_sad_session_01
12.856,0.10424691128612944,sad,subject_02,subject_02_sad_session_01
12.86,0.1561874526732319,sad,subject_02,subject_02_sad_session_01
12.864,0.0675475881147474,sad,subject_02,subject_02_sad_session_01
12.868,0.11173322983523389,sad,subject_02,subject_02_sad_session_01
12.872,0.14729976128328465,sad,subject_02,subject_02_sad_session_01
12.876,0.14397589043752493,sad,subject_02,subject_02_sad_session_01
12.88,0.12151787073663488,sad,subject_02,subject_02_sad_session_01
12.884,0.13500521259750914,sad,subject_02,subject_02_sad_session_01
12.888,0.12810693160605094,sad,subject_02,subject_02_sad_session_01
12.892,0.07608851848027157,sad,subject_02,subject_02_sad_session_01
12.896,0.10612057326554959,sad,subject_02,subject_02_sad_session_01
12.9,0.11961485561640839,sad,subject_02,subject_02_sad_session_01
12.904,0.12332804677548027,sad,subject_02,subject_02_sad_session_01
12.908,0.10121559939208505,sad,subject_02,subject_02_sad_session_01
12.912,0.08141412121995467,sad,subject_02,subject_02_sad_session_01
12.916,0.052612784763081774,sad,subject_02,subject_02_sad_session_01
12.92,0.10986788496987462,sad,subject_02,subject_02_sad_session_01
12.924,0.10125300566653593,sad,subject_02,subject_02_sad_session_01
12.928,0.10638979333646868,sad,subject_02,subject_02_sad_session_01
12.932,0.039414655506584906,sad,subject_02,subject_02_sad_session_01
12.936,0.07066163158424613,sad,subject_02,subject_02_sad_session_01
12.94,0.04175449391846284,sad,subject_02,subject_02_sad_session_01
12.944,0.05975469503711661,sad,subject_02,subject_02_sad_session_01
12.948,0.14173819203217622,sad,subject_02,subject_02_sad_session_01
12.952,0.07817378743930929,sad,subject_02,subject_02_sad_session_01
12.956,0.02527183479961554,sad,subject_02,subject_02_sad_session_01
12.96,0.03758276729338922,sad,subject_02,subject_02_sad_session_01
12.964,0.03185103357288038,sad,subject_02,subject_02_sad_session_01
12.968,0.04429576075642182,sad,subject_02,subject_02_sad_session_01
12.972,-0.006983483829521457,sad,subject_02,subject_02_sad_session_01
12.976,0.046869516680600264,sad,subject_02,subject_02_sad_session_01
12.98,-0.027704981164300882,sad,subject_02,subject_02_sad_session_01
12.984,-0.015477996415493994,sad,subject_02,subject_02_sad_session_01
12.988,0.09381900118319036,sad,subject_02,subject_02_sad_session_01
12.992,0.02215934782677405,sad,subject_02,subject_02_sad_session_01
12.996,0.075064496268536,sad,subject_02,subject_02_sad_session_01
13.0,0.0072135397912667515,sad,subject_02,subject_02_sad_session_01
13.004,-0.032606321419789,sad,subject_02,subject_02_sad_session_01
13.008,-0.0029349129148128067,sad,subject_02,subject_02_sad_session_01
13.012,0.1060085775781273,sad,subject_02,subject_02_sad_session_01
13.016,-0.02196236364466412,sad,subject_02,subject_02_sad_session_01
13.02,0.06721775743892126,sad,subject_02,subject_02_sad_session_01
13.024,0.018440260817101966,sad,subject_02,subject_02_sad_session_01
13.028,0.010705627848219074,sad,subject_02,subject_02_sad_session_01
13.032,-0.005206167859586403,sad,subject_02,subject_02_sad_session_01
13.036,0.018247053520231486,sad,subject_02,subject_02_sad_session_01
13.04,0.11321453564226791,sad,subject_02,subject_02_sad_session_01
13.044,0.21126230983894542,sad,subject_02,subject_02_sad_session_01
13.048,0.2742262119462045,sad,subject_02,subject_02_sad_session_01
13.052,0.4012552474894527,sad,subject_02,subject_02_sad_session_01
13.056,0.48112823113149344,sad,subject_02,subject_02_sad_session_01
13.06,0.6666463045587983,sad,subject_02,subject_02_sad_session_01
13.064,0.6974459547779954,sad,subject_02,subject_02_sad_session_01
13.068,0.8111649453630968,sad,subject_02,subject_02_sad_session_01
13.072,0.7445419059595364,sad,subject_02,subject_02_sad_session_01
13.076,0.755267483548693,sad,subject_02,subject_02_sad_session_01
13.08,0.7327529494838032,sad,subject_02,subject_02_sad_session_01
13.084,0.6155341205089618,sad,subject_02,subject_02_sad_session_01
13.088,0.5138469220050615,sad,subject_02,subject_02_sad_session_01
13.092,0.3445752074488604,sad,subject_02,subject_02_sad_session_01
13.096,0.23881472069588144,sad,subject_02,subject_02_sad_session_01
13.1,0.11511028770099149,sad,subject_02,subject_02_sad_session_01
13.104,0.051539042278516745,sad,subject_02,subject_02_sad_session_01
13.108,-0.01160521845936038,sad,subject_02,subject_02_sad_session_01
13.112,-0.05453879655167835,sad,subject_02,subject_02_sad_session_01
13.116,-0.029150181721301148,sad,subject_02,subject_02_sad_session_01
13.12,-0.0730599740390445,sad,subject_02,subject_02_sad_session_01
13.124,-0.08958572862704844,sad,subject_02,subject_02_sad_session_01
13.128,-0.02366441786021055,sad,subject_02,subject_02_sad_session_01
13.132,0.07501335569193224,sad,subject_02,subject_02_sad_session_01
13.136,0.039105380686158736,sad,subject_02,subject_02_sad_session_01
13.14,0.00797478054383452,sad,subject_02,subject_02_sad_session_01
13.144,0.05318360324057487,sad,subject_02,subject_02_sad_session_01
13.148,0.0402080996968417,sad,subject_02,subject_02_sad_session_01
13.152,0.059084915505910725,sad,subject_02,subject_02_sad_session_01
13.156,0.07655595114512308,sad,subject_02,subject_02_sad_session_01
13.16,0.058451186891094034,sad,subject_02,subject_02_sad_session_01
13.164,0.05880978183606825,sad,subject_02,subject_02_sad_session_01
13.168,0.10246851488059054,sad,subject_02,subject_02_sad_session_01
13.172,0.07691941353867732,sad,subject_02,subject_02_sad_session_01
13.176,0.06962504670615485,sad,subject_02,subject_02_sad_session_01
13.18,0.06829968702504213,sad,subject_02,subject_02_sad_session_01
13.184,0.05351625743511588,sad,subject_02,subject_02_sad_session_01
13.188,0.03679484247217904,sad,subject_02,subject_02_sad_session_01
13.192,0.09814775366754896,sad,subject_02,subject_02_sad_session_01
13.196,0.12041291791721306,sad,subject_02,subject_02_sad_session_01
13.2,0.09923022675327964,sad,subject_02,subject_02_sad_session_01
13.204,0.10784733299584484,sad,subject_02,subject_02_sad_session_01
13.208,0.06891653066195502,sad,subject_02,subject_02_sad_session_01
13.212,0.08247931717790982,sad,subject_02,subject_02_sad_session_01
13.216,0.06690960353273029,sad,subject_02,subject_02_sad_session_01
13.22,0.10302615863256433,sad,subject_02,subject_02_sad_session_01
13.224,0.14528729343817753,sad,subject_02,subject_02_sad_session_01
13.228,0.10026072543184072,sad,subject_02,subject_02_sad_session_01
13.232,0.12442792456624614,sad,subject_02,subject_02_sad_session_01
13.236,0.1532946029068808,sad,subject_02,subject_02_sad_session_01
13.24,0.17406198432321301,sad,subject_02,subject_02_sad_session_01
13.244,0.0940219760979375,sad,subject_02,subject_02_sad_session_01
13.248,0.13473636842217415,sad,subject_02,subject_02_sad_session_01
13.252,0.13245238636666348,sad,subject_02,subject_02_sad_session_01
13.256,0.13379267120626873,sad,subject_02,subject_02_sad_session_01
13.26,0.1539955307360734,sad,subject_02,subject_02_sad_session_01
13.264,0.11231618812392843,sad,subject_02,subject_02_sad_session_01
13.268,0.16480239306533456,sad,subject_02,subject_02_sad_session_01
13.272,0.18177162031013777,sad,subject_02,subject_02_sad_session_01
13.276,0.15408749389828078,sad,subject_02,subject_02_sad_session_01
13.28,0.1753286263570622,sad,subject_02,subject_02_sad_session_01
13.284,0.19447323126687296,sad,subject_02,subject_02_sad_session_01
13.288,0.20126712013993556,sad,subject_02,subject_02_sad_session_01
13.292,0.15207854010670246,sad,subject_02,subject_02_sad_session_01
13.296,0.22518506209679326,sad,subject_02,subject_02_sad_session_01
13.3,0.2285778130357312,sad,subject_02,subject_02_sad_session_01
13.304,0.18683186025727389,sad,subject_02,subject_02_sad_session_01
13.308,0.2612676671013092,sad,subject_02,subject_02_sad_session_01
13.312,0.22598214510056944,sad,subject_02,subject_02_sad_session_01
13.316,0.22256638354703187,sad,subject_02,subject_02_sad_session_01
13.32,0.234176443649202,sad,subject_02,subject_02_sad_session_01
13.324,0.18268226389242348,sad,subject_02,subject_02_sad_session_01
13.328,0.2025873183391157,sad,subject_02,subject_02_sad_session_01
13.332,0.23077035447593888,sad,subject_02,subject_02_sad_session_01
13.336,0.18690073248497496,sad,subject_02,subject_02_sad_session_01
13.34,0.19840276436692023,sad,subject_02,subject_02_sad_session_01
13.344,0.22471121662236057,sad,subject_02,subject_02_sad_session_01
13.348,0.21325960105055616,sad,subject_02,subject_02_sad_session_01
13.352,0.2014735989497715,sad,subject_02,subject_02_sad_session_01
13.356,0.19922427615828697,sad,subject_02,subject_02_sad_session_01
13.36,0.1882458549504564,sad,subject_02,subject_02_sad_session_01
13.364,0.21489134480160504,sad,subject_02,subject_02_sad_session_01
13.368,0.24752400934340918,sad,subject_02,subject_02_sad_session_01
13.372,0.1888443093046924,sad,subject_02,subject_02_sad_session_01
13.376,0.2135257601970821,sad,subject_02,subject_02_sad_session_01
13.38,0.1567551883816665,sad,subject_02,subject_02_sad_session_01
13.384,0.14402332051001915,sad,subject_02,subject_02_sad_session_01
13.388,0.13529356898640685,sad,subject_02,subject_02_sad_session_01
13.392,0.12574494840221775,sad,subject_02,subject_02_sad_session_01
13.396,0.13876397420287911,sad,subject_02,subject_02_sad_session_01
13.4,0.16837777566509277,sad,subject_02,subject_02_sad_session_01
13.404,0.16608666390709925,sad,subject_02,subject_02_sad_session_01
13.408,0.11492140222468218,sad,subject_02,subject_02_sad_session_01
13.412,0.11474106482182019,sad,subject_02,subject_02_sad_session_01
13.416,0.11870615015563163,sad,subject_02,subject_02_sad_session_01
13.42,0.12018359778888618,sad,subject_02,subject_02_sad_session_01
13.424,0.1252615527574567,sad,subject_02,subject_02_sad_session_01
13.428,0.0903113203133433,sad,subject_02,subject_02_sad_session_01
13.432,0.09104179665435498,sad,subject_02,subject_02_sad_session_01
13.436,0.13262264830112808,sad,subject_02,subject_02_sad_session_01
13.44,0.07872393289495686,sad,subject_02,subject_02_sad_session_01
13.444,0.06512555227377886,sad,subject_02,subject_02_sad_session_01
13.448,0.07527221244994371,sad,subject_02,subject_02_sad_session_01
13.452,0.07585574802392697,sad,subject_02,subject_02_sad_session_01
13.456,0.023161639848026834,sad,subject_02,subject_02_sad_session_01
13.46,0.05216108987855771,sad,subject_02,subject_02_sad_session_01
13.464,0.07436198601156083,sad,subject_02,subject_02_sad_session_01
13.468,0.11839738563531554,sad,subject_02,subject_02_sad_session_01
13.472,0.03910129987653821,sad,subject_02,subject_02_sad_session_01
13.476,0.07482267273287078,sad,subject_02,subject_02_sad_session_01
13.48,0.054359640131618245,sad,subject_02,subject_02_sad_session_01
13.484,0.08108441578239395,sad,subject_02,subject_02_sad_session_01
13.488,0.02520637752557458,sad,subject_02,subject_02_sad_session_01
13.492,0.07453566271823404,sad,subject_02,subject_02_sad_session_01
13.496,0.08134315574756232,sad,subject_02,subject_02_sad_session_01
13.5,0.08062498585892913,sad,subject_02,subject_02_sad_session_01
13.504,0.0782709974298468,sad,subject_02,subject_02_sad_session_01
13.508,0.03948465910416251,sad,subject_02,subject_02_sad_session_01
13.512,0.049755924582537,sad,subject_02,subject_02_sad_session_01
13.516,0.0181994068556832,sad,subject_02,subject_02_sad_session_01
13.52,-0.0372004093594613,sad,subject_02,subject_02_sad_session_01
13.524,0.035977480352686574,sad,subject_02,subject_02_sad_session_01
13.528,0.02238969532785151,sad,subject_02,subject_02_sad_session_01
13.532,0.055126217451378134,sad,subject_02,subject_02_sad_session_01
13.536,0.05119695899637804,sad,subject_02,subject_02_sad_session_01
13.54,-0.007342907554431306,sad,subject_02,subject_02_sad_session_01
13.544,0.09395514212642955,sad,subject_02,subject_02_sad_session_01
13.548,0.03475002748614536,sad,subject_02,subject_02_sad_session_01
13.552,-0.016032694592814044,sad,subject_02,subject_02_sad_session_01
13.556,-0.012390220231966242,sad,subject_02,subject_02_sad_session_01
13.56,-0.04390865510478384,sad,subject_02,subject_02_sad_session_01
13.564,0.04386808699511861,sad,subject_02,subject_02_sad_session_01
13.568,0.004726798865587804,sad,subject_02,subject_02_sad_session_01
13.572,-0.005069692328549848,sad,subject_02,subject_02_sad_session_01
13.576,0.0004630436776626376,sad,subject_02,subject_02_sad_session_01
13.58,0.010431347174031508,sad,subject_02,subject_02_sad_session_01
13.584,0.0364111066216235,sad,subject_02,subject_02_sad_session_01
13.588,-0.03047960599643018,sad,subject_02,subject_02_sad_session_01
13.592,-0.01350837879908065,sad,subject_02,subject_02_sad_session_01
13.596,0.0322840572062387,sad,subject_02,subject_02_sad_session_01
13.6,0.0002720700184497202,sad,subject_02,subject_02_sad_session_01
13.604,0.03533627101952963,sad,subject_02,subject_02_sad_session_01
13.608,0.002727523209509492,sad,subject_02,subject_02_sad_session_01
13.612,0.06468835235037831,sad,subject_02,subject_02_sad_session_01
13.616,0.023504143263078647,sad,subject_02,subject_02_sad_session_01
13.62,0.05383851582424197,sad,subject_02,subject_02_sad_session_01
13.624,0.032395290945734435,sad,subject_02,subject_02_sad_session_01
13.628,0.03402728946683857,sad,subject_02,subject_02_sad_session_01
13.632,-0.006073423737122569,sad,subject_02,subject_02_sad_session_01
13.636,0.05134419121870052,sad,subject_02,subject_02_sad_session_01
13.64,0.022621892849232397,sad,subject_02,subject_02_sad_session_01
13.644,-0.012636117148336845,sad,subject_02,subject_02_sad_session_01
13.648,-0.04749101621754172,sad,subject_02,subject_02_sad_session_01
13.652,0.019839878062531756,sad,subject_02,subject_02_sad_session_01
13.656,0.06071292248497897,sad,subject_02,subject_02_sad_session_01
13.66,-0.011900337795603153,sad,subject_02,subject_02_sad_session_01
13.664,-0.013070101067399803,sad,subject_02,subject_02_sad_session_01
13.668,0.005509708035555174,sad,subject_02,subject_02_sad_session_01
13.672,0.04788232080491113,sad,subject_02,subject_02_sad_session_01
13.676,-0.04040505090023349,sad,subject_02,subject_02_sad_session_01
13.68,-0.004945951958568876,sad,subject_02,subject_02_sad_session_01
13.684,-0.015742689743145633,sad,subject_02,subject_02_sad_session_01
13.688,0.031176837343365113,sad,subject_02,subject_02_sad_session_01
13.692,0.009932901527815133,sad,subject_02,subject_02_sad_session_01
13.696,0.0037393800004385854,sad,subject_02,subject_02_sad_session_01
13.7,0.008684768222951632,sad,subject_02,subject_02_sad_session_01
13.704,0.03761784203491735,sad,subject_02,subject_02_sad_session_01
13.708,0.047751695631620295,sad,subject_02,subject_02_sad_session_01
13.712,0.04492849645119829,sad,subject_02,subject_02_sad_session_01
13.716,0.031606008566328406,sad,subject_02,subject_02_sad_session_01
13.72,0.05609824446502214,sad,subject_02,subject_02_sad_session_01
13.724,-0.013030005928031612,sad,subject_02,subject_02_sad_session_01
13.728,0.02700534403324155,sad,subject_02,subject_02_sad_session_01
13.732,0.08642953017596883,sad,subject_02,subject_02_sad_session_01
13.736,-0.03836979555824699,sad,subject_02,subject_02_sad_session_01
13.74,0.001654097882942681,sad,subject_02,subject_02_sad_session_01
13.744,-0.01223148828192018,sad,subject_02,subject_02_sad_session_01
13.748,0.028908331587105138,sad,subject_02,subject_02_sad_session_01
13.752,0.06505076635720977,sad,subject_02,subject_02_sad_session_01
13.756,0.04000069619129643,sad,subject_02,subject_02_sad_session_01
13.76,0.019628293786308613,sad,subject_02,subject_02_sad_session_01
13.764,0.04512148104152905,sad,subject_02,subject_02_sad_session_01
13.768,0.02300701761057051,sad,subject_02,subject_02_sad_session_01
13.772,0.040827214195271265,sad,subject_02,subject_02_sad_session_01
13.776,0.05720351473091416,sad,subject_02,subject_02_sad_session_01
13.78,0.09521765821198261,sad,subject_02,subject_02_sad_session_01
13.784,0.06042312476737732,sad,subject_02,subject_02_sad_session_01
13.788,0.05806609238919022,sad,subject_02,subject_02_sad_session_01
13.792,0.1174376508409441,sad,subject_02,subject_02_sad_session_01
13.796,0.0027280500237879812,sad,subject_02,subject_02_sad_session_01
13.8,0.06380384829758273,sad,subject_02,subject_02_sad_session_01
13.804,0.049533650945669784,sad,subject_02,subject_02_sad_session_01
13.808,0.06979409463468579,sad,subject_02,subject_02_sad_session_01
13.812,0.10011568444498672,sad,subject_02,subject_02_sad_session_01
13.816,0.11624720609807065,sad,subject_02,subject_02_sad_session_01
13.82,0.07573042360098349,sad,subject_02,subject_02_sad_session_01
13.824,0.11552076225265641,sad,subject_02,subject_02_sad_session_01
13.828,0.0721206402516305,sad,subject_02,subject_02_sad_session_01
13.832,0.0636547767736721,sad,subject_02,subject_02_sad_session_01
13.836,0.10655899095599597,sad,subject_02,subject_02_sad_session_01
13.84,0.09952712529805928,sad,subject_02,subject_02_sad_session_01
13.844,0.15169288456010457,sad,subject_02,subject_02_sad_session_01
13.848,0.17094221746558938,sad,subject_02,subject_02_sad_session_01
13.852,0.08815532431731526,sad,subject_02,subject_02_sad_session_01
13.856,0.05061207322623002,sad,subject_02,subject_02_sad_session_01
13.86,0.06174152602883312,sad,subject_02,subject_02_sad_session_01
13.864,0.07478415342686266,sad,subject_02,subject_02_sad_session_01
13.868,0.10253410518056014,sad,subject_02,subject_02_sad_session_01
13.872,0.08437530505324199,sad,subject_02,subject_02_sad_session_01
13.876,0.04987300479325402,sad,subject_02,subject_02_sad_session_01
13.88,0.13624273449912375,sad,subject_02,subject_02_sad_session_01
13.884,0.09728339382475959,sad,subject_02,subject_02_sad_session_01
13.888,0.12471245138223587,sad,subject_02,subject_02_sad_session_01
13.892,0.012352735676513515,sad,subject_02,subject_02_sad_session_01
13.896,0.09899809331514117,sad,subject_02,subject_02_sad_session_01
13.9,0.05084979894115527,sad,subject_02,subject_02_sad_session_01
13.904,0.03821194439107595,sad,subject_02,subject_02_sad_session_01
13.908,0.04554946509357374,sad,subject_02,subject_02_sad_session_01
13.912,0.01894463680128375,sad,subject_02,subject_02_sad_session_01
13.916,0.031046927328427558,sad,subject_02,subject_02_sad_session_01
13.92,0.0594624912512524,sad,subject_02,subject_02_sad_session_01
13.924,-0.031743933261192195,sad,subject_02,subject_02_sad_session_01
13.928,0.06849371402870497,sad,subject_02,subject_02_sad_session_01
13.932,0.032124395001165144,sad,subject_02,subject_02_sad_session_01
13.936,0.014166455217037757,sad,subject_02,subject_02_sad_session_01
13.94,0.042989119884690376,sad,subject_02,subject_02_sad_session_01
13.944,0.02359103355152542,sad,subject_02,subject_02_sad_session_01
13.948,-0.003679317106691187,sad,subject_02,subject_02_sad_session_01
13.952,-0.014165571708814075,sad,subject_02,subject_02_sad_session_01
13.956,0.052543533018216446,sad,subject_02,subject_02_sad_session_01
13.96,-0.03806900815298273,sad,subject_02,subject_02_sad_session_01
13.964,-0.0006835648045330758,sad,subject_02,subject_02_sad_session_01
13.968,-0.03803331705274045,sad,subject_02,subject_02_sad_session_01
13.972,0.018020894863123187,sad,subject_02,subject_02_sad_session_01
13.976,-0.0005304683760082216,sad,subject_02,subject_02_sad_session_01
13.98,-0.0365440705399373,sad,subject_02,subject_02_sad_session_01
13.984,-0.027507286587473048,sad,subject_02,subject_02_sad_session_01
13.988,-0.004011709201195986,sad,subject_02,subject_02_sad_session_01
13.992,-0.0025018869026917877,sad,subject_02,subject_02_sad_session_01
13.996,-0.07591619452578502,sad,subject_02,subject_02_sad_session_01
14.0,-0.044098636294789335,sad,subject_02,subject_02_sad_session_01
14.004,-0.016710862058813974,sad,subject_02,subject_02_sad_session_01
14.008,0.029331800459256305,sad,subject_02,subject_02_sad_session_01
14.012,0.05244626995889006,sad,subject_02,subject_02_sad_session_01
14.016,0.07169108025854652,sad,subject_02,subject_02_sad_session_01
14.02,0.1973214002897179,sad,subject_02,subject_02_sad_session_01
14.024,0.2594242814218309,sad,subject_02,subject_02_sad_session_01
14.028,0.2880951088683982,sad,subject_02,subject_02_sad_session_01
14.032,0.538715610017766,sad,subject_02,subject_02_sad_session_01
14.036,0.6122492684179826,sad,subject_02,subject_02_sad_session_01
14.04,0.6852652597724793,sad,subject_02,subject_02_sad_session_01
14.044,0.7294448130720796,sad,subject_02,subject_02_sad_session_01
14.048,0.749767101080449,sad,subject_02,subject_02_sad_session_01
14.052,0.7119938683777529,sad,subject_02,subject_02_sad_session_01
14.056,0.6363050010827104,sad,subject_02,subject_02_sad_session_01
14.06,0.5277746612228269,sad,subject_02,subject_02_sad_session_01
14.064,0.43184784182855285,sad,subject_02,subject_02_sad_session_01
14.068,0.27763984225504346,sad,subject_02,subject_02_sad_session_01
14.072,0.14950567687001598,sad,subject_02,subject_02_sad_session_01
14.076,0.08792024659188832,sad,subject_02,subject_02_sad_session_01
14.08,0.029527756695254648,sad,subject_02,subject_02_sad_session_01
14.084,-0.07571758920595949,sad,subject_02,subject_02_sad_session_01
14.088,-0.09592975136573359,sad,subject_02,subject_02_sad_session_01
14.092,-0.13211304114184214,sad,subject_02,subject_02_sad_session_01
14.096,-0.11045368390039312,sad,subject_02,subject_02_sad_session_01
14.1,-0.09213056882862991,sad,subject_02,subject_02_sad_session_01
14.104,-0.0062563176372437655,sad,subject_02,subject_02_sad_session_01
14.108,-0.07171132165054356,sad,subject_02,subject_02_sad_session_01
14.112,0.006217644952246963,sad,subject_02,subject_02_sad_session_01
14.116,-0.007112787144894533,sad,subject_02,subject_02_sad_session_01
14.12,0.024614411305560017,sad,subject_02,subject_02_sad_session_01
14.124,0.045270223681509764,sad,subject_02,subject_02_sad_session_01
14.128,0.012255558518012567,sad,subject_02,subject_02_sad_session_01
14.132,0.04962561973617717,sad,subject_02,subject_02_sad_session_01
14.136,0.06447892270424867,sad,subject_02,subject_02_sad_session_01
14.14,0.06081709249459165,sad,subject_02,subject_02_sad_session_01
14.144,0.0028551469334523877,sad,subject_02,subject_02_sad_session_01
14.148,-0.03328395471849571,sad,subject_02,subject_02_sad_session_01
14.152,0.025031512095442056,sad,subject_02,subject_02_sad_session_01
14.156,0.03731193477716806,sad,subject_02,subject_02_sad_session_01
14.16,-0.023249915410880576,sad,subject_02,subject_02_sad_session_01
14.164,0.04078579824020119,sad,subject_02,subject_02_sad_session_01
14.168,-0.03441975544060812,sad,subject_02,subject_02_sad_session_01
14.172,0.0931506906445069,sad,subject_02,subject_02_sad_session_01
14.176,0.06531360248081453,sad,subject_02,subject_02_sad_session_01
14.18,0.030859840589828838,sad,subject_02,subject_02_sad_session_01
14.184,0.06379225855530996,sad,subject_02,subject_02_sad_session_01
14.188,0.07226291441381442,sad,subject_02,subject_02_sad_session_01
14.192,0.0841715873744556,sad,subject_02,subject_02_sad_session_01
14.196,0.07683813190600683,sad,subject_02,subject_02_sad_session_01
14.2,0.108305851317013,sad,subject_02,subject_02_sad_session_01
14.204,0.04722921495053377,sad,subject_02,subject_02_sad_session_01
14.208,0.08678505425729269,sad,subject_02,subject_02_sad_session_01
14.212,0.14971846993663118,sad,subject_02,subject_02_sad_session_01
14.216,0.09106291830368031,sad,subject_02,subject_02_sad_session_01
14.22,0.1143640222608819,sad,subject_02,subject_02_sad_session_01
14.224,0.08275449706474278,sad,subject_02,subject_02_sad_session_01
14.228,0.18275960412265876,sad,subject_02,subject_02_sad_session_01
14.232,0.1319755287900981,sad,subject_02,subject_02_sad_session_01
14.236,0.09090878140621367,sad,subject_02,subject_02_sad_session_01
14.24,0.16649203243745486,sad,subject_02,subject_02_sad_session_01
14.244,0.10652058393346375,sad,subject_02,subject_02_sad_session_01
14.248,0.16396068149722517,sad,subject_02,subject_02_sad_session_01
14.252,0.17883704123292668,sad,subject_02,subject_02_sad_session_01
14.256,0.21295997109007833,sad,subject_02,subject_02_sad_session_01
14.26,0.1627978099643609,sad,subject_02,subject_02_sad_session_01
14.264,0.1611436575737978,sad,subject_02,subject_02_sad_session_01
14.268,0.10211340825957442,sad,subject_02,subject_02_sad_session_01
14.272,0.15208503522860603,sad,subject_02,subject_02_sad_session_01
14.276,0.14682227409627507,sad,subject_02,subject_02_sad_session_01
14.28,0.16487372864436228,sad,subject_02,subject_02_sad_session_01
14.284,0.15630496897466492,sad,subject_02,subject_02_sad_session_01
14.288,0.19665681990412542,sad,subject_02,subject_02_sad_session_01
14.292,0.15698862559744742,sad,subject_02,subject_02_sad_session_01
14.296,0.18828173152826605,sad,subject_02,subject_02_sad_session_01
14.3,0.17032247891959884,sad,subject_02,subject_02_sad_session_01
14.304,0.15441152760723179,sad,subject_02,subject_02_sad_session_01
14.308,0.1505281045720332,sad,subject_02,subject_02_sad_session_01
14.312,0.17731168179664342,sad,subject_02,subject_02_sad_session_01
14.316,0.20938506486671637,sad,subject_02,subject_02_sad_session_01
14.32,0.1438479332115378,sad,subject_02,subject_02_sad_session_01
14.324,0.1642950953579913,sad,subject_02,subject_02_sad_session_01
14.328,0.1740857212362006,sad,subject_02,subject_02_sad_session_01
14.332,0.15530605899789338,sad,subject_02,subject_02_sad_session_01
14.336,0.09907746088823216,sad,subject_02,subject_02_sad_session_01
14.34,0.16191729281608908,sad,subject_02,subject_02_sad_session_01
14.344,0.09772587454522251,sad,subject_02,subject_02_sad_session_01
14.348,0.09325076838055582,sad,subject_02,subject_02_sad_session_01
14.352,0.09376707177587798,sad,subject_02,subject_02_sad_session_01
14.356,0.12273557591900047,sad,subject_02,subject_02_sad_session_01
14.36,0.09319623887791537,sad,subject_02,subject_02_sad_session_01
14.364,0.07342247322341042,sad,subject_02,subject_02_sad_session_01
14.368,0.12216446696596471,sad,subject_02,subject_02_sad_session_01
14.372,0.10416520091772495,sad,subject_02,subject_02_sad_session_01
14.376,0.12187270723616636,sad,subject_02,subject_02_sad_session_01
14.38,0.0714166518081431,sad,subject_02,subject_02_sad_session_01
14.384,0.08557171588288259,sad,subject_02,subject_02_sad_session_01
14.388,0.10571046680997817,sad,subject_02,subject_02_sad_session_01
14.392,0.036591286679688424,sad,subject_02,subject_02_sad_session_01
14.396,0.0505286652161866,sad,subject_02,subject_02_sad_session_01
14.4,0.09465817092669009,sad,subject_02,subject_02_sad_session_01
14.404,0.060092288499716165,sad,subject_02,subject_02_sad_session_01
14.408,0.04976938232388823,sad,subject_02,subject_02_sad_session_01
14.412,0.04807382457638331,sad,subject_02,subject_02_sad_session_01
14.416,0.08104448213671395,sad,subject_02,subject_02_sad_session_01
14.42,0.03894136817824389,sad,subject_02,subject_02_sad_session_01
14.424,0.03653584297591985,sad,subject_02,subject_02_sad_session_01
14.428,0.03037409821583094,sad,subject_02,subject_02_sad_session_01
14.432,-0.021687577685725302,sad,subject_02,subject_02_sad_session_01
14.436,0.03799160571707407,sad,subject_02,subject_02_sad_session_01
14.44,-0.005388693676002181,sad,subject_02,subject_02_sad_session_01
14.444,-0.022078672302319417,sad,subject_02,subject_02_sad_session_01
14.448,-0.039857422862725006,sad,subject_02,subject_02_sad_session_01
14.452,-0.036674682838730856,sad,subject_02,subject_02_sad_session_01
14.456,-0.061440658410988135,sad,subject_02,subject_02_sad_session_01
14.46,-0.026768278934277905,sad,subject_02,subject_02_sad_session_01
14.464,-0.011524251577582257,sad,subject_02,subject_02_sad_session_01
14.468,0.031063945945976973,sad,subject_02,subject_02_sad_session_01
14.472,-0.0010689317345059677,sad,subject_02,subject_02_sad_session_01
14.476,0.002761525613980606,sad,subject_02,subject_02_sad_session_01
14.48,0.03174087189100037,sad,subject_02,subject_02_sad_session_01
14.484,-0.09382790782717906,sad,subject_02,subject_02_sad_session_01
14.488,0.0019464760297039415,sad,subject_02,subject_02_sad_session_01
14.492,-0.0017394885840153786,sad,subject_02,subject_02_sad_session_01
14.496,0.012260588622491256,sad,subject_02,subject_02_sad_session_01
14.5,-0.06748791413124954,sad,subject_02,subject_02_sad_session_01
14.504,-0.031865953481714414,sad,subject_02,subject_02_sad_session_01
14.508,-0.043525781782843956,sad,subject_02,subject_02_sad_session_01
14.512,-0.055095749279113884,sad,subject_02,subject_02_sad_session_01
14.516,0.052138322407782975,sad,subject_02,subject_02_sad_session_01
14.52,-0.03493132515916399,sad,subject_02,subject_02_sad_session_01
14.524,0.00922552853649997,sad,subject_02,subject_02_sad_session_01
14.528,0.0019984190048084015,sad,subject_02,subject_02_sad_session_01
14.532,-0.06290476826720731,sad,subject_02,subject_02_sad_session_01
14.536,-0.035929637330224654,sad,subject_02,subject_02_sad_session_01
14.54,-0.01879993952119012,sad,subject_02,subject_02_sad_session_01
14.544,-0.009136881477388212,sad,subject_02,subject_02_sad_session_01
14.548,-0.011437121149329751,sad,subject_02,subject_02_sad_session_01
14.552,0.030910296982044658,sad,subject_02,subject_02_sad_session_01
14.556,0.005330496854746184,sad,subject_02,subject_02_sad_session_01
14.56,-0.002546447757015107,sad,subject_02,subject_02_sad_session_01
14.564,0.00654338479935454,sad,subject_02,subject_02_sad_session_01
14.568,0.017846704307276945,sad,subject_02,subject_02_sad_session_01
14.572,-0.041641894687339434,sad,subject_02,subject_02_sad_session_01
14.576,-0.07053676954169563,sad,subject_02,subject_02_sad_session_01
14.58,-0.041536370767035674,sad,subject_02,subject_02_sad_session_01
14.584,-0.06472110909556318,sad,subject_02,subject_02_sad_session_01
14.588,-0.05316620490194622,sad,subject_02,subject_02_sad_session_01
14.592,-0.02083859192985059,sad,subject_02,subject_02_sad_session_01
14.596,-0.04058464059895246,sad,subject_02,subject_02_sad_session_01
14.6,-0.004680531687425795,sad,subject_02,subject_02_sad_session_01
14.604,-0.015150105962175206,sad,subject_02,subject_02_sad_session_01
14.608,-0.013446207187365415,sad,subject_02,subject_02_sad_session_01
14.612,-0.06246292345037385,sad,subject_02,subject_02_sad_session_01
14.616,-0.050963250622716845,sad,subject_02,subject_02_sad_session_01
14.62,-0.0820520662458849,sad,subject_02,subject_02_sad_session_01
14.624,-0.007825366356133144,sad,subject_02,subject_02_sad_session_01
14.628,0.032688048071267184,sad,subject_02,subject_02_sad_session_01
14.632,-0.019718705476835123,sad,subject_02,subject_02_sad_session_01
14.636,-0.01715426635238769,sad,subject_02,subject_02_sad_session_01
14.64,-0.04123075223660923,sad,subject_02,subject_02_sad_session_01
14.644,-0.0318725266333734,sad,subject_02,subject_02_sad_session_01
14.648,0.012777738234713756,sad,subject_02,subject_02_sad_session_01
14.652,-0.02281805838603651,sad,subject_02,subject_02_sad_session_01
14.656,-0.006430497238995362,sad,subject_02,subject_02_sad_session_01
14.66,0.013358232774386577,sad,subject_02,subject_02_sad_session_01
14.664,0.007306206716682813,sad,subject_02,subject_02_sad_session_01
14.668,-0.024758506942020204,sad,subject_02,subject_02_sad_session_01
14.672,-0.02254979279061074,sad,subject_02,subject_02_sad_session_01
14.676,-0.037278735135727936,sad,subject_02,subject_02_sad_session_01
14.68,-0.0106461870576836,sad,subject_02,subject_02_sad_session_01
14.684,-0.037889423689736815,sad,subject_02,subject_02_sad_session_01
14.688,-0.014801558342913584,sad,subject_02,subject_02_sad_session_01
14.692,0.00610263865639701,sad,subject_02,subject_02_sad_session_01
14.696,-0.07528138542652169,sad,subject_02,subject_02_sad_session_01
14.7,-0.07996699631319167,sad,subject_02,subject_02_sad_session_01
14.704,-0.02500043502042396,sad,subject_02,subject_02_sad_session_01
14.708,-0.0028646836205236566,sad,subject_02,subject_02_sad_session_01
14.712,-0.013420738089513188,sad,subject_02,subject_02_sad_session_01
14.716,-0.05725444925748374,sad,subject_02,subject_02_sad_session_01
14.72,0.007387547636687676,sad,subject_02,subject_02_sad_session_01
14.724,0.03921782867987955,sad,subject_02,subject_02_sad_session_01
14.728,-0.042243511765338734,sad,subject_02,subject_02_sad_session_01
14.732,-0.03578682384795344,sad,subject_02,subject_02_sad_session_01
14.736,-0.010800611144463696,sad,subject_02,subject_02_sad_session_01
14.74,-0.012538164046189137,sad,subject_02,subject_02_sad_session_01
14.744,0.030479106053610556,sad,subject_02,subject_02_sad_session_01
14.748,0.006399674956286544,sad,subject_02,subject_02_sad_session_01
14.752,-0.007001491119843974,sad,subject_02,subject_02_sad_session_01
14.756,-0.011753551088678394,sad,subject_02,subject_02_sad_session_01
14.76,-0.03538653304097408,sad,subject_02,subject_02_sad_session_01
14.764,0.056307503251325816,sad,subject_02,subject_02_sad_session_01
14.768,0.03906520424085854,sad,subject_02,subject_02_sad_session_01
14.772,0.022709300923640187,sad,subject_02,subject_02_sad_session_01
14.776,0.0339800405269002,sad,subject_02,subject_02_sad_session_01
14.78,0.032810187080999295,sad,subject_02,subject_02_sad_session_01
14.784,-0.01166230577147033,sad,subject_02,subject_02_sad_session_01
14.788,0.003780810793921674,sad,subject_02,subject_02_sad_session_01
14.792,0.04515755527921384,sad,subject_02,subject_02_sad_session_01
14.796,0.04917403753445894,sad,subject_02,subject_02_sad_session_01
14.8,0.05953421422479555,sad,subject_02,subject_02_sad_session_01
14.804,0.11438747433544032,sad,subject_02,subject_02_sad_session_01
14.808,0.05782943178304133,sad,subject_02,subject_02_sad_session_01
14.812,0.04582256882184341,sad,subject_02,subject_02_sad_session_01
14.816,0.07185451278475835,sad,subject_02,subject_02_sad_session_01
14.82,0.02915328387106772,sad,subject_02,subject_02_sad_session_01
14.824,0.07573617801078324,sad,subject_02,subject_02_sad_session_01
14.828,0.04854900542565074,sad,subject_02,subject_02_sad_session_01
14.832,0.07550121034972354,sad,subject_02,subject_02_sad_session_01
14.836,0.06106418449115858,sad,subject_02,subject_02_sad_session_01
14.84,0.05926669925749423,sad,subject_02,subject_02_sad_session_01
14.844,0.07873029648406736,sad,subject_02,subject_02_sad_session_01
14.848,0.07785195038685844,sad,subject_02,subject_02_sad_session_01
14.852,0.11224869365221292,sad,subject_02,subject_02_sad_session_01
14.856,0.06716051208153243,sad,subject_02,subject_02_sad_session_01
14.86,0.03379735243567433,sad,subject_02,subject_02_sad_session_01
14.864,0.016817791529609882,sad,subject_02,subject_02_sad_session_01
14.868,0.040779937559921,sad,subject_02,subject_02_sad_session_01
14.872,0.06880992434420836,sad,subject_02,subject_02_sad_session_01
14.876,0.04534260076879638,sad,subject_02,subject_02_sad_session_01
14.88,-0.006863351166754803,sad,subject_02,subject_02_sad_session_01
14.884,0.02315850123149956,sad,subject_02,subject_02_sad_session_01
14.888,0.011588302394836873,sad,subject_02,subject_02_sad_session_01
14.892,0.032056425173773787,sad,subject_02,subject_02_sad_session_01
14.896,0.00561401721435895,sad,subject_02,subject_02_sad_session_01
14.9,0.0008291535312198893,sad,subject_02,subject_02_sad_session_01
14.904,-0.04583914183635906,sad,subject_02,subject_02_sad_session_01
14.908,0.010400296821929828,sad,subject_02,subject_02_sad_session_01
14.912,-0.05769974102042801,sad,subject_02,subject_02_sad_session_01
14.916,-0.015591007193833072,sad,subject_02,subject_02_sad_session_01
14.92,-0.03679603503293996,sad,subject_02,subject_02_sad_session_01
14.924,-0.04028015527442277,sad,subject_02,subject_02_sad_session_01
14.928,-0.005969236357565733,sad,subject_02,subject_02_sad_session_01
14.932,-0.024775370997588045,sad,subject_02,subject_02_sad_session_01
14.936,-0.09751228580024297,sad,subject_02,subject_02_sad_session_01
14.94,-0.032508345309243805,sad,subject_02,subject_02_sad_session_01
14.944,-0.03896941394499362,sad,subject_02,subject_02_sad_session_01
14.948,0.009672781745234709,sad,subject_02,subject_02_sad_session_01
14.952,-0.06624105791886087,sad,subject_02,subject_02_sad_session_01
14.956,0.027057597622659423,sad,subject_02,subject_02_sad_session_01
14.96,-0.007343990224674649,sad,subject_02,subject_02_sad_session_01
14.964,-0.0456490656570996,sad,subject_02,subject_02_sad_session_01
14.968,-0.05586088630014299,sad,subject_02,subject_02_sad_session_01
14.972,-0.0689122280413039,sad,subject_02,subject_02_sad_session_01
14.976,-0.04381812635783193,sad,subject_02,subject_02_sad_session_01
14.98,-0.07228999925272477,sad,subject_02,subject_02_sad_session_01
14.984,-0.0322474438067208,sad,subject_02,subject_02_sad_session_01
14.988,-0.020157126924306386,sad,subject_02,subject_02_sad_session_01
14.992,0.09933244129452605,sad,subject_02,subject_02_sad_session_01
14.996,0.17163174369972728,sad,subject_02,subject_02_sad_session_01
15.0,0.25855473230931314,sad,subject_02,subject_02_sad_session_01
15.004,0.37983034281518446,sad,subject_02,subject_02_sad_session_01
15.008,0.4782666178790787,sad,subject_02,subject_02_sad_session_01
15.012,0.6063322107904043,sad,subject_02,subject_02_sad_session_01
15.016,0.6321732419817272,sad,subject_02,subject_02_sad_session_01
15.02,0.7359360544820224,sad,subject_02,subject_02_sad_session_01
15.024,0.7138793294193669,sad,subject_02,subject_02_sad_session_01
15.028,0.6548612988956634,sad,subject_02,subject_02_sad_session_01
15.032,0.6093513712518193,sad,subject_02,subject_02_sad_session_01
15.036,0.4987843426304201,sad,subject_02,subject_02_sad_session_01
15.04,0.3345251314185642,sad,subject_02,subject_02_sad_session_01
15.044,0.28008357682090373,sad,subject_02,subject_02_sad_session_01
15.048,0.04964159591951585,sad,subject_02,subject_02_sad_session_01
15.052,0.05998231438974644,sad,subject_02,subject_02_sad_session_01
15.056,-0.04906523741380481,sad,subject_02,subject_02_sad_session_01
15.06,-0.05806655520540924,sad,subject_02,subject_02_sad_session_01
15.064,-0.06281055578287686,sad,subject_02,subject_02_sad_session_01
15.068,-0.11762538555688076,sad,subject_02,subject_02_sad_session_01
15.072,-0.10298187050949899,sad,subject_02,subject_02_sad_session_01
15.076,-0.06389765124540543,sad,subject_02,subject_02_sad_session_01
15.08,-0.08929621920949529,sad,subject_02,subject_02_sad_session_01
15.084,-0.05022416096333778,sad,subject_02,subject_02_sad_session_01
15.088,-0.04163853188917748,sad,subject_02,subject_02_sad_session_01
15.092,-0.05704031235359388,sad,subject_02,subject_02_sad_session_01
15.096,-0.0303305745179015,sad,subject_02,subject_02_sad_session_01
15.1,0.010021946894176851,sad,subject_02,subject_02_sad_session_01
15.104,0.010774557076595914,sad,subject_02,subject_02_sad_session_01
15.108,-0.012343520609563258,sad,subject_02,subject_02_sad_session_01
15.112,-0.002560046505730469,sad,subject_02,subject_02_sad_session_01
15.116,-0.010857186598968309,sad,subject_02,subject_02_sad_session_01
15.12,-0.05170773248324281,sad,subject_02,subject_02_sad_session_01
15.124,-0.026312162432825203,sad,subject_02,subject_02_sad_session_01
15.128,0.03621654671715764,sad,subject_02,subject_02_sad_session_01
15.132,0.046829605716271074,sad,subject_02,subject_02_sad_session_01
15.136,-0.011161575180576751,sad,subject_02,subject_02_sad_session_01
15.14,0.052046403173649836,sad,subject_02,subject_02_sad_session_01
15.144,-0.013453373398944448,sad,subject_02,subject_02_sad_session_01
15.148,0.011351592965555114,sad,subject_02,subject_02_sad_session_01
15.152,0.027799233653055342,sad,subject_02,subject_02_sad_session_01
15.156,0.027857673412851114,sad,subject_02,subject_02_sad_session_01
15.16,0.020159702601539663,sad,subject_02,subject_02_sad_session_01
15.164,0.04976979843346306,sad,subject_02,subject_02_sad_session_01
15.168,0.07446117383927597,sad,subject_02,subject_02_sad_session_01
15.172,0.01289607575486644,sad,subject_02,subject_02_sad_session_01
15.176,0.06575964518867428,sad,subject_02,subject_02_sad_session_01
15.18,0.0964879477736137,sad,subject_02,subject_02_sad_session_01
15.184,0.060806666972024734,sad,subject_02,subject_02_sad_session_01
15.188,0.06248741226317532,sad,subject_02,subject_02_sad_session_01
15.192,0.05910483162855194,sad,subject_02,subject_02_sad_session_01
15.196,0.1503791585028001,sad,subject_02,subject_02_sad_session_01
15.2,0.14087766505312838,sad,subject_02,subject_02_sad_session_01
15.204,0.0928927379123157,sad,subject_02,subject_02_sad_session_01
15.208,0.14271794964649165,sad,subject_02,subject_02_sad_session_01
15.212,0.0969779001721005,sad,subject_02,subject_02_sad_session_01
15.216,0.11339287984068855,sad,subject_02,subject_02_sad_session_01
15.22,0.09137939998768299,sad,subject_02,subject_02_sad_session_01
15.224,0.07278587908427489,sad,subject_02,subject_02_sad_session_01
15.228,0.11532838605764231,sad,subject_02,subject_02_sad_session_01
15.232,0.12436013055617216,sad,subject_02,subject_02_sad_session_01
15.236,0.15397819747694735,sad,subject_02,subject_02_sad_session_01
15.24,0.16456468018534703,sad,subject_02,subject_02_sad_session_01
15.244,0.14461102143277518,sad,subject_02,subject_02_sad_session_01
15.248,0.12154947730081096,sad,subject_02,subject_02_sad_session_01
15.252,0.13413202612900188,sad,subject_02,subject_02_sad_session_01
15.256,0.20376683089116154,sad,subject_02,subject_02_sad_session_01
15.26,0.1766329633066204,sad,subject_02,subject_02_sad_session_01
15.264,0.20171777529461557,sad,subject_02,subject_02_sad_session_01
15.268,0.21315556177080364,sad,subject_02,subject_02_sad_session_01
15.272,0.1404713557089388,sad,subject_02,subject_02_sad_session_01
15.276,0.18468203548034268,sad,subject_02,subject_02_sad_session_01
15.28,0.1324265400811981,sad,subject_02,subject_02_sad_session_01
15.284,0.1894459314907707,sad,subject_02,subject_02_sad_session_01
15.288,0.18178376744213137,sad,subject_02,subject_02_sad_session_01
15.292,0.09158787798932265,sad,subject_02,subject_02_sad_session_01
15.296,0.1647285428253467,sad,subject_02,subject_02_sad_session_01
15.3,0.12417545830169906,sad,subject_02,subject_02_sad_session_01
15.304,0.13650027568986917,sad,subject_02,subject_02_sad_session_01
15.308,0.12339736212780739,sad,subject_02,subject_02_sad_session_01
15.312,0.16656349627769537,sad,subject_02,subject_02_sad_session_01
15.316,0.1146456901028147,sad,subject_02,subject_02_sad_session_01
15.32,0.09232329072745522,sad,subject_02,subject_02_sad_session_01
15.324,0.10175880495763828,sad,subject_02,subject_02_sad_session_01
15.328,0.11462104289033072,sad,subject_02,subject_02_sad_session_01
15.332,0.12824609084750355,sad,subject_02,subject_02_sad_session_01
15.336,0.14654099162013923,sad,subject_02,subject_02_sad_session_01
15.34,0.12067486103432597,sad,subject_02,subject_02_sad_session_01
15.344,0.11729039171558035,sad,subject_02,subject_02_sad_session_01
15.348,0.11638013482781914,sad,subject_02,subject_02_sad_session_01
15.352,0.11316413932183633,sad,subject_02,subject_02_sad_session_01
15.356,0.11406234622901157,sad,subject_02,subject_02_sad_session_01
15.36,0.15265654895943287,sad,subject_02,subject_02_sad_session_01
15.364,0.09602598128680992,sad,subject_02,subject_02_sad_session_01
15.368,0.07516823143533782,sad,subject_02,subject_02_sad_session_01
15.372,0.04728909675067418,sad,subject_02,subject_02_sad_session_01
15.376,0.06533630327251708,sad,subject_02,subject_02_sad_session_01
15.38,0.08558520816106199,sad,subject_02,subject_02_sad_session_01
15.384,0.009506309973056501,sad,subject_02,subject_02_sad_session_01
15.388,0.07906609579011795,sad,subject_02,subject_02_sad_session_01
15.392,0.023941049761605097,sad,subject_02,subject_02_sad_session_01
15.396,0.025410560839677382,sad,subject_02,subject_02_sad_session_01
15.4,0.043845094410588537,sad,subject_02,subject_02_sad_session_01
15.404,0.008417174189999595,sad,subject_02,subject_02_sad_session_01
15.408,0.034217141561353234,sad,subject_02,subject_02_sad_session_01
15.412,-0.01766809471591674,sad,subject_02,subject_02_sad_session_01
15.416,0.03982949972774044,sad,subject_02,subject_02_sad_session_01
15.42,0.01629261370288244,sad,subject_02,subject_02_sad_session_01
15.424,0.007372086254814321,sad,subject_02,subject_02_sad_session_01
15.428,0.012994544110375235,sad,subject_02,subject_02_sad_session_01
15.432,0.0016180496317314034,sad,subject_02,subject_02_sad_session_01
15.436,0.013129711582406688,sad,subject_02,subject_02_sad_session_01
15.44,-0.008489484552260455,sad,subject_02,subject_02_sad_session_01
15.444,-0.012973911810320097,sad,subject_02,subject_02_sad_session_01
15.448,-0.0590940675517287,sad,subject_02,subject_02_sad_session_01
15.452,0.03324564590145567,sad,subject_02,subject_02_sad_session_01
15.456,-0.04408330227688475,sad,subject_02,subject_02_sad_session_01
15.46,0.03792313705758128,sad,subject_02,subject_02_sad_session_01
15.464,-0.01902283586452,sad,subject_02,subject_02_sad_session_01
15.468,0.023687404778092613,sad,subject_02,subject_02_sad_session_01
15.472,0.017461243315331297,sad,subject_02,subject_02_sad_session_01
15.476,0.014203724107540854,sad,subject_02,subject_02_sad_session_01
15.48,-0.014026236394558248,sad,subject_02,subject_02_sad_session_01
15.484,-0.0519216863411468,sad,subject_02,subject_02_sad_session_01
15.488,-0.022119777617701057,sad,subject_02,subject_02_sad_session_01
15.492,-0.02659195432077977,sad,subject_02,subject_02_sad_session_01
15.496,-0.020649582556561116,sad,subject_02,subject_02_sad_session_01
15.5,-0.05477741745264243,sad,subject_02,subject_02_sad_session_01
15.504,-0.026838229366140325,sad,subject_02,subject_02_sad_session_01
15.508,-0.10617939558807435,sad,subject_02,subject_02_sad_session_01
15.512,-0.027711016416113073,sad,subject_02,subject_02_sad_session_01
15.516,-0.01508724880903992,sad,subject_02,subject_02_sad_session_01
15.52,-0.04243952097671088,sad,subject_02,subject_02_sad_session_01
15.524,-0.02717331126443042,sad,subject_02,subject_02_sad_session_01
15.528,-0.01424801338038706,sad,subject_02,subject_02_sad_session_01
15.532,0.01122964995157414,sad,subject_02,subject_02_sad_session_01
15.536,0.012478799607253382,sad,subject_02,subject_02_sad_session_01
15.54,-0.009983086407914057,sad,subject_02,subject_02_sad_session_01
15.544,-0.019992251848937787,sad,subject_02,subject_02_sad_session_01
15.548,-0.008405073859365541,sad,subject_02,subject_02_sad_session_01
15.552,0.035002784591734226,sad,subject_02,subject_02_sad_session_01
15.556,-0.0038742881994161833,sad,subject_02,subject_02_sad_session_01
15.56,-0.011012106424407992,sad,subject_02,subject_02_sad_session_01
15.564,0.013453078111533647,sad,subject_02,subject_02_sad_session_01
15.568,-0.017186605961390714,sad,subject_02,subject_02_sad_session_01
15.572,-0.04411614142144845,sad,subject_02,subject_02_sad_session_01
15.576,-0.004621102663576224,sad,subject_02,subject_02_sad_session_01
15.58,-0.013161030705049506,sad,subject_02,subject_02_sad_session_01
15.584,-0.02469969083019412,sad,subject_02,subject_02_sad_session_01
15.588,-0.0016958527526259592,sad,subject_02,subject_02_sad_session_01
15.592,-0.07224669469266164,sad,subject_02,subject_02_sad_session_01
15.596,-0.033948590582000955,sad,subject_02,subject_02_sad_session_01
15.6,-0.043944775639634975,sad,subject_02,subject_02_sad_session_01
15.604,-0.040681595716936886,sad,subject_02,subject_02_sad_session_01
15.608,-0.02190384365122211,sad,subject_02,subject_02_sad_session_01
15.612,-0.04442955188614087,sad,subject_02,subject_02_sad_session_01
15.616,0.03333962706952122,sad,subject_02,subject_02_sad_session_01
15.62,-0.0032544790240514095,sad,subject_02,subject_02_sad_session_01
15.624,-0.04046444065726691,sad,subject_02,subject_02_sad_session_01
15.628,-0.06866728194039542,sad,subject_02,subject_02_sad_session_01
15.632,-0.03376842168606223,sad,subject_02,subject_02_sad_session_01
15.636,-0.025954511221979594,sad,subject_02,subject_02_sad_session_01
15.64,-0.0348934457671697,sad,subject_02,subject_02_sad_session_01
15.644,0.06066879203144668,sad,subject_02,subject_02_sad_session_01
15.648,-0.06496610359705172,sad,subject_02,subject_02_sad_session_01
15.652,-0.013510076768477729,sad,subject_02,subject_02_sad_session_01
15.656,-0.018598202774920643,sad,subject_02,subject_02_sad_session_01
15.66,-0.021781389404613036,sad,subject_02,subject_02_sad_session_01
15.664,-0.07203248082617122,sad,subject_02,subject_02_sad_session_01
15.668,-0.014599524849641525,sad,subject_02,subject_02_sad_session_01
15.672,-0.007275788130200045,sad,subject_02,subject_02_sad_session_01
15.676,0.009343432046978916,sad,subject_02,subject_02_sad_session_01
15.68,0.0034219969742077545,sad,subject_02,subject_02_sad_session_01
15.684,0.02650121292338785,sad,subject_02,subject_02_sad_session_01
15.688,-0.07022575620966026,sad,subject_02,subject_02_sad_session_01
15.692,-0.014477197028175848,sad,subject_02,subject_02_sad_session_01
15.696,0.06934896034701876,sad,subject_02,subject_02_sad_session_01
15.7,0.027914939389379896,sad,subject_02,subject_02_sad_session_01
15.704,-0.045310678097645794,sad,subject_02,subject_02_sad_session_01
15.708,0.0034215648297077988,sad,subject_02,subject_02_sad_session_01
15.712,-0.02783474404967941,sad,subject_02,subject_02_sad_session_01
15.716,-0.006208109315448238,sad,subject_02,subject_02_sad_session_01
15.72,0.07022825429824564,sad,subject_02,subject_02_sad_session_01
15.724,0.042845933562808795,sad,subject_02,subject_02_sad_session_01
15.728,-0.027308751911960864,sad,subject_02,subject_02_sad_session_01
15.732,-0.0001386112841006877,sad,subject_02,subject_02_sad_session_01
15.736,0.0276739196082792,sad,subject_02,subject_02_sad_session_01
15.74,0.024816082559160645,sad,subject_02,subject_02_sad_session_01
15.744,0.04745494427544815,sad,subject_02,subject_02_sad_session_01
15.748,0.020294013000360624,sad,subject_02,subject_02_sad_session_01
15.752,0.038088420850571444,sad,subject_02,subject_02_sad_session_01
15.756,0.031047970975579306,sad,subject_02,subject_02_sad_session_01
15.76,0.0490667664439559,sad,subject_02,subject_02_sad_session_01
15.764,0.0865009146872382,sad,subject_02,subject_02_sad_session_01
15.768,0.07929913714150341,sad,subject_02,subject_02_sad_session_01
15.772,0.053999421600215924,sad,subject_02,subject_02_sad_session_01
15.776,0.11318503356335875,sad,subject_02,subject_02_sad_session_01
15.78,0.1147553650723605,sad,subject_02,subject_02_sad_session_01
15.784,0.08581023564241737,sad,subject_02,subject_02_sad_session_01
15.788,0.08041115126970765,sad,subject_02,subject_02_sad_session_01
15.792,0.14259844030386787,sad,subject_02,subject_02_sad_session_01
15.796,0.13872608910839213,sad,subject_02,subject_02_sad_session_01
15.8,0.04507847696082119,sad,subject_02,subject_02_sad_session_01
15.804,0.1255815307873424,sad,subject_02,subject_02_sad_session_01
15.808,0.13993079250063528,sad,subject_02,subject_02_sad_session_01
15.812,0.10565971297739517,sad,subject_02,subject_02_sad_session_01
15.816,0.06903121734301422,sad,subject_02,subject_02_sad_session_01
15.82,0.06915138392702994,sad,subject_02,subject_02_sad_session_01
15.824,0.1268094052997132,sad,subject_02,subject_02_sad_session_01
15.828,0.09609784431473221,sad,subject_02,subject_02_sad_session_01
15.832,0.08266653422236153,sad,subject_02,subject_02_sad_session_01
15.836,0.1312125263697738,sad,subject_02,subject_02_sad_session_01
15.84,0.025839684026424194,sad,subject_02,subject_02_sad_session_01
15.844,0.04814352222530969,sad,subject_02,subject_02_sad_session_01
15.848,0.051399444776407156,sad,subject_02,subject_02_sad_session_01
15.852,0.034300695739739234,sad,subject_02,subject_02_sad_session_01
15.856,-0.01943165619273802,sad,subject_02,subject_02_sad_session_01
15.86,0.0612645600007259,sad,subject_02,subject_02_sad_session_01
15.864,0.004263985469225372,sad,subject_02,subject_02_sad_session_01
15.868,-0.000305870409155435,sad,subject_02,subject_02_sad_session_01
15.872,0.008302276592830846,sad,subject_02,subject_02_sad_session_01
15.876,0.008822200347380904,sad,subject_02,subject_02_sad_session_01
15.88,0.009091376281536102,sad,subject_02,subject_02_sad_session_01
15.884,0.03900193824945019,sad,subject_02,subject_02_sad_session_01
15.888,0.04284443708283414,sad,subject_02,subject_02_sad_session_01
15.892,-0.0019958748104484583,sad,subject_02,subject_02_sad_session_01
15.896,-0.01385915975548033,sad,subject_02,subject_02_sad_session_01
15.9,-0.0011950587043313295,sad,subject_02,subject_02_sad_session_01
15.904,-0.025334665057543754,sad,subject_02,subject_02_sad_session_01
15.908,-0.00033839066515180944,sad,subject_02,subject_02_sad_session_01
15.912,-0.028643224371139604,sad,subject_02,subject_02_sad_session_01
15.916,0.06293977951869438,sad,subject_02,subject_02_sad_session_01
15.92,0.0024362642274624205,sad,subject_02,subject_02_sad_session_01
15.924,-0.01809168910178915,sad,subject_02,subject_02_sad_session_01
15.928,0.018383764856606515,sad,subject_02,subject_02_sad_session_01
15.932,-0.0412995611691483,sad,subject_02,subject_02_sad_session_01
15.936,-0.028523904736580872,sad,subject_02,subject_02_sad_session_01
15.94,0.0009291835464803958,sad,subject_02,subject_02_sad_session_01
15.944,-0.013864763597666675,sad,subject_02,subject_02_sad_session_01
15.948,0.00764868942675238,sad,subject_02,subject_02_sad_session_01
15.952,-0.10733383249655012,sad,subject_02,subject_02_sad_session_01
15.956,0.007793159623684234,sad,subject_02,subject_02_sad_session_01
15.96,-0.0072068054725875075,sad,subject_02,subject_02_sad_session_01
15.964,0.022378319499688257,sad,subject_02,subject_02_sad_session_01
15.968,0.07863428181888754,sad,subject_02,subject_02_sad_session_01
15.972,0.20835186381980603,sad,subject_02,subject_02_sad_session_01
15.976,0.3824956834478504,sad,subject_02,subject_02_sad_session_01
15.98,0.47899469773069075,sad,subject_02,subject_02_sad_session_01
15.984,0.608153547451536,sad,subject_02,subject_02_sad_session_01
15.988,0.6474763722657336,sad,subject_02,subject_02_sad_session_01
15.992,0.7179877669335113,sad,subject_02,subject_02_sad_session_01
15.996,0.6954485198000716,sad,subject_02,subject_02_sad_session_01
16.0,0.6834672697504645,sad,subject_02,subject_02_sad_session_01
16.004,0.6749754635280223,sad,subject_02,subject_02_sad_session_01
16.008,0.5523900416889423,sad,subject_02,subject_02_sad_session_01
16.012,0.45735865254744074,sad,subject_02,subject_02_sad_session_01
16.016,0.3608434497918691,sad,subject_02,subject_02_sad_session_01
16.02,0.27418831705713725,sad,subject_02,subject_02_sad_session_01
16.024,0.12484878195439017,sad,subject_02,subject_02_sad_session_01
16.028,-0.006227207216812108,sad,subject_02,subject_02_sad_session_01
16.032,-0.08315759150613872,sad,subject_02,subject_02_sad_session_01
16.036,-0.060427396208502016,sad,subject_02,subject_02_sad_session_01
16.04,-0.09450856438206728,sad,subject_02,subject_02_sad_session_01
16.044,-0.06643150483075023,sad,subject_02,subject_02_sad_session_01
16.048,-0.06050183771884622,sad,subject_02,subject_02_sad_session_01
16.052,-0.03771124967371502,sad,subject_02,subject_02_sad_session_01
16.056,0.017963513734820028,sad,subject_02,subject_02_sad_session_01
16.06,0.02757263011176652,sad,subject_02,subject_02_sad_session_01
16.064,0.01722610408567391,sad,subject_02,subject_02_sad_session_01
16.068,-0.013689598976137238,sad,subject_02,subject_02_sad_session_01
16.072,0.0014483948141410172,sad,subject_02,subject_02_sad_session_01
16.076,0.044436585243869745,sad,subject_02,subject_02_sad_session_01
16.08,0.06353059717090342,sad,subject_02,subject_02_sad_session_01
16.084,-0.010971881918207207,sad,subject_02,subject_02_sad_session_01
16.088,0.07583671404576695,sad,subject_02,subject_02_sad_session_01
16.092,0.00951546934030048,sad,subject_02,subject_02_sad_session_01
16.096,0.05604186102867813,sad,subject_02,subject_02_sad_session_01
16.1,0.12327439500371973,sad,subject_02,subject_02_sad_session_01
16.104,-0.004980958174995262,sad,subject_02,subject_02_sad_session_01
16.108,0.06154119415595269,sad,subject_02,subject_02_sad_session_01
16.112,0.040850079945470325,sad,subject_02,subject_02_sad_session_01
16.116,0.06777758867860047,sad,subject_02,subject_02_sad_session_01
16.12,0.040088803500444414,sad,subject_02,subject_02_sad_session_01
16.124,-0.011226335201470428,sad,subject_02,subject_02_sad_session_01
16.128,0.04523866587624989,sad,subject_02,subject_02_sad_session_01
16.132,0.08314661949357205,sad,subject_02,subject_02_sad_session_01
16.136,0.11827424260444708,sad,subject_02,subject_02_sad_session_01
16.14,0.09519087443544466,sad,subject_02,subject_02_sad_session_01
16.144,0.13258560769977135,sad,subject_02,subject_02_sad_session_01
16.148,0.07911271275982365,sad,subject_02,subject_02_sad_session_01
16.152,0.08230128849257018,sad,subject_02,subject_02_sad_session_01
16.156,0.11556142055428326,sad,subject_02,subject_02_sad_session_01
16.16,0.0998157163405825,sad,subject_02,subject_02_sad_session_01
16.164,0.15058566559325978,sad,subject_02,subject_02_sad_session_01
16.168,0.08060890802897387,sad,subject_02,subject_02_sad_session_01
16.172,0.15451696947257154,sad,subject_02,subject_02_sad_session_01
16.176,0.1707003182766843,sad,subject_02,subject_02_sad_session_01
16.18,0.15116915369046335,sad,subject_02,subject_02_sad_session_01
16.184,0.17325740841555107,sad,subject_02,subject_02_sad_session_01
16.188,0.1319292466642048,sad,subject_02,subject_02_sad_session_01
16.192,0.13182973276059326,sad,subject_02,subject_02_sad_session_01
16.196,0.17251100090299143,sad,subject_02,subject_02_sad_session_01
16.2,0.14522478094032235,sad,subject_02,subject_02_sad_session_01
16.204,0.18059584156592037,sad,subject_02,subject_02_sad_session_01
16.208,0.18502969786937914,sad,subject_02,subject_02_sad_session_01
16.212,0.17804418460240548,sad,subject_02,subject_02_sad_session_01
16.216,0.1922762537160415,sad,subject_02,subject_02_sad_session_01
16.22,0.20622009568087982,sad,subject_02,subject_02_sad_session_01
16.224,0.18715862695046545,sad,subject_02,subject_02_sad_session_01
16.228,0.17842142974199474,sad,subject_02,subject_02_sad_session_01
16.232,0.2195456692627734,sad,subject_02,subject_02_sad_session_01
16.236,0.20475840898217923,sad,subject_02,subject_02_sad_session_01
16.24,0.21133135634951186,sad,subject_02,subject_02_sad_session_01
16.244,0.21605205090213309,sad,subject_02,subject_02_sad_session_01
16.248,0.20333895079246753,sad,subject_02,subject_02_sad_session_01
16.252,0.1883954872089384,sad,subject_02,subject_02_sad_session_01
16.256,0.179588877680842,sad,subject_02,subject_02_sad_session_01
16.26,0.19435285200463084,sad,subject_02,subject_02_sad_session_01
16.264,0.2099202203290618,sad,subject_02,subject_02_sad_session_01
16.268,0.20934301674159347,sad,subject_02,subject_02_sad_session_01
16.272,0.19540829780191832,sad,subject_02,subject_02_sad_session_01
16.276,0.19885371044120823,sad,subject_02,subject_02_sad_session_01
16.28,0.1519632165992328,sad,subject_02,subject_02_sad_session_01
16.284,0.16762593553988953,sad,subject_02,subject_02_sad_session_01
16.288,0.19780907217686128,sad,subject_02,subject_02_sad_session_01
16.292,0.14849756364987954,sad,subject_02,subject_02_sad_session_01
16.296,0.17328348052229034,sad,subject_02,subject_02_sad_session_01
16.3,0.16589191106122927,sad,subject_02,subject_02_sad_session_01
16.304,0.15601592564412795,sad,subject_02,subject_02_sad_session_01
16.308,0.17470206067366364,sad,subject_02,subject_02_sad_session_01
16.312,0.15591186867538243,sad,subject_02,subject_02_sad_session_01
16.316,0.10781391193671878,sad,subject_02,subject_02_sad_session_01
16.32,0.15377992504435387,sad,subject_02,subject_02_sad_session_01
16.324,0.11758577837871319,sad,subject_02,subject_02_sad_session_01
16.328,0.08636308676375516,sad,subject_02,subject_02_sad_session_01
16.332,0.14403300575076025,sad,subject_02,subject_02_sad_session_01
16.336,0.08070869789083553,sad,subject_02,subject_02_sad_session_01
16.34,0.10022047761539477,sad,subject_02,subject_02_sad_session_01
16.344,0.11432516109719731,sad,subject_02,subject_02_sad_session_01
16.348,0.09808440873037197,sad,subject_02,subject_02_sad_session_01
16.352,0.07644241608637645,sad,subject_02,subject_02_sad_session_01
16.356,0.060388509146167405,sad,subject_02,subject_02_sad_session_01
16.36,0.06258429923663256,sad,subject_02,subject_02_sad_session_01
16.364,0.04842094324368668,sad,subject_02,subject_02_sad_session_01
16.368,0.07248892808031986,sad,subject_02,subject_02_sad_session_01
16.372,0.055653192015935646,sad,subject_02,subject_02_sad_session_01
16.376,0.026580433134016333,sad,subject_02,subject_02_sad_session_01
16.38,0.055399010543257396,sad,subject_02,subject_02_sad_session_01
16.384,0.04111810306101291,sad,subject_02,subject_02_sad_session_01
16.388,0.06500519850198155,sad,subject_02,subject_02_sad_session_01
16.392,0.06458088730843359,sad,subject_02,subject_02_sad_session_01
16.396,0.09093848133339688,sad,subject_02,subject_02_sad_session_01
16.4,0.06727851942451558,sad,subject_02,subject_02_sad_session_01
16.404,0.012562634852967602,sad,subject_02,subject_02_sad_session_01
16.408,-0.022422579499453574,sad,subject_02,subject_02_sad_session_01
16.412,-0.005045466413480637,sad,subject_02,subject_02_sad_session_01
16.416,0.02336967779123418,sad,subject_02,subject_02_sad_session_01
16.42,-0.011690802296397747,sad,subject_02,subject_02_sad_session_01
16.424,0.016333014625948244,sad,subject_02,subject_02_sad_session_01
16.428,0.03421021216173876,sad,subject_02,subject_02_sad_session_01
16.432,0.01492188555943989,sad,subject_02,subject_02_sad_session_01
16.436,0.038894528945214064,sad,subject_02,subject_02_sad_session_01
16.44,0.011123277564793057,sad,subject_02,subject_02_sad_session_01
16.444,0.005488562097977424,sad,subject_02,subject_02_sad_session_01
16.448,0.07867040325156982,sad,subject_02,subject_02_sad_session_01
16.452,0.02562764928721615,sad,subject_02,subject_02_sad_session_01
16.456,0.029265047726669453,sad,subject_02,subject_02_sad_session_01
16.46,0.050607209754401083,sad,subject_02,subject_02_sad_session_01
16.464,0.05104875764832134,sad,subject_02,subject_02_sad_session_01
16.468,0.013287078718258022,sad,subject_02,subject_02_sad_session_01
16.472,0.05524809003263577,sad,subject_02,subject_02_sad_session_01
16.476,0.010064635181025188,sad,subject_02,subject_02_sad_session_01
16.48,0.0537350814524645,sad,subject_02,subject_02_sad_session_01
16.484,-0.01399979891949505,sad,subject_02,subject_02_sad_session_01
16.488,0.013623891648315003,sad,subject_02,subject_02_sad_session_01
16.492,0.029355438729126833,sad,subject_02,subject_02_sad_session_01
16.496,0.033388087056919084,sad,subject_02,subject_02_sad_session_01
16.5,-0.002825631476300678,sad,subject_02,subject_02_sad_session_01
16.504,-0.027034312169578644,sad,subject_02,subject_02_sad_session_01
16.508,0.036208060437209866,sad,subject_02,subject_02_sad_session_01
16.512,0.016189544578350923,sad,subject_02,subject_02_sad_session_01
16.516,0.010678324685853823,sad,subject_02,subject_02_sad_session_01
16.52,0.07205938903360401,sad,subject_02,subject_02_sad_session_01
16.524,0.013677478914756553,sad,subject_02,subject_02_sad_session_01
16.528,0.007012500285930754,sad,subject_02,subject_02_sad_session_01
16.532,-0.03142067779233938,sad,subject_02,subject_02_sad_session_01
16.536,-0.009829071036636071,sad,subject_02,subject_02_sad_session_01
16.54,0.04900870936276213,sad,subject_02,subject_02_sad_session_01
16.544,0.001056881837232123,sad,subject_02,subject_02_sad_session_01
16.548,0.041765691056294865,sad,subject_02,subject_02_sad_session_01
16.552,-0.01576944897900991,sad,subject_02,subject_02_sad_session_01
16.556,-0.002971402448077951,sad,subject_02,subject_02_sad_session_01
16.56,-0.0036349198169355786,sad,subject_02,subject_02_sad_session_01
16.564,0.037613828472717895,sad,subject_02,subject_02_sad_session_01
16.568,0.017060298437649776,sad,subject_02,subject_02_sad_session_01
16.572,-0.009792931486011392,sad,subject_02,subject_02_sad_session_01
16.576,0.04507090469799809,sad,subject_02,subject_02_sad_session_01
16.58,0.038577429568196236,sad,subject_02,subject_02_sad_session_01
16.584,0.0340754085108652,sad,subject_02,subject_02_sad_session_01
16.588,0.03283606208361499,sad,subject_02,subject_02_sad_session_01
16.592,-0.0015209896168549286,sad,subject_02,subject_02_sad_session_01
16.596,0.06197840263615125,sad,subject_02,subject_02_sad_session_01
16.6,0.021318014210858664,sad,subject_02,subject_02_sad_session_01
16.604,0.032524428428906266,sad,subject_02,subject_02_sad_session_01
16.608,0.03611591307281206,sad,subject_02,subject_02_sad_session_01
16.612,-0.003562325996984906,sad,subject_02,subject_02_sad_session_01
16.616,0.0818487316350856,sad,subject_02,subject_02_sad_session_01
16.62,0.024338121534231146,sad,subject_02,subject_02_sad_session_01
16.624,0.026371875281544378,sad,subject_02,subject_02_sad_session_01
16.628,0.013248445245927555,sad,subject_02,subject_02_sad_session_01
16.632,0.06042018223643874,sad,subject_02,subject_02_sad_session_01
16.636,0.062036785862727144,sad,subject_02,subject_02_sad_session_01
16.64,0.031437284315853034,sad,subject_02,subject_02_sad_session_01
16.644,-0.016788735429270927,sad,subject_02,subject_02_sad_session_01
16.648,0.022847214737953134,sad,subject_02,subject_02_sad_session_01
16.652,0.02654279114617836,sad,subject_02,subject_02_sad_session_01
16.656,0.015791889482347575,sad,subject_02,subject_02_sad_session_01
16.66,0.0008503264510930954,sad,subject_02,subject_02_sad_session_01
16.664,-0.01508315283622473,sad,subject_02,subject_02_sad_session_01
16.668,0.07708247113133668,sad,subject_02,subject_02_sad_session_01
16.672,0.05683692350477098,sad,subject_02,subject_02_sad_session_01
16.676,0.037525954728924914,sad,subject_02,subject_02_sad_session_01
16.68,0.019189945153577883,sad,subject_02,subject_02_sad_session_01
16.684,0.05198682896382463,sad,subject_02,subject_02_sad_session_01
16.688,0.05013629737027533,sad,subject_02,subject_02_sad_session_01
16.692,0.035149052947543585,sad,subject_02,subject_02_sad_session_01
16.696,0.06239527870080099,sad,subject_02,subject_02_sad_session_01
16.7,0.06994701125304978,sad,subject_02,subject_02_sad_session_01
16.704,0.07940764568139572,sad,subject_02,subject_02_sad_session_01
16.708,0.03667589829930437,sad,subject_02,subject_02_sad_session_01
16.712,0.08108231576859218,sad,subject_02,subject_02_sad_session_01
16.716,0.10854632337752321,sad,subject_02,subject_02_sad_session_01
16.72,0.08738220487069825,sad,subject_02,subject_02_sad_session_01
16.724,0.1501425903082422,sad,subject_02,subject_02_sad_session_01
16.728,0.0839486103467713,sad,subject_02,subject_02_sad_session_01
16.732,0.04326878215925889,sad,subject_02,subject_02_sad_session_01
16.736,0.07465948055970313,sad,subject_02,subject_02_sad_session_01
16.74,0.08516431718560424,sad,subject_02,subject_02_sad_session_01
16.744,0.12681253969812667,sad,subject_02,subject_02_sad_session_01
16.748,0.13942111526051928,sad,subject_02,subject_02_sad_session_01
16.752,0.12246849856075867,sad,subject_02,subject_02_sad_session_01
16.756,0.13050696925049673,sad,subject_02,subject_02_sad_session_01
16.76,0.18187644987820156,sad,subject_02,subject_02_sad_session_01
16.764,0.10147795278010484,sad,subject_02,subject_02_sad_session_01
16.768,0.1254576104634053,sad,subject_02,subject_02_sad_session_01
16.772,0.11452383221915971,sad,subject_02,subject_02_sad_session_01
16.776,0.09254337056934153,sad,subject_02,subject_02_sad_session_01
16.78,0.06589458767100068,sad,subject_02,subject_02_sad_session_01
16.784,0.16366803436454389,sad,subject_02,subject_02_sad_session_01
16.788,0.0992694547717138,sad,subject_02,subject_02_sad_session_01
16.792,0.11145916680981122,sad,subject_02,subject_02_sad_session_01
16.796,0.12809041723788317,sad,subject_02,subject_02_sad_session_01
16.8,0.07518457726721922,sad,subject_02,subject_02_sad_session_01
16.804,0.08116488754300899,sad,subject_02,subject_02_sad_session_01
16.808,0.10055455787308035,sad,subject_02,subject_02_sad_session_01
16.812,0.08286127428156215,sad,subject_02,subject_02_sad_session_01
16.816,0.0524233807693663,sad,subject_02,subject_02_sad_session_01
16.82,0.10358409820638761,sad,subject_02,subject_02_sad_session_01
16.824,0.06617030702041866,sad,subject_02,subject_02_sad_session_01
16.828,0.07906339431275264,sad,subject_02,subject_02_sad_session_01
16.832,0.07173083290726959,sad,subject_02,subject_02_sad_session_01
16.836,0.09442432160498421,sad,subject_02,subject_02_sad_session_01
16.84,0.07153334055947812,sad,subject_02,subject_02_sad_session_01
16.844,0.030990783902364274,sad,subject_02,subject_02_sad_session_01
16.848,0.08800333080565978,sad,subject_02,subject_02_sad_session_01
16.852,0.035557090045606844,sad,subject_02,subject_02_sad_session_01
16.856,0.02230802948795324,sad,subject_02,subject_02_sad_session_01
16.86,0.015173565817349778,sad,subject_02,subject_02_sad_session_01
16.864,-0.028632007065017832,sad,subject_02,subject_02_sad_session_01
16.868,0.02136722888476636,sad,subject_02,subject_02_sad_session_01
16.872,0.04975689075307,sad,subject_02,subject_02_sad_session_01
16.876,-0.00450067258255149,sad,subject_02,subject_02_sad_session_01
16.88,0.08634836465680087,sad,subject_02,subject_02_sad_session_01
16.884,-0.0331850493430647,sad,subject_02,subject_02_sad_session_01
16.888,0.009664345271050558,sad,subject_02,subject_02_sad_session_01
16.892,-0.012202212862082867,sad,subject_02,subject_02_sad_session_01
16.896,0.05929405011507119,sad,subject_02,subject_02_sad_session_01
16.9,0.05056485642397371,sad,subject_02,subject_02_sad_session_01
16.904,0.021859359866748668,sad,subject_02,subject_02_sad_session_01
16.908,-0.014835923981262732,sad,subject_02,subject_02_sad_session_01
16.912,-0.011625781661834082,sad,subject_02,subject_02_sad_session_01
16.916,0.026528723546006668,sad,subject_02,subject_02_sad_session_01
16.92,-0.007762543391343859,sad,subject_02,subject_02_sad_session_01
16.924,-0.009659494432792017,sad,subject_02,subject_02_sad_session_01
16.928,0.005534634966380551,sad,subject_02,subject_02_sad_session_01
16.932,0.008262401749510146,sad,subject_02,subject_02_sad_session_01
16.936,3.400108697213661e-05,sad,subject_02,subject_02_sad_session_01
16.94,0.0680226066475216,sad,subject_02,subject_02_sad_session_01
16.944,0.1483351016719569,sad,subject_02,subject_02_sad_session_01
16.948,0.26553875655412384,sad,subject_02,subject_02_sad_session_01
16.952,0.40235254756318806,sad,subject_02,subject_02_sad_session_01
16.956,0.5155276871193378,sad,subject_02,subject_02_sad_session_01
16.96,0.6547195420198482,sad,subject_02,subject_02_sad_session_01
16.964,0.6612886479064988,sad,subject_02,subject_02_sad_session_01
16.968,0.7665215034102949,sad,subject_02,subject_02_sad_session_01
16.972,0.7500328934705058,sad,subject_02,subject_02_sad_session_01
16.976,0.8088234894166153,sad,subject_02,subject_02_sad_session_01
16.98,0.6838837625790727,sad,subject_02,subject_02_sad_session_01
16.984,0.5758756418874359,sad,subject_02,subject_02_sad_session_01
16.988,0.4850352974334934,sad,subject_02,subject_02_sad_session_01
16.992,0.35766369269328224,sad,subject_02,subject_02_sad_session_01
16.996,0.21902734395347329,sad,subject_02,subject_02_sad_session_01
17.0,0.14210507478573675,sad,subject_02,subject_02_sad_session_01
17.004,0.0870089645180295,sad,subject_02,subject_02_sad_session_01
17.008,0.014232079208920997,sad,subject_02,subject_02_sad_session_01
17.012,-0.04589961420211004,sad,subject_02,subject_02_sad_session_01
17.016,0.005937062252527561,sad,subject_02,subject_02_sad_session_01
17.02,-0.023708884180393373,sad,subject_02,subject_02_sad_session_01
17.024,-0.05419944633738248,sad,subject_02,subject_02_sad_session_01
17.028,-0.0010486190659688165,sad,subject_02,subject_02_sad_session_01
17.032,0.00723089494734999,sad,subject_02,subject_02_sad_session_01
17.036,0.010184427163997065,sad,subject_02,subject_02_sad_session_01
17.04,0.04481953684210091,sad,subject_02,subject_02_sad_session_01
17.044,-0.014926987160354926,sad,subject_02,subject_02_sad_session_01
17.048,0.09369713938354558,sad,subject_02,subject_02_sad_session_01
17.052,0.06707862932227243,sad,subject_02,subject_02_sad_session_01
17.056,-0.0038654848741603853,sad,subject_02,subject_02_sad_session_01
17.06,0.07191550011840542,sad,subject_02,subject_02_sad_session_01
17.064,0.06980657562502941,sad,subject_02,subject_02_sad_session_01
17.068,0.10320619230448042,sad,subject_02,subject_02_sad_session_01
17.072,0.11388752302857297,sad,subject_02,subject_02_sad_session_01
17.076,0.12205788784905394,sad,subject_02,subject_02_sad_session_01
17.08,0.06026752856600387,sad,subject_02,subject_02_sad_session_01
17.084,0.08835192319899897,sad,subject_02,subject_02_sad_session_01
17.088,0.06145000463001852,sad,subject_02,subject_02_sad_session_01
17.092,0.10915508501881793,sad,subject_02,subject_02_sad_session_01
17.096,0.01910355191048438,sad,subject_02,subject_02_sad_session_01
17.1,0.05002907602987396,sad,subject_02,subject_02_sad_session_01
17.104,0.079811964548241,sad,subject_02,subject_02_sad_session_01
17.108,0.09574299792614686,sad,subject_02,subject_02_sad_session_01
17.112,0.10734840418260648,sad,subject_02,subject_02_sad_session_01
17.116,0.14573027501965843,sad,subject_02,subject_02_sad_session_01
17.12,0.09319865699714286,sad,subject_02,subject_02_sad_session_01
17.124,0.0792661803969376,sad,subject_02,subject_02_sad_session_01
17.128,0.11184339242064782,sad,subject_02,subject_02_sad_session_01
17.132,0.11081498299525586,sad,subject_02,subject_02_sad_session_01
17.136,0.1511845464325196,sad,subject_02,subject_02_sad_session_01
17.14,0.18596916963787824,sad,subject_02,subject_02_sad_session_01
17.144,0.18891268418204796,sad,subject_02,subject_02_sad_session_01
17.148,0.18417312775143646,sad,subject_02,subject_02_sad_session_01
17.152,0.13998497528095472,sad,subject_02,subject_02_sad_session_01
17.156,0.15772453639795864,sad,subject_02,subject_02_sad_session_01
17.16,0.18071230866883364,sad,subject_02,subject_02_sad_session_01
17.164,0.15011228565617443,sad,subject_02,subject_02_sad_session_01
17.168,0.1579916024580393,sad,subject_02,subject_02_sad_session_01
17.172,0.19442975542958998,sad,subject_02,subject_02_sad_session_01
17.176,0.14690621181862668,sad,subject_02,subject_02_sad_session_01
17.18,0.22499357356910304,sad,subject_02,subject_02_sad_session_01
17.184,0.1842488355749914,sad,subject_02,subject_02_sad_session_01
17.188,0.21626471469036604,sad,subject_02,subject_02_sad_session_01
17.192,0.2096539630016915,sad,subject_02,subject_02_sad_session_01
17.196,0.24409998169053904,sad,subject_02,subject_02_sad_session_01
17.2,0.1452547978336256,sad,subject_02,subject_02_sad_session_01
17.204,0.24912115742689106,sad,subject_02,subject_02_sad_session_01
17.208,0.25022390850433546,sad,subject_02,subject_02_sad_session_01
17.212,0.2228417503712973,sad,subject_02,subject_02_sad_session_01
17.216,0.2309096974569589,sad,subject_02,subject_02_sad_session_01
17.22,0.23356157546031756,sad,subject_02,subject_02_sad_session_01
17.224,0.1885682032911113,sad,subject_02,subject_02_sad_session_01
17.228,0.2166867241724543,sad,subject_02,subject_02_sad_session_01
17.232,0.24075900237818385,sad,subject_02,subject_02_sad_session_01
17.236,0.15896736934135833,sad,subject_02,subject_02_sad_session_01
17.24,0.22481608043698897,sad,subject_02,subject_02_sad_session_01
17.244,0.2109517478681579,sad,subject_02,subject_02_sad_session_01
17.248,0.22439705058310186,sad,subject_02,subject_02_sad_session_01
17.252,0.16425749261447128,sad,subject_02,subject_02_sad_session_01
17.256,0.1765676075476008,sad,subject_02,subject_02_sad_session_01
17.26,0.15310389778603134,sad,subject_02,subject_02_sad_session_01
17.264,0.14856731333202292,sad,subject_02,subject_02_sad_session_01
17.268,0.21119033619365474,sad,subject_02,subject_02_sad_session_01
17.272,0.16381940792238242,sad,subject_02,subject_02_sad_session_01
17.276,0.15660176778558263,sad,subject_02,subject_02_sad_session_01
17.28,0.2039746392169633,sad,subject_02,subject_02_sad_session_01
17.284,0.15556292050492992,sad,subject_02,subject_02_sad_session_01
17.288,0.18925139940996666,sad,subject_02,subject_02_sad_session_01
17.292,0.12322299377845078,sad,subject_02,subject_02_sad_session_01
17.296,0.13860554212418752,sad,subject_02,subject_02_sad_session_01
17.3,0.11606734965597007,sad,subject_02,subject_02_sad_session_01
17.304,0.1539031885173123,sad,subject_02,subject_02_sad_session_01
17.308,0.12550088416630253,sad,subject_02,subject_02_sad_session_01
17.312,0.1479241284941954,sad,subject_02,subject_02_sad_session_01
17.316,0.12492335156670363,sad,subject_02,subject_02_sad_session_01
17.32,0.056394300681410985,sad,subject_02,subject_02_sad_session_01
17.324,0.10139666016969268,sad,subject_02,subject_02_sad_session_01
17.328,0.05793060659914315,sad,subject_02,subject_02_sad_session_01
17.332,0.10920932475681643,sad,subject_02,subject_02_sad_session_01
17.336,0.11045159688601129,sad,subject_02,subject_02_sad_session_01
17.34,0.10871925631462045,sad,subject_02,subject_02_sad_session_01
17.344,0.08060673399181613,sad,subject_02,subject_02_sad_session_01
17.348,0.030862977829739964,sad,subject_02,subject_02_sad_session_01
17.352,0.0818468271427083,sad,subject_02,subject_02_sad_session_01
17.356,0.08371122301967875,sad,subject_02,subject_02_sad_session_01
17.36,0.0621650853468036,sad,subject_02,subject_02_sad_session_01
17.364,0.06655859537223577,sad,subject_02,subject_02_sad_session_01
17.368,0.003916265597071963,sad,subject_02,subject_02_sad_session_01
17.372,0.05930657319929715,sad,subject_02,subject_02_sad_session_01
17.376,0.051035762312308344,sad,subject_02,subject_02_sad_session_01
17.38,0.015070970782743796,sad,subject_02,subject_02_sad_session_01
17.384,0.06465872308203109,sad,subject_02,subject_02_sad_session_01
17.388,0.03152629469172273,sad,subject_02,subject_02_sad_session_01
17.392,0.050950441131049094,sad,subject_02,subject_02_sad_session_01
17.396,0.05661194927762528,sad,subject_02,subject_02_sad_session_01
17.4,0.04989175604865769,sad,subject_02,subject_02_sad_session_01
17.404,-0.0019840390020725365,sad,subject_02,subject_02_sad_session_01
17.408,0.02507420078991454,sad,subject_02,subject_02_sad_session_01
17.412,0.09897636820344663,sad,subject_02,subject_02_sad_session_01
17.416,0.07558237971308675,sad,subject_02,subject_02_sad_session_01
17.42,0.057495621677521036,sad,subject_02,subject_02_sad_session_01
17.424,0.03954478936071723,sad,subject_02,subject_02_sad_session_01
17.428,0.0006314012545844856,sad,subject_02,subject_02_sad_session_01
17.432,0.02445733030598851,sad,subject_02,subject_02_sad_session_01
17.436,0.015792701988403345,sad,subject_02,subject_02_sad_session_01
17.44,0.025144702365824237,sad,subject_02,subject_02_sad_session_01
17.444,-0.016416748564203693,sad,subject_02,subject_02_sad_session_01
17.448,0.054970698420828565,sad,subject_02,subject_02_sad_session_01
17.452,-0.05484095613149162,sad,subject_02,subject_02_sad_session_01
17.456,0.05093801547686877,sad,subject_02,subject_02_sad_session_01
17.46,0.051031155435260836,sad,subject_02,subject_02_sad_session_01
17.464,0.09411212855100114,sad,subject_02,subject_02_sad_session_01
17.468,0.01641447634973219,sad,subject_02,subject_02_sad_session_01
17.472,0.00794387259628887,sad,subject_02,subject_02_sad_session_01
17.476,0.026819477367888533,sad,subject_02,subject_02_sad_session_01
17.48,0.03969590205164834,sad,subject_02,subject_02_sad_session_01
17.484,0.019910117592076608,sad,subject_02,subject_02_sad_session_01
17.488,-0.013138270056052403,sad,subject_02,subject_02_sad_session_01
17.492,0.03886327113014572,sad,subject_02,subject_02_sad_session_01
17.496,0.02185719223494318,sad,subject_02,subject_02_sad_session_01
17.5,-0.00858559705960751,sad,subject_02,subject_02_sad_session_01
17.504,-0.027290657405346374,sad,subject_02,subject_02_sad_session_01
17.508,0.0953265207577053,sad,subject_02,subject_02_sad_session_01
17.512,0.04603328241670045,sad,subject_02,subject_02_sad_session_01
17.516,0.03767361455205107,sad,subject_02,subject_02_sad_session_01
17.52,0.01726902184974543,sad,subject_02,subject_02_sad_session_01
17.524,0.041249245626662726,sad,subject_02,subject_02_sad_session_01
17.528,-0.01118333314487547,sad,subject_02,subject_02_sad_session_01
17.532,0.026206320651269543,sad,subject_02,subject_02_sad_session_01
17.536,0.027356431504566774,sad,subject_02,subject_02_sad_session_01
17.54,-0.010914808282666874,sad,subject_02,subject_02_sad_session_01
17.544,0.016624889334822725,sad,subject_02,subject_02_sad_session_01
17.548,0.007224263572905945,sad,subject_02,subject_02_sad_session_01
17.552,-0.003460555862219234,sad,subject_02,subject_02_sad_session_01
17.556,0.003145247616994886,sad,subject_02,subject_02_sad_session_01
17.56,-0.03203985510669231,sad,subject_02,subject_02_sad_session_01
17.564,0.05090755589613834,sad,subject_02,subject_02_sad_session_01
17.568,0.06575401157464598,sad,subject_02,subject_02_sad_session_01
17.572,-0.00904011513866904,sad,subject_02,subject_02_sad_session_01
17.576,0.051920580778154375,sad,subject_02,subject_02_sad_session_01
17.58,0.017539298233695134,sad,subject_02,subject_02_sad_session_01
17.584,0.018082703056947577,sad,subject_02,subject_02_sad_session_01
17.588,-0.02056765050259855,sad,subject_02,subject_02_sad_session_01
17.592,0.0014791542458465548,sad,subject_02,subject_02_sad_session_01
17.596,0.03413823956379918,sad,subject_02,subject_02_sad_session_01
17.6,-0.011134484392986685,sad,subject_02,subject_02_sad_session_01
17.604,-0.0041163262734528125,sad,subject_02,subject_02_sad_session_01
17.608,0.0029459142214295422,sad,subject_02,subject_02_sad_session_01
17.612,-0.08391679918809823,sad,subject_02,subject_02_sad_session_01
17.616,0.028332801484900416,sad,subject_02,subject_02_sad_session_01
17.62,0.03786226611351363,sad,subject_02,subject_02_sad_session_01
17.624,0.030062775189297456,sad,subject_02,subject_02_sad_session_01
17.628,0.047904642604954334,sad,subject_02,subject_02_sad_session_01
17.632,0.006937511047366727,sad,subject_02,subject_02_sad_session_01
17.636,0.07540051201104891,sad,subject_02,subject_02_sad_session_01
17.64,-0.003279681437604827,sad,subject_02,subject_02_sad_session_01
17.644,0.01654737429579086,sad,subject_02,subject_02_sad_session_01
17.648,0.01504725261907044,sad,subject_02,subject_02_sad_session_01
17.652,0.03206562953197363,sad,subject_02,subject_02_sad_session_01
17.656,0.02131707327791224,sad,subject_02,subject_02_sad_session_01
17.66,0.02775972650801133,sad,subject_02,subject_02_sad_session_01
17.664,0.013170669603347028,sad,subject_02,subject_02_sad_session_01
17.668,0.02339288218851953,sad,subject_02,subject_02_sad_session_01
17.672,-0.027106635361059693,sad,subject_02,subject_02_sad_session_01
17.676,0.06771714295046433,sad,subject_02,subject_02_sad_session_01
17.68,0.017043735006900387,sad,subject_02,subject_02_sad_session_01
17.684,0.0373569360012002,sad,subject_02,subject_02_sad_session_01
17.688,0.02493838992816478,sad,subject_02,subject_02_sad_session_01
17.692,0.07871225771392051,sad,subject_02,subject_02_sad_session_01
17.696,0.05039140798827835,sad,subject_02,subject_02_sad_session_01
17.7,-0.001420723462226256,sad,subject_02,subject_02_sad_session_01
17.704,0.08551815175544175,sad,subject_02,subject_02_sad_session_01
17.708,0.059848344060635064,sad,subject_02,subject_02_sad_session_01
17.712,0.08659334627072446,sad,subject_02,subject_02_sad_session_01
17.716,0.11705222698727166,sad,subject_02,subject_02_sad_session_01
17.72,0.06691919100856057,sad,subject_02,subject_02_sad_session_01
17.724,0.09905097188850362,sad,subject_02,subject_02_sad_session_01
17.728,0.08094226017870793,sad,subject_02,subject_02_sad_session_01
17.732,0.13660941285727346,sad,subject_02,subject_02_sad_session_01
17.736,0.11162782658551397,sad,subject_02,subject_02_sad_session_01
17.74,0.110093482832367,sad,subject_02,subject_02_sad_session_01
17.744,0.0743234769198032,sad,subject_02,subject_02_sad_session_01
17.748,0.1340366196553709,sad,subject_02,subject_02_sad_session_01
17.752,0.13703530545443587,sad,subject_02,subject_02_sad_session_01
17.756,0.0861569797823951,sad,subject_02,subject_02_sad_session_01
17.76,0.1114362280425162,sad,subject_02,subject_02_sad_session_01
17.764,0.12144753313425322,sad,subject_02,subject_02_sad_session_01
17.768,0.1667083383665871,sad,subject_02,subject_02_sad_session_01
17.772,0.10771528236759403,sad,subject_02,subject_02_sad_session_01
17.776,0.09131833452907062,sad,subject_02,subject_02_sad_session_01
17.78,0.08163998628013192,sad,subject_02,subject_02_sad_session_01
17.784,0.07812870621258773,sad,subject_02,subject_02_sad_session_01
17.788,0.09856045766225452,sad,subject_02,subject_02_sad_session_01
17.792,0.04352307745794173,sad,subject_02,subject_02_sad_session_01
17.796,0.09241097823416115,sad,subject_02,subject_02_sad_session_01
17.8,0.012723513489506733,sad,subject_02,subject_02_sad_session_01
17.804,0.07363694488093443,sad,subject_02,subject_02_sad_session_01
17.808,0.07689281211547849,sad,subject_02,subject_02_sad_session_01
17.812,0.06790094098332583,sad,subject_02,subject_02_sad_session_01
17.816,0.04729735475514414,sad,subject_02,subject_02_sad_session_01
17.82,0.04683212974230057,sad,subject_02,subject_02_sad_session_01
17.824,0.019124396112436423,sad,subject_02,subject_02_sad_session_01
17.828,-0.006121469385122615,sad,subject_02,subject_02_sad_session_01
17.832,0.031964556427787214,sad,subject_02,subject_02_sad_session_01
17.836,0.023728030827945085,sad,subject_02,subject_02_sad_session_01
17.84,0.046878714855189095,sad,subject_02,subject_02_sad_session_01
17.844,0.012743510026032733,sad,subject_02,subject_02_sad_session_01
17.848,0.019845137238929292,sad,subject_02,subject_02_sad_session_01
17.852,0.022050031678351407,sad,subject_02,subject_02_sad_session_01
17.856,0.029179716108095093,sad,subject_02,subject_02_sad_session_01
17.86,0.039248917085889755,sad,subject_02,subject_02_sad_session_01
17.864,-0.018867252627276045,sad,subject_02,subject_02_sad_session_01
17.868,0.029872440369776695,sad,subject_02,subject_02_sad_session_01
17.872,0.0025112933522422505,sad,subject_02,subject_02_sad_session_01
17.876,0.026155270497465233,sad,subject_02,subject_02_sad_session_01
17.88,0.04966910756727459,sad,subject_02,subject_02_sad_session_01
17.884,-0.06054409447789481,sad,subject_02,subject_02_sad_session_01
17.888,0.03491584044126767,sad,subject_02,subject_02_sad_session_01
17.892,-0.011062454416805426,sad,subject_02,subject_02_sad_session_01
17.896,-0.03989038154889454,sad,subject_02,subject_02_sad_session_01
17.9,-0.03173898592918308,sad,subject_02,subject_02_sad_session_01
17.904,-0.046300688406661614,sad,subject_02,subject_02_sad_session_01
17.908,0.01750953565872195,sad,subject_02,subject_02_sad_session_01
17.912,0.009534295986817196,sad,subject_02,subject_02_sad_session_01
17.916,0.1391903741597787,sad,subject_02,subject_02_sad_session_01
17.92,0.2097690944108213,sad,subject_02,subject_02_sad_session_01
17.924,0.3000753001955121,sad,subject_02,subject_02_sad_session_01
17.928,0.3460363760641698,sad,subject_02,subject_02_sad_session_01
17.932,0.4801092318407634,sad,subject_02,subject_02_sad_session_01
17.936,0.6172853862284102,sad,subject_02,subject_02_sad_session_01
17.94,0.6950183257920995,sad,subject_02,subject_02_sad_session_01
17.944,0.7671147336801102,sad,subject_02,subject_02_sad_session_01
17.948,0.6558364718086247,sad,subject_02,subject_02_sad_session_01
17.952,0.6844229400605246,sad,subject_02,subject_02_sad_session_01
17.956,0.6593616297868755,sad,subject_02,subject_02_sad_session_01
17.96,0.5220456185326904,sad,subject_02,subject_02_sad_session_01
17.964,0.3979931998384004,sad,subject_02,subject_02_sad_session_01
17.968,0.23819044242466864,sad,subject_02,subject_02_sad_session_01
17.972,0.20019182201821495,sad,subject_02,subject_02_sad_session_01
17.976,0.05380816720547465,sad,subject_02,subject_02_sad_session_01
17.98,0.026314213058887988,sad,subject_02,subject_02_sad_session_01
17.984,-0.009520477719101271,sad,subject_02,subject_02_sad_session_01
17.988,-0.035111498848653624,sad,subject_02,subject_02_sad_session_01
17.992,-0.07646693234936575,sad,subject_02,subject_02_sad_session_01
17.996,-0.07800302653669687,sad,subject_02,subject_02_sad_session_01
18.0,-0.06229601060870733,sad,subject_02,subject_02_sad_session_01
18.004,0.03137236953480174,sad,subject_02,subject_02_sad_session_01
18.008,-0.01880699926846917,sad,subject_02,subject_02_sad_session_01
18.012,0.030508154315497485,sad,subject_02,subject_02_sad_session_01
18.016,0.021210007178093897,sad,subject_02,subject_02_sad_session_01
18.02,-0.00038930555800781655,sad,subject_02,subject_02_sad_session_01
18.024,0.007966727086430933,sad,subject_02,subject_02_sad_session_01
18.028,0.053819406442857896,sad,subject_02,subject_02_sad_session_01
18.032,0.021677413845850018,sad,subject_02,subject_02_sad_session_01
18.036,0.009495221499054195,sad,subject_02,subject_02_sad_session_01
18.04,0.0013658025947947162,sad,subject_02,subject_02_sad_session_01
18.044,0.037795026053763045,sad,subject_02,subject_02_sad_session_01
18.048,0.015508026720390831,sad,subject_02,subject_02_sad_session_01
18.052,0.05182793923131661,sad,subject_02,subject_02_sad_session_01
18.056,0.11355147336581337,sad,subject_02,subject_02_sad_session_01
18.06,0.05619410717652108,sad,subject_02,subject_02_sad_session_01
18.064,0.0984076614237733,sad,subject_02,subject_02_sad_session_01
18.068,0.02668030560861005,sad,subject_02,subject_02_sad_session_01
18.072,0.07268939916242835,sad,subject_02,subject_02_sad_session_01
18.076,0.09408286797553625,sad,subject_02,subject_02_sad_session_01
18.08,0.10224414726375422,sad,subject_02,subject_02_sad_session_01
18.084,0.10384590892911916,sad,subject_02,subject_02_sad_session_01
18.088,0.07075473411788438,sad,subject_02,subject_02_sad_session_01
18.092,0.10190218969358598,sad,subject_02,subject_02_sad_session_01
18.096,0.04976692838134799,sad,subject_02,subject_02_sad_session_01
18.1,0.13372209725800124,sad,subject_02,subject_02_sad_session_01
18.104,0.062262420512468025,sad,subject_02,subject_02_sad_session_01
18.108,0.1338523228730426,sad,subject_02,subject_02_sad_session_01
18.112,0.13299457044194812,sad,subject_02,subject_02_sad_session_01
18.116,0.13829676735865,sad,subject_02,subject_02_sad_session_01
18.12,0.17464674114997678,sad,subject_02,subject_02_sad_session_01
18.124,0.1497265619596337,sad,subject_02,subject_02_sad_session_01
18.128,0.0837788248822604,sad,subject_02,subject_02_sad_session_01
18.132,0.14660969449814876,sad,subject_02,subject_02_sad_session_01
18.136,0.0774549081162807,sad,subject_02,subject_02_sad_session_01
18.14,0.13647497925141214,sad,subject_02,subject_02_sad_session_01
18.144,0.13142927624185058,sad,subject_02,subject_02_sad_session_01
18.148,0.16791693163370341,sad,subject_02,subject_02_sad_session_01
18.152,0.12852728234649946,sad,subject_02,subject_02_sad_session_01
18.156,0.13358893771572536,sad,subject_02,subject_02_sad_session_01
18.16,0.17627128479706777,sad,subject_02,subject_02_sad_session_01
18.164,0.20000305269825755,sad,subject_02,subject_02_sad_session_01
18.168,0.16800529523905566,sad,subject_02,subject_02_sad_session_01
18.172,0.24040255798983978,sad,subject_02,subject_02_sad_session_01
18.176,0.16279409111206425,sad,subject_02,subject_02_sad_session_01
18.18,0.19544328818248605,sad,subject_02,subject_02_sad_session_01
18.184,0.18681002525185866,sad,subject_02,subject_02_sad_session_01
18.188,0.16736067910474534,sad,subject_02,subject_02_sad_session_01
18.192,0.21759630214469539,sad,subject_02,subject_02_sad_session_01
18.196,0.15169034293077127,sad,subject_02,subject_02_sad_session_01
18.2,0.11580245604549798,sad,subject_02,subject_02_sad_session_01
18.204,0.17350437411921396,sad,subject_02,subject_02_sad_session_01
18.208,0.1683302221501547,sad,subject_02,subject_02_sad_session_01
18.212,0.20621532285779737,sad,subject_02,subject_02_sad_session_01
18.216,0.13468840786613312,sad,subject_02,subject_02_sad_session_01
18.22,0.18531450165830451,sad,subject_02,subject_02_sad_session_01
18.224,0.1786942602521168,sad,subject_02,subject_02_sad_session_01
18.228,0.172919567917049,sad,subject_02,subject_02_sad_session_01
18.232,0.1908111860152983,sad,subject_02,subject_02_sad_session_01
18.236,0.15469614331958564,sad,subject_02,subject_02_sad_session_01
18.24,0.1525608462789755,sad,subject_02,subject_02_sad_session_01
18.244,0.15981308772869143,sad,subject_02,subject_02_sad_session_01
18.248,0.13829914879898783,sad,subject_02,subject_02_sad_session_01
18.252,0.09558820663151216,sad,subject_02,subject_02_sad_session_01
18.256,0.1185075064452362,sad,subject_02,subject_02_sad_session_01
18.26,0.11752812074219218,sad,subject_02,subject_02_sad_session_01
18.264,0.10277129497112854,sad,subject_02,subject_02_sad_session_01
18.268,0.10439872362224697,sad,subject_02,subject_02_sad_session_01
18.272,0.11346687589674789,sad,subject_02,subject_02_sad_session_01
18.276,0.09401124926878703,sad,subject_02,subject_02_sad_session_01
18.28,0.12199410118258378,sad,subject_02,subject_02_sad_session_01
18.284,0.11663033698471027,sad,subject_02,subject_02_sad_session_01
18.288,0.013397073478150154,sad,subject_02,subject_02_sad_session_01
18.292,0.03605722317967561,sad,subject_02,subject_02_sad_session_01
18.296,0.0012970146033786795,sad,subject_02,subject_02_sad_session_01
18.3,0.059730143105411734,sad,subject_02,subject_02_sad_session_01
18.304,0.0525054309903109,sad,subject_02,subject_02_sad_session_01
18.308,0.06190819192284892,sad,subject_02,subject_02_sad_session_01
18.312,0.07761460231809586,sad,subject_02,subject_02_sad_session_01
18.316,0.0461957106763798,sad,subject_02,subject_02_sad_session_01
18.32,0.02471925946118076,sad,subject_02,subject_02_sad_session_01
18.324,0.03820117864748874,sad,subject_02,subject_02_sad_session_01
18.328,0.01924139148209398,sad,subject_02,subject_02_sad_session_01
18.332,-0.014327782132410101,sad,subject_02,subject_02_sad_session_01
18.336,0.05487024056980436,sad,subject_02,subject_02_sad_session_01
18.34,0.03522617495363933,sad,subject_02,subject_02_sad_session_01
18.344,0.06251865550996392,sad,subject_02,subject_02_sad_session_01
18.348,-0.02129213796045683,sad,subject_02,subject_02_sad_session_01
18.352,-0.035653545901883334,sad,subject_02,subject_02_sad_session_01
18.356,-0.018120904905362716,sad,subject_02,subject_02_sad_session_01
18.36,0.01928415297993449,sad,subject_02,subject_02_sad_session_01
18.364,0.03063301621250889,sad,subject_02,subject_02_sad_session_01
18.368,0.011177177232512228,sad,subject_02,subject_02_sad_session_01
18.372,0.0047922374774282284,sad,subject_02,subject_02_sad_session_01
18.376,0.024176965282904986,sad,subject_02,subject_02_sad_session_01
18.38,-0.017030971784624444,sad,subject_02,subject_02_sad_session_01
18.384,0.026801517208637007,sad,subject_02,subject_02_sad_session_01
18.388,0.053151182123159675,sad,subject_02,subject_02_sad_session_01
18.392,-0.03966161461981868,sad,subject_02,subject_02_sad_session_01
18.396,-0.016661661197857027,sad,subject_02,subject_02_sad_session_01
18.4,-0.05188533319677411,sad,subject_02,subject_02_sad_session_01
18.404,-0.04019385261071898,sad,subject_02,subject_02_sad_session_01
18.408,-0.0004160957146194782,sad,subject_02,subject_02_sad_session_01
18.412,-0.06362840145957935,sad,subject_02,subject_02_sad_session_01
18.416,-0.037235784532318045,sad,subject_02,subject_02_sad_session_01
18.42,0.01704452319271458,sad,subject_02,subject_02_sad_session_01
18.424,-0.008511442775395162,sad,subject_02,subject_02_sad_session_01
18.428,0.007233998849575426,sad,subject_02,subject_02_sad_session_01
18.432,-0.05514993226714866,sad,subject_02,subject_02_sad_session_01
18.436,-0.014800859349352779,sad,subject_02,subject_02_sad_session_01
18.44,0.03932335241148687,sad,subject_02,subject_02_sad_session_01
18.444,-0.03754215975572267,sad,subject_02,subject_02_sad_session_01
18.448,-0.032698104963092896,sad,subject_02,subject_02_sad_session_01
18.452,-0.0009481062889431409,sad,subject_02,subject_02_sad_session_01
18.456,-0.04570826130724696,sad,subject_02,subject_02_sad_session_01
18.46,0.002514332796444918,sad,subject_02,subject_02_sad_session_01
18.464,-0.0731715548490603,sad,subject_02,subject_02_sad_session_01
18.468,-0.09229132754121211,sad,subject_02,subject_02_sad_session_01
18.472,-0.010322205284629753,sad,subject_02,subject_02_sad_session_01
18.476,-0.04936896272758577,sad,subject_02,subject_02_sad_session_01
18.48,-0.037152854904659666,sad,subject_02,subject_02_sad_session_01
18.484,0.005923370281629495,sad,subject_02,subject_02_sad_session_01
18.488,-0.001834205769164942,sad,subject_02,subject_02_sad_session_01
18.492,-0.05755710983770243,sad,subject_02,subject_02_sad_session_01
18.496,-0.005315458071026421,sad,subject_02,subject_02_sad_session_01
18.5,-0.030076671322234474,sad,subject_02,subject_02_sad_session_01
18.504,-0.008714839407162459,sad,subject_02,subject_02_sad_session_01
18.508,-0.02198467537738771,sad,subject_02,subject_02_sad_session_01
18.512,-0.06663149510007133,sad,subject_02,subject_02_sad_session_01
18.516,-0.043065135622038654,sad,subject_02,subject_02_sad_session_01
18.52,-0.09417439298527458,sad,subject_02,subject_02_sad_session_01
18.524,-0.01639228575829426,sad,subject_02,subject_02_sad_session_01
18.528,-0.010173343872166228,sad,subject_02,subject_02_sad_session_01
18.532,-0.04334216670477746,sad,subject_02,subject_02_sad_session_01
18.536,-0.02580590501301846,sad,subject_02,subject_02_sad_session_01
18.54,-0.0516773339211718,sad,subject_02,subject_02_sad_session_01
18.544,0.015121126651599901,sad,subject_02,subject_02_sad_session_01
18.548,-0.06125860802248376,sad,subject_02,subject_02_sad_session_01
18.552,-0.03211212987488903,sad,subject_02,subject_02_sad_session_01
18.556,-0.06182050152129038,sad,subject_02,subject_02_sad_session_01
18.56,-0.015906059951541516,sad,subject_02,subject_02_sad_session_01
18.564,0.00813296163969926,sad,subject_02,subject_02_sad_session_01
18.568,-0.08533427180168462,sad,subject_02,subject_02_sad_session_01
18.572,-0.0034498391037696453,sad,subject_02,subject_02_sad_session_01
18.576,0.025893295803839093,sad,subject_02,subject_02_sad_session_01
18.58,-0.019125966991842852,sad,subject_02,subject_02_sad_session_01
18.584,-0.043128231915134006,sad,subject_02,subject_02_sad_session_01
18.588,-0.02385593318915825,sad,subject_02,subject_02_sad_session_01
18.592,-0.03883375887615027,sad,subject_02,subject_02_sad_session_01
18.596,0.03680448796686289,sad,subject_02,subject_02_sad_session_01
18.6,0.003376471469583555,sad,subject_02,subject_02_sad_session_01
18.604,0.005921866854262048,sad,subject_02,subject_02_sad_session_01
18.608,0.04429335156470442,sad,subject_02,subject_02_sad_session_01
18.612,0.020889047778085583,sad,subject_02,subject_02_sad_session_01
18.616,-0.02197662747114819,sad,subject_02,subject_02_sad_session_01
18.62,-0.01623384830204122,sad,subject_02,subject_02_sad_session_01
18.624,0.05539313938798085,sad,subject_02,subject_02_sad_session_01
18.628,-0.035705303952614446,sad,subject_02,subject_02_sad_session_01
18.632,-0.016498871479226924,sad,subject_02,subject_02_sad_session_01
18.636,-0.039237524381470525,sad,subject_02,subject_02_sad_session_01
18.64,-0.060558631392892893,sad,subject_02,subject_02_sad_session_01
18.644,-0.02921483870569037,sad,subject_02,subject_02_sad_session_01
18.648,-0.02508434326000538,sad,subject_02,subject_02_sad_session_01
18.652,-0.0141440706115488,sad,subject_02,subject_02_sad_session_01
18.656,0.027199120909361066,sad,subject_02,subject_02_sad_session_01
18.66,0.013003725163451019,sad,subject_02,subject_02_sad_session_01
18.664,0.04849067153028533,sad,subject_02,subject_02_sad_session_01
18.668,0.027711941083113336,sad,subject_02,subject_02_sad_session_01
18.672,0.033740020058143465,sad,subject_02,subject_02_sad_session_01
18.676,0.02490578915261949,sad,subject_02,subject_02_sad_session_01
18.68,0.09734640607096247,sad,subject_02,subject_02_sad_session_01
18.684,0.031452698700806615,sad,subject_02,subject_02_sad_session_01
18.688,0.07670412158674704,sad,subject_02,subject_02_sad_session_01
18.692,0.018523237482427443,sad,subject_02,subject_02_sad_session_01
18.696,0.05111166152302338,sad,subject_02,subject_02_sad_session_01
18.7,0.12261556219580567,sad,subject_02,subject_02_sad_session_01
18.704,0.08637264014622154,sad,subject_02,subject_02_sad_session_01
18.708,0.026644909437207827,sad,subject_02,subject_02_sad_session_01
18.712,0.03981217169082092,sad,subject_02,subject_02_sad_session_01
18.716,0.1202286778804004,sad,subject_02,subject_02_sad_session_01
18.72,0.07544249868873161,sad,subject_02,subject_02_sad_session_01
18.724,0.06437611431782268,sad,subject_02,subject_02_sad_session_01
18.728,0.04831972944423184,sad,subject_02,subject_02_sad_session_01
18.732,0.06046198756600638,sad,subject_02,subject_02_sad_session_01
18.736,0.1099684320659913,sad,subject_02,subject_02_sad_session_01
18.74,0.043447248768550426,sad,subject_02,subject_02_sad_session_01
18.744,0.04268076745211659,sad,subject_02,subject_02_sad_session_01
18.748,0.07449657063190768,sad,subject_02,subject_02_sad_session_01
18.752,0.02065454794882396,sad,subject_02,subject_02_sad_session_01
18.756,0.018790792847720252,sad,subject_02,subject_02_sad_session_01
18.76,0.04177897204820147,sad,subject_02,subject_02_sad_session_01
18.764,0.03713293452700987,sad,subject_02,subject_02_sad_session_01
18.768,0.006460710229297499,sad,subject_02,subject_02_sad_session_01
18.772,0.03950827151860163,sad,subject_02,subject_02_sad_session_01
18.776,0.026560350823926285,sad,subject_02,subject_02_sad_session_01
18.78,-0.044350566336041015,sad,subject_02,subject_02_sad_session_01
18.784,0.0333617908450955,sad,subject_02,subject_02_sad_session_01
18.788,-0.011769365242748742,sad,subject_02,subject_02_sad_session_01
18.792,0.025184087453472535,sad,subject_02,subject_02_sad_session_01
18.796,0.05941428998058105,sad,subject_02,subject_02_sad_session_01
18.8,-0.008618060289904788,sad,subject_02,subject_02_sad_session_01
18.804,-0.02922716542133876,sad,subject_02,subject_02_sad_session_01
18.808,0.028555040529888505,sad,subject_02,subject_02_sad_session_01
18.812,-0.04057264708667789,sad,subject_02,subject_02_sad_session_01
18.816,0.03910388292305382,sad,subject_02,subject_02_sad_session_01
18.82,-0.0335473815365898,sad,subject_02,subject_02_sad_session_01
18.824,-0.04014449498166689,sad,subject_02,subject_02_sad_session_01
18.828,0.04819366900388835,sad,subject_02,subject_02_sad_session_01
18.832,-0.013115341312221333,sad,subject_02,subject_02_sad_session_01
18.836,0.02362547164133314,sad,subject_02,subject_02_sad_session_01
18.84,-0.026687451658058976,sad,subject_02,subject_02_sad_session_01
18.844,-0.029585327807138174,sad,subject_02,subject_02_sad_session_01
18.848,-0.11519470598979639,sad,subject_02,subject_02_sad_session_01
18.852,0.001896659134115939,sad,subject_02,subject_02_sad_session_01
18.856,-0.018562387832881274,sad,subject_02,subject_02_sad_session_01
18.86,-0.03636241266929876,sad,subject_02,subject_02_sad_session_01
18.864,-0.019873336441687293,sad,subject_02,subject_02_sad_session_01
18.868,-0.042727054095996024,sad,subject_02,subject_02_sad_session_01
18.872,-0.07848076060480405,sad,subject_02,subject_02_sad_session_01
18.876,-0.0419284184949893,sad,subject_02,subject_02_sad_session_01
18.88,-0.05160526692035173,sad,subject_02,subject_02_sad_session_01
18.884,-0.0003410528126177245,sad,subject_02,subject_02_sad_session_01
18.888,0.01439991036515091,sad,subject_02,subject_02_sad_session_01
18.892,0.07858478391355389,sad,subject_02,subject_02_sad_session_01
18.896,0.16853844264869566,sad,subject_02,subject_02_sad_session_01
18.9,0.2666090000315647,sad,subject_02,subject_02_sad_session_01
18.904,0.3923000650678718,sad,subject_02,subject_02_sad_session_01
18.908,0.5312008004433518,sad,subject_02,subject_02_sad_session_01
18.912,0.5898925920924957,sad,subject_02,subject_02_sad_session_01
18.916,0.644495553809622,sad,subject_02,subject_02_sad_session_01
18.92,0.7357177017567726,sad,subject_02,subject_02_sad_session_01
18.924,0.7004045323372153,sad,subject_02,subject_02_sad_session_01
18.928,0.6802909754711356,sad,subject_02,subject_02_sad_session_01
18.932,0.5682881059649523,sad,subject_02,subject_02_sad_session_01
18.936,0.4492424066749604,sad,subject_02,subject_02_sad_session_01
18.94,0.2911990019595526,sad,subject_02,subject_02_sad_session_01
18.944,0.1852143446808261,sad,subject_02,subject_02_sad_session_01
18.948,0.0793198927912022,sad,subject_02,subject_02_sad_session_01
18.952,0.02090173012210645,sad,subject_02,subject_02_sad_session_01
18.956,-0.05732264760952024,sad,subject_02,subject_02_sad_session_01
18.96,-0.12361795556529519,sad,subject_02,subject_02_sad_session_01
18.964,-0.1905566890765279,sad,subject_02,subject_02_sad_session_01
18.968,-0.08935588902115896,sad,subject_02,subject_02_sad_session_01
18.972,-0.062338656025491906,sad,subject_02,subject_02_sad_session_01
18.976,-0.04123616806961254,sad,subject_02,subject_02_sad_session_01
18.98,-0.08150027841559675,sad,subject_02,subject_02_sad_session_01
18.984,-0.007448148188242777,sad,subject_02,subject_02_sad_session_01
18.988,-0.010842151802260988,sad,subject_02,subject_02_sad_session_01
18.992,-0.0038513849641640154,sad,subject_02,subject_02_sad_session_01
18.996,-0.03413701169154405,sad,subject_02,subject_02_sad_session_01
19.0,-0.016364718284279378,sad,subject_02,subject_02_sad_session_01
19.004,0.045370734421383604,sad,subject_02,subject_02_sad_session_01
19.008,0.04332062967811866,sad,subject_02,subject_02_sad_session_01
19.012,-0.005870314181319806,sad,subject_02,subject_02_sad_session_01
19.016,0.0040256868319561625,sad,subject_02,subject_02_sad_session_01
19.02,-0.064707162236398,sad,subject_02,subject_02_sad_session_01
19.024,0.04032295559393529,sad,subject_02,subject_02_sad_session_01
19.028,0.02983847715982871,sad,subject_02,subject_02_sad_session_01
19.032,0.02129541173914943,sad,subject_02,subject_02_sad_session_01
19.036,-0.003444755274253253,sad,subject_02,subject_02_sad_session_01
19.04,0.020512891857022177,sad,subject_02,subject_02_sad_session_01
19.044,0.06659415274004228,sad,subject_02,subject_02_sad_session_01
19.048,0.03778513352094474,sad,subject_02,subject_02_sad_session_01
19.052,0.11037972521261927,sad,subject_02,subject_02_sad_session_01
19.056,0.060467491504637316,sad,subject_02,subject_02_sad_session_01
19.06,0.013434022830148346,sad,subject_02,subject_02_sad_session_01
19.064,0.033715834421252394,sad,subject_02,subject_02_sad_session_01
19.068,0.029942755954314337,sad,subject_02,subject_02_sad_session_01
19.072,0.08230349304401582,sad,subject_02,subject_02_sad_session_01
19.076,0.09663401284760917,sad,subject_02,subject_02_sad_session_01
19.08,0.1190704753556355,sad,subject_02,subject_02_sad_session_01
19.084,0.06324182317195928,sad,subject_02,subject_02_sad_session_01
19.088,0.09293653162661446,sad,subject_02,subject_02_sad_session_01
19.092,0.12301818502546044,sad,subject_02,subject_02_sad_session_01
19.096,0.13680821647282493,sad,subject_02,subject_02_sad_session_01
19.1,0.05907397014798862,sad,subject_02,subject_02_sad_session_01
19.104,0.12020850877518308,sad,subject_02,subject_02_sad_session_01
19.108,0.07133634400147673,sad,subject_02,subject_02_sad_session_01
19.112,0.0944722756119526,sad,subject_02,subject_02_sad_session_01
19.116,0.07856256567644757,sad,subject_02,subject_02_sad_session_01
19.12,0.10418982738776172,sad,subject_02,subject_02_sad_session_01
19.124,0.08415780522197705,sad,subject_02,subject_02_sad_session_01
19.128,0.09676866616340968,sad,subject_02,subject_02_sad_session_01
19.132,0.10938552557833972,sad,subject_02,subject_02_sad_session_01
19.136,0.1495993876195457,sad,subject_02,subject_02_sad_session_01
19.14,0.1451678250184194,sad,subject_02,subject_02_sad_session_01
19.144,0.09811065573437643,sad,subject_02,subject_02_sad_session_01
19.148,0.23256510942363198,sad,subject_02,subject_02_sad_session_01
19.152,0.1381514901955374,sad,subject_02,subject_02_sad_session_01
19.156,0.11498707025840244,sad,subject_02,subject_02_sad_session_01
19.16,0.17395830924371,sad,subject_02,subject_02_sad_session_01
19.164,0.1575084752040575,sad,subject_02,subject_02_sad_session_01
19.168,0.13396957741797447,sad,subject_02,subject_02_sad_session_01
19.172,0.1703043964959175,sad,subject_02,subject_02_sad_session_01
19.176,0.1381833868220803,sad,subject_02,subject_02_sad_session_01
19.18,0.1487897196172012,sad,subject_02,subject_02_sad_session_01
19.184,0.20047425180764242,sad,subject_02,subject_02_sad_session_01
19.188,0.15860631640971531,sad,subject_02,subject_02_sad_session_01
19.192,0.171279684333542,sad,subject_02,subject_02_sad_session_01
19.196,0.13472551000738767,sad,subject_02,subject_02_sad_session_01
19.2,0.15211415995347005,sad,subject_02,subject_02_sad_session_01
19.204,0.12113915183152256,sad,subject_02,subject_02_sad_session_01
19.208,0.11619684244550142,sad,subject_02,subject_02_sad_session_01
19.212,0.12432995443770724,sad,subject_02,subject_02_sad_session_01
19.216,0.11161169368628522,sad,subject_02,subject_02_sad_session_01
19.22,0.1590569645754468,sad,subject_02,subject_02_sad_session_01
19.224,0.14051252972707412,sad,subject_02,subject_02_sad_session_01
19.228,0.04937718103682713,sad,subject_02,subject_02_sad_session_01
19.232,0.16469670934416553,sad,subject_02,subject_02_sad_session_01
19.236,0.1268797579619478,sad,subject_02,subject_02_sad_session_01
19.24,0.13654021176240916,sad,subject_02,subject_02_sad_session_01
19.244,0.09154357871130718,sad,subject_02,subject_02_sad_session_01
19.248,0.0462649801794904,sad,subject_02,subject_02_sad_session_01
19.252,0.04575440129408248,sad,subject_02,subject_02_sad_session_01
19.256,0.1310865519707658,sad,subject_02,subject_02_sad_session_01
19.26,0.02547524502033248,sad,subject_02,subject_02_sad_session_01
19.264,0.02540664266849981,sad,subject_02,subject_02_sad_session_01
19.268,0.05035351725200724,sad,subject_02,subject_02_sad_session_01
19.272,0.016461615138234936,sad,subject_02,subject_02_sad_session_01
19.276,0.06878902734805424,sad,subject_02,subject_02_sad_session_01
19.28,0.06605023705299853,sad,subject_02,subject_02_sad_session_01
19.284,0.05522587953299456,sad,subject_02,subject_02_sad_session_01
19.288,0.01965052750109743,sad,subject_02,subject_02_sad_session_01
19.292,0.04218049256508455,sad,subject_02,subject_02_sad_session_01
19.296,0.08265930344908248,sad,subject_02,subject_02_sad_session_01
19.3,-0.018033890468904943,sad,subject_02,subject_02_sad_session_01
19.304,0.05452491357685118,sad,subject_02,subject_02_sad_session_01
19.308,0.0415104956009551,sad,subject_02,subject_02_sad_session_01
19.312,0.01056942059599252,sad,subject_02,subject_02_sad_session_01
19.316,0.015384824780509069,sad,subject_02,subject_02_sad_session_01
19.32,0.01797025510965366,sad,subject_02,subject_02_sad_session_01
19.324,-0.024946606187687702,sad,subject_02,subject_02_sad_session_01
19.328,-0.04733705922265406,sad,subject_02,subject_02_sad_session_01
19.332,0.026306125224018848,sad,subject_02,subject_02_sad_session_01
19.336,-0.04056718629022106,sad,subject_02,subject_02_sad_session_01
19.34,-0.038160856193974156,sad,subject_02,subject_02_sad_session_01
19.344,-0.022803651498054425,sad,subject_02,subject_02_sad_session_01
19.348,-0.0006032664086329208,sad,subject_02,subject_02_sad_session_01
19.352,-0.02576011649375119,sad,subject_02,subject_02_sad_session_01
19.356,-0.03398852249962995,sad,subject_02,subject_02_sad_session_01
19.36,0.01496683376475273,sad,subject_02,subject_02_sad_session_01
19.364,-0.02482501094920564,sad,subject_02,subject_02_sad_session_01
19.368,-0.03987111386388603,sad,subject_02,subject_02_sad_session_01
19.372,-0.005047834922341739,sad,subject_02,subject_02_sad_session_01
19.376,-0.01599127008265773,sad,subject_02,subject_02_sad_session_01
19.38,-0.017649441155514412,sad,subject_02,subject_02_sad_session_01
19.384,-0.005878013700021355,sad,subject_02,subject_02_sad_session_01
19.388,-0.023889935149378008,sad,subject_02,subject_02_sad_session_01
19.392,0.005066732405104277,sad,subject_02,subject_02_sad_session_01
19.396,-0.06356441999837964,sad,subject_02,subject_02_sad_session_01
19.4,0.01615243693729847,sad,subject_02,subject_02_sad_session_01
19.404,-0.048797712243767055,sad,subject_02,subject_02_sad_session_01
19.408,-0.07076472292182089,sad,subject_02,subject_02_sad_session_01
19.412,-0.045531395555629586,sad,subject_02,subject_02_sad_session_01
19.416,-0.03254201415923908,sad,subject_02,subject_02_sad_session_01
19.42,-0.044242449286132114,sad,subject_02,subject_02_sad_session_01
19.424,-0.05125078526701041,sad,subject_02,subject_02_sad_session_01
19.428,0.007948222516596229,sad,subject_02,subject_02_sad_session_01
19.432,-0.04853460801478311,sad,subject_02,subject_02_sad_session_01
19.436,-0.09017245098507319,sad,subject_02,subject_02_sad_session_01
19.44,-0.032954437823303824,sad,subject_02,subject_02_sad_session_01
19.444,0.03893629387719415,sad,subject_02,subject_02_sad_session_01
19.448,-0.05431474923967733,sad,subject_02,subject_02_sad_session_01
19.452,-0.04933727704174065,sad,subject_02,subject_02_sad_session_01
19.456,-0.03439997431735426,sad,subject_02,subject_02_sad_session_01
19.46,0.02410570016893913,sad,subject_02,subject_02_sad_session_01
19.464,-0.03292824050762631,sad,subject_02,subject_02_sad_session_01
19.468,-0.05275595224751133,sad,subject_02,subject_02_sad_session_01
19.472,-0.011070114525396637,sad,subject_02,subject_02_sad_session_01
19.476,-0.013202926395320247,sad,subject_02,subject_02_sad_session_01
19.48,-0.007157429152339917,sad,subject_02,subject_02_sad_session_01
19.484,-0.0535161006266235,sad,subject_02,subject_02_sad_session_01
19.488,-0.0384663862287385,sad,subject_02,subject_02_sad_session_01
19.492,0.012356907471271657,sad,subject_02,subject_02_sad_session_01
19.496,-0.00902031998033657,sad,subject_02,subject_02_sad_session_01
19.5,0.0030953265544298655,sad,subject_02,subject_02_sad_session_01
19.504,-0.022658581206060565,sad,subject_02,subject_02_sad_session_01
19.508,0.01078906548881604,sad,subject_02,subject_02_sad_session_01
19.512,-0.011970580025804738,sad,subject_02,subject_02_sad_session_01
19.516,-0.03632950562415076,sad,subject_02,subject_02_sad_session_01
19.52,0.0018877906683043705,sad,subject_02,subject_02_sad_session_01
19.524,-0.04657406164631424,sad,subject_02,subject_02_sad_session_01
19.528,0.0261465548063421,sad,subject_02,subject_02_sad_session_01
19.532,0.01025675477766086,sad,subject_02,subject_02_sad_session_01
19.536,-0.02858177357185957,sad,subject_02,subject_02_sad_session_01
19.54,-0.02514600723012306,sad,subject_02,subject_02_sad_session_01
19.544,-0.015400348235324296,sad,subject_02,subject_02_sad_session_01
19.548,-0.024303668149881417,sad,subject_02,subject_02_sad_session_01
19.552,0.020740554780040988,sad,subject_02,subject_02_sad_session_01
19.556,-0.03466032685944348,sad,subject_02,subject_02_sad_session_01
19.56,-0.06318747632064295,sad,subject_02,subject_02_sad_session_01
19.564,-0.0254184004383027,sad,subject_02,subject_02_sad_session_01
19.568,0.005450541546912904,sad,subject_02,subject_02_sad_session_01
19.572,0.0139447557867338,sad,subject_02,subject_02_sad_session_01
19.576,-0.01233488699361902,sad,subject_02,subject_02_sad_session_01
19.58,-0.033881862036316136,sad,subject_02,subject_02_sad_session_01
19.584,-0.01514720220214711,sad,subject_02,subject_02_sad_session_01
19.588,-0.032253899581691746,sad,subject_02,subject_02_sad_session_01
19.592,-0.0803226106103654,sad,subject_02,subject_02_sad_session_01
19.596,-0.0350558745542246,sad,subject_02,subject_02_sad_session_01
19.6,0.007748772169804239,sad,subject_02,subject_02_sad_session_01
19.604,-0.013465238368233826,sad,subject_02,subject_02_sad_session_01
19.608,-0.012075262582975243,sad,subject_02,subject_02_sad_session_01
19.612,0.0332410814103487,sad,subject_02,subject_02_sad_session_01
19.616,-0.02568564701369231,sad,subject_02,subject_02_sad_session_01
19.62,-0.01920400624696437,sad,subject_02,subject_02_sad_session_01
19.624,0.020611190725961268,sad,subject_02,subject_02_sad_session_01
19.628,-0.006427769365756382,sad,subject_02,subject_02_sad_session_01
19.632,-0.002006796210839778,sad,subject_02,subject_02_sad_session_01
19.636,0.07084302101416869,sad,subject_02,subject_02_sad_session_01
19.64,-0.0026702596311359017,sad,subject_02,subject_02_sad_session_01
19.644,0.012846733033990494,sad,subject_02,subject_02_sad_session_01
19.648,0.05346204498945881,sad,subject_02,subject_02_sad_session_01
19.652,0.044371527738546114,sad,subject_02,subject_02_sad_session_01
19.656,0.01016564578951741,sad,subject_02,subject_02_sad_session_01
19.66,0.11031931601518355,sad,subject_02,subject_02_sad_session_01
19.664,0.03820398047385304,sad,subject_02,subject_02_sad_session_01
19.668,0.05960686147671755,sad,subject_02,subject_02_sad_session_01
19.672,0.08463000615170212,sad,subject_02,subject_02_sad_session_01
19.676,0.1404688819461778,sad,subject_02,subject_02_sad_session_01
19.68,0.0668138286784517,sad,subject_02,subject_02_sad_session_01
19.684,0.05439264142893163,sad,subject_02,subject_02_sad_session_01
19.688,0.09907473875503822,sad,subject_02,subject_02_sad_session_01
19.692,0.14820822209825024,sad,subject_02,subject_02_sad_session_01
19.696,0.09028695587921297,sad,subject_02,subject_02_sad_session_01
19.7,0.07750048252210058,sad,subject_02,subject_02_sad_session_01
19.704,0.09687929113914229,sad,subject_02,subject_02_sad_session_01
19.708,0.021200004228520607,sad,subject_02,subject_02_sad_session_01
19.712,0.0626194571377193,sad,subject_02,subject_02_sad_session_01
19.716,0.023266302915395186,sad,subject_02,subject_02_sad_session_01
19.72,0.06359966609929739,sad,subject_02,subject_02_sad_session_01
19.724,0.05488606692759913,sad,subject_02,subject_02_sad_session_01
19.728,-0.01338253785655158,sad,subject_02,subject_02_sad_session_01
19.732,0.06627571984878197,sad,subject_02,subject_02_sad_session_01
19.736,0.07438002400746048,sad,subject_02,subject_02_sad_session_01
19.74,0.044851746599891176,sad,subject_02,subject_02_sad_session_01
19.744,-0.0004116795048299607,sad,subject_02,subject_02_sad_session_01
19.748,0.0782367230659693,sad,subject_02,subject_02_sad_session_01
19.752,0.0921620792604785,sad,subject_02,subject_02_sad_session_01
19.756,0.0424138719071546,sad,subject_02,subject_02_sad_session_01
19.76,0.01519174150739091,sad,subject_02,subject_02_sad_session_01
19.764,0.011281050230047156,sad,subject_02,subject_02_sad_session_01
19.768,0.030532408735195485,sad,subject_02,subject_02_sad_session_01
19.772,0.016591610247314093,sad,subject_02,subject_02_sad_session_01
19.776,0.023667762483276483,sad,subject_02,subject_02_sad_session_01
19.78,0.02116239540687847,sad,subject_02,subject_02_sad_session_01
19.784,-0.01707421242434077,sad,subject_02,subject_02_sad_session_01
19.788,-0.021875674981575676,sad,subject_02,subject_02_sad_session_01
19.792,-0.007548908487114818,sad,subject_02,subject_02_sad_session_01
19.796,0.013232399540282436,sad,subject_02,subject_02_sad_session_01
19.8,-0.04896456242139492,sad,subject_02,subject_02_sad_session_01
19.804,-0.010189862927466266,sad,subject_02,subject_02_sad_session_01
19.808,-0.005342790700023735,sad,subject_02,subject_02_sad_session_01
19.812,-0.019613827018160775,sad,subject_02,subject_02_sad_session_01
19.816,0.03646941024197463,sad,subject_02,subject_02_sad_session_01
19.82,0.03082452846612243,sad,subject_02,subject_02_sad_session_01
19.824,0.00574173607593708,sad,subject_02,subject_02_sad_session_01
19.828,0.04545620727743013,sad,subject_02,subject_02_sad_session_01
19.832,0.016956750617236328,sad,subject_02,subject_02_sad_session_01
19.836,-0.008507053274841865,sad,subject_02,subject_02_sad_session_01
19.84,-0.03177597688219693,sad,subject_02,subject_02_sad_session_01
19.844,-0.03561622737918587,sad,subject_02,subject_02_sad_session_01
19.848,-0.01783663546380058,sad,subject_02,subject_02_sad_session_01
19.852,-0.04068630865216179,sad,subject_02,subject_02_sad_session_01
19.856,-0.06377222511260398,sad,subject_02,subject_02_sad_session_01
19.86,-0.00012818470942581837,sad,subject_02,subject_02_sad_session_01
19.864,0.094868445993068,sad,subject_02,subject_02_sad_session_01
19.868,0.06388968457028625,sad,subject_02,subject_02_sad_session_01
19.872,0.28119305293709584,sad,subject_02,subject_02_sad_session_01
19.876,0.3678289934813175,sad,subject_02,subject_02_sad_session_01
19.88,0.4584880514379088,sad,subject_02,subject_02_sad_session_01
19.884,0.5810611020393935,sad,subject_02,subject_02_sad_session_01
19.888,0.6887570971089241,sad,subject_02,subject_02_sad_session_01
19.892,0.7188931285852325,sad,subject_02,subject_02_sad_session_01
19.896,0.7674083561699219,sad,subject_02,subject_02_sad_session_01
19.9,0.7452472530309107,sad,subject_02,subject_02_sad_session_01
19.904,0.666854444198477,sad,subject_02,subject_02_sad_session_01
19.908,0.5373418245346113,sad,subject_02,subject_02_sad_session_01
19.912,0.4538836575929996,sad,subject_02,subject_02_sad_session_01
19.916,0.27109676231556845,sad,subject_02,subject_02_sad_session_01
19.92,0.22350531403214316,sad,subject_02,subject_02_sad_session_01
19.924,0.08933174789666105,sad,subject_02,subject_02_sad_session_01
19.928,-0.001960515804131587,sad,subject_02,subject_02_sad_session_01
19.932,-0.021904569255879167,sad,subject_02,subject_02_sad_session_01
19.936,-0.1105493825465729,sad,subject_02,subject_02_sad_session_01
19.94,-0.0770464195645461,sad,subject_02,subject_02_sad_session_01
19.944,-0.08258077921893997,sad,subject_02,subject_02_sad_session_01
19.948,-0.06124686393822997,sad,subject_02,subject_02_sad_session_01
19.952,-0.02849112059989034,sad,subject_02,subject_02_sad_session_01
19.956,0.034677435909875765,sad,subject_02,subject_02_sad_session_01
19.96,0.005275566668805581,sad,subject_02,subject_02_sad_session_01
19.964,0.04362915775700954,sad,subject_02,subject_02_sad_session_01
19.968,0.0512849345342935,sad,subject_02,subject_02_sad_session_01
19.972,0.03704399678835156,sad,subject_02,subject_02_sad_session_01
19.976,-0.03795776735885831,sad,subject_02,subject_02_sad_session_01
19.98,0.01306166098231791,sad,subject_02,subject_02_sad_session_01
19.984,-0.00972334064656958,sad,subject_02,subject_02_sad_session_01
19.988,0.11169514154109891,sad,subject_02,subject_02_sad_session_01
19.992,-0.0014003870824743046,sad,subject_02,subject_02_sad_session_01
19.996,-0.013098204979148771,sad,subject_02,subject_02_sad_session_01
20.0,-0.04798944857795034,sad,subject_02,subject_02_sad_session_01
20.004,0.007540688786876852,sad,subject_02,subject_02_sad_session_01
20.008,0.04602880380866047,sad,subject_02,subject_02_sad_session_01
20.012,0.0788845099604034,sad,subject_02,subject_02_sad_session_01
20.016,0.01829368962931676,sad,subject_02,subject_02_sad_session_01
20.02,0.08988049551724002,sad,subject_02,subject_02_sad_session_01
20.024,0.05736401532695351,sad,subject_02,subject_02_sad_session_01
20.028,0.049445646891714615,sad,subject_02,subject_02_sad_session_01
20.032,0.07411304082765736,sad,subject_02,subject_02_sad_session_01
20.036,0.11655084874110005,sad,subject_02,subject_02_sad_session_01
20.04,0.08081615913834009,sad,subject_02,subject_02_sad_session_01
20.044,0.05144295043003021,sad,subject_02,subject_02_sad_session_01
20.048,0.10295467268805406,sad,subject_02,subject_02_sad_session_01
20.052,0.10812698080196952,sad,subject_02,subject_02_sad_session_01
20.056,0.09591830581641114,sad,subject_02,subject_02_sad_session_01
20.06,0.1380851805518353,sad,subject_02,subject_02_sad_session_01
20.064,0.04462017565184187,sad,subject_02,subject_02_sad_session_01
20.068,0.1298790900458019,sad,subject_02,subject_02_sad_session_01
20.072,0.14855816609398517,sad,subject_02,subject_02_sad_session_01
20.076,0.08738284981476727,sad,subject_02,subject_02_sad_session_01
20.08,0.09209733013738378,sad,subject_02,subject_02_sad_session_01
20.084,0.1721834401654008,sad,subject_02,subject_02_sad_session_01
20.088,0.18298222897966065,sad,subject_02,subject_02_sad_session_01
20.092,0.19388298524801884,sad,subject_02,subject_02_sad_session_01
20.096,0.1374415594812579,sad,subject_02,subject_02_sad_session_01
20.1,0.16917282812228174,sad,subject_02,subject_02_sad_session_01
20.104,0.1777856332501031,sad,subject_02,subject_02_sad_session_01
20.108,0.1209252460083097,sad,subject_02,subject_02_sad_session_01
20.112,0.18089179788614335,sad,subject_02,subject_02_sad_session_01
20.116,0.1840195244815348,sad,subject_02,subject_02_sad_session_01
20.12,0.20552882561061103,sad,subject_02,subject_02_sad_session_01
20.124,0.16893829171549907,sad,subject_02,subject_02_sad_session_01
20.128,0.2260989239101246,sad,subject_02,subject_02_sad_session_01
20.132,0.19306418516492047,sad,subject_02,subject_02_sad_session_01
20.136,0.24356766480306286,sad,subject_02,subject_02_sad_session_01
20.14,0.21583955503929053,sad,subject_02,subject_02_sad_session_01
20.144,0.2024731948262794,sad,subject_02,subject_02_sad_session_01
20.148,0.15891828798501867,sad,subject_02,subject_02_sad_session_01
20.152,0.1545395727719229,sad,subject_02,subject_02_sad_session_01
20.156,0.24146473465180793,sad,subject_02,subject_02_sad_session_01
20.16,0.21861100798552516,sad,subject_02,subject_02_sad_session_01
20.164,0.18211826279536728,sad,subject_02,subject_02_sad_session_01
20.168,0.17612267388729394,sad,subject_02,subject_02_sad_session_01
20.172,0.19282030206321635,sad,subject_02,subject_02_sad_session_01
20.176,0.14294508903196418,sad,subject_02,subject_02_sad_session_01
20.18,0.16602929942769645,sad,subject_02,subject_02_sad_session_01
20.184,0.19484095503569848,sad,subject_02,subject_02_sad_session_01
20.188,0.19493181120650255,sad,subject_02,subject_02_sad_session_01
20.192,0.15727858521873547,sad,subject_02,subject_02_sad_session_01
20.196,0.21183801111300882,sad,subject_02,subject_02_sad_session_01
20.2,0.19045082404248997,sad,subject_02,subject_02_sad_session_01
20.204,0.13110213785837785,sad,subject_02,subject_02_sad_session_01
20.208,0.11077974009364222,sad,subject_02,subject_02_sad_session_01
20.212,0.16163782446545166,sad,subject_02,subject_02_sad_session_01
20.216,0.12493498122272217,sad,subject_02,subject_02_sad_session_01
20.22,0.11379356106064906,sad,subject_02,subject_02_sad_session_01
20.224,0.13419131601838152,sad,subject_02,subject_02_sad_session_01
20.228,0.1435779125932575,sad,subject_02,subject_02_sad_session_01
20.232,0.14025665189842879,sad,subject_02,subject_02_sad_session_01
20.236,0.11269445817228628,sad,subject_02,subject_02_sad_session_01
20.24,0.03682468220613487,sad,subject_02,subject_02_sad_session_01
20.244,0.12896410895123073,sad,subject_02,subject_02_sad_session_01
20.248,0.07094674435283173,sad,subject_02,subject_02_sad_session_01
20.252,0.09930552776788401,sad,subject_02,subject_02_sad_session_01
20.256,0.08145940779889634,sad,subject_02,subject_02_sad_session_01
20.26,0.14767594998242675,sad,subject_02,subject_02_sad_session_01
20.264,0.1374943691830237,sad,subject_02,subject_02_sad_session_01
20.268,0.05756054938102848,sad,subject_02,subject_02_sad_session_01
20.272,0.02678563057659701,sad,subject_02,subject_02_sad_session_01
20.276,0.02511166989899561,sad,subject_02,subject_02_sad_session_01
20.28,0.06743519168560137,sad,subject_02,subject_02_sad_session_01
20.284,0.03948691472122914,sad,subject_02,subject_02_sad_session_01
20.288,0.018945292293666226,sad,subject_02,subject_02_sad_session_01
20.292,0.03337661432088922,sad,subject_02,subject_02_sad_session_01
20.296,0.05963654645676988,sad,subject_02,subject_02_sad_session_01
20.3,0.040970028032115954,sad,subject_02,subject_02_sad_session_01
20.304,0.02626216858963351,sad,subject_02,subject_02_sad_session_01
20.308,0.027636598569046246,sad,subject_02,subject_02_sad_session_01
20.312,0.03128158464919081,sad,subject_02,subject_02_sad_session_01
20.316,0.040794885203353934,sad,subject_02,subject_02_sad_session_01
20.32,0.040703680804333585,sad,subject_02,subject_02_sad_session_01
20.324,-0.018873076110905655,sad,subject_02,subject_02_sad_session_01
20.328,0.0340494883885995,sad,subject_02,subject_02_sad_session_01
20.332,0.01680415017887371,sad,subject_02,subject_02_sad_session_01
20.336,-0.003992110086599523,sad,subject_02,subject_02_sad_session_01
20.34,0.01412630690240083,sad,subject_02,subject_02_sad_session_01
20.344,0.05899889000321437,sad,subject_02,subject_02_sad_session_01
20.348,0.04769328509417853,sad,subject_02,subject_02_sad_session_01
20.352,0.025574822347196914,sad,subject_02,subject_02_sad_session_01
20.356,-0.0049341958690420525,sad,subject_02,subject_02_sad_session_01
20.36,-0.019401692759852436,sad,subject_02,subject_02_sad_session_01
20.364,-0.007378116912067235,sad,subject_02,subject_02_sad_session_01
20.368,0.020805468625563144,sad,subject_02,subject_02_sad_session_01
20.372,0.021067412554372136,sad,subject_02,subject_02_sad_session_01
20.376,0.0002183346788443459,sad,subject_02,subject_02_sad_session_01
20.38,0.04583802550382171,sad,subject_02,subject_02_sad_session_01
20.384,0.030832635718349377,sad,subject_02,subject_02_sad_session_01
20.388,-0.060402574346511514,sad,subject_02,subject_02_sad_session_01
20.392,0.022287971842103807,sad,subject_02,subject_02_sad_session_01
20.396,0.041588951035583965,sad,subject_02,subject_02_sad_session_01
20.4,0.024940481886971264,sad,subject_02,subject_02_sad_session_01
20.404,0.03628265376580658,sad,subject_02,subject_02_sad_session_01
20.408,0.010927130905210693,sad,subject_02,subject_02_sad_session_01
20.412,0.016888650845374012,sad,subject_02,subject_02_sad_session_01
20.416,0.017549009215390383,sad,subject_02,subject_02_sad_session_01
20.42,0.024451093359924552,sad,subject_02,subject_02_sad_session_01
20.424,0.0016183926104864597,sad,subject_02,subject_02_sad_session_01
20.428,0.05184092185403519,sad,subject_02,subject_02_sad_session_01
20.432,0.061834794937238584,sad,subject_02,subject_02_sad_session_01
20.436,0.0033144224732483026,sad,subject_02,subject_02_sad_session_01
20.44,-0.015715016537543636,sad,subject_02,subject_02_sad_session_01
20.444,-0.020904153923287483,sad,subject_02,subject_02_sad_session_01
20.448,0.03171499358190594,sad,subject_02,subject_02_sad_session_01
20.452,0.0373180965084116,sad,subject_02,subject_02_sad_session_01
20.456,0.03207879200150932,sad,subject_02,subject_02_sad_session_01
20.46,0.03478214033307425,sad,subject_02,subject_02_sad_session_01
20.464,0.003002589323119524,sad,subject_02,subject_02_sad_session_01
20.468,-0.03952210782620863,sad,subject_02,subject_02_sad_session_01
20.472,0.005394377463152883,sad,subject_02,subject_02_sad_session_01
20.476,0.07006140057793867,sad,subject_02,subject_02_sad_session_01
20.48,0.02852375827445023,sad,subject_02,subject_02_sad_session_01
20.484,0.033452452167625935,sad,subject_02,subject_02_sad_session_01
20.488,0.04799758304962819,sad,subject_02,subject_02_sad_session_01
20.492,-0.004205087613205434,sad,subject_02,subject_02_sad_session_01
20.496,0.02784814652226258,sad,subject_02,subject_02_sad_session_01
20.5,0.036661773628937966,sad,subject_02,subject_02_sad_session_01
20.504,-0.0065207251894072865,sad,subject_02,subject_02_sad_session_01
20.508,0.0325395759153668,sad,subject_02,subject_02_sad_session_01
20.512,0.06066659374472572,sad,subject_02,subject_02_sad_session_01
20.516,0.009983290569791478,sad,subject_02,subject_02_sad_session_01
20.52,-0.029445923449426804,sad,subject_02,subject_02_sad_session_01
20.524,0.02765153068313422,sad,subject_02,subject_02_sad_session_01
20.528,0.003061722141633666,sad,subject_02,subject_02_sad_session_01
20.532,0.028520034282833985,sad,subject_02,subject_02_sad_session_01
20.536,-0.0017918318991119314,sad,subject_02,subject_02_sad_session_01
20.54,0.025755722129586434,sad,subject_02,subject_02_sad_session_01
20.544,0.061280942784080986,sad,subject_02,subject_02_sad_session_01
20.548,0.024268586078936626,sad,subject_02,subject_02_sad_session_01
20.552,-0.023613447584239177,sad,subject_02,subject_02_sad_session_01
20.556,0.03803280661363224,sad,subject_02,subject_02_sad_session_01
20.56,0.028422739207676906,sad,subject_02,subject_02_sad_session_01
20.564,0.03547627560432406,sad,subject_02,subject_02_sad_session_01
20.568,0.0597445140442919,sad,subject_02,subject_02_sad_session_01
20.572,0.016507140204361358,sad,subject_02,subject_02_sad_session_01
20.576,0.025595757962193447,sad,subject_02,subject_02_sad_session_01
20.58,0.0056236791625278865,sad,subject_02,subject_02_sad_session_01
20.584,0.04489006416675393,sad,subject_02,subject_02_sad_session_01
20.588,0.04701775077219394,sad,subject_02,subject_02_sad_session_01
20.592,0.03747041848277319,sad,subject_02,subject_02_sad_session_01
20.596,0.0712838996158864,sad,subject_02,subject_02_sad_session_01
20.6,0.021728676848657983,sad,subject_02,subject_02_sad_session_01
20.604,0.0609342032450322,sad,subject_02,subject_02_sad_session_01
20.608,0.07977228807093165,sad,subject_02,subject_02_sad_session_01
20.612,0.050375607807315814,sad,subject_02,subject_02_sad_session_01
20.616,0.03057123171316551,sad,subject_02,subject_02_sad_session_01
20.62,0.026243056067750653,sad,subject_02,subject_02_sad_session_01
20.624,0.08721063975259757,sad,subject_02,subject_02_sad_session_01
20.628,0.1388641693127147,sad,subject_02,subject_02_sad_session_01
20.632,0.0752042533106908,sad,subject_02,subject_02_sad_session_01
20.636,0.11235727302813227,sad,subject_02,subject_02_sad_session_01
20.64,0.031153464514927967,sad,subject_02,subject_02_sad_session_01
20.644,0.11988501625569364,sad,subject_02,subject_02_sad_session_01
20.648,0.08039066016871423,sad,subject_02,subject_02_sad_session_01
20.652,0.10509178561117924,sad,subject_02,subject_02_sad_session_01
20.656,0.12251681332134771,sad,subject_02,subject_02_sad_session_01
20.66,0.07292622773471513,sad,subject_02,subject_02_sad_session_01
20.664,0.21900024173598737,sad,subject_02,subject_02_sad_session_01
20.668,0.1075935095382132,sad,subject_02,subject_02_sad_session_01
20.672,0.1443015657391725,sad,subject_02,subject_02_sad_session_01
20.676,0.17042057088867868,sad,subject_02,subject_02_sad_session_01
20.68,0.13320908085173597,sad,subject_02,subject_02_sad_session_01
20.684,0.0856088563006124,sad,subject_02,subject_02_sad_session_01
20.688,0.12285099080920148,sad,subject_02,subject_02_sad_session_01
20.692,0.06133510355674917,sad,subject_02,subject_02_sad_session_01
20.696,0.10266971010813718,sad,subject_02,subject_02_sad_session_01
20.7,0.1585671447003194,sad,subject_02,subject_02_sad_session_01
20.704,0.06120348830948082,sad,subject_02,subject_02_sad_session_01
20.708,0.07380750719814629,sad,subject_02,subject_02_sad_session_01
20.712,0.14894438637740853,sad,subject_02,subject_02_sad_session_01
20.716,0.0828170114761149,sad,subject_02,subject_02_sad_session_01
20.72,0.05593414820713592,sad,subject_02,subject_02_sad_session_01
20.724,0.08919707080271788,sad,subject_02,subject_02_sad_session_01
20.728,0.05837954848066894,sad,subject_02,subject_02_sad_session_01
20.732,-0.013904226099538328,sad,subject_02,subject_02_sad_session_01
20.736,0.022151961521804514,sad,subject_02,subject_02_sad_session_01
20.74,0.1203647128623947,sad,subject_02,subject_02_sad_session_01
20.744,0.06451496178325505,sad,subject_02,subject_02_sad_session_01
20.748,0.09494011194813472,sad,subject_02,subject_02_sad_session_01
20.752,0.016863131505197294,sad,subject_02,subject_02_sad_session_01
20.756,0.04314664407218379,sad,subject_02,subject_02_sad_session_01
20.76,0.03712971049933575,sad,subject_02,subject_02_sad_session_01
20.764,0.023502080483142056,sad,subject_02,subject_02_sad_session_01
20.768,0.04425794354605272,sad,subject_02,subject_02_sad_session_01
20.772,0.002820994930151942,sad,subject_02,subject_02_sad_session_01
20.776,0.07111969650921474,sad,subject_02,subject_02_sad_session_01
20.78,0.047656085282076356,sad,subject_02,subject_02_sad_session_01
20.784,0.027423530285293464,sad,subject_02,subject_02_sad_session_01
20.788,0.035827180696943864,sad,subject_02,subject_02_sad_session_01
20.792,0.022069406836099217,sad,subject_02,subject_02_sad_session_01
20.796,-0.021210759619500988,sad,subject_02,subject_02_sad_session_01
20.8,-2.2169707174224396e-07,sad,subject_02,subject_02_sad_session_01
20.804,0.023082102267314268,sad,subject_02,subject_02_sad_session_01
20.808,0.015686595919086915,sad,subject_02,subject_02_sad_session_01
20.812,0.041923263934337686,sad,subject_02,subject_02_sad_session_01
20.816,0.03373535077044125,sad,subject_02,subject_02_sad_session_01
20.82,-0.006376275256889271,sad,subject_02,subject_02_sad_session_01
20.824,-0.022940588063424458,sad,subject_02,subject_02_sad_session_01
20.828,0.03068951683482931,sad,subject_02,subject_02_sad_session_01
20.832,0.02958562054017673,sad,subject_02,subject_02_sad_session_01
20.836,0.041145774061360454,sad,subject_02,subject_02_sad_session_01
20.84,0.08539848132012362,sad,subject_02,subject_02_sad_session_01
20.844,0.18303430993210093,sad,subject_02,subject_02_sad_session_01
20.848,0.3178201711675615,sad,subject_02,subject_02_sad_session_01
20.852,0.47016984286320684,sad,subject_02,subject_02_sad_session_01
20.856,0.5268310977586371,sad,subject_02,subject_02_sad_session_01
20.86,0.6103964984114648,sad,subject_02,subject_02_sad_session_01
20.864,0.7797035913482874,sad,subject_02,subject_02_sad_session_01
20.868,0.7513821815542922,sad,subject_02,subject_02_sad_session_01
20.872,0.7478974900658972,sad,subject_02,subject_02_sad_session_01
20.876,0.7282980883817787,sad,subject_02,subject_02_sad_session_01
20.88,0.6580327818570182,sad,subject_02,subject_02_sad_session_01
20.884,0.6108550544374862,sad,subject_02,subject_02_sad_session_01
20.888,0.4040535010030174,sad,subject_02,subject_02_sad_session_01
20.892,0.3468148027452489,sad,subject_02,subject_02_sad_session_01
20.896,0.20929892703571742,sad,subject_02,subject_02_sad_session_01
20.9,0.09053015985533272,sad,subject_02,subject_02_sad_session_01
20.904,0.01936966711810182,sad,subject_02,subject_02_sad_session_01
20.908,-0.02806019144695554,sad,subject_02,subject_02_sad_session_01
20.912,-0.04157728920536773,sad,subject_02,subject_02_sad_session_01
20.916,-0.06039842027107815,sad,subject_02,subject_02_sad_session_01
20.92,-0.03769979790583722,sad,subject_02,subject_02_sad_session_01
20.924,-0.041436843445305044,sad,subject_02,subject_02_sad_session_01
20.928,0.06577058715847303,sad,subject_02,subject_02_sad_session_01
20.932,0.04644226536053166,sad,subject_02,subject_02_sad_session_01
20.936,0.04284193304965286,sad,subject_02,subject_02_sad_session_01
20.94,0.023269595714371538,sad,subject_02,subject_02_sad_session_01
20.944,0.06690100149592887,sad,subject_02,subject_02_sad_session_01
20.948,0.05518384432693225,sad,subject_02,subject_02_sad_session_01
20.952,0.05280609550061924,sad,subject_02,subject_02_sad_session_01
20.956,0.035888819649201376,sad,subject_02,subject_02_sad_session_01
20.96,0.06268432254791687,sad,subject_02,subject_02_sad_session_01
20.964,0.10760034081166828,sad,subject_02,subject_02_sad_session_01
20.968,0.06231255776800268,sad,subject_02,subject_02_sad_session_01
20.972,0.054965067432581366,sad,subject_02,subject_02_sad_session_01
20.976,0.0690340171926729,sad,subject_02,subject_02_sad_session_01
20.98,0.07075659292818721,sad,subject_02,subject_02_sad_session_01
20.984,0.05662220598603396,sad,subject_02,subject_02_sad_session_01
20.988,0.054600677724918265,sad,subject_02,subject_02_sad_session_01
20.992,0.10464209040234601,sad,subject_02,subject_02_sad_session_01
20.996,0.12121507012757751,sad,subject_02,subject_02_sad_session_01
21.0,0.15743868613613582,sad,subject_02,subject_02_sad_session_01
21.004,0.10781188406592349,sad,subject_02,subject_02_sad_session_01
21.008,0.10234811391928579,sad,subject_02,subject_02_sad_session_01
21.012,0.1308545781793876,sad,subject_02,subject_02_sad_session_01
21.016,0.0816731068757543,sad,subject_02,subject_02_sad_session_01
21.02,0.13344595026717102,sad,subject_02,subject_02_sad_session_01
21.024,0.1507120928094234,sad,subject_02,subject_02_sad_session_01
21.028,0.15576172975229946,sad,subject_02,subject_02_sad_session_01
21.032,0.18062325010185265,sad,subject_02,subject_02_sad_session_01
21.036,0.11828256121509656,sad,subject_02,subject_02_sad_session_01
21.04,0.12712921177121783,sad,subject_02,subject_02_sad_session_01
21.044,0.14111692674874796,sad,subject_02,subject_02_sad_session_01
21.048,0.1197557464713632,sad,subject_02,subject_02_sad_session_01
21.052,0.174974268056337,sad,subject_02,subject_02_sad_session_01
21.056,0.18459434241268724,sad,subject_02,subject_02_sad_session_01
21.06,0.18659033029046654,sad,subject_02,subject_02_sad_session_01
21.064,0.17948306064389244,sad,subject_02,subject_02_sad_session_01
21.068,0.21025549471472343,sad,subject_02,subject_02_sad_session_01
21.072,0.2022057520492699,sad,subject_02,subject_02_sad_session_01
21.076,0.1715022157222809,sad,subject_02,subject_02_sad_session_01
21.08,0.10543374272649009,sad,subject_02,subject_02_sad_session_01
21.084,0.188059067754085,sad,subject_02,subject_02_sad_session_01
21.088,0.2028772436475788,sad,subject_02,subject_02_sad_session_01
21.092,0.20649114460260704,sad,subject_02,subject_02_sad_session_01
21.096,0.20267799195629366,sad,subject_02,subject_02_sad_session_01
21.1,0.19453137394653214,sad,subject_02,subject_02_sad_session_01
21.104,0.1873917908159017,sad,subject_02,subject_02_sad_session_01
21.108,0.18352917723155276,sad,subject_02,subject_02_sad_session_01
21.112,0.2288385523277121,sad,subject_02,subject_02_sad_session_01
21.116,0.24924984519462864,sad,subject_02,subject_02_sad_session_01
21.12,0.17940900162447587,sad,subject_02,subject_02_sad_session_01
21.124,0.2149826291408225,sad,subject_02,subject_02_sad_session_01
21.128,0.23988962502883537,sad,subject_02,subject_02_sad_session_01
21.132,0.20950324132136583,sad,subject_02,subject_02_sad_session_01
21.136,0.2351349266621245,sad,subject_02,subject_02_sad_session_01
21.14,0.2440440232601203,sad,subject_02,subject_02_sad_session_01
21.144,0.2211326121488832,sad,subject_02,subject_02_sad_session_01
21.148,0.19162262711882172,sad,subject_02,subject_02_sad_session_01
21.152,0.24274247022480155,sad,subject_02,subject_02_sad_session_01
21.156,0.19169265507195582,sad,subject_02,subject_02_sad_session_01
21.16,0.18777231079724208,sad,subject_02,subject_02_sad_session_01
21.164,0.20700069500685583,sad,subject_02,subject_02_sad_session_01
21.168,0.177977225593113,sad,subject_02,subject_02_sad_session_01
21.172,0.17551341415646718,sad,subject_02,subject_02_sad_session_01
21.176,0.16599184103989648,sad,subject_02,subject_02_sad_session_01
21.18,0.16656205103893632,sad,subject_02,subject_02_sad_session_01
21.184,0.17250286009831578,sad,subject_02,subject_02_sad_session_01
21.188,0.10189133361016918,sad,subject_02,subject_02_sad_session_01
21.192,0.15251117332919417,sad,subject_02,subject_02_sad_session_01
21.196,0.09680641856600555,sad,subject_02,subject_02_sad_session_01
21.2,0.13182406495838292,sad,subject_02,subject_02_sad_session_01
21.204,0.1484219767034278,sad,subject_02,subject_02_sad_session_01
21.208,0.12272920926697643,sad,subject_02,subject_02_sad_session_01
21.212,0.14796105591364406,sad,subject_02,subject_02_sad_session_01
21.216,0.1316898137943401,sad,subject_02,subject_02_sad_session_01
21.22,0.051059934844794236,sad,subject_02,subject_02_sad_session_01
21.224,0.14627485329286022,sad,subject_02,subject_02_sad_session_01
21.228,0.11255378566705584,sad,subject_02,subject_02_sad_session_01
21.232,0.08286182560410774,sad,subject_02,subject_02_sad_session_01
21.236,0.08088367386279141,sad,subject_02,subject_02_sad_session_01
21.24,0.027652928481252684,sad,subject_02,subject_02_sad_session_01
21.244,0.09212766236245225,sad,subject_02,subject_02_sad_session_01
21.248,0.10072543495917163,sad,subject_02,subject_02_sad_session_01
21.252,0.05658510034090664,sad,subject_02,subject_02_sad_session_01
21.256,0.0458375371353653,sad,subject_02,subject_02_sad_session_01
21.26,0.07341019152329482,sad,subject_02,subject_02_sad_session_01
21.264,0.10145035638876712,sad,subject_02,subject_02_sad_session_01
21.268,0.09495816932124106,sad,subject_02,subject_02_sad_session_01
21.272,0.08392947240153505,sad,subject_02,subject_02_sad_session_01
21.276,0.11669519664766284,sad,subject_02,subject_02_sad_session_01
21.28,0.08104780453399896,sad,subject_02,subject_02_sad_session_01
21.284,0.08543476367388632,sad,subject_02,subject_02_sad_session_01
21.288,0.05094923200102409,sad,subject_02,subject_02_sad_session_01
21.292,0.035715640022621675,sad,subject_02,subject_02_sad_session_01
21.296,0.07810567175369286,sad,subject_02,subject_02_sad_session_01
21.3,0.012744889311205983,sad,subject_02,subject_02_sad_session_01
21.304,0.05315364858570415,sad,subject_02,subject_02_sad_session_01
21.308,0.02061065103713215,sad,subject_02,subject_02_sad_session_01
21.312,0.04756991437984863,sad,subject_02,subject_02_sad_session_01
21.316,0.04410031769815172,sad,subject_02,subject_02_sad_session_01
21.32,0.03974179663098352,sad,subject_02,subject_02_sad_session_01
21.324,0.03321979226897754,sad,subject_02,subject_02_sad_session_01
21.328,0.04872762692838427,sad,subject_02,subject_02_sad_session_01
21.332,0.05262932891488624,sad,subject_02,subject_02_sad_session_01
21.336,-0.010942468217227,sad,subject_02,subject_02_sad_session_01
21.34,0.028921087868466686,sad,subject_02,subject_02_sad_session_01
21.344,0.017068347086719844,sad,subject_02,subject_02_sad_session_01
21.348,0.03482810004648987,sad,subject_02,subject_02_sad_session_01
21.352,0.015972276399041484,sad,subject_02,subject_02_sad_session_01
21.356,0.06621318829979445,sad,subject_02,subject_02_sad_session_01
21.36,0.025463914748281635,sad,subject_02,subject_02_sad_session_01
21.364,0.05670192185898869,sad,subject_02,subject_02_sad_session_01
21.368,-0.0018283174269663714,sad,subject_02,subject_02_sad_session_01
21.372,0.017979311826637572,sad,subject_02,subject_02_sad_session_01
21.376,0.0076542529881510925,sad,subject_02,subject_02_sad_session_01
21.38,0.037625730272764786,sad,subject_02,subject_02_sad_session_01
21.384,-0.00999133407838335,sad,subject_02,subject_02_sad_session_01
21.388,-0.02594425607786551,sad,subject_02,subject_02_sad_session_01
21.392,0.006332571045551551,sad,subject_02,subject_02_sad_session_01
21.396,0.04172875305325313,sad,subject_02,subject_02_sad_session_01
21.4,0.0004111788854544787,sad,subject_02,subject_02_sad_session_01
21.404,0.03248992468402935,sad,subject_02,subject_02_sad_session_01
21.408,0.004931614902132581,sad,subject_02,subject_02_sad_session_01
21.412,-0.02839726263694359,sad,subject_02,subject_02_sad_session_01
21.416,0.04958976296644609,sad,subject_02,subject_02_sad_session_01
21.42,0.04336155708571497,sad,subject_02,subject_02_sad_session_01
21.424,0.022539859733186077,sad,subject_02,subject_02_sad_session_01
21.428,0.024879581023548772,sad,subject_02,subject_02_sad_session_01
21.432,0.01722839042527577,sad,subject_02,subject_02_sad_session_01
21.436,-0.0076587592716215805,sad,subject_02,subject_02_sad_session_01
21.44,0.0623652966761685,sad,subject_02,subject_02_sad_session_01
21.444,0.020035426695853335,sad,subject_02,subject_02_sad_session_01
21.448,0.033773436937753386,sad,subject_02,subject_02_sad_session_01
21.452,0.007831752520069705,sad,subject_02,subject_02_sad_session_01
21.456,0.03595670651747385,sad,subject_02,subject_02_sad_session_01
21.46,0.05690149268904425,sad,subject_02,subject_02_sad_session_01
21.464,0.02742421508817325,sad,subject_02,subject_02_sad_session_01
21.468,0.033124610173125416,sad,subject_02,subject_02_sad_session_01
21.472,0.04853440542232663,sad,subject_02,subject_02_sad_session_01
21.476,0.043307302547324365,sad,subject_02,subject_02_sad_session_01
21.48,0.05331177440842086,sad,subject_02,subject_02_sad_session_01
21.484,0.031524689551904406,sad,subject_02,subject_02_sad_session_01
21.488,0.031433496500055697,sad,subject_02,subject_02_sad_session_01
21.492,0.028948167606166936,sad,subject_02,subject_02_sad_session_01
21.496,0.04767667034504729,sad,subject_02,subject_02_sad_session_01
21.5,0.008778764368448074,sad,subject_02,subject_02_sad_session_01
21.504,0.037683233494361965,sad,subject_02,subject_02_sad_session_01
21.508,0.09077324731225547,sad,subject_02,subject_02_sad_session_01
21.512,0.03276167469634243,sad,subject_02,subject_02_sad_session_01
21.516,-0.013705727293174222,sad,subject_02,subject_02_sad_session_01
21.52,0.013808801511808903,sad,subject_02,subject_02_sad_session_01
21.524,0.04154805816646502,sad,subject_02,subject_02_sad_session_01
21.528,0.0033436222897760375,sad,subject_02,subject_02_sad_session_01
21.532,-0.005190228430064368,sad,subject_02,subject_02_sad_session_01
21.536,-0.016374113074327314,sad,subject_02,subject_02_sad_session_01
21.54,0.019809513819023072,sad,subject_02,subject_02_sad_session_01
21.544,0.07568667494259385,sad,subject_02,subject_02_sad_session_01
21.548,0.012926220079913803,sad,subject_02,subject_02_sad_session_01
21.552,0.056938238218140425,sad,subject_02,subject_02_sad_session_01
21.556,0.02439169217561589,sad,subject_02,subject_02_sad_session_01
21.56,0.023564207152520944,sad,subject_02,subject_02_sad_session_01
21.564,0.05344623281277071,sad,subject_02,subject_02_sad_session_01
21.568,-0.0049710174548814184,sad,subject_02,subject_02_sad_session_01
21.572,0.0945745558263919,sad,subject_02,subject_02_sad_session_01
21.576,0.06441350032132313,sad,subject_02,subject_02_sad_session_01
21.58,0.08397014983346637,sad,subject_02,subject_02_sad_session_01
21.584,0.04913411327683581,sad,subject_02,subject_02_sad_session_01
21.588,0.07647853151381744,sad,subject_02,subject_02_sad_session_01
21.592,0.09451437461949475,sad,subject_02,subject_02_sad_session_01
21.596,0.06892086768428735,sad,subject_02,subject_02_sad_session_01
21.6,0.050657602969849995,sad,subject_02,subject_02_sad_session_01
21.604,0.05379252603673783,sad,subject_02,subject_02_sad_session_01
21.608,0.07456869070488284,sad,subject_02,subject_02_sad_session_01
21.612,0.09907146379657147,sad,subject_02,subject_02_sad_session_01
21.616,0.09213183987253572,sad,subject_02,subject_02_sad_session_01
21.62,0.08673850339166676,sad,subject_02,subject_02_sad_session_01
21.624,0.12572175451987416,sad,subject_02,subject_02_sad_session_01
21.628,0.09497707107134304,sad,subject_02,subject_02_sad_session_01
21.632,0.09369771580923114,sad,subject_02,subject_02_sad_session_01
21.636,0.14194553433919435,sad,subject_02,subject_02_sad_session_01
21.64,0.1316879715707291,sad,subject_02,subject_02_sad_session_01
21.644,0.07905947536490207,sad,subject_02,subject_02_sad_session_01
21.648,0.07573746795691705,sad,subject_02,subject_02_sad_session_01
21.652,0.08149606688892501,sad,subject_02,subject_02_sad_session_01
21.656,0.11210598142710265,sad,subject_02,subject_02_sad_session_01
21.66,0.14594203064705036,sad,subject_02,subject_02_sad_session_01
21.664,0.15089365325178727,sad,subject_02,subject_02_sad_session_01
21.668,0.12625722705042966,sad,subject_02,subject_02_sad_session_01
21.672,0.15686449676749048,sad,subject_02,subject_02_sad_session_01
21.676,0.10081525494890302,sad,subject_02,subject_02_sad_session_01
21.68,0.12297251217852836,sad,subject_02,subject_02_sad_session_01
21.684,0.0672436950190708,sad,subject_02,subject_02_sad_session_01
21.688,0.0322138742697872,sad,subject_02,subject_02_sad_session_01
21.692,0.06408626249539788,sad,subject_02,subject_02_sad_session_01
21.696,0.06405891104946704,sad,subject_02,subject_02_sad_session_01
21.7,0.1399240600387454,sad,subject_02,subject_02_sad_session_01
21.704,0.05709672267912411,sad,subject_02,subject_02_sad_session_01
21.708,0.021532537570398063,sad,subject_02,subject_02_sad_session_01
21.712,0.07623602102971948,sad,subject_02,subject_02_sad_session_01
21.716,0.02004716337237606,sad,subject_02,subject_02_sad_session_01
21.72,0.04301214211417518,sad,subject_02,subject_02_sad_session_01
21.724,0.06124274534071922,sad,subject_02,subject_02_sad_session_01
21.728,0.00354485589392849,sad,subject_02,subject_02_sad_session_01
21.732,0.07393545079242193,sad,subject_02,subject_02_sad_session_01
21.736,0.059470417968879925,sad,subject_02,subject_02_sad_session_01
21.74,0.033840051408501624,sad,subject_02,subject_02_sad_session_01
21.744,0.07366742661635167,sad,subject_02,subject_02_sad_session_01
21.748,0.007801319308986629,sad,subject_02,subject_02_sad_session_01
21.752,0.04149677121410224,sad,subject_02,subject_02_sad_session_01
21.756,0.02466420047249891,sad,subject_02,subject_02_sad_session_01
21.76,-0.004010639635672372,sad,subject_02,subject_02_sad_session_01
21.764,-0.004120040256657033,sad,subject_02,subject_02_sad_session_01
21.768,0.07414472464993957,sad,subject_02,subject_02_sad_session_01
21.772,0.04409673173995858,sad,subject_02,subject_02_sad_session_01
21.776,0.03789920877212298,sad,subject_02,subject_02_sad_session_01
21.78,-0.009241419887952554,sad,subject_02,subject_02_sad_session_01
21.784,0.027903593532789005,sad,subject_02,subject_02_sad_session_01
21.788,-0.008921398278135342,sad,subject_02,subject_02_sad_session_01
21.792,0.046820153604559406,sad,subject_02,subject_02_sad_session_01
21.796,0.025683219372373927,sad,subject_02,subject_02_sad_session_01
21.8,0.013413822321934032,sad,subject_02,subject_02_sad_session_01
21.804,0.015692445182876408,sad,subject_02,subject_02_sad_session_01
21.808,0.009460781727116504,sad,subject_02,subject_02_sad_session_01
21.812,0.06918826335412433,sad,subject_02,subject_02_sad_session_01
21.816,0.16768759063589833,sad,subject_02,subject_02_sad_session_01
21.82,0.2251769104597443,sad,subject_02,subject_02_sad_session_01
21.824,0.29264848784980746,sad,subject_02,subject_02_sad_session_01
21.828,0.47000341699089593,sad,subject_02,subject_02_sad_session_01
21.832,0.5232108439134824,sad,subject_02,subject_02_sad_session_01
21.836,0.6391322142890434,sad,subject_02,subject_02_sad_session_01
21.84,0.6966096622812635,sad,subject_02,subject_02_sad_session_01
21.844,0.669053233525787,sad,subject_02,subject_02_sad_session_01
21.848,0.749634546201695,sad,subject_02,subject_02_sad_session_01
21.852,0.7665546723880087,sad,subject_02,subject_02_sad_session_01
21.856,0.632126782411111,sad,subject_02,subject_02_sad_session_01
21.86,0.6052267187996775,sad,subject_02,subject_02_sad_session_01
21.864,0.38967832725160695,sad,subject_02,subject_02_sad_session_01
21.868,0.2758832014057772,sad,subject_02,subject_02_sad_session_01
21.872,0.15052000429586923,sad,subject_02,subject_02_sad_session_01
21.876,0.05949010335591216,sad,subject_02,subject_02_sad_session_01
21.88,-0.0011401287066021264,sad,subject_02,subject_02_sad_session_01
21.884,-0.009026384596303234,sad,subject_02,subject_02_sad_session_01
21.888,-0.09651444786644948,sad,subject_02,subject_02_sad_session_01
21.892,-0.06908745251866917,sad,subject_02,subject_02_sad_session_01
21.896,-0.037340551369115405,sad,subject_02,subject_02_sad_session_01
21.9,0.0007308728602667403,sad,subject_02,subject_02_sad_session_01
21.904,-0.08469612384633882,sad,subject_02,subject_02_sad_session_01
21.908,-0.0473489836813348,sad,subject_02,subject_02_sad_session_01
21.912,0.0065019066278728735,sad,subject_02,subject_02_sad_session_01
21.916,0.04614661870835721,sad,subject_02,subject_02_sad_session_01
21.92,0.0030102358688320185,sad,subject_02,subject_02_sad_session_01
21.924,0.0409018611276627,sad,subject_02,subject_02_sad_session_01
21.928,0.08283946570638603,sad,subject_02,subject_02_sad_session_01
21.932,0.02621163496989393,sad,subject_02,subject_02_sad_session_01
21.936,0.021436156524816334,sad,subject_02,subject_02_sad_session_01
21.94,0.04492448691139625,sad,subject_02,subject_02_sad_session_01
21.944,0.038823083047401195,sad,subject_02,subject_02_sad_session_01
21.948,0.04392405345029418,sad,subject_02,subject_02_sad_session_01
21.952,0.033886728018984014,sad,subject_02,subject_02_sad_session_01
21.956,0.03485120613066889,sad,subject_02,subject_02_sad_session_01
21.96,0.01589374587102578,sad,subject_02,subject_02_sad_session_01
21.964,0.06809528761127602,sad,subject_02,subject_02_sad_session_01
21.968,0.022380752234467206,sad,subject_02,subject_02_sad_session_01
21.972,0.03313917334504106,sad,subject_02,subject_02_sad_session_01
21.976,0.025995071445890625,sad,subject_02,subject_02_sad_session_01
21.98,0.05661395156243269,sad,subject_02,subject_02_sad_session_01
21.984,0.07182466109690687,sad,subject_02,subject_02_sad_session_01
21.988,0.04287284874505855,sad,subject_02,subject_02_sad_session_01
21.992,0.07284646707352918,sad,subject_02,subject_02_sad_session_01
21.996,0.09079922409373076,sad,subject_02,subject_02_sad_session_01
22.0,0.044099763398099505,sad,subject_02,subject_02_sad_session_01
22.004,0.07372857951737871,sad,subject_02,subject_02_sad_session_01
22.008,0.15606232778340037,sad,subject_02,subject_02_sad_session_01
22.012,0.08612884578052507,sad,subject_02,subject_02_sad_session_01
22.016,0.13413338908697583,sad,subject_02,subject_02_sad_session_01
22.02,0.10314874451132483,sad,subject_02,subject_02_sad_session_01
22.024,0.12984159502804024,sad,subject_02,subject_02_sad_session_01
22.028,0.10532483281597549,sad,subject_02,subject_02_sad_session_01
22.032,0.07750677133776684,sad,subject_02,subject_02_sad_session_01
22.036,0.1265231653334966,sad,subject_02,subject_02_sad_session_01
22.04,0.15804696707629826,sad,subject_02,subject_02_sad_session_01
22.044,0.16999305656864633,sad,subject_02,subject_02_sad_session_01
22.048,0.1585698791497145,sad,subject_02,subject_02_sad_session_01
22.052,0.13534141055649068,sad,subject_02,subject_02_sad_session_01
22.056,0.19037463059354753,sad,subject_02,subject_02_sad_session_01
22.06,0.14490232097227534,sad,subject_02,subject_02_sad_session_01
22.064,0.15019706725989165,sad,subject_02,subject_02_sad_session_01
22.068,0.1437060633797507,sad,subject_02,subject_02_sad_session_01
22.072,0.16313002108803107,sad,subject_02,subject_02_sad_session_01
22.076,0.16925486576371634,sad,subject_02,subject_02_sad_session_01
22.08,0.18879762782415618,sad,subject_02,subject_02_sad_session_01
22.084,0.14084644421063375,sad,subject_02,subject_02_sad_session_01
22.088,0.16860545617481432,sad,subject_02,subject_02_sad_session_01
22.092,0.15892040304735627,sad,subject_02,subject_02_sad_session_01
22.096,0.19582021337343236,sad,subject_02,subject_02_sad_session_01
22.1,0.19165623169093948,sad,subject_02,subject_02_sad_session_01
22.104,0.15081541862410094,sad,subject_02,subject_02_sad_session_01
22.108,0.19512665849151362,sad,subject_02,subject_02_sad_session_01
22.112,0.17699492412595488,sad,subject_02,subject_02_sad_session_01
22.116,0.20012628847160024,sad,subject_02,subject_02_sad_session_01
22.12,0.1542865728485377,sad,subject_02,subject_02_sad_session_01
22.124,0.18831592225419555,sad,subject_02,subject_02_sad_session_01
22.128,0.1930973156430193,sad,subject_02,subject_02_sad_session_01
22.132,0.16539715953640383,sad,subject_02,subject_02_sad_session_01
22.136,0.22210862269128062,sad,subject_02,subject_02_sad_session_01
22.14,0.16945128809304774,sad,subject_02,subject_02_sad_session_01
22.144,0.20284351607136095,sad,subject_02,subject_02_sad_session_01
22.148,0.22061654718736606,sad,subject_02,subject_02_sad_session_01
22.152,0.08955666489075095,sad,subject_02,subject_02_sad_session_01
22.156,0.16888805001382662,sad,subject_02,subject_02_sad_session_01
22.16,0.14426864524579683,sad,subject_02,subject_02_sad_session_01
22.164,0.13039778768414426,sad,subject_02,subject_02_sad_session_01
22.168,0.09749619098790212,sad,subject_02,subject_02_sad_session_01
22.172,0.08474945935833192,sad,subject_02,subject_02_sad_session_01
22.176,0.07403182497530827,sad,subject_02,subject_02_sad_session_01
22.18,0.16646195582072826,sad,subject_02,subject_02_sad_session_01
22.184,0.10854900391139738,sad,subject_02,subject_02_sad_session_01
22.188,0.047370251034091884,sad,subject_02,subject_02_sad_session_01
22.192,0.05086304837020148,sad,subject_02,subject_02_sad_session_01
22.196,0.01608409270706833,sad,subject_02,subject_02_sad_session_01
22.2,0.10708619542864033,sad,subject_02,subject_02_sad_session_01
22.204,0.06736856150046064,sad,subject_02,subject_02_sad_session_01
22.208,0.07609587952422603,sad,subject_02,subject_02_sad_session_01
22.212,0.05587291051601699,sad,subject_02,subject_02_sad_session_01
22.216,0.07939412905987,sad,subject_02,subject_02_sad_session_01
22.22,0.034404998944439255,sad,subject_02,subject_02_sad_session_01
22.224,0.05072206216573181,sad,subject_02,subject_02_sad_session_01
22.228,0.04583203616806569,sad,subject_02,subject_02_sad_session_01
22.232,-0.0012393892097171746,sad,subject_02,subject_02_sad_session_01
22.236,0.008046525659716572,sad,subject_02,subject_02_sad_session_01
22.24,0.01702810055740075,sad,subject_02,subject_02_sad_session_01
22.244,0.03233079646174088,sad,subject_02,subject_02_sad_session_01
22.248,0.06114468831228173,sad,subject_02,subject_02_sad_session_01
22.252,0.01995693639041464,sad,subject_02,subject_02_sad_session_01
22.256,0.011042896120425687,sad,subject_02,subject_02_sad_session_01
22.26,0.020353951649402506,sad,subject_02,subject_02_sad_session_01
22.264,0.003907190852471534,sad,subject_02,subject_02_sad_session_01
22.268,0.005679314275197385,sad,subject_02,subject_02_sad_session_01
22.272,0.04974784504497565,sad,subject_02,subject_02_sad_session_01
22.276,-0.004350520936398804,sad,subject_02,subject_02_sad_session_01
22.28,0.008422618311177923,sad,subject_02,subject_02_sad_session_01
22.284,-0.020417925532377142,sad,subject_02,subject_02_sad_session_01
22.288,0.03525707190040608,sad,subject_02,subject_02_sad_session_01
22.292,-0.03128313485177405,sad,subject_02,subject_02_sad_session_01
22.296,-0.007353571974059564,sad,subject_02,subject_02_sad_session_01
22.3,0.023130991242619692,sad,subject_02,subject_02_sad_session_01
22.304,-0.033369902625535706,sad,subject_02,subject_02_sad_session_01
22.308,0.01769236063428356,sad,subject_02,subject_02_sad_session_01
22.312,-0.070685322990415,sad,subject_02,subject_02_sad_session_01
22.316,-0.04276193149884923,sad,subject_02,subject_02_sad_session_01
22.32,-0.013549784974484844,sad,subject_02,subject_02_sad_session_01
22.324,0.060909155902060065,sad,subject_02,subject_02_sad_session_01
22.328,-0.007613681678033905,sad,subject_02,subject_02_sad_session_01
22.332,-0.007519827580346,sad,subject_02,subject_02_sad_session_01
22.336,0.021410932551241796,sad,subject_02,subject_02_sad_session_01
22.34,-0.046066917987453986,sad,subject_02,subject_02_sad_session_01
22.344,-0.10489370892056579,sad,subject_02,subject_02_sad_session_01
22.348,0.037737592367810116,sad,subject_02,subject_02_sad_session_01
22.352,0.003507857395217938,sad,subject_02,subject_02_sad_session_01
22.356,-0.028317470291055295,sad,subject_02,subject_02_sad_session_01
22.36,-0.013542340189909534,sad,subject_02,subject_02_sad_session_01
22.364,0.01601786222582039,sad,subject_02,subject_02_sad_session_01
22.368,-0.019689093049485646,sad,subject_02,subject_02_sad_session_01
22.372,-0.011713448766928019,sad,subject_02,subject_02_sad_session_01
22.376,0.044765154612239996,sad,subject_02,subject_02_sad_session_01
22.38,-0.05382417376599595,sad,subject_02,subject_02_sad_session_01
22.384,-0.0012132095258202968,sad,subject_02,subject_02_sad_session_01
22.388,-0.053592715323507345,sad,subject_02,subject_02_sad_session_01
22.392,0.029769813340056458,sad,subject_02,subject_02_sad_session_01
22.396,-0.008520943356483466,sad,subject_02,subject_02_sad_session_01
22.4,-0.03810016715071607,sad,subject_02,subject_02_sad_session_01
22.404,-0.06268831014324755,sad,subject_02,subject_02_sad_session_01
22.408,-0.028347935612510672,sad,subject_02,subject_02_sad_session_01
22.412,-0.012439991196583355,sad,subject_02,subject_02_sad_session_01
22.416,0.01658127531934638,sad,subject_02,subject_02_sad_session_01
22.42,-0.05113924781053117,sad,subject_02,subject_02_sad_session_01
22.424,-0.043225357823882274,sad,subject_02,subject_02_sad_session_01
22.428,-0.03355029579620736,sad,subject_02,subject_02_sad_session_01
22.432,-0.04204356914433224,sad,subject_02,subject_02_sad_session_01
22.436,-0.03436959546957104,sad,subject_02,subject_02_sad_session_01
22.44,-0.047428701398312095,sad,subject_02,subject_02_sad_session_01
22.444,-0.006694604140186227,sad,subject_02,subject_02_sad_session_01
22.448,-0.03382571612722136,sad,subject_02,subject_02_sad_session_01
22.452,-0.01913396901567303,sad,subject_02,subject_02_sad_session_01
22.456,-0.01043938163218981,sad,subject_02,subject_02_sad_session_01
22.46,-0.06104786115629022,sad,subject_02,subject_02_sad_session_01
22.464,-0.001937325741193107,sad,subject_02,subject_02_sad_session_01
22.468,-0.01352158209190276,sad,subject_02,subject_02_sad_session_01
22.472,-0.013522635033829312,sad,subject_02,subject_02_sad_session_01
22.476,-0.023834310084731143,sad,subject_02,subject_02_sad_session_01
22.48,-0.027877846214048076,sad,subject_02,subject_02_sad_session_01
22.484,-0.018078807132552083,sad,subject_02,subject_02_sad_session_01
22.488,-0.01665958285550011,sad,subject_02,subject_02_sad_session_01
22.492,-0.05469471320745828,sad,subject_02,subject_02_sad_session_01
22.496,0.02830626571170003,sad,subject_02,subject_02_sad_session_01
22.5,-0.03937527446442797,sad,subject_02,subject_02_sad_session_01
22.504,-0.015916875160604315,sad,subject_02,subject_02_sad_session_01
22.508,0.017779040922082223,sad,subject_02,subject_02_sad_session_01
22.512,-0.026508534085673906,sad,subject_02,subject_02_sad_session_01
22.516,-0.008017793371880577,sad,subject_02,subject_02_sad_session_01
22.52,-0.0795034998485947,sad,subject_02,subject_02_sad_session_01
22.524,-0.0716014441908819,sad,subject_02,subject_02_sad_session_01
22.528,-0.01101205413102375,sad,subject_02,subject_02_sad_session_01
22.532,-0.002351063508128439,sad,subject_02,subject_02_sad_session_01
22.536,0.027684592506144676,sad,subject_02,subject_02_sad_session_01
22.54,0.02141297809323396,sad,subject_02,subject_02_sad_session_01
22.544,-0.04715504476295251,sad,subject_02,subject_02_sad_session_01
22.548,0.04223500434247928,sad,subject_02,subject_02_sad_session_01
22.552,-0.02760373221797203,sad,subject_02,subject_02_sad_session_01
22.556,0.038251711838392696,sad,subject_02,subject_02_sad_session_01
22.56,0.0033734622257822443,sad,subject_02,subject_02_sad_session_01
22.564,0.10321801240020623,sad,subject_02,subject_02_sad_session_01
22.568,0.009065325710620731,sad,subject_02,subject_02_sad_session_01
22.572,0.029737599520177647,sad,subject_02,subject_02_sad_session_01
22.576,0.04196935151816654,sad,subject_02,subject_02_sad_session_01
22.58,0.03520439687143098,sad,subject_02,subject_02_sad_session_01
22.584,0.01773360563005982,sad,subject_02,subject_02_sad_session_01
22.588,0.11875593599428705,sad,subject_02,subject_02_sad_session_01
22.592,0.039016224800332414,sad,subject_02,subject_02_sad_session_01
22.596,0.04226778345023459,sad,subject_02,subject_02_sad_session_01
22.6,0.0622378280701547,sad,subject_02,subject_02_sad_session_01
22.604,0.07461961441196793,sad,subject_02,subject_02_sad_session_01
22.608,0.050947920152737206,sad,subject_02,subject_02_sad_session_01
22.612,0.10207605096963963,sad,subject_02,subject_02_sad_session_01
22.616,0.07928851886843777,sad,subject_02,subject_02_sad_session_01
22.62,0.0757711747204816,sad,subject_02,subject_02_sad_session_01
22.624,0.09158570284233593,sad,subject_02,subject_02_sad_session_01
22.628,0.04827732150140196,sad,subject_02,subject_02_sad_session_01
22.632,0.05431844498689546,sad,subject_02,subject_02_sad_session_01
22.636,0.06862493693621317,sad,subject_02,subject_02_sad_session_01
22.64,0.09394054534046525,sad,subject_02,subject_02_sad_session_01
22.644,0.054893273991799656,sad,subject_02,subject_02_sad_session_01
22.648,0.048355399592023424,sad,subject_02,subject_02_sad_session_01
22.652,-0.010143384349805683,sad,subject_02,subject_02_sad_session_01
22.656,0.02722032362862273,sad,subject_02,subject_02_sad_session_01
22.66,-0.006800533969127567,sad,subject_02,subject_02_sad_session_01
22.664,-0.004769851049969895,sad,subject_02,subject_02_sad_session_01
22.668,0.04276519315465272,sad,subject_02,subject_02_sad_session_01
22.672,0.1259199424325775,sad,subject_02,subject_02_sad_session_01
22.676,0.02686403949089433,sad,subject_02,subject_02_sad_session_01
22.68,0.025889262641689517,sad,subject_02,subject_02_sad_session_01
22.684,-0.011796853322533265,sad,subject_02,subject_02_sad_session_01
22.688,-0.025036060706266447,sad,subject_02,subject_02_sad_session_01
22.692,0.06381620917284477,sad,subject_02,subject_02_sad_session_01
22.696,-0.025973419820861387,sad,subject_02,subject_02_sad_session_01
22.7,-0.06540208245761489,sad,subject_02,subject_02_sad_session_01
22.704,-0.00127944594038431,sad,subject_02,subject_02_sad_session_01
22.708,-0.02443279440132978,sad,subject_02,subject_02_sad_session_01
22.712,0.0037763649636917297,sad,subject_02,subject_02_sad_session_01
22.716,0.030686490160452974,sad,subject_02,subject_02_sad_session_01
22.72,-0.007220357779323906,sad,subject_02,subject_02_sad_session_01
22.724,-0.013160145603728511,sad,subject_02,subject_02_sad_session_01
22.728,-0.0016114725801164263,sad,subject_02,subject_02_sad_session_01
22.732,0.058527308790193064,sad,subject_02,subject_02_sad_session_01
22.736,0.04471727925189359,sad,subject_02,subject_02_sad_session_01
22.74,-0.033988212823760314,sad,subject_02,subject_02_sad_session_01
22.744,0.003201716729202962,sad,subject_02,subject_02_sad_session_01
22.748,0.02746572682270496,sad,subject_02,subject_02_sad_session_01
22.752,-0.0064386060284595675,sad,subject_02,subject_02_sad_session_01
22.756,-0.031099228893872375,sad,subject_02,subject_02_sad_session_01
22.76,-0.047242210724740503,sad,subject_02,subject_02_sad_session_01
22.764,-0.03432803552789995,sad,subject_02,subject_02_sad_session_01
22.768,-0.07793619092504799,sad,subject_02,subject_02_sad_session_01
22.772,-0.0228983163462256,sad,subject_02,subject_02_sad_session_01
22.776,-0.009460668435876313,sad,subject_02,subject_02_sad_session_01
22.78,-0.053769559447459786,sad,subject_02,subject_02_sad_session_01
22.784,-0.02849229728328502,sad,subject_02,subject_02_sad_session_01
22.788,0.0030140647275475607,sad,subject_02,subject_02_sad_session_01
22.792,0.12280421839542038,sad,subject_02,subject_02_sad_session_01
22.796,0.20410571308934555,sad,subject_02,subject_02_sad_session_01
22.8,0.2713062553278893,sad,subject_02,subject_02_sad_session_01
22.804,0.5169027311940941,sad,subject_02,subject_02_sad_session_01
22.808,0.48429770658295895,sad,subject_02,subject_02_sad_session_01
22.812,0.5845078990590763,sad,subject_02,subject_02_sad_session_01
22.816,0.7174759845684289,sad,subject_02,subject_02_sad_session_01
22.82,0.7343546161621619,sad,subject_02,subject_02_sad_session_01
22.824,0.6784351560288224,sad,subject_02,subject_02_sad_session_01
22.828,0.6224194085547647,sad,subject_02,subject_02_sad_session_01
22.832,0.5716991594602864,sad,subject_02,subject_02_sad_session_01
22.836,0.4572789044073499,sad,subject_02,subject_02_sad_session_01
22.84,0.30067006078776093,sad,subject_02,subject_02_sad_session_01
22.844,0.22826507137866348,sad,subject_02,subject_02_sad_session_01
22.848,0.10502132885123253,sad,subject_02,subject_02_sad_session_01
22.852,0.03934266873750254,sad,subject_02,subject_02_sad_session_01
22.856,-0.06379325599734134,sad,subject_02,subject_02_sad_session_01
22.86,-0.07208630420197476,sad,subject_02,subject_02_sad_session_01
22.864,-0.11377098887495866,sad,subject_02,subject_02_sad_session_01
22.868,-0.0843570400302736,sad,subject_02,subject_02_sad_session_01
22.872,-0.07416021615285125,sad,subject_02,subject_02_sad_session_01
22.876,-0.040869678884529484,sad,subject_02,subject_02_sad_session_01
22.88,-0.033613629600453186,sad,subject_02,subject_02_sad_session_01
22.884,-0.09228564412987232,sad,subject_02,subject_02_sad_session_01
22.888,-0.044668057378018156,sad,subject_02,subject_02_sad_session_01
22.892,-0.0167598660238363,sad,subject_02,subject_02_sad_session_01
22.896,-0.0007676744318163148,sad,subject_02,subject_02_sad_session_01
22.9,0.013268253721454966,sad,subject_02,subject_02_sad_session_01
22.904,0.007694387824051369,sad,subject_02,subject_02_sad_session_01
22.908,-0.02737414230290228,sad,subject_02,subject_02_sad_session_01
22.912,0.023873555481407793,sad,subject_02,subject_02_sad_session_01
22.916,-0.025246381620197513,sad,subject_02,subject_02_sad_session_01
22.92,0.03979415160277987,sad,subject_02,subject_02_sad_session_01
22.924,0.04486338299221879,sad,subject_02,subject_02_sad_session_01
22.928,0.007933883314693062,sad,subject_02,subject_02_sad_session_01
22.932,-0.007722499264848286,sad,subject_02,subject_02_sad_session_01
22.936,-0.00547154239844749,sad,subject_02,subject_02_sad_session_01
22.94,-0.01350896689455994,sad,subject_02,subject_02_sad_session_01
22.944,-0.004259599092458398,sad,subject_02,subject_02_sad_session_01
22.948,0.022316559549953527,sad,subject_02,subject_02_sad_session_01
22.952,0.015455571888221331,sad,subject_02,subject_02_sad_session_01
22.956,-0.011362145595799074,sad,subject_02,subject_02_sad_session_01
22.96,0.027303312541485016,sad,subject_02,subject_02_sad_session_01
22.964,0.04963873349304646,sad,subject_02,subject_02_sad_session_01
22.968,0.04187200810201968,sad,subject_02,subject_02_sad_session_01
22.972,0.030526276720695654,sad,subject_02,subject_02_sad_session_01
22.976,-0.00891721711655144,sad,subject_02,subject_02_sad_session_01
22.98,0.1027216783131522,sad,subject_02,subject_02_sad_session_01
22.984,0.07278261828645326,sad,subject_02,subject_02_sad_session_01
22.988,0.08925229492969593,sad,subject_02,subject_02_sad_session_01
22.992,0.09073730275241776,sad,subject_02,subject_02_sad_session_01
22.996,0.10590822855121754,sad,subject_02,subject_02_sad_session_01
23.0,0.10384283537575521,sad,subject_02,subject_02_sad_session_01
23.004,0.10515480517080457,sad,subject_02,subject_02_sad_session_01
23.008,0.13056825663965085,sad,subject_02,subject_02_sad_session_01
23.012,0.14234834430838966,sad,subject_02,subject_02_sad_session_01
23.016,0.15969066406493454,sad,subject_02,subject_02_sad_session_01
23.02,0.0982193575678687,sad,subject_02,subject_02_sad_session_01
23.024,0.13541796436910636,sad,subject_02,subject_02_sad_session_01
23.028,0.08427399838215258,sad,subject_02,subject_02_sad_session_01
23.032,0.12220538500494216,sad,subject_02,subject_02_sad_session_01
23.036,0.13463372832248405,sad,subject_02,subject_02_sad_session_01
23.04,0.16632203057161482,sad,subject_02,subject_02_sad_session_01
23.044,0.14374373073796803,sad,subject_02,subject_02_sad_session_01
23.048,0.17025295425533907,sad,subject_02,subject_02_sad_session_01
23.052,0.14209525914756718,sad,subject_02,subject_02_sad_session_01
23.056,0.13706751327670283,sad,subject_02,subject_02_sad_session_01
23.06,0.13184129747286308,sad,subject_02,subject_02_sad_session_01
23.064,0.17768022623124957,sad,subject_02,subject_02_sad_session_01
23.068,0.14619734444017135,sad,subject_02,subject_02_sad_session_01
23.072,0.0848786872288018,sad,subject_02,subject_02_sad_session_01
23.076,0.17640283195008566,sad,subject_02,subject_02_sad_session_01
23.08,0.1286452274476763,sad,subject_02,subject_02_sad_session_01
23.084,0.16105353416632903,sad,subject_02,subject_02_sad_session_01
23.088,0.11967036183944929,sad,subject_02,subject_02_sad_session_01
23.092,0.15183581939978935,sad,subject_02,subject_02_sad_session_01
23.096,0.06271195237404183,sad,subject_02,subject_02_sad_session_01
23.1,0.14484327603463595,sad,subject_02,subject_02_sad_session_01
23.104,0.11624913974612193,sad,subject_02,subject_02_sad_session_01
23.108,0.10076730648704724,sad,subject_02,subject_02_sad_session_01
23.112,0.15769096160793114,sad,subject_02,subject_02_sad_session_01
23.116,0.12687048028398815,sad,subject_02,subject_02_sad_session_01
23.12,0.11850120614574569,sad,subject_02,subject_02_sad_session_01
23.124,0.09924843207639664,sad,subject_02,subject_02_sad_session_01
23.128,0.14275875044159375,sad,subject_02,subject_02_sad_session_01
23.132,0.09764673408328942,sad,subject_02,subject_02_sad_session_01
23.136,0.14994349352013758,sad,subject_02,subject_02_sad_session_01
23.14,0.13670835257270725,sad,subject_02,subject_02_sad_session_01
23.144,0.1370095789825031,sad,subject_02,subject_02_sad_session_01
23.148,0.11767044101915121,sad,subject_02,subject_02_sad_session_01
23.152,0.06480170190390622,sad,subject_02,subject_02_sad_session_01
23.156,0.07893180021844955,sad,subject_02,subject_02_sad_session_01
23.16,0.06567101629714991,sad,subject_02,subject_02_sad_session_01
23.164,0.0913744569680004,sad,subject_02,subject_02_sad_session_01
23.168,0.06046342196782345,sad,subject_02,subject_02_sad_session_01
23.172,0.04814311884333475,sad,subject_02,subject_02_sad_session_01
23.176,0.09996736876874028,sad,subject_02,subject_02_sad_session_01
23.18,0.03533450940941073,sad,subject_02,subject_02_sad_session_01
23.184,0.021514768553372622,sad,subject_02,subject_02_sad_session_01
23.188,0.0234535514432251,sad,subject_02,subject_02_sad_session_01
23.192,0.06309751457652574,sad,subject_02,subject_02_sad_session_01
23.196,0.032236062834314606,sad,subject_02,subject_02_sad_session_01
23.2,0.036198655068219336,sad,subject_02,subject_02_sad_session_01
23.204,0.025572905261789992,sad,subject_02,subject_02_sad_session_01
23.208,-0.05103729097532736,sad,subject_02,subject_02_sad_session_01
23.212,-0.020847943716387513,sad,subject_02,subject_02_sad_session_01
23.216,-0.00047009610213781354,sad,subject_02,subject_02_sad_session_01
23.22,0.014220130417583333,sad,subject_02,subject_02_sad_session_01
23.224,-0.027661528697907042,sad,subject_02,subject_02_sad_session_01
23.228,-0.03129569311993166,sad,subject_02,subject_02_sad_session_01
23.232,-0.012723813894018037,sad,subject_02,subject_02_sad_session_01
23.236,0.0341097352861383,sad,subject_02,subject_02_sad_session_01
23.24,-0.07240587294711774,sad,subject_02,subject_02_sad_session_01
23.244,-0.08933245615106153,sad,subject_02,subject_02_sad_session_01
23.248,0.04047553355420445,sad,subject_02,subject_02_sad_session_01
23.252,-0.05913646916766424,sad,subject_02,subject_02_sad_session_01
23.256,-0.02687462290476683,sad,subject_02,subject_02_sad_session_01
23.26,-0.06108630342496728,sad,subject_02,subject_02_sad_session_01
23.264,-0.026356406017729733,sad,subject_02,subject_02_sad_session_01
23.268,-0.022455150978661038,sad,subject_02,subject_02_sad_session_01
23.272,0.02897196244450093,sad,subject_02,subject_02_sad_session_01
23.276,0.0014024433220134296,sad,subject_02,subject_02_sad_session_01
23.28,-0.05948255063128283,sad,subject_02,subject_02_sad_session_01
23.284,-0.07890813929388021,sad,subject_02,subject_02_sad_session_01
23.288,-0.007275455797161642,sad,subject_02,subject_02_sad_session_01
23.292,-0.038374889902424256,sad,subject_02,subject_02_sad_session_01
23.296,-0.044930943501529486,sad,subject_02,subject_02_sad_session_01
23.3,0.011917289596192412,sad,subject_02,subject_02_sad_session_01
23.304,-0.07665084851302878,sad,subject_02,subject_02_sad_session_01
23.308,-0.03522696621571372,sad,subject_02,subject_02_sad_session_01
23.312,-0.00554802248398531,sad,subject_02,subject_02_sad_session_01
23.316,-0.060072792643049835,sad,subject_02,subject_02_sad_session_01
23.32,0.014124234540234568,sad,subject_02,subject_02_sad_session_01
23.324,-0.05529087799250393,sad,subject_02,subject_02_sad_session_01
23.328,-0.027146520840241335,sad,subject_02,subject_02_sad_session_01
23.332,-0.045900092296343724,sad,subject_02,subject_02_sad_session_01
23.336,-0.10734791135611649,sad,subject_02,subject_02_sad_session_01
23.34,-0.03778563501831909,sad,subject_02,subject_02_sad_session_01
23.344,-0.001405349232083842,sad,subject_02,subject_02_sad_session_01
23.348,-0.056199402168321755,sad,subject_02,subject_02_sad_session_01
23.352,-0.04398544920694421,sad,subject_02,subject_02_sad_session_01
23.356,-0.040596759000553,sad,subject_02,subject_02_sad_session_01
23.36,-0.008974316057964234,sad,subject_02,subject_02_sad_session_01
23.364,-0.03579260712964623,sad,subject_02,subject_02_sad_session_01
23.368,-0.024240948416249544,sad,subject_02,subject_02_sad_session_01
23.372,-0.023777617852221357,sad,subject_02,subject_02_sad_session_01
23.376,-0.04048997417083672,sad,subject_02,subject_02_sad_session_01
23.38,0.02598468617362618,sad,subject_02,subject_02_sad_session_01
23.384,-0.05537486752041519,sad,subject_02,subject_02_sad_session_01
23.388,-0.0034345570587220563,sad,subject_02,subject_02_sad_session_01
23.392,0.013846958700597965,sad,subject_02,subject_02_sad_session_01
23.396,-0.028475971913166642,sad,subject_02,subject_02_sad_session_01
23.4,-0.022397780555694156,sad,subject_02,subject_02_sad_session_01
23.404,-0.008204605661053101,sad,subject_02,subject_02_sad_session_01
23.408,-0.03514192071733667,sad,subject_02,subject_02_sad_session_01
23.412,-0.08077149394748079,sad,subject_02,subject_02_sad_session_01
23.416,-0.031249415682202006,sad,subject_02,subject_02_sad_session_01
23.42,0.025732053212660852,sad,subject_02,subject_02_sad_session_01
23.424,-0.006443289440947773,sad,subject_02,subject_02_sad_session_01
23.428,-0.021052335861696348,sad,subject_02,subject_02_sad_session_01
23.432,-0.0005257048279631617,sad,subject_02,subject_02_sad_session_01
23.436,-0.027377293657730416,sad,subject_02,subject_02_sad_session_01
23.44,-0.021975357848574403,sad,subject_02,subject_02_sad_session_01
23.444,-0.03558746017802606,sad,subject_02,subject_02_sad_session_01
23.448,-0.008087683100841563,sad,subject_02,subject_02_sad_session_01
23.452,-0.03822246291173342,sad,subject_02,subject_02_sad_session_01
23.456,-0.03127688348022194,sad,subject_02,subject_02_sad_session_01
23.46,0.004926921320542295,sad,subject_02,subject_02_sad_session_01
23.464,-0.02682634528330166,sad,subject_02,subject_02_sad_session_01
23.468,-0.0035106938973799295,sad,subject_02,subject_02_sad_session_01
23.472,-0.0004008776433884684,sad,subject_02,subject_02_sad_session_01
23.476,-0.021391566683043862,sad,subject_02,subject_02_sad_session_01
23.48,-0.02868644797116264,sad,subject_02,subject_02_sad_session_01
23.484,-0.056740709483602145,sad,subject_02,subject_02_sad_session_01
23.488,-0.048798495774535045,sad,subject_02,subject_02_sad_session_01
23.492,0.003821521205095827,sad,subject_02,subject_02_sad_session_01
23.496,0.004962230595466391,sad,subject_02,subject_02_sad_session_01
23.5,-0.04049053432635094,sad,subject_02,subject_02_sad_session_01
23.504,0.003349477467386496,sad,subject_02,subject_02_sad_session_01
23.508,0.0005124769461229929,sad,subject_02,subject_02_sad_session_01
23.512,0.024983808645416838,sad,subject_02,subject_02_sad_session_01
23.516,0.06512435663523936,sad,subject_02,subject_02_sad_session_01
23.52,0.020997582456432802,sad,subject_02,subject_02_sad_session_01
23.524,-0.01302656721917993,sad,subject_02,subject_02_sad_session_01
23.528,0.03428506789212943,sad,subject_02,subject_02_sad_session_01
23.532,-0.014666846522671407,sad,subject_02,subject_02_sad_session_01
23.536,0.08813213642940719,sad,subject_02,subject_02_sad_session_01
23.54,-0.010153292926116483,sad,subject_02,subject_02_sad_session_01
23.544,0.04513732475464689,sad,subject_02,subject_02_sad_session_01
23.548,0.03751196277068147,sad,subject_02,subject_02_sad_session_01
23.552,0.03057537026759867,sad,subject_02,subject_02_sad_session_01
23.556,0.034189807710440355,sad,subject_02,subject_02_sad_session_01
23.56,0.09472576988074194,sad,subject_02,subject_02_sad_session_01
23.564,0.07603633743880335,sad,subject_02,subject_02_sad_session_01
23.568,0.05933356313744553,sad,subject_02,subject_02_sad_session_01
23.572,0.12032670393699155,sad,subject_02,subject_02_sad_session_01
23.576,0.06876131093853265,sad,subject_02,subject_02_sad_session_01
23.58,0.0977504563810265,sad,subject_02,subject_02_sad_session_01
23.584,0.038223491070308584,sad,subject_02,subject_02_sad_session_01
23.588,0.04184746720030929,sad,subject_02,subject_02_sad_session_01
23.592,0.10301699132502276,sad,subject_02,subject_02_sad_session_01
23.596,0.09145398348345245,sad,subject_02,subject_02_sad_session_01
23.6,0.1463141292115258,sad,subject_02,subject_02_sad_session_01
23.604,0.059675302892281255,sad,subject_02,subject_02_sad_session_01
23.608,0.09928094128045865,sad,subject_02,subject_02_sad_session_01
23.612,0.06910939433544415,sad,subject_02,subject_02_sad_session_01
23.616,0.0987592879480625,sad,subject_02,subject_02_sad_session_01
23.62,0.09264044451724451,sad,subject_02,subject_02_sad_session_01
23.624,0.06453182449613341,sad,subject_02,subject_02_sad_session_01
23.628,0.03853167526998395,sad,subject_02,subject_02_sad_session_01
23.632,0.045666127461173045,sad,subject_02,subject_02_sad_session_01
23.636,0.01735484774757025,sad,subject_02,subject_02_sad_session_01
23.64,0.05647312234054037,sad,subject_02,subject_02_sad_session_01
23.644,-0.04396103666853017,sad,subject_02,subject_02_sad_session_01
23.648,0.017715409069515374,sad,subject_02,subject_02_sad_session_01
23.652,0.057256299748190805,sad,subject_02,subject_02_sad_session_01
23.656,0.05172672562123985,sad,subject_02,subject_02_sad_session_01
23.66,-0.027597751967291927,sad,subject_02,subject_02_sad_session_01
23.664,0.03399216211773438,sad,subject_02,subject_02_sad_session_01
23.668,-0.021664807427959846,sad,subject_02,subject_02_sad_session_01
23.672,-0.002369775417451224,sad,subject_02,subject_02_sad_session_01
23.676,0.028719364616779503,sad,subject_02,subject_02_sad_session_01
23.68,-0.026401362332975343,sad,subject_02,subject_02_sad_session_01
23.684,0.04311638695711014,sad,subject_02,subject_02_sad_session_01
23.688,0.005800272733446739,sad,subject_02,subject_02_sad_session_01
23.692,0.010068720725781362,sad,subject_02,subject_02_sad_session_01
23.696,0.026886130692651746,sad,subject_02,subject_02_sad_session_01
23.7,0.019928277330760878,sad,subject_02,subject_02_sad_session_01
23.704,0.01619231448080915,sad,subject_02,subject_02_sad_session_01
23.708,-0.02854530237799978,sad,subject_02,subject_02_sad_session_01
23.712,-0.04287018267273665,sad,subject_02,subject_02_sad_session_01
23.716,-0.018602649650063578,sad,subject_02,subject_02_sad_session_01
23.72,0.0035649933152043477,sad,subject_02,subject_02_sad_session_01
23.724,-0.049869818535604446,sad,subject_02,subject_02_sad_session_01
23.728,0.005137754838905672,sad,subject_02,subject_02_sad_session_01
23.732,-0.0030680041194658184,sad,subject_02,subject_02_sad_session_01
23.736,-0.023209583917723084,sad,subject_02,subject_02_sad_session_01
23.74,-0.02116993513550705,sad,subject_02,subject_02_sad_session_01
23.744,-0.027439471374502304,sad,subject_02,subject_02_sad_session_01
23.748,-0.0211054017625169,sad,subject_02,subject_02_sad_session_01
23.752,-0.010687664306135124,sad,subject_02,subject_02_sad_session_01
23.756,0.06712212820244139,sad,subject_02,subject_02_sad_session_01
23.76,0.01947701024074929,sad,subject_02,subject_02_sad_session_01
23.764,0.05221904539560773,sad,subject_02,subject_02_sad_session_01
23.768,0.09554185410251799,sad,subject_02,subject_02_sad_session_01
23.772,0.2115293564912226,sad,subject_02,subject_02_sad_session_01
23.776,0.3439525399812358,sad,subject_02,subject_02_sad_session_01
23.78,0.5016852003554897,sad,subject_02,subject_02_sad_session_01
23.784,0.5734029476157009,sad,subject_02,subject_02_sad_session_01
23.788,0.6803353596610716,sad,subject_02,subject_02_sad_session_01
23.792,0.697968922981772,sad,subject_02,subject_02_sad_session_01
23.796,0.7475518424774217,sad,subject_02,subject_02_sad_session_01
23.8,0.7336240919450091,sad,subject_02,subject_02_sad_session_01
23.804,0.6308112825998464,sad,subject_02,subject_02_sad_session_01
23.808,0.5600668437594398,sad,subject_02,subject_02_sad_session_01
23.812,0.41710525314500335,sad,subject_02,subject_02_sad_session_01
23.816,0.2683447617667248,sad,subject_02,subject_02_sad_session_01
23.82,0.20140936959480335,sad,subject_02,subject_02_sad_session_01
23.824,0.09250316182510808,sad,subject_02,subject_02_sad_session_01
23.828,0.017189066162049377,sad,subject_02,subject_02_sad_session_01
23.832,-0.02500928270487036,sad,subject_02,subject_02_sad_session_01
23.836,-0.08749910093684944,sad,subject_02,subject_02_sad_session_01
23.84,-0.08985499716813891,sad,subject_02,subject_02_sad_session_01
23.844,-0.08306900239754826,sad,subject_02,subject_02_sad_session_01
23.848,-0.04680689263079684,sad,subject_02,subject_02_sad_session_01
23.852,-0.042612614704349364,sad,subject_02,subject_02_sad_session_01
23.856,-0.018260285711585927,sad,subject_02,subject_02_sad_session_01
23.86,-0.03101852483307579,sad,subject_02,subject_02_sad_session_01
23.864,-0.031282059179401536,sad,subject_02,subject_02_sad_session_01
23.868,-0.02161332643847874,sad,subject_02,subject_02_sad_session_01
23.872,0.022416233688025783,sad,subject_02,subject_02_sad_session_01
23.876,0.011905842053370426,sad,subject_02,subject_02_sad_session_01
23.88,0.0012269615572401867,sad,subject_02,subject_02_sad_session_01
23.884,0.03867211924570407,sad,subject_02,subject_02_sad_session_01
23.888,0.06531351628530058,sad,subject_02,subject_02_sad_session_01
23.892,0.009690062995249445,sad,subject_02,subject_02_sad_session_01
23.896,-0.004848828996499854,sad,subject_02,subject_02_sad_session_01
23.9,0.059361050637251826,sad,subject_02,subject_02_sad_session_01
23.904,0.03501189472856291,sad,subject_02,subject_02_sad_session_01
23.908,0.03279781477742238,sad,subject_02,subject_02_sad_session_01
23.912,0.07279086845205551,sad,subject_02,subject_02_sad_session_01
23.916,0.03854906073318666,sad,subject_02,subject_02_sad_session_01
23.92,0.06270954257625097,sad,subject_02,subject_02_sad_session_01
23.924,0.06017826511618382,sad,subject_02,subject_02_sad_session_01
23.928,0.1574715920919279,sad,subject_02,subject_02_sad_session_01
23.932,0.0610590043327102,sad,subject_02,subject_02_sad_session_01
23.936,0.09831758454865255,sad,subject_02,subject_02_sad_session_01
23.94,0.06797978784422928,sad,subject_02,subject_02_sad_session_01
23.944,0.0944331959223456,sad,subject_02,subject_02_sad_session_01
23.948,0.08061359890756489,sad,subject_02,subject_02_sad_session_01
23.952,0.11602539617907837,sad,subject_02,subject_02_sad_session_01
23.956,0.09505100402647325,sad,subject_02,subject_02_sad_session_01
23.96,0.11884868082855672,sad,subject_02,subject_02_sad_session_01
23.964,0.08692506675686626,sad,subject_02,subject_02_sad_session_01
23.968,0.0915789773435382,sad,subject_02,subject_02_sad_session_01
23.972,0.06487259063614623,sad,subject_02,subject_02_sad_session_01
23.976,0.13811899272794356,sad,subject_02,subject_02_sad_session_01
23.98,0.11340811561009385,sad,subject_02,subject_02_sad_session_01
23.984,0.20436687081378893,sad,subject_02,subject_02_sad_session_01
23.988,0.1298154315184005,sad,subject_02,subject_02_sad_session_01
23.992,0.1866868771405193,sad,subject_02,subject_02_sad_session_01
23.996,0.18873003748170322,sad,subject_02,subject_02_sad_session_01
24.0,0.15188580988666953,sad,subject_02,subject_02_sad_session_01
24.004,0.14176306623837287,sad,subject_02,subject_02_sad_session_01
24.008,0.16412546170031508,sad,subject_02,subject_02_sad_session_01
24.012,0.2061880637447489,sad,subject_02,subject_02_sad_session_01
24.016,0.24432802782154459,sad,subject_02,subject_02_sad_session_01
24.02,0.14196366521524165,sad,subject_02,subject_02_sad_session_01
24.024,0.18228323872061133,sad,subject_02,subject_02_sad_session_01
24.028,0.16614712741244864,sad,subject_02,subject_02_sad_session_01
24.032,0.17542428269326502,sad,subject_02,subject_02_sad_session_01
24.036,0.2390267116131893,sad,subject_02,subject_02_sad_session_01
24.04,0.16582033451959402,sad,subject_02,subject_02_sad_session_01
24.044,0.14130719815708478,sad,subject_02,subject_02_sad_session_01
24.048,0.19574342367442168,sad,subject_02,subject_02_sad_session_01
24.052,0.2007556200859376,sad,subject_02,subject_02_sad_session_01
24.056,0.17595726866113892,sad,subject_02,subject_02_sad_session_01
24.06,0.16691306973923395,sad,subject_02,subject_02_sad_session_01
24.064,0.19048186828840807,sad,subject_02,subject_02_sad_session_01
24.068,0.14305981156849548,sad,subject_02,subject_02_sad_session_01
24.072,0.19367939131764383,sad,subject_02,subject_02_sad_session_01
24.076,0.1676683861377824,sad,subject_02,subject_02_sad_session_01
24.08,0.21640970173173207,sad,subject_02,subject_02_sad_session_01
24.084,0.1807026773306478,sad,subject_02,subject_02_sad_session_01
24.088,0.16257465361058882,sad,subject_02,subject_02_sad_session_01
24.092,0.1560225797677048,sad,subject_02,subject_02_sad_session_01
24.096,0.10037306778731689,sad,subject_02,subject_02_sad_session_01
24.1,0.14989935691586556,sad,subject_02,subject_02_sad_session_01
24.104,0.1425625428712149,sad,subject_02,subject_02_sad_session_01
24.108,0.14507091548243273,sad,subject_02,subject_02_sad_session_01
24.112,0.13255143524195853,sad,subject_02,subject_02_sad_session_01
24.116,0.17573717587442833,sad,subject_02,subject_02_sad_session_01
24.12,0.11937469309228109,sad,subject_02,subject_02_sad_session_01
24.124,0.09663779015379229,sad,subject_02,subject_02_sad_session_01
24.128,0.06651345227119723,sad,subject_02,subject_02_sad_session_01
24.132,0.09759276183790885,sad,subject_02,subject_02_sad_session_01
24.136,0.0741173016309633,sad,subject_02,subject_02_sad_session_01
24.14,0.061216247336342705,sad,subject_02,subject_02_sad_session_01
24.144,0.08551751734099773,sad,subject_02,subject_02_sad_session_01
24.148,0.12384676711876477,sad,subject_02,subject_02_sad_session_01
24.152,0.11270793140340925,sad,subject_02,subject_02_sad_session_01
24.156,0.04130438652354345,sad,subject_02,subject_02_sad_session_01
24.16,0.07613460903050258,sad,subject_02,subject_02_sad_session_01
24.164,0.08317332021134778,sad,subject_02,subject_02_sad_session_01
24.168,0.08365095847410506,sad,subject_02,subject_02_sad_session_01
24.172,0.1100455154854015,sad,subject_02,subject_02_sad_session_01
24.176,0.022871417299946288,sad,subject_02,subject_02_sad_session_01
24.18,0.0276182683886113,sad,subject_02,subject_02_sad_session_01
24.184,0.03075386377463721,sad,subject_02,subject_02_sad_session_01
24.188,0.05827054680788694,sad,subject_02,subject_02_sad_session_01
24.192,-0.03751970068910486,sad,subject_02,subject_02_sad_session_01
24.196,0.034337487486298855,sad,subject_02,subject_02_sad_session_01
24.2,-0.01500995580317234,sad,subject_02,subject_02_sad_session_01
24.204,0.035854430912577936,sad,subject_02,subject_02_sad_session_01
24.208,0.09568151913452119,sad,subject_02,subject_02_sad_session_01
24.212,0.05845027419542582,sad,subject_02,subject_02_sad_session_01
24.216,-0.007346732653105009,sad,subject_02,subject_02_sad_session_01
24.22,0.015072505409861813,sad,subject_02,subject_02_sad_session_01
24.224,-0.0007073860378170871,sad,subject_02,subject_02_sad_session_01
24.228,0.06333255692355072,sad,subject_02,subject_02_sad_session_01
24.232,-0.04290357075864148,sad,subject_02,subject_02_sad_session_01
24.236,0.008766593293798738,sad,subject_02,subject_02_sad_session_01
24.24,-3.1847652932324305e-05,sad,subject_02,subject_02_sad_session_01
24.244,-0.01529024292829758,sad,subject_02,subject_02_sad_session_01
24.248,0.0688144373063989,sad,subject_02,subject_02_sad_session_01
24.252,-0.028671580096956233,sad,subject_02,subject_02_sad_session_01
24.256,-0.018164489082686863,sad,subject_02,subject_02_sad_session_01
24.26,0.06496719028885095,sad,subject_02,subject_02_sad_session_01
24.264,0.01363042605760181,sad,subject_02,subject_02_sad_session_01
24.268,0.010942313551865025,sad,subject_02,subject_02_sad_session_01
24.272,-0.002897371211990199,sad,subject_02,subject_02_sad_session_01
24.276,0.015512479186276702,sad,subject_02,subject_02_sad_session_01
24.28,0.0024718444649201015,sad,subject_02,subject_02_sad_session_01
24.284,-0.006874793950637155,sad,subject_02,subject_02_sad_session_01
24.288,-0.02701864564085301,sad,subject_02,subject_02_sad_session_01
24.292,0.016130163279313763,sad,subject_02,subject_02_sad_session_01
24.296,-0.0030557732368952564,sad,subject_02,subject_02_sad_session_01
24.3,0.0007452607237740192,sad,subject_02,subject_02_sad_session_01
24.304,0.03459914361212462,sad,subject_02,subject_02_sad_session_01
24.308,-0.0003485524040948342,sad,subject_02,subject_02_sad_session_01
24.312,0.011560281135315006,sad,subject_02,subject_02_sad_session_01
24.316,0.0651205326017483,sad,subject_02,subject_02_sad_session_01
24.32,0.026486865948928573,sad,subject_02,subject_02_sad_session_01
24.324,-0.001133375652818699,sad,subject_02,subject_02_sad_session_01
24.328,-0.017761927062699398,sad,subject_02,subject_02_sad_session_01
24.332,0.011277363815149146,sad,subject_02,subject_02_sad_session_01
24.336,0.03899950765313205,sad,subject_02,subject_02_sad_session_01
24.34,-0.0022157228593528196,sad,subject_02,subject_02_sad_session_01
24.344,0.01431368082086271,sad,subject_02,subject_02_sad_session_01
24.348,-0.002723739275553496,sad,subject_02,subject_02_sad_session_01
24.352,0.0036469232762600685,sad,subject_02,subject_02_sad_session_01
24.356,-0.022303294843297072,sad,subject_02,subject_02_sad_session_01
24.36,0.022471765764368642,sad,subject_02,subject_02_sad_session_01
24.364,0.018815415257062276,sad,subject_02,subject_02_sad_session_01
24.368,0.05887301031912097,sad,subject_02,subject_02_sad_session_01
24.372,0.01790127847105022,sad,subject_02,subject_02_sad_session_01
24.376,-0.0065886830498108305,sad,subject_02,subject_02_sad_session_01
24.38,0.058511171832380894,sad,subject_02,subject_02_sad_session_01
24.384,0.026026000820875417,sad,subject_02,subject_02_sad_session_01
24.388,0.020924725387278985,sad,subject_02,subject_02_sad_session_01
24.392,0.014978370642100156,sad,subject_02,subject_02_sad_session_01
24.396,0.02009857839133221,sad,subject_02,subject_02_sad_session_01
24.4,-0.01023456994878889,sad,subject_02,subject_02_sad_session_01
24.404,0.013310653907734778,sad,subject_02,subject_02_sad_session_01
24.408,0.009374547739667347,sad,subject_02,subject_02_sad_session_01
24.412,0.026859087945722455,sad,subject_02,subject_02_sad_session_01
24.416,0.049875055101523874,sad,subject_02,subject_02_sad_session_01
24.42,0.04560654000674347,sad,subject_02,subject_02_sad_session_01
24.424,0.03223756001657526,sad,subject_02,subject_02_sad_session_01
24.428,-0.03449240942691799,sad,subject_02,subject_02_sad_session_01
24.432,0.004526624425329816,sad,subject_02,subject_02_sad_session_01
24.436,-0.03667189443217622,sad,subject_02,subject_02_sad_session_01
24.44,0.05094194526811936,sad,subject_02,subject_02_sad_session_01
24.444,0.015440045704445092,sad,subject_02,subject_02_sad_session_01
24.448,0.01531731975638366,sad,subject_02,subject_02_sad_session_01
24.452,-3.421111768465643e-05,sad,subject_02,subject_02_sad_session_01
24.456,0.059407532275094925,sad,subject_02,subject_02_sad_session_01
24.46,0.025655468256235325,sad,subject_02,subject_02_sad_session_01
24.464,0.02048780587960016,sad,subject_02,subject_02_sad_session_01
24.468,0.029209304245392958,sad,subject_02,subject_02_sad_session_01
24.472,0.03329019695494844,sad,subject_02,subject_02_sad_session_01
24.476,0.025239057223648734,sad,subject_02,subject_02_sad_session_01
24.48,0.06950444111370191,sad,subject_02,subject_02_sad_session_01
24.484,0.07185933993815175,sad,subject_02,subject_02_sad_session_01
24.488,0.04010504084208427,sad,subject_02,subject_02_sad_session_01
24.492,0.017300444740258512,sad,subject_02,subject_02_sad_session_01
24.496,0.05413582773408458,sad,subject_02,subject_02_sad_session_01
24.5,0.030513918596209822,sad,subject_02,subject_02_sad_session_01
24.504,0.0955599088511499,sad,subject_02,subject_02_sad_session_01
24.508,0.1045647526405984,sad,subject_02,subject_02_sad_session_01
24.512,0.08402735784778545,sad,subject_02,subject_02_sad_session_01
24.516,0.03280316501307414,sad,subject_02,subject_02_sad_session_01
24.52,0.059022757743770554,sad,subject_02,subject_02_sad_session_01
24.524,0.07247652543879603,sad,subject_02,subject_02_sad_session_01
24.528,0.05878863102894237,sad,subject_02,subject_02_sad_session_01
24.532,0.08038334052141087,sad,subject_02,subject_02_sad_session_01
24.536,0.1017678047589151,sad,subject_02,subject_02_sad_session_01
24.54,0.11567684297832642,sad,subject_02,subject_02_sad_session_01
24.544,0.14322935911583182,sad,subject_02,subject_02_sad_session_01
24.548,0.10824637189257498,sad,subject_02,subject_02_sad_session_01
24.552,0.10366999739999942,sad,subject_02,subject_02_sad_session_01
24.556,0.07720344649947727,sad,subject_02,subject_02_sad_session_01
24.56,0.1287684774566131,sad,subject_02,subject_02_sad_session_01
24.564,0.10654325175282922,sad,subject_02,subject_02_sad_session_01
24.568,0.1148848100079742,sad,subject_02,subject_02_sad_session_01
24.572,0.10439686350212322,sad,subject_02,subject_02_sad_session_01
24.576,0.10467955530402234,sad,subject_02,subject_02_sad_session_01
24.58,0.14100860204670224,sad,subject_02,subject_02_sad_session_01
24.584,0.11569642167599771,sad,subject_02,subject_02_sad_session_01
24.588,0.1615022981091024,sad,subject_02,subject_02_sad_session_01
24.592,0.07771643036464206,sad,subject_02,subject_02_sad_session_01
24.596,0.14484241792730138,sad,subject_02,subject_02_sad_session_01
24.6,0.08814809994660922,sad,subject_02,subject_02_sad_session_01
24.604,0.09653095837862992,sad,subject_02,subject_02_sad_session_01
24.608,0.10800050422816598,sad,subject_02,subject_02_sad_session_01
24.612,0.11877041330241117,sad,subject_02,subject_02_sad_session_01
24.616,0.11467875397350466,sad,subject_02,subject_02_sad_session_01
24.62,0.1088310623838474,sad,subject_02,subject_02_sad_session_01
24.624,0.06602505772349358,sad,subject_02,subject_02_sad_session_01
24.628,0.12163293700854291,sad,subject_02,subject_02_sad_session_01
24.632,0.08090265288009002,sad,subject_02,subject_02_sad_session_01
24.636,-0.030356414130594443,sad,subject_02,subject_02_sad_session_01
24.64,0.05547539433843767,sad,subject_02,subject_02_sad_session_01
24.644,0.03915576307744044,sad,subject_02,subject_02_sad_session_01
24.648,0.03764268970405746,sad,subject_02,subject_02_sad_session_01
24.652,0.06293899672310534,sad,subject_02,subject_02_sad_session_01
24.656,0.050200518876948215,sad,subject_02,subject_02_sad_session_01
24.66,0.018192397302974967,sad,subject_02,subject_02_sad_session_01
24.664,0.0813806245312669,sad,subject_02,subject_02_sad_session_01
24.668,-0.004153818980202145,sad,subject_02,subject_02_sad_session_01
24.672,-0.007791979072713222,sad,subject_02,subject_02_sad_session_01
24.676,-0.0011531080465738627,sad,subject_02,subject_02_sad_session_01
24.68,0.04362676799587206,sad,subject_02,subject_02_sad_session_01
24.684,0.040388879498725126,sad,subject_02,subject_02_sad_session_01
24.688,0.004233486645835026,sad,subject_02,subject_02_sad_session_01
24.692,0.010102574061472868,sad,subject_02,subject_02_sad_session_01
24.696,0.027211092336337377,sad,subject_02,subject_02_sad_session_01
24.7,-0.005521466584599351,sad,subject_02,subject_02_sad_session_01
24.704,0.04915252359395584,sad,subject_02,subject_02_sad_session_01
24.708,0.06975644931795041,sad,subject_02,subject_02_sad_session_01
24.712,0.013370822220008915,sad,subject_02,subject_02_sad_session_01
24.716,0.02327914660751087,sad,subject_02,subject_02_sad_session_01
24.72,0.009718505122908186,sad,subject_02,subject_02_sad_session_01
24.724,0.04367147566323243,sad,subject_02,subject_02_sad_session_01
24.728,0.06509807273220844,sad,subject_02,subject_02_sad_session_01
24.732,0.015186237393769456,sad,subject_02,subject_02_sad_session_01
24.736,0.06690484874655714,sad,subject_02,subject_02_sad_session_01
24.74,0.15597775581724513,sad,subject_02,subject_02_sad_session_01
24.744,0.22814500246912728,sad,subject_02,subject_02_sad_session_01
24.748,0.2958473319150542,sad,subject_02,subject_02_sad_session_01
24.752,0.3833066467169449,sad,subject_02,subject_02_sad_session_01
24.756,0.5321220089498025,sad,subject_02,subject_02_sad_session_01
24.76,0.6588494660180028,sad,subject_02,subject_02_sad_session_01
24.764,0.7117086171410416,sad,subject_02,subject_02_sad_session_01
24.768,0.7329553200698173,sad,subject_02,subject_02_sad_session_01
24.772,0.7491843315950779,sad,subject_02,subject_02_sad_session_01
24.776,0.7832729745896972,sad,subject_02,subject_02_sad_session_01
24.78,0.6196853675408543,sad,subject_02,subject_02_sad_session_01
24.784,0.5407688360761986,sad,subject_02,subject_02_sad_session_01
24.788,0.41410842351304983,sad,subject_02,subject_02_sad_session_01
24.792,0.36317305355849044,sad,subject_02,subject_02_sad_session_01
24.796,0.14329215948103302,sad,subject_02,subject_02_sad_session_01
24.8,0.06550164652091361,sad,subject_02,subject_02_sad_session_01
24.804,0.01812720368395769,sad,subject_02,subject_02_sad_session_01
24.808,-0.023755981435288863,sad,subject_02,subject_02_sad_session_01
24.812,-0.01456019292824863,sad,subject_02,subject_02_sad_session_01
24.816,-0.017246228684608445,sad,subject_02,subject_02_sad_session_01
24.82,-0.05609271195342594,sad,subject_02,subject_02_sad_session_01
24.824,-0.0074205053728489,sad,subject_02,subject_02_sad_session_01
24.828,-0.003838688069696075,sad,subject_02,subject_02_sad_session_01
24.832,0.0028576380713723273,sad,subject_02,subject_02_sad_session_01
24.836,0.05843204889892707,sad,subject_02,subject_02_sad_session_01
24.84,0.04344593269745431,sad,subject_02,subject_02_sad_session_01
24.844,0.08897298151011362,sad,subject_02,subject_02_sad_session_01
24.848,0.05917926627469738,sad,subject_02,subject_02_sad_session_01
24.852,0.0756752825804839,sad,subject_02,subject_02_sad_session_01
24.856,-0.030922355286007522,sad,subject_02,subject_02_sad_session_01
24.86,0.05582076773526615,sad,subject_02,subject_02_sad_session_01
24.864,0.06882458717359555,sad,subject_02,subject_02_sad_session_01
24.868,0.07445439814758906,sad,subject_02,subject_02_sad_session_01
24.872,0.10817209393241939,sad,subject_02,subject_02_sad_session_01
24.876,0.08361982552253412,sad,subject_02,subject_02_sad_session_01
24.88,0.03216407940198685,sad,subject_02,subject_02_sad_session_01
24.884,0.08837308724000302,sad,subject_02,subject_02_sad_session_01
24.888,0.10120839683797225,sad,subject_02,subject_02_sad_session_01
24.892,0.061874237436115975,sad,subject_02,subject_02_sad_session_01
24.896,0.07211259491001527,sad,subject_02,subject_02_sad_session_01
24.9,0.11256370205468144,sad,subject_02,subject_02_sad_session_01
24.904,0.09373886963985172,sad,subject_02,subject_02_sad_session_01
24.908,0.13133504970426746,sad,subject_02,subject_02_sad_session_01
24.912,0.10912261973688973,sad,subject_02,subject_02_sad_session_01
24.916,0.04326629706733379,sad,subject_02,subject_02_sad_session_01
24.92,0.11581390067593449,sad,subject_02,subject_02_sad_session_01
24.924,0.10758175715546521,sad,subject_02,subject_02_sad_session_01
24.928,0.1435396135202207,sad,subject_02,subject_02_sad_session_01
24.932,0.14338637666212128,sad,subject_02,subject_02_sad_session_01
24.936,0.10808876211703926,sad,subject_02,subject_02_sad_session_01
24.94,0.14801784900290038,sad,subject_02,subject_02_sad_session_01
24.944,0.16385071843354038,sad,subject_02,subject_02_sad_session_01
24.948,0.16676879774391318,sad,subject_02,subject_02_sad_session_01
24.952,0.18837762385642834,sad,subject_02,subject_02_sad_session_01
24.956,0.13392597136897877,sad,subject_02,subject_02_sad_session_01
24.96,0.16532456968214118,sad,subject_02,subject_02_sad_session_01
24.964,0.10842749803795815,sad,subject_02,subject_02_sad_session_01
24.968,0.2157414978263849,sad,subject_02,subject_02_sad_session_01
24.972,0.1888612719978815,sad,subject_02,subject_02_sad_session_01
24.976,0.18722049339226332,sad,subject_02,subject_02_sad_session_01
24.98,0.19106449835220427,sad,subject_02,subject_02_sad_session_01
24.984,0.21333821902908645,sad,subject_02,subject_02_sad_session_01
24.988,0.23384044958012137,sad,subject_02,subject_02_sad_session_01
24.992,0.1972128251887922,sad,subject_02,subject_02_sad_session_01
24.996,0.22117662446839553,sad,subject_02,subject_02_sad_session_01
25.0,0.22336438587648966,sad,subject_02,subject_02_sad_session_01
25.004,0.14758685916123104,sad,subject_02,subject_02_sad_session_01
25.008,0.19397288286162848,sad,subject_02,subject_02_sad_session_01
25.012,0.22949762375397253,sad,subject_02,subject_02_sad_session_01
25.016,0.25420616512849437,sad,subject_02,subject_02_sad_session_01
25.02,0.2582533241323732,sad,subject_02,subject_02_sad_session_01
25.024,0.1805619549863972,sad,subject_02,subject_02_sad_session_01
25.028,0.24663704053145077,sad,subject_02,subject_02_sad_session_01
25.032,0.24653832723831265,sad,subject_02,subject_02_sad_session_01
25.036,0.22635933899077765,sad,subject_02,subject_02_sad_session_01
25.04,0.15137213070989297,sad,subject_02,subject_02_sad_session_01
25.044,0.19341437968718234,sad,subject_02,subject_02_sad_session_01
25.048,0.20992729361139148,sad,subject_02,subject_02_sad_session_01
25.052,0.19635897507218167,sad,subject_02,subject_02_sad_session_01
25.056,0.13477004174002358,sad,subject_02,subject_02_sad_session_01
25.06,0.18803828755900123,sad,subject_02,subject_02_sad_session_01
25.064,0.16369065677533132,sad,subject_02,subject_02_sad_session_01
25.068,0.2047833344838374,sad,subject_02,subject_02_sad_session_01
25.072,0.19664834642002332,sad,subject_02,subject_02_sad_session_01
25.076,0.1929104459469047,sad,subject_02,subject_02_sad_session_01
25.08,0.16091186482843942,sad,subject_02,subject_02_sad_session_01
25.084,0.167216423378402,sad,subject_02,subject_02_sad_session_01
25.088,0.15857750659861525,sad,subject_02,subject_02_sad_session_01
25.092,0.1828945748051562,sad,subject_02,subject_02_sad_session_01
25.096,0.13381192787982457,sad,subject_02,subject_02_sad_session_01
25.1,0.12138777347624465,sad,subject_02,subject_02_sad_session_01
25.104,0.16723632939315528,sad,subject_02,subject_02_sad_session_01
25.108,0.15732588358550115,sad,subject_02,subject_02_sad_session_01
25.112,0.14103670493011694,sad,subject_02,subject_02_sad_session_01
25.116,0.16887147074626482,sad,subject_02,subject_02_sad_session_01
25.12,0.1786718655773798,sad,subject_02,subject_02_sad_session_01
25.124,0.14758453407803795,sad,subject_02,subject_02_sad_session_01
25.128,0.08302543727450798,sad,subject_02,subject_02_sad_session_01
25.132,0.1253109951307526,sad,subject_02,subject_02_sad_session_01
25.136,0.09878332268856968,sad,subject_02,subject_02_sad_session_01
25.14,0.07388333438717358,sad,subject_02,subject_02_sad_session_01
25.144,0.06398247558722599,sad,subject_02,subject_02_sad_session_01
25.148,0.08995385008658367,sad,subject_02,subject_02_sad_session_01
25.152,0.10224173019716569,sad,subject_02,subject_02_sad_session_01
25.156,0.11518221012501197,sad,subject_02,subject_02_sad_session_01
25.16,0.09029946334537776,sad,subject_02,subject_02_sad_session_01
25.164,0.08377535117905516,sad,subject_02,subject_02_sad_session_01
25.168,0.0570695532568227,sad,subject_02,subject_02_sad_session_01
25.172,0.06663377898725356,sad,subject_02,subject_02_sad_session_01
25.176,0.012384291561285836,sad,subject_02,subject_02_sad_session_01
25.18,0.07147735047517602,sad,subject_02,subject_02_sad_session_01
25.184,0.06495002869919969,sad,subject_02,subject_02_sad_session_01
25.188,0.10708716271464412,sad,subject_02,subject_02_sad_session_01
25.192,0.046307674828967374,sad,subject_02,subject_02_sad_session_01
25.196,0.08124313648400998,sad,subject_02,subject_02_sad_session_01
25.2,0.02944001927757544,sad,subject_02,subject_02_sad_session_01
25.204,0.092900137936619,sad,subject_02,subject_02_sad_session_01
25.208,0.08393428896526672,sad,subject_02,subject_02_sad_session_01
25.212,0.07300272741699934,sad,subject_02,subject_02_sad_session_01
25.216,0.03957130822263823,sad,subject_02,subject_02_sad_session_01
25.22,0.029934012058616295,sad,subject_02,subject_02_sad_session_01
25.224,0.02441647454681841,sad,subject_02,subject_02_sad_session_01
25.228,0.005408596391304244,sad,subject_02,subject_02_sad_session_01
25.232,0.04775619889280675,sad,subject_02,subject_02_sad_session_01
25.236,0.025496537881084694,sad,subject_02,subject_02_sad_session_01
25.24,0.043725555484415646,sad,subject_02,subject_02_sad_session_01
25.244,0.0367077491262328,sad,subject_02,subject_02_sad_session_01
25.248,-0.0011689855049047161,sad,subject_02,subject_02_sad_session_01
25.252,0.06237007186959282,sad,subject_02,subject_02_sad_session_01
25.256,0.032954051756181976,sad,subject_02,subject_02_sad_session_01
25.26,0.05552312160079918,sad,subject_02,subject_02_sad_session_01
25.264,-0.005677409484924498,sad,subject_02,subject_02_sad_session_01
25.268,0.006030311760486164,sad,subject_02,subject_02_sad_session_01
25.272,0.016873058017099065,sad,subject_02,subject_02_sad_session_01
25.276,0.03565604787702676,sad,subject_02,subject_02_sad_session_01
25.28,0.025011947587915348,sad,subject_02,subject_02_sad_session_01
25.284,0.06882186955969609,sad,subject_02,subject_02_sad_session_01
25.288,0.05872158938510485,sad,subject_02,subject_02_sad_session_01
25.292,0.005563742609848033,sad,subject_02,subject_02_sad_session_01
25.296,0.11570241878528197,sad,subject_02,subject_02_sad_session_01
25.3,0.024605282445037686,sad,subject_02,subject_02_sad_session_01
25.304,0.06573284672085876,sad,subject_02,subject_02_sad_session_01
25.308,0.018314590120382158,sad,subject_02,subject_02_sad_session_01
25.312,0.04545634542882816,sad,subject_02,subject_02_sad_session_01
25.316,0.05508099985631306,sad,subject_02,subject_02_sad_session_01
25.32,-0.01866905016586985,sad,subject_02,subject_02_sad_session_01
25.324,0.07874668568042983,sad,subject_02,subject_02_sad_session_01
25.328,0.0027834669428340765,sad,subject_02,subject_02_sad_session_01
25.332,0.015636204530135752,sad,subject_02,subject_02_sad_session_01
25.336,0.00784331528766026,sad,subject_02,subject_02_sad_session_01
25.34,0.008873035431824515,sad,subject_02,subject_02_sad_session_01
25.344,0.010179688711813819,sad,subject_02,subject_02_sad_session_01
25.348,-0.010141400825954716,sad,subject_02,subject_02_sad_session_01
25.352,0.048411845598513914,sad,subject_02,subject_02_sad_session_01
25.356,0.028930583335656315,sad,subject_02,subject_02_sad_session_01
25.36,0.021224806792282818,sad,subject_02,subject_02_sad_session_01
25.364,0.05575936526631712,sad,subject_02,subject_02_sad_session_01
25.368,0.07817603003298265,sad,subject_02,subject_02_sad_session_01
25.372,-0.021707067226516098,sad,subject_02,subject_02_sad_session_01
25.376,0.07371834865168567,sad,subject_02,subject_02_sad_session_01
25.38,0.024242075552419855,sad,subject_02,subject_02_sad_session_01
25.384,-0.015654345345554262,sad,subject_02,subject_02_sad_session_01
25.388,0.03720604065132563,sad,subject_02,subject_02_sad_session_01
25.392,0.0212874167510334,sad,subject_02,subject_02_sad_session_01
25.396,0.050605829618676365,sad,subject_02,subject_02_sad_session_01
25.4,0.02917742522543859,sad,subject_02,subject_02_sad_session_01
25.404,0.035585624659265916,sad,subject_02,subject_02_sad_session_01
25.408,0.01194072840394744,sad,subject_02,subject_02_sad_session_01
25.412,-0.005678484912197836,sad,subject_02,subject_02_sad_session_01
25.416,0.04768005886474435,sad,subject_02,subject_02_sad_session_01
25.42,0.01002269730937531,sad,subject_02,subject_02_sad_session_01
25.424,0.03829695579157342,sad,subject_02,subject_02_sad_session_01
25.428,0.07138470865623471,sad,subject_02,subject_02_sad_session_01
25.432,0.02275128344905289,sad,subject_02,subject_02_sad_session_01
25.436,0.049459629127751786,sad,subject_02,subject_02_sad_session_01
25.44,0.02865304669470467,sad,subject_02,subject_02_sad_session_01
25.444,0.01997261893625419,sad,subject_02,subject_02_sad_session_01
25.448,-0.014363246006546704,sad,subject_02,subject_02_sad_session_01
25.452,0.0331993987211494,sad,subject_02,subject_02_sad_session_01
25.456,0.03163091757813961,sad,subject_02,subject_02_sad_session_01
25.46,0.01293297133144396,sad,subject_02,subject_02_sad_session_01
25.464,-0.01915827033803924,sad,subject_02,subject_02_sad_session_01
25.468,-0.005024861752051371,sad,subject_02,subject_02_sad_session_01
25.472,0.10217390241366975,sad,subject_02,subject_02_sad_session_01
25.476,0.05363245367432005,sad,subject_02,subject_02_sad_session_01
25.48,0.01362295731887185,sad,subject_02,subject_02_sad_session_01
25.484,0.04316043153634777,sad,subject_02,subject_02_sad_session_01
25.488,0.06630877422385982,sad,subject_02,subject_02_sad_session_01
25.492,0.08446776077702765,sad,subject_02,subject_02_sad_session_01
25.496,0.06916031974441751,sad,subject_02,subject_02_sad_session_01
25.5,0.14203423287040787,sad,subject_02,subject_02_sad_session_01
25.504,0.1486952577461408,sad,subject_02,subject_02_sad_session_01
25.508,0.10329863271472248,sad,subject_02,subject_02_sad_session_01
25.512,0.08581124981705078,sad,subject_02,subject_02_sad_session_01
25.516,0.11299413561720414,sad,subject_02,subject_02_sad_session_01
25.52,0.06599950366940614,sad,subject_02,subject_02_sad_session_01
25.524,0.13974059945145867,sad,subject_02,subject_02_sad_session_01
25.528,0.11825051871841825,sad,subject_02,subject_02_sad_session_01
25.532,0.07960636799779972,sad,subject_02,subject_02_sad_session_01
25.536,0.10031813198295293,sad,subject_02,subject_02_sad_session_01
25.54,0.13633948163407977,sad,subject_02,subject_02_sad_session_01
25.544,0.06969695429433058,sad,subject_02,subject_02_sad_session_01
25.548,0.09257608841417156,sad,subject_02,subject_02_sad_session_01
25.552,0.10434895902608428,sad,subject_02,subject_02_sad_session_01
25.556,0.14576118664975143,sad,subject_02,subject_02_sad_session_01
25.56,0.16539067804545776,sad,subject_02,subject_02_sad_session_01
25.564,0.12210737178747265,sad,subject_02,subject_02_sad_session_01
25.568,0.012125056910578053,sad,subject_02,subject_02_sad_session_01
25.572,0.06909320823408216,sad,subject_02,subject_02_sad_session_01
25.576,0.20270050845400156,sad,subject_02,subject_02_sad_session_01
25.58,0.09745200023742812,sad,subject_02,subject_02_sad_session_01
25.584,0.009196247128769694,sad,subject_02,subject_02_sad_session_01
25.588,0.15308577337712903,sad,subject_02,subject_02_sad_session_01
25.592,0.03628433535647314,sad,subject_02,subject_02_sad_session_01
25.596,0.0880639687688485,sad,subject_02,subject_02_sad_session_01
25.6,0.03107627157347396,sad,subject_02,subject_02_sad_session_01
25.604,0.12631393879346292,sad,subject_02,subject_02_sad_session_01
25.608,0.01275989434113816,sad,subject_02,subject_02_sad_session_01
25.612,0.03300529396283764,sad,subject_02,subject_02_sad_session_01
25.616,0.07764561620313228,sad,subject_02,subject_02_sad_session_01
25.62,0.025529373708069868,sad,subject_02,subject_02_sad_session_01
25.624,0.053009350376292556,sad,subject_02,subject_02_sad_session_01
25.628,0.05998683996001429,sad,subject_02,subject_02_sad_session_01
25.632,0.037372851771318244,sad,subject_02,subject_02_sad_session_01
25.636,-0.003945827507996522,sad,subject_02,subject_02_sad_session_01
25.64,0.003421073328377152,sad,subject_02,subject_02_sad_session_01
25.644,0.01346903333772498,sad,subject_02,subject_02_sad_session_01
25.648,0.04080494344711741,sad,subject_02,subject_02_sad_session_01
25.652,0.04599372719231725,sad,subject_02,subject_02_sad_session_01
25.656,0.026474859651718235,sad,subject_02,subject_02_sad_session_01
25.66,0.04025667097871469,sad,subject_02,subject_02_sad_session_01
25.664,-0.02953110060796011,sad,subject_02,subject_02_sad_session_01
25.668,0.0262721605384843,sad,subject_02,subject_02_sad_session_01
25.672,0.014494509354484535,sad,subject_02,subject_02_sad_session_01
25.676,0.030134805132097445,sad,subject_02,subject_02_sad_session_01
25.68,0.03599939973652814,sad,subject_02,subject_02_sad_session_01
25.684,-0.021211060657579772,sad,subject_02,subject_02_sad_session_01
25.688,0.0021576962252923167,sad,subject_02,subject_02_sad_session_01
25.692,0.03904955047615545,sad,subject_02,subject_02_sad_session_01
25.696,0.0017985347087080428,sad,subject_02,subject_02_sad_session_01
25.7,-0.01267630031039795,sad,subject_02,subject_02_sad_session_01
25.704,-0.038581090140029806,sad,subject_02,subject_02_sad_session_01
25.708,0.038667718392050056,sad,subject_02,subject_02_sad_session_01
25.712,0.027437514423127377,sad,subject_02,subject_02_sad_session_01
25.716,0.13501534746678664,sad,subject_02,subject_02_sad_session_01
25.72,0.21895167362400075,sad,subject_02,subject_02_sad_session_01
25.724,0.3543353506909619,sad,subject_02,subject_02_sad_session_01
25.728,0.43932875190653353,sad,subject_02,subject_02_sad_session_01
25.732,0.5568789383437249,sad,subject_02,subject_02_sad_session_01
25.736,0.6320127061791172,sad,subject_02,subject_02_sad_session_01
25.74,0.7171069686066415,sad,subject_02,subject_02_sad_session_01
25.744,0.760712635992654,sad,subject_02,subject_02_sad_session_01
25.748,0.733648126113519,sad,subject_02,subject_02_sad_session_01
25.752,0.6848102568371212,sad,subject_02,subject_02_sad_session_01
25.756,0.6146917455655984,sad,subject_02,subject_02_sad_session_01
25.76,0.529853643871088,sad,subject_02,subject_02_sad_session_01
25.764,0.3986243676012006,sad,subject_02,subject_02_sad_session_01
25.768,0.21326468853224584,sad,subject_02,subject_02_sad_session_01
25.772,0.16237028974579296,sad,subject_02,subject_02_sad_session_01
25.776,0.08874198479359352,sad,subject_02,subject_02_sad_session_01
25.78,0.003951786697271493,sad,subject_02,subject_02_sad_session_01
25.784,-0.12690474405670926,sad,subject_02,subject_02_sad_session_01
25.788,-0.059646668918046854,sad,subject_02,subject_02_sad_session_01
25.792,-0.021455894889955272,sad,subject_02,subject_02_sad_session_01
25.796,-0.061584357788465396,sad,subject_02,subject_02_sad_session_01
25.8,0.05725274260231433,sad,subject_02,subject_02_sad_session_01
25.804,-0.07787226203559887,sad,subject_02,subject_02_sad_session_01
25.808,0.00580492287558458,sad,subject_02,subject_02_sad_session_01
25.812,0.033143457822746775,sad,subject_02,subject_02_sad_session_01
25.816,0.023385395656104764,sad,subject_02,subject_02_sad_session_01
25.82,0.027384543731948357,sad,subject_02,subject_02_sad_session_01
25.824,-0.0052067627119773904,sad,subject_02,subject_02_sad_session_01
25.828,0.011338229051616515,sad,subject_02,subject_02_sad_session_01
25.832,0.04819381634388864,sad,subject_02,subject_02_sad_session_01
25.836,-0.03003043144319944,sad,subject_02,subject_02_sad_session_01
25.84,0.06306093972835311,sad,subject_02,subject_02_sad_session_01
25.844,0.0351714520941189,sad,subject_02,subject_02_sad_session_01
25.848,0.05804572490484089,sad,subject_02,subject_02_sad_session_01
25.852,0.06995643954852249,sad,subject_02,subject_02_sad_session_01
25.856,0.15976701262296056,sad,subject_02,subject_02_sad_session_01
25.86,0.09332368871853837,sad,subject_02,subject_02_sad_session_01
25.864,0.019021288435577377,sad,subject_02,subject_02_sad_session_01
25.868,0.1238422825574618,sad,subject_02,subject_02_sad_session_01
25.872,-0.018289648938324146,sad,subject_02,subject_02_sad_session_01
25.876,0.05411381844530855,sad,subject_02,subject_02_sad_session_01
25.88,0.07713823771423059,sad,subject_02,subject_02_sad_session_01
25.884,0.0668926693697758,sad,subject_02,subject_02_sad_session_01
25.888,0.08991440940271818,sad,subject_02,subject_02_sad_session_01
25.892,0.08140023489187269,sad,subject_02,subject_02_sad_session_01
25.896,0.1301421301734925,sad,subject_02,subject_02_sad_session_01
25.9,0.0823862140394833,sad,subject_02,subject_02_sad_session_01
25.904,0.09873492944631626,sad,subject_02,subject_02_sad_session_01
25.908,0.1607735324473909,sad,subject_02,subject_02_sad_session_01
25.912,0.14214599823323604,sad,subject_02,subject_02_sad_session_01
25.916,0.11350238107577489,sad,subject_02,subject_02_sad_session_01
25.92,0.13826013624333272,sad,subject_02,subject_02_sad_session_01
25.924,0.18572779616723523,sad,subject_02,subject_02_sad_session_01
25.928,0.09340392635788179,sad,subject_02,subject_02_sad_session_01
25.932,0.10761361946552564,sad,subject_02,subject_02_sad_session_01
25.936,0.12816873595489536,sad,subject_02,subject_02_sad_session_01
25.94,0.15693141253646656,sad,subject_02,subject_02_sad_session_01
25.944,0.1842834907018478,sad,subject_02,subject_02_sad_session_01
25.948,0.1368778151600591,sad,subject_02,subject_02_sad_session_01
25.952,0.13591093694662454,sad,subject_02,subject_02_sad_session_01
25.956,0.12886115414432242,sad,subject_02,subject_02_sad_session_01
25.96,0.1436782666631895,sad,subject_02,subject_02_sad_session_01
25.964,0.15566714856131958,sad,subject_02,subject_02_sad_session_01
25.968,0.11346218743400709,sad,subject_02,subject_02_sad_session_01
25.972,0.16416196270658337,sad,subject_02,subject_02_sad_session_01
25.976,0.15174138389511832,sad,subject_02,subject_02_sad_session_01
25.98,0.18010661594643143,sad,subject_02,subject_02_sad_session_01
25.984,0.23731902812130318,sad,subject_02,subject_02_sad_session_01
25.988,0.13947278364109522,sad,subject_02,subject_02_sad_session_01
25.992,0.21813100093097096,sad,subject_02,subject_02_sad_session_01
25.996,0.23771300746589785,sad,subject_02,subject_02_sad_session_01
26.0,0.21612931094429144,sad,subject_02,subject_02_sad_session_01
26.004,0.196490132117802,sad,subject_02,subject_02_sad_session_01
26.008,0.2242120452919471,sad,subject_02,subject_02_sad_session_01
26.012,0.20190312576193592,sad,subject_02,subject_02_sad_session_01
26.016,0.21392198268346888,sad,subject_02,subject_02_sad_session_01
26.02,0.18142346214785673,sad,subject_02,subject_02_sad_session_01
26.024,0.14291156050791048,sad,subject_02,subject_02_sad_session_01
26.028,0.20610838958652505,sad,subject_02,subject_02_sad_session_01
26.032,0.2456002256571704,sad,subject_02,subject_02_sad_session_01
26.036,0.15288132183772518,sad,subject_02,subject_02_sad_session_01
26.04,0.15924814635044346,sad,subject_02,subject_02_sad_session_01
26.044,0.15713168017165682,sad,subject_02,subject_02_sad_session_01
26.048,0.10465651001548018,sad,subject_02,subject_02_sad_session_01
26.052,0.11802098059056847,sad,subject_02,subject_02_sad_session_01
26.056,0.14716480517550762,sad,subject_02,subject_02_sad_session_01
26.06,0.1296232213697047,sad,subject_02,subject_02_sad_session_01
26.064,0.12723466626058533,sad,subject_02,subject_02_sad_session_01
26.068,0.12173658702517211,sad,subject_02,subject_02_sad_session_01
26.072,0.11160835576197645,sad,subject_02,subject_02_sad_session_01
26.076,0.08625248147157641,sad,subject_02,subject_02_sad_session_01
26.08,0.11640589036812178,sad,subject_02,subject_02_sad_session_01
26.084,0.10737973198859772,sad,subject_02,subject_02_sad_session_01
26.088,0.0653404683452051,sad,subject_02,subject_02_sad_session_01
26.092,0.09849596468484098,sad,subject_02,subject_02_sad_session_01
26.096,0.061760318024294394,sad,subject_02,subject_02_sad_session_01
26.1,0.09458957804821172,sad,subject_02,subject_02_sad_session_01
26.104,0.06837694632305481,sad,subject_02,subject_02_sad_session_01
26.108,0.07633058790458246,sad,subject_02,subject_02_sad_session_01
26.112,0.06478874605063419,sad,subject_02,subject_02_sad_session_01
26.116,0.05300436004632242,sad,subject_02,subject_02_sad_session_01
26.12,0.059883533456241776,sad,subject_02,subject_02_sad_session_01
26.124,0.07091147317893493,sad,subject_02,subject_02_sad_session_01
26.128,0.045043411968716085,sad,subject_02,subject_02_sad_session_01
26.132,0.04054436895542801,sad,subject_02,subject_02_sad_session_01
26.136,0.02299730425301892,sad,subject_02,subject_02_sad_session_01
26.14,-0.024540798711501933,sad,subject_02,subject_02_sad_session_01
26.144,0.027645993375920542,sad,subject_02,subject_02_sad_session_01
26.148,-0.014537768424661507,sad,subject_02,subject_02_sad_session_01
26.152,0.003492837993933604,sad,subject_02,subject_02_sad_session_01
26.156,-0.00829450039783386,sad,subject_02,subject_02_sad_session_01
26.16,-0.0064368929575395264,sad,subject_02,subject_02_sad_session_01
26.164,-0.0069783264359498925,sad,subject_02,subject_02_sad_session_01
26.168,0.02500527999096292,sad,subject_02,subject_02_sad_session_01
26.172,0.018351121576342066,sad,subject_02,subject_02_sad_session_01
26.176,0.009785804349433512,sad,subject_02,subject_02_sad_session_01
26.18,0.04097946257039786,sad,subject_02,subject_02_sad_session_01
26.184,0.0948311068256875,sad,subject_02,subject_02_sad_session_01
26.188,0.01681324920282667,sad,subject_02,subject_02_sad_session_01
26.192,0.027469293605088298,sad,subject_02,subject_02_sad_session_01
26.196,0.0073906613003669845,sad,subject_02,subject_02_sad_session_01
26.2,0.017279019072411694,sad,subject_02,subject_02_sad_session_01
26.204,-0.05193022938029779,sad,subject_02,subject_02_sad_session_01
26.208,-0.08528764544012711,sad,subject_02,subject_02_sad_session_01
26.212,-0.06843629304499946,sad,subject_02,subject_02_sad_session_01
26.216,-0.024543266456819167,sad,subject_02,subject_02_sad_session_01
26.22,0.03447996806035297,sad,subject_02,subject_02_sad_session_01
26.224,0.00047731191063974613,sad,subject_02,subject_02_sad_session_01
26.228,-0.019503651501975902,sad,subject_02,subject_02_sad_session_01
26.232,0.008750346962290085,sad,subject_02,subject_02_sad_session_01
26.236,0.0017578082712605934,sad,subject_02,subject_02_sad_session_01
26.24,-0.049951841238724176,sad,subject_02,subject_02_sad_session_01
26.244,0.004344983931611939,sad,subject_02,subject_02_sad_session_01
26.248,0.01485645165529761,sad,subject_02,subject_02_sad_session_01
26.252,0.052548470726440075,sad,subject_02,subject_02_sad_session_01
26.256,-0.013198761411587608,sad,subject_02,subject_02_sad_session_01
26.26,0.0396867121016278,sad,subject_02,subject_02_sad_session_01
26.264,-0.02356383925251865,sad,subject_02,subject_02_sad_session_01
26.268,0.05809770299214974,sad,subject_02,subject_02_sad_session_01
26.272,-0.029806544128111102,sad,subject_02,subject_02_sad_session_01
26.276,0.007075790321521119,sad,subject_02,subject_02_sad_session_01
26.28,-0.0038402169798493133,sad,subject_02,subject_02_sad_session_01
26.284,0.03202912483340502,sad,subject_02,subject_02_sad_session_01
26.288,0.02776397263837439,sad,subject_02,subject_02_sad_session_01
26.292,-0.04436225123138915,sad,subject_02,subject_02_sad_session_01
26.296,-0.023377582073589517,sad,subject_02,subject_02_sad_session_01
26.3,0.05030384868822009,sad,subject_02,subject_02_sad_session_01
26.304,-0.010703878651883034,sad,subject_02,subject_02_sad_session_01
26.308,0.01055538141550786,sad,subject_02,subject_02_sad_session_01
26.312,-0.04615502392253064,sad,subject_02,subject_02_sad_session_01
26.316,-0.021599797196895983,sad,subject_02,subject_02_sad_session_01
26.32,-0.03565859934422439,sad,subject_02,subject_02_sad_session_01
26.324,0.013210317646792116,sad,subject_02,subject_02_sad_session_01
26.328,0.007390252260862576,sad,subject_02,subject_02_sad_session_01
26.332,0.021805374485976498,sad,subject_02,subject_02_sad_session_01
26.336,-0.047622337253336186,sad,subject_02,subject_02_sad_session_01
26.34,0.0012393602050325744,sad,subject_02,subject_02_sad_session_01
26.344,-0.01476660066083281,sad,subject_02,subject_02_sad_session_01
26.348,-0.08885754934675481,sad,subject_02,subject_02_sad_session_01
26.352,-0.0017575490017318757,sad,subject_02,subject_02_sad_session_01
26.356,0.02298099234805986,sad,subject_02,subject_02_sad_session_01
26.36,0.031230734929455318,sad,subject_02,subject_02_sad_session_01
26.364,-0.01704698913061467,sad,subject_02,subject_02_sad_session_01
26.368,0.008827248633556026,sad,subject_02,subject_02_sad_session_01
26.372,0.00025711242990107686,sad,subject_02,subject_02_sad_session_01
26.376,-0.0389175702391102,sad,subject_02,subject_02_sad_session_01
26.38,-0.04297870027793371,sad,subject_02,subject_02_sad_session_01
26.384,-0.017425586025988586,sad,subject_02,subject_02_sad_session_01
26.388,-0.02290561608062653,sad,subject_02,subject_02_sad_session_01
26.392,-0.012948294302765645,sad,subject_02,subject_02_sad_session_01
26.396,-0.027790335009604324,sad,subject_02,subject_02_sad_session_01
26.4,-0.008430963082062554,sad,subject_02,subject_02_sad_session_01
26.404,-0.046205409045857605,sad,subject_02,subject_02_sad_session_01
26.408,0.032244283420382554,sad,subject_02,subject_02_sad_session_01
26.412,-0.06712175289027122,sad,subject_02,subject_02_sad_session_01
26.416,-0.013807605484663336,sad,subject_02,subject_02_sad_session_01
26.42,-0.01609925300149647,sad,subject_02,subject_02_sad_session_01
26.424,-0.012407238046030583,sad,subject_02,subject_02_sad_session_01
26.428,-0.03172658735994141,sad,subject_02,subject_02_sad_session_01
26.432,-0.04949348827084093,sad,subject_02,subject_02_sad_session_01
26.436,0.005624346899592739,sad,subject_02,subject_02_sad_session_01
26.44,-0.004813763035066303,sad,subject_02,subject_02_sad_session_01
26.444,0.016138099673173895,sad,subject_02,subject_02_sad_session_01
26.448,-0.04127355275225805,sad,subject_02,subject_02_sad_session_01
26.452,0.06368848173590066,sad,subject_02,subject_02_sad_session_01
26.456,0.0140857790289183,sad,subject_02,subject_02_sad_session_01
26.46,-0.07018321725261353,sad,subject_02,subject_02_sad_session_01
26.464,0.03156989961235394,sad,subject_02,subject_02_sad_session_01
26.468,0.01679090358865503,sad,subject_02,subject_02_sad_session_01
26.472,0.002132720046738666,sad,subject_02,subject_02_sad_session_01
26.476,0.07833566082206853,sad,subject_02,subject_02_sad_session_01
26.48,0.07449440802345891,sad,subject_02,subject_02_sad_session_01
26.484,0.06197669916845453,sad,subject_02,subject_02_sad_session_01
26.488,0.05895287870298536,sad,subject_02,subject_02_sad_session_01
26.492,0.07640851906126489,sad,subject_02,subject_02_sad_session_01
26.496,0.018151977048365152,sad,subject_02,subject_02_sad_session_01
26.5,0.0749814642460985,sad,subject_02,subject_02_sad_session_01
26.504,0.109530712908822,sad,subject_02,subject_02_sad_session_01
26.508,0.10613367839571619,sad,subject_02,subject_02_sad_session_01
26.512,0.045238968497711536,sad,subject_02,subject_02_sad_session_01
26.516,0.08339908210439921,sad,subject_02,subject_02_sad_session_01
26.52,0.04444646551663859,sad,subject_02,subject_02_sad_session_01
26.524,0.08235213219571635,sad,subject_02,subject_02_sad_session_01
26.528,0.05380595450720717,sad,subject_02,subject_02_sad_session_01
26.532,0.04825027609336162,sad,subject_02,subject_02_sad_session_01
26.536,0.08236434859892001,sad,subject_02,subject_02_sad_session_01
26.54,0.046470021710477726,sad,subject_02,subject_02_sad_session_01
26.544,0.04044781973247519,sad,subject_02,subject_02_sad_session_01
26.548,0.07039054926253142,sad,subject_02,subject_02_sad_session_01
26.552,0.01054792589144199,sad,subject_02,subject_02_sad_session_01
26.556,0.04017754217715517,sad,subject_02,subject_02_sad_session_01
26.56,-0.0016380773735555146,sad,subject_02,subject_02_sad_session_01
26.564,-0.0016574499930509454,sad,subject_02,subject_02_sad_session_01
26.568,0.06860966293546845,sad,subject_02,subject_02_sad_session_01
26.572,0.015551731188229523,sad,subject_02,subject_02_sad_session_01
26.576,0.0012119583148993904,sad,subject_02,subject_02_sad_session_01
26.58,0.04314179009877671,sad,subject_02,subject_02_sad_session_01
26.584,0.06122828025575646,sad,subject_02,subject_02_sad_session_01
26.588,0.015724904621397508,sad,subject_02,subject_02_sad_session_01
26.592,0.03454796103625263,sad,subject_02,subject_02_sad_session_01
26.596,-0.016529617172723252,sad,subject_02,subject_02_sad_session_01
26.6,-0.0019049551802811635,sad,subject_02,subject_02_sad_session_01
26.604,-0.006519838772459873,sad,subject_02,subject_02_sad_session_01
26.608,0.00011745030292431395,sad,subject_02,subject_02_sad_session_01
26.612,0.016814096436878236,sad,subject_02,subject_02_sad_session_01
26.616,-0.058424981934589684,sad,subject_02,subject_02_sad_session_01
26.62,-0.042966509712748686,sad,subject_02,subject_02_sad_session_01
26.624,-0.03247869873396441,sad,subject_02,subject_02_sad_session_01
26.628,-0.048442407813577504,sad,subject_02,subject_02_sad_session_01
26.632,-0.013647296570175969,sad,subject_02,subject_02_sad_session_01
26.636,-0.015040548518075389,sad,subject_02,subject_02_sad_session_01
26.64,-0.020678979898671852,sad,subject_02,subject_02_sad_session_01
26.644,-0.03532243076966232,sad,subject_02,subject_02_sad_session_01
26.648,0.016310440279366824,sad,subject_02,subject_02_sad_session_01
26.652,-0.018870012220374845,sad,subject_02,subject_02_sad_session_01
26.656,-0.03196262126895298,sad,subject_02,subject_02_sad_session_01
26.66,-0.028981940831927323,sad,subject_02,subject_02_sad_session_01
26.664,-0.013975960340994499,sad,subject_02,subject_02_sad_session_01
26.668,-0.03649113279784082,sad,subject_02,subject_02_sad_session_01
26.672,-0.07443059043673486,sad,subject_02,subject_02_sad_session_01
26.676,0.004351949449869608,sad,subject_02,subject_02_sad_session_01
26.68,-0.022717596653580134,sad,subject_02,subject_02_sad_session_01
26.684,-0.040504073579416114,sad,subject_02,subject_02_sad_session_01
26.688,-0.0063962789325273245,sad,subject_02,subject_02_sad_session_01
26.692,0.14701187344070635,sad,subject_02,subject_02_sad_session_01
26.696,0.26395065572864507,sad,subject_02,subject_02_sad_session_01
26.7,0.35050302804857375,sad,subject_02,subject_02_sad_session_01
26.704,0.46980549214871076,sad,subject_02,subject_02_sad_session_01
26.708,0.5763073355329787,sad,subject_02,subject_02_sad_session_01
26.712,0.6429513576497159,sad,subject_02,subject_02_sad_session_01
26.716,0.6479155214720428,sad,subject_02,subject_02_sad_session_01
26.72,0.6956929883472874,sad,subject_02,subject_02_sad_session_01
26.724,0.7184556738584638,sad,subject_02,subject_02_sad_session_01
26.728,0.6515143612757394,sad,subject_02,subject_02_sad_session_01
26.732,0.5350907129724051,sad,subject_02,subject_02_sad_session_01
26.736,0.40935485625585993,sad,subject_02,subject_02_sad_session_01
26.74,0.3060383210566074,sad,subject_02,subject_02_sad_session_01
26.744,0.16862429639538545,sad,subject_02,subject_02_sad_session_01
26.748,0.06927823655128529,sad,subject_02,subject_02_sad_session_01
26.752,-0.008411742994596816,sad,subject_02,subject_02_sad_session_01
26.756,-0.09225004495994968,sad,subject_02,subject_02_sad_session_01
26.76,-0.07444683955243316,sad,subject_02,subject_02_sad_session_01
26.764,-0.11038839130895471,sad,subject_02,subject_02_sad_session_01
26.768,-0.08229769902604146,sad,subject_02,subject_02_sad_session_01
26.772,-0.07841472570807083,sad,subject_02,subject_02_sad_session_01
26.776,-0.0155089479456752,sad,subject_02,subject_02_sad_session_01
26.78,-0.028945817334132852,sad,subject_02,subject_02_sad_session_01
26.784,-0.020158592182576304,sad,subject_02,subject_02_sad_session_01
26.788,-0.012156884889954301,sad,subject_02,subject_02_sad_session_01
26.792,0.04535772751964252,sad,subject_02,subject_02_sad_session_01
26.796,-0.014295554200465821,sad,subject_02,subject_02_sad_session_01
26.8,-0.004943396394210571,sad,subject_02,subject_02_sad_session_01
26.804,-0.00408860094969145,sad,subject_02,subject_02_sad_session_01
26.808,-0.06371439912782342,sad,subject_02,subject_02_sad_session_01
26.812,0.000608317848399883,sad,subject_02,subject_02_sad_session_01
26.816,0.031001231677735167,sad,subject_02,subject_02_sad_session_01
26.82,0.018832958978172228,sad,subject_02,subject_02_sad_session_01
26.824,0.05179631864553663,sad,subject_02,subject_02_sad_session_01
26.828,0.033311770464888674,sad,subject_02,subject_02_sad_session_01
26.832,0.028295786081721862,sad,subject_02,subject_02_sad_session_01
26.836,0.04359971278947264,sad,subject_02,subject_02_sad_session_01
26.84,0.031786180197468955,sad,subject_02,subject_02_sad_session_01
26.844,0.01654005780414843,sad,subject_02,subject_02_sad_session_01
26.848,0.025420593862707494,sad,subject_02,subject_02_sad_session_01
26.852,-0.03770169295378288,sad,subject_02,subject_02_sad_session_01
26.856,0.08634151277815258,sad,subject_02,subject_02_sad_session_01
26.86,0.037417808432646256,sad,subject_02,subject_02_sad_session_01
26.864,0.017102846898586155,sad,subject_02,subject_02_sad_session_01
26.868,0.042606185840819405,sad,subject_02,subject_02_sad_session_01
26.872,0.1116314328745378,sad,subject_02,subject_02_sad_session_01
26.876,0.06650601516663221,sad,subject_02,subject_02_sad_session_01
26.88,0.07758467368682702,sad,subject_02,subject_02_sad_session_01
26.884,0.1380549312051605,sad,subject_02,subject_02_sad_session_01
26.888,0.10616847363704336,sad,subject_02,subject_02_sad_session_01
26.892,0.07811269004400502,sad,subject_02,subject_02_sad_session_01
26.896,0.041403604360359086,sad,subject_02,subject_02_sad_session_01
26.9,0.11716783804120603,sad,subject_02,subject_02_sad_session_01
26.904,0.08317680984919865,sad,subject_02,subject_02_sad_session_01
26.908,0.12874326662550653,sad,subject_02,subject_02_sad_session_01
26.912,0.11278547399378487,sad,subject_02,subject_02_sad_session_01
26.916,0.13161250741007594,sad,subject_02,subject_02_sad_session_01
26.92,0.15114200387881752,sad,subject_02,subject_02_sad_session_01
26.924,0.07707334446673503,sad,subject_02,subject_02_sad_session_01
26.928,0.13723397989058161,sad,subject_02,subject_02_sad_session_01
26.932,0.13695447832502552,sad,subject_02,subject_02_sad_session_01
26.936,0.14994402725864686,sad,subject_02,subject_02_sad_session_01
26.94,0.1598956399844417,sad,subject_02,subject_02_sad_session_01
26.944,0.15240842490490447,sad,subject_02,subject_02_sad_session_01
26.948,0.13110196129355603,sad,subject_02,subject_02_sad_session_01
26.952,0.11892951650216133,sad,subject_02,subject_02_sad_session_01
26.956,0.10702272633236232,sad,subject_02,subject_02_sad_session_01
26.96,0.15964085213997903,sad,subject_02,subject_02_sad_session_01
26.964,0.17279279420781132,sad,subject_02,subject_02_sad_session_01
26.968,0.14720854263362354,sad,subject_02,subject_02_sad_session_01
26.972,0.18240211534599718,sad,subject_02,subject_02_sad_session_01
26.976,0.1535895797852922,sad,subject_02,subject_02_sad_session_01
26.98,0.1535353613705239,sad,subject_02,subject_02_sad_session_01
26.984,0.11158112383014297,sad,subject_02,subject_02_sad_session_01
26.988,0.13960411414830803,sad,subject_02,subject_02_sad_session_01
26.992,0.1782695158978411,sad,subject_02,subject_02_sad_session_01
26.996,0.18990314629368682,sad,subject_02,subject_02_sad_session_01
27.0,0.1391978697215044,sad,subject_02,subject_02_sad_session_01
27.004,0.1674763409632724,sad,subject_02,subject_02_sad_session_01
27.008,0.1800999617381629,sad,subject_02,subject_02_sad_session_01
27.012,0.10542608279663816,sad,subject_02,subject_02_sad_session_01
27.016,0.13865577668713377,sad,subject_02,subject_02_sad_session_01
27.02,0.13016102346935757,sad,subject_02,subject_02_sad_session_01
27.024,0.15178544225905533,sad,subject_02,subject_02_sad_session_01
27.028,0.0893617354935437,sad,subject_02,subject_02_sad_session_01
27.032,0.11859585994175253,sad,subject_02,subject_02_sad_session_01
27.036,0.0959457444854565,sad,subject_02,subject_02_sad_session_01
27.04,0.1109079878189708,sad,subject_02,subject_02_sad_session_01
27.044,0.12918916506209666,sad,subject_02,subject_02_sad_session_01
27.048,0.1312106693858608,sad,subject_02,subject_02_sad_session_01
27.052,0.11812691933144398,sad,subject_02,subject_02_sad_session_01
27.056,0.04585746469298732,sad,subject_02,subject_02_sad_session_01
27.06,0.055761681171622626,sad,subject_02,subject_02_sad_session_01
27.064,0.09459121652294764,sad,subject_02,subject_02_sad_session_01
27.068,0.07708553775470643,sad,subject_02,subject_02_sad_session_01
27.072,0.04571048597107576,sad,subject_02,subject_02_sad_session_01
27.076,0.020879650307021057,sad,subject_02,subject_02_sad_session_01
27.08,-0.07390113730335474,sad,subject_02,subject_02_sad_session_01
27.084,-0.009430744183757889,sad,subject_02,subject_02_sad_session_01
27.088,0.02449730350778001,sad,subject_02,subject_02_sad_session_01
27.092,0.020406419007131478,sad,subject_02,subject_02_sad_session_01
27.096,0.03709559564356672,sad,subject_02,subject_02_sad_session_01
27.1,0.03866230652928429,sad,subject_02,subject_02_sad_session_01
27.104,0.08444022554461122,sad,subject_02,subject_02_sad_session_01
27.108,-0.010159823434950482,sad,subject_02,subject_02_sad_session_01
27.112,-0.049125039476024465,sad,subject_02,subject_02_sad_session_01
27.116,-0.02177160109632849,sad,subject_02,subject_02_sad_session_01
27.12,0.05329043005849804,sad,subject_02,subject_02_sad_session_01
27.124,0.000472526986605248,sad,subject_02,subject_02_sad_session_01
27.128,0.02775484027395972,sad,subject_02,subject_02_sad_session_01
27.132,-0.022009724131509426,sad,subject_02,subject_02_sad_session_01
27.136,-0.022485733686659015,sad,subject_02,subject_02_sad_session_01
27.14,-0.0610067356315836,sad,subject_02,subject_02_sad_session_01
27.144,-0.02146737927105398,sad,subject_02,subject_02_sad_session_01
27.148,-0.0130171469292129,sad,subject_02,subject_02_sad_session_01
27.152,0.011041889864233939,sad,subject_02,subject_02_sad_session_01
27.156,0.00035518566029280746,sad,subject_02,subject_02_sad_session_01
27.16,0.041784012684846064,sad,subject_02,subject_02_sad_session_01
27.164,-0.02366482823685056,sad,subject_02,subject_02_sad_session_01
27.168,-0.01287346799781573,sad,subject_02,subject_02_sad_session_01
27.172,-0.021601819760972453,sad,subject_02,subject_02_sad_session_01
27.176,-0.04286622661007264,sad,subject_02,subject_02_sad_session_01
27.18,-0.010505470004070788,sad,subject_02,subject_02_sad_session_01
27.184,-0.031759202305547726,sad,subject_02,subject_02_sad_session_01
27.188,0.025797290238162206,sad,subject_02,subject_02_sad_session_01
27.192,-0.048317044819616295,sad,subject_02,subject_02_sad_session_01
27.196,-0.0352955851012154,sad,subject_02,subject_02_sad_session_01
27.2,-0.06281887233512787,sad,subject_02,subject_02_sad_session_01
27.204,-0.015704340988146076,sad,subject_02,subject_02_sad_session_01
27.208,-0.06597996723554027,sad,subject_02,subject_02_sad_session_01
27.212,-0.026650996038881918,sad,subject_02,subject_02_sad_session_01
27.216,-0.0616888203811263,sad,subject_02,subject_02_sad_session_01
27.22,-0.05630519876583967,sad,subject_02,subject_02_sad_session_01
27.224,-0.049888290951343915,sad,subject_02,subject_02_sad_session_01
27.228,-0.005170400783107456,sad,subject_02,subject_02_sad_session_01
27.232,-0.029981689867781252,sad,subject_02,subject_02_sad_session_01
27.236,-0.030894342130955838,sad,subject_02,subject_02_sad_session_01
27.24,-0.010385461890728212,sad,subject_02,subject_02_sad_session_01
27.244,-0.0470900576984203,sad,subject_02,subject_02_sad_session_01
27.248,-0.08627380430053991,sad,subject_02,subject_02_sad_session_01
27.252,-0.060269324943772754,sad,subject_02,subject_02_sad_session_01
27.256,-0.035867634478270835,sad,subject_02,subject_02_sad_session_01
27.26,-0.028736310099671255,sad,subject_02,subject_02_sad_session_01
27.264,-0.010473968601379054,sad,subject_02,subject_02_sad_session_01
27.268,-0.031554240627814076,sad,subject_02,subject_02_sad_session_01
27.272,0.0033570084482590426,sad,subject_02,subject_02_sad_session_01
27.276,-0.01625224687479131,sad,subject_02,subject_02_sad_session_01
27.28,-0.06928353853166683,sad,subject_02,subject_02_sad_session_01
27.284,-0.10339567007740919,sad,subject_02,subject_02_sad_session_01
27.288,-0.057131893015383545,sad,subject_02,subject_02_sad_session_01
27.292,-0.02270290011143006,sad,subject_02,subject_02_sad_session_01
27.296,-0.01563132786938016,sad,subject_02,subject_02_sad_session_01
27.3,-0.02984697230550993,sad,subject_02,subject_02_sad_session_01
27.304,-0.02299381746950851,sad,subject_02,subject_02_sad_session_01
27.308,0.01310266358547204,sad,subject_02,subject_02_sad_session_01
27.312,-0.026002201035063264,sad,subject_02,subject_02_sad_session_01
27.316,-0.015830327720138655,sad,subject_02,subject_02_sad_session_01
27.32,0.021671157548873846,sad,subject_02,subject_02_sad_session_01
27.324,-0.08045410108431357,sad,subject_02,subject_02_sad_session_01
27.328,0.025295824832469487,sad,subject_02,subject_02_sad_session_01
27.332,-0.1026376258280422,sad,subject_02,subject_02_sad_session_01
27.336,-0.05049842703233126,sad,subject_02,subject_02_sad_session_01
27.34,-0.04232667486525114,sad,subject_02,subject_02_sad_session_01
27.344,-0.07436167511087875,sad,subject_02,subject_02_sad_session_01
27.348,-0.03008938934308456,sad,subject_02,subject_02_sad_session_01
27.352,-0.02642107466684365,sad,subject_02,subject_02_sad_session_01
27.356,-0.00237944975872666,sad,subject_02,subject_02_sad_session_01
27.36,-0.00298212491118581,sad,subject_02,subject_02_sad_session_01
27.364,-0.01857505694818893,sad,subject_02,subject_02_sad_session_01
27.368,0.010292623280344856,sad,subject_02,subject_02_sad_session_01
27.372,-0.003286606847862996,sad,subject_02,subject_02_sad_session_01
27.376,-0.031633280024911614,sad,subject_02,subject_02_sad_session_01
27.38,-0.01741948506784052,sad,subject_02,subject_02_sad_session_01
27.384,-0.039001405309926254,sad,subject_02,subject_02_sad_session_01
27.388,-0.05544014180110908,sad,subject_02,subject_02_sad_session_01
27.392,-0.00436487562081104,sad,subject_02,subject_02_sad_session_01
27.396,-0.06045064929225227,sad,subject_02,subject_02_sad_session_01
27.4,-0.019118531970814732,sad,subject_02,subject_02_sad_session_01
27.404,-0.08015146462039188,sad,subject_02,subject_02_sad_session_01
27.408,-0.006481234178219325,sad,subject_02,subject_02_sad_session_01
27.412,-0.027485068945204857,sad,subject_02,subject_02_sad_session_01
27.416,0.014651863925892298,sad,subject_02,subject_02_sad_session_01
27.42,-0.005434012462366375,sad,subject_02,subject_02_sad_session_01
27.424,0.0013972227752529608,sad,subject_02,subject_02_sad_session_01
27.428,0.011114049874680886,sad,subject_02,subject_02_sad_session_01
27.432,-0.004154353322951132,sad,subject_02,subject_02_sad_session_01
27.436,0.0021181159355681094,sad,subject_02,subject_02_sad_session_01
27.44,0.007297017635994399,sad,subject_02,subject_02_sad_session_01
27.444,0.025876021099877793,sad,subject_02,subject_02_sad_session_01
27.448,0.018391160550809818,sad,subject_02,subject_02_sad_session_01
27.452,0.05412378972775076,sad,subject_02,subject_02_sad_session_01
27.456,-0.007015543587039347,sad,subject_02,subject_02_sad_session_01
27.46,0.006434602509945327,sad,subject_02,subject_02_sad_session_01
27.464,0.11316839918545292,sad,subject_02,subject_02_sad_session_01
27.468,0.048261974192743695,sad,subject_02,subject_02_sad_session_01
27.472,0.035199264253127534,sad,subject_02,subject_02_sad_session_01
27.476,0.06871846419768564,sad,subject_02,subject_02_sad_session_01
27.48,0.09574707141895922,sad,subject_02,subject_02_sad_session_01
27.484,0.09455300559220985,sad,subject_02,subject_02_sad_session_01
27.488,0.054745716768006526,sad,subject_02,subject_02_sad_session_01
27.492,0.06292132801819643,sad,subject_02,subject_02_sad_session_01
27.496,0.06861670990622376,sad,subject_02,subject_02_sad_session_01
27.5,0.08751032495749729,sad,subject_02,subject_02_sad_session_01
27.504,0.07830027396240309,sad,subject_02,subject_02_sad_session_01
27.508,0.04745142477711837,sad,subject_02,subject_02_sad_session_01
27.512,0.05700973285419163,sad,subject_02,subject_02_sad_session_01
27.516,0.061041055767534394,sad,subject_02,subject_02_sad_session_01
27.52,0.1096138274033216,sad,subject_02,subject_02_sad_session_01
27.524,0.05551753427004878,sad,subject_02,subject_02_sad_session_01
27.528,0.1554114718524839,sad,subject_02,subject_02_sad_session_01
27.532,0.04310754571130195,sad,subject_02,subject_02_sad_session_01
27.536,-0.004458191799301271,sad,subject_02,subject_02_sad_session_01
27.54,0.05133682656756668,sad,subject_02,subject_02_sad_session_01
27.544,0.06698079218588703,sad,subject_02,subject_02_sad_session_01
27.548,0.044663461575632356,sad,subject_02,subject_02_sad_session_01
27.552,0.031310013132265654,sad,subject_02,subject_02_sad_session_01
27.556,0.009231841820306575,sad,subject_02,subject_02_sad_session_01
27.56,0.007548179063916237,sad,subject_02,subject_02_sad_session_01
27.564,-0.05794433291643877,sad,subject_02,subject_02_sad_session_01
27.568,0.0337595703915371,sad,subject_02,subject_02_sad_session_01
27.572,-0.0069316950172890685,sad,subject_02,subject_02_sad_session_01
27.576,0.03564176833996892,sad,subject_02,subject_02_sad_session_01
27.58,-0.01756979826527182,sad,subject_02,subject_02_sad_session_01
27.584,-0.005696693254574353,sad,subject_02,subject_02_sad_session_01
27.588,0.031209027280262144,sad,subject_02,subject_02_sad_session_01
27.592,0.031942084070252216,sad,subject_02,subject_02_sad_session_01
27.596,0.015516723908986113,sad,subject_02,subject_02_sad_session_01
27.6,-0.06718088930913911,sad,subject_02,subject_02_sad_session_01
27.604,-0.050452281268071705,sad,subject_02,subject_02_sad_session_01
27.608,0.008003173254539624,sad,subject_02,subject_02_sad_session_01
27.612,-0.034699321904760244,sad,subject_02,subject_02_sad_session_01
27.616,-0.012123022806384555,sad,subject_02,subject_02_sad_session_01
27.62,-0.00866358949956169,sad,subject_02,subject_02_sad_session_01
27.624,-0.007896259330977401,sad,subject_02,subject_02_sad_session_01
27.628,-0.04843475399939798,sad,subject_02,subject_02_sad_session_01
27.632,0.011728495542602635,sad,subject_02,subject_02_sad_session_01
27.636,-0.03847657707037557,sad,subject_02,subject_02_sad_session_01
27.64,-0.010614645776681263,sad,subject_02,subject_02_sad_session_01
27.644,-0.04091397470813945,sad,subject_02,subject_02_sad_session_01
27.648,0.018649618500322068,sad,subject_02,subject_02_sad_session_01
27.652,0.007516809782895817,sad,subject_02,subject_02_sad_session_01
27.656,0.04507240032044773,sad,subject_02,subject_02_sad_session_01
27.66,0.068142680698516,sad,subject_02,subject_02_sad_session_01
27.664,0.0760652194363677,sad,subject_02,subject_02_sad_session_01
27.668,0.14923369998957176,sad,subject_02,subject_02_sad_session_01
27.672,0.2350173655702211,sad,subject_02,subject_02_sad_session_01
27.676,0.3910296101556572,sad,subject_02,subject_02_sad_session_01
27.68,0.4971406237065242,sad,subject_02,subject_02_sad_session_01
27.684,0.5963342502170663,sad,subject_02,subject_02_sad_session_01
27.688,0.650708980544874,sad,subject_02,subject_02_sad_session_01
27.692,0.7318138403656661,sad,subject_02,subject_02_sad_session_01
27.696,0.7162985098475997,sad,subject_02,subject_02_sad_session_01
27.7,0.6796997886099281,sad,subject_02,subject_02_sad_session_01
27.704,0.6282846475444113,sad,subject_02,subject_02_sad_session_01
27.708,0.5205822294836784,sad,subject_02,subject_02_sad_session_01
27.712,0.3609809043916735,sad,subject_02,subject_02_sad_session_01
27.716,0.2549929848165595,sad,subject_02,subject_02_sad_session_01
27.72,0.1761622845762979,sad,subject_02,subject_02_sad_session_01
27.724,0.05786669815900461,sad,subject_02,subject_02_sad_session_01
27.728,-0.07490775600557878,sad,subject_02,subject_02_sad_session_01
27.732,-0.043758573462391245,sad,subject_02,subject_02_sad_session_01
27.736,-0.08822415343472172,sad,subject_02,subject_02_sad_session_01
27.74,-0.11999027796640094,sad,subject_02,subject_02_sad_session_01
27.744,-0.09631783557302931,sad,subject_02,subject_02_sad_session_01
27.748,-0.05332784158225684,sad,subject_02,subject_02_sad_session_01
27.752,-0.10604887896953889,sad,subject_02,subject_02_sad_session_01
27.756,-0.011393318318070412,sad,subject_02,subject_02_sad_session_01
27.76,0.017523853655524044,sad,subject_02,subject_02_sad_session_01
27.764,0.022992949766400185,sad,subject_02,subject_02_sad_session_01
27.768,0.036597595209144386,sad,subject_02,subject_02_sad_session_01
27.772,-0.017398353661698507,sad,subject_02,subject_02_sad_session_01
27.776,0.04017293260940143,sad,subject_02,subject_02_sad_session_01
27.78,0.02011969377709605,sad,subject_02,subject_02_sad_session_01
27.784,-0.010374579569162443,sad,subject_02,subject_02_sad_session_01
27.788,0.0315098432288826,sad,subject_02,subject_02_sad_session_01
27.792,0.033576489129912526,sad,subject_02,subject_02_sad_session_01
27.796,0.06986468893785522,sad,subject_02,subject_02_sad_session_01
27.8,0.06293027034935111,sad,subject_02,subject_02_sad_session_01
27.804,0.009869788764575251,sad,subject_02,subject_02_sad_session_01
27.808,0.044588068216059595,sad,subject_02,subject_02_sad_session_01
27.812,0.04825672617791149,sad,subject_02,subject_02_sad_session_01
27.816,0.05009492204306,sad,subject_02,subject_02_sad_session_01
27.82,0.03781288071054694,sad,subject_02,subject_02_sad_session_01
27.824,0.10420053133506671,sad,subject_02,subject_02_sad_session_01
27.828,0.03766093264288521,sad,subject_02,subject_02_sad_session_01
27.832,0.11132359649004706,sad,subject_02,subject_02_sad_session_01
27.836,0.023737597301246097,sad,subject_02,subject_02_sad_session_01
27.84,0.06034772602857265,sad,subject_02,subject_02_sad_session_01
27.844,0.10017920784102771,sad,subject_02,subject_02_sad_session_01
27.848,0.0512343987047634,sad,subject_02,subject_02_sad_session_01
27.852,0.0664523638547535,sad,subject_02,subject_02_sad_session_01
27.856,0.1103180365823404,sad,subject_02,subject_02_sad_session_01
27.86,0.04824466223728997,sad,subject_02,subject_02_sad_session_01
27.864,0.13910099566995202,sad,subject_02,subject_02_sad_session_01
27.868,0.1561827812016981,sad,subject_02,subject_02_sad_session_01
27.872,0.16331709003395967,sad,subject_02,subject_02_sad_session_01
27.876,0.13323379514317496,sad,subject_02,subject_02_sad_session_01
27.88,0.11634651688646001,sad,subject_02,subject_02_sad_session_01
27.884,0.12390548302510308,sad,subject_02,subject_02_sad_session_01
27.888,0.14885055257426671,sad,subject_02,subject_02_sad_session_01
27.892,0.14938999715950005,sad,subject_02,subject_02_sad_session_01
27.896,0.1391573646530352,sad,subject_02,subject_02_sad_session_01
27.9,0.20290153353195328,sad,subject_02,subject_02_sad_session_01
27.904,0.15254297175696518,sad,subject_02,subject_02_sad_session_01
27.908,0.2072896825236142,sad,subject_02,subject_02_sad_session_01
27.912,0.17108078771851046,sad,subject_02,subject_02_sad_session_01
27.916,0.1727748767300009,sad,subject_02,subject_02_sad_session_01
27.92,0.19035318556896957,sad,subject_02,subject_02_sad_session_01
27.924,0.19273510367858201,sad,subject_02,subject_02_sad_session_01
27.928,0.17559661307351063,sad,subject_02,subject_02_sad_session_01
27.932,0.19878676295444378,sad,subject_02,subject_02_sad_session_01
27.936,0.20393573212095986,sad,subject_02,subject_02_sad_session_01
27.94,0.23390946520552705,sad,subject_02,subject_02_sad_session_01
27.944,0.18698971987330112,sad,subject_02,subject_02_sad_session_01
27.948,0.16149452631342662,sad,subject_02,subject_02_sad_session_01
27.952,0.1641927550285059,sad,subject_02,subject_02_sad_session_01
27.956,0.2546984437377534,sad,subject_02,subject_02_sad_session_01
27.96,0.1259515422940689,sad,subject_02,subject_02_sad_session_01
27.964,0.14488680970075238,sad,subject_02,subject_02_sad_session_01
27.968,0.17917389220344418,sad,subject_02,subject_02_sad_session_01
27.972,0.15733887944957736,sad,subject_02,subject_02_sad_session_01
27.976,0.19736471797664096,sad,subject_02,subject_02_sad_session_01
27.98,0.1913779705657522,sad,subject_02,subject_02_sad_session_01
27.984,0.14968866918960363,sad,subject_02,subject_02_sad_session_01
27.988,0.20681596304094038,sad,subject_02,subject_02_sad_session_01
27.992,0.12429103253575363,sad,subject_02,subject_02_sad_session_01
27.996,0.130702470054363,sad,subject_02,subject_02_sad_session_01
28.0,0.19519570204583306,sad,subject_02,subject_02_sad_session_01
28.004,0.10386665009466231,sad,subject_02,subject_02_sad_session_01
28.008,0.1482797662392332,sad,subject_02,subject_02_sad_session_01
28.012,0.17963475676045842,sad,subject_02,subject_02_sad_session_01
28.016,0.049225152510683864,sad,subject_02,subject_02_sad_session_01
28.02,0.11161999372130434,sad,subject_02,subject_02_sad_session_01
28.024,0.14468917548798085,sad,subject_02,subject_02_sad_session_01
28.028,0.10266472609041685,sad,subject_02,subject_02_sad_session_01
28.032,0.10707038137958078,sad,subject_02,subject_02_sad_session_01
28.036,0.10550431194466588,sad,subject_02,subject_02_sad_session_01
28.04,0.10388972861970372,sad,subject_02,subject_02_sad_session_01
28.044,0.06507054889211208,sad,subject_02,subject_02_sad_session_01
28.048,0.1070884881793493,sad,subject_02,subject_02_sad_session_01
28.052,0.08674042676772,sad,subject_02,subject_02_sad_session_01
28.056,0.03984777447289419,sad,subject_02,subject_02_sad_session_01
28.06,0.055565992695250095,sad,subject_02,subject_02_sad_session_01
28.064,0.02262395634003115,sad,subject_02,subject_02_sad_session_01
28.068,0.06710455331965076,sad,subject_02,subject_02_sad_session_01
28.072,0.07127532019522333,sad,subject_02,subject_02_sad_session_01
28.076,0.05898865313232253,sad,subject_02,subject_02_sad_session_01
28.08,0.06539320547988169,sad,subject_02,subject_02_sad_session_01
28.084,0.04938518101726255,sad,subject_02,subject_02_sad_session_01
28.088,0.06493578424655627,sad,subject_02,subject_02_sad_session_01
28.092,0.035134604493936315,sad,subject_02,subject_02_sad_session_01
28.096,0.057130879330192993,sad,subject_02,subject_02_sad_session_01
28.1,-0.0051923972410379965,sad,subject_02,subject_02_sad_session_01
28.104,-0.011029436567694124,sad,subject_02,subject_02_sad_session_01
28.108,0.031182546579691318,sad,subject_02,subject_02_sad_session_01
28.112,0.04699899376598514,sad,subject_02,subject_02_sad_session_01
28.116,0.016220944509400703,sad,subject_02,subject_02_sad_session_01
28.12,0.041896261662074955,sad,subject_02,subject_02_sad_session_01
28.124,0.030440085402076607,sad,subject_02,subject_02_sad_session_01
28.128,-0.04177727288630685,sad,subject_02,subject_02_sad_session_01
28.132,0.08807820248079523,sad,subject_02,subject_02_sad_session_01
28.136,-0.020558460043943242,sad,subject_02,subject_02_sad_session_01
28.14,-0.012188074085472116,sad,subject_02,subject_02_sad_session_01
28.144,0.0497114547012819,sad,subject_02,subject_02_sad_session_01
28.148,0.014997294512991102,sad,subject_02,subject_02_sad_session_01
28.152,-0.00934718552703423,sad,subject_02,subject_02_sad_session_01
28.156,-0.001025375643114933,sad,subject_02,subject_02_sad_session_01
28.16,-0.013888992272136948,sad,subject_02,subject_02_sad_session_01
28.164,-0.011944330812230782,sad,subject_02,subject_02_sad_session_01
28.168,0.03535529500105872,sad,subject_02,subject_02_sad_session_01
28.172,-0.003590811943255969,sad,subject_02,subject_02_sad_session_01
28.176,-0.020964990767944,sad,subject_02,subject_02_sad_session_01
28.18,-0.011923921538432924,sad,subject_02,subject_02_sad_session_01
28.184,0.0060517624926010516,sad,subject_02,subject_02_sad_session_01
28.188,-0.011882227318234852,sad,subject_02,subject_02_sad_session_01
28.192,0.0012668994806629766,sad,subject_02,subject_02_sad_session_01
28.196,0.020899998519322935,sad,subject_02,subject_02_sad_session_01
28.2,-0.003988383805907896,sad,subject_02,subject_02_sad_session_01
28.204,-0.015349380434028202,sad,subject_02,subject_02_sad_session_01
28.208,-0.010432690988975844,sad,subject_02,subject_02_sad_session_01
28.212,0.05228527903986409,sad,subject_02,subject_02_sad_session_01
28.216,0.07583686321498158,sad,subject_02,subject_02_sad_session_01
28.22,0.012054776131170385,sad,subject_02,subject_02_sad_session_01
28.224,0.03251448617915592,sad,subject_02,subject_02_sad_session_01
28.228,-0.01732161810359935,sad,subject_02,subject_02_sad_session_01
28.232,-0.006711724724672557,sad,subject_02,subject_02_sad_session_01
28.236,0.02461787429571352,sad,subject_02,subject_02_sad_session_01
28.24,-0.05965614594427347,sad,subject_02,subject_02_sad_session_01
28.244,0.034571378936812676,sad,subject_02,subject_02_sad_session_01
28.248,-0.005399578725009199,sad,subject_02,subject_02_sad_session_01
28.252,-0.02064911309960958,sad,subject_02,subject_02_sad_session_01
28.256,0.02348562127962719,sad,subject_02,subject_02_sad_session_01
28.26,0.055270019713220916,sad,subject_02,subject_02_sad_session_01
28.264,0.002765682182420851,sad,subject_02,subject_02_sad_session_01
28.268,0.02108200531279695,sad,subject_02,subject_02_sad_session_01
28.272,0.026092221953613354,sad,subject_02,subject_02_sad_session_01
28.276,0.019847984669394133,sad,subject_02,subject_02_sad_session_01
28.28,-0.017084593475902868,sad,subject_02,subject_02_sad_session_01
28.284,0.019692784030874193,sad,subject_02,subject_02_sad_session_01
28.288,0.01868603965136678,sad,subject_02,subject_02_sad_session_01
28.292,-0.06855207027922502,sad,subject_02,subject_02_sad_session_01
28.296,0.03924866713439759,sad,subject_02,subject_02_sad_session_01
28.3,-0.03139918810319294,sad,subject_02,subject_02_sad_session_01
28.304,0.017755335722914364,sad,subject_02,subject_02_sad_session_01
28.308,0.05964936067910773,sad,subject_02,subject_02_sad_session_01
28.312,0.007025084610030022,sad,subject_02,subject_02_sad_session_01
28.316,-0.016801759097057774,sad,subject_02,subject_02_sad_session_01
28.32,0.03162230401433913,sad,subject_02,subject_02_sad_session_01
28.324,0.057201883365116855,sad,subject_02,subject_02_sad_session_01
28.328,-0.01777692754821348,sad,subject_02,subject_02_sad_session_01
28.332,-0.05492208793678488,sad,subject_02,subject_02_sad_session_01
28.336,0.05179223607229344,sad,subject_02,subject_02_sad_session_01
28.34,0.04245736594830689,sad,subject_02,subject_02_sad_session_01
28.344,0.0289881354616887,sad,subject_02,subject_02_sad_session_01
28.348,-0.035835693344022354,sad,subject_02,subject_02_sad_session_01
28.352,0.03693438024021301,sad,subject_02,subject_02_sad_session_01
28.356,0.051005722175951757,sad,subject_02,subject_02_sad_session_01
28.36,0.08585956462295055,sad,subject_02,subject_02_sad_session_01
28.364,0.014091599735870944,sad,subject_02,subject_02_sad_session_01
28.368,0.028898883071505857,sad,subject_02,subject_02_sad_session_01
28.372,-0.038609324693995604,sad,subject_02,subject_02_sad_session_01
28.376,0.05714110482492449,sad,subject_02,subject_02_sad_session_01
28.38,0.05883643920678527,sad,subject_02,subject_02_sad_session_01
28.384,0.04536621141830416,sad,subject_02,subject_02_sad_session_01
28.388,0.07195707958800725,sad,subject_02,subject_02_sad_session_01
28.392,0.016300108184218075,sad,subject_02,subject_02_sad_session_01
28.396,0.03698555955432314,sad,subject_02,subject_02_sad_session_01
28.4,0.0422800477479701,sad,subject_02,subject_02_sad_session_01
28.404,0.08508359755750983,sad,subject_02,subject_02_sad_session_01
28.408,0.09051883644991335,sad,subject_02,subject_02_sad_session_01
28.412,0.07143354280720024,sad,subject_02,subject_02_sad_session_01
28.416,0.07511808264802439,sad,subject_02,subject_02_sad_session_01
28.42,0.08910792601630851,sad,subject_02,subject_02_sad_session_01
28.424,0.06800123644119072,sad,subject_02,subject_02_sad_session_01
28.428,0.12447887271974581,sad,subject_02,subject_02_sad_session_01
28.432,0.07553041012143673,sad,subject_02,subject_02_sad_session_01
28.436,0.10727112381526761,sad,subject_02,subject_02_sad_session_01
28.44,0.08153229574662259,sad,subject_02,subject_02_sad_session_01
28.444,0.13250488940196586,sad,subject_02,subject_02_sad_session_01
28.448,0.10534146883541898,sad,subject_02,subject_02_sad_session_01
28.452,0.1740182023831156,sad,subject_02,subject_02_sad_session_01
28.456,0.11130355298147224,sad,subject_02,subject_02_sad_session_01
28.46,0.14561184950921602,sad,subject_02,subject_02_sad_session_01
28.464,0.10023530973038063,sad,subject_02,subject_02_sad_session_01
28.468,0.11082249967066357,sad,subject_02,subject_02_sad_session_01
28.472,0.11888029556468128,sad,subject_02,subject_02_sad_session_01
28.476,0.12999863359946376,sad,subject_02,subject_02_sad_session_01
28.48,0.09561041288707992,sad,subject_02,subject_02_sad_session_01
28.484,0.09869985494121167,sad,subject_02,subject_02_sad_session_01
28.488,0.11564376008908038,sad,subject_02,subject_02_sad_session_01
28.492,0.12145879976625636,sad,subject_02,subject_02_sad_session_01
28.496,0.104411724820453,sad,subject_02,subject_02_sad_session_01
28.5,0.09567960266882247,sad,subject_02,subject_02_sad_session_01
28.504,0.05645486290464173,sad,subject_02,subject_02_sad_session_01
28.508,0.10625055518713411,sad,subject_02,subject_02_sad_session_01
28.512,0.1113320969173625,sad,subject_02,subject_02_sad_session_01
28.516,0.10962647848978863,sad,subject_02,subject_02_sad_session_01
28.52,0.0800625603047243,sad,subject_02,subject_02_sad_session_01
28.524,0.05232829453569655,sad,subject_02,subject_02_sad_session_01
28.528,0.055814985679149554,sad,subject_02,subject_02_sad_session_01
28.532,0.06536602059254307,sad,subject_02,subject_02_sad_session_01
28.536,0.055718088111692696,sad,subject_02,subject_02_sad_session_01
28.54,0.026779051487855053,sad,subject_02,subject_02_sad_session_01
28.544,-0.002148679334911398,sad,subject_02,subject_02_sad_session_01
28.548,0.028188005657912435,sad,subject_02,subject_02_sad_session_01
28.552,0.03343511345980934,sad,subject_02,subject_02_sad_session_01
28.556,0.04824921368386532,sad,subject_02,subject_02_sad_session_01
28.56,0.024252536989974458,sad,subject_02,subject_02_sad_session_01
28.564,0.026885431803554516,sad,subject_02,subject_02_sad_session_01
28.568,0.03596445370843616,sad,subject_02,subject_02_sad_session_01
28.572,0.07807589022252749,sad,subject_02,subject_02_sad_session_01
28.576,0.02479397733062544,sad,subject_02,subject_02_sad_session_01
28.58,-0.017743419720199508,sad,subject_02,subject_02_sad_session_01
28.584,0.007307866086593066,sad,subject_02,subject_02_sad_session_01
28.588,0.08137041296828451,sad,subject_02,subject_02_sad_session_01
28.592,0.06954702584625826,sad,subject_02,subject_02_sad_session_01
28.596,0.05409926275889631,sad,subject_02,subject_02_sad_session_01
28.6,0.04611761726473984,sad,subject_02,subject_02_sad_session_01
28.604,0.04499593082984754,sad,subject_02,subject_02_sad_session_01
28.608,0.013780309713932837,sad,subject_02,subject_02_sad_session_01
28.612,0.04259231978814593,sad,subject_02,subject_02_sad_session_01
28.616,0.03772431801442639,sad,subject_02,subject_02_sad_session_01
28.62,0.029644099196035337,sad,subject_02,subject_02_sad_session_01
28.624,-0.016459001064671294,sad,subject_02,subject_02_sad_session_01
28.628,-0.0018507872441464943,sad,subject_02,subject_02_sad_session_01
28.632,0.011062947206290374,sad,subject_02,subject_02_sad_session_01
28.636,0.10448348869294703,sad,subject_02,subject_02_sad_session_01
28.64,0.15236329442761684,sad,subject_02,subject_02_sad_session_01
28.644,0.24633119032699272,sad,subject_02,subject_02_sad_session_01
28.648,0.3595976633144067,sad,subject_02,subject_02_sad_session_01
28.652,0.41486840802480224,sad,subject_02,subject_02_sad_session_01
28.656,0.5946084009713923,sad,subject_02,subject_02_sad_session_01
28.66,0.6473168918111216,sad,subject_02,subject_02_sad_session_01
28.664,0.7191836061978931,sad,subject_02,subject_02_sad_session_01
28.668,0.7420085566941024,sad,subject_02,subject_02_sad_session_01
28.672,0.7642478973314905,sad,subject_02,subject_02_sad_session_01
28.676,0.7146766353627184,sad,subject_02,subject_02_sad_session_01
28.68,0.5943628472187164,sad,subject_02,subject_02_sad_session_01
28.684,0.47513140232087797,sad,subject_02,subject_02_sad_session_01
28.688,0.40037625567513874,sad,subject_02,subject_02_sad_session_01
28.692,0.30635112922769825,sad,subject_02,subject_02_sad_session_01
28.696,0.18910581786888112,sad,subject_02,subject_02_sad_session_01
28.7,0.10340576903757345,sad,subject_02,subject_02_sad_session_01
28.704,-0.00044147156773827016,sad,subject_02,subject_02_sad_session_01
28.708,-0.045237194831778044,sad,subject_02,subject_02_sad_session_01
28.712,-0.053297949621181895,sad,subject_02,subject_02_sad_session_01
28.716,-0.022611099024397653,sad,subject_02,subject_02_sad_session_01
28.72,0.015916171887656254,sad,subject_02,subject_02_sad_session_01
28.724,-0.027767981013174445,sad,subject_02,subject_02_sad_session_01
28.728,-0.004099620310626091,sad,subject_02,subject_02_sad_session_01
28.732,0.01939038404451978,sad,subject_02,subject_02_sad_session_01
28.736,0.02121240078962741,sad,subject_02,subject_02_sad_session_01
28.74,0.019112290183537276,sad,subject_02,subject_02_sad_session_01
28.744,0.037767999172645825,sad,subject_02,subject_02_sad_session_01
28.748,0.021416236361890374,sad,subject_02,subject_02_sad_session_01
28.752,0.06980488071809215,sad,subject_02,subject_02_sad_session_01
28.756,0.09490254910876139,sad,subject_02,subject_02_sad_session_01
28.76,0.04480973705343501,sad,subject_02,subject_02_sad_session_01
28.764,0.10597386737029377,sad,subject_02,subject_02_sad_session_01
28.768,0.05576424183213959,sad,subject_02,subject_02_sad_session_01
28.772,0.04119076881284042,sad,subject_02,subject_02_sad_session_01
28.776,0.08601612969093175,sad,subject_02,subject_02_sad_session_01
28.78,0.04121809966296269,sad,subject_02,subject_02_sad_session_01
28.784,0.09138847593472248,sad,subject_02,subject_02_sad_session_01
28.788,0.08422117386567131,sad,subject_02,subject_02_sad_session_01
28.792,0.06863229815465216,sad,subject_02,subject_02_sad_session_01
28.796,0.06980133610235978,sad,subject_02,subject_02_sad_session_01
28.8,0.06343702172179622,sad,subject_02,subject_02_sad_session_01
28.804,0.12529356540785763,sad,subject_02,subject_02_sad_session_01
28.808,0.09256822144485619,sad,subject_02,subject_02_sad_session_01
28.812,0.11365785612136987,sad,subject_02,subject_02_sad_session_01
28.816,0.10921539948240401,sad,subject_02,subject_02_sad_session_01
28.82,0.10854332109577763,sad,subject_02,subject_02_sad_session_01
28.824,0.13017776437524783,sad,subject_02,subject_02_sad_session_01
28.828,0.14132367272904678,sad,subject_02,subject_02_sad_session_01
28.832,0.1357722613969191,sad,subject_02,subject_02_sad_session_01
28.836,0.1316545745931938,sad,subject_02,subject_02_sad_session_01
28.84,0.1104512759599997,sad,subject_02,subject_02_sad_session_01
28.844,0.13067247401653234,sad,subject_02,subject_02_sad_session_01
28.848,0.14529074714271734,sad,subject_02,subject_02_sad_session_01
28.852,0.1605879853580663,sad,subject_02,subject_02_sad_session_01
28.856,0.11347347596074062,sad,subject_02,subject_02_sad_session_01
28.86,0.1896448294144962,sad,subject_02,subject_02_sad_session_01
28.864,0.18595060814161235,sad,subject_02,subject_02_sad_session_01
28.868,0.16392691023326944,sad,subject_02,subject_02_sad_session_01
28.872,0.1587424374738772,sad,subject_02,subject_02_sad_session_01
28.876,0.17022415270595048,sad,subject_02,subject_02_sad_session_01
28.88,0.15542167642923374,sad,subject_02,subject_02_sad_session_01
28.884,0.18894861110337516,sad,subject_02,subject_02_sad_session_01
28.888,0.1973998385929272,sad,subject_02,subject_02_sad_session_01
28.892,0.23362913976010471,sad,subject_02,subject_02_sad_session_01
28.896,0.22320574566570978,sad,subject_02,subject_02_sad_session_01
28.9,0.24888253124808354,sad,subject_02,subject_02_sad_session_01
28.904,0.21689981051388535,sad,subject_02,subject_02_sad_session_01
28.908,0.18782161503038458,sad,subject_02,subject_02_sad_session_01
28.912,0.26854318224890183,sad,subject_02,subject_02_sad_session_01
28.916,0.20747010721534243,sad,subject_02,subject_02_sad_session_01
28.92,0.170894566189674,sad,subject_02,subject_02_sad_session_01
28.924,0.22363813691334472,sad,subject_02,subject_02_sad_session_01
28.928,0.1686329319880021,sad,subject_02,subject_02_sad_session_01
28.932,0.21262619195821766,sad,subject_02,subject_02_sad_session_01
28.936,0.19928939779957897,sad,subject_02,subject_02_sad_session_01
28.94,0.2272008375240002,sad,subject_02,subject_02_sad_session_01
28.944,0.2376119483648815,sad,subject_02,subject_02_sad_session_01
28.948,0.1963707163132151,sad,subject_02,subject_02_sad_session_01
28.952,0.19095059833852862,sad,subject_02,subject_02_sad_session_01
28.956,0.2219371074581816,sad,subject_02,subject_02_sad_session_01
28.96,0.17220982946429259,sad,subject_02,subject_02_sad_session_01
28.964,0.1928572064988383,sad,subject_02,subject_02_sad_session_01
28.968,0.20259745117046563,sad,subject_02,subject_02_sad_session_01
28.972,0.1578140760112535,sad,subject_02,subject_02_sad_session_01
28.976,0.1674732293692812,sad,subject_02,subject_02_sad_session_01
28.98,0.17429345666840018,sad,subject_02,subject_02_sad_session_01
28.984,0.20580749964084924,sad,subject_02,subject_02_sad_session_01
28.988,0.12409851518098193,sad,subject_02,subject_02_sad_session_01
28.992,0.1503136562898486,sad,subject_02,subject_02_sad_session_01
28.996,0.18974930622456346,sad,subject_02,subject_02_sad_session_01
29.0,0.17259590719479878,sad,subject_02,subject_02_sad_session_01
29.004,0.1295069140554575,sad,subject_02,subject_02_sad_session_01
29.008,0.12998069550302954,sad,subject_02,subject_02_sad_session_01
29.012,0.14030284070022886,sad,subject_02,subject_02_sad_session_01
29.016,0.13540142289535553,sad,subject_02,subject_02_sad_session_01
29.02,0.15691944957395831,sad,subject_02,subject_02_sad_session_01
29.024,0.14421691464217568,sad,subject_02,subject_02_sad_session_01
29.028,0.0636407087306619,sad,subject_02,subject_02_sad_session_01
29.032,0.05224854380248976,sad,subject_02,subject_02_sad_session_01
29.036,0.07894862478217937,sad,subject_02,subject_02_sad_session_01
29.04,0.03502208471775332,sad,subject_02,subject_02_sad_session_01
29.044,0.12549826110786605,sad,subject_02,subject_02_sad_session_01
29.048,0.0369728920303582,sad,subject_02,subject_02_sad_session_01
29.052,0.06880118066335972,sad,subject_02,subject_02_sad_session_01
29.056,0.04777361861216356,sad,subject_02,subject_02_sad_session_01
29.06,0.0226362656460286,sad,subject_02,subject_02_sad_session_01
29.064,0.10221938447189309,sad,subject_02,subject_02_sad_session_01
29.068,0.04624893243601449,sad,subject_02,subject_02_sad_session_01
29.072,0.1177203346737645,sad,subject_02,subject_02_sad_session_01
29.076,0.09982870343116745,sad,subject_02,subject_02_sad_session_01
29.08,0.05492389920014452,sad,subject_02,subject_02_sad_session_01
29.084,-0.01029640344164736,sad,subject_02,subject_02_sad_session_01
29.088,0.04007729363688792,sad,subject_02,subject_02_sad_session_01
29.092,0.11675815735324338,sad,subject_02,subject_02_sad_session_01
29.096,0.05909161768084765,sad,subject_02,subject_02_sad_session_01
29.1,0.039449702028463894,sad,subject_02,subject_02_sad_session_01
29.104,0.024498141164739196,sad,subject_02,subject_02_sad_session_01
29.108,0.06797176639888676,sad,subject_02,subject_02_sad_session_01
29.112,0.05109372634993993,sad,subject_02,subject_02_sad_session_01
29.116,0.04728963850023859,sad,subject_02,subject_02_sad_session_01
29.12,0.07174135871767193,sad,subject_02,subject_02_sad_session_01
29.124,0.06912185489389104,sad,subject_02,subject_02_sad_session_01
29.128,0.048857573546442365,sad,subject_02,subject_02_sad_session_01
29.132,-0.01268492509398797,sad,subject_02,subject_02_sad_session_01
29.136,0.0047155396112584964,sad,subject_02,subject_02_sad_session_01
29.14,0.015026143648364142,sad,subject_02,subject_02_sad_session_01
29.144,0.03181334946934486,sad,subject_02,subject_02_sad_session_01
29.148,0.07737167092374439,sad,subject_02,subject_02_sad_session_01
29.152,0.09350562540438312,sad,subject_02,subject_02_sad_session_01
29.156,0.04325428497597071,sad,subject_02,subject_02_sad_session_01
29.16,0.047631785888949896,sad,subject_02,subject_02_sad_session_01
29.164,-0.014548729038236407,sad,subject_02,subject_02_sad_session_01
29.168,0.017802272567037813,sad,subject_02,subject_02_sad_session_01
29.172,0.013621207201496979,sad,subject_02,subject_02_sad_session_01
29.176,0.010873385927093682,sad,subject_02,subject_02_sad_session_01
29.18,0.047146639165067936,sad,subject_02,subject_02_sad_session_01
29.184,0.016030059208849704,sad,subject_02,subject_02_sad_session_01
29.188,-0.027472622816942852,sad,subject_02,subject_02_sad_session_01
29.192,0.05449834350446006,sad,subject_02,subject_02_sad_session_01
29.196,0.0651782275575524,sad,subject_02,subject_02_sad_session_01
29.2,0.0375865835232117,sad,subject_02,subject_02_sad_session_01
29.204,0.023767491233280022,sad,subject_02,subject_02_sad_session_01
29.208,0.0017165497727334722,sad,subject_02,subject_02_sad_session_01
29.212,0.0034709153760765117,sad,subject_02,subject_02_sad_session_01
29.216,0.06061673944032475,sad,subject_02,subject_02_sad_session_01
29.22,0.005939793296812369,sad,subject_02,subject_02_sad_session_01
29.224,0.08867821840697684,sad,subject_02,subject_02_sad_session_01
29.228,0.05669820106220763,sad,subject_02,subject_02_sad_session_01
29.232,0.03831335402790777,sad,subject_02,subject_02_sad_session_01
29.236,0.10947692444196117,sad,subject_02,subject_02_sad_session_01
29.24,0.06623073452081023,sad,subject_02,subject_02_sad_session_01
29.244,0.014966351504030032,sad,subject_02,subject_02_sad_session_01
29.248,-0.002908433372273464,sad,subject_02,subject_02_sad_session_01
29.252,0.015004687184902688,sad,subject_02,subject_02_sad_session_01
29.256,0.024568851029457765,sad,subject_02,subject_02_sad_session_01
29.26,0.004826844944229802,sad,subject_02,subject_02_sad_session_01
29.264,-0.00622669046972019,sad,subject_02,subject_02_sad_session_01
29.268,0.03450325121653997,sad,subject_02,subject_02_sad_session_01
29.272,0.054024793398247103,sad,subject_02,subject_02_sad_session_01
29.276,0.08305409791744889,sad,subject_02,subject_02_sad_session_01
29.28,0.029577138272199977,sad,subject_02,subject_02_sad_session_01
29.284,0.045316014781991,sad,subject_02,subject_02_sad_session_01
29.288,-0.02831457024460825,sad,subject_02,subject_02_sad_session_01
29.292,0.05297923157297017,sad,subject_02,subject_02_sad_session_01
29.296,-0.003019349251792383,sad,subject_02,subject_02_sad_session_01
29.3,0.03644793167806226,sad,subject_02,subject_02_sad_session_01
29.304,0.026109360862238706,sad,subject_02,subject_02_sad_session_01
29.308,0.020298187284200936,sad,subject_02,subject_02_sad_session_01
29.312,-0.016742729658527498,sad,subject_02,subject_02_sad_session_01
29.316,0.005351767515578049,sad,subject_02,subject_02_sad_session_01
29.32,-0.00018657132319199396,sad,subject_02,subject_02_sad_session_01
29.324,0.011127037055821652,sad,subject_02,subject_02_sad_session_01
29.328,0.06505681912066323,sad,subject_02,subject_02_sad_session_01
29.332,0.019792898626204883,sad,subject_02,subject_02_sad_session_01
29.336,0.01115773099128111,sad,subject_02,subject_02_sad_session_01
29.34,0.05200845542215131,sad,subject_02,subject_02_sad_session_01
29.344,0.04372834815971717,sad,subject_02,subject_02_sad_session_01
29.348,0.09656695739495942,sad,subject_02,subject_02_sad_session_01
29.352,0.06788270030260252,sad,subject_02,subject_02_sad_session_01
29.356,-0.019860714368018118,sad,subject_02,subject_02_sad_session_01
29.36,0.06654354725006247,sad,subject_02,subject_02_sad_session_01
29.364,0.06589576246098133,sad,subject_02,subject_02_sad_session_01
29.368,0.09836805688305164,sad,subject_02,subject_02_sad_session_01
29.372,0.046251249089198594,sad,subject_02,subject_02_sad_session_01
29.376,0.08906262800479717,sad,subject_02,subject_02_sad_session_01
29.38,0.04982368043250639,sad,subject_02,subject_02_sad_session_01
29.384,0.07376373427841512,sad,subject_02,subject_02_sad_session_01
29.388,0.03824923349327543,sad,subject_02,subject_02_sad_session_01
29.392,0.03371737168734428,sad,subject_02,subject_02_sad_session_01
29.396,0.10623761258526876,sad,subject_02,subject_02_sad_session_01
29.4,0.08552689761077782,sad,subject_02,subject_02_sad_session_01
29.404,0.052258060608543766,sad,subject_02,subject_02_sad_session_01
29.408,0.12027919541558924,sad,subject_02,subject_02_sad_session_01
29.412,0.018745457399033633,sad,subject_02,subject_02_sad_session_01
29.416,0.08119889481730838,sad,subject_02,subject_02_sad_session_01
29.42,0.059969992120188956,sad,subject_02,subject_02_sad_session_01
29.424,0.1495870473574084,sad,subject_02,subject_02_sad_session_01
29.428,0.10386300098710609,sad,subject_02,subject_02_sad_session_01
29.432,0.12185782121066474,sad,subject_02,subject_02_sad_session_01
29.436,0.13053849588043925,sad,subject_02,subject_02_sad_session_01
29.44,0.14684469945909787,sad,subject_02,subject_02_sad_session_01
29.444,0.14384467890610161,sad,subject_02,subject_02_sad_session_01
29.448,0.1466308764760488,sad,subject_02,subject_02_sad_session_01
29.452,0.1134543005701303,sad,subject_02,subject_02_sad_session_01
29.456,0.1450803669782032,sad,subject_02,subject_02_sad_session_01
29.46,0.09717632472508295,sad,subject_02,subject_02_sad_session_01
29.464,0.10147206398951975,sad,subject_02,subject_02_sad_session_01
29.468,0.06353525979241764,sad,subject_02,subject_02_sad_session_01
29.472,0.15553235512448363,sad,subject_02,subject_02_sad_session_01
29.476,0.07061924128152089,sad,subject_02,subject_02_sad_session_01
29.48,0.1376218317109397,sad,subject_02,subject_02_sad_session_01
29.484,0.10606208721079803,sad,subject_02,subject_02_sad_session_01
29.488,0.09043936422416748,sad,subject_02,subject_02_sad_session_01
29.492,0.08995258060637111,sad,subject_02,subject_02_sad_session_01
29.496,0.04151407137237498,sad,subject_02,subject_02_sad_session_01
29.5,0.11629054940317861,sad,subject_02,subject_02_sad_session_01
29.504,0.052113883523665715,sad,subject_02,subject_02_sad_session_01
29.508,0.08843603764948227,sad,subject_02,subject_02_sad_session_01
29.512,0.03712177508042876,sad,subject_02,subject_02_sad_session_01
29.516,0.0061665991777440365,sad,subject_02,subject_02_sad_session_01
29.52,0.10463883916660346,sad,subject_02,subject_02_sad_session_01
29.524,0.023409324196548394,sad,subject_02,subject_02_sad_session_01
29.528,0.052096707819053435,sad,subject_02,subject_02_sad_session_01
29.532,-0.055519275245043166,sad,subject_02,subject_02_sad_session_01
29.536,0.03058989166450882,sad,subject_02,subject_02_sad_session_01
29.54,0.048556610827796304,sad,subject_02,subject_02_sad_session_01
29.544,0.03271909828587281,sad,subject_02,subject_02_sad_session_01
29.548,0.023779121058110735,sad,subject_02,subject_02_sad_session_01
29.552,0.01890587406062723,sad,subject_02,subject_02_sad_session_01
29.556,0.05008659669099534,sad,subject_02,subject_02_sad_session_01
29.56,-0.0159222042678362,sad,subject_02,subject_02_sad_session_01
29.564,0.014852239155529367,sad,subject_02,subject_02_sad_session_01
29.568,0.06414179738641336,sad,subject_02,subject_02_sad_session_01
29.572,-0.024288039259253515,sad,subject_02,subject_02_sad_session_01
29.576,0.01576610514896361,sad,subject_02,subject_02_sad_session_01
29.58,-0.016149371454719303,sad,subject_02,subject_02_sad_session_01
29.584,0.022598662425733412,sad,subject_02,subject_02_sad_session_01
29.588,0.009384609579569471,sad,subject_02,subject_02_sad_session_01
29.592,-0.026514308784655286,sad,subject_02,subject_02_sad_session_01
29.596,-0.003426675271077918,sad,subject_02,subject_02_sad_session_01
29.6,-0.0032176561626942332,sad,subject_02,subject_02_sad_session_01
29.604,-0.013317441316536088,sad,subject_02,subject_02_sad_session_01
29.608,0.020571442325283462,sad,subject_02,subject_02_sad_session_01
29.612,0.06474918272473831,sad,subject_02,subject_02_sad_session_01
29.616,0.09127283274519596,sad,subject_02,subject_02_sad_session_01
29.62,0.2841974733244933,sad,subject_02,subject_02_sad_session_01
29.624,0.40292278881340493,sad,subject_02,subject_02_sad_session_01
29.628,0.4292420348201947,sad,subject_02,subject_02_sad_session_01
29.632,0.6252691832664303,sad,subject_02,subject_02_sad_session_01
29.636,0.6895130761352042,sad,subject_02,subject_02_sad_session_01
29.64,0.7037950084414525,sad,subject_02,subject_02_sad_session_01
29.644,0.7533625472635199,sad,subject_02,subject_02_sad_session_01
29.648,0.7210284606257017,sad,subject_02,subject_02_sad_session_01
29.652,0.7133605361439189,sad,subject_02,subject_02_sad_session_01
29.656,0.5683577505495985,sad,subject_02,subject_02_sad_session_01
29.66,0.5462912736300081,sad,subject_02,subject_02_sad_session_01
29.664,0.39276655696328105,sad,subject_02,subject_02_sad_session_01
29.668,0.19827902793476238,sad,subject_02,subject_02_sad_session_01
29.672,0.17462985294083208,sad,subject_02,subject_02_sad_session_01
29.676,0.060241310884367336,sad,subject_02,subject_02_sad_session_01
29.68,-0.026069811581505994,sad,subject_02,subject_02_sad_session_01
29.684,-0.03385465941855044,sad,subject_02,subject_02_sad_session_01
29.688,-0.03576150063150554,sad,subject_02,subject_02_sad_session_01
29.692,-0.079234267879686,sad,subject_02,subject_02_sad_session_01
29.696,-0.015514900875139417,sad,subject_02,subject_02_sad_session_01
29.7,-0.03508271442181897,sad,subject_02,subject_02_sad_session_01
29.704,0.019124203182710162,sad,subject_02,subject_02_sad_session_01
29.708,0.0038004512996322676,sad,subject_02,subject_02_sad_session_01
29.712,-0.0129395296693939,sad,subject_02,subject_02_sad_session_01
29.716,0.042502588354173115,sad,subject_02,subject_02_sad_session_01
29.72,0.0164908220086777,sad,subject_02,subject_02_sad_session_01
29.724,0.03557656595045191,sad,subject_02,subject_02_sad_session_01
29.728,0.04575446125882025,sad,subject_02,subject_02_sad_session_01
29.732,0.0799525548571491,sad,subject_02,subject_02_sad_session_01
29.736,0.025224775095255732,sad,subject_02,subject_02_sad_session_01
29.74,0.015412590489288329,sad,subject_02,subject_02_sad_session_01
29.744,0.0929644815088167,sad,subject_02,subject_02_sad_session_01
29.748,0.046615697654688634,sad,subject_02,subject_02_sad_session_01
29.752,0.0332992390949161,sad,subject_02,subject_02_sad_session_01
29.756,0.06386350411245642,sad,subject_02,subject_02_sad_session_01
29.76,0.04623479757242753,sad,subject_02,subject_02_sad_session_01
29.764,0.05226767575470617,sad,subject_02,subject_02_sad_session_01
29.768,0.14147294997986265,sad,subject_02,subject_02_sad_session_01
29.772,0.038785768073574034,sad,subject_02,subject_02_sad_session_01
29.776,0.029642304609409816,sad,subject_02,subject_02_sad_session_01
29.78,0.11409505062648274,sad,subject_02,subject_02_sad_session_01
29.784,0.07067407386144395,sad,subject_02,subject_02_sad_session_01
29.788,0.09650794805674466,sad,subject_02,subject_02_sad_session_01
29.792,0.11111608329704059,sad,subject_02,subject_02_sad_session_01
29.796,0.044640861900353226,sad,subject_02,subject_02_sad_session_01
29.8,0.13663315056228406,sad,subject_02,subject_02_sad_session_01
29.804,0.09094675328675822,sad,subject_02,subject_02_sad_session_01
29.808,0.17019542302184149,sad,subject_02,subject_02_sad_session_01
29.812,0.09482803585301314,sad,subject_02,subject_02_sad_session_01
29.816,0.17119152889827127,sad,subject_02,subject_02_sad_session_01
29.82,0.18211540593186187,sad,subject_02,subject_02_sad_session_01
29.824,0.12048306856574892,sad,subject_02,subject_02_sad_session_01
29.828,0.13484257721101872,sad,subject_02,subject_02_sad_session_01
29.832,0.13641221541928508,sad,subject_02,subject_02_sad_session_01
29.836,0.1965710468139375,sad,subject_02,subject_02_sad_session_01
29.84,0.1613462767103061,sad,subject_02,subject_02_sad_session_01
29.844,0.17672922917864858,sad,subject_02,subject_02_sad_session_01
29.848,0.16099470256682635,sad,subject_02,subject_02_sad_session_01
29.852,0.1837555820372031,sad,subject_02,subject_02_sad_session_01
29.856,0.18970793525315158,sad,subject_02,subject_02_sad_session_01
29.86,0.15936978402902574,sad,subject_02,subject_02_sad_session_01
29.864,0.2337813698852676,sad,subject_02,subject_02_sad_session_01
29.868,0.17745792706258143,sad,subject_02,subject_02_sad_session_01
29.872,0.21703639477748715,sad,subject_02,subject_02_sad_session_01
29.876,0.15043676011669438,sad,subject_02,subject_02_sad_session_01
29.88,0.2105316500968583,sad,subject_02,subject_02_sad_session_01
29.884,0.22323376354868088,sad,subject_02,subject_02_sad_session_01
29.888,0.2000844876805979,sad,subject_02,subject_02_sad_session_01
29.892,0.22474051388646626,sad,subject_02,subject_02_sad_session_01
29.896,0.17113329048319922,sad,subject_02,subject_02_sad_session_01
29.9,0.20594715889054951,sad,subject_02,subject_02_sad_session_01
29.904,0.14510363033861182,sad,subject_02,subject_02_sad_session_01
29.908,0.19367762763711055,sad,subject_02,subject_02_sad_session_01
29.912,0.1634795882904037,sad,subject_02,subject_02_sad_session_01
29.916,0.18281354645072412,sad,subject_02,subject_02_sad_session_01
29.92,0.22344335588278408,sad,subject_02,subject_02_sad_session_01
29.924,0.23099007818606807,sad,subject_02,subject_02_sad_session_01
29.928,0.13679290246099424,sad,subject_02,subject_02_sad_session_01
29.932,0.20867798027853962,sad,subject_02,subject_02_sad_session_01
29.936,0.20901977296928057,sad,subject_02,subject_02_sad_session_01
29.94,0.1722116197304623,sad,subject_02,subject_02_sad_session_01
29.944,0.19836566638132327,sad,subject_02,subject_02_sad_session_01
29.948,0.14009302231396764,sad,subject_02,subject_02_sad_session_01
29.952,0.13183184181209354,sad,subject_02,subject_02_sad_session_01
29.956,0.12649226979096595,sad,subject_02,subject_02_sad_session_01
29.96,0.15758523063382346,sad,subject_02,subject_02_sad_session_01
29.964,0.12752438068612243,sad,subject_02,subject_02_sad_session_01
29.968,0.10316273877217993,sad,subject_02,subject_02_sad_session_01
29.972,0.09874646085334622,sad,subject_02,subject_02_sad_session_01
29.976,0.11294682680914417,sad,subject_02,subject_02_sad_session_01
29.98,0.08157090851521817,sad,subject_02,subject_02_sad_session_01
29.984,0.12127102142373716,sad,subject_02,subject_02_sad_session_01
29.988,0.13130770067588904,sad,subject_02,subject_02_sad_session_01
29.992,0.11899142505761044,sad,subject_02,subject_02_sad_session_01
29.996,0.17153730768599634,sad,subject_02,subject_02_sad_session_01
