timestamp,sensor,emotion,subject_id,session_id
0.0,-0.07180389241691594,angry,subject_03,subject_03_angry_session_01
0.004,0.05820086253634972,angry,subject_03,subject_03_angry_session_01
0.008,-0.05743370737157298,angry,subject_03,subject_03_angry_session_01
0.012,-0.014777391946782582,angry,subject_03,subject_03_angry_session_01
0.016,-0.05769784897618779,angry,subject_03,subject_03_angry_session_01
0.02,0.005290891000740593,angry,subject_03,subject_03_angry_session_01
0.024,0.07299409629398892,angry,subject_03,subject_03_angry_session_01
0.028,-0.09331797920812546,angry,subject_03,subject_03_angry_session_01
0.032,0.01618106283051165,angry,subject_03,subject_03_angry_session_01
0.036,-0.1014658228776064,angry,subject_03,subject_03_angry_session_01
0.04,0.12805443705204184,angry,subject_03,subject_03_angry_session_01
0.044,-0.05298473136493587,angry,subject_03,subject_03_angry_session_01
0.048,0.03632519807596424,angry,subject_03,subject_03_angry_session_01
0.052,0.020467917433817748,angry,subject_03,subject_03_angry_session_01
0.056,0.011346743859563687,angry,subject_03,subject_03_angry_session_01
0.06,-0.022745645719650962,angry,subject_03,subject_03_angry_session_01
0.064,-0.07810483463276784,angry,subject_03,subject_03_angry_session_01
0.068,0.09296986232926877,angry,subject_03,subject_03_angry_session_01
0.072,-0.05146945190056067,angry,subject_03,subject_03_angry_session_01
0.076,-0.0012718868310018965,angry,subject_03,subject_03_angry_session_01
0.08,-0.01417695626252724,angry,subject_03,subject_03_angry_session_01
0.084,0.0665354601192382,angry,subject_03,subject_03_angry_session_01
0.088,0.14511071319009855,angry,subject_03,subject_03_angry_session_01
0.092,-0.03096182046896135,angry,subject_03,subject_03_angry_session_01
0.096,0.019783675197196846,angry,subject_03,subject_03_angry_session_01
0.1,0.07767155746060896,angry,subject_03,subject_03_angry_session_01
0.104,0.09502134824868594,angry,subject_03,subject_03_angry_session_01
0.108,0.008127335058613823,angry,subject_03,subject_03_angry_session_01
0.112,0.01299406813779938,angry,subject_03,subject_03_angry_session_01
0.116,0.0999530198127847,angry,subject_03,subject_03_angry_session_01
0.12,-0.08453297236810003,angry,subject_03,subject_03_angry_session_01
0.124,0.08452432280270826,angry,subject_03,subject_03_angry_session_01
0.128,-0.014155830396508778,angry,subject_03,subject_03_angry_session_01
0.132,0.047040081413213204,angry,subject_03,subject_03_angry_session_01
0.136,0.0464802267440217,angry,subject_03,subject_03_angry_session_01
0.14,0.011228044427587645,angry,subject_03,subject_03_angry_session_01
0.144,0.07147809301974056,angry,subject_03,subject_03_angry_session_01
0.148,0.03672308108907725,angry,subject_03,subject_03_angry_session_01
0.152,0.12441975218976156,angry,subject_03,subject_03_angry_session_01
0.156,0.023286945696769853,angry,subject_03,subject_03_angry_session_01
0.16,0.012048607231937472,angry,subject_03,subject_03_angry_session_01
0.164,0.08691138847096996,angry,subject_03,subject_03_angry_session_01
0.168,0.08112331889053519,angry,subject_03,subject_03_angry_session_01
0.172,0.18106619878086108,angry,subject_03,subject_03_angry_session_01
0.176,0.09338797976983634,angry,subject_03,subject_03_angry_session_01
0.18,0.09888556885777133,angry,subject_03,subject_03_angry_session_01
0.184,0.029881925982873883,angry,subject_03,subject_03_angry_session_01
0.188,0.11678438933558322,angry,subject_03,subject_03_angry_session_01
0.192,0.03881668060308409,angry,subject_03,subject_03_angry_session_01
0.196,0.09743053216817198,angry,subject_03,subject_03_angry_session_01
0.2,0.054250487541018945,angry,subject_03,subject_03_angry_session_01
0.204,0.13988225668202092,angry,subject_03,subject_03_angry_session_01
0.208,0.10152742291639592,angry,subject_03,subject_03_angry_session_01
0.212,0.17532419829672086,angry,subject_03,subject_03_angry_session_01
0.216,0.0436255643485823,angry,subject_03,subject_03_angry_session_01
0.22,0.10302307879602624,angry,subject_03,subject_03_angry_session_01
0.224,0.10450497833086696,angry,subject_03,subject_03_angry_session_01
0.228,0.08370809951175225,angry,subject_03,subject_03_angry_session_01
0.232,0.15294054286053704,angry,subject_03,subject_03_angry_session_01
0.236,0.0786455822167543,angry,subject_03,subject_03_angry_session_01
0.24,0.015099345435569345,angry,subject_03,subject_03_angry_session_01
0.244,0.0965764583651594,angry,subject_03,subject_03_angry_session_01
0.248,0.1746755087686827,angry,subject_03,subject_03_angry_session_01
0.252,0.02117857134944552,angry,subject_03,subject_03_angry_session_01
0.256,0.052857047763045145,angry,subject_03,subject_03_angry_session_01
0.26,0.06447392321954296,angry,subject_03,subject_03_angry_session_01
0.264,0.10407970254511256,angry,subject_03,subject_03_angry_session_01
0.268,0.08842680416314065,angry,subject_03,subject_03_angry_session_01
0.272,0.046910569553415694,angry,subject_03,subject_03_angry_session_01
0.276,0.010786137812695523,angry,subject_03,subject_03_angry_session_01
0.28,0.004492184434138454,angry,subject_03,subject_03_angry_session_01
0.284,0.05862616506564545,angry,subject_03,subject_03_angry_session_01
0.288,-0.015463690969615761,angry,subject_03,subject_03_angry_session_01
0.292,-0.05774031873692129,angry,subject_03,subject_03_angry_session_01
0.296,0.00960748189974768,angry,subject_03,subject_03_angry_session_01
0.3,-0.009406768802965464,angry,subject_03,subject_03_angry_session_01
0.304,-0.0025823119480388977,angry,subject_03,subject_03_angry_session_01
0.308,0.05126583074804758,angry,subject_03,subject_03_angry_session_01
0.312,0.023957350395850875,angry,subject_03,subject_03_angry_session_01
0.316,0.003639587275418627,angry,subject_03,subject_03_angry_session_01
0.32,-0.0541631088098468,angry,subject_03,subject_03_angry_session_01
0.324,-0.007589346222312825,angry,subject_03,subject_03_angry_session_01
0.328,-0.08107478067552312,angry,subject_03,subject_03_angry_session_01
0.332,-0.031296625142525014,angry,subject_03,subject_03_angry_session_01
0.336,-0.03460066967537955,angry,subject_03,subject_03_angry_session_01
0.34,0.011776735770984797,angry,subject_03,subject_03_angry_session_01
0.344,0.01085897484094504,angry,subject_03,subject_03_angry_session_01
0.348,-0.011414423789359843,angry,subject_03,subject_03_angry_session_01
0.352,-0.06527825507798757,angry,subject_03,subject_03_angry_session_01
0.356,-0.09198714992918433,angry,subject_03,subject_03_angry_session_01
0.36,0.11720238889561845,angry,subject_03,subject_03_angry_session_01
0.364,0.035091642882217694,angry,subject_03,subject_03_angry_session_01
0.368,0.14858609914724094,angry,subject_03,subject_03_angry_session_01
0.372,0.24882661642129403,angry,subject_03,subject_03_angry_session_01
0.376,0.46882208520620966,angry,subject_03,subject_03_angry_session_01
0.38,0.5919450004359139,angry,subject_03,subject_03_angry_session_01
0.384,0.6930736010025051,angry,subject_03,subject_03_angry_session_01
0.388,0.9169272319774079,angry,subject_03,subject_03_angry_session_01
0.392,0.9265173660776883,angry,subject_03,subject_03_angry_session_01
0.396,1.0804339867728414,angry,subject_03,subject_03_angry_session_01
0.4,0.9317811552089676,angry,subject_03,subject_03_angry_session_01
0.404,1.0988634461045093,angry,subject_03,subject_03_angry_session_01
0.408,0.9683510979909352,angry,subject_03,subject_03_angry_session_01
0.412,0.849650771625036,angry,subject_03,subject_03_angry_session_01
0.416,0.7758091067693875,angry,subject_03,subject_03_angry_session_01
0.42,0.4866488260359355,angry,subject_03,subject_03_angry_session_01
0.424,0.3232685039192675,angry,subject_03,subject_03_angry_session_01
0.428,0.13089113605863936,angry,subject_03,subject_03_angry_session_01
0.432,0.10830836052694873,angry,subject_03,subject_03_angry_session_01
0.436,0.02179319405457826,angry,subject_03,subject_03_angry_session_01
0.44,0.023969947477258488,angry,subject_03,subject_03_angry_session_01
0.444,-0.03944876192471368,angry,subject_03,subject_03_angry_session_01
0.448,-0.015226444605908628,angry,subject_03,subject_03_angry_session_01
0.452,0.008856171533059204,angry,subject_03,subject_03_angry_session_01
0.456,0.015933297244686947,angry,subject_03,subject_03_angry_session_01
0.46,0.0021429334952338813,angry,subject_03,subject_03_angry_session_01
0.464,0.0550680998187659,angry,subject_03,subject_03_angry_session_01
0.468,0.07104904218396908,angry,subject_03,subject_03_angry_session_01
0.472,0.09936223649828349,angry,subject_03,subject_03_angry_session_01
0.476,0.18110205032886043,angry,subject_03,subject_03_angry_session_01
0.48,-0.011441024944429654,angry,subject_03,subject_03_angry_session_01
0.484,0.0833665582000471,angry,subject_03,subject_03_angry_session_01
0.488,0.05513820673750868,angry,subject_03,subject_03_angry_session_01
0.492,0.07206492225000036,angry,subject_03,subject_03_angry_session_01
0.496,0.10960966099626361,angry,subject_03,subject_03_angry_session_01
0.5,0.08195269968395832,angry,subject_03,subject_03_angry_session_01
0.504,0.009425262169388118,angry,subject_03,subject_03_angry_session_01
0.508,0.047099308365938335,angry,subject_03,subject_03_angry_session_01
0.512,0.11809859415956006,angry,subject_03,subject_03_angry_session_01
0.516,0.04282996055411674,angry,subject_03,subject_03_angry_session_01
0.52,0.029178875123166054,angry,subject_03,subject_03_angry_session_01
0.524,0.08332913677473235,angry,subject_03,subject_03_angry_session_01
0.528,0.021366152565400087,angry,subject_03,subject_03_angry_session_01
0.532,0.06918208987331845,angry,subject_03,subject_03_angry_session_01
0.536,0.2383394456977101,angry,subject_03,subject_03_angry_session_01
0.54,0.09654821283924914,angry,subject_03,subject_03_angry_session_01
0.544,0.15990917499475255,angry,subject_03,subject_03_angry_session_01
0.548,0.09523700145042549,angry,subject_03,subject_03_angry_session_01
0.552,0.19048492657827576,angry,subject_03,subject_03_angry_session_01
0.556,0.14513593837018504,angry,subject_03,subject_03_angry_session_01
0.56,0.21657927341655003,angry,subject_03,subject_03_angry_session_01
0.564,0.15817600162705867,angry,subject_03,subject_03_angry_session_01
0.568,0.15790289619008374,angry,subject_03,subject_03_angry_session_01
0.572,0.1853231739802238,angry,subject_03,subject_03_angry_session_01
0.576,0.20314287524349578,angry,subject_03,subject_03_angry_session_01
0.58,0.22495880535003007,angry,subject_03,subject_03_angry_session_01
0.584,0.17782555592304075,angry,subject_03,subject_03_angry_session_01
0.588,0.17370622960071036,angry,subject_03,subject_03_angry_session_01
0.592,0.1507053956816306,angry,subject_03,subject_03_angry_session_01
0.596,0.20792959256804147,angry,subject_03,subject_03_angry_session_01
0.6,0.14901423629972685,angry,subject_03,subject_03_angry_session_01
0.604,0.18076749196171893,angry,subject_03,subject_03_angry_session_01
0.608,0.24963581657375308,angry,subject_03,subject_03_angry_session_01
0.612,0.305467069253532,angry,subject_03,subject_03_angry_session_01
0.616,0.2558726339244907,angry,subject_03,subject_03_angry_session_01
0.62,0.40094814936379125,angry,subject_03,subject_03_angry_session_01
0.624,0.3043786995925018,angry,subject_03,subject_03_angry_session_01
0.628,0.30255911239364347,angry,subject_03,subject_03_angry_session_01
0.632,0.22604746405844575,angry,subject_03,subject_03_angry_session_01
0.636,0.3318729272431855,angry,subject_03,subject_03_angry_session_01
0.64,0.33398959638245856,angry,subject_03,subject_03_angry_session_01
0.644,0.24436908182693295,angry,subject_03,subject_03_angry_session_01
0.648,0.30483933678091807,angry,subject_03,subject_03_angry_session_01
0.652,0.3949285954701756,angry,subject_03,subject_03_angry_session_01
0.656,0.3189060213582699,angry,subject_03,subject_03_angry_session_01
0.66,0.3538040061651133,angry,subject_03,subject_03_angry_session_01
0.664,0.2815874871092328,angry,subject_03,subject_03_angry_session_01
0.668,0.19518773726129202,angry,subject_03,subject_03_angry_session_01
0.672,0.3275770450689969,angry,subject_03,subject_03_angry_session_01
0.676,0.28708626754034866,angry,subject_03,subject_03_angry_session_01
0.68,0.3085708996888553,angry,subject_03,subject_03_angry_session_01
0.684,0.29423779654402177,angry,subject_03,subject_03_angry_session_01
0.688,0.24134698105985036,angry,subject_03,subject_03_angry_session_01
0.692,0.2892606070130535,angry,subject_03,subject_03_angry_session_01
0.696,0.2442269510377597,angry,subject_03,subject_03_angry_session_01
0.7,0.21737792913014886,angry,subject_03,subject_03_angry_session_01
0.704,0.3229440943526233,angry,subject_03,subject_03_angry_session_01
0.708,0.22214744666345027,angry,subject_03,subject_03_angry_session_01
0.712,0.26089743421134337,angry,subject_03,subject_03_angry_session_01
0.716,0.2134601246313201,angry,subject_03,subject_03_angry_session_01
0.72,0.35058665557668656,angry,subject_03,subject_03_angry_session_01
0.724,0.29030917746891566,angry,subject_03,subject_03_angry_session_01
0.728,0.1983907648025827,angry,subject_03,subject_03_angry_session_01
0.732,0.2555348839917621,angry,subject_03,subject_03_angry_session_01
0.736,0.25370798415317003,angry,subject_03,subject_03_angry_session_01
0.74,0.255637562451883,angry,subject_03,subject_03_angry_session_01
0.744,0.20887780300789952,angry,subject_03,subject_03_angry_session_01
0.748,0.2021549895145801,angry,subject_03,subject_03_angry_session_01
0.752,0.3275808328956513,angry,subject_03,subject_03_angry_session_01
0.756,0.18096942204185001,angry,subject_03,subject_03_angry_session_01
0.76,0.16766592870214866,angry,subject_03,subject_03_angry_session_01
0.764,0.11577176151893902,angry,subject_03,subject_03_angry_session_01
0.768,0.20469108400464495,angry,subject_03,subject_03_angry_session_01
0.772,0.13661569422716263,angry,subject_03,subject_03_angry_session_01
0.776,0.3394524979023176,angry,subject_03,subject_03_angry_session_01
0.78,0.11897808544936593,angry,subject_03,subject_03_angry_session_01
0.784,0.14715804646222524,angry,subject_03,subject_03_angry_session_01
0.788,0.31586762527018797,angry,subject_03,subject_03_angry_session_01
0.792,0.2421031689569307,angry,subject_03,subject_03_angry_session_01
0.796,0.05919876593392874,angry,subject_03,subject_03_angry_session_01
0.8,0.16082063376299197,angry,subject_03,subject_03_angry_session_01
0.804,0.16555239473116792,angry,subject_03,subject_03_angry_session_01
0.808,0.08324577540669895,angry,subject_03,subject_03_angry_session_01
0.812,0.17041359631472053,angry,subject_03,subject_03_angry_session_01
0.816,0.039375587809462126,angry,subject_03,subject_03_angry_session_01
0.82,0.013643219704314785,angry,subject_03,subject_03_angry_session_01
0.824,0.16488881498590113,angry,subject_03,subject_03_angry_session_01
0.828,0.13417430461931018,angry,subject_03,subject_03_angry_session_01
0.832,0.20282469533858588,angry,subject_03,subject_03_angry_session_01
0.836,0.07883417649514071,angry,subject_03,subject_03_angry_session_01
0.84,0.17219876496882902,angry,subject_03,subject_03_angry_session_01
0.844,0.03892235291115074,angry,subject_03,subject_03_angry_session_01
0.848,0.13589253813001556,angry,subject_03,subject_03_angry_session_01
0.852,0.17388796094098374,angry,subject_03,subject_03_angry_session_01
0.856,0.002486044559642575,angry,subject_03,subject_03_angry_session_01
0.86,-0.05404370467088289,angry,subject_03,subject_03_angry_session_01
0.864,0.06304176620566326,angry,subject_03,subject_03_angry_session_01
0.868,0.058409154054718575,angry,subject_03,subject_03_angry_session_01
0.872,0.034368752499287475,angry,subject_03,subject_03_angry_session_01
0.876,0.09955217137255355,angry,subject_03,subject_03_angry_session_01
0.88,-0.027955064550195023,angry,subject_03,subject_03_angry_session_01
0.884,0.0304323993239032,angry,subject_03,subject_03_angry_session_01
0.888,-0.010106488548479065,angry,subject_03,subject_03_angry_session_01
0.892,0.13284697261760559,angry,subject_03,subject_03_angry_session_01
0.896,0.08045093161459115,angry,subject_03,subject_03_angry_session_01
0.9,-0.009530521127354669,angry,subject_03,subject_03_angry_session_01
0.904,0.034609111134280224,angry,subject_03,subject_03_angry_session_01
0.908,0.019944679947064784,angry,subject_03,subject_03_angry_session_01
0.912,-0.05126201417791059,angry,subject_03,subject_03_angry_session_01
0.916,0.11954844714290835,angry,subject_03,subject_03_angry_session_01
0.92,-0.005783336730950196,angry,subject_03,subject_03_angry_session_01
0.924,0.20253078009753472,angry,subject_03,subject_03_angry_session_01
0.928,0.0229946726898163,angry,subject_03,subject_03_angry_session_01
0.932,0.11263067771658547,angry,subject_03,subject_03_angry_session_01
0.936,0.07785542439281606,angry,subject_03,subject_03_angry_session_01
0.94,0.1615005857105951,angry,subject_03,subject_03_angry_session_01
0.944,0.21688353040379926,angry,subject_03,subject_03_angry_session_01
0.948,0.262826772517487,angry,subject_03,subject_03_angry_session_01
0.952,0.6220550621280578,angry,subject_03,subject_03_angry_session_01
0.956,0.6467139635059996,angry,subject_03,subject_03_angry_session_01
0.96,0.9278447118395273,angry,subject_03,subject_03_angry_session_01
0.964,1.100502266806175,angry,subject_03,subject_03_angry_session_01
0.968,1.0333342680643065,angry,subject_03,subject_03_angry_session_01
0.972,1.0701048781084983,angry,subject_03,subject_03_angry_session_01
0.976,1.077313672078809,angry,subject_03,subject_03_angry_session_01
0.98,0.9326842143601176,angry,subject_03,subject_03_angry_session_01
0.984,0.9538509655919771,angry,subject_03,subject_03_angry_session_01
0.988,0.8607033470307978,angry,subject_03,subject_03_angry_session_01
0.992,0.5570147948602622,angry,subject_03,subject_03_angry_session_01
0.996,0.471542960894368,angry,subject_03,subject_03_angry_session_01
1.0,0.27424242510112185,angry,subject_03,subject_03_angry_session_01
1.004,0.14626854843376252,angry,subject_03,subject_03_angry_session_01
1.008,0.06404334402553258,angry,subject_03,subject_03_angry_session_01
1.012,0.025931540778020755,angry,subject_03,subject_03_angry_session_01
1.016,-0.060548517968727456,angry,subject_03,subject_03_angry_session_01
1.02,-0.026641208752035336,angry,subject_03,subject_03_angry_session_01
1.024,-0.054165825821072336,angry,subject_03,subject_03_angry_session_01
1.028,0.005259197252770961,angry,subject_03,subject_03_angry_session_01
1.032,-0.04117922571627196,angry,subject_03,subject_03_angry_session_01
1.036,0.08250489183041548,angry,subject_03,subject_03_angry_session_01
1.04,0.017694832787150158,angry,subject_03,subject_03_angry_session_01
1.044,-0.028667491708849323,angry,subject_03,subject_03_angry_session_01
1.048,0.03899200886230309,angry,subject_03,subject_03_angry_session_01
1.052,0.05176297527943637,angry,subject_03,subject_03_angry_session_01
1.056,0.030592008671117596,angry,subject_03,subject_03_angry_session_01
1.06,-0.03313011616829817,angry,subject_03,subject_03_angry_session_01
1.064,0.05948833212556723,angry,subject_03,subject_03_angry_session_01
1.068,0.08093498799059494,angry,subject_03,subject_03_angry_session_01
1.072,0.10071694807310437,angry,subject_03,subject_03_angry_session_01
1.076,0.1406323111273498,angry,subject_03,subject_03_angry_session_01
1.08,0.1146183289915072,angry,subject_03,subject_03_angry_session_01
1.084,0.1094066514353012,angry,subject_03,subject_03_angry_session_01
1.088,0.12913320193707,angry,subject_03,subject_03_angry_session_01
1.092,0.06666141213445617,angry,subject_03,subject_03_angry_session_01
1.096,0.16266679095419578,angry,subject_03,subject_03_angry_session_01
1.1,0.10828746291796772,angry,subject_03,subject_03_angry_session_01
1.104,0.10803362524528783,angry,subject_03,subject_03_angry_session_01
1.108,0.05146540707669324,angry,subject_03,subject_03_angry_session_01
1.112,0.15989079777919285,angry,subject_03,subject_03_angry_session_01
1.116,0.16093238639522725,angry,subject_03,subject_03_angry_session_01
1.12,0.19289870644858648,angry,subject_03,subject_03_angry_session_01
1.124,0.07294165148971857,angry,subject_03,subject_03_angry_session_01
1.128,0.2070934062676598,angry,subject_03,subject_03_angry_session_01
1.132,0.1613578047371502,angry,subject_03,subject_03_angry_session_01
1.136,0.12644656266362472,angry,subject_03,subject_03_angry_session_01
1.14,0.16074549642637095,angry,subject_03,subject_03_angry_session_01
1.144,0.14779025006529334,angry,subject_03,subject_03_angry_session_01
1.148,0.22482528870870716,angry,subject_03,subject_03_angry_session_01
1.152,0.18719335256752687,angry,subject_03,subject_03_angry_session_01
1.156,0.21651186188089377,angry,subject_03,subject_03_angry_session_01
1.16,0.2014537920502509,angry,subject_03,subject_03_angry_session_01
1.164,0.22974275544360181,angry,subject_03,subject_03_angry_session_01
1.168,0.17672064380926777,angry,subject_03,subject_03_angry_session_01
1.172,0.13167970874058726,angry,subject_03,subject_03_angry_session_01
1.176,0.41882865202587555,angry,subject_03,subject_03_angry_session_01
1.18,0.26810231309492094,angry,subject_03,subject_03_angry_session_01
1.184,0.4491746580910968,angry,subject_03,subject_03_angry_session_01
1.188,0.27336312703995985,angry,subject_03,subject_03_angry_session_01
1.192,0.28134770237266027,angry,subject_03,subject_03_angry_session_01
1.196,0.27031927989238164,angry,subject_03,subject_03_angry_session_01
1.2,0.3257911570888152,angry,subject_03,subject_03_angry_session_01
1.204,0.30166518506546647,angry,subject_03,subject_03_angry_session_01
1.208,0.21807098700329924,angry,subject_03,subject_03_angry_session_01
1.212,0.2378282589798808,angry,subject_03,subject_03_angry_session_01
1.216,0.23018561184684877,angry,subject_03,subject_03_angry_session_01
1.22,0.31081155933146204,angry,subject_03,subject_03_angry_session_01
1.224,0.314278718062658,angry,subject_03,subject_03_angry_session_01
1.228,0.3116178311708692,angry,subject_03,subject_03_angry_session_01
1.232,0.26160962304633695,angry,subject_03,subject_03_angry_session_01
1.236,0.23093689605214757,angry,subject_03,subject_03_angry_session_01
1.24,0.3705751934465086,angry,subject_03,subject_03_angry_session_01
1.244,0.312609025128325,angry,subject_03,subject_03_angry_session_01
1.248,0.33289411858127,angry,subject_03,subject_03_angry_session_01
1.252,0.3530226190275299,angry,subject_03,subject_03_angry_session_01
1.256,0.16994492871479377,angry,subject_03,subject_03_angry_session_01
1.26,0.2935089817121416,angry,subject_03,subject_03_angry_session_01
1.264,0.35368775631358945,angry,subject_03,subject_03_angry_session_01
1.268,0.2092400544908395,angry,subject_03,subject_03_angry_session_01
1.272,0.2121281988665859,angry,subject_03,subject_03_angry_session_01
1.276,0.2075056497330258,angry,subject_03,subject_03_angry_session_01
1.28,0.1814681722900134,angry,subject_03,subject_03_angry_session_01
1.284,0.3044635380487631,angry,subject_03,subject_03_angry_session_01
1.288,0.27791742919543283,angry,subject_03,subject_03_angry_session_01
1.292,0.1883644425355558,angry,subject_03,subject_03_angry_session_01
1.296,0.15010138138482038,angry,subject_03,subject_03_angry_session_01
1.3,0.20554181011452322,angry,subject_03,subject_03_angry_session_01
1.304,0.318300202212088,angry,subject_03,subject_03_angry_session_01
1.308,0.17992169985534456,angry,subject_03,subject_03_angry_session_01
1.312,0.14195426640930986,angry,subject_03,subject_03_angry_session_01
1.316,0.2338405061013047,angry,subject_03,subject_03_angry_session_01
1.32,0.16531581692584216,angry,subject_03,subject_03_angry_session_01
1.324,0.33518746640186153,angry,subject_03,subject_03_angry_session_01
1.328,0.23804643359797853,angry,subject_03,subject_03_angry_session_01
1.332,0.20148182284518024,angry,subject_03,subject_03_angry_session_01
1.336,0.19750419713030762,angry,subject_03,subject_03_angry_session_01
1.34,0.1781154027034858,angry,subject_03,subject_03_angry_session_01
1.344,0.1781689631822822,angry,subject_03,subject_03_angry_session_01
1.348,0.3463607144967762,angry,subject_03,subject_03_angry_session_01
1.352,0.2521400059446861,angry,subject_03,subject_03_angry_session_01
1.356,0.17398770967893404,angry,subject_03,subject_03_angry_session_01
1.36,0.19220050474275097,angry,subject_03,subject_03_angry_session_01
1.364,0.1260570895504985,angry,subject_03,subject_03_angry_session_01
1.368,0.22259026983648444,angry,subject_03,subject_03_angry_session_01
1.372,-0.048993303416820594,angry,subject_03,subject_03_angry_session_01
1.376,0.10806873252240223,angry,subject_03,subject_03_angry_session_01
1.38,0.0687966806216708,angry,subject_03,subject_03_angry_session_01
1.384,0.17713857916366815,angry,subject_03,subject_03_angry_session_01
1.388,0.11322499948960871,angry,subject_03,subject_03_angry_session_01
1.392,-0.0007150059871099401,angry,subject_03,subject_03_angry_session_01
1.396,0.08831008165283193,angry,subject_03,subject_03_angry_session_01
1.4,0.08546012487150245,angry,subject_03,subject_03_angry_session_01
1.404,0.1667385113396941,angry,subject_03,subject_03_angry_session_01
1.408,0.08718086616537403,angry,subject_03,subject_03_angry_session_01
1.412,0.060599677285763126,angry,subject_03,subject_03_angry_session_01
1.416,0.0599027172301358,angry,subject_03,subject_03_angry_session_01
1.42,-0.08687733864202539,angry,subject_03,subject_03_angry_session_01
1.424,-0.0042579953566786385,angry,subject_03,subject_03_angry_session_01
1.428,-0.07835657626610784,angry,subject_03,subject_03_angry_session_01
1.432,0.1566780213915433,angry,subject_03,subject_03_angry_session_01
1.436,0.002639977373830142,angry,subject_03,subject_03_angry_session_01
1.44,0.06702804653776029,angry,subject_03,subject_03_angry_session_01
1.444,-0.03633926292028227,angry,subject_03,subject_03_angry_session_01
1.448,-0.0013483245000415062,angry,subject_03,subject_03_angry_session_01
1.452,-0.0002962756250921711,angry,subject_03,subject_03_angry_session_01
1.456,0.04911851150584678,angry,subject_03,subject_03_angry_session_01
1.46,0.006655171326451392,angry,subject_03,subject_03_angry_session_01
1.464,-0.025128744184078494,angry,subject_03,subject_03_angry_session_01
1.468,-0.11072746739993135,angry,subject_03,subject_03_angry_session_01
1.472,0.14522092600835917,angry,subject_03,subject_03_angry_session_01
1.476,-0.021218314095464732,angry,subject_03,subject_03_angry_session_01
1.48,-0.014923893293415574,angry,subject_03,subject_03_angry_session_01
1.484,-0.028546801864044843,angry,subject_03,subject_03_angry_session_01
1.488,0.0870872959091871,angry,subject_03,subject_03_angry_session_01
1.492,-0.04123754166297243,angry,subject_03,subject_03_angry_session_01
1.496,-0.03451363171755255,angry,subject_03,subject_03_angry_session_01
1.5,0.0072168843460693405,angry,subject_03,subject_03_angry_session_01
1.504,0.07809960675002864,angry,subject_03,subject_03_angry_session_01
1.508,0.032567970346591646,angry,subject_03,subject_03_angry_session_01
1.512,0.09084081804305781,angry,subject_03,subject_03_angry_session_01
1.516,0.16641387833911697,angry,subject_03,subject_03_angry_session_01
1.52,0.2621541516227152,angry,subject_03,subject_03_angry_session_01
1.524,0.5444405608864803,angry,subject_03,subject_03_angry_session_01
1.528,0.5436398995017343,angry,subject_03,subject_03_angry_session_01
1.532,0.7767347367553237,angry,subject_03,subject_03_angry_session_01
1.536,0.8646931486464458,angry,subject_03,subject_03_angry_session_01
1.54,1.0489135841399408,angry,subject_03,subject_03_angry_session_01
1.544,1.0790802620238045,angry,subject_03,subject_03_angry_session_01
1.548,1.1121128607334008,angry,subject_03,subject_03_angry_session_01
1.552,1.060198541970624,angry,subject_03,subject_03_angry_session_01
1.556,0.893202461101139,angry,subject_03,subject_03_angry_session_01
1.56,0.8181858361630963,angry,subject_03,subject_03_angry_session_01
1.564,0.549112692686032,angry,subject_03,subject_03_angry_session_01
1.568,0.49931157943677507,angry,subject_03,subject_03_angry_session_01
1.572,0.29202739478983075,angry,subject_03,subject_03_angry_session_01
1.576,0.16813522471750253,angry,subject_03,subject_03_angry_session_01
1.58,0.07441657756283189,angry,subject_03,subject_03_angry_session_01
1.584,0.008177393874317485,angry,subject_03,subject_03_angry_session_01
1.588,-0.17965339990213305,angry,subject_03,subject_03_angry_session_01
1.592,-0.07723389465285568,angry,subject_03,subject_03_angry_session_01
1.596,-0.034605490997235575,angry,subject_03,subject_03_angry_session_01
1.6,0.05795960249049874,angry,subject_03,subject_03_angry_session_01
1.604,0.13525534516419552,angry,subject_03,subject_03_angry_session_01
1.608,0.11446945321785282,angry,subject_03,subject_03_angry_session_01
1.612,-0.036982919960566005,angry,subject_03,subject_03_angry_session_01
1.616,0.04889496454246964,angry,subject_03,subject_03_angry_session_01
1.62,0.08978898845248552,angry,subject_03,subject_03_angry_session_01
1.624,0.06764103260021226,angry,subject_03,subject_03_angry_session_01
1.628,0.02953641988118855,angry,subject_03,subject_03_angry_session_01
1.632,0.05335493411889383,angry,subject_03,subject_03_angry_session_01
1.636,0.0640693240275104,angry,subject_03,subject_03_angry_session_01
1.64,0.008009693264229338,angry,subject_03,subject_03_angry_session_01
1.644,0.0651004097998191,angry,subject_03,subject_03_angry_session_01
1.648,-0.020509630248648117,angry,subject_03,subject_03_angry_session_01
1.652,0.20140807687354328,angry,subject_03,subject_03_angry_session_01
1.656,0.04258423297239853,angry,subject_03,subject_03_angry_session_01
1.66,0.10380980418115233,angry,subject_03,subject_03_angry_session_01
1.664,0.09054895040369822,angry,subject_03,subject_03_angry_session_01
1.668,0.09033590112701737,angry,subject_03,subject_03_angry_session_01
1.672,0.12570042640924858,angry,subject_03,subject_03_angry_session_01
1.676,0.16290560595778864,angry,subject_03,subject_03_angry_session_01
1.68,0.10841115466093652,angry,subject_03,subject_03_angry_session_01
1.684,0.1582374154141129,angry,subject_03,subject_03_angry_session_01
1.688,0.14545960184423068,angry,subject_03,subject_03_angry_session_01
1.692,0.04710496442121824,angry,subject_03,subject_03_angry_session_01
1.696,0.13385747493524294,angry,subject_03,subject_03_angry_session_01
1.7,0.12684238231024114,angry,subject_03,subject_03_angry_session_01
1.704,0.18483688299542675,angry,subject_03,subject_03_angry_session_01
1.708,0.19805715970529428,angry,subject_03,subject_03_angry_session_01
1.712,0.17175249124913972,angry,subject_03,subject_03_angry_session_01
1.716,0.1959402854953878,angry,subject_03,subject_03_angry_session_01
1.72,0.1904282169880196,angry,subject_03,subject_03_angry_session_01
1.724,0.1549316476928766,angry,subject_03,subject_03_angry_session_01
1.728,0.2720767457787469,angry,subject_03,subject_03_angry_session_01
1.732,0.24123397212200148,angry,subject_03,subject_03_angry_session_01
1.736,0.3285270650595466,angry,subject_03,subject_03_angry_session_01
1.74,0.2107860497230946,angry,subject_03,subject_03_angry_session_01
1.744,0.19463289284418586,angry,subject_03,subject_03_angry_session_01
1.748,0.10981132780368025,angry,subject_03,subject_03_angry_session_01
1.752,0.38197380421575233,angry,subject_03,subject_03_angry_session_01
1.756,0.28173951899103916,angry,subject_03,subject_03_angry_session_01
1.76,0.30331171452929423,angry,subject_03,subject_03_angry_session_01
1.764,0.3645621966767073,angry,subject_03,subject_03_angry_session_01
1.768,0.2757044172605937,angry,subject_03,subject_03_angry_session_01
1.772,0.2289970862516127,angry,subject_03,subject_03_angry_session_01
1.776,0.32968924074731176,angry,subject_03,subject_03_angry_session_01
1.78,0.2648927841485792,angry,subject_03,subject_03_angry_session_01
1.784,0.17213913889914104,angry,subject_03,subject_03_angry_session_01
1.788,0.37435457341994866,angry,subject_03,subject_03_angry_session_01
1.792,0.2189682442629471,angry,subject_03,subject_03_angry_session_01
1.796,0.24131051615298932,angry,subject_03,subject_03_angry_session_01
1.8,0.3326523819563735,angry,subject_03,subject_03_angry_session_01
1.804,0.1649130463853834,angry,subject_03,subject_03_angry_session_01
1.808,0.29035877176960373,angry,subject_03,subject_03_angry_session_01
1.812,0.298537683650687,angry,subject_03,subject_03_angry_session_01
1.816,0.34581461391074325,angry,subject_03,subject_03_angry_session_01
1.82,0.31580937131993325,angry,subject_03,subject_03_angry_session_01
1.824,0.32064612162096745,angry,subject_03,subject_03_angry_session_01
1.828,0.3281614488720104,angry,subject_03,subject_03_angry_session_01
1.832,0.35926048632685614,angry,subject_03,subject_03_angry_session_01
1.836,0.24038315306540478,angry,subject_03,subject_03_angry_session_01
1.84,0.20499865983387316,angry,subject_03,subject_03_angry_session_01
1.844,0.204741614707447,angry,subject_03,subject_03_angry_session_01
1.848,0.29526936196297093,angry,subject_03,subject_03_angry_session_01
1.852,0.23706903129424595,angry,subject_03,subject_03_angry_session_01
1.856,0.2147895038932322,angry,subject_03,subject_03_angry_session_01
1.86,0.31202015340724165,angry,subject_03,subject_03_angry_session_01
1.864,0.27870588780017924,angry,subject_03,subject_03_angry_session_01
1.868,0.3354933196877512,angry,subject_03,subject_03_angry_session_01
1.872,0.2546683822966567,angry,subject_03,subject_03_angry_session_01
1.876,0.26806649927644666,angry,subject_03,subject_03_angry_session_01
1.88,0.20771888107825634,angry,subject_03,subject_03_angry_session_01
1.884,0.10176175384002417,angry,subject_03,subject_03_angry_session_01
1.888,0.19343099160723087,angry,subject_03,subject_03_angry_session_01
1.892,0.17808662554792934,angry,subject_03,subject_03_angry_session_01
1.896,0.13738705602880863,angry,subject_03,subject_03_angry_session_01
1.9,0.22491875580132772,angry,subject_03,subject_03_angry_session_01
1.904,0.2653524642564723,angry,subject_03,subject_03_angry_session_01
1.908,0.1773947557477353,angry,subject_03,subject_03_angry_session_01
1.912,0.2237595858262693,angry,subject_03,subject_03_angry_session_01
1.916,0.15998075868543812,angry,subject_03,subject_03_angry_session_01
1.92,0.17896938569496518,angry,subject_03,subject_03_angry_session_01
1.924,0.1453548039591111,angry,subject_03,subject_03_angry_session_01
1.928,0.19232406189636073,angry,subject_03,subject_03_angry_session_01
1.932,0.2016134818129329,angry,subject_03,subject_03_angry_session_01
1.936,0.26129600450583407,angry,subject_03,subject_03_angry_session_01
1.94,0.11572121265409255,angry,subject_03,subject_03_angry_session_01
1.944,0.12848701925039369,angry,subject_03,subject_03_angry_session_01
1.948,0.19998007101742737,angry,subject_03,subject_03_angry_session_01
1.952,0.10292500457301264,angry,subject_03,subject_03_angry_session_01
1.956,0.14439474950787565,angry,subject_03,subject_03_angry_session_01
1.96,0.07489490784326666,angry,subject_03,subject_03_angry_session_01
1.964,0.11989638027132102,angry,subject_03,subject_03_angry_session_01
1.968,0.12334152577105437,angry,subject_03,subject_03_angry_session_01
1.972,0.15734318291765764,angry,subject_03,subject_03_angry_session_01
1.976,0.025216643922329328,angry,subject_03,subject_03_angry_session_01
1.98,0.09274798148096526,angry,subject_03,subject_03_angry_session_01
1.984,0.04769140598161913,angry,subject_03,subject_03_angry_session_01
1.988,-0.04892102623818185,angry,subject_03,subject_03_angry_session_01
1.992,0.005814026996753707,angry,subject_03,subject_03_angry_session_01
1.996,-0.007285838326203858,angry,subject_03,subject_03_angry_session_01
2.0,0.058124190302902,angry,subject_03,subject_03_angry_session_01
2.004,-0.024773462253261994,angry,subject_03,subject_03_angry_session_01
2.008,0.02903180848166213,angry,subject_03,subject_03_angry_session_01
2.012,0.020608477105382095,angry,subject_03,subject_03_angry_session_01
2.016,0.055433740553172225,angry,subject_03,subject_03_angry_session_01
2.02,-0.015012982582554282,angry,subject_03,subject_03_angry_session_01
2.024,-0.07771158063968901,angry,subject_03,subject_03_angry_session_01
2.028,0.0644777806188053,angry,subject_03,subject_03_angry_session_01
2.032,-0.026688572441439323,angry,subject_03,subject_03_angry_session_01
2.036,0.07129654692233602,angry,subject_03,subject_03_angry_session_01
2.04,0.0027712993418554186,angry,subject_03,subject_03_angry_session_01
2.044,0.0068342056164958295,angry,subject_03,subject_03_angry_session_01
2.048,0.03797000672990603,angry,subject_03,subject_03_angry_session_01
2.052,0.03869058789683077,angry,subject_03,subject_03_angry_session_01
2.056,-0.006397616121498577,angry,subject_03,subject_03_angry_session_01
2.06,-0.030843303924122874,angry,subject_03,subject_03_angry_session_01
2.064,-0.011503341839763308,angry,subject_03,subject_03_angry_session_01
2.068,-0.12156111303183788,angry,subject_03,subject_03_angry_session_01
2.072,0.0434342177687955,angry,subject_03,subject_03_angry_session_01
2.076,-0.06189095164545297,angry,subject_03,subject_03_angry_session_01
2.08,-0.021197363698477363,angry,subject_03,subject_03_angry_session_01
2.084,0.02856890286326981,angry,subject_03,subject_03_angry_session_01
2.088,0.1472513315604609,angry,subject_03,subject_03_angry_session_01
2.092,0.22130225382717944,angry,subject_03,subject_03_angry_session_01
2.096,0.40243047519678715,angry,subject_03,subject_03_angry_session_01
2.1,0.5472929825709747,angry,subject_03,subject_03_angry_session_01
2.104,0.6290332679607096,angry,subject_03,subject_03_angry_session_01
2.108,0.7830241658151372,angry,subject_03,subject_03_angry_session_01
2.112,0.9445470027504956,angry,subject_03,subject_03_angry_session_01
2.116,1.0930723406526992,angry,subject_03,subject_03_angry_session_01
2.12,1.1202285364313944,angry,subject_03,subject_03_angry_session_01
2.124,1.1069416272196078,angry,subject_03,subject_03_angry_session_01
2.128,0.9785419504262116,angry,subject_03,subject_03_angry_session_01
2.132,0.9322504617667394,angry,subject_03,subject_03_angry_session_01
2.136,0.737844334796333,angry,subject_03,subject_03_angry_session_01
2.14,0.5105897556548512,angry,subject_03,subject_03_angry_session_01
2.144,0.361211853429742,angry,subject_03,subject_03_angry_session_01
2.148,0.27420027690062876,angry,subject_03,subject_03_angry_session_01
2.152,0.1929588410213558,angry,subject_03,subject_03_angry_session_01
2.156,-0.08903384888071293,angry,subject_03,subject_03_angry_session_01
2.16,-0.02262374135337276,angry,subject_03,subject_03_angry_session_01
2.164,-0.15848330421582102,angry,subject_03,subject_03_angry_session_01
2.168,-0.10913232210184845,angry,subject_03,subject_03_angry_session_01
2.172,-0.02533013700399758,angry,subject_03,subject_03_angry_session_01
2.176,-0.030514067756285887,angry,subject_03,subject_03_angry_session_01
2.18,-0.07030692123811375,angry,subject_03,subject_03_angry_session_01
2.184,-0.03462523764273099,angry,subject_03,subject_03_angry_session_01
2.188,0.05742116897301075,angry,subject_03,subject_03_angry_session_01
2.192,0.013441081020429128,angry,subject_03,subject_03_angry_session_01
2.196,0.013702592720458338,angry,subject_03,subject_03_angry_session_01
2.2,0.07898050542802368,angry,subject_03,subject_03_angry_session_01
2.204,0.067949666212444,angry,subject_03,subject_03_angry_session_01
2.208,0.0017534144076196793,angry,subject_03,subject_03_angry_session_01
2.212,0.06512604965295447,angry,subject_03,subject_03_angry_session_01
2.216,0.01692979023843667,angry,subject_03,subject_03_angry_session_01
2.22,0.04197792495398378,angry,subject_03,subject_03_angry_session_01
2.224,-0.062456195116538576,angry,subject_03,subject_03_angry_session_01
2.228,0.011138584389926098,angry,subject_03,subject_03_angry_session_01
2.232,0.059490013864689675,angry,subject_03,subject_03_angry_session_01
2.236,-0.011823786849126508,angry,subject_03,subject_03_angry_session_01
2.24,0.04127654580031591,angry,subject_03,subject_03_angry_session_01
2.244,-0.029615321383869367,angry,subject_03,subject_03_angry_session_01
2.248,0.11522663119750984,angry,subject_03,subject_03_angry_session_01
2.252,0.16316179470477082,angry,subject_03,subject_03_angry_session_01
2.256,0.02582470723992033,angry,subject_03,subject_03_angry_session_01
2.26,-0.0016405670294418195,angry,subject_03,subject_03_angry_session_01
2.264,0.1329385403877112,angry,subject_03,subject_03_angry_session_01
2.268,0.12277895097230092,angry,subject_03,subject_03_angry_session_01
2.272,0.14248076074082827,angry,subject_03,subject_03_angry_session_01
2.276,0.16548316553825068,angry,subject_03,subject_03_angry_session_01
2.28,0.1397201943007832,angry,subject_03,subject_03_angry_session_01
2.284,0.2214428075691548,angry,subject_03,subject_03_angry_session_01
2.288,0.2363586579549698,angry,subject_03,subject_03_angry_session_01
2.292,0.2705709054819606,angry,subject_03,subject_03_angry_session_01
2.296,0.2876412084763897,angry,subject_03,subject_03_angry_session_01
2.3,0.12915293558240323,angry,subject_03,subject_03_angry_session_01
2.304,0.24424082683505366,angry,subject_03,subject_03_angry_session_01
2.308,0.19930213897822122,angry,subject_03,subject_03_angry_session_01
2.312,0.08096974782883747,angry,subject_03,subject_03_angry_session_01
2.316,0.23411899542098114,angry,subject_03,subject_03_angry_session_01
2.32,0.16728893357377755,angry,subject_03,subject_03_angry_session_01
2.324,0.21694992851537048,angry,subject_03,subject_03_angry_session_01
2.328,0.15501113210615874,angry,subject_03,subject_03_angry_session_01
2.332,0.3078193670156324,angry,subject_03,subject_03_angry_session_01
2.336,0.18134289028456213,angry,subject_03,subject_03_angry_session_01
2.34,0.19596283463563285,angry,subject_03,subject_03_angry_session_01
2.344,0.3132238091860434,angry,subject_03,subject_03_angry_session_01
2.348,0.2653501987504185,angry,subject_03,subject_03_angry_session_01
2.352,0.35999207400978417,angry,subject_03,subject_03_angry_session_01
2.356,0.30850951678957333,angry,subject_03,subject_03_angry_session_01
2.36,0.3235131813569776,angry,subject_03,subject_03_angry_session_01
2.364,0.1966408291318084,angry,subject_03,subject_03_angry_session_01
2.368,0.2812600488913028,angry,subject_03,subject_03_angry_session_01
2.372,0.3705553354891743,angry,subject_03,subject_03_angry_session_01
2.376,0.1955642555400161,angry,subject_03,subject_03_angry_session_01
2.38,0.26090361993129874,angry,subject_03,subject_03_angry_session_01
2.384,0.2532452882151433,angry,subject_03,subject_03_angry_session_01
2.388,0.27415244541311407,angry,subject_03,subject_03_angry_session_01
2.392,0.3014375651959226,angry,subject_03,subject_03_angry_session_01
2.396,0.26154897683420175,angry,subject_03,subject_03_angry_session_01
2.4,0.3724273594856062,angry,subject_03,subject_03_angry_session_01
2.404,0.1065667360626765,angry,subject_03,subject_03_angry_session_01
2.408,0.0836240785028454,angry,subject_03,subject_03_angry_session_01
2.412,0.22655619022344897,angry,subject_03,subject_03_angry_session_01
2.416,0.31476086780449686,angry,subject_03,subject_03_angry_session_01
2.42,0.22540982998509212,angry,subject_03,subject_03_angry_session_01
2.424,0.2061085603043923,angry,subject_03,subject_03_angry_session_01
2.428,0.11401680349830019,angry,subject_03,subject_03_angry_session_01
2.432,0.20633505285661288,angry,subject_03,subject_03_angry_session_01
2.436,0.18965696030410162,angry,subject_03,subject_03_angry_session_01
2.44,0.20806162252658802,angry,subject_03,subject_03_angry_session_01
2.444,0.20661846457380814,angry,subject_03,subject_03_angry_session_01
2.448,0.25347868576112265,angry,subject_03,subject_03_angry_session_01
2.452,0.18278759775178183,angry,subject_03,subject_03_angry_session_01
2.456,0.15466062783436946,angry,subject_03,subject_03_angry_session_01
2.46,0.20365238344024567,angry,subject_03,subject_03_angry_session_01
2.464,0.1980356293017253,angry,subject_03,subject_03_angry_session_01
2.468,0.12201804716012236,angry,subject_03,subject_03_angry_session_01
2.472,0.21416688650241317,angry,subject_03,subject_03_angry_session_01
2.476,0.11164783888646344,angry,subject_03,subject_03_angry_session_01
2.48,0.2220563782937584,angry,subject_03,subject_03_angry_session_01
2.484,0.1462964060946491,angry,subject_03,subject_03_angry_session_01
2.488,0.10411140437152867,angry,subject_03,subject_03_angry_session_01
2.492,0.33269798190072775,angry,subject_03,subject_03_angry_session_01
2.496,0.1662084748400458,angry,subject_03,subject_03_angry_session_01
2.5,0.2162928682629235,angry,subject_03,subject_03_angry_session_01
2.504,0.14100484834296143,angry,subject_03,subject_03_angry_session_01
2.508,0.21625156561715955,angry,subject_03,subject_03_angry_session_01
2.512,0.17343509430914367,angry,subject_03,subject_03_angry_session_01
2.516,0.10408073761872766,angry,subject_03,subject_03_angry_session_01
2.52,0.17009678984668342,angry,subject_03,subject_03_angry_session_01
2.524,0.17411686394186865,angry,subject_03,subject_03_angry_session_01
2.528,0.06875275205165446,angry,subject_03,subject_03_angry_session_01
2.532,0.08380551039009436,angry,subject_03,subject_03_angry_session_01
2.536,0.2011470996083499,angry,subject_03,subject_03_angry_session_01
2.54,0.07880863477275526,angry,subject_03,subject_03_angry_session_01
2.544,0.12530336823579777,angry,subject_03,subject_03_angry_session_01
2.548,0.10003043539422389,angry,subject_03,subject_03_angry_session_01
2.552,0.10815314535639117,angry,subject_03,subject_03_angry_session_01
2.556,0.0951900952493763,angry,subject_03,subject_03_angry_session_01
2.56,-0.13510303290414208,angry,subject_03,subject_03_angry_session_01
2.564,-0.009609086681200744,angry,subject_03,subject_03_angry_session_01
2.568,-0.0018208757191035367,angry,subject_03,subject_03_angry_session_01
2.572,0.02852086471632173,angry,subject_03,subject_03_angry_session_01
2.576,-0.04663047157185106,angry,subject_03,subject_03_angry_session_01
2.58,-0.004650217851002201,angry,subject_03,subject_03_angry_session_01
2.584,-0.07741013115752352,angry,subject_03,subject_03_angry_session_01
2.588,-0.1265646559791469,angry,subject_03,subject_03_angry_session_01
2.592,0.15272526985995888,angry,subject_03,subject_03_angry_session_01
2.596,-0.036765565427177245,angry,subject_03,subject_03_angry_session_01
2.6,0.06323225944305273,angry,subject_03,subject_03_angry_session_01
2.604,0.03869673335126543,angry,subject_03,subject_03_angry_session_01
2.608,-0.041808130069175026,angry,subject_03,subject_03_angry_session_01
2.612,0.07322681562077299,angry,subject_03,subject_03_angry_session_01
2.616,-0.07309315448664641,angry,subject_03,subject_03_angry_session_01
2.62,-0.025173065447671977,angry,subject_03,subject_03_angry_session_01
2.624,0.014774670688081783,angry,subject_03,subject_03_angry_session_01
2.628,-0.02153047525807779,angry,subject_03,subject_03_angry_session_01
2.632,-0.03528184011240366,angry,subject_03,subject_03_angry_session_01
2.636,-0.1465473337694207,angry,subject_03,subject_03_angry_session_01
2.64,0.012467427239384224,angry,subject_03,subject_03_angry_session_01
2.644,0.017687313057750793,angry,subject_03,subject_03_angry_session_01
2.648,-0.06458047097075541,angry,subject_03,subject_03_angry_session_01
2.652,0.033239150813665,angry,subject_03,subject_03_angry_session_01
2.656,0.02480227736249835,angry,subject_03,subject_03_angry_session_01
2.66,0.13586872985946363,angry,subject_03,subject_03_angry_session_01
2.664,0.2079657438525011,angry,subject_03,subject_03_angry_session_01
2.668,0.26540304773413703,angry,subject_03,subject_03_angry_session_01
2.672,0.5559333799889737,angry,subject_03,subject_03_angry_session_01
2.676,0.537034967887883,angry,subject_03,subject_03_angry_session_01
2.68,0.5679651392887362,angry,subject_03,subject_03_angry_session_01
2.684,0.7334859877802878,angry,subject_03,subject_03_angry_session_01
2.688,1.0248473965322444,angry,subject_03,subject_03_angry_session_01
2.692,0.9223666415995377,angry,subject_03,subject_03_angry_session_01
2.696,1.0247688253480047,angry,subject_03,subject_03_angry_session_01
2.7,1.077382057755072,angry,subject_03,subject_03_angry_session_01
2.704,0.7554354395394871,angry,subject_03,subject_03_angry_session_01
2.708,0.7483341153333197,angry,subject_03,subject_03_angry_session_01
2.712,0.591753594873963,angry,subject_03,subject_03_angry_session_01
2.716,0.3320670438704605,angry,subject_03,subject_03_angry_session_01
2.72,0.2793941832202145,angry,subject_03,subject_03_angry_session_01
2.724,0.1171562396999801,angry,subject_03,subject_03_angry_session_01
2.728,0.06319066637068785,angry,subject_03,subject_03_angry_session_01
2.732,-0.043791136187145474,angry,subject_03,subject_03_angry_session_01
2.736,-0.10488359604876102,angry,subject_03,subject_03_angry_session_01
2.74,-0.06350121136223649,angry,subject_03,subject_03_angry_session_01
2.744,-0.0023255077149361147,angry,subject_03,subject_03_angry_session_01
2.748,0.01902134597558787,angry,subject_03,subject_03_angry_session_01
2.752,-0.011370965560744233,angry,subject_03,subject_03_angry_session_01
2.756,0.01663701733623211,angry,subject_03,subject_03_angry_session_01
2.76,-0.060702292406290055,angry,subject_03,subject_03_angry_session_01
2.764,-0.028792343145609203,angry,subject_03,subject_03_angry_session_01
2.768,0.02098140652370759,angry,subject_03,subject_03_angry_session_01
2.772,0.012137557187325648,angry,subject_03,subject_03_angry_session_01
2.776,0.03779462717025957,angry,subject_03,subject_03_angry_session_01
2.78,0.09123851185176857,angry,subject_03,subject_03_angry_session_01
2.784,0.00138972533476969,angry,subject_03,subject_03_angry_session_01
2.788,-0.07664365096393774,angry,subject_03,subject_03_angry_session_01
2.792,-0.03723765911428607,angry,subject_03,subject_03_angry_session_01
2.796,0.03307477949906464,angry,subject_03,subject_03_angry_session_01
2.8,0.002858645763542115,angry,subject_03,subject_03_angry_session_01
2.804,-0.0435105377878802,angry,subject_03,subject_03_angry_session_01
2.808,0.03286488154931415,angry,subject_03,subject_03_angry_session_01
2.812,-0.003370923710735718,angry,subject_03,subject_03_angry_session_01
2.816,0.08200772026715186,angry,subject_03,subject_03_angry_session_01
2.82,0.14423482972201238,angry,subject_03,subject_03_angry_session_01
2.824,0.12953821062907478,angry,subject_03,subject_03_angry_session_01
2.828,0.010605172862603894,angry,subject_03,subject_03_angry_session_01
2.832,0.035952138122163156,angry,subject_03,subject_03_angry_session_01
2.836,-0.011828356963069636,angry,subject_03,subject_03_angry_session_01
2.84,0.15522533034005737,angry,subject_03,subject_03_angry_session_01
2.844,0.10399302758507582,angry,subject_03,subject_03_angry_session_01
2.848,0.19952655167653222,angry,subject_03,subject_03_angry_session_01
2.852,0.14816495738926172,angry,subject_03,subject_03_angry_session_01
2.856,0.09307707632050505,angry,subject_03,subject_03_angry_session_01
2.86,0.02152951684478821,angry,subject_03,subject_03_angry_session_01
2.864,0.15471570934011217,angry,subject_03,subject_03_angry_session_01
2.868,0.2710013983792193,angry,subject_03,subject_03_angry_session_01
2.872,0.20409494488592625,angry,subject_03,subject_03_angry_session_01
2.876,0.15341169238667215,angry,subject_03,subject_03_angry_session_01
2.88,0.21976402121439598,angry,subject_03,subject_03_angry_session_01
2.884,0.22093743661534196,angry,subject_03,subject_03_angry_session_01
2.888,0.260849079066821,angry,subject_03,subject_03_angry_session_01
2.892,0.1408698729462129,angry,subject_03,subject_03_angry_session_01
2.896,0.2253138351982693,angry,subject_03,subject_03_angry_session_01
2.9,0.11672513390631288,angry,subject_03,subject_03_angry_session_01
2.904,0.09998227596075275,angry,subject_03,subject_03_angry_session_01
2.908,0.2603437012373663,angry,subject_03,subject_03_angry_session_01
2.912,0.2985631496025177,angry,subject_03,subject_03_angry_session_01
2.916,0.22887412237559238,angry,subject_03,subject_03_angry_session_01
2.92,0.22771749196205357,angry,subject_03,subject_03_angry_session_01
2.924,0.25786827429936554,angry,subject_03,subject_03_angry_session_01
2.928,0.3094685145911712,angry,subject_03,subject_03_angry_session_01
2.932,0.2966142479278498,angry,subject_03,subject_03_angry_session_01
2.936,0.26463607014408036,angry,subject_03,subject_03_angry_session_01
2.94,0.2876862150853432,angry,subject_03,subject_03_angry_session_01
2.944,0.2966074944922933,angry,subject_03,subject_03_angry_session_01
2.948,0.1832859104440455,angry,subject_03,subject_03_angry_session_01
2.952,0.2796831256945766,angry,subject_03,subject_03_angry_session_01
2.956,0.16948675161729865,angry,subject_03,subject_03_angry_session_01
2.96,0.31015125682052047,angry,subject_03,subject_03_angry_session_01
2.964,0.2947468507944715,angry,subject_03,subject_03_angry_session_01
2.968,0.24553549131585192,angry,subject_03,subject_03_angry_session_01
2.972,0.22839581030540865,angry,subject_03,subject_03_angry_session_01
2.976,0.30585948157260856,angry,subject_03,subject_03_angry_session_01
2.98,0.2503994706160139,angry,subject_03,subject_03_angry_session_01
2.984,0.2463674804430654,angry,subject_03,subject_03_angry_session_01
2.988,0.24781795046252036,angry,subject_03,subject_03_angry_session_01
2.992,0.24903607899363728,angry,subject_03,subject_03_angry_session_01
2.996,0.29142022571551074,angry,subject_03,subject_03_angry_session_01
3.0,0.12146881331878598,angry,subject_03,subject_03_angry_session_01
3.004,0.20792389469854608,angry,subject_03,subject_03_angry_session_01
3.008,0.09028282432078272,angry,subject_03,subject_03_angry_session_01
3.012,0.23265541037917356,angry,subject_03,subject_03_angry_session_01
3.016,0.16714798842285433,angry,subject_03,subject_03_angry_session_01
3.02,0.21122294372540018,angry,subject_03,subject_03_angry_session_01
3.024,0.15339036256080665,angry,subject_03,subject_03_angry_session_01
3.028,0.1476448122053028,angry,subject_03,subject_03_angry_session_01
3.032,0.16763959039607979,angry,subject_03,subject_03_angry_session_01
3.036,0.19547073219926775,angry,subject_03,subject_03_angry_session_01
3.04,0.2283952330616955,angry,subject_03,subject_03_angry_session_01
3.044,0.13938679919664573,angry,subject_03,subject_03_angry_session_01
3.048,0.1879905420118903,angry,subject_03,subject_03_angry_session_01
3.052,0.1997298614873528,angry,subject_03,subject_03_angry_session_01
3.056,0.14131758121878435,angry,subject_03,subject_03_angry_session_01
3.06,0.18832734708823543,angry,subject_03,subject_03_angry_session_01
3.064,0.08212902805077577,angry,subject_03,subject_03_angry_session_01
3.068,0.09956788262254557,angry,subject_03,subject_03_angry_session_01
3.072,0.210710134798572,angry,subject_03,subject_03_angry_session_01
3.076,0.005964768384773056,angry,subject_03,subject_03_angry_session_01
3.08,0.11206001987284733,angry,subject_03,subject_03_angry_session_01
3.084,0.12863463955939747,angry,subject_03,subject_03_angry_session_01
3.088,0.13079344412072363,angry,subject_03,subject_03_angry_session_01
3.092,0.12448392897805584,angry,subject_03,subject_03_angry_session_01
3.096,0.0854756479126208,angry,subject_03,subject_03_angry_session_01
3.1,0.06709653853363293,angry,subject_03,subject_03_angry_session_01
3.104,0.030097122129230235,angry,subject_03,subject_03_angry_session_01
3.108,0.16496189919624632,angry,subject_03,subject_03_angry_session_01
3.112,0.10962042692504942,angry,subject_03,subject_03_angry_session_01
3.116,0.07260145569426286,angry,subject_03,subject_03_angry_session_01
3.12,0.04267411727602456,angry,subject_03,subject_03_angry_session_01
3.124,0.0032739443648808625,angry,subject_03,subject_03_angry_session_01
3.128,0.028784246414220376,angry,subject_03,subject_03_angry_session_01
3.132,-0.033103122944606544,angry,subject_03,subject_03_angry_session_01
3.136,0.10072715197479899,angry,subject_03,subject_03_angry_session_01
3.14,-0.04020317610442661,angry,subject_03,subject_03_angry_session_01
3.144,-0.06779166919440455,angry,subject_03,subject_03_angry_session_01
3.148,0.1808742611577733,angry,subject_03,subject_03_angry_session_01
3.152,-0.010522314428308293,angry,subject_03,subject_03_angry_session_01
3.156,-0.05781106734616514,angry,subject_03,subject_03_angry_session_01
3.16,0.03671210192897821,angry,subject_03,subject_03_angry_session_01
3.164,-0.09234524261979099,angry,subject_03,subject_03_angry_session_01
3.168,-0.05647754201864657,angry,subject_03,subject_03_angry_session_01
3.172,0.031055612397327015,angry,subject_03,subject_03_angry_session_01
3.176,0.10965756728031309,angry,subject_03,subject_03_angry_session_01
3.18,0.04087074942541553,angry,subject_03,subject_03_angry_session_01
3.184,0.02165876338931043,angry,subject_03,subject_03_angry_session_01
3.188,0.060604887332737646,angry,subject_03,subject_03_angry_session_01
3.192,-0.04118491057912922,angry,subject_03,subject_03_angry_session_01
3.196,-0.11293978569871366,angry,subject_03,subject_03_angry_session_01
3.2,-0.06827166685791752,angry,subject_03,subject_03_angry_session_01
3.204,0.054356705033718825,angry,subject_03,subject_03_angry_session_01
3.208,-0.10218520672832446,angry,subject_03,subject_03_angry_session_01
3.212,-0.04335887928490641,angry,subject_03,subject_03_angry_session_01
3.216,-0.036208207096083765,angry,subject_03,subject_03_angry_session_01
3.22,-0.014581428722665424,angry,subject_03,subject_03_angry_session_01
3.224,0.0038014750564084043,angry,subject_03,subject_03_angry_session_01
3.228,0.03036441635504053,angry,subject_03,subject_03_angry_session_01
3.232,0.21695859201667073,angry,subject_03,subject_03_angry_session_01
3.236,0.16373740294042083,angry,subject_03,subject_03_angry_session_01
3.24,0.3147487734806232,angry,subject_03,subject_03_angry_session_01
3.244,0.36962461441600336,angry,subject_03,subject_03_angry_session_01
3.248,0.6426440440517058,angry,subject_03,subject_03_angry_session_01
3.252,0.6376948515848283,angry,subject_03,subject_03_angry_session_01
3.256,0.8963245427285935,angry,subject_03,subject_03_angry_session_01
3.26,0.9521863476518332,angry,subject_03,subject_03_angry_session_01
3.264,1.0987694686866927,angry,subject_03,subject_03_angry_session_01
3.268,1.100562853469509,angry,subject_03,subject_03_angry_session_01
3.272,1.115314349251889,angry,subject_03,subject_03_angry_session_01
3.276,0.9846417788900546,angry,subject_03,subject_03_angry_session_01
3.28,0.8225290916084527,angry,subject_03,subject_03_angry_session_01
3.284,0.7268886293537064,angry,subject_03,subject_03_angry_session_01
3.288,0.4455010559588424,angry,subject_03,subject_03_angry_session_01
3.292,0.22194494825456867,angry,subject_03,subject_03_angry_session_01
3.296,0.04972470517197286,angry,subject_03,subject_03_angry_session_01
3.3,0.17413094155636044,angry,subject_03,subject_03_angry_session_01
3.304,-0.0007417530730993577,angry,subject_03,subject_03_angry_session_01
3.308,-0.034619348600721654,angry,subject_03,subject_03_angry_session_01
3.312,-0.10332040996788686,angry,subject_03,subject_03_angry_session_01
3.316,-0.06176734964670566,angry,subject_03,subject_03_angry_session_01
3.32,-0.11080662796901211,angry,subject_03,subject_03_angry_session_01
3.324,-0.05315247225613594,angry,subject_03,subject_03_angry_session_01
3.328,-0.14410944774784795,angry,subject_03,subject_03_angry_session_01
3.332,-0.1360553622414338,angry,subject_03,subject_03_angry_session_01
3.336,-0.0920266701206001,angry,subject_03,subject_03_angry_session_01
3.34,-0.05769969383521135,angry,subject_03,subject_03_angry_session_01
3.344,0.0805938038257633,angry,subject_03,subject_03_angry_session_01
3.348,0.15464639287385942,angry,subject_03,subject_03_angry_session_01
3.352,0.0751270334416196,angry,subject_03,subject_03_angry_session_01
3.356,-0.18079191385764404,angry,subject_03,subject_03_angry_session_01
3.36,0.12013741900388633,angry,subject_03,subject_03_angry_session_01
3.364,-0.004957769482843037,angry,subject_03,subject_03_angry_session_01
3.368,-0.07142233676826452,angry,subject_03,subject_03_angry_session_01
3.372,0.1413864397792535,angry,subject_03,subject_03_angry_session_01
3.376,0.007841314419248107,angry,subject_03,subject_03_angry_session_01
3.38,-0.020341574243260822,angry,subject_03,subject_03_angry_session_01
3.384,0.010671991722058356,angry,subject_03,subject_03_angry_session_01
3.388,0.029331945597876555,angry,subject_03,subject_03_angry_session_01
3.392,0.09165343556483171,angry,subject_03,subject_03_angry_session_01
3.396,0.07410016933551142,angry,subject_03,subject_03_angry_session_01
3.4,0.029599189592884767,angry,subject_03,subject_03_angry_session_01
3.404,-0.04137428623441751,angry,subject_03,subject_03_angry_session_01
3.408,0.03569262730536342,angry,subject_03,subject_03_angry_session_01
3.412,0.10512098642535105,angry,subject_03,subject_03_angry_session_01
3.416,0.05418459949706417,angry,subject_03,subject_03_angry_session_01
3.42,0.11460447986751783,angry,subject_03,subject_03_angry_session_01
3.424,0.11441230747301377,angry,subject_03,subject_03_angry_session_01
3.428,0.19109629876182338,angry,subject_03,subject_03_angry_session_01
3.432,0.14781745269680788,angry,subject_03,subject_03_angry_session_01
3.436,0.19167358065331144,angry,subject_03,subject_03_angry_session_01
3.44,0.13424324149932368,angry,subject_03,subject_03_angry_session_01
3.444,0.2545714223594522,angry,subject_03,subject_03_angry_session_01
3.448,0.13717047438894275,angry,subject_03,subject_03_angry_session_01
3.452,0.12215378171416572,angry,subject_03,subject_03_angry_session_01
3.456,0.2611686025033469,angry,subject_03,subject_03_angry_session_01
3.46,0.1510239537081869,angry,subject_03,subject_03_angry_session_01
3.464,0.13106567660147692,angry,subject_03,subject_03_angry_session_01
3.468,0.1366451782517617,angry,subject_03,subject_03_angry_session_01
3.472,0.18090817549984722,angry,subject_03,subject_03_angry_session_01
3.476,0.20149345220649065,angry,subject_03,subject_03_angry_session_01
3.48,0.24866852561394245,angry,subject_03,subject_03_angry_session_01
3.484,0.2758194861346057,angry,subject_03,subject_03_angry_session_01
3.488,0.2366312779515408,angry,subject_03,subject_03_angry_session_01
3.492,0.2965347720958451,angry,subject_03,subject_03_angry_session_01
3.496,0.29280205950199595,angry,subject_03,subject_03_angry_session_01
3.5,0.1920412644668426,angry,subject_03,subject_03_angry_session_01
3.504,0.1920286262198316,angry,subject_03,subject_03_angry_session_01
3.508,0.22636903915299597,angry,subject_03,subject_03_angry_session_01
3.512,0.12606161918217115,angry,subject_03,subject_03_angry_session_01
3.516,0.26113319038623684,angry,subject_03,subject_03_angry_session_01
3.52,0.24347801319735476,angry,subject_03,subject_03_angry_session_01
3.524,0.3550046120825139,angry,subject_03,subject_03_angry_session_01
3.528,0.32280400312628665,angry,subject_03,subject_03_angry_session_01
3.532,0.23801967166528004,angry,subject_03,subject_03_angry_session_01
3.536,0.3133187463823681,angry,subject_03,subject_03_angry_session_01
3.54,0.2432024989550693,angry,subject_03,subject_03_angry_session_01
3.544,0.2791075119756528,angry,subject_03,subject_03_angry_session_01
3.548,0.13260325214075958,angry,subject_03,subject_03_angry_session_01
3.552,0.2123357510324504,angry,subject_03,subject_03_angry_session_01
3.556,0.25287344663706984,angry,subject_03,subject_03_angry_session_01
3.56,0.22404620036230286,angry,subject_03,subject_03_angry_session_01
3.564,0.31460873860744565,angry,subject_03,subject_03_angry_session_01
3.568,0.2553953801426683,angry,subject_03,subject_03_angry_session_01
3.572,0.26752855279339605,angry,subject_03,subject_03_angry_session_01
3.576,0.24060981678528254,angry,subject_03,subject_03_angry_session_01
3.58,0.22575016822330757,angry,subject_03,subject_03_angry_session_01
3.584,0.2770127184470253,angry,subject_03,subject_03_angry_session_01
3.588,0.32605789478429414,angry,subject_03,subject_03_angry_session_01
3.592,0.0905921151532976,angry,subject_03,subject_03_angry_session_01
3.596,0.15260338469805199,angry,subject_03,subject_03_angry_session_01
3.6,0.21390480384071275,angry,subject_03,subject_03_angry_session_01
3.604,0.288383588252677,angry,subject_03,subject_03_angry_session_01
3.608,0.25179147190769646,angry,subject_03,subject_03_angry_session_01
3.612,0.15250379749407217,angry,subject_03,subject_03_angry_session_01
3.616,0.1746342743615007,angry,subject_03,subject_03_angry_session_01
3.62,0.23961518202183898,angry,subject_03,subject_03_angry_session_01
3.624,0.15452662490269886,angry,subject_03,subject_03_angry_session_01
3.628,0.20307270684277196,angry,subject_03,subject_03_angry_session_01
3.632,0.14042009259652688,angry,subject_03,subject_03_angry_session_01
3.636,0.20524711048238856,angry,subject_03,subject_03_angry_session_01
3.64,0.20832158124370004,angry,subject_03,subject_03_angry_session_01
3.644,0.0023396805611101412,angry,subject_03,subject_03_angry_session_01
3.648,0.2649603822084219,angry,subject_03,subject_03_angry_session_01
3.652,0.26422611643149796,angry,subject_03,subject_03_angry_session_01
3.656,0.020046537163952008,angry,subject_03,subject_03_angry_session_01
3.66,0.12034063090998712,angry,subject_03,subject_03_angry_session_01
3.664,0.02779472281464654,angry,subject_03,subject_03_angry_session_01
3.668,-0.010727572869958527,angry,subject_03,subject_03_angry_session_01
3.672,0.1570405203618771,angry,subject_03,subject_03_angry_session_01
3.676,0.20835270107928144,angry,subject_03,subject_03_angry_session_01
3.68,0.08950532821283493,angry,subject_03,subject_03_angry_session_01
3.684,0.17600244528068604,angry,subject_03,subject_03_angry_session_01
3.688,0.03413689963995291,angry,subject_03,subject_03_angry_session_01
3.692,-0.02126495605775164,angry,subject_03,subject_03_angry_session_01
3.696,0.03454859383702974,angry,subject_03,subject_03_angry_session_01
3.7,0.0035442433895439412,angry,subject_03,subject_03_angry_session_01
3.704,0.0693328335815418,angry,subject_03,subject_03_angry_session_01
3.708,0.10236074793008568,angry,subject_03,subject_03_angry_session_01
3.712,-0.03810329544638616,angry,subject_03,subject_03_angry_session_01
3.716,-0.05554766006600582,angry,subject_03,subject_03_angry_session_01
3.72,0.07350033443742462,angry,subject_03,subject_03_angry_session_01
3.724,-0.004676496510566314,angry,subject_03,subject_03_angry_session_01
3.728,0.059127257885423834,angry,subject_03,subject_03_angry_session_01
3.732,-0.04046976152016072,angry,subject_03,subject_03_angry_session_01
3.736,-0.03358539282089287,angry,subject_03,subject_03_angry_session_01
3.74,0.06476472730456417,angry,subject_03,subject_03_angry_session_01
3.744,0.05027707444363831,angry,subject_03,subject_03_angry_session_01
3.748,0.0826202714823776,angry,subject_03,subject_03_angry_session_01
3.752,-0.015081105172723592,angry,subject_03,subject_03_angry_session_01
3.756,0.07381783028432712,angry,subject_03,subject_03_angry_session_01
3.76,0.021756719250128544,angry,subject_03,subject_03_angry_session_01
3.764,0.0184221062981025,angry,subject_03,subject_03_angry_session_01
3.768,-0.057972696873499055,angry,subject_03,subject_03_angry_session_01
3.772,0.03193645382966958,angry,subject_03,subject_03_angry_session_01
3.776,-0.024361790889719778,angry,subject_03,subject_03_angry_session_01
3.78,0.10026312476899599,angry,subject_03,subject_03_angry_session_01
3.784,-0.014922756410433427,angry,subject_03,subject_03_angry_session_01
3.788,-0.029854533508568367,angry,subject_03,subject_03_angry_session_01
3.792,0.05500578283829663,angry,subject_03,subject_03_angry_session_01
3.796,-0.013369413895555547,angry,subject_03,subject_03_angry_session_01
3.8,-0.053357291274117445,angry,subject_03,subject_03_angry_session_01
3.804,-0.05684091405978081,angry,subject_03,subject_03_angry_session_01
3.808,0.04695387744190492,angry,subject_03,subject_03_angry_session_01
3.812,0.08854338525237773,angry,subject_03,subject_03_angry_session_01
3.816,0.3201232730908827,angry,subject_03,subject_03_angry_session_01
3.82,0.5278800620744823,angry,subject_03,subject_03_angry_session_01
3.824,0.603707398785453,angry,subject_03,subject_03_angry_session_01
3.828,0.9470827561764743,angry,subject_03,subject_03_angry_session_01
3.832,0.8466665617037887,angry,subject_03,subject_03_angry_session_01
3.836,1.063496529231306,angry,subject_03,subject_03_angry_session_01
3.84,1.1085677294143685,angry,subject_03,subject_03_angry_session_01
3.844,1.0514122674580755,angry,subject_03,subject_03_angry_session_01
3.848,1.005181858032848,angry,subject_03,subject_03_angry_session_01
3.852,1.0023593966407838,angry,subject_03,subject_03_angry_session_01
3.856,0.8183730771608247,angry,subject_03,subject_03_angry_session_01
3.86,0.6416145423586347,angry,subject_03,subject_03_angry_session_01
3.864,0.35876311163785163,angry,subject_03,subject_03_angry_session_01
3.868,0.2882524757796822,angry,subject_03,subject_03_angry_session_01
3.872,0.17786137247394013,angry,subject_03,subject_03_angry_session_01
3.876,0.08502640704967218,angry,subject_03,subject_03_angry_session_01
3.88,-0.11128618892458324,angry,subject_03,subject_03_angry_session_01
3.884,-0.036433829394754584,angry,subject_03,subject_03_angry_session_01
3.888,-0.042771005254853,angry,subject_03,subject_03_angry_session_01
3.892,0.013509440647392033,angry,subject_03,subject_03_angry_session_01
3.896,-0.053805895224101424,angry,subject_03,subject_03_angry_session_01
3.9,-0.09057443113246294,angry,subject_03,subject_03_angry_session_01
3.904,-0.06391910985542679,angry,subject_03,subject_03_angry_session_01
3.908,0.025805879878076622,angry,subject_03,subject_03_angry_session_01
3.912,0.08173550939804967,angry,subject_03,subject_03_angry_session_01
3.916,-0.004106193486782681,angry,subject_03,subject_03_angry_session_01
3.92,0.03999573096600385,angry,subject_03,subject_03_angry_session_01
3.924,-0.09651648640632472,angry,subject_03,subject_03_angry_session_01
3.928,-0.0976142396208221,angry,subject_03,subject_03_angry_session_01
3.932,0.06268728540627634,angry,subject_03,subject_03_angry_session_01
3.936,0.06572377944514649,angry,subject_03,subject_03_angry_session_01
3.94,0.08549061441818616,angry,subject_03,subject_03_angry_session_01
3.944,-0.07818473473152134,angry,subject_03,subject_03_angry_session_01
3.948,0.13947036395798806,angry,subject_03,subject_03_angry_session_01
3.952,0.023818065096808762,angry,subject_03,subject_03_angry_session_01
3.956,0.026643639388600482,angry,subject_03,subject_03_angry_session_01
3.96,0.10889093578082451,angry,subject_03,subject_03_angry_session_01
3.964,0.07995383530860242,angry,subject_03,subject_03_angry_session_01
3.968,0.1830685433626465,angry,subject_03,subject_03_angry_session_01
3.972,0.13142909080899434,angry,subject_03,subject_03_angry_session_01
3.976,0.18781152469703213,angry,subject_03,subject_03_angry_session_01
3.98,0.07756611237879986,angry,subject_03,subject_03_angry_session_01
3.984,0.18371597887438074,angry,subject_03,subject_03_angry_session_01
3.988,-0.015364700069998488,angry,subject_03,subject_03_angry_session_01
3.992,0.12081887510564124,angry,subject_03,subject_03_angry_session_01
3.996,0.05337249495164735,angry,subject_03,subject_03_angry_session_01
4.0,0.15020653484901958,angry,subject_03,subject_03_angry_session_01
4.004,0.16178292593085628,angry,subject_03,subject_03_angry_session_01
4.008,0.21663090183818426,angry,subject_03,subject_03_angry_session_01
4.012,0.18310206820100686,angry,subject_03,subject_03_angry_session_01
4.016,0.1324890216749436,angry,subject_03,subject_03_angry_session_01
4.02,0.15737038137172799,angry,subject_03,subject_03_angry_session_01
4.024,0.20550465341179092,angry,subject_03,subject_03_angry_session_01
4.028,0.16283248045144283,angry,subject_03,subject_03_angry_session_01
4.032,0.2811403622875219,angry,subject_03,subject_03_angry_session_01
4.036,0.1950515899980652,angry,subject_03,subject_03_angry_session_01
4.04,0.2865940424184661,angry,subject_03,subject_03_angry_session_01
4.044,0.19169563291771416,angry,subject_03,subject_03_angry_session_01
4.048,0.2766422133277458,angry,subject_03,subject_03_angry_session_01
4.052,0.23304143387418946,angry,subject_03,subject_03_angry_session_01
4.056,0.3216445895040493,angry,subject_03,subject_03_angry_session_01
4.06,0.37207369996380507,angry,subject_03,subject_03_angry_session_01
4.064,0.2747780111494031,angry,subject_03,subject_03_angry_session_01
4.068,0.38088688533064,angry,subject_03,subject_03_angry_session_01
4.072,0.26158527949088595,angry,subject_03,subject_03_angry_session_01
4.076,0.28609737463857143,angry,subject_03,subject_03_angry_session_01
4.08,0.2705054565492556,angry,subject_03,subject_03_angry_session_01
4.084,0.21887520713186068,angry,subject_03,subject_03_angry_session_01
4.088,0.36849389675767846,angry,subject_03,subject_03_angry_session_01
4.092,0.29107879217555793,angry,subject_03,subject_03_angry_session_01
4.096,0.2569345415124282,angry,subject_03,subject_03_angry_session_01
4.1,0.23911488098335903,angry,subject_03,subject_03_angry_session_01
4.104,0.39500599526096036,angry,subject_03,subject_03_angry_session_01
4.108,0.27170166101715887,angry,subject_03,subject_03_angry_session_01
4.112,0.26956451785218505,angry,subject_03,subject_03_angry_session_01
4.116,0.3384727785286383,angry,subject_03,subject_03_angry_session_01
4.12,0.3675063075248317,angry,subject_03,subject_03_angry_session_01
4.124,0.24125256289345998,angry,subject_03,subject_03_angry_session_01
4.128,0.30691788079193055,angry,subject_03,subject_03_angry_session_01
4.132,0.3039116827851158,angry,subject_03,subject_03_angry_session_01
4.136,0.25303823262534847,angry,subject_03,subject_03_angry_session_01
4.14,0.2375090417877299,angry,subject_03,subject_03_angry_session_01
4.144,0.22091726694085906,angry,subject_03,subject_03_angry_session_01
4.148,0.3167330368570086,angry,subject_03,subject_03_angry_session_01
4.152,0.26650322498921447,angry,subject_03,subject_03_angry_session_01
4.156,0.25316863299807185,angry,subject_03,subject_03_angry_session_01
4.16,0.2026943025410502,angry,subject_03,subject_03_angry_session_01
4.164,0.30515530350346554,angry,subject_03,subject_03_angry_session_01
4.168,0.2589791055338355,angry,subject_03,subject_03_angry_session_01
4.172,0.18504352926435524,angry,subject_03,subject_03_angry_session_01
4.176,0.21357182530031138,angry,subject_03,subject_03_angry_session_01
4.18,0.2771763607030789,angry,subject_03,subject_03_angry_session_01
4.184,0.1228422147826771,angry,subject_03,subject_03_angry_session_01
4.188,0.2231555888802814,angry,subject_03,subject_03_angry_session_01
4.192,0.2719297414312647,angry,subject_03,subject_03_angry_session_01
4.196,0.2328558320603327,angry,subject_03,subject_03_angry_session_01
4.2,0.2580777454403218,angry,subject_03,subject_03_angry_session_01
4.204,0.08395330323238137,angry,subject_03,subject_03_angry_session_01
4.208,0.12605320289203759,angry,subject_03,subject_03_angry_session_01
4.212,0.2522884274768172,angry,subject_03,subject_03_angry_session_01
4.216,0.21662963965928003,angry,subject_03,subject_03_angry_session_01
4.22,0.16992675803037882,angry,subject_03,subject_03_angry_session_01
4.224,0.19543922261105817,angry,subject_03,subject_03_angry_session_01
4.228,0.20754438763333144,angry,subject_03,subject_03_angry_session_01
4.232,0.1342855807974062,angry,subject_03,subject_03_angry_session_01
4.236,0.11364763898809628,angry,subject_03,subject_03_angry_session_01
4.24,0.06670592031993268,angry,subject_03,subject_03_angry_session_01
4.244,0.22536913640320708,angry,subject_03,subject_03_angry_session_01
4.248,0.13370515132743027,angry,subject_03,subject_03_angry_session_01
4.252,0.2118974513002715,angry,subject_03,subject_03_angry_session_01
4.256,0.03151991043145433,angry,subject_03,subject_03_angry_session_01
4.26,0.11119733740103321,angry,subject_03,subject_03_angry_session_01
4.264,0.02373653186837929,angry,subject_03,subject_03_angry_session_01
4.268,0.1927257005341627,angry,subject_03,subject_03_angry_session_01
4.272,0.24312391072713985,angry,subject_03,subject_03_angry_session_01
4.276,0.14772348549811964,angry,subject_03,subject_03_angry_session_01
4.28,-0.0013176515322748383,angry,subject_03,subject_03_angry_session_01
4.284,-0.009719379049419372,angry,subject_03,subject_03_angry_session_01
4.288,0.048178263885612804,angry,subject_03,subject_03_angry_session_01
4.292,0.05720248044240024,angry,subject_03,subject_03_angry_session_01
4.296,0.07539457772536835,angry,subject_03,subject_03_angry_session_01
4.3,0.06854165137017892,angry,subject_03,subject_03_angry_session_01
4.304,0.03744660848064667,angry,subject_03,subject_03_angry_session_01
4.308,0.019519563010117445,angry,subject_03,subject_03_angry_session_01
4.312,-0.0188752462071004,angry,subject_03,subject_03_angry_session_01
4.316,0.06864966366565656,angry,subject_03,subject_03_angry_session_01
4.32,-0.1168138687970473,angry,subject_03,subject_03_angry_session_01
4.324,0.030154263494228957,angry,subject_03,subject_03_angry_session_01
4.328,0.036375032362923894,angry,subject_03,subject_03_angry_session_01
4.332,0.008230320019592641,angry,subject_03,subject_03_angry_session_01
4.336,0.0693850909527321,angry,subject_03,subject_03_angry_session_01
4.34,0.07874175301633932,angry,subject_03,subject_03_angry_session_01
4.344,0.031011279984151877,angry,subject_03,subject_03_angry_session_01
4.348,0.15637387526937313,angry,subject_03,subject_03_angry_session_01
4.352,-0.026081088152790352,angry,subject_03,subject_03_angry_session_01
4.356,-0.015098820933085335,angry,subject_03,subject_03_angry_session_01
4.36,-0.016243197784153535,angry,subject_03,subject_03_angry_session_01
4.364,0.07272714296436066,angry,subject_03,subject_03_angry_session_01
4.368,0.0268567313608828,angry,subject_03,subject_03_angry_session_01
4.372,-0.10042462329346218,angry,subject_03,subject_03_angry_session_01
4.376,0.022833776707975977,angry,subject_03,subject_03_angry_session_01
4.38,0.05992151909296108,angry,subject_03,subject_03_angry_session_01
4.384,0.28173427373691934,angry,subject_03,subject_03_angry_session_01
4.388,0.2474884016521562,angry,subject_03,subject_03_angry_session_01
4.392,0.437370445619989,angry,subject_03,subject_03_angry_session_01
4.396,0.5025865135710711,angry,subject_03,subject_03_angry_session_01
4.4,0.7674767242676849,angry,subject_03,subject_03_angry_session_01
4.404,1.0179841987208333,angry,subject_03,subject_03_angry_session_01
4.408,0.9717742571444554,angry,subject_03,subject_03_angry_session_01
4.412,1.1497664043839437,angry,subject_03,subject_03_angry_session_01
4.416,1.0993541578214907,angry,subject_03,subject_03_angry_session_01
4.42,1.070957766308626,angry,subject_03,subject_03_angry_session_01
4.424,1.0164482755926645,angry,subject_03,subject_03_angry_session_01
4.428,0.7683500706102239,angry,subject_03,subject_03_angry_session_01
4.432,0.635165512159481,angry,subject_03,subject_03_angry_session_01
4.436,0.45492933536260904,angry,subject_03,subject_03_angry_session_01
4.44,0.4467300714873397,angry,subject_03,subject_03_angry_session_01
4.444,0.2667120669576057,angry,subject_03,subject_03_angry_session_01
4.448,0.152555865569995,angry,subject_03,subject_03_angry_session_01
4.452,0.07909499328544421,angry,subject_03,subject_03_angry_session_01
4.456,0.025559547899341565,angry,subject_03,subject_03_angry_session_01
4.46,-0.13478499568379096,angry,subject_03,subject_03_angry_session_01
4.464,-0.06923810523484768,angry,subject_03,subject_03_angry_session_01
4.468,-0.03273635516359452,angry,subject_03,subject_03_angry_session_01
4.472,0.004947100233603232,angry,subject_03,subject_03_angry_session_01
4.476,-0.048546043928850834,angry,subject_03,subject_03_angry_session_01
4.48,-0.05829314952836653,angry,subject_03,subject_03_angry_session_01
4.484,-0.029263022844988787,angry,subject_03,subject_03_angry_session_01
4.488,-0.005005887282196184,angry,subject_03,subject_03_angry_session_01
4.492,0.023375802292204553,angry,subject_03,subject_03_angry_session_01
4.496,0.07510723440553986,angry,subject_03,subject_03_angry_session_01
4.5,0.04409159917250409,angry,subject_03,subject_03_angry_session_01
4.504,0.13023480619511235,angry,subject_03,subject_03_angry_session_01
4.508,0.09834102273483607,angry,subject_03,subject_03_angry_session_01
4.512,0.0466092937401061,angry,subject_03,subject_03_angry_session_01
4.516,0.09670528080370461,angry,subject_03,subject_03_angry_session_01
4.52,0.06831498049669574,angry,subject_03,subject_03_angry_session_01
4.524,0.04422382063776233,angry,subject_03,subject_03_angry_session_01
4.528,0.08847665257464592,angry,subject_03,subject_03_angry_session_01
4.532,0.11554130894759601,angry,subject_03,subject_03_angry_session_01
4.536,0.15682919940789958,angry,subject_03,subject_03_angry_session_01
4.54,0.23522208311502218,angry,subject_03,subject_03_angry_session_01
4.544,0.18585984542713707,angry,subject_03,subject_03_angry_session_01
4.548,0.056471886560208226,angry,subject_03,subject_03_angry_session_01
4.552,0.027721890510161648,angry,subject_03,subject_03_angry_session_01
4.556,0.20845720775513715,angry,subject_03,subject_03_angry_session_01
4.56,0.13100004678750327,angry,subject_03,subject_03_angry_session_01
4.564,0.10402166612361814,angry,subject_03,subject_03_angry_session_01
4.568,0.25217999187835305,angry,subject_03,subject_03_angry_session_01
4.572,0.15117699391343564,angry,subject_03,subject_03_angry_session_01
4.576,0.16411102434989874,angry,subject_03,subject_03_angry_session_01
4.58,0.14080129213587472,angry,subject_03,subject_03_angry_session_01
4.584,0.06552643492851049,angry,subject_03,subject_03_angry_session_01
4.588,0.1406649252752681,angry,subject_03,subject_03_angry_session_01
4.592,0.16628812031364792,angry,subject_03,subject_03_angry_session_01
4.596,0.1144104363630822,angry,subject_03,subject_03_angry_session_01
4.6,0.22582091933380563,angry,subject_03,subject_03_angry_session_01
4.604,0.24513170484805802,angry,subject_03,subject_03_angry_session_01
4.608,0.29157561657503184,angry,subject_03,subject_03_angry_session_01
4.612,0.199205807257762,angry,subject_03,subject_03_angry_session_01
4.616,0.13957602393050267,angry,subject_03,subject_03_angry_session_01
4.62,0.23923673855056993,angry,subject_03,subject_03_angry_session_01
4.624,0.19041394797657285,angry,subject_03,subject_03_angry_session_01
4.628,0.27004472759243753,angry,subject_03,subject_03_angry_session_01
4.632,0.3293737997029211,angry,subject_03,subject_03_angry_session_01
4.636,0.250677868239357,angry,subject_03,subject_03_angry_session_01
4.64,0.28285324232626374,angry,subject_03,subject_03_angry_session_01
4.644,0.16831528886324992,angry,subject_03,subject_03_angry_session_01
4.648,0.2714436350069384,angry,subject_03,subject_03_angry_session_01
4.652,0.39399014773889174,angry,subject_03,subject_03_angry_session_01
4.656,0.33354721134614196,angry,subject_03,subject_03_angry_session_01
4.66,0.2549323631950306,angry,subject_03,subject_03_angry_session_01
4.664,0.2356204047774763,angry,subject_03,subject_03_angry_session_01
4.668,0.3020188193288969,angry,subject_03,subject_03_angry_session_01
4.672,0.33410570216131735,angry,subject_03,subject_03_angry_session_01
4.676,0.25702495527530056,angry,subject_03,subject_03_angry_session_01
4.68,0.29044112366450364,angry,subject_03,subject_03_angry_session_01
4.684,0.18478438197797,angry,subject_03,subject_03_angry_session_01
4.688,0.3475493526907225,angry,subject_03,subject_03_angry_session_01
4.692,0.24520732152612829,angry,subject_03,subject_03_angry_session_01
4.696,0.3321195715251804,angry,subject_03,subject_03_angry_session_01
4.7,0.31224986373498903,angry,subject_03,subject_03_angry_session_01
4.704,0.3161440083750918,angry,subject_03,subject_03_angry_session_01
4.708,0.26983531587722653,angry,subject_03,subject_03_angry_session_01
4.712,0.3809306368616749,angry,subject_03,subject_03_angry_session_01
4.716,0.2399971607778898,angry,subject_03,subject_03_angry_session_01
4.72,0.37551038946231896,angry,subject_03,subject_03_angry_session_01
4.724,0.287979616026668,angry,subject_03,subject_03_angry_session_01
4.728,0.2771043410923351,angry,subject_03,subject_03_angry_session_01
4.732,0.25284387784417095,angry,subject_03,subject_03_angry_session_01
4.736,0.27046495200098053,angry,subject_03,subject_03_angry_session_01
4.74,0.26143090010735126,angry,subject_03,subject_03_angry_session_01
4.744,0.36254554055216226,angry,subject_03,subject_03_angry_session_01
4.748,0.18223041748719532,angry,subject_03,subject_03_angry_session_01
4.752,0.24047896209951564,angry,subject_03,subject_03_angry_session_01
4.756,0.19228620524355056,angry,subject_03,subject_03_angry_session_01
4.76,0.2113098587841257,angry,subject_03,subject_03_angry_session_01
4.764,0.24339573046676843,angry,subject_03,subject_03_angry_session_01
4.768,0.32885299564965503,angry,subject_03,subject_03_angry_session_01
4.772,0.2633898064058853,angry,subject_03,subject_03_angry_session_01
4.776,0.1724912676739794,angry,subject_03,subject_03_angry_session_01
4.78,0.20727276257433025,angry,subject_03,subject_03_angry_session_01
4.784,0.28854825791772654,angry,subject_03,subject_03_angry_session_01
4.788,0.17834277053500722,angry,subject_03,subject_03_angry_session_01
4.792,0.21503536649238045,angry,subject_03,subject_03_angry_session_01
4.796,0.22447793493643203,angry,subject_03,subject_03_angry_session_01
4.8,0.17934691664282143,angry,subject_03,subject_03_angry_session_01
4.804,0.12987958261628224,angry,subject_03,subject_03_angry_session_01
4.808,0.1915297210919933,angry,subject_03,subject_03_angry_session_01
4.812,0.30623934921052365,angry,subject_03,subject_03_angry_session_01
4.816,0.1312549263095603,angry,subject_03,subject_03_angry_session_01
4.82,0.11824048029646159,angry,subject_03,subject_03_angry_session_01
4.824,0.18597907048819468,angry,subject_03,subject_03_angry_session_01
4.828,0.27564998179761113,angry,subject_03,subject_03_angry_session_01
4.832,0.0729347121318212,angry,subject_03,subject_03_angry_session_01
4.836,0.04453761914782631,angry,subject_03,subject_03_angry_session_01
4.84,0.1550337416076048,angry,subject_03,subject_03_angry_session_01
4.844,0.14856741598135026,angry,subject_03,subject_03_angry_session_01
4.848,0.03340320789421432,angry,subject_03,subject_03_angry_session_01
4.852,0.06715040598623416,angry,subject_03,subject_03_angry_session_01
4.856,0.008989802509042757,angry,subject_03,subject_03_angry_session_01
4.86,0.05047515774237578,angry,subject_03,subject_03_angry_session_01
4.864,0.049687120811638306,angry,subject_03,subject_03_angry_session_01
4.868,0.11911204167751843,angry,subject_03,subject_03_angry_session_01
4.872,0.13100138958131333,angry,subject_03,subject_03_angry_session_01
4.876,0.047801043540075354,angry,subject_03,subject_03_angry_session_01
4.88,0.14017292726599953,angry,subject_03,subject_03_angry_session_01
4.884,0.10449026435411915,angry,subject_03,subject_03_angry_session_01
4.888,-0.03495092302314985,angry,subject_03,subject_03_angry_session_01
4.892,0.10986026633220876,angry,subject_03,subject_03_angry_session_01
4.896,0.08843881132725973,angry,subject_03,subject_03_angry_session_01
4.9,0.15351902449884441,angry,subject_03,subject_03_angry_session_01
4.904,0.052775337390676455,angry,subject_03,subject_03_angry_session_01
4.908,0.14194059219208727,angry,subject_03,subject_03_angry_session_01
4.912,-0.06947055303891089,angry,subject_03,subject_03_angry_session_01
4.916,0.006916983718096254,angry,subject_03,subject_03_angry_session_01
4.92,-0.08653485149867834,angry,subject_03,subject_03_angry_session_01
4.924,0.012170246219902942,angry,subject_03,subject_03_angry_session_01
4.928,0.037979662358641156,angry,subject_03,subject_03_angry_session_01
4.932,0.022698691548241817,angry,subject_03,subject_03_angry_session_01
4.936,0.07583983355032986,angry,subject_03,subject_03_angry_session_01
4.94,0.1664753913793903,angry,subject_03,subject_03_angry_session_01
4.944,0.0010836722483645207,angry,subject_03,subject_03_angry_session_01
4.948,0.11816045374290793,angry,subject_03,subject_03_angry_session_01
4.952,0.12629869638867203,angry,subject_03,subject_03_angry_session_01
4.956,0.17709234103577132,angry,subject_03,subject_03_angry_session_01
4.96,0.3091710378919615,angry,subject_03,subject_03_angry_session_01
4.964,0.369647099435906,angry,subject_03,subject_03_angry_session_01
4.968,0.606882279365024,angry,subject_03,subject_03_angry_session_01
4.972,0.6187109837933076,angry,subject_03,subject_03_angry_session_01
4.976,0.869405924061631,angry,subject_03,subject_03_angry_session_01
4.98,0.9724112334095237,angry,subject_03,subject_03_angry_session_01
4.984,1.2317775609561363,angry,subject_03,subject_03_angry_session_01
4.988,1.0585687620463238,angry,subject_03,subject_03_angry_session_01
4.992,1.1364844539922292,angry,subject_03,subject_03_angry_session_01
4.996,1.1105692291652396,angry,subject_03,subject_03_angry_session_01
5.0,0.8812101144869035,angry,subject_03,subject_03_angry_session_01
5.004,0.7634329121165104,angry,subject_03,subject_03_angry_session_01
5.008,0.56031824331527,angry,subject_03,subject_03_angry_session_01
5.012,0.3954086771942863,angry,subject_03,subject_03_angry_session_01
5.016,0.37025591766475063,angry,subject_03,subject_03_angry_session_01
5.02,0.031698305506320024,angry,subject_03,subject_03_angry_session_01
5.024,0.07200247338221051,angry,subject_03,subject_03_angry_session_01
5.028,-0.12438046042654706,angry,subject_03,subject_03_angry_session_01
5.032,0.03326852107925014,angry,subject_03,subject_03_angry_session_01
5.036,-0.04957771885309102,angry,subject_03,subject_03_angry_session_01
5.04,-0.11950830323668372,angry,subject_03,subject_03_angry_session_01
5.044,-0.008784160619279896,angry,subject_03,subject_03_angry_session_01
5.048,-0.05621962347191892,angry,subject_03,subject_03_angry_session_01
5.052,0.08939855096961206,angry,subject_03,subject_03_angry_session_01
5.056,0.10246986081905218,angry,subject_03,subject_03_angry_session_01
5.06,-0.021170662463564083,angry,subject_03,subject_03_angry_session_01
5.064,0.0854638980504549,angry,subject_03,subject_03_angry_session_01
5.068,0.018220959369138645,angry,subject_03,subject_03_angry_session_01
5.072,0.04335490379904938,angry,subject_03,subject_03_angry_session_01
5.076,0.1838914662650254,angry,subject_03,subject_03_angry_session_01
5.08,0.045536126479079654,angry,subject_03,subject_03_angry_session_01
5.084,0.15993088388345378,angry,subject_03,subject_03_angry_session_01
5.088,0.18231462372113053,angry,subject_03,subject_03_angry_session_01
5.092,0.06188178089650222,angry,subject_03,subject_03_angry_session_01
5.096,0.10273239700592587,angry,subject_03,subject_03_angry_session_01
5.1,0.06258992987374501,angry,subject_03,subject_03_angry_session_01
5.104,0.09739639467564715,angry,subject_03,subject_03_angry_session_01
5.108,0.14171430726258,angry,subject_03,subject_03_angry_session_01
5.112,0.10318455685986896,angry,subject_03,subject_03_angry_session_01
5.116,0.13815081154547137,angry,subject_03,subject_03_angry_session_01
5.12,0.07952454656748187,angry,subject_03,subject_03_angry_session_01
5.124,0.07426663540148526,angry,subject_03,subject_03_angry_session_01
5.128,0.11317718193278575,angry,subject_03,subject_03_angry_session_01
5.132,0.15118812304951285,angry,subject_03,subject_03_angry_session_01
5.136,0.22770409451683982,angry,subject_03,subject_03_angry_session_01
5.14,0.1470507523015314,angry,subject_03,subject_03_angry_session_01
5.144,0.19063750806328045,angry,subject_03,subject_03_angry_session_01
5.148,0.11760139159375008,angry,subject_03,subject_03_angry_session_01
5.152,0.2338261260901663,angry,subject_03,subject_03_angry_session_01
5.156,0.16715436304078757,angry,subject_03,subject_03_angry_session_01
5.16,0.1854878119977068,angry,subject_03,subject_03_angry_session_01
5.164,0.21075836549043606,angry,subject_03,subject_03_angry_session_01
5.168,0.18270763898200357,angry,subject_03,subject_03_angry_session_01
5.172,0.15683860063472566,angry,subject_03,subject_03_angry_session_01
5.176,0.2587546982764485,angry,subject_03,subject_03_angry_session_01
5.18,0.29368066498671136,angry,subject_03,subject_03_angry_session_01
5.184,0.16672576181862853,angry,subject_03,subject_03_angry_session_01
5.188,0.26901172587014777,angry,subject_03,subject_03_angry_session_01
5.192,0.2750619862174562,angry,subject_03,subject_03_angry_session_01
5.196,0.24594748203467914,angry,subject_03,subject_03_angry_session_01
5.2,0.25183654738351297,angry,subject_03,subject_03_angry_session_01
5.204,0.3436660237119491,angry,subject_03,subject_03_angry_session_01
5.208,0.41478531997339874,angry,subject_03,subject_03_angry_session_01
5.212,0.3673398250628705,angry,subject_03,subject_03_angry_session_01
5.216,0.325996080102958,angry,subject_03,subject_03_angry_session_01
5.22,0.36801198748065195,angry,subject_03,subject_03_angry_session_01
5.224,0.3284599159213404,angry,subject_03,subject_03_angry_session_01
5.228,0.2613254353468945,angry,subject_03,subject_03_angry_session_01
5.232,0.32608530834848926,angry,subject_03,subject_03_angry_session_01
5.236,0.22480947107743499,angry,subject_03,subject_03_angry_session_01
5.24,0.2614423160272901,angry,subject_03,subject_03_angry_session_01
5.244,0.36251219579351757,angry,subject_03,subject_03_angry_session_01
5.248,0.294162888185268,angry,subject_03,subject_03_angry_session_01
5.252,0.25480572228113624,angry,subject_03,subject_03_angry_session_01
5.256,0.2668545256014575,angry,subject_03,subject_03_angry_session_01
5.26,0.22782980518599805,angry,subject_03,subject_03_angry_session_01
5.264,0.3182211619176173,angry,subject_03,subject_03_angry_session_01
5.268,0.2706027492399176,angry,subject_03,subject_03_angry_session_01
5.272,0.27861584599116035,angry,subject_03,subject_03_angry_session_01
5.276,0.3151203833284741,angry,subject_03,subject_03_angry_session_01
5.28,0.3074963854654502,angry,subject_03,subject_03_angry_session_01
5.284,0.2125814493527932,angry,subject_03,subject_03_angry_session_01
5.288,0.211239035196827,angry,subject_03,subject_03_angry_session_01
5.292,0.27281603765531465,angry,subject_03,subject_03_angry_session_01
5.296,0.3127180266571177,angry,subject_03,subject_03_angry_session_01
5.3,0.23029774614306933,angry,subject_03,subject_03_angry_session_01
5.304,0.23544775499207543,angry,subject_03,subject_03_angry_session_01
5.308,0.2725417422953902,angry,subject_03,subject_03_angry_session_01
5.312,0.2683937544347782,angry,subject_03,subject_03_angry_session_01
5.316,0.25488481860495243,angry,subject_03,subject_03_angry_session_01
5.32,0.27797103820702174,angry,subject_03,subject_03_angry_session_01
5.324,0.1974351871810314,angry,subject_03,subject_03_angry_session_01
5.328,0.33950363443294307,angry,subject_03,subject_03_angry_session_01
5.332,0.2273432339450096,angry,subject_03,subject_03_angry_session_01
5.336,0.34263237408262115,angry,subject_03,subject_03_angry_session_01
5.34,0.10739131288312412,angry,subject_03,subject_03_angry_session_01
5.344,0.1321867965025073,angry,subject_03,subject_03_angry_session_01
5.348,0.2243123268147891,angry,subject_03,subject_03_angry_session_01
5.352,0.284371037383252,angry,subject_03,subject_03_angry_session_01
5.356,0.232876238641885,angry,subject_03,subject_03_angry_session_01
5.36,0.20646418333502733,angry,subject_03,subject_03_angry_session_01
5.364,0.22359114323382637,angry,subject_03,subject_03_angry_session_01
5.368,0.19827455630801166,angry,subject_03,subject_03_angry_session_01
5.372,0.30986901883099083,angry,subject_03,subject_03_angry_session_01
5.376,0.153382323008305,angry,subject_03,subject_03_angry_session_01
5.38,0.25250041852585725,angry,subject_03,subject_03_angry_session_01
5.384,0.12306014524614689,angry,subject_03,subject_03_angry_session_01
5.388,0.1410273801851426,angry,subject_03,subject_03_angry_session_01
5.392,0.09145124147674429,angry,subject_03,subject_03_angry_session_01
5.396,0.1918304503289223,angry,subject_03,subject_03_angry_session_01
5.4,0.20440416140457376,angry,subject_03,subject_03_angry_session_01
5.404,0.1122700257076594,angry,subject_03,subject_03_angry_session_01
5.408,0.1466816976833853,angry,subject_03,subject_03_angry_session_01
5.412,0.11313894857606423,angry,subject_03,subject_03_angry_session_01
5.416,0.13296069684815914,angry,subject_03,subject_03_angry_session_01
5.42,0.1604965876529153,angry,subject_03,subject_03_angry_session_01
5.424,0.013640352511641765,angry,subject_03,subject_03_angry_session_01
5.428,0.01197604042378364,angry,subject_03,subject_03_angry_session_01
5.432,0.03591462574163592,angry,subject_03,subject_03_angry_session_01
5.436,0.03670600735345081,angry,subject_03,subject_03_angry_session_01
5.44,0.07037088776018874,angry,subject_03,subject_03_angry_session_01
5.444,0.0536219840648588,angry,subject_03,subject_03_angry_session_01
5.448,0.036574695500908486,angry,subject_03,subject_03_angry_session_01
5.452,0.04027431684212679,angry,subject_03,subject_03_angry_session_01
5.456,0.05460186273434865,angry,subject_03,subject_03_angry_session_01
5.46,-0.0077404903081305446,angry,subject_03,subject_03_angry_session_01
5.464,-0.0913671515853819,angry,subject_03,subject_03_angry_session_01
5.468,-0.020990249893632268,angry,subject_03,subject_03_angry_session_01
5.472,0.09788113335675275,angry,subject_03,subject_03_angry_session_01
5.476,-0.1256879751197425,angry,subject_03,subject_03_angry_session_01
5.48,0.09626303014864267,angry,subject_03,subject_03_angry_session_01
5.484,-0.007070651983454527,angry,subject_03,subject_03_angry_session_01
5.488,0.07688849532400738,angry,subject_03,subject_03_angry_session_01
5.492,-0.03669526339744296,angry,subject_03,subject_03_angry_session_01
5.496,-0.12741577477854202,angry,subject_03,subject_03_angry_session_01
5.5,-0.03086708146940672,angry,subject_03,subject_03_angry_session_01
5.504,0.00924643171409172,angry,subject_03,subject_03_angry_session_01
5.508,0.03599075035316417,angry,subject_03,subject_03_angry_session_01
5.512,-0.07569243718261424,angry,subject_03,subject_03_angry_session_01
5.516,0.032786871150831176,angry,subject_03,subject_03_angry_session_01
5.52,0.023990654958274217,angry,subject_03,subject_03_angry_session_01
5.524,0.0167651350079972,angry,subject_03,subject_03_angry_session_01
5.528,0.11915023344932646,angry,subject_03,subject_03_angry_session_01
5.532,0.20733001974971293,angry,subject_03,subject_03_angry_session_01
5.536,0.3544431371834353,angry,subject_03,subject_03_angry_session_01
5.54,0.48080206168172795,angry,subject_03,subject_03_angry_session_01
5.544,0.6350170154369579,angry,subject_03,subject_03_angry_session_01
5.548,0.9067622155585294,angry,subject_03,subject_03_angry_session_01
5.552,0.8137940143402178,angry,subject_03,subject_03_angry_session_01
5.556,0.9616087887913582,angry,subject_03,subject_03_angry_session_01
5.56,1.1677137809796587,angry,subject_03,subject_03_angry_session_01
5.564,1.0215074975015082,angry,subject_03,subject_03_angry_session_01
5.568,1.113232133536446,angry,subject_03,subject_03_angry_session_01
5.572,0.9767231053319176,angry,subject_03,subject_03_angry_session_01
5.576,0.7371600690900982,angry,subject_03,subject_03_angry_session_01
5.58,0.7091499934261492,angry,subject_03,subject_03_angry_session_01
5.584,0.5490465204751042,angry,subject_03,subject_03_angry_session_01
5.588,0.31839740592675375,angry,subject_03,subject_03_angry_session_01
5.592,0.17366581284732127,angry,subject_03,subject_03_angry_session_01
5.596,0.15329651337043737,angry,subject_03,subject_03_angry_session_01
5.6,-0.09522915724363981,angry,subject_03,subject_03_angry_session_01
5.604,0.012097119486391774,angry,subject_03,subject_03_angry_session_01
5.608,-0.12682967868111322,angry,subject_03,subject_03_angry_session_01
5.612,0.0005393751913331871,angry,subject_03,subject_03_angry_session_01
5.616,-0.02761565433297186,angry,subject_03,subject_03_angry_session_01
5.62,-0.005468968061887526,angry,subject_03,subject_03_angry_session_01
5.624,0.11004423103029434,angry,subject_03,subject_03_angry_session_01
5.628,-0.0712472742585413,angry,subject_03,subject_03_angry_session_01
5.632,0.07410792109169398,angry,subject_03,subject_03_angry_session_01
5.636,0.03261948828944346,angry,subject_03,subject_03_angry_session_01
5.64,0.04733352748007408,angry,subject_03,subject_03_angry_session_01
5.644,0.09655892417702527,angry,subject_03,subject_03_angry_session_01
5.648,0.09699804779491714,angry,subject_03,subject_03_angry_session_01
5.652,0.08943231111704825,angry,subject_03,subject_03_angry_session_01
5.656,0.003528983811117603,angry,subject_03,subject_03_angry_session_01
5.66,0.09677557294998913,angry,subject_03,subject_03_angry_session_01
5.664,0.10959019463665726,angry,subject_03,subject_03_angry_session_01
5.668,0.09865824500104854,angry,subject_03,subject_03_angry_session_01
5.672,0.11122174692526623,angry,subject_03,subject_03_angry_session_01
5.676,0.0842398886192129,angry,subject_03,subject_03_angry_session_01
5.68,0.014168716243255108,angry,subject_03,subject_03_angry_session_01
5.684,0.06534352909418373,angry,subject_03,subject_03_angry_session_01
5.688,0.06767029118729932,angry,subject_03,subject_03_angry_session_01
5.692,0.1037525347191126,angry,subject_03,subject_03_angry_session_01
5.696,0.08475221864858265,angry,subject_03,subject_03_angry_session_01
5.7,0.22387858800041674,angry,subject_03,subject_03_angry_session_01
5.704,0.14996232577830168,angry,subject_03,subject_03_angry_session_01
5.708,0.1265338873484894,angry,subject_03,subject_03_angry_session_01
5.712,0.15457839034724433,angry,subject_03,subject_03_angry_session_01
5.716,0.17083436044591663,angry,subject_03,subject_03_angry_session_01
5.72,0.28347010112660004,angry,subject_03,subject_03_angry_session_01
5.724,0.1883883165978723,angry,subject_03,subject_03_angry_session_01
5.728,0.14528823558477147,angry,subject_03,subject_03_angry_session_01
5.732,0.11614378320882679,angry,subject_03,subject_03_angry_session_01
5.736,0.19947965557175681,angry,subject_03,subject_03_angry_session_01
5.74,0.3169805457385254,angry,subject_03,subject_03_angry_session_01
5.744,0.19260066721036853,angry,subject_03,subject_03_angry_session_01
5.748,0.15385658714445424,angry,subject_03,subject_03_angry_session_01
5.752,0.2771782170563106,angry,subject_03,subject_03_angry_session_01
5.756,0.23240315730899336,angry,subject_03,subject_03_angry_session_01
5.76,0.134553902983008,angry,subject_03,subject_03_angry_session_01
5.764,0.25194196294026244,angry,subject_03,subject_03_angry_session_01
5.768,0.3144613267544393,angry,subject_03,subject_03_angry_session_01
5.772,0.12621826932051036,angry,subject_03,subject_03_angry_session_01
5.776,0.3011195509179628,angry,subject_03,subject_03_angry_session_01
5.78,0.1882529508634263,angry,subject_03,subject_03_angry_session_01
5.784,0.25592773500567045,angry,subject_03,subject_03_angry_session_01
5.788,0.2439871948838752,angry,subject_03,subject_03_angry_session_01
5.792,0.34282780070975843,angry,subject_03,subject_03_angry_session_01
5.796,0.3391662077906914,angry,subject_03,subject_03_angry_session_01
5.8,0.20059608472032042,angry,subject_03,subject_03_angry_session_01
5.804,0.16435275067179866,angry,subject_03,subject_03_angry_session_01
5.808,0.19428756951573398,angry,subject_03,subject_03_angry_session_01
5.812,0.3114469793446197,angry,subject_03,subject_03_angry_session_01
5.816,0.14918556325434934,angry,subject_03,subject_03_angry_session_01
5.82,0.2471296696871258,angry,subject_03,subject_03_angry_session_01
5.824,0.3407272985523665,angry,subject_03,subject_03_angry_session_01
5.828,0.31947868949052616,angry,subject_03,subject_03_angry_session_01
5.832,0.17995689369499354,angry,subject_03,subject_03_angry_session_01
5.836,0.2914590226384427,angry,subject_03,subject_03_angry_session_01
5.84,0.21958596009071787,angry,subject_03,subject_03_angry_session_01
5.844,0.23547458908734908,angry,subject_03,subject_03_angry_session_01
5.848,0.23684728642445946,angry,subject_03,subject_03_angry_session_01
5.852,0.24067684909838497,angry,subject_03,subject_03_angry_session_01
5.856,0.2594363040367236,angry,subject_03,subject_03_angry_session_01
5.86,0.21697420273872167,angry,subject_03,subject_03_angry_session_01
5.864,0.21592536587235822,angry,subject_03,subject_03_angry_session_01
5.868,0.30788502627538994,angry,subject_03,subject_03_angry_session_01
5.872,0.25121251469447625,angry,subject_03,subject_03_angry_session_01
5.876,0.18218616073359117,angry,subject_03,subject_03_angry_session_01
5.88,0.2504471410562314,angry,subject_03,subject_03_angry_session_01
5.884,0.15197708597633303,angry,subject_03,subject_03_angry_session_01
5.888,0.24488722010209799,angry,subject_03,subject_03_angry_session_01
5.892,0.26850415310764836,angry,subject_03,subject_03_angry_session_01
5.896,0.2801528728336004,angry,subject_03,subject_03_angry_session_01
5.9,0.253841172511931,angry,subject_03,subject_03_angry_session_01
5.904,0.16024131649595108,angry,subject_03,subject_03_angry_session_01
5.908,0.18768678051746737,angry,subject_03,subject_03_angry_session_01
5.912,0.28621779374250716,angry,subject_03,subject_03_angry_session_01
5.916,0.1948797688266395,angry,subject_03,subject_03_angry_session_01
5.92,0.2040918794098597,angry,subject_03,subject_03_angry_session_01
5.924,0.24506770142580697,angry,subject_03,subject_03_angry_session_01
5.928,0.2895425468974664,angry,subject_03,subject_03_angry_session_01
5.932,0.18868122204279816,angry,subject_03,subject_03_angry_session_01
5.936,0.16351136331129318,angry,subject_03,subject_03_angry_session_01
5.94,0.2937887482743398,angry,subject_03,subject_03_angry_session_01
5.944,0.2907760830695594,angry,subject_03,subject_03_angry_session_01
5.948,0.16726452662033028,angry,subject_03,subject_03_angry_session_01
5.952,0.15799967641737908,angry,subject_03,subject_03_angry_session_01
5.956,0.20278023365867873,angry,subject_03,subject_03_angry_session_01
5.96,0.16581340744415615,angry,subject_03,subject_03_angry_session_01
5.964,0.1322540854276117,angry,subject_03,subject_03_angry_session_01
5.968,0.16571970361757954,angry,subject_03,subject_03_angry_session_01
5.972,0.07351144057069797,angry,subject_03,subject_03_angry_session_01
5.976,0.17007860801091107,angry,subject_03,subject_03_angry_session_01
5.98,0.13417680054725123,angry,subject_03,subject_03_angry_session_01
5.984,0.11288862856820417,angry,subject_03,subject_03_angry_session_01
5.988,0.0708427647523876,angry,subject_03,subject_03_angry_session_01
5.992,0.032024183305671444,angry,subject_03,subject_03_angry_session_01
5.996,-0.04421554212764131,angry,subject_03,subject_03_angry_session_01
6.0,-0.05119876650016685,angry,subject_03,subject_03_angry_session_01
6.004,-0.05242257905136171,angry,subject_03,subject_03_angry_session_01
6.008,0.11516536074769862,angry,subject_03,subject_03_angry_session_01
6.012,-0.003278957198664681,angry,subject_03,subject_03_angry_session_01
6.016,-0.041514475672658896,angry,subject_03,subject_03_angry_session_01
6.02,0.021013188686240043,angry,subject_03,subject_03_angry_session_01
6.024,-0.0347160816414397,angry,subject_03,subject_03_angry_session_01
6.028,-0.004923594985006358,angry,subject_03,subject_03_angry_session_01
6.032,0.048723972453820694,angry,subject_03,subject_03_angry_session_01
6.036,-0.007211034184150589,angry,subject_03,subject_03_angry_session_01
6.04,-0.009641406632162595,angry,subject_03,subject_03_angry_session_01
6.044,0.006676868239232464,angry,subject_03,subject_03_angry_session_01
6.048,-0.07787051855187088,angry,subject_03,subject_03_angry_session_01
6.052,0.021769591208314176,angry,subject_03,subject_03_angry_session_01
6.056,0.08860285642793475,angry,subject_03,subject_03_angry_session_01
6.06,-0.0202031328182093,angry,subject_03,subject_03_angry_session_01
6.064,0.006464091634586676,angry,subject_03,subject_03_angry_session_01
6.068,-0.05109391417632185,angry,subject_03,subject_03_angry_session_01
6.072,-0.04621007511285135,angry,subject_03,subject_03_angry_session_01
6.076,0.05303787504146337,angry,subject_03,subject_03_angry_session_01
6.08,-0.0004927992188146265,angry,subject_03,subject_03_angry_session_01
6.084,0.02527778340334501,angry,subject_03,subject_03_angry_session_01
6.088,-3.0598507598914026e-05,angry,subject_03,subject_03_angry_session_01
6.092,-0.018818863743642496,angry,subject_03,subject_03_angry_session_01
6.096,0.08586898902363199,angry,subject_03,subject_03_angry_session_01
6.1,-0.047532774322410806,angry,subject_03,subject_03_angry_session_01
6.104,0.08772441102978366,angry,subject_03,subject_03_angry_session_01
6.108,0.22196817631516713,angry,subject_03,subject_03_angry_session_01
6.112,0.38416751549116007,angry,subject_03,subject_03_angry_session_01
6.116,0.5193168353841774,angry,subject_03,subject_03_angry_session_01
6.12,0.7112481460174807,angry,subject_03,subject_03_angry_session_01
6.124,0.9322078047434891,angry,subject_03,subject_03_angry_session_01
6.128,0.9056366811892388,angry,subject_03,subject_03_angry_session_01
6.132,1.1491167120322328,angry,subject_03,subject_03_angry_session_01
6.136,1.0750650364059517,angry,subject_03,subject_03_angry_session_01
6.14,1.072842764330121,angry,subject_03,subject_03_angry_session_01
6.144,0.980879497130496,angry,subject_03,subject_03_angry_session_01
6.148,0.868824479307585,angry,subject_03,subject_03_angry_session_01
6.152,0.7660295437533553,angry,subject_03,subject_03_angry_session_01
6.156,0.4532630592182393,angry,subject_03,subject_03_angry_session_01
6.16,0.31153598926541365,angry,subject_03,subject_03_angry_session_01
6.164,0.24403058037505013,angry,subject_03,subject_03_angry_session_01
6.168,0.04005240646823288,angry,subject_03,subject_03_angry_session_01
6.172,-0.10721078478272929,angry,subject_03,subject_03_angry_session_01
6.176,-0.005268028893908289,angry,subject_03,subject_03_angry_session_01
6.18,-0.11049578493933546,angry,subject_03,subject_03_angry_session_01
6.184,-0.011221063460098116,angry,subject_03,subject_03_angry_session_01
6.188,-0.07904595335393755,angry,subject_03,subject_03_angry_session_01
6.192,0.03250700667578357,angry,subject_03,subject_03_angry_session_01
6.196,-0.00499312719690659,angry,subject_03,subject_03_angry_session_01
6.2,-0.049354071964850255,angry,subject_03,subject_03_angry_session_01
6.204,-0.07147453252422659,angry,subject_03,subject_03_angry_session_01
6.208,-0.005186164333135483,angry,subject_03,subject_03_angry_session_01
6.212,0.01704061905158319,angry,subject_03,subject_03_angry_session_01
6.216,-0.02086767960789181,angry,subject_03,subject_03_angry_session_01
6.22,-0.05643839580443971,angry,subject_03,subject_03_angry_session_01
6.224,0.010864364301944847,angry,subject_03,subject_03_angry_session_01
6.228,0.12038796055745417,angry,subject_03,subject_03_angry_session_01
6.232,0.04690582743067244,angry,subject_03,subject_03_angry_session_01
6.236,-0.002714191753090782,angry,subject_03,subject_03_angry_session_01
6.24,0.049308840284794916,angry,subject_03,subject_03_angry_session_01
6.244,0.0829843151074332,angry,subject_03,subject_03_angry_session_01
6.248,-0.005368520248045461,angry,subject_03,subject_03_angry_session_01
6.252,0.04007930357725811,angry,subject_03,subject_03_angry_session_01
6.256,0.0523093447311293,angry,subject_03,subject_03_angry_session_01
6.26,0.042955013273561736,angry,subject_03,subject_03_angry_session_01
6.264,-0.0007192335162463231,angry,subject_03,subject_03_angry_session_01
6.268,0.11943957313842368,angry,subject_03,subject_03_angry_session_01
6.272,-0.03982380109596714,angry,subject_03,subject_03_angry_session_01
6.276,0.05400307635900145,angry,subject_03,subject_03_angry_session_01
6.28,0.05723589955975945,angry,subject_03,subject_03_angry_session_01
6.284,0.07477116850025617,angry,subject_03,subject_03_angry_session_01
6.288,0.20359147584712045,angry,subject_03,subject_03_angry_session_01
6.292,0.10530642427877945,angry,subject_03,subject_03_angry_session_01
6.296,0.1957661200926394,angry,subject_03,subject_03_angry_session_01
6.3,0.14792300755683868,angry,subject_03,subject_03_angry_session_01
6.304,0.17491740332148215,angry,subject_03,subject_03_angry_session_01
6.308,0.138480781049809,angry,subject_03,subject_03_angry_session_01
6.312,0.2077758485527516,angry,subject_03,subject_03_angry_session_01
6.316,0.13553036020980463,angry,subject_03,subject_03_angry_session_01
6.32,0.1537795274936281,angry,subject_03,subject_03_angry_session_01
6.324,0.1571150460172932,angry,subject_03,subject_03_angry_session_01
6.328,0.13322712490375793,angry,subject_03,subject_03_angry_session_01
6.332,0.20209363100064254,angry,subject_03,subject_03_angry_session_01
6.336,0.2625644232849341,angry,subject_03,subject_03_angry_session_01
6.34,0.19697727735172205,angry,subject_03,subject_03_angry_session_01
6.344,0.17575423735143889,angry,subject_03,subject_03_angry_session_01
6.348,0.3466661696325611,angry,subject_03,subject_03_angry_session_01
6.352,0.21181239235153093,angry,subject_03,subject_03_angry_session_01
6.356,0.28411854661720654,angry,subject_03,subject_03_angry_session_01
6.36,0.2450465050748837,angry,subject_03,subject_03_angry_session_01
6.364,0.31328862355832987,angry,subject_03,subject_03_angry_session_01
6.368,0.2490388985086992,angry,subject_03,subject_03_angry_session_01
6.372,0.25203858326100603,angry,subject_03,subject_03_angry_session_01
6.376,0.25371759456528387,angry,subject_03,subject_03_angry_session_01
6.38,0.24350105599987576,angry,subject_03,subject_03_angry_session_01
6.384,0.26356296206303603,angry,subject_03,subject_03_angry_session_01
6.388,0.21409155086979512,angry,subject_03,subject_03_angry_session_01
6.392,0.28994335399936033,angry,subject_03,subject_03_angry_session_01
6.396,0.42235569419396235,angry,subject_03,subject_03_angry_session_01
6.4,0.20236129518643534,angry,subject_03,subject_03_angry_session_01
6.404,0.27582036955506356,angry,subject_03,subject_03_angry_session_01
6.408,0.2558163925549407,angry,subject_03,subject_03_angry_session_01
6.412,0.18456945518882112,angry,subject_03,subject_03_angry_session_01
6.416,0.29667760312178026,angry,subject_03,subject_03_angry_session_01
6.42,0.22027803145255317,angry,subject_03,subject_03_angry_session_01
6.424,0.2024942477324244,angry,subject_03,subject_03_angry_session_01
6.428,0.3225521024116105,angry,subject_03,subject_03_angry_session_01
6.432,0.21667208250040082,angry,subject_03,subject_03_angry_session_01
6.436,0.3037937198264267,angry,subject_03,subject_03_angry_session_01
6.44,0.26277103542973923,angry,subject_03,subject_03_angry_session_01
6.444,0.2326924309783924,angry,subject_03,subject_03_angry_session_01
6.448,0.26186493203005573,angry,subject_03,subject_03_angry_session_01
6.452,0.2676038721893148,angry,subject_03,subject_03_angry_session_01
6.456,0.2067519521829152,angry,subject_03,subject_03_angry_session_01
6.46,0.19205677449088465,angry,subject_03,subject_03_angry_session_01
6.464,0.26251230697247185,angry,subject_03,subject_03_angry_session_01
6.468,0.374663602470236,angry,subject_03,subject_03_angry_session_01
6.472,0.1075454263891599,angry,subject_03,subject_03_angry_session_01
6.476,0.13467858429880336,angry,subject_03,subject_03_angry_session_01
6.48,0.14038089298218606,angry,subject_03,subject_03_angry_session_01
6.484,0.1750787095730454,angry,subject_03,subject_03_angry_session_01
6.488,0.13215069769384147,angry,subject_03,subject_03_angry_session_01
6.492,0.2231087027471608,angry,subject_03,subject_03_angry_session_01
6.496,0.09486020362164373,angry,subject_03,subject_03_angry_session_01
6.5,0.15099383514704268,angry,subject_03,subject_03_angry_session_01
6.504,0.14134471631526788,angry,subject_03,subject_03_angry_session_01
6.508,0.2246770555554986,angry,subject_03,subject_03_angry_session_01
6.512,0.15551219583625572,angry,subject_03,subject_03_angry_session_01
6.516,0.07104416057525492,angry,subject_03,subject_03_angry_session_01
6.52,0.16164626691026657,angry,subject_03,subject_03_angry_session_01
6.524,0.08032519422135023,angry,subject_03,subject_03_angry_session_01
6.528,0.0560328294930022,angry,subject_03,subject_03_angry_session_01
6.532,0.18547957448880775,angry,subject_03,subject_03_angry_session_01
6.536,0.08423109022416987,angry,subject_03,subject_03_angry_session_01
6.54,0.13053135000455227,angry,subject_03,subject_03_angry_session_01
6.544,0.0634592059496759,angry,subject_03,subject_03_angry_session_01
6.548,0.09779723428463255,angry,subject_03,subject_03_angry_session_01
6.552,0.15802089330548597,angry,subject_03,subject_03_angry_session_01
6.556,0.07668387956621935,angry,subject_03,subject_03_angry_session_01
6.56,0.035301972800920095,angry,subject_03,subject_03_angry_session_01
6.564,-0.030224522172520057,angry,subject_03,subject_03_angry_session_01
6.568,0.09450920486361275,angry,subject_03,subject_03_angry_session_01
6.572,0.062740191470126,angry,subject_03,subject_03_angry_session_01
6.576,0.04659160902762411,angry,subject_03,subject_03_angry_session_01
6.58,0.01603193981747679,angry,subject_03,subject_03_angry_session_01
6.584,0.08248617003019051,angry,subject_03,subject_03_angry_session_01
6.588,-0.016456742355417546,angry,subject_03,subject_03_angry_session_01
6.592,0.03814702217767977,angry,subject_03,subject_03_angry_session_01
6.596,0.10987728268515762,angry,subject_03,subject_03_angry_session_01
6.6,0.0018912029575357653,angry,subject_03,subject_03_angry_session_01
6.604,-0.026503310714131527,angry,subject_03,subject_03_angry_session_01
6.608,-0.042514083899694396,angry,subject_03,subject_03_angry_session_01
6.612,-0.045840867864432464,angry,subject_03,subject_03_angry_session_01
6.616,-0.011767355024354496,angry,subject_03,subject_03_angry_session_01
6.62,0.0834037482127151,angry,subject_03,subject_03_angry_session_01
6.624,0.00847586969130848,angry,subject_03,subject_03_angry_session_01
6.628,-0.006632981876008599,angry,subject_03,subject_03_angry_session_01
6.632,-0.011383301671937792,angry,subject_03,subject_03_angry_session_01
6.636,-0.11427437727978441,angry,subject_03,subject_03_angry_session_01
6.64,-0.028264866025852542,angry,subject_03,subject_03_angry_session_01
6.644,-0.0796898843033482,angry,subject_03,subject_03_angry_session_01
6.648,0.06369473975538757,angry,subject_03,subject_03_angry_session_01
6.652,-0.08261275376704115,angry,subject_03,subject_03_angry_session_01
6.656,-0.11476741833636311,angry,subject_03,subject_03_angry_session_01
6.66,-0.14113230982661853,angry,subject_03,subject_03_angry_session_01
6.664,-0.08171701462119262,angry,subject_03,subject_03_angry_session_01
6.668,-0.1944229986536556,angry,subject_03,subject_03_angry_session_01
6.672,0.026895113281409793,angry,subject_03,subject_03_angry_session_01
6.676,0.09368371445442653,angry,subject_03,subject_03_angry_session_01
6.68,0.10991638248518579,angry,subject_03,subject_03_angry_session_01
6.684,0.3531047185101053,angry,subject_03,subject_03_angry_session_01
6.688,0.4407431475839789,angry,subject_03,subject_03_angry_session_01
6.692,0.6026532006561612,angry,subject_03,subject_03_angry_session_01
6.696,0.8215137338114837,angry,subject_03,subject_03_angry_session_01
6.7,0.9749744349769459,angry,subject_03,subject_03_angry_session_01
6.704,0.9477807395427399,angry,subject_03,subject_03_angry_session_01
6.708,0.9755567090716014,angry,subject_03,subject_03_angry_session_01
6.712,1.0358773049598755,angry,subject_03,subject_03_angry_session_01
6.716,1.0916787155820398,angry,subject_03,subject_03_angry_session_01
6.72,0.8421491635181392,angry,subject_03,subject_03_angry_session_01
6.724,0.7991695435759366,angry,subject_03,subject_03_angry_session_01
6.728,0.514388760584714,angry,subject_03,subject_03_angry_session_01
6.732,0.39246609769234886,angry,subject_03,subject_03_angry_session_01
6.736,0.20958014744135955,angry,subject_03,subject_03_angry_session_01
6.74,0.13741117663201038,angry,subject_03,subject_03_angry_session_01
6.744,0.023895701041803212,angry,subject_03,subject_03_angry_session_01
6.748,-0.10110582667830609,angry,subject_03,subject_03_angry_session_01
6.752,-0.10738100459675683,angry,subject_03,subject_03_angry_session_01
6.756,-0.1493218080890005,angry,subject_03,subject_03_angry_session_01
6.76,-0.06332830674261805,angry,subject_03,subject_03_angry_session_01
6.764,-0.12287605696435544,angry,subject_03,subject_03_angry_session_01
6.768,-0.03970088929368023,angry,subject_03,subject_03_angry_session_01
6.772,-0.007359708131699314,angry,subject_03,subject_03_angry_session_01
6.776,0.019314628211837975,angry,subject_03,subject_03_angry_session_01
6.78,0.028006912790127618,angry,subject_03,subject_03_angry_session_01
6.784,0.013442335700625443,angry,subject_03,subject_03_angry_session_01
6.788,-0.06725768819652347,angry,subject_03,subject_03_angry_session_01
6.792,-0.05063728246351122,angry,subject_03,subject_03_angry_session_01
6.796,-0.04733441723806998,angry,subject_03,subject_03_angry_session_01
6.8,0.004704884509850925,angry,subject_03,subject_03_angry_session_01
6.804,0.07791104152873113,angry,subject_03,subject_03_angry_session_01
6.808,-0.025278964365350744,angry,subject_03,subject_03_angry_session_01
6.812,0.002419393218926421,angry,subject_03,subject_03_angry_session_01
6.816,0.09767586917429646,angry,subject_03,subject_03_angry_session_01
6.82,-0.05157559220448989,angry,subject_03,subject_03_angry_session_01
6.824,0.12721022168550267,angry,subject_03,subject_03_angry_session_01
6.828,0.0788882551200963,angry,subject_03,subject_03_angry_session_01
6.832,0.005453825993438383,angry,subject_03,subject_03_angry_session_01
6.836,0.03322870389216225,angry,subject_03,subject_03_angry_session_01
6.84,0.16204904088739944,angry,subject_03,subject_03_angry_session_01
6.844,0.03697245615760961,angry,subject_03,subject_03_angry_session_01
6.848,0.11703538387984501,angry,subject_03,subject_03_angry_session_01
6.852,0.203724086679197,angry,subject_03,subject_03_angry_session_01
6.856,0.08634891330195138,angry,subject_03,subject_03_angry_session_01
6.86,0.09603058419281112,angry,subject_03,subject_03_angry_session_01
6.864,0.23711828938889057,angry,subject_03,subject_03_angry_session_01
6.868,0.04725871888642222,angry,subject_03,subject_03_angry_session_01
6.872,0.11963141908957854,angry,subject_03,subject_03_angry_session_01
6.876,0.15456811613648244,angry,subject_03,subject_03_angry_session_01
6.88,0.044724888936966994,angry,subject_03,subject_03_angry_session_01
6.884,0.07588400301955489,angry,subject_03,subject_03_angry_session_01
6.888,0.11959964901791455,angry,subject_03,subject_03_angry_session_01
6.892,0.18652622838760724,angry,subject_03,subject_03_angry_session_01
6.896,0.14100214748871384,angry,subject_03,subject_03_angry_session_01
6.9,0.17271999490809328,angry,subject_03,subject_03_angry_session_01
6.904,0.2324882685700778,angry,subject_03,subject_03_angry_session_01
6.908,0.2290544367424739,angry,subject_03,subject_03_angry_session_01
6.912,0.07704041250868102,angry,subject_03,subject_03_angry_session_01
6.916,0.21766659305889063,angry,subject_03,subject_03_angry_session_01
6.92,0.24594547633086467,angry,subject_03,subject_03_angry_session_01
6.924,0.2140011374593867,angry,subject_03,subject_03_angry_session_01
6.928,0.25581220882441463,angry,subject_03,subject_03_angry_session_01
6.932,0.2753295632791014,angry,subject_03,subject_03_angry_session_01
6.936,0.25296968207960524,angry,subject_03,subject_03_angry_session_01
6.94,0.23150510938327315,angry,subject_03,subject_03_angry_session_01
6.944,0.25556902678800847,angry,subject_03,subject_03_angry_session_01
6.948,0.10345524424811794,angry,subject_03,subject_03_angry_session_01
6.952,0.3297517511171104,angry,subject_03,subject_03_angry_session_01
6.956,0.3259016116081895,angry,subject_03,subject_03_angry_session_01
6.96,0.3224786334468802,angry,subject_03,subject_03_angry_session_01
6.964,0.25531299658005224,angry,subject_03,subject_03_angry_session_01
6.968,0.2816430697616938,angry,subject_03,subject_03_angry_session_01
6.972,0.2549730600450064,angry,subject_03,subject_03_angry_session_01
6.976,0.2646601902482301,angry,subject_03,subject_03_angry_session_01
6.98,0.32568936791418235,angry,subject_03,subject_03_angry_session_01
6.984,0.13531653012719821,angry,subject_03,subject_03_angry_session_01
6.988,0.2654818663695955,angry,subject_03,subject_03_angry_session_01
6.992,0.18642901901443198,angry,subject_03,subject_03_angry_session_01
6.996,0.16441828707675932,angry,subject_03,subject_03_angry_session_01
7.0,0.2228588402620766,angry,subject_03,subject_03_angry_session_01
7.004,0.15213352975632963,angry,subject_03,subject_03_angry_session_01
7.008,0.14878268709570197,angry,subject_03,subject_03_angry_session_01
7.012,0.12112213133065451,angry,subject_03,subject_03_angry_session_01
7.016,0.1886585247975413,angry,subject_03,subject_03_angry_session_01
7.02,0.24630240173584547,angry,subject_03,subject_03_angry_session_01
7.024,0.26079979760442934,angry,subject_03,subject_03_angry_session_01
7.028,0.32690168938507824,angry,subject_03,subject_03_angry_session_01
7.032,0.1809455082669653,angry,subject_03,subject_03_angry_session_01
7.036,0.2501517592156142,angry,subject_03,subject_03_angry_session_01
7.04,0.21016044171850715,angry,subject_03,subject_03_angry_session_01
7.044,0.20544410009856204,angry,subject_03,subject_03_angry_session_01
7.048,0.21577373047248943,angry,subject_03,subject_03_angry_session_01
7.052,0.2382419792443576,angry,subject_03,subject_03_angry_session_01
7.056,0.21548305297288597,angry,subject_03,subject_03_angry_session_01
7.06,0.159411864793541,angry,subject_03,subject_03_angry_session_01
7.064,0.21428680670917338,angry,subject_03,subject_03_angry_session_01
7.068,0.1371356730697726,angry,subject_03,subject_03_angry_session_01
7.072,0.20536415327756322,angry,subject_03,subject_03_angry_session_01
7.076,0.1718918851097432,angry,subject_03,subject_03_angry_session_01
7.08,0.047092956768006844,angry,subject_03,subject_03_angry_session_01
7.084,0.1447001158786528,angry,subject_03,subject_03_angry_session_01
7.088,0.20220756297924344,angry,subject_03,subject_03_angry_session_01
7.092,0.13153084613576319,angry,subject_03,subject_03_angry_session_01
7.096,0.14523248060355468,angry,subject_03,subject_03_angry_session_01
7.1,0.09475087936151053,angry,subject_03,subject_03_angry_session_01
7.104,0.09867894326976848,angry,subject_03,subject_03_angry_session_01
7.108,0.16341812780535475,angry,subject_03,subject_03_angry_session_01
7.112,0.07185436320566402,angry,subject_03,subject_03_angry_session_01
7.116,0.019766107270362737,angry,subject_03,subject_03_angry_session_01
7.12,-0.050887668129322425,angry,subject_03,subject_03_angry_session_01
7.124,0.025417249576046172,angry,subject_03,subject_03_angry_session_01
7.128,-0.0034588776334205235,angry,subject_03,subject_03_angry_session_01
7.132,-0.03510786873771931,angry,subject_03,subject_03_angry_session_01
7.136,-0.018429993919737674,angry,subject_03,subject_03_angry_session_01
7.14,-0.021159437618841787,angry,subject_03,subject_03_angry_session_01
7.144,-0.032485477234610385,angry,subject_03,subject_03_angry_session_01
7.148,0.10716382745924932,angry,subject_03,subject_03_angry_session_01
7.152,-0.08115482260325732,angry,subject_03,subject_03_angry_session_01
7.156,0.04670270980316685,angry,subject_03,subject_03_angry_session_01
7.16,0.038863767264279724,angry,subject_03,subject_03_angry_session_01
7.164,0.03885390440518658,angry,subject_03,subject_03_angry_session_01
7.168,-0.0051897785175629985,angry,subject_03,subject_03_angry_session_01
7.172,0.0697965465432607,angry,subject_03,subject_03_angry_session_01
7.176,-0.009449801735985681,angry,subject_03,subject_03_angry_session_01
7.18,-0.02507732597331013,angry,subject_03,subject_03_angry_session_01
7.184,0.05501325367273976,angry,subject_03,subject_03_angry_session_01
7.188,-0.027561877838732887,angry,subject_03,subject_03_angry_session_01
7.192,-0.11444883198741171,angry,subject_03,subject_03_angry_session_01
7.196,0.009486131281277399,angry,subject_03,subject_03_angry_session_01
7.2,0.04319856690738898,angry,subject_03,subject_03_angry_session_01
7.204,-0.005430966415475313,angry,subject_03,subject_03_angry_session_01
7.208,-0.04571476155623731,angry,subject_03,subject_03_angry_session_01
7.212,-0.009302435211839485,angry,subject_03,subject_03_angry_session_01
7.216,0.014722446442874695,angry,subject_03,subject_03_angry_session_01
7.22,-0.09013981929489195,angry,subject_03,subject_03_angry_session_01
7.224,-0.15366547329739993,angry,subject_03,subject_03_angry_session_01
7.228,-0.043502790550640165,angry,subject_03,subject_03_angry_session_01
7.232,0.02310219186128839,angry,subject_03,subject_03_angry_session_01
7.236,-0.10764272355367474,angry,subject_03,subject_03_angry_session_01
7.24,-0.10711746901285601,angry,subject_03,subject_03_angry_session_01
7.244,0.008388384248139532,angry,subject_03,subject_03_angry_session_01
7.248,0.03417042353403534,angry,subject_03,subject_03_angry_session_01
7.252,0.0892344871004474,angry,subject_03,subject_03_angry_session_01
7.256,0.3149226979526104,angry,subject_03,subject_03_angry_session_01
7.26,0.34606621441485375,angry,subject_03,subject_03_angry_session_01
7.264,0.5660155585929778,angry,subject_03,subject_03_angry_session_01
7.268,0.7560103174621168,angry,subject_03,subject_03_angry_session_01
7.272,0.8411622679503649,angry,subject_03,subject_03_angry_session_01
7.276,1.0225229121348398,angry,subject_03,subject_03_angry_session_01
7.28,1.086494170751492,angry,subject_03,subject_03_angry_session_01
7.284,1.0778737836144934,angry,subject_03,subject_03_angry_session_01
7.288,1.0074023100040315,angry,subject_03,subject_03_angry_session_01
7.292,1.0251081933558293,angry,subject_03,subject_03_angry_session_01
7.296,0.8597846606911483,angry,subject_03,subject_03_angry_session_01
7.3,0.6879282356872485,angry,subject_03,subject_03_angry_session_01
7.304,0.4751495113524459,angry,subject_03,subject_03_angry_session_01
7.308,0.27455131217035866,angry,subject_03,subject_03_angry_session_01
7.312,0.047644867567963975,angry,subject_03,subject_03_angry_session_01
7.316,0.08332523023670829,angry,subject_03,subject_03_angry_session_01
7.32,-0.04462118698132897,angry,subject_03,subject_03_angry_session_01
7.324,-0.05429733745967074,angry,subject_03,subject_03_angry_session_01
7.328,0.06488204798186625,angry,subject_03,subject_03_angry_session_01
7.332,-0.004869644094404102,angry,subject_03,subject_03_angry_session_01
7.336,-0.03964013091099089,angry,subject_03,subject_03_angry_session_01
7.34,-0.055885672510226296,angry,subject_03,subject_03_angry_session_01
7.344,0.012545461741941183,angry,subject_03,subject_03_angry_session_01
7.348,0.0324923870747616,angry,subject_03,subject_03_angry_session_01
7.352,-0.03586235261696906,angry,subject_03,subject_03_angry_session_01
7.356,-0.02169588450224177,angry,subject_03,subject_03_angry_session_01
7.36,0.013047064856693411,angry,subject_03,subject_03_angry_session_01
7.364,-0.04233754066985344,angry,subject_03,subject_03_angry_session_01
7.368,-0.03436823807068719,angry,subject_03,subject_03_angry_session_01
7.372,-0.057064436876355526,angry,subject_03,subject_03_angry_session_01
7.376,0.11902379277360381,angry,subject_03,subject_03_angry_session_01
7.38,-0.062251846925924864,angry,subject_03,subject_03_angry_session_01
7.384,-0.055623466745167396,angry,subject_03,subject_03_angry_session_01
7.388,-0.10911749909977975,angry,subject_03,subject_03_angry_session_01
7.392,0.0699730431127869,angry,subject_03,subject_03_angry_session_01
7.396,-0.018621673959419924,angry,subject_03,subject_03_angry_session_01
7.4,0.08929616875444202,angry,subject_03,subject_03_angry_session_01
7.404,0.04686972912991044,angry,subject_03,subject_03_angry_session_01
7.408,0.13241260930646329,angry,subject_03,subject_03_angry_session_01
7.412,0.011591770444364671,angry,subject_03,subject_03_angry_session_01
7.416,0.07296775617065918,angry,subject_03,subject_03_angry_session_01
7.42,0.14322198151103843,angry,subject_03,subject_03_angry_session_01
7.424,0.15680230239832577,angry,subject_03,subject_03_angry_session_01
7.428,0.15668406109403638,angry,subject_03,subject_03_angry_session_01
7.432,0.13257727759060184,angry,subject_03,subject_03_angry_session_01
7.436,0.10578478803897873,angry,subject_03,subject_03_angry_session_01
7.44,0.15053276943423613,angry,subject_03,subject_03_angry_session_01
7.444,0.0451981726311156,angry,subject_03,subject_03_angry_session_01
7.448,0.10951618198864986,angry,subject_03,subject_03_angry_session_01
7.452,0.22522884737994503,angry,subject_03,subject_03_angry_session_01
7.456,0.2044280619515329,angry,subject_03,subject_03_angry_session_01
7.46,0.08432040838244284,angry,subject_03,subject_03_angry_session_01
7.464,0.18700249048460016,angry,subject_03,subject_03_angry_session_01
7.468,0.12003276883431527,angry,subject_03,subject_03_angry_session_01
7.472,0.1651632051263098,angry,subject_03,subject_03_angry_session_01
7.476,0.279041439027409,angry,subject_03,subject_03_angry_session_01
7.48,0.08861597906710987,angry,subject_03,subject_03_angry_session_01
7.484,0.1284921912749159,angry,subject_03,subject_03_angry_session_01
7.488,0.22122673769717663,angry,subject_03,subject_03_angry_session_01
7.492,0.2469628803220615,angry,subject_03,subject_03_angry_session_01
7.496,0.20691831253035617,angry,subject_03,subject_03_angry_session_01
7.5,0.3002404634637061,angry,subject_03,subject_03_angry_session_01
7.504,0.22224361855749317,angry,subject_03,subject_03_angry_session_01
7.508,0.2569680007795304,angry,subject_03,subject_03_angry_session_01
7.512,0.248316098442934,angry,subject_03,subject_03_angry_session_01
7.516,0.23312675899293525,angry,subject_03,subject_03_angry_session_01
7.52,0.2962496240402407,angry,subject_03,subject_03_angry_session_01
7.524,0.20540379810007614,angry,subject_03,subject_03_angry_session_01
7.528,0.3332498144416901,angry,subject_03,subject_03_angry_session_01
7.532,0.3148015707945878,angry,subject_03,subject_03_angry_session_01
7.536,0.31638793293928263,angry,subject_03,subject_03_angry_session_01
7.54,0.39455616717175984,angry,subject_03,subject_03_angry_session_01
7.544,0.28250526417296984,angry,subject_03,subject_03_angry_session_01
7.548,0.2637443713490457,angry,subject_03,subject_03_angry_session_01
7.552,0.2830165622708333,angry,subject_03,subject_03_angry_session_01
7.556,0.22850071081475687,angry,subject_03,subject_03_angry_session_01
7.56,0.24588736352365248,angry,subject_03,subject_03_angry_session_01
7.564,0.19869359377706566,angry,subject_03,subject_03_angry_session_01
7.568,0.32748074933249244,angry,subject_03,subject_03_angry_session_01
7.572,0.18273145129317034,angry,subject_03,subject_03_angry_session_01
7.576,0.19101829715991414,angry,subject_03,subject_03_angry_session_01
7.58,0.22426845450806754,angry,subject_03,subject_03_angry_session_01
7.584,0.16774242657667388,angry,subject_03,subject_03_angry_session_01
7.588,0.19175370512980985,angry,subject_03,subject_03_angry_session_01
7.592,0.20645324132564039,angry,subject_03,subject_03_angry_session_01
7.596,0.2724818885199157,angry,subject_03,subject_03_angry_session_01
7.6,0.13497680506695714,angry,subject_03,subject_03_angry_session_01
7.604,0.1876576423260768,angry,subject_03,subject_03_angry_session_01
7.608,0.2341250557154162,angry,subject_03,subject_03_angry_session_01
7.612,0.24336410368446354,angry,subject_03,subject_03_angry_session_01
7.616,0.36617537783686643,angry,subject_03,subject_03_angry_session_01
7.62,0.29544967759967083,angry,subject_03,subject_03_angry_session_01
7.624,0.30382086546351234,angry,subject_03,subject_03_angry_session_01
7.628,0.10943170271644646,angry,subject_03,subject_03_angry_session_01
7.632,0.2182665694707044,angry,subject_03,subject_03_angry_session_01
7.636,0.2322314810031989,angry,subject_03,subject_03_angry_session_01
7.64,0.11710756929165408,angry,subject_03,subject_03_angry_session_01
7.644,0.17187605378793683,angry,subject_03,subject_03_angry_session_01
7.648,0.22984918574139976,angry,subject_03,subject_03_angry_session_01
7.652,0.22793477851621963,angry,subject_03,subject_03_angry_session_01
7.656,0.24648051764608564,angry,subject_03,subject_03_angry_session_01
7.66,0.17149748851043337,angry,subject_03,subject_03_angry_session_01
7.664,0.12429970882343619,angry,subject_03,subject_03_angry_session_01
7.668,0.1858443932662712,angry,subject_03,subject_03_angry_session_01
7.672,0.1538601568763076,angry,subject_03,subject_03_angry_session_01
7.676,0.16176567157898875,angry,subject_03,subject_03_angry_session_01
7.68,0.013573002924096161,angry,subject_03,subject_03_angry_session_01
7.684,0.11701794042807433,angry,subject_03,subject_03_angry_session_01
7.688,0.1335425711660586,angry,subject_03,subject_03_angry_session_01
7.692,0.0994445139253843,angry,subject_03,subject_03_angry_session_01
7.696,0.0825715854279834,angry,subject_03,subject_03_angry_session_01
7.7,0.0738974942248244,angry,subject_03,subject_03_angry_session_01
7.704,0.02091222708094838,angry,subject_03,subject_03_angry_session_01
7.708,0.11707948536007366,angry,subject_03,subject_03_angry_session_01
7.712,0.03995647913504308,angry,subject_03,subject_03_angry_session_01
7.716,-0.10042631297963134,angry,subject_03,subject_03_angry_session_01
7.72,0.006704383188584545,angry,subject_03,subject_03_angry_session_01
7.724,-0.008898879005939206,angry,subject_03,subject_03_angry_session_01
7.728,0.011549140858356871,angry,subject_03,subject_03_angry_session_01
7.732,-0.013167367861296492,angry,subject_03,subject_03_angry_session_01
7.736,0.014228140871859848,angry,subject_03,subject_03_angry_session_01
7.74,0.028298015644531674,angry,subject_03,subject_03_angry_session_01
7.744,-0.034928894463508164,angry,subject_03,subject_03_angry_session_01
7.748,0.01227048937771042,angry,subject_03,subject_03_angry_session_01
7.752,0.04604176668323367,angry,subject_03,subject_03_angry_session_01
7.756,-0.017787278166890467,angry,subject_03,subject_03_angry_session_01
7.76,0.04096741097644171,angry,subject_03,subject_03_angry_session_01
7.764,0.0789311530603693,angry,subject_03,subject_03_angry_session_01
7.768,-0.05859457553442031,angry,subject_03,subject_03_angry_session_01
7.772,0.014392779263517952,angry,subject_03,subject_03_angry_session_01
7.776,0.11772379459109847,angry,subject_03,subject_03_angry_session_01
7.78,0.009106447248479853,angry,subject_03,subject_03_angry_session_01
7.784,-0.05574795378545875,angry,subject_03,subject_03_angry_session_01
7.788,0.0221535439657648,angry,subject_03,subject_03_angry_session_01
7.792,-0.018743940561833882,angry,subject_03,subject_03_angry_session_01
7.796,-0.08706126079462762,angry,subject_03,subject_03_angry_session_01
7.8,-0.024850673626777297,angry,subject_03,subject_03_angry_session_01
7.804,-0.087520352658371,angry,subject_03,subject_03_angry_session_01
7.808,-0.11957502883898566,angry,subject_03,subject_03_angry_session_01
7.812,0.03557179237035166,angry,subject_03,subject_03_angry_session_01
7.816,-0.13836737999414253,angry,subject_03,subject_03_angry_session_01
7.82,0.12659552760226492,angry,subject_03,subject_03_angry_session_01
7.824,0.14667606660613725,angry,subject_03,subject_03_angry_session_01
7.828,0.303978495037173,angry,subject_03,subject_03_angry_session_01
7.832,0.44548009962091073,angry,subject_03,subject_03_angry_session_01
7.836,0.5658078235196855,angry,subject_03,subject_03_angry_session_01
7.84,0.6345705715334002,angry,subject_03,subject_03_angry_session_01
7.844,0.7785599491283998,angry,subject_03,subject_03_angry_session_01
7.848,0.9550998344722177,angry,subject_03,subject_03_angry_session_01
7.852,1.1019381094675191,angry,subject_03,subject_03_angry_session_01
7.856,1.1993534590605353,angry,subject_03,subject_03_angry_session_01
7.86,1.0120937801027126,angry,subject_03,subject_03_angry_session_01
7.864,1.0515592026255205,angry,subject_03,subject_03_angry_session_01
7.868,0.8875543185676901,angry,subject_03,subject_03_angry_session_01
7.872,0.7353921323562976,angry,subject_03,subject_03_angry_session_01
7.876,0.6020496002116924,angry,subject_03,subject_03_angry_session_01
7.88,0.23899215755873274,angry,subject_03,subject_03_angry_session_01
7.884,0.24177083611364986,angry,subject_03,subject_03_angry_session_01
7.888,0.04047115752998444,angry,subject_03,subject_03_angry_session_01
7.892,0.06777444556690976,angry,subject_03,subject_03_angry_session_01
7.896,-0.013602956997349862,angry,subject_03,subject_03_angry_session_01
7.9,0.043528368673786025,angry,subject_03,subject_03_angry_session_01
7.904,0.028318068073321476,angry,subject_03,subject_03_angry_session_01
7.908,-0.08724072210707355,angry,subject_03,subject_03_angry_session_01
7.912,-0.018402308085811597,angry,subject_03,subject_03_angry_session_01
7.916,0.07824013001941194,angry,subject_03,subject_03_angry_session_01
7.92,0.024199340248955134,angry,subject_03,subject_03_angry_session_01
7.924,0.04944510576036663,angry,subject_03,subject_03_angry_session_01
7.928,0.11285246439674247,angry,subject_03,subject_03_angry_session_01
7.932,0.10898947046236157,angry,subject_03,subject_03_angry_session_01
7.936,0.037079992104704015,angry,subject_03,subject_03_angry_session_01
7.94,0.09394561011297992,angry,subject_03,subject_03_angry_session_01
7.944,0.08778037725753199,angry,subject_03,subject_03_angry_session_01
7.948,0.13927103550917178,angry,subject_03,subject_03_angry_session_01
7.952,0.048358373453934275,angry,subject_03,subject_03_angry_session_01
7.956,0.12271535369976785,angry,subject_03,subject_03_angry_session_01
7.96,0.02756226451761786,angry,subject_03,subject_03_angry_session_01
7.964,0.08521193070621871,angry,subject_03,subject_03_angry_session_01
7.968,0.11645179722766785,angry,subject_03,subject_03_angry_session_01
7.972,0.10998249481417599,angry,subject_03,subject_03_angry_session_01
7.976,0.09335621221901219,angry,subject_03,subject_03_angry_session_01
7.98,0.07927878617895866,angry,subject_03,subject_03_angry_session_01
7.984,0.13038432261679253,angry,subject_03,subject_03_angry_session_01
7.988,0.12532163435112476,angry,subject_03,subject_03_angry_session_01
7.992,0.10791661942082685,angry,subject_03,subject_03_angry_session_01
7.996,0.14919432764886392,angry,subject_03,subject_03_angry_session_01
8.0,0.026256323823929367,angry,subject_03,subject_03_angry_session_01
8.004,0.14928465988226264,angry,subject_03,subject_03_angry_session_01
8.008,0.029345572685774757,angry,subject_03,subject_03_angry_session_01
8.012,0.08674764758216348,angry,subject_03,subject_03_angry_session_01
8.016,0.16778359593581005,angry,subject_03,subject_03_angry_session_01
8.02,0.15317879185877895,angry,subject_03,subject_03_angry_session_01
8.024,0.0631348693889442,angry,subject_03,subject_03_angry_session_01
8.028,0.05972708226171693,angry,subject_03,subject_03_angry_session_01
8.032,0.1606561395624577,angry,subject_03,subject_03_angry_session_01
8.036,0.08031107724633532,angry,subject_03,subject_03_angry_session_01
8.04,0.11498764492293388,angry,subject_03,subject_03_angry_session_01
8.044,0.16966364277849588,angry,subject_03,subject_03_angry_session_01
8.048,0.26517046660712995,angry,subject_03,subject_03_angry_session_01
8.052,0.15006719843602195,angry,subject_03,subject_03_angry_session_01
8.056,0.09799816985393134,angry,subject_03,subject_03_angry_session_01
8.06,0.31490852970039107,angry,subject_03,subject_03_angry_session_01
8.064,0.2921657147537056,angry,subject_03,subject_03_angry_session_01
8.068,0.26896975483715496,angry,subject_03,subject_03_angry_session_01
8.072,0.2510800849634502,angry,subject_03,subject_03_angry_session_01
8.076,0.38415652355607094,angry,subject_03,subject_03_angry_session_01
8.08,0.2829160838776278,angry,subject_03,subject_03_angry_session_01
8.084,0.27317882291638595,angry,subject_03,subject_03_angry_session_01
8.088,0.2612806671001107,angry,subject_03,subject_03_angry_session_01
8.092,0.3013655093904601,angry,subject_03,subject_03_angry_session_01
8.096,0.23407506385091334,angry,subject_03,subject_03_angry_session_01
8.1,0.34686882109681383,angry,subject_03,subject_03_angry_session_01
8.104,0.3597411217684543,angry,subject_03,subject_03_angry_session_01
8.108,0.35891112007844905,angry,subject_03,subject_03_angry_session_01
8.112,0.28006561418317644,angry,subject_03,subject_03_angry_session_01
8.116,0.30525961822185654,angry,subject_03,subject_03_angry_session_01
8.12,0.20247174519892497,angry,subject_03,subject_03_angry_session_01
8.124,0.20562306989449455,angry,subject_03,subject_03_angry_session_01
8.128,0.32549052588407834,angry,subject_03,subject_03_angry_session_01
8.132,0.3322154623504303,angry,subject_03,subject_03_angry_session_01
8.136,0.170436823250832,angry,subject_03,subject_03_angry_session_01
8.14,0.19543193514696594,angry,subject_03,subject_03_angry_session_01
8.144,0.21386090090626456,angry,subject_03,subject_03_angry_session_01
8.148,0.28759453816038455,angry,subject_03,subject_03_angry_session_01
8.152,0.23797866793787825,angry,subject_03,subject_03_angry_session_01
8.156,0.19092740322902813,angry,subject_03,subject_03_angry_session_01
8.16,0.2388408871347853,angry,subject_03,subject_03_angry_session_01
8.164,0.23484333153005202,angry,subject_03,subject_03_angry_session_01
8.168,0.306132825305206,angry,subject_03,subject_03_angry_session_01
8.172,0.23274149683864187,angry,subject_03,subject_03_angry_session_01
8.176,0.33352791592302933,angry,subject_03,subject_03_angry_session_01
8.18,0.12036598461435723,angry,subject_03,subject_03_angry_session_01
8.184,0.2676885678332021,angry,subject_03,subject_03_angry_session_01
8.188,0.3634658237653811,angry,subject_03,subject_03_angry_session_01
8.192,0.22655342334991535,angry,subject_03,subject_03_angry_session_01
8.196,0.21504938380679603,angry,subject_03,subject_03_angry_session_01
8.2,0.18897582908368374,angry,subject_03,subject_03_angry_session_01
8.204,0.13814402722629487,angry,subject_03,subject_03_angry_session_01
8.208,0.28546827634613264,angry,subject_03,subject_03_angry_session_01
8.212,0.1707373782894233,angry,subject_03,subject_03_angry_session_01
8.216,0.26823980666016684,angry,subject_03,subject_03_angry_session_01
8.22,0.23268337320404925,angry,subject_03,subject_03_angry_session_01
8.224,0.24350731672452716,angry,subject_03,subject_03_angry_session_01
8.228,0.1417191536886756,angry,subject_03,subject_03_angry_session_01
8.232,0.21281269237714862,angry,subject_03,subject_03_angry_session_01
8.236,0.18588801546845654,angry,subject_03,subject_03_angry_session_01
8.24,0.1899376496321781,angry,subject_03,subject_03_angry_session_01
8.244,0.02013340854983653,angry,subject_03,subject_03_angry_session_01
8.248,0.1945320568386552,angry,subject_03,subject_03_angry_session_01
8.252,0.2887172537323622,angry,subject_03,subject_03_angry_session_01
8.256,0.06966670668255204,angry,subject_03,subject_03_angry_session_01
8.26,0.1943292528368209,angry,subject_03,subject_03_angry_session_01
8.264,0.11465579157908866,angry,subject_03,subject_03_angry_session_01
8.268,0.0578280353219338,angry,subject_03,subject_03_angry_session_01
8.272,0.0692232547367061,angry,subject_03,subject_03_angry_session_01
8.276,0.19044080880355962,angry,subject_03,subject_03_angry_session_01
8.28,0.11205275004880279,angry,subject_03,subject_03_angry_session_01
8.284,0.07926046815526545,angry,subject_03,subject_03_angry_session_01
8.288,-0.0151019662141504,angry,subject_03,subject_03_angry_session_01
8.292,0.10523652865230543,angry,subject_03,subject_03_angry_session_01
8.296,0.13040720452379578,angry,subject_03,subject_03_angry_session_01
8.3,0.07763234783648679,angry,subject_03,subject_03_angry_session_01
8.304,-0.01459795036311675,angry,subject_03,subject_03_angry_session_01
8.308,0.08043998299873471,angry,subject_03,subject_03_angry_session_01
8.312,0.15587351941192068,angry,subject_03,subject_03_angry_session_01
8.316,0.030620861610731027,angry,subject_03,subject_03_angry_session_01
8.32,0.09873021385364147,angry,subject_03,subject_03_angry_session_01
8.324,0.020093426841614023,angry,subject_03,subject_03_angry_session_01
8.328,0.019937709326736476,angry,subject_03,subject_03_angry_session_01
8.332,0.04063515308652774,angry,subject_03,subject_03_angry_session_01
8.336,0.004653556453553968,angry,subject_03,subject_03_angry_session_01
8.34,-0.0028128816419306125,angry,subject_03,subject_03_angry_session_01
8.344,0.02431220750098282,angry,subject_03,subject_03_angry_session_01
8.348,0.07996480431064391,angry,subject_03,subject_03_angry_session_01
8.352,0.026019628779223113,angry,subject_03,subject_03_angry_session_01
8.356,0.018006821388333524,angry,subject_03,subject_03_angry_session_01
8.36,0.031062829061235794,angry,subject_03,subject_03_angry_session_01
8.364,0.11313476037371308,angry,subject_03,subject_03_angry_session_01
8.368,-0.043079898176429765,angry,subject_03,subject_03_angry_session_01
8.372,0.053109357918670934,angry,subject_03,subject_03_angry_session_01
8.376,0.059262848324347195,angry,subject_03,subject_03_angry_session_01
8.38,-0.004556708695144463,angry,subject_03,subject_03_angry_session_01
8.384,0.08001417145116886,angry,subject_03,subject_03_angry_session_01
8.388,0.07439650548661106,angry,subject_03,subject_03_angry_session_01
8.392,0.0988993161017657,angry,subject_03,subject_03_angry_session_01
8.396,0.029649097545102324,angry,subject_03,subject_03_angry_session_01
8.4,0.1624099708271945,angry,subject_03,subject_03_angry_session_01
8.404,0.27429279833930786,angry,subject_03,subject_03_angry_session_01
8.408,0.5030070563160334,angry,subject_03,subject_03_angry_session_01
8.412,0.6735717203052797,angry,subject_03,subject_03_angry_session_01
8.416,0.7643812262050425,angry,subject_03,subject_03_angry_session_01
8.42,0.9084477243324266,angry,subject_03,subject_03_angry_session_01
8.424,1.1681549851155055,angry,subject_03,subject_03_angry_session_01
8.428,1.1122004714344538,angry,subject_03,subject_03_angry_session_01
8.432,1.137839902437466,angry,subject_03,subject_03_angry_session_01
8.436,1.0491557373435976,angry,subject_03,subject_03_angry_session_01
8.44,1.0437707994471253,angry,subject_03,subject_03_angry_session_01
8.444,0.8485218605420317,angry,subject_03,subject_03_angry_session_01
8.448,0.6697952736964354,angry,subject_03,subject_03_angry_session_01
8.452,0.5005257882301183,angry,subject_03,subject_03_angry_session_01
8.456,0.3005766632880441,angry,subject_03,subject_03_angry_session_01
8.46,0.1306906765957845,angry,subject_03,subject_03_angry_session_01
8.464,0.08224774624823178,angry,subject_03,subject_03_angry_session_01
8.468,0.10494344760001682,angry,subject_03,subject_03_angry_session_01
8.472,-0.04295817616165265,angry,subject_03,subject_03_angry_session_01
8.476,0.026170362052720976,angry,subject_03,subject_03_angry_session_01
8.48,-0.05487280829969654,angry,subject_03,subject_03_angry_session_01
8.484,-0.12946448852616022,angry,subject_03,subject_03_angry_session_01
8.488,-0.031538653570505296,angry,subject_03,subject_03_angry_session_01
8.492,-0.08247485988114851,angry,subject_03,subject_03_angry_session_01
8.496,0.07172726341610804,angry,subject_03,subject_03_angry_session_01
8.5,-0.0744874084885987,angry,subject_03,subject_03_angry_session_01
8.504,0.0467707469378807,angry,subject_03,subject_03_angry_session_01
8.508,0.0015621377596873945,angry,subject_03,subject_03_angry_session_01
8.512,0.013270325785136906,angry,subject_03,subject_03_angry_session_01
8.516,0.10644657488953774,angry,subject_03,subject_03_angry_session_01
8.52,0.051131972809522495,angry,subject_03,subject_03_angry_session_01
8.524,0.06040122836926709,angry,subject_03,subject_03_angry_session_01
8.528,0.060824936453203894,angry,subject_03,subject_03_angry_session_01
8.532,0.04722885657585206,angry,subject_03,subject_03_angry_session_01
8.536,0.027920566867487055,angry,subject_03,subject_03_angry_session_01
8.54,-0.019181391489399346,angry,subject_03,subject_03_angry_session_01
8.544,0.1092160179906905,angry,subject_03,subject_03_angry_session_01
8.548,0.11000751266921188,angry,subject_03,subject_03_angry_session_01
8.552,0.16663935527247178,angry,subject_03,subject_03_angry_session_01
8.556,0.12848388918855264,angry,subject_03,subject_03_angry_session_01
8.56,0.08393380351768112,angry,subject_03,subject_03_angry_session_01
8.564,0.10821862473155469,angry,subject_03,subject_03_angry_session_01
8.568,0.15933366499669552,angry,subject_03,subject_03_angry_session_01
8.572,0.1984424205662501,angry,subject_03,subject_03_angry_session_01
8.576,0.11594580836064013,angry,subject_03,subject_03_angry_session_01
8.58,0.21431504130440765,angry,subject_03,subject_03_angry_session_01
8.584,0.15142589155750497,angry,subject_03,subject_03_angry_session_01
8.588,0.1243852611165466,angry,subject_03,subject_03_angry_session_01
8.592,0.13408881454407828,angry,subject_03,subject_03_angry_session_01
8.596,0.16368582883135968,angry,subject_03,subject_03_angry_session_01
8.6,0.18850872361698784,angry,subject_03,subject_03_angry_session_01
8.604,0.26666393580560827,angry,subject_03,subject_03_angry_session_01
8.608,0.319378233386394,angry,subject_03,subject_03_angry_session_01
8.612,0.2016342025920076,angry,subject_03,subject_03_angry_session_01
8.616,0.13974145156176535,angry,subject_03,subject_03_angry_session_01
8.62,0.19522412097570252,angry,subject_03,subject_03_angry_session_01
8.624,0.22049972363981163,angry,subject_03,subject_03_angry_session_01
8.628,0.2628603420322145,angry,subject_03,subject_03_angry_session_01
8.632,0.14566571691353394,angry,subject_03,subject_03_angry_session_01
8.636,0.32371569637835035,angry,subject_03,subject_03_angry_session_01
8.64,0.2128954614908281,angry,subject_03,subject_03_angry_session_01
8.644,0.2913431873667926,angry,subject_03,subject_03_angry_session_01
8.648,0.27118784806323476,angry,subject_03,subject_03_angry_session_01
8.652,0.24357819257793673,angry,subject_03,subject_03_angry_session_01
8.656,0.36871008211592254,angry,subject_03,subject_03_angry_session_01
8.66,0.2652843067393104,angry,subject_03,subject_03_angry_session_01
8.664,0.23841750222863542,angry,subject_03,subject_03_angry_session_01
8.668,0.3305215276200086,angry,subject_03,subject_03_angry_session_01
8.672,0.3536167821721033,angry,subject_03,subject_03_angry_session_01
8.676,0.29061583788983814,angry,subject_03,subject_03_angry_session_01
8.68,0.3145664411493174,angry,subject_03,subject_03_angry_session_01
8.684,0.36176623801738866,angry,subject_03,subject_03_angry_session_01
8.688,0.2913943770507493,angry,subject_03,subject_03_angry_session_01
8.692,0.28865348969169474,angry,subject_03,subject_03_angry_session_01
8.696,0.3495832823693229,angry,subject_03,subject_03_angry_session_01
8.7,0.29195262627374974,angry,subject_03,subject_03_angry_session_01
8.704,0.25258792486756315,angry,subject_03,subject_03_angry_session_01
8.708,0.29650458759445064,angry,subject_03,subject_03_angry_session_01
8.712,0.23645310190444696,angry,subject_03,subject_03_angry_session_01
8.716,0.28736856107889214,angry,subject_03,subject_03_angry_session_01
8.72,0.34652153875459357,angry,subject_03,subject_03_angry_session_01
8.724,0.21225957675862214,angry,subject_03,subject_03_angry_session_01
8.728,0.27955914628342377,angry,subject_03,subject_03_angry_session_01
8.732,0.31482261894483987,angry,subject_03,subject_03_angry_session_01
8.736,0.2723146582993843,angry,subject_03,subject_03_angry_session_01
8.74,0.35633665407927984,angry,subject_03,subject_03_angry_session_01
8.744,0.273110486925108,angry,subject_03,subject_03_angry_session_01
8.748,0.29011735221579765,angry,subject_03,subject_03_angry_session_01
8.752,0.34685406320288203,angry,subject_03,subject_03_angry_session_01
8.756,0.2918751953680027,angry,subject_03,subject_03_angry_session_01
8.76,0.2570076937724206,angry,subject_03,subject_03_angry_session_01
8.764,0.22926505695688298,angry,subject_03,subject_03_angry_session_01
8.768,0.24300824801997795,angry,subject_03,subject_03_angry_session_01
8.772,0.26967044602331985,angry,subject_03,subject_03_angry_session_01
8.776,0.19948761950749802,angry,subject_03,subject_03_angry_session_01
8.78,0.3212743211847586,angry,subject_03,subject_03_angry_session_01
8.784,0.37658059696344265,angry,subject_03,subject_03_angry_session_01
8.788,0.23485658337914755,angry,subject_03,subject_03_angry_session_01
8.792,0.12697491628326166,angry,subject_03,subject_03_angry_session_01
8.796,0.27119119958386073,angry,subject_03,subject_03_angry_session_01
8.8,0.22546845657509482,angry,subject_03,subject_03_angry_session_01
8.804,0.25305345703902005,angry,subject_03,subject_03_angry_session_01
8.808,0.2044825778602701,angry,subject_03,subject_03_angry_session_01
8.812,0.2564036879308641,angry,subject_03,subject_03_angry_session_01
8.816,0.14884289799986763,angry,subject_03,subject_03_angry_session_01
8.82,0.20910598724365387,angry,subject_03,subject_03_angry_session_01
8.824,0.19494610240774107,angry,subject_03,subject_03_angry_session_01
8.828,0.19143839190570702,angry,subject_03,subject_03_angry_session_01
8.832,0.20556533222675605,angry,subject_03,subject_03_angry_session_01
8.836,0.20491943558231818,angry,subject_03,subject_03_angry_session_01
8.84,0.07274235581318636,angry,subject_03,subject_03_angry_session_01
8.844,0.179778152628341,angry,subject_03,subject_03_angry_session_01
8.848,0.13430665028418134,angry,subject_03,subject_03_angry_session_01
8.852,0.10313462553096053,angry,subject_03,subject_03_angry_session_01
8.856,0.12359449746511283,angry,subject_03,subject_03_angry_session_01
8.86,0.11313351379215057,angry,subject_03,subject_03_angry_session_01
8.864,0.09722054084770147,angry,subject_03,subject_03_angry_session_01
8.868,-0.021254983656342874,angry,subject_03,subject_03_angry_session_01
8.872,0.08631856364130096,angry,subject_03,subject_03_angry_session_01
8.876,0.0600433307607184,angry,subject_03,subject_03_angry_session_01
8.88,0.08728856480126727,angry,subject_03,subject_03_angry_session_01
8.884,0.05841773285258663,angry,subject_03,subject_03_angry_session_01
8.888,0.18481129233987295,angry,subject_03,subject_03_angry_session_01
8.892,0.041343842310081175,angry,subject_03,subject_03_angry_session_01
8.896,-0.04176781809424847,angry,subject_03,subject_03_angry_session_01
8.9,0.04083971704240363,angry,subject_03,subject_03_angry_session_01
8.904,0.017354615073070498,angry,subject_03,subject_03_angry_session_01
8.908,0.05422975319729444,angry,subject_03,subject_03_angry_session_01
8.912,0.012814158375562459,angry,subject_03,subject_03_angry_session_01
8.916,0.07616566026563475,angry,subject_03,subject_03_angry_session_01
8.92,0.03590455608258591,angry,subject_03,subject_03_angry_session_01
8.924,0.05676778955809754,angry,subject_03,subject_03_angry_session_01
8.928,0.12284759097152223,angry,subject_03,subject_03_angry_session_01
8.932,0.037507801424168936,angry,subject_03,subject_03_angry_session_01
8.936,-0.04776096088781178,angry,subject_03,subject_03_angry_session_01
8.94,0.0016558964811910389,angry,subject_03,subject_03_angry_session_01
8.944,-0.055002123895861565,angry,subject_03,subject_03_angry_session_01
8.948,-0.011654210336815574,angry,subject_03,subject_03_angry_session_01
8.952,-0.1913150346071215,angry,subject_03,subject_03_angry_session_01
8.956,0.06826819076005662,angry,subject_03,subject_03_angry_session_01
8.96,-0.0648276590773282,angry,subject_03,subject_03_angry_session_01
8.964,0.08929004589993751,angry,subject_03,subject_03_angry_session_01
8.968,0.05293866150102568,angry,subject_03,subject_03_angry_session_01
8.972,0.1505046277095653,angry,subject_03,subject_03_angry_session_01
8.976,0.3716090994157463,angry,subject_03,subject_03_angry_session_01
8.98,0.39096644156361254,angry,subject_03,subject_03_angry_session_01
8.984,0.5067039470093146,angry,subject_03,subject_03_angry_session_01
8.988,0.6967633241493666,angry,subject_03,subject_03_angry_session_01
8.992,0.8045508338784226,angry,subject_03,subject_03_angry_session_01
8.996,1.0566360652292377,angry,subject_03,subject_03_angry_session_01
9.0,1.1241058908380628,angry,subject_03,subject_03_angry_session_01
9.004,1.1062972123414163,angry,subject_03,subject_03_angry_session_01
9.008,1.1463704462613087,angry,subject_03,subject_03_angry_session_01
9.012,1.056977054196693,angry,subject_03,subject_03_angry_session_01
9.016,0.879209709095059,angry,subject_03,subject_03_angry_session_01
9.02,0.7534159732040996,angry,subject_03,subject_03_angry_session_01
9.024,0.5532356946155021,angry,subject_03,subject_03_angry_session_01
9.028,0.35998889195421413,angry,subject_03,subject_03_angry_session_01
9.032,0.09710585131567884,angry,subject_03,subject_03_angry_session_01
9.036,0.1133854107679498,angry,subject_03,subject_03_angry_session_01
9.04,0.045009853995833744,angry,subject_03,subject_03_angry_session_01
9.044,-0.08856626527538727,angry,subject_03,subject_03_angry_session_01
9.048,0.02426258765955151,angry,subject_03,subject_03_angry_session_01
9.052,-0.04018492850916723,angry,subject_03,subject_03_angry_session_01
9.056,0.010114544596175801,angry,subject_03,subject_03_angry_session_01
9.06,0.017545878100167205,angry,subject_03,subject_03_angry_session_01
9.064,0.010341930198235788,angry,subject_03,subject_03_angry_session_01
9.068,-0.004492265353211879,angry,subject_03,subject_03_angry_session_01
9.072,-0.0031133448260295543,angry,subject_03,subject_03_angry_session_01
9.076,-0.05517297768884642,angry,subject_03,subject_03_angry_session_01
9.08,0.139513321441953,angry,subject_03,subject_03_angry_session_01
9.084,0.07532553950165684,angry,subject_03,subject_03_angry_session_01
9.088,0.0011816065070208714,angry,subject_03,subject_03_angry_session_01
9.092,0.09687057189077297,angry,subject_03,subject_03_angry_session_01
9.096,-0.002905243394873469,angry,subject_03,subject_03_angry_session_01
9.1,0.10675987035831729,angry,subject_03,subject_03_angry_session_01
9.104,0.10077856397260321,angry,subject_03,subject_03_angry_session_01
9.108,0.040410013935273666,angry,subject_03,subject_03_angry_session_01
9.112,-0.010826968805638743,angry,subject_03,subject_03_angry_session_01
9.116,0.059262620421806474,angry,subject_03,subject_03_angry_session_01
9.12,0.10078154690148725,angry,subject_03,subject_03_angry_session_01
9.124,0.006377302169637708,angry,subject_03,subject_03_angry_session_01
9.128,0.0647092996856116,angry,subject_03,subject_03_angry_session_01
9.132,0.19102509216071586,angry,subject_03,subject_03_angry_session_01
9.136,0.1149836481157334,angry,subject_03,subject_03_angry_session_01
9.14,0.2849057186470925,angry,subject_03,subject_03_angry_session_01
9.144,0.1596023709006846,angry,subject_03,subject_03_angry_session_01
9.148,0.12923032328213235,angry,subject_03,subject_03_angry_session_01
9.152,0.09443559224049433,angry,subject_03,subject_03_angry_session_01
9.156,0.08754072150036847,angry,subject_03,subject_03_angry_session_01
9.16,0.1732395675475465,angry,subject_03,subject_03_angry_session_01
9.164,0.14339045087697475,angry,subject_03,subject_03_angry_session_01
9.168,0.1611964251290237,angry,subject_03,subject_03_angry_session_01
9.172,0.19998909242106322,angry,subject_03,subject_03_angry_session_01
9.176,0.15616816291460486,angry,subject_03,subject_03_angry_session_01
9.18,0.25711345941349467,angry,subject_03,subject_03_angry_session_01
9.184,0.23035674641900916,angry,subject_03,subject_03_angry_session_01
9.188,0.18645022560440105,angry,subject_03,subject_03_angry_session_01
9.192,0.24383962296484857,angry,subject_03,subject_03_angry_session_01
9.196,0.10041796861283478,angry,subject_03,subject_03_angry_session_01
9.2,0.2686785632051187,angry,subject_03,subject_03_angry_session_01
9.204,0.27491038524212785,angry,subject_03,subject_03_angry_session_01
9.208,0.13631809596152664,angry,subject_03,subject_03_angry_session_01
9.212,0.15490325558674828,angry,subject_03,subject_03_angry_session_01
9.216,0.2537441989512714,angry,subject_03,subject_03_angry_session_01
9.22,0.2400740221009791,angry,subject_03,subject_03_angry_session_01
9.224,0.2800361492296241,angry,subject_03,subject_03_angry_session_01
9.228,0.2913532050155915,angry,subject_03,subject_03_angry_session_01
9.232,0.38408741432175403,angry,subject_03,subject_03_angry_session_01
9.236,0.2742354355323711,angry,subject_03,subject_03_angry_session_01
9.24,0.33518298834996085,angry,subject_03,subject_03_angry_session_01
9.244,0.27278003820610974,angry,subject_03,subject_03_angry_session_01
9.248,0.3261044543750242,angry,subject_03,subject_03_angry_session_01
9.252,0.27903433088473545,angry,subject_03,subject_03_angry_session_01
9.256,0.22546049026056586,angry,subject_03,subject_03_angry_session_01
9.26,0.26761431033368716,angry,subject_03,subject_03_angry_session_01
9.264,0.32672710229275087,angry,subject_03,subject_03_angry_session_01
9.268,0.2333336755827705,angry,subject_03,subject_03_angry_session_01
9.272,0.3061218015041118,angry,subject_03,subject_03_angry_session_01
9.276,0.3187276270093203,angry,subject_03,subject_03_angry_session_01
9.28,0.3174184480804909,angry,subject_03,subject_03_angry_session_01
9.284,0.33901967090636026,angry,subject_03,subject_03_angry_session_01
9.288,0.41375555830208655,angry,subject_03,subject_03_angry_session_01
9.292,0.21225247927047014,angry,subject_03,subject_03_angry_session_01
9.296,0.2626639871273661,angry,subject_03,subject_03_angry_session_01
9.3,0.2787438287003109,angry,subject_03,subject_03_angry_session_01
9.304,0.24860213118306052,angry,subject_03,subject_03_angry_session_01
9.308,0.3456737062070455,angry,subject_03,subject_03_angry_session_01
9.312,0.34689820963243245,angry,subject_03,subject_03_angry_session_01
9.316,0.4032831138150733,angry,subject_03,subject_03_angry_session_01
9.32,0.25732378535516437,angry,subject_03,subject_03_angry_session_01
9.324,0.19373372334300004,angry,subject_03,subject_03_angry_session_01
9.328,0.24586397667589943,angry,subject_03,subject_03_angry_session_01
9.332,0.19859969179439363,angry,subject_03,subject_03_angry_session_01
9.336,0.30340652977481436,angry,subject_03,subject_03_angry_session_01
9.34,0.2957775244422731,angry,subject_03,subject_03_angry_session_01
9.344,0.29362559852666253,angry,subject_03,subject_03_angry_session_01
9.348,0.36940795284748684,angry,subject_03,subject_03_angry_session_01
9.352,0.24140586720732465,angry,subject_03,subject_03_angry_session_01
9.356,0.19811283676618743,angry,subject_03,subject_03_angry_session_01
9.36,0.22981331326372414,angry,subject_03,subject_03_angry_session_01
9.364,0.16965492415019953,angry,subject_03,subject_03_angry_session_01
9.368,0.1814756025773492,angry,subject_03,subject_03_angry_session_01
9.372,0.21817112521260884,angry,subject_03,subject_03_angry_session_01
9.376,0.24099380627708153,angry,subject_03,subject_03_angry_session_01
9.38,0.15484421072070295,angry,subject_03,subject_03_angry_session_01
9.384,0.11905178718948445,angry,subject_03,subject_03_angry_session_01
9.388,0.23315654851296935,angry,subject_03,subject_03_angry_session_01
9.392,0.12986060433339208,angry,subject_03,subject_03_angry_session_01
9.396,0.18311348075517606,angry,subject_03,subject_03_angry_session_01
9.4,0.23418594110209942,angry,subject_03,subject_03_angry_session_01
9.404,0.20534604485078573,angry,subject_03,subject_03_angry_session_01
9.408,0.18332075495181568,angry,subject_03,subject_03_angry_session_01
9.412,0.20402806129950682,angry,subject_03,subject_03_angry_session_01
9.416,0.14399567559495136,angry,subject_03,subject_03_angry_session_01
9.42,0.05439077854677296,angry,subject_03,subject_03_angry_session_01
9.424,0.259704166829898,angry,subject_03,subject_03_angry_session_01
9.428,0.13024647716417992,angry,subject_03,subject_03_angry_session_01
9.432,0.12405204092808526,angry,subject_03,subject_03_angry_session_01
9.436,0.09834084417089653,angry,subject_03,subject_03_angry_session_01
9.44,-0.021569927200425193,angry,subject_03,subject_03_angry_session_01
9.444,0.021426500347914414,angry,subject_03,subject_03_angry_session_01
9.448,0.16581543098993784,angry,subject_03,subject_03_angry_session_01
9.452,-0.05386597246088455,angry,subject_03,subject_03_angry_session_01
9.456,0.04933522836030731,angry,subject_03,subject_03_angry_session_01
9.46,0.06781310766122771,angry,subject_03,subject_03_angry_session_01
9.464,0.026315160816884942,angry,subject_03,subject_03_angry_session_01
9.468,0.16493292739411158,angry,subject_03,subject_03_angry_session_01
9.472,-0.05209514428989508,angry,subject_03,subject_03_angry_session_01
9.476,-0.006414950419929087,angry,subject_03,subject_03_angry_session_01
9.48,0.053966699458136744,angry,subject_03,subject_03_angry_session_01
9.484,0.056208795719629695,angry,subject_03,subject_03_angry_session_01
9.488,0.03650011360638583,angry,subject_03,subject_03_angry_session_01
9.492,0.04504011888467897,angry,subject_03,subject_03_angry_session_01
9.496,-0.010903052653345926,angry,subject_03,subject_03_angry_session_01
9.5,0.005737542678119399,angry,subject_03,subject_03_angry_session_01
9.504,-0.038016005076165336,angry,subject_03,subject_03_angry_session_01
9.508,0.04764709271476699,angry,subject_03,subject_03_angry_session_01
9.512,-0.08008826117270676,angry,subject_03,subject_03_angry_session_01
9.516,-0.062393149546099994,angry,subject_03,subject_03_angry_session_01
9.52,0.06859435408493236,angry,subject_03,subject_03_angry_session_01
9.524,-0.023963638791126184,angry,subject_03,subject_03_angry_session_01
9.528,0.1529086952315405,angry,subject_03,subject_03_angry_session_01
9.532,-0.017533572227716617,angry,subject_03,subject_03_angry_session_01
9.536,-0.0029133262570532545,angry,subject_03,subject_03_angry_session_01
9.54,0.13831005296402235,angry,subject_03,subject_03_angry_session_01
9.544,0.1804178862183411,angry,subject_03,subject_03_angry_session_01
9.548,0.2041038090061745,angry,subject_03,subject_03_angry_session_01
9.552,0.3350262571419998,angry,subject_03,subject_03_angry_session_01
9.556,0.5493837688904818,angry,subject_03,subject_03_angry_session_01
9.56,0.6619824455001483,angry,subject_03,subject_03_angry_session_01
9.564,0.7879069583026068,angry,subject_03,subject_03_angry_session_01
9.568,0.9357917749322464,angry,subject_03,subject_03_angry_session_01
9.572,1.168895968927147,angry,subject_03,subject_03_angry_session_01
9.576,1.0872992414974594,angry,subject_03,subject_03_angry_session_01
9.58,1.0865587587427992,angry,subject_03,subject_03_angry_session_01
9.584,1.0455307080023486,angry,subject_03,subject_03_angry_session_01
9.588,0.9435490155017222,angry,subject_03,subject_03_angry_session_01
9.592,0.7492944245552102,angry,subject_03,subject_03_angry_session_01
9.596,0.7218240576996109,angry,subject_03,subject_03_angry_session_01
9.6,0.4326223853428544,angry,subject_03,subject_03_angry_session_01
9.604,0.32608704343389505,angry,subject_03,subject_03_angry_session_01
9.608,0.26174589805844584,angry,subject_03,subject_03_angry_session_01
9.612,0.043822626962768146,angry,subject_03,subject_03_angry_session_01
9.616,0.023868771958687442,angry,subject_03,subject_03_angry_session_01
9.62,-0.10604805397803857,angry,subject_03,subject_03_angry_session_01
9.624,-0.08687129324556622,angry,subject_03,subject_03_angry_session_01
9.628,-0.024119896857584214,angry,subject_03,subject_03_angry_session_01
9.632,-0.04134070827286408,angry,subject_03,subject_03_angry_session_01
9.636,0.04428537073706114,angry,subject_03,subject_03_angry_session_01
9.64,-0.017423394902743895,angry,subject_03,subject_03_angry_session_01
9.644,0.008813998523499969,angry,subject_03,subject_03_angry_session_01
9.648,-0.00502950936641617,angry,subject_03,subject_03_angry_session_01
9.652,0.10475283484582221,angry,subject_03,subject_03_angry_session_01
9.656,0.030564424404309246,angry,subject_03,subject_03_angry_session_01
9.66,0.007291271123204823,angry,subject_03,subject_03_angry_session_01
9.664,-0.0027078443719908488,angry,subject_03,subject_03_angry_session_01
9.668,-0.012291618914160966,angry,subject_03,subject_03_angry_session_01
9.672,0.09804804040673107,angry,subject_03,subject_03_angry_session_01
9.676,0.055760830335871835,angry,subject_03,subject_03_angry_session_01
9.68,0.24137699259547385,angry,subject_03,subject_03_angry_session_01
9.684,0.03666390384578748,angry,subject_03,subject_03_angry_session_01
9.688,-0.018873379574319005,angry,subject_03,subject_03_angry_session_01
9.692,0.06658285666399329,angry,subject_03,subject_03_angry_session_01
9.696,0.2205628544164647,angry,subject_03,subject_03_angry_session_01
9.7,0.111603577020259,angry,subject_03,subject_03_angry_session_01
9.704,0.09169724067925829,angry,subject_03,subject_03_angry_session_01
9.708,0.07099662672205238,angry,subject_03,subject_03_angry_session_01
9.712,0.08995977581155463,angry,subject_03,subject_03_angry_session_01
9.716,0.18815266618758467,angry,subject_03,subject_03_angry_session_01
9.72,0.07313391028196146,angry,subject_03,subject_03_angry_session_01
9.724,0.1324294444111587,angry,subject_03,subject_03_angry_session_01
9.728,0.1470052912332407,angry,subject_03,subject_03_angry_session_01
9.732,0.14655455975844744,angry,subject_03,subject_03_angry_session_01
9.736,0.13529635144050262,angry,subject_03,subject_03_angry_session_01
9.74,0.07482971837247525,angry,subject_03,subject_03_angry_session_01
9.744,0.18293280153525093,angry,subject_03,subject_03_angry_session_01
9.748,0.16166056956778624,angry,subject_03,subject_03_angry_session_01
9.752,0.2601848943310786,angry,subject_03,subject_03_angry_session_01
9.756,0.18413979135991293,angry,subject_03,subject_03_angry_session_01
9.76,0.19923522750706782,angry,subject_03,subject_03_angry_session_01
9.764,0.21970237760611264,angry,subject_03,subject_03_angry_session_01
9.768,0.24644468382139367,angry,subject_03,subject_03_angry_session_01
9.772,0.11752231410028019,angry,subject_03,subject_03_angry_session_01
9.776,0.2514417960894708,angry,subject_03,subject_03_angry_session_01
9.78,0.13787753182467086,angry,subject_03,subject_03_angry_session_01
9.784,0.22403970876218837,angry,subject_03,subject_03_angry_session_01
9.788,0.29082485798809693,angry,subject_03,subject_03_angry_session_01
9.792,0.38221577234036896,angry,subject_03,subject_03_angry_session_01
9.796,0.20374447360488476,angry,subject_03,subject_03_angry_session_01
9.8,0.21820560253202642,angry,subject_03,subject_03_angry_session_01
9.804,0.17120890587790863,angry,subject_03,subject_03_angry_session_01
9.808,0.23247683230425048,angry,subject_03,subject_03_angry_session_01
9.812,0.41643977508084384,angry,subject_03,subject_03_angry_session_01
9.816,0.1860934734796956,angry,subject_03,subject_03_angry_session_01
9.82,0.09670224706718852,angry,subject_03,subject_03_angry_session_01
9.824,0.33749461836034933,angry,subject_03,subject_03_angry_session_01
9.828,0.33681574891987054,angry,subject_03,subject_03_angry_session_01
9.832,0.28833971385753676,angry,subject_03,subject_03_angry_session_01
9.836,0.2927015417551967,angry,subject_03,subject_03_angry_session_01
9.84,0.3312342287949812,angry,subject_03,subject_03_angry_session_01
9.844,0.33104593127989385,angry,subject_03,subject_03_angry_session_01
9.848,0.21948457824689402,angry,subject_03,subject_03_angry_session_01
9.852,0.2035394703937695,angry,subject_03,subject_03_angry_session_01
9.856,0.21565202026613686,angry,subject_03,subject_03_angry_session_01
9.86,0.2268820201969854,angry,subject_03,subject_03_angry_session_01
9.864,0.31351681910269097,angry,subject_03,subject_03_angry_session_01
9.868,0.33010674187087374,angry,subject_03,subject_03_angry_session_01
9.872,0.24288515690640472,angry,subject_03,subject_03_angry_session_01
9.876,0.27696672078590684,angry,subject_03,subject_03_angry_session_01
9.88,0.2510113009447618,angry,subject_03,subject_03_angry_session_01
9.884,0.20306163048775105,angry,subject_03,subject_03_angry_session_01
9.888,0.1969656613493392,angry,subject_03,subject_03_angry_session_01
9.892,0.25040300457395853,angry,subject_03,subject_03_angry_session_01
9.896,0.2886260267315285,angry,subject_03,subject_03_angry_session_01
9.9,0.26456364078372185,angry,subject_03,subject_03_angry_session_01
9.904,0.22482961319244427,angry,subject_03,subject_03_angry_session_01
9.908,0.3173782697075035,angry,subject_03,subject_03_angry_session_01
9.912,0.3243690589100023,angry,subject_03,subject_03_angry_session_01
9.916,0.13676206197508,angry,subject_03,subject_03_angry_session_01
9.92,0.15279272230656393,angry,subject_03,subject_03_angry_session_01
9.924,0.13343639735244817,angry,subject_03,subject_03_angry_session_01
9.928,0.27069948584056797,angry,subject_03,subject_03_angry_session_01
9.932,0.19558482068543923,angry,subject_03,subject_03_angry_session_01
9.936,0.21144408664099393,angry,subject_03,subject_03_angry_session_01
9.94,0.23918207085024523,angry,subject_03,subject_03_angry_session_01
9.944,0.19690291095420442,angry,subject_03,subject_03_angry_session_01
9.948,0.1531069090556613,angry,subject_03,subject_03_angry_session_01
9.952,0.11943407141368752,angry,subject_03,subject_03_angry_session_01
9.956,0.1642630171453068,angry,subject_03,subject_03_angry_session_01
9.96,0.2190801180541238,angry,subject_03,subject_03_angry_session_01
9.964,0.06180931447424577,angry,subject_03,subject_03_angry_session_01
9.968,0.12571635293761946,angry,subject_03,subject_03_angry_session_01
9.972,0.030403230745472867,angry,subject_03,subject_03_angry_session_01
9.976,0.19290621517318104,angry,subject_03,subject_03_angry_session_01
9.98,0.028690519077176513,angry,subject_03,subject_03_angry_session_01
9.984,0.02306708200818909,angry,subject_03,subject_03_angry_session_01
9.988,0.1604164034539886,angry,subject_03,subject_03_angry_session_01
9.992,0.0626163983874474,angry,subject_03,subject_03_angry_session_01
9.996,-0.01658281905426466,angry,subject_03,subject_03_angry_session_01
10.0,0.11554132757220709,angry,subject_03,subject_03_angry_session_01
10.004,0.08222442752526801,angry,subject_03,subject_03_angry_session_01
10.008,0.18387417562027092,angry,subject_03,subject_03_angry_session_01
10.012,-0.013537498983881575,angry,subject_03,subject_03_angry_session_01
10.016,-0.006586806230566476,angry,subject_03,subject_03_angry_session_01
10.02,0.0016297320967478823,angry,subject_03,subject_03_angry_session_01
10.024,0.09903657417315705,angry,subject_03,subject_03_angry_session_01
10.028,-0.08415961767071087,angry,subject_03,subject_03_angry_session_01
10.032,0.007505084954274009,angry,subject_03,subject_03_angry_session_01
10.036,0.03940215963511803,angry,subject_03,subject_03_angry_session_01
10.04,0.09082781278575887,angry,subject_03,subject_03_angry_session_01
10.044,-0.03603837922503399,angry,subject_03,subject_03_angry_session_01
10.048,0.029652264350494152,angry,subject_03,subject_03_angry_session_01
10.052,-0.02834676920234955,angry,subject_03,subject_03_angry_session_01
10.056,-0.06701795155845805,angry,subject_03,subject_03_angry_session_01
10.06,-0.0020000118610137537,angry,subject_03,subject_03_angry_session_01
10.064,-0.013965687310464065,angry,subject_03,subject_03_angry_session_01
10.068,0.03153055272037764,angry,subject_03,subject_03_angry_session_01
10.072,0.11820073288031391,angry,subject_03,subject_03_angry_session_01
10.076,0.024963866723112762,angry,subject_03,subject_03_angry_session_01
10.08,-0.0028358518189889894,angry,subject_03,subject_03_angry_session_01
10.084,0.028749869174470664,angry,subject_03,subject_03_angry_session_01
10.088,-0.05085706525442481,angry,subject_03,subject_03_angry_session_01
10.092,0.03761883054951049,angry,subject_03,subject_03_angry_session_01
10.096,-0.053670738896154174,angry,subject_03,subject_03_angry_session_01
10.1,0.0010937081024659373,angry,subject_03,subject_03_angry_session_01
10.104,-0.032678794298393536,angry,subject_03,subject_03_angry_session_01
10.108,-0.027110137112148668,angry,subject_03,subject_03_angry_session_01
10.112,0.1097349237668555,angry,subject_03,subject_03_angry_session_01
10.116,0.01074123116252091,angry,subject_03,subject_03_angry_session_01
10.12,0.17426287442734661,angry,subject_03,subject_03_angry_session_01
10.124,0.23210767734269083,angry,subject_03,subject_03_angry_session_01
10.128,0.45175734596765155,angry,subject_03,subject_03_angry_session_01
10.132,0.4760323247218061,angry,subject_03,subject_03_angry_session_01
10.136,0.6961764985196062,angry,subject_03,subject_03_angry_session_01
10.14,0.8097245792624765,angry,subject_03,subject_03_angry_session_01
10.144,1.079306758214609,angry,subject_03,subject_03_angry_session_01
10.148,1.1387347365125347,angry,subject_03,subject_03_angry_session_01
10.152,1.041746078786969,angry,subject_03,subject_03_angry_session_01
10.156,0.9806202377685573,angry,subject_03,subject_03_angry_session_01
10.16,0.9343700850824787,angry,subject_03,subject_03_angry_session_01
10.164,0.8771583727673474,angry,subject_03,subject_03_angry_session_01
10.168,0.6852701542821089,angry,subject_03,subject_03_angry_session_01
10.172,0.4728899376960755,angry,subject_03,subject_03_angry_session_01
10.176,0.3987782580318032,angry,subject_03,subject_03_angry_session_01
10.18,0.20703403015544644,angry,subject_03,subject_03_angry_session_01
10.184,0.02143490145146415,angry,subject_03,subject_03_angry_session_01
10.188,-0.1302025218751216,angry,subject_03,subject_03_angry_session_01
10.192,0.07342379998984869,angry,subject_03,subject_03_angry_session_01
10.196,-0.08419612492676527,angry,subject_03,subject_03_angry_session_01
10.2,-0.20725686649438063,angry,subject_03,subject_03_angry_session_01
10.204,-0.033456468002827616,angry,subject_03,subject_03_angry_session_01
10.208,-0.13552316058912528,angry,subject_03,subject_03_angry_session_01
10.212,0.057201340949584206,angry,subject_03,subject_03_angry_session_01
10.216,0.0659253343086663,angry,subject_03,subject_03_angry_session_01
10.22,-0.012062702911926657,angry,subject_03,subject_03_angry_session_01
10.224,-0.0580743368840935,angry,subject_03,subject_03_angry_session_01
10.228,0.04237218168736942,angry,subject_03,subject_03_angry_session_01
10.232,0.08980329259243881,angry,subject_03,subject_03_angry_session_01
10.236,0.014508632433839676,angry,subject_03,subject_03_angry_session_01
10.24,0.001486115142188011,angry,subject_03,subject_03_angry_session_01
10.244,-0.01711540781370983,angry,subject_03,subject_03_angry_session_01
10.248,0.010819994354252217,angry,subject_03,subject_03_angry_session_01
10.252,0.026396401189756773,angry,subject_03,subject_03_angry_session_01
10.256,0.010599027644081133,angry,subject_03,subject_03_angry_session_01
10.26,-0.0131460125411548,angry,subject_03,subject_03_angry_session_01
10.264,0.14927418366323447,angry,subject_03,subject_03_angry_session_01
10.268,0.04092727977353542,angry,subject_03,subject_03_angry_session_01
10.272,0.029311383105800393,angry,subject_03,subject_03_angry_session_01
10.276,0.07885733885967981,angry,subject_03,subject_03_angry_session_01
10.28,0.08774924160482125,angry,subject_03,subject_03_angry_session_01
10.284,0.07613310249427241,angry,subject_03,subject_03_angry_session_01
10.288,0.018400920595181613,angry,subject_03,subject_03_angry_session_01
10.292,0.09328924426625793,angry,subject_03,subject_03_angry_session_01
10.296,0.10985210061336403,angry,subject_03,subject_03_angry_session_01
10.3,0.12795721630130893,angry,subject_03,subject_03_angry_session_01
10.304,0.13225004466636692,angry,subject_03,subject_03_angry_session_01
10.308,0.1353987741497689,angry,subject_03,subject_03_angry_session_01
10.312,0.06788302946733547,angry,subject_03,subject_03_angry_session_01
10.316,0.29280308201454225,angry,subject_03,subject_03_angry_session_01
10.32,0.17572327861438386,angry,subject_03,subject_03_angry_session_01
10.324,0.20222108361546756,angry,subject_03,subject_03_angry_session_01
10.328,0.20148666223379214,angry,subject_03,subject_03_angry_session_01
10.332,0.16571675731054972,angry,subject_03,subject_03_angry_session_01
10.336,0.12087723820741321,angry,subject_03,subject_03_angry_session_01
10.34,0.1755457070238819,angry,subject_03,subject_03_angry_session_01
10.344,0.13884442469983066,angry,subject_03,subject_03_angry_session_01
10.348,0.11238363378414841,angry,subject_03,subject_03_angry_session_01
10.352,0.3359787555677185,angry,subject_03,subject_03_angry_session_01
10.356,0.26626394016465815,angry,subject_03,subject_03_angry_session_01
10.36,0.2298362681692124,angry,subject_03,subject_03_angry_session_01
10.364,0.23374126188751554,angry,subject_03,subject_03_angry_session_01
10.368,0.27174182801967084,angry,subject_03,subject_03_angry_session_01
10.372,0.23247914132646585,angry,subject_03,subject_03_angry_session_01
10.376,0.2073168178351043,angry,subject_03,subject_03_angry_session_01
10.38,0.3297952319640579,angry,subject_03,subject_03_angry_session_01
10.384,0.19633021881988885,angry,subject_03,subject_03_angry_session_01
10.388,0.3250939134369188,angry,subject_03,subject_03_angry_session_01
10.392,0.25760631705975523,angry,subject_03,subject_03_angry_session_01
10.396,0.27277674158428933,angry,subject_03,subject_03_angry_session_01
10.4,0.23737733246314327,angry,subject_03,subject_03_angry_session_01
10.404,0.18980798091344359,angry,subject_03,subject_03_angry_session_01
10.408,0.21435234978581655,angry,subject_03,subject_03_angry_session_01
10.412,0.275935904324623,angry,subject_03,subject_03_angry_session_01
10.416,0.20437034690823422,angry,subject_03,subject_03_angry_session_01
10.42,0.20350384652873219,angry,subject_03,subject_03_angry_session_01
10.424,0.2960845116551813,angry,subject_03,subject_03_angry_session_01
10.428,0.274774332823089,angry,subject_03,subject_03_angry_session_01
10.432,0.16964230110241524,angry,subject_03,subject_03_angry_session_01
10.436,0.3155772983396553,angry,subject_03,subject_03_angry_session_01
10.44,0.3177297829866953,angry,subject_03,subject_03_angry_session_01
10.444,0.22284180606984708,angry,subject_03,subject_03_angry_session_01
10.448,0.13230515406355361,angry,subject_03,subject_03_angry_session_01
10.452,0.14738908944579387,angry,subject_03,subject_03_angry_session_01
10.456,0.1943729797722851,angry,subject_03,subject_03_angry_session_01
10.46,0.2964597898204862,angry,subject_03,subject_03_angry_session_01
10.464,0.23079050239544407,angry,subject_03,subject_03_angry_session_01
10.468,0.1452666728977053,angry,subject_03,subject_03_angry_session_01
10.472,0.30316299309257555,angry,subject_03,subject_03_angry_session_01
10.476,0.20955502487499872,angry,subject_03,subject_03_angry_session_01
10.48,0.2576902452008251,angry,subject_03,subject_03_angry_session_01
10.484,0.18730073224721427,angry,subject_03,subject_03_angry_session_01
10.488,0.08791261851283685,angry,subject_03,subject_03_angry_session_01
10.492,0.09430088766668482,angry,subject_03,subject_03_angry_session_01
10.496,0.14624555303034267,angry,subject_03,subject_03_angry_session_01
10.5,0.21127176221665206,angry,subject_03,subject_03_angry_session_01
10.504,0.21486575166849753,angry,subject_03,subject_03_angry_session_01
10.508,0.2964581673810049,angry,subject_03,subject_03_angry_session_01
10.512,0.1788625099660769,angry,subject_03,subject_03_angry_session_01
10.516,0.16914845093238687,angry,subject_03,subject_03_angry_session_01
10.52,0.11105222046644894,angry,subject_03,subject_03_angry_session_01
10.524,0.21821540648258533,angry,subject_03,subject_03_angry_session_01
10.528,0.24370041318627708,angry,subject_03,subject_03_angry_session_01
10.532,0.11190725978285063,angry,subject_03,subject_03_angry_session_01
10.536,0.13481101008010976,angry,subject_03,subject_03_angry_session_01
10.54,0.15497772072492547,angry,subject_03,subject_03_angry_session_01
10.544,0.07718384662238242,angry,subject_03,subject_03_angry_session_01
10.548,0.010389610706961233,angry,subject_03,subject_03_angry_session_01
10.552,0.11663795087400004,angry,subject_03,subject_03_angry_session_01
10.556,0.1335708131332018,angry,subject_03,subject_03_angry_session_01
10.56,0.03409551058576189,angry,subject_03,subject_03_angry_session_01
10.564,0.08007258847905288,angry,subject_03,subject_03_angry_session_01
10.568,0.19599454450146894,angry,subject_03,subject_03_angry_session_01
10.572,0.12970708235130127,angry,subject_03,subject_03_angry_session_01
10.576,0.08535990886709181,angry,subject_03,subject_03_angry_session_01
10.58,0.014863575139541375,angry,subject_03,subject_03_angry_session_01
10.584,0.07729151593641986,angry,subject_03,subject_03_angry_session_01
10.588,-0.0660478571428542,angry,subject_03,subject_03_angry_session_01
10.592,0.019497916117760597,angry,subject_03,subject_03_angry_session_01
10.596,-0.012093346405014582,angry,subject_03,subject_03_angry_session_01
10.6,0.05866085293883122,angry,subject_03,subject_03_angry_session_01
10.604,-0.12228482834930895,angry,subject_03,subject_03_angry_session_01
10.608,0.15442286968333074,angry,subject_03,subject_03_angry_session_01
10.612,-0.026880116048634814,angry,subject_03,subject_03_angry_session_01
10.616,0.09276898574017153,angry,subject_03,subject_03_angry_session_01
10.62,0.03626799531611402,angry,subject_03,subject_03_angry_session_01
10.624,0.0092455294534942,angry,subject_03,subject_03_angry_session_01
10.628,0.001629669419219484,angry,subject_03,subject_03_angry_session_01
10.632,-0.010235176744584538,angry,subject_03,subject_03_angry_session_01
10.636,-0.04568941504344832,angry,subject_03,subject_03_angry_session_01
10.64,0.007101394622733747,angry,subject_03,subject_03_angry_session_01
10.644,-0.03167802103794254,angry,subject_03,subject_03_angry_session_01
10.648,0.012100881263580537,angry,subject_03,subject_03_angry_session_01
10.652,0.0028261612996545067,angry,subject_03,subject_03_angry_session_01
10.656,-0.04712520723476675,angry,subject_03,subject_03_angry_session_01
10.66,-0.05505979351111795,angry,subject_03,subject_03_angry_session_01
10.664,-0.011434802933339618,angry,subject_03,subject_03_angry_session_01
10.668,-0.005996917442233612,angry,subject_03,subject_03_angry_session_01
10.672,-0.06529427412172319,angry,subject_03,subject_03_angry_session_01
10.676,-0.0988094568568933,angry,subject_03,subject_03_angry_session_01
10.68,-0.019280649274739915,angry,subject_03,subject_03_angry_session_01
10.684,0.00412376040467002,angry,subject_03,subject_03_angry_session_01
10.688,0.029123084569478104,angry,subject_03,subject_03_angry_session_01
10.692,0.08453424903162245,angry,subject_03,subject_03_angry_session_01
10.696,0.23782405032994647,angry,subject_03,subject_03_angry_session_01
10.7,0.2615570527562006,angry,subject_03,subject_03_angry_session_01
10.704,0.42142911008352807,angry,subject_03,subject_03_angry_session_01
10.708,0.5988472220445598,angry,subject_03,subject_03_angry_session_01
10.712,0.782142522853076,angry,subject_03,subject_03_angry_session_01
10.716,0.8847387218082025,angry,subject_03,subject_03_angry_session_01
10.72,0.9818745290740143,angry,subject_03,subject_03_angry_session_01
10.724,1.1188721992757344,angry,subject_03,subject_03_angry_session_01
10.728,1.0485805602067002,angry,subject_03,subject_03_angry_session_01
10.732,1.0344099619062688,angry,subject_03,subject_03_angry_session_01
10.736,0.8705923513973158,angry,subject_03,subject_03_angry_session_01
10.74,0.6762732262631461,angry,subject_03,subject_03_angry_session_01
10.744,0.6157800368091046,angry,subject_03,subject_03_angry_session_01
10.748,0.35490128189106784,angry,subject_03,subject_03_angry_session_01
10.752,0.24472274640429967,angry,subject_03,subject_03_angry_session_01
10.756,0.14134554443015024,angry,subject_03,subject_03_angry_session_01
10.76,-0.007015743942768653,angry,subject_03,subject_03_angry_session_01
10.764,-0.06874020366227077,angry,subject_03,subject_03_angry_session_01
10.768,-0.127828511388017,angry,subject_03,subject_03_angry_session_01
10.772,-0.07894979492833736,angry,subject_03,subject_03_angry_session_01
10.776,-0.12161040920885849,angry,subject_03,subject_03_angry_session_01
10.78,-0.07654664781627962,angry,subject_03,subject_03_angry_session_01
10.784,-0.06524477410599716,angry,subject_03,subject_03_angry_session_01
10.788,-0.06402486733392047,angry,subject_03,subject_03_angry_session_01
10.792,-0.0036120695314352594,angry,subject_03,subject_03_angry_session_01
10.796,0.05650443885043707,angry,subject_03,subject_03_angry_session_01
10.8,0.04015000846850314,angry,subject_03,subject_03_angry_session_01
10.804,-0.11888407511604744,angry,subject_03,subject_03_angry_session_01
10.808,0.0038327372248833473,angry,subject_03,subject_03_angry_session_01
10.812,0.1380802174959863,angry,subject_03,subject_03_angry_session_01
10.816,0.014173051962468621,angry,subject_03,subject_03_angry_session_01
10.82,-0.007301263315029333,angry,subject_03,subject_03_angry_session_01
10.824,0.09340648294274327,angry,subject_03,subject_03_angry_session_01
10.828,0.01961002620181241,angry,subject_03,subject_03_angry_session_01
10.832,0.09612760638619361,angry,subject_03,subject_03_angry_session_01
10.836,0.020880223929553743,angry,subject_03,subject_03_angry_session_01
10.84,0.0612386268064824,angry,subject_03,subject_03_angry_session_01
10.844,0.0038058719972554056,angry,subject_03,subject_03_angry_session_01
10.848,0.10776110369796704,angry,subject_03,subject_03_angry_session_01
10.852,0.05120430910110987,angry,subject_03,subject_03_angry_session_01
10.856,0.06854414495588418,angry,subject_03,subject_03_angry_session_01
10.86,0.12365937069988937,angry,subject_03,subject_03_angry_session_01
10.864,0.1022984598420176,angry,subject_03,subject_03_angry_session_01
10.868,0.0718020872241818,angry,subject_03,subject_03_angry_session_01
10.872,0.006275010638970568,angry,subject_03,subject_03_angry_session_01
10.876,0.09075662323701711,angry,subject_03,subject_03_angry_session_01
10.88,0.08386985470197961,angry,subject_03,subject_03_angry_session_01
10.884,0.11442415665142054,angry,subject_03,subject_03_angry_session_01
10.888,0.10899892566994876,angry,subject_03,subject_03_angry_session_01
10.892,0.2050589777602746,angry,subject_03,subject_03_angry_session_01
10.896,0.17031336140850062,angry,subject_03,subject_03_angry_session_01
10.9,0.12561335929538972,angry,subject_03,subject_03_angry_session_01
10.904,0.1963880373637886,angry,subject_03,subject_03_angry_session_01
10.908,0.24927571754032415,angry,subject_03,subject_03_angry_session_01
10.912,0.13277136707570708,angry,subject_03,subject_03_angry_session_01
10.916,0.16510404963534084,angry,subject_03,subject_03_angry_session_01
10.92,0.14578478212374604,angry,subject_03,subject_03_angry_session_01
10.924,0.2157717116760539,angry,subject_03,subject_03_angry_session_01
10.928,0.3258945016728447,angry,subject_03,subject_03_angry_session_01
10.932,0.2784578651725462,angry,subject_03,subject_03_angry_session_01
10.936,0.1946717394574916,angry,subject_03,subject_03_angry_session_01
10.94,0.2579699295454246,angry,subject_03,subject_03_angry_session_01
10.944,0.2988651409053968,angry,subject_03,subject_03_angry_session_01
10.948,0.1320699336432642,angry,subject_03,subject_03_angry_session_01
10.952,0.1740865861496995,angry,subject_03,subject_03_angry_session_01
10.956,0.29356831293046515,angry,subject_03,subject_03_angry_session_01
10.96,0.15242337615064916,angry,subject_03,subject_03_angry_session_01
10.964,0.24763864648816342,angry,subject_03,subject_03_angry_session_01
10.968,0.2888166721168783,angry,subject_03,subject_03_angry_session_01
10.972,0.2659173390229087,angry,subject_03,subject_03_angry_session_01
10.976,0.24173492863057033,angry,subject_03,subject_03_angry_session_01
10.98,0.33011595735082344,angry,subject_03,subject_03_angry_session_01
10.984,0.29733243476550986,angry,subject_03,subject_03_angry_session_01
10.988,0.3787481201620684,angry,subject_03,subject_03_angry_session_01
10.992,0.17789991554713147,angry,subject_03,subject_03_angry_session_01
10.996,0.21174400288313427,angry,subject_03,subject_03_angry_session_01
11.0,0.2372859809858087,angry,subject_03,subject_03_angry_session_01
11.004,0.31686966572858943,angry,subject_03,subject_03_angry_session_01
11.008,0.28061748374564366,angry,subject_03,subject_03_angry_session_01
11.012,0.20881467716453125,angry,subject_03,subject_03_angry_session_01
11.016,0.17135044295002033,angry,subject_03,subject_03_angry_session_01
11.02,0.16155297830993384,angry,subject_03,subject_03_angry_session_01
11.024,0.32825985658775697,angry,subject_03,subject_03_angry_session_01
11.028,0.21897347053487065,angry,subject_03,subject_03_angry_session_01
11.032,0.22913103804739177,angry,subject_03,subject_03_angry_session_01
11.036,0.154352120876438,angry,subject_03,subject_03_angry_session_01
11.04,0.21277097347837048,angry,subject_03,subject_03_angry_session_01
11.044,0.15647011105064884,angry,subject_03,subject_03_angry_session_01
11.048,0.21278697650508427,angry,subject_03,subject_03_angry_session_01
11.052,0.18199161554742757,angry,subject_03,subject_03_angry_session_01
11.056,0.1561481484845062,angry,subject_03,subject_03_angry_session_01
11.06,0.2679160408692137,angry,subject_03,subject_03_angry_session_01
11.064,0.26976170581018466,angry,subject_03,subject_03_angry_session_01
11.068,0.2195583175307609,angry,subject_03,subject_03_angry_session_01
11.072,0.07869020226484824,angry,subject_03,subject_03_angry_session_01
11.076,0.11933696408316344,angry,subject_03,subject_03_angry_session_01
11.08,0.117862330162882,angry,subject_03,subject_03_angry_session_01
11.084,0.28718803232694284,angry,subject_03,subject_03_angry_session_01
11.088,0.2331332033213044,angry,subject_03,subject_03_angry_session_01
11.092,0.24581126631748584,angry,subject_03,subject_03_angry_session_01
11.096,0.1135995047965403,angry,subject_03,subject_03_angry_session_01
11.1,0.06020674643265542,angry,subject_03,subject_03_angry_session_01
11.104,0.20647194607182198,angry,subject_03,subject_03_angry_session_01
11.108,0.002193085613863971,angry,subject_03,subject_03_angry_session_01
11.112,0.13541122122257365,angry,subject_03,subject_03_angry_session_01
11.116,0.15873647975493835,angry,subject_03,subject_03_angry_session_01
11.12,0.04689911541078637,angry,subject_03,subject_03_angry_session_01
11.124,0.1960466556926042,angry,subject_03,subject_03_angry_session_01
11.128,0.07956763510955657,angry,subject_03,subject_03_angry_session_01
11.132,0.10735830467947491,angry,subject_03,subject_03_angry_session_01
11.136,0.11085576239447717,angry,subject_03,subject_03_angry_session_01
11.14,0.08147676746820873,angry,subject_03,subject_03_angry_session_01
11.144,0.02774461884479848,angry,subject_03,subject_03_angry_session_01
11.148,0.00443508757885331,angry,subject_03,subject_03_angry_session_01
11.152,0.06794362453163896,angry,subject_03,subject_03_angry_session_01
11.156,0.07508469108404589,angry,subject_03,subject_03_angry_session_01
11.16,0.08889571371456192,angry,subject_03,subject_03_angry_session_01
11.164,0.014577151180748277,angry,subject_03,subject_03_angry_session_01
11.168,0.021999858545577972,angry,subject_03,subject_03_angry_session_01
11.172,-0.04147187834444312,angry,subject_03,subject_03_angry_session_01
11.176,0.06761573104947607,angry,subject_03,subject_03_angry_session_01
11.18,-0.049244145472717306,angry,subject_03,subject_03_angry_session_01
11.184,0.03271321335206551,angry,subject_03,subject_03_angry_session_01
11.188,0.054427614635208406,angry,subject_03,subject_03_angry_session_01
11.192,0.05012558648587769,angry,subject_03,subject_03_angry_session_01
11.196,-0.09426940991801368,angry,subject_03,subject_03_angry_session_01
11.2,-0.10770055368042245,angry,subject_03,subject_03_angry_session_01
11.204,-0.07232598955662212,angry,subject_03,subject_03_angry_session_01
11.208,-0.08249023982125996,angry,subject_03,subject_03_angry_session_01
11.212,0.10617476901492486,angry,subject_03,subject_03_angry_session_01
11.216,0.00038583732169013285,angry,subject_03,subject_03_angry_session_01
11.22,-0.09883838069203085,angry,subject_03,subject_03_angry_session_01
11.224,-0.08359755096331113,angry,subject_03,subject_03_angry_session_01
11.228,0.06902251615076761,angry,subject_03,subject_03_angry_session_01
11.232,0.05146541043657827,angry,subject_03,subject_03_angry_session_01
11.236,-0.10773220046428494,angry,subject_03,subject_03_angry_session_01
11.24,0.015053204420875127,angry,subject_03,subject_03_angry_session_01
11.244,-0.05448306771750616,angry,subject_03,subject_03_angry_session_01
11.248,-0.051452669138857016,angry,subject_03,subject_03_angry_session_01
11.252,-0.11995994033944503,angry,subject_03,subject_03_angry_session_01
11.256,-0.05128905127143826,angry,subject_03,subject_03_angry_session_01
11.26,-0.06028556464634442,angry,subject_03,subject_03_angry_session_01
11.264,0.13354972402662582,angry,subject_03,subject_03_angry_session_01
11.268,0.0865169798163205,angry,subject_03,subject_03_angry_session_01
11.272,0.3325113024846071,angry,subject_03,subject_03_angry_session_01
11.276,0.3838969815299167,angry,subject_03,subject_03_angry_session_01
11.28,0.45128096942117246,angry,subject_03,subject_03_angry_session_01
11.284,0.6872641135536091,angry,subject_03,subject_03_angry_session_01
11.288,0.7955466664183085,angry,subject_03,subject_03_angry_session_01
11.292,1.0110979644212115,angry,subject_03,subject_03_angry_session_01
11.296,0.9791960531613045,angry,subject_03,subject_03_angry_session_01
11.3,1.0349373311921637,angry,subject_03,subject_03_angry_session_01
11.304,1.0364981001208036,angry,subject_03,subject_03_angry_session_01
11.308,0.8476929037789527,angry,subject_03,subject_03_angry_session_01
11.312,0.864425279597026,angry,subject_03,subject_03_angry_session_01
11.316,0.6290145774796256,angry,subject_03,subject_03_angry_session_01
11.32,0.45009033787436736,angry,subject_03,subject_03_angry_session_01
11.324,0.19177844206919303,angry,subject_03,subject_03_angry_session_01
11.328,0.11152215881391649,angry,subject_03,subject_03_angry_session_01
11.332,0.018873814773422672,angry,subject_03,subject_03_angry_session_01
11.336,-0.11024425406965387,angry,subject_03,subject_03_angry_session_01
11.34,-0.023694816487505883,angry,subject_03,subject_03_angry_session_01
11.344,-0.08625098067075805,angry,subject_03,subject_03_angry_session_01
11.348,-0.13521350283857478,angry,subject_03,subject_03_angry_session_01
11.352,-0.08989059643991898,angry,subject_03,subject_03_angry_session_01
11.356,-0.05047978871303369,angry,subject_03,subject_03_angry_session_01
11.36,0.08197296321982225,angry,subject_03,subject_03_angry_session_01
11.364,-0.001711108501205455,angry,subject_03,subject_03_angry_session_01
11.368,-0.06553593764679237,angry,subject_03,subject_03_angry_session_01
11.372,-0.050576621629861776,angry,subject_03,subject_03_angry_session_01
11.376,-0.030257740854169855,angry,subject_03,subject_03_angry_session_01
11.38,0.03263984270198282,angry,subject_03,subject_03_angry_session_01
11.384,0.025394203086559607,angry,subject_03,subject_03_angry_session_01
11.388,0.03386254603912321,angry,subject_03,subject_03_angry_session_01
11.392,0.003457573742734931,angry,subject_03,subject_03_angry_session_01
11.396,-0.0798849609285408,angry,subject_03,subject_03_angry_session_01
11.4,0.05042555735868458,angry,subject_03,subject_03_angry_session_01
11.404,-0.02381267132923153,angry,subject_03,subject_03_angry_session_01
11.408,0.060102341071954425,angry,subject_03,subject_03_angry_session_01
11.412,-0.04089159670461964,angry,subject_03,subject_03_angry_session_01
11.416,0.03796628933037699,angry,subject_03,subject_03_angry_session_01
11.42,0.08917141815190038,angry,subject_03,subject_03_angry_session_01
11.424,0.17039601867699472,angry,subject_03,subject_03_angry_session_01
11.428,0.025761137211523767,angry,subject_03,subject_03_angry_session_01
11.432,0.15214541577015925,angry,subject_03,subject_03_angry_session_01
11.436,0.13421072754471733,angry,subject_03,subject_03_angry_session_01
11.44,0.05823917628433746,angry,subject_03,subject_03_angry_session_01
11.444,0.08824889924374753,angry,subject_03,subject_03_angry_session_01
11.448,0.06275351461288767,angry,subject_03,subject_03_angry_session_01
11.452,0.05997225132732451,angry,subject_03,subject_03_angry_session_01
11.456,0.024700681155022344,angry,subject_03,subject_03_angry_session_01
11.46,0.0608488488269365,angry,subject_03,subject_03_angry_session_01
11.464,-0.023403435111374604,angry,subject_03,subject_03_angry_session_01
11.468,0.14564799973481624,angry,subject_03,subject_03_angry_session_01
11.472,0.23699070866644914,angry,subject_03,subject_03_angry_session_01
11.476,0.16982394995245395,angry,subject_03,subject_03_angry_session_01
11.48,0.16667456794132607,angry,subject_03,subject_03_angry_session_01
11.484,0.13551415600532649,angry,subject_03,subject_03_angry_session_01
11.488,0.2945199756738408,angry,subject_03,subject_03_angry_session_01
11.492,0.25086546715922375,angry,subject_03,subject_03_angry_session_01
11.496,0.11994692444104614,angry,subject_03,subject_03_angry_session_01
11.5,0.32908144741369805,angry,subject_03,subject_03_angry_session_01
11.504,0.3026167046560075,angry,subject_03,subject_03_angry_session_01
11.508,0.15456055021828174,angry,subject_03,subject_03_angry_session_01
11.512,0.2709394355513846,angry,subject_03,subject_03_angry_session_01
11.516,0.21852216616459602,angry,subject_03,subject_03_angry_session_01
11.52,0.11674694133067078,angry,subject_03,subject_03_angry_session_01
11.524,0.18476074338503248,angry,subject_03,subject_03_angry_session_01
11.528,0.2893783375546479,angry,subject_03,subject_03_angry_session_01
11.532,0.2853310962480669,angry,subject_03,subject_03_angry_session_01
11.536,0.4157961623398071,angry,subject_03,subject_03_angry_session_01
11.54,0.2634302705655139,angry,subject_03,subject_03_angry_session_01
11.544,0.1456619621086996,angry,subject_03,subject_03_angry_session_01
11.548,0.1964170887651646,angry,subject_03,subject_03_angry_session_01
11.552,0.228889795125973,angry,subject_03,subject_03_angry_session_01
11.556,0.2377787963473725,angry,subject_03,subject_03_angry_session_01
11.56,0.2350787185335545,angry,subject_03,subject_03_angry_session_01
11.564,0.2730103776840729,angry,subject_03,subject_03_angry_session_01
11.568,0.34192591053001165,angry,subject_03,subject_03_angry_session_01
11.572,0.2739219451430703,angry,subject_03,subject_03_angry_session_01
11.576,0.132313058883904,angry,subject_03,subject_03_angry_session_01
11.58,0.2673379768363956,angry,subject_03,subject_03_angry_session_01
11.584,0.13436251522944692,angry,subject_03,subject_03_angry_session_01
11.588,0.20011124692776538,angry,subject_03,subject_03_angry_session_01
11.592,0.3410646020671547,angry,subject_03,subject_03_angry_session_01
11.596,0.11089683748063672,angry,subject_03,subject_03_angry_session_01
11.6,0.3472964342579872,angry,subject_03,subject_03_angry_session_01
11.604,0.25803421387880127,angry,subject_03,subject_03_angry_session_01
11.608,0.24308659452350437,angry,subject_03,subject_03_angry_session_01
11.612,0.13904320418594507,angry,subject_03,subject_03_angry_session_01
11.616,0.22190321831630883,angry,subject_03,subject_03_angry_session_01
11.62,0.18414708739727945,angry,subject_03,subject_03_angry_session_01
11.624,0.1590520465351491,angry,subject_03,subject_03_angry_session_01
11.628,0.200622594363921,angry,subject_03,subject_03_angry_session_01
11.632,0.346767306169521,angry,subject_03,subject_03_angry_session_01
11.636,0.2497734919343724,angry,subject_03,subject_03_angry_session_01
11.64,0.1863486528114971,angry,subject_03,subject_03_angry_session_01
11.644,0.2187992886202879,angry,subject_03,subject_03_angry_session_01
11.648,0.16722477586101248,angry,subject_03,subject_03_angry_session_01
11.652,0.2316602927072096,angry,subject_03,subject_03_angry_session_01
11.656,0.11147281082974855,angry,subject_03,subject_03_angry_session_01
11.66,0.2321254735344672,angry,subject_03,subject_03_angry_session_01
11.664,0.08410274475665142,angry,subject_03,subject_03_angry_session_01
11.668,0.15321211738387752,angry,subject_03,subject_03_angry_session_01
11.672,0.23104177529666733,angry,subject_03,subject_03_angry_session_01
11.676,0.26708518697516703,angry,subject_03,subject_03_angry_session_01
11.68,0.016235624137162563,angry,subject_03,subject_03_angry_session_01
11.684,0.07269555669212689,angry,subject_03,subject_03_angry_session_01
11.688,0.13721645715416797,angry,subject_03,subject_03_angry_session_01
11.692,0.17170296042288433,angry,subject_03,subject_03_angry_session_01
11.696,0.08347585373706495,angry,subject_03,subject_03_angry_session_01
11.7,0.10996870783723296,angry,subject_03,subject_03_angry_session_01
11.704,0.10505895171587061,angry,subject_03,subject_03_angry_session_01
11.708,0.09015943278513862,angry,subject_03,subject_03_angry_session_01
11.712,0.08466569656296802,angry,subject_03,subject_03_angry_session_01
11.716,0.08022060106670045,angry,subject_03,subject_03_angry_session_01
11.72,0.16915842390575753,angry,subject_03,subject_03_angry_session_01
11.724,0.05104990405983583,angry,subject_03,subject_03_angry_session_01
11.728,0.13197956704942107,angry,subject_03,subject_03_angry_session_01
11.732,0.04607117261850321,angry,subject_03,subject_03_angry_session_01
11.736,-0.00011153054265760493,angry,subject_03,subject_03_angry_session_01
11.74,0.019922233661405973,angry,subject_03,subject_03_angry_session_01
11.744,-0.0731596036875185,angry,subject_03,subject_03_angry_session_01
11.748,-0.04051215683969954,angry,subject_03,subject_03_angry_session_01
11.752,-0.023811641943580653,angry,subject_03,subject_03_angry_session_01
11.756,0.02392178619528904,angry,subject_03,subject_03_angry_session_01
11.76,0.11084517693730346,angry,subject_03,subject_03_angry_session_01
11.764,-0.012450244380118625,angry,subject_03,subject_03_angry_session_01
11.768,-0.05634674861559713,angry,subject_03,subject_03_angry_session_01
11.772,0.05425112409779703,angry,subject_03,subject_03_angry_session_01
11.776,0.012803707928723231,angry,subject_03,subject_03_angry_session_01
11.78,0.06955527057166566,angry,subject_03,subject_03_angry_session_01
11.784,0.05675696698871142,angry,subject_03,subject_03_angry_session_01
11.788,0.030974576872250033,angry,subject_03,subject_03_angry_session_01
11.792,0.017453687053603676,angry,subject_03,subject_03_angry_session_01
11.796,0.05369772637333373,angry,subject_03,subject_03_angry_session_01
11.8,0.04854252257317626,angry,subject_03,subject_03_angry_session_01
11.804,0.0501676159435697,angry,subject_03,subject_03_angry_session_01
11.808,0.04732484343771528,angry,subject_03,subject_03_angry_session_01
11.812,-0.014983270710034932,angry,subject_03,subject_03_angry_session_01
11.816,-0.06311131843189048,angry,subject_03,subject_03_angry_session_01
11.82,-0.01691469458338708,angry,subject_03,subject_03_angry_session_01
11.824,-0.044445125383168096,angry,subject_03,subject_03_angry_session_01
11.828,-0.06986458831707017,angry,subject_03,subject_03_angry_session_01
11.832,0.10260232734654574,angry,subject_03,subject_03_angry_session_01
11.836,0.05037008654703576,angry,subject_03,subject_03_angry_session_01
11.84,0.06201813222060186,angry,subject_03,subject_03_angry_session_01
11.844,0.31136155594367626,angry,subject_03,subject_03_angry_session_01
11.848,0.37262935707905803,angry,subject_03,subject_03_angry_session_01
11.852,0.5802831851172393,angry,subject_03,subject_03_angry_session_01
11.856,0.6604384596681088,angry,subject_03,subject_03_angry_session_01
11.86,0.8716365426173097,angry,subject_03,subject_03_angry_session_01
11.864,1.0025132921014286,angry,subject_03,subject_03_angry_session_01
11.868,1.0582566793279504,angry,subject_03,subject_03_angry_session_01
11.872,1.0503621089522563,angry,subject_03,subject_03_angry_session_01
11.876,1.0909365064063086,angry,subject_03,subject_03_angry_session_01
11.88,1.0263254164066105,angry,subject_03,subject_03_angry_session_01
11.884,0.7949788268427326,angry,subject_03,subject_03_angry_session_01
11.888,0.8566832218109619,angry,subject_03,subject_03_angry_session_01
11.892,0.6383370320865344,angry,subject_03,subject_03_angry_session_01
11.896,0.38112085733012335,angry,subject_03,subject_03_angry_session_01
11.9,0.2733020216824311,angry,subject_03,subject_03_angry_session_01
11.904,0.10005803106737474,angry,subject_03,subject_03_angry_session_01
11.908,-0.023026468374117218,angry,subject_03,subject_03_angry_session_01
11.912,0.02030522209474763,angry,subject_03,subject_03_angry_session_01
11.916,-0.10789199659065866,angry,subject_03,subject_03_angry_session_01
11.92,-0.03762548838951825,angry,subject_03,subject_03_angry_session_01
11.924,-0.08794087964414835,angry,subject_03,subject_03_angry_session_01
11.928,-0.08227040541973554,angry,subject_03,subject_03_angry_session_01
11.932,-0.006963952079282949,angry,subject_03,subject_03_angry_session_01
11.936,0.06029105929804775,angry,subject_03,subject_03_angry_session_01
11.94,0.023573185158304952,angry,subject_03,subject_03_angry_session_01
11.944,0.019041175032883398,angry,subject_03,subject_03_angry_session_01
11.948,-0.08708028592693651,angry,subject_03,subject_03_angry_session_01
11.952,0.012969608872078948,angry,subject_03,subject_03_angry_session_01
11.956,-0.05575001934083365,angry,subject_03,subject_03_angry_session_01
11.96,0.0361746180810446,angry,subject_03,subject_03_angry_session_01
11.964,0.03633740261386893,angry,subject_03,subject_03_angry_session_01
11.968,0.03733591583800939,angry,subject_03,subject_03_angry_session_01
11.972,0.04340404914724494,angry,subject_03,subject_03_angry_session_01
11.976,0.08013499698788622,angry,subject_03,subject_03_angry_session_01
11.98,0.0890129775431813,angry,subject_03,subject_03_angry_session_01
11.984,0.08063819755417169,angry,subject_03,subject_03_angry_session_01
11.988,0.12415590545692337,angry,subject_03,subject_03_angry_session_01
11.992,-0.07296667873891341,angry,subject_03,subject_03_angry_session_01
11.996,0.01804607357526951,angry,subject_03,subject_03_angry_session_01
12.0,0.11117161621802639,angry,subject_03,subject_03_angry_session_01
12.004,0.09191628906741707,angry,subject_03,subject_03_angry_session_01
12.008,0.04698102980031006,angry,subject_03,subject_03_angry_session_01
12.012,0.13219540795572665,angry,subject_03,subject_03_angry_session_01
12.016,0.15775069355697174,angry,subject_03,subject_03_angry_session_01
12.02,0.0760509343478982,angry,subject_03,subject_03_angry_session_01
12.024,0.09081058982268056,angry,subject_03,subject_03_angry_session_01
12.028,0.03952306081428121,angry,subject_03,subject_03_angry_session_01
12.032,0.14005087326868515,angry,subject_03,subject_03_angry_session_01
12.036,0.15171245674453918,angry,subject_03,subject_03_angry_session_01
12.04,0.09936694788628697,angry,subject_03,subject_03_angry_session_01
12.044,0.14018245188615264,angry,subject_03,subject_03_angry_session_01
12.048,0.17691180839504142,angry,subject_03,subject_03_angry_session_01
12.052,0.24360258781730496,angry,subject_03,subject_03_angry_session_01
12.056,0.1737677673669892,angry,subject_03,subject_03_angry_session_01
12.06,0.15079292945989736,angry,subject_03,subject_03_angry_session_01
12.064,0.3019141671881952,angry,subject_03,subject_03_angry_session_01
12.068,0.26241553345405966,angry,subject_03,subject_03_angry_session_01
12.072,0.15035005789572964,angry,subject_03,subject_03_angry_session_01
12.076,0.2782783370260851,angry,subject_03,subject_03_angry_session_01
12.08,0.21077710350111353,angry,subject_03,subject_03_angry_session_01
12.084,0.3101591886649787,angry,subject_03,subject_03_angry_session_01
12.088,0.22963460776243869,angry,subject_03,subject_03_angry_session_01
12.092,0.1522529843465109,angry,subject_03,subject_03_angry_session_01
12.096,0.23070413489248398,angry,subject_03,subject_03_angry_session_01
12.1,0.2165487299456017,angry,subject_03,subject_03_angry_session_01
12.104,0.23316675519685448,angry,subject_03,subject_03_angry_session_01
12.108,0.13858546493014887,angry,subject_03,subject_03_angry_session_01
12.112,0.2717977265493118,angry,subject_03,subject_03_angry_session_01
12.116,0.15881205511147276,angry,subject_03,subject_03_angry_session_01
12.12,0.2747794712431875,angry,subject_03,subject_03_angry_session_01
12.124,0.13846564194330355,angry,subject_03,subject_03_angry_session_01
12.128,0.21774481213340904,angry,subject_03,subject_03_angry_session_01
12.132,0.3161933813247283,angry,subject_03,subject_03_angry_session_01
12.136,0.3244578538856254,angry,subject_03,subject_03_angry_session_01
12.14,0.23362005298489047,angry,subject_03,subject_03_angry_session_01
12.144,0.31244494578170323,angry,subject_03,subject_03_angry_session_01
12.148,0.16811099573838714,angry,subject_03,subject_03_angry_session_01
12.152,0.33394437905786944,angry,subject_03,subject_03_angry_session_01
12.156,0.34347391597904264,angry,subject_03,subject_03_angry_session_01
12.16,0.2573583399977852,angry,subject_03,subject_03_angry_session_01
12.164,0.24065076025397858,angry,subject_03,subject_03_angry_session_01
12.168,0.12322610518081117,angry,subject_03,subject_03_angry_session_01
12.172,0.25738133196880353,angry,subject_03,subject_03_angry_session_01
12.176,0.29750830474831047,angry,subject_03,subject_03_angry_session_01
12.18,0.2766547050517687,angry,subject_03,subject_03_angry_session_01
12.184,0.2609171686363213,angry,subject_03,subject_03_angry_session_01
12.188,0.16302001790052778,angry,subject_03,subject_03_angry_session_01
12.192,0.25393332197488566,angry,subject_03,subject_03_angry_session_01
12.196,0.19158614434346338,angry,subject_03,subject_03_angry_session_01
12.2,0.3257619953963608,angry,subject_03,subject_03_angry_session_01
12.204,0.273923105713269,angry,subject_03,subject_03_angry_session_01
12.208,0.25095982150212337,angry,subject_03,subject_03_angry_session_01
12.212,0.23447930252836519,angry,subject_03,subject_03_angry_session_01
12.216,0.17203773492576238,angry,subject_03,subject_03_angry_session_01
12.22,0.17670580465738409,angry,subject_03,subject_03_angry_session_01
12.224,0.33691918387784436,angry,subject_03,subject_03_angry_session_01
12.228,0.16453058094586318,angry,subject_03,subject_03_angry_session_01
12.232,0.2149293022391901,angry,subject_03,subject_03_angry_session_01
12.236,0.21517329805855148,angry,subject_03,subject_03_angry_session_01
12.24,0.20407756184474588,angry,subject_03,subject_03_angry_session_01
12.244,0.20896405880188254,angry,subject_03,subject_03_angry_session_01
12.248,0.30418928282919405,angry,subject_03,subject_03_angry_session_01
12.252,0.193925384113936,angry,subject_03,subject_03_angry_session_01
12.256,0.20794066467678127,angry,subject_03,subject_03_angry_session_01
12.26,0.15227145368352585,angry,subject_03,subject_03_angry_session_01
12.264,0.15086399407057946,angry,subject_03,subject_03_angry_session_01
12.268,0.1823171066188403,angry,subject_03,subject_03_angry_session_01
12.272,0.22996106133636424,angry,subject_03,subject_03_angry_session_01
12.276,0.21435303880063067,angry,subject_03,subject_03_angry_session_01
12.28,-0.061379179579229365,angry,subject_03,subject_03_angry_session_01
12.284,0.018839640763994622,angry,subject_03,subject_03_angry_session_01
12.288,0.2354472219248297,angry,subject_03,subject_03_angry_session_01
12.292,0.0704808107752127,angry,subject_03,subject_03_angry_session_01
12.296,0.07122706348774249,angry,subject_03,subject_03_angry_session_01
12.3,0.05152513138645259,angry,subject_03,subject_03_angry_session_01
12.304,0.0006305663659244981,angry,subject_03,subject_03_angry_session_01
12.308,0.025559574028166665,angry,subject_03,subject_03_angry_session_01
12.312,0.032843224241937086,angry,subject_03,subject_03_angry_session_01
12.316,0.02928620478407324,angry,subject_03,subject_03_angry_session_01
12.32,-0.0049023616004329335,angry,subject_03,subject_03_angry_session_01
12.324,0.10385026108374074,angry,subject_03,subject_03_angry_session_01
12.328,0.038800228808678755,angry,subject_03,subject_03_angry_session_01
12.332,0.04918144137845353,angry,subject_03,subject_03_angry_session_01
12.336,0.04219152355131794,angry,subject_03,subject_03_angry_session_01
12.34,0.002264537553525438,angry,subject_03,subject_03_angry_session_01
12.344,-0.011447769337701134,angry,subject_03,subject_03_angry_session_01
12.348,-0.06027191626793273,angry,subject_03,subject_03_angry_session_01
12.352,0.07007293378519318,angry,subject_03,subject_03_angry_session_01
12.356,0.016148235214594693,angry,subject_03,subject_03_angry_session_01
12.36,0.09720048781473198,angry,subject_03,subject_03_angry_session_01
12.364,0.045100991079628505,angry,subject_03,subject_03_angry_session_01
12.368,0.11633008531221901,angry,subject_03,subject_03_angry_session_01
12.372,-0.0023138906625896558,angry,subject_03,subject_03_angry_session_01
12.376,-0.038656120682144524,angry,subject_03,subject_03_angry_session_01
12.38,0.12997678175793193,angry,subject_03,subject_03_angry_session_01
12.384,0.0854109691054539,angry,subject_03,subject_03_angry_session_01
12.388,-0.09878401052706916,angry,subject_03,subject_03_angry_session_01
12.392,0.03628068492944016,angry,subject_03,subject_03_angry_session_01
12.396,0.048025158105320605,angry,subject_03,subject_03_angry_session_01
12.4,-0.0057742963377062405,angry,subject_03,subject_03_angry_session_01
12.404,-0.055646289669757557,angry,subject_03,subject_03_angry_session_01
12.408,0.04412235831098962,angry,subject_03,subject_03_angry_session_01
12.412,0.12813491481414513,angry,subject_03,subject_03_angry_session_01
12.416,0.167294760843203,angry,subject_03,subject_03_angry_session_01
12.42,0.37633856997190185,angry,subject_03,subject_03_angry_session_01
12.424,0.38461605446631714,angry,subject_03,subject_03_angry_session_01
12.428,0.6524311112204024,angry,subject_03,subject_03_angry_session_01
12.432,0.9171320440791585,angry,subject_03,subject_03_angry_session_01
12.436,0.9770544055881848,angry,subject_03,subject_03_angry_session_01
12.44,1.1338838245879026,angry,subject_03,subject_03_angry_session_01
12.444,1.09721338463701,angry,subject_03,subject_03_angry_session_01
12.448,1.120297214537202,angry,subject_03,subject_03_angry_session_01
12.452,1.027251550221653,angry,subject_03,subject_03_angry_session_01
12.456,0.9236307439707814,angry,subject_03,subject_03_angry_session_01
12.46,0.8336099322843952,angry,subject_03,subject_03_angry_session_01
12.464,0.5800487228526388,angry,subject_03,subject_03_angry_session_01
12.468,0.5149152656289785,angry,subject_03,subject_03_angry_session_01
12.472,0.33490881869955835,angry,subject_03,subject_03_angry_session_01
12.476,0.09869567834227047,angry,subject_03,subject_03_angry_session_01
12.48,0.12897289794953173,angry,subject_03,subject_03_angry_session_01
12.484,0.13176863002470898,angry,subject_03,subject_03_angry_session_01
12.488,0.02524065781542176,angry,subject_03,subject_03_angry_session_01
12.492,-0.1530275048239104,angry,subject_03,subject_03_angry_session_01
12.496,0.11319931220117388,angry,subject_03,subject_03_angry_session_01
12.5,-0.1471068693153662,angry,subject_03,subject_03_angry_session_01
12.504,-0.10057179269217266,angry,subject_03,subject_03_angry_session_01
12.508,-0.08822384379492981,angry,subject_03,subject_03_angry_session_01
12.512,0.012026255418770705,angry,subject_03,subject_03_angry_session_01
12.516,-0.07973434103167305,angry,subject_03,subject_03_angry_session_01
12.52,-0.09188717738054661,angry,subject_03,subject_03_angry_session_01
12.524,0.005693677736037683,angry,subject_03,subject_03_angry_session_01
12.528,0.007518918787294306,angry,subject_03,subject_03_angry_session_01
12.532,0.03669275608732275,angry,subject_03,subject_03_angry_session_01
12.536,0.0869692671970658,angry,subject_03,subject_03_angry_session_01
12.54,0.15046672813091058,angry,subject_03,subject_03_angry_session_01
12.544,0.0647233042179429,angry,subject_03,subject_03_angry_session_01
12.548,0.09789946945728178,angry,subject_03,subject_03_angry_session_01
12.552,0.05829811836045555,angry,subject_03,subject_03_angry_session_01
12.556,0.15086787378719935,angry,subject_03,subject_03_angry_session_01
12.56,0.17758625039023476,angry,subject_03,subject_03_angry_session_01
12.564,0.05676170379124797,angry,subject_03,subject_03_angry_session_01
12.568,0.01762691135063328,angry,subject_03,subject_03_angry_session_01
12.572,0.06927226856526514,angry,subject_03,subject_03_angry_session_01
12.576,0.08317574586086018,angry,subject_03,subject_03_angry_session_01
12.58,0.10487814912545025,angry,subject_03,subject_03_angry_session_01
12.584,0.125688728346979,angry,subject_03,subject_03_angry_session_01
12.588,0.1196506791264321,angry,subject_03,subject_03_angry_session_01
12.592,0.06452330384992087,angry,subject_03,subject_03_angry_session_01
12.596,0.13333622617372176,angry,subject_03,subject_03_angry_session_01
12.6,0.1731986338769545,angry,subject_03,subject_03_angry_session_01
12.604,0.25524961870423835,angry,subject_03,subject_03_angry_session_01
12.608,0.13823795141972542,angry,subject_03,subject_03_angry_session_01
12.612,0.17957723349588003,angry,subject_03,subject_03_angry_session_01
12.616,0.18166770426026405,angry,subject_03,subject_03_angry_session_01
12.62,0.16659201825507727,angry,subject_03,subject_03_angry_session_01
12.624,0.1765879225304417,angry,subject_03,subject_03_angry_session_01
12.628,0.10259528322970073,angry,subject_03,subject_03_angry_session_01
12.632,0.24934654023913472,angry,subject_03,subject_03_angry_session_01
12.636,0.27062558977910695,angry,subject_03,subject_03_angry_session_01
12.64,0.2134459292192463,angry,subject_03,subject_03_angry_session_01
12.644,0.2757518281996375,angry,subject_03,subject_03_angry_session_01
12.648,0.14862244267107588,angry,subject_03,subject_03_angry_session_01
12.652,0.34849954832530117,angry,subject_03,subject_03_angry_session_01
12.656,0.22008036424780136,angry,subject_03,subject_03_angry_session_01
12.66,0.2565140954324713,angry,subject_03,subject_03_angry_session_01
12.664,0.33335301316377425,angry,subject_03,subject_03_angry_session_01
12.668,0.19593257228722166,angry,subject_03,subject_03_angry_session_01
12.672,0.2586333528676176,angry,subject_03,subject_03_angry_session_01
12.676,0.2478636308119619,angry,subject_03,subject_03_angry_session_01
12.68,0.3274397607190083,angry,subject_03,subject_03_angry_session_01
12.684,0.2409764578966903,angry,subject_03,subject_03_angry_session_01
12.688,0.34520690931040104,angry,subject_03,subject_03_angry_session_01
12.692,0.3166432807165623,angry,subject_03,subject_03_angry_session_01
12.696,0.20877282684079368,angry,subject_03,subject_03_angry_session_01
12.7,0.35335203634064627,angry,subject_03,subject_03_angry_session_01
12.704,0.41472007246346015,angry,subject_03,subject_03_angry_session_01
12.708,0.24760442312983202,angry,subject_03,subject_03_angry_session_01
12.712,0.27019010129439164,angry,subject_03,subject_03_angry_session_01
12.716,0.22160886945438577,angry,subject_03,subject_03_angry_session_01
12.72,0.29406243998472487,angry,subject_03,subject_03_angry_session_01
12.724,0.36073514902905995,angry,subject_03,subject_03_angry_session_01
12.728,0.25191837806340345,angry,subject_03,subject_03_angry_session_01
12.732,0.23454189894202945,angry,subject_03,subject_03_angry_session_01
12.736,0.363268646626968,angry,subject_03,subject_03_angry_session_01
12.74,0.23807336139858504,angry,subject_03,subject_03_angry_session_01
12.744,0.2379660050854258,angry,subject_03,subject_03_angry_session_01
12.748,0.2633187313205929,angry,subject_03,subject_03_angry_session_01
12.752,0.17006324906495224,angry,subject_03,subject_03_angry_session_01
12.756,0.2206814984712388,angry,subject_03,subject_03_angry_session_01
12.76,0.3800987189402283,angry,subject_03,subject_03_angry_session_01
12.764,0.30831237224337926,angry,subject_03,subject_03_angry_session_01
12.768,0.2991955275030593,angry,subject_03,subject_03_angry_session_01
12.772,0.29715262872537757,angry,subject_03,subject_03_angry_session_01
12.776,0.2944385228707971,angry,subject_03,subject_03_angry_session_01
12.78,0.22941770629680813,angry,subject_03,subject_03_angry_session_01
12.784,0.2468441836595766,angry,subject_03,subject_03_angry_session_01
12.788,0.2699506734798911,angry,subject_03,subject_03_angry_session_01
12.792,0.21631241423304925,angry,subject_03,subject_03_angry_session_01
12.796,0.3204428687400611,angry,subject_03,subject_03_angry_session_01
12.8,0.13609114421256147,angry,subject_03,subject_03_angry_session_01
12.804,0.2145119155879837,angry,subject_03,subject_03_angry_session_01
12.808,0.2954030618290809,angry,subject_03,subject_03_angry_session_01
12.812,0.28357329297908124,angry,subject_03,subject_03_angry_session_01
12.816,0.18815535538413078,angry,subject_03,subject_03_angry_session_01
12.82,0.2308536044898526,angry,subject_03,subject_03_angry_session_01
12.824,0.22368015163871566,angry,subject_03,subject_03_angry_session_01
12.828,0.32885322638835424,angry,subject_03,subject_03_angry_session_01
12.832,0.14287269320371931,angry,subject_03,subject_03_angry_session_01
12.836,0.19537923441441324,angry,subject_03,subject_03_angry_session_01
12.84,0.1496276157839073,angry,subject_03,subject_03_angry_session_01
12.844,0.25745479522217546,angry,subject_03,subject_03_angry_session_01
12.848,0.14889886599974894,angry,subject_03,subject_03_angry_session_01
12.852,0.11107945203501671,angry,subject_03,subject_03_angry_session_01
12.856,0.1837366004527812,angry,subject_03,subject_03_angry_session_01
12.86,0.08277655143028625,angry,subject_03,subject_03_angry_session_01
12.864,0.1332130282505521,angry,subject_03,subject_03_angry_session_01
12.868,0.1537878998896981,angry,subject_03,subject_03_angry_session_01
12.872,0.0014785885290022477,angry,subject_03,subject_03_angry_session_01
12.876,0.048841814082572904,angry,subject_03,subject_03_angry_session_01
12.88,0.20506746249234276,angry,subject_03,subject_03_angry_session_01
12.884,0.09672528633087427,angry,subject_03,subject_03_angry_session_01
12.888,0.008796781530097844,angry,subject_03,subject_03_angry_session_01
12.892,0.07985237445115966,angry,subject_03,subject_03_angry_session_01
12.896,-0.04650552870666304,angry,subject_03,subject_03_angry_session_01
12.9,0.07097214460618037,angry,subject_03,subject_03_angry_session_01
12.904,0.08032421136978835,angry,subject_03,subject_03_angry_session_01
12.908,0.04753037078044327,angry,subject_03,subject_03_angry_session_01
12.912,0.004646248882397452,angry,subject_03,subject_03_angry_session_01
12.916,0.15362776013070034,angry,subject_03,subject_03_angry_session_01
12.92,0.023887513991987564,angry,subject_03,subject_03_angry_session_01
12.924,-0.07202330946063448,angry,subject_03,subject_03_angry_session_01
12.928,0.029781231781200443,angry,subject_03,subject_03_angry_session_01
12.932,0.10821982856993535,angry,subject_03,subject_03_angry_session_01
12.936,0.1337215466736255,angry,subject_03,subject_03_angry_session_01
12.94,-0.12631376412585088,angry,subject_03,subject_03_angry_session_01
12.944,-0.015723983616824852,angry,subject_03,subject_03_angry_session_01
12.948,0.010894951771939047,angry,subject_03,subject_03_angry_session_01
12.952,0.042043269678455474,angry,subject_03,subject_03_angry_session_01
12.956,-0.05156813332807622,angry,subject_03,subject_03_angry_session_01
12.96,0.06053915100337739,angry,subject_03,subject_03_angry_session_01
12.964,0.07886133009840864,angry,subject_03,subject_03_angry_session_01
12.968,-0.03391444510800845,angry,subject_03,subject_03_angry_session_01
12.972,0.015374771503388476,angry,subject_03,subject_03_angry_session_01
12.976,0.07498618099021784,angry,subject_03,subject_03_angry_session_01
12.98,0.15671576378848306,angry,subject_03,subject_03_angry_session_01
12.984,0.16305093830679396,angry,subject_03,subject_03_angry_session_01
12.988,0.14804190472425602,angry,subject_03,subject_03_angry_session_01
12.992,0.31793511064543023,angry,subject_03,subject_03_angry_session_01
12.996,0.4156116528825475,angry,subject_03,subject_03_angry_session_01
13.0,0.5417588320374868,angry,subject_03,subject_03_angry_session_01
13.004,0.7779262290703821,angry,subject_03,subject_03_angry_session_01
13.008,0.9271662259469362,angry,subject_03,subject_03_angry_session_01
13.012,1.0193357653247803,angry,subject_03,subject_03_angry_session_01
13.016,1.1588735113754334,angry,subject_03,subject_03_angry_session_01
13.02,1.107441863434639,angry,subject_03,subject_03_angry_session_01
13.024,1.0872194056583764,angry,subject_03,subject_03_angry_session_01
13.028,1.0184988419054228,angry,subject_03,subject_03_angry_session_01
13.032,0.8954730622158673,angry,subject_03,subject_03_angry_session_01
13.036,0.6607725020168658,angry,subject_03,subject_03_angry_session_01
13.04,0.6576300384716177,angry,subject_03,subject_03_angry_session_01
13.044,0.4185049553651944,angry,subject_03,subject_03_angry_session_01
13.048,0.2324565723312684,angry,subject_03,subject_03_angry_session_01
13.052,0.11859240929949189,angry,subject_03,subject_03_angry_session_01
13.056,0.03269466597237741,angry,subject_03,subject_03_angry_session_01
13.06,0.07896072286729103,angry,subject_03,subject_03_angry_session_01
13.064,0.030828451943281647,angry,subject_03,subject_03_angry_session_01
13.068,0.013168144267996357,angry,subject_03,subject_03_angry_session_01
13.072,0.1364362140292141,angry,subject_03,subject_03_angry_session_01
13.076,0.0397374233094125,angry,subject_03,subject_03_angry_session_01
13.08,-0.034136843234119814,angry,subject_03,subject_03_angry_session_01
13.084,0.07694035494620821,angry,subject_03,subject_03_angry_session_01
13.088,0.07387892645909114,angry,subject_03,subject_03_angry_session_01
13.092,0.13183553510036083,angry,subject_03,subject_03_angry_session_01
13.096,0.09827388806475715,angry,subject_03,subject_03_angry_session_01
13.1,0.06584282130767076,angry,subject_03,subject_03_angry_session_01
13.104,0.11904660751532566,angry,subject_03,subject_03_angry_session_01
13.108,-0.035987711344303286,angry,subject_03,subject_03_angry_session_01
13.112,0.0973323044006899,angry,subject_03,subject_03_angry_session_01
13.116,0.10683921585125454,angry,subject_03,subject_03_angry_session_01
13.12,-0.00315772977246824,angry,subject_03,subject_03_angry_session_01
13.124,0.08884351287435518,angry,subject_03,subject_03_angry_session_01
13.128,0.04650745008681712,angry,subject_03,subject_03_angry_session_01
13.132,0.06519406526632089,angry,subject_03,subject_03_angry_session_01
13.136,0.15234054587568016,angry,subject_03,subject_03_angry_session_01
13.14,0.04071034773055626,angry,subject_03,subject_03_angry_session_01
13.144,0.09513764030125556,angry,subject_03,subject_03_angry_session_01
13.148,0.05952806277274999,angry,subject_03,subject_03_angry_session_01
13.152,0.13529259499806812,angry,subject_03,subject_03_angry_session_01
13.156,0.1487454724245413,angry,subject_03,subject_03_angry_session_01
13.16,0.05856075407425046,angry,subject_03,subject_03_angry_session_01
13.164,0.12279726898446783,angry,subject_03,subject_03_angry_session_01
13.168,0.1395968089296024,angry,subject_03,subject_03_angry_session_01
13.172,0.16571786495224772,angry,subject_03,subject_03_angry_session_01
13.176,0.22358753898923422,angry,subject_03,subject_03_angry_session_01
13.18,0.11737306695745016,angry,subject_03,subject_03_angry_session_01
13.184,0.15853848576107446,angry,subject_03,subject_03_angry_session_01
13.188,0.26990492326436777,angry,subject_03,subject_03_angry_session_01
13.192,0.24650415899590633,angry,subject_03,subject_03_angry_session_01
13.196,0.15009235931089593,angry,subject_03,subject_03_angry_session_01
13.2,0.20916752182581502,angry,subject_03,subject_03_angry_session_01
13.204,0.2490389191061261,angry,subject_03,subject_03_angry_session_01
13.208,0.2852718555806734,angry,subject_03,subject_03_angry_session_01
13.212,0.2589350786213143,angry,subject_03,subject_03_angry_session_01
13.216,0.271813823836999,angry,subject_03,subject_03_angry_session_01
13.22,0.28043551803501243,angry,subject_03,subject_03_angry_session_01
13.224,0.26397315005309324,angry,subject_03,subject_03_angry_session_01
13.228,0.17278712989137576,angry,subject_03,subject_03_angry_session_01
13.232,0.24362581076428125,angry,subject_03,subject_03_angry_session_01
13.236,0.35361672384532794,angry,subject_03,subject_03_angry_session_01
13.24,0.3361955032140631,angry,subject_03,subject_03_angry_session_01
13.244,0.2881362951100339,angry,subject_03,subject_03_angry_session_01
13.248,0.2784539569975181,angry,subject_03,subject_03_angry_session_01
13.252,0.25198512243530047,angry,subject_03,subject_03_angry_session_01
13.256,0.24747949256374552,angry,subject_03,subject_03_angry_session_01
13.26,0.3584529588168279,angry,subject_03,subject_03_angry_session_01
13.264,0.2842658195200289,angry,subject_03,subject_03_angry_session_01
13.268,0.3220408437543675,angry,subject_03,subject_03_angry_session_01
13.272,0.44918918730013535,angry,subject_03,subject_03_angry_session_01
13.276,0.31082898173330425,angry,subject_03,subject_03_angry_session_01
13.28,0.25892642693436524,angry,subject_03,subject_03_angry_session_01
13.284,0.3555893028634574,angry,subject_03,subject_03_angry_session_01
13.288,0.3660637135341199,angry,subject_03,subject_03_angry_session_01
13.292,0.18294264584663247,angry,subject_03,subject_03_angry_session_01
13.296,0.3720378724090958,angry,subject_03,subject_03_angry_session_01
13.3,0.24043494735136875,angry,subject_03,subject_03_angry_session_01
13.304,0.3884683875074001,angry,subject_03,subject_03_angry_session_01
13.308,0.36511213653980706,angry,subject_03,subject_03_angry_session_01
13.312,0.2931586767675942,angry,subject_03,subject_03_angry_session_01
13.316,0.2313647381211845,angry,subject_03,subject_03_angry_session_01
13.32,0.3446609851529269,angry,subject_03,subject_03_angry_session_01
13.324,0.30055560062191,angry,subject_03,subject_03_angry_session_01
13.328,0.22564982294822117,angry,subject_03,subject_03_angry_session_01
13.332,0.30026936238190716,angry,subject_03,subject_03_angry_session_01
13.336,0.19791102153909806,angry,subject_03,subject_03_angry_session_01
13.34,0.27861905546962995,angry,subject_03,subject_03_angry_session_01
13.344,0.2766983554685519,angry,subject_03,subject_03_angry_session_01
13.348,0.28508091463263174,angry,subject_03,subject_03_angry_session_01
13.352,0.32599222959771285,angry,subject_03,subject_03_angry_session_01
13.356,0.22054506365601986,angry,subject_03,subject_03_angry_session_01
13.36,0.2086436960637411,angry,subject_03,subject_03_angry_session_01
13.364,0.24527386298763434,angry,subject_03,subject_03_angry_session_01
13.368,0.28894846424492904,angry,subject_03,subject_03_angry_session_01
13.372,0.22354561410655985,angry,subject_03,subject_03_angry_session_01
13.376,0.13545237413918867,angry,subject_03,subject_03_angry_session_01
13.38,0.21139851975488047,angry,subject_03,subject_03_angry_session_01
13.384,0.2316483174128001,angry,subject_03,subject_03_angry_session_01
13.388,0.16985602507910674,angry,subject_03,subject_03_angry_session_01
13.392,0.06938076614872005,angry,subject_03,subject_03_angry_session_01
13.396,0.22254407273473345,angry,subject_03,subject_03_angry_session_01
13.4,0.11827079559685569,angry,subject_03,subject_03_angry_session_01
13.404,0.24729082461896013,angry,subject_03,subject_03_angry_session_01
13.408,0.3194743055882897,angry,subject_03,subject_03_angry_session_01
13.412,0.11927084050457076,angry,subject_03,subject_03_angry_session_01
13.416,0.1853809988596518,angry,subject_03,subject_03_angry_session_01
13.42,0.1733536623276374,angry,subject_03,subject_03_angry_session_01
13.424,0.05432138114530706,angry,subject_03,subject_03_angry_session_01
13.428,-0.008051140946062657,angry,subject_03,subject_03_angry_session_01
13.432,0.04699458261015031,angry,subject_03,subject_03_angry_session_01
13.436,0.10123006509424222,angry,subject_03,subject_03_angry_session_01
13.44,0.25706791763357695,angry,subject_03,subject_03_angry_session_01
13.444,0.13670626901129937,angry,subject_03,subject_03_angry_session_01
13.448,0.04121219173441835,angry,subject_03,subject_03_angry_session_01
13.452,0.03297047281799369,angry,subject_03,subject_03_angry_session_01
13.456,0.0382998562235255,angry,subject_03,subject_03_angry_session_01
13.46,-0.04009766595214127,angry,subject_03,subject_03_angry_session_01
13.464,0.013304144083966567,angry,subject_03,subject_03_angry_session_01
13.468,0.08833690883097825,angry,subject_03,subject_03_angry_session_01
13.472,0.041879031015515114,angry,subject_03,subject_03_angry_session_01
13.476,0.026271958281837246,angry,subject_03,subject_03_angry_session_01
13.48,0.09656275888574292,angry,subject_03,subject_03_angry_session_01
13.484,-0.024832285277561296,angry,subject_03,subject_03_angry_session_01
13.488,0.0651576493550478,angry,subject_03,subject_03_angry_session_01
13.492,-0.0318927729771,angry,subject_03,subject_03_angry_session_01
13.496,0.08383624542718299,angry,subject_03,subject_03_angry_session_01
13.5,0.03562902252952894,angry,subject_03,subject_03_angry_session_01
13.504,0.03970627638662933,angry,subject_03,subject_03_angry_session_01
13.508,0.020168360420611164,angry,subject_03,subject_03_angry_session_01
13.512,0.05949977242174492,angry,subject_03,subject_03_angry_session_01
13.516,-0.025581915763475682,angry,subject_03,subject_03_angry_session_01
13.52,0.08511062342766523,angry,subject_03,subject_03_angry_session_01
13.524,0.00778415789080537,angry,subject_03,subject_03_angry_session_01
13.528,0.05105739283219947,angry,subject_03,subject_03_angry_session_01
13.532,0.05835394646269103,angry,subject_03,subject_03_angry_session_01
13.536,-0.030930662272591156,angry,subject_03,subject_03_angry_session_01
13.54,0.04018365033900233,angry,subject_03,subject_03_angry_session_01
13.544,-0.037020345721110716,angry,subject_03,subject_03_angry_session_01
13.548,-0.0844835746771444,angry,subject_03,subject_03_angry_session_01
13.552,0.03905410851863099,angry,subject_03,subject_03_angry_session_01
13.556,0.19529654071702574,angry,subject_03,subject_03_angry_session_01
13.56,0.09267582843973043,angry,subject_03,subject_03_angry_session_01
13.564,0.26109707237495844,angry,subject_03,subject_03_angry_session_01
13.568,0.4079474715785869,angry,subject_03,subject_03_angry_session_01
13.572,0.4401669829733723,angry,subject_03,subject_03_angry_session_01
13.576,0.6339685047882034,angry,subject_03,subject_03_angry_session_01
13.58,0.9025237477329306,angry,subject_03,subject_03_angry_session_01
13.584,1.0019031777629017,angry,subject_03,subject_03_angry_session_01
13.588,1.0647063071287088,angry,subject_03,subject_03_angry_session_01
13.592,1.0141222681226507,angry,subject_03,subject_03_angry_session_01
13.596,1.0657951062197122,angry,subject_03,subject_03_angry_session_01
13.6,1.0668727872914963,angry,subject_03,subject_03_angry_session_01
13.604,0.7329953893872938,angry,subject_03,subject_03_angry_session_01
13.608,0.8202512536190123,angry,subject_03,subject_03_angry_session_01
13.612,0.6701534298706201,angry,subject_03,subject_03_angry_session_01
13.616,0.5396135688893221,angry,subject_03,subject_03_angry_session_01
13.62,0.3521730547258783,angry,subject_03,subject_03_angry_session_01
13.624,0.17108245243283732,angry,subject_03,subject_03_angry_session_01
13.628,0.09905916415042487,angry,subject_03,subject_03_angry_session_01
13.632,-0.02858637051319695,angry,subject_03,subject_03_angry_session_01
13.636,-0.06898542464805395,angry,subject_03,subject_03_angry_session_01
13.64,-0.014938322864006058,angry,subject_03,subject_03_angry_session_01
13.644,-0.08155085421234262,angry,subject_03,subject_03_angry_session_01
13.648,-0.04230606706191037,angry,subject_03,subject_03_angry_session_01
13.652,0.13100216328225894,angry,subject_03,subject_03_angry_session_01
13.656,-0.030961687613610053,angry,subject_03,subject_03_angry_session_01
13.66,0.03816410308747518,angry,subject_03,subject_03_angry_session_01
13.664,-0.06592579855878453,angry,subject_03,subject_03_angry_session_01
13.668,-0.012397747787343136,angry,subject_03,subject_03_angry_session_01
13.672,-0.007688297481003831,angry,subject_03,subject_03_angry_session_01
13.676,0.0372452770780332,angry,subject_03,subject_03_angry_session_01
13.68,-0.004590824651942327,angry,subject_03,subject_03_angry_session_01
13.684,0.03453905741902821,angry,subject_03,subject_03_angry_session_01
13.688,0.02485569068001483,angry,subject_03,subject_03_angry_session_01
13.692,0.04738628033640534,angry,subject_03,subject_03_angry_session_01
13.696,-0.036411358915563116,angry,subject_03,subject_03_angry_session_01
13.7,-0.025658745620088894,angry,subject_03,subject_03_angry_session_01
13.704,0.11958208404628515,angry,subject_03,subject_03_angry_session_01
13.708,0.04351874203182092,angry,subject_03,subject_03_angry_session_01
13.712,0.09535053413727758,angry,subject_03,subject_03_angry_session_01
13.716,0.11271705248167839,angry,subject_03,subject_03_angry_session_01
13.72,0.09982212452889379,angry,subject_03,subject_03_angry_session_01
13.724,0.021032583258642698,angry,subject_03,subject_03_angry_session_01
13.728,-0.014704682071931457,angry,subject_03,subject_03_angry_session_01
13.732,0.09025685533405661,angry,subject_03,subject_03_angry_session_01
13.736,0.12455320628067956,angry,subject_03,subject_03_angry_session_01
13.74,0.21365249486406912,angry,subject_03,subject_03_angry_session_01
13.744,0.2555414903263045,angry,subject_03,subject_03_angry_session_01
13.748,0.16605441419883737,angry,subject_03,subject_03_angry_session_01
13.752,0.14791349775397725,angry,subject_03,subject_03_angry_session_01
13.756,0.15602207014654493,angry,subject_03,subject_03_angry_session_01
13.76,0.16596629168455757,angry,subject_03,subject_03_angry_session_01
13.764,0.13586540555071439,angry,subject_03,subject_03_angry_session_01
13.768,0.2665059267111195,angry,subject_03,subject_03_angry_session_01
13.772,0.1684357775562323,angry,subject_03,subject_03_angry_session_01
13.776,0.2218558816120215,angry,subject_03,subject_03_angry_session_01
13.78,0.22883234293165935,angry,subject_03,subject_03_angry_session_01
13.784,0.07668936448802618,angry,subject_03,subject_03_angry_session_01
13.788,0.16275631390955425,angry,subject_03,subject_03_angry_session_01
13.792,0.2524541306859068,angry,subject_03,subject_03_angry_session_01
13.796,0.3131068410736744,angry,subject_03,subject_03_angry_session_01
13.8,0.25692164416659957,angry,subject_03,subject_03_angry_session_01
13.804,0.29227299245766475,angry,subject_03,subject_03_angry_session_01
13.808,0.19136578489135264,angry,subject_03,subject_03_angry_session_01
13.812,0.2648911155515154,angry,subject_03,subject_03_angry_session_01
13.816,0.1973547137502908,angry,subject_03,subject_03_angry_session_01
13.82,0.31855419431385246,angry,subject_03,subject_03_angry_session_01
13.824,0.27820233364906605,angry,subject_03,subject_03_angry_session_01
13.828,0.38273495515304107,angry,subject_03,subject_03_angry_session_01
13.832,0.27969871300031024,angry,subject_03,subject_03_angry_session_01
13.836,0.1880607856808977,angry,subject_03,subject_03_angry_session_01
13.84,0.30366851788807747,angry,subject_03,subject_03_angry_session_01
13.844,0.25705716043806376,angry,subject_03,subject_03_angry_session_01
13.848,0.3417849300325203,angry,subject_03,subject_03_angry_session_01
13.852,0.24049755883314045,angry,subject_03,subject_03_angry_session_01
13.856,0.3582062884663808,angry,subject_03,subject_03_angry_session_01
13.86,0.19835032950772064,angry,subject_03,subject_03_angry_session_01
13.864,0.36450017263094353,angry,subject_03,subject_03_angry_session_01
13.868,0.1951540797151259,angry,subject_03,subject_03_angry_session_01
13.872,0.22762791460335563,angry,subject_03,subject_03_angry_session_01
13.876,0.3127504566988532,angry,subject_03,subject_03_angry_session_01
13.88,0.39738156820009984,angry,subject_03,subject_03_angry_session_01
13.884,0.27070910836480105,angry,subject_03,subject_03_angry_session_01
13.888,0.17803951147009314,angry,subject_03,subject_03_angry_session_01
13.892,0.11857815366778074,angry,subject_03,subject_03_angry_session_01
13.896,0.31253469562874764,angry,subject_03,subject_03_angry_session_01
13.9,0.35084905863681376,angry,subject_03,subject_03_angry_session_01
13.904,0.31418610715274936,angry,subject_03,subject_03_angry_session_01
13.908,0.2554081041189221,angry,subject_03,subject_03_angry_session_01
13.912,0.19621910822740762,angry,subject_03,subject_03_angry_session_01
13.916,0.2696184892758424,angry,subject_03,subject_03_angry_session_01
13.92,0.25671786358110354,angry,subject_03,subject_03_angry_session_01
13.924,0.35123263418046075,angry,subject_03,subject_03_angry_session_01
13.928,0.26043295731365396,angry,subject_03,subject_03_angry_session_01
13.932,0.2792897521378416,angry,subject_03,subject_03_angry_session_01
13.936,0.21556755346420106,angry,subject_03,subject_03_angry_session_01
13.94,0.15989796011866558,angry,subject_03,subject_03_angry_session_01
13.944,0.21285288380013262,angry,subject_03,subject_03_angry_session_01
13.948,0.06587651629279898,angry,subject_03,subject_03_angry_session_01
13.952,0.20530062981072725,angry,subject_03,subject_03_angry_session_01
13.956,0.22020237618748986,angry,subject_03,subject_03_angry_session_01
13.96,0.1623901102773601,angry,subject_03,subject_03_angry_session_01
13.964,0.21133663430196437,angry,subject_03,subject_03_angry_session_01
13.968,0.24805140475354626,angry,subject_03,subject_03_angry_session_01
13.972,0.18431527121131164,angry,subject_03,subject_03_angry_session_01
13.976,0.16334645691348976,angry,subject_03,subject_03_angry_session_01
13.98,0.13767607377803062,angry,subject_03,subject_03_angry_session_01
13.984,0.13758040046015987,angry,subject_03,subject_03_angry_session_01
13.988,0.2629603918061042,angry,subject_03,subject_03_angry_session_01
13.992,0.08787955806206002,angry,subject_03,subject_03_angry_session_01
13.996,0.0884681176446822,angry,subject_03,subject_03_angry_session_01
14.0,0.17420114172994222,angry,subject_03,subject_03_angry_session_01
14.004,0.06206780534537022,angry,subject_03,subject_03_angry_session_01
14.008,0.15209249449527357,angry,subject_03,subject_03_angry_session_01
14.012,0.03434429602210115,angry,subject_03,subject_03_angry_session_01
14.016,0.0812858079404536,angry,subject_03,subject_03_angry_session_01
14.02,0.12935142632819818,angry,subject_03,subject_03_angry_session_01
14.024,-0.007888462400697002,angry,subject_03,subject_03_angry_session_01
14.028,0.10223384687746213,angry,subject_03,subject_03_angry_session_01
14.032,0.1053213406541063,angry,subject_03,subject_03_angry_session_01
14.036,0.028835365207733877,angry,subject_03,subject_03_angry_session_01
14.04,0.11563653173944657,angry,subject_03,subject_03_angry_session_01
14.044,0.022900445219170992,angry,subject_03,subject_03_angry_session_01
14.048,0.022121305811138935,angry,subject_03,subject_03_angry_session_01
14.052,0.06675453764378361,angry,subject_03,subject_03_angry_session_01
14.056,0.09386703132600446,angry,subject_03,subject_03_angry_session_01
14.06,-0.15332765279631622,angry,subject_03,subject_03_angry_session_01
14.064,-0.11182615537230056,angry,subject_03,subject_03_angry_session_01
14.068,-0.06687815828769689,angry,subject_03,subject_03_angry_session_01
14.072,0.04541936309012018,angry,subject_03,subject_03_angry_session_01
14.076,0.019126747804189194,angry,subject_03,subject_03_angry_session_01
14.08,-0.10889649639008901,angry,subject_03,subject_03_angry_session_01
14.084,0.1189627319300293,angry,subject_03,subject_03_angry_session_01
14.088,0.035384490624681214,angry,subject_03,subject_03_angry_session_01
14.092,-0.015507920879122186,angry,subject_03,subject_03_angry_session_01
14.096,0.028938326806681194,angry,subject_03,subject_03_angry_session_01
14.1,-0.021482094571936134,angry,subject_03,subject_03_angry_session_01
14.104,0.060453967288490874,angry,subject_03,subject_03_angry_session_01
14.108,0.07250657085574483,angry,subject_03,subject_03_angry_session_01
14.112,0.08122895834759886,angry,subject_03,subject_03_angry_session_01
14.116,0.012417624746417468,angry,subject_03,subject_03_angry_session_01
14.12,-0.010126734382800318,angry,subject_03,subject_03_angry_session_01
14.124,0.05537843714411878,angry,subject_03,subject_03_angry_session_01
14.128,0.12349726378396753,angry,subject_03,subject_03_angry_session_01
14.132,0.059986985989799256,angry,subject_03,subject_03_angry_session_01
14.136,0.24827249351342967,angry,subject_03,subject_03_angry_session_01
14.14,0.24461753546156942,angry,subject_03,subject_03_angry_session_01
14.144,0.3733562240664081,angry,subject_03,subject_03_angry_session_01
14.148,0.6015567528755236,angry,subject_03,subject_03_angry_session_01
14.152,0.6954546170580973,angry,subject_03,subject_03_angry_session_01
14.156,0.7715976743848708,angry,subject_03,subject_03_angry_session_01
14.16,0.9888240661838359,angry,subject_03,subject_03_angry_session_01
14.164,1.215187623027169,angry,subject_03,subject_03_angry_session_01
14.168,0.9738245156604948,angry,subject_03,subject_03_angry_session_01
14.172,1.095166096027386,angry,subject_03,subject_03_angry_session_01
14.176,0.9327610842098852,angry,subject_03,subject_03_angry_session_01
14.18,0.7685567223621277,angry,subject_03,subject_03_angry_session_01
14.184,0.5964864895341921,angry,subject_03,subject_03_angry_session_01
14.188,0.4807275040072354,angry,subject_03,subject_03_angry_session_01
14.192,0.29430066091676804,angry,subject_03,subject_03_angry_session_01
14.196,0.20646510676838,angry,subject_03,subject_03_angry_session_01
14.2,0.1937055540779651,angry,subject_03,subject_03_angry_session_01
14.204,0.0012546654391519876,angry,subject_03,subject_03_angry_session_01
14.208,-0.08978532002375514,angry,subject_03,subject_03_angry_session_01
14.212,-0.04365327768790499,angry,subject_03,subject_03_angry_session_01
14.216,-0.10140144114282543,angry,subject_03,subject_03_angry_session_01
14.22,-0.07685420835356505,angry,subject_03,subject_03_angry_session_01
14.224,-0.07374452501886317,angry,subject_03,subject_03_angry_session_01
14.228,0.039381391793004095,angry,subject_03,subject_03_angry_session_01
14.232,0.04653781381260934,angry,subject_03,subject_03_angry_session_01
14.236,-0.007646187472574411,angry,subject_03,subject_03_angry_session_01
14.24,-0.07866866495450665,angry,subject_03,subject_03_angry_session_01
14.244,-0.03985094999614443,angry,subject_03,subject_03_angry_session_01
14.248,0.014705517811847535,angry,subject_03,subject_03_angry_session_01
14.252,0.09116963125593375,angry,subject_03,subject_03_angry_session_01
14.256,-0.1572767449182421,angry,subject_03,subject_03_angry_session_01
14.26,0.04264988945453833,angry,subject_03,subject_03_angry_session_01
14.264,0.07243528895408213,angry,subject_03,subject_03_angry_session_01
14.268,0.07807423418470771,angry,subject_03,subject_03_angry_session_01
14.272,0.08352584809093958,angry,subject_03,subject_03_angry_session_01
14.276,0.1089492998490775,angry,subject_03,subject_03_angry_session_01
14.28,0.03692136392386283,angry,subject_03,subject_03_angry_session_01
14.284,0.10086534990929169,angry,subject_03,subject_03_angry_session_01
14.288,-0.049412721217372516,angry,subject_03,subject_03_angry_session_01
14.292,0.04072575810570016,angry,subject_03,subject_03_angry_session_01
14.296,0.09449076439343174,angry,subject_03,subject_03_angry_session_01
14.3,0.05075983035295126,angry,subject_03,subject_03_angry_session_01
14.304,0.02634081974977382,angry,subject_03,subject_03_angry_session_01
14.308,0.05567053838068154,angry,subject_03,subject_03_angry_session_01
14.312,0.1414037411988854,angry,subject_03,subject_03_angry_session_01
14.316,0.10253980292711319,angry,subject_03,subject_03_angry_session_01
14.32,0.11454666014471937,angry,subject_03,subject_03_angry_session_01
14.324,0.1480087677605006,angry,subject_03,subject_03_angry_session_01
14.328,0.14903427069272396,angry,subject_03,subject_03_angry_session_01
14.332,0.22899497720230472,angry,subject_03,subject_03_angry_session_01
14.336,0.21984641636960883,angry,subject_03,subject_03_angry_session_01
14.34,0.1829155774449377,angry,subject_03,subject_03_angry_session_01
14.344,0.14884534954137793,angry,subject_03,subject_03_angry_session_01
14.348,0.2549796010366994,angry,subject_03,subject_03_angry_session_01
14.352,0.28296557397430655,angry,subject_03,subject_03_angry_session_01
14.356,0.0975510336863431,angry,subject_03,subject_03_angry_session_01
14.36,0.19262577039433165,angry,subject_03,subject_03_angry_session_01
14.364,0.19374280693659396,angry,subject_03,subject_03_angry_session_01
14.368,0.1543303258494051,angry,subject_03,subject_03_angry_session_01
14.372,0.18894136481466775,angry,subject_03,subject_03_angry_session_01
14.376,0.20242002690349126,angry,subject_03,subject_03_angry_session_01
14.38,0.2950087850641241,angry,subject_03,subject_03_angry_session_01
14.384,0.15292327065588038,angry,subject_03,subject_03_angry_session_01
14.388,0.2559897814832271,angry,subject_03,subject_03_angry_session_01
14.392,0.19918803780287928,angry,subject_03,subject_03_angry_session_01
14.396,0.32337653580310144,angry,subject_03,subject_03_angry_session_01
14.4,0.25901515001961634,angry,subject_03,subject_03_angry_session_01
14.404,0.3117879552545861,angry,subject_03,subject_03_angry_session_01
14.408,0.2631833140996503,angry,subject_03,subject_03_angry_session_01
14.412,0.16162734789075836,angry,subject_03,subject_03_angry_session_01
14.416,0.2279869434217167,angry,subject_03,subject_03_angry_session_01
14.42,0.36331686700375565,angry,subject_03,subject_03_angry_session_01
14.424,0.2945039382751621,angry,subject_03,subject_03_angry_session_01
14.428,0.3796454333956636,angry,subject_03,subject_03_angry_session_01
14.432,0.3500665197630094,angry,subject_03,subject_03_angry_session_01
14.436,0.21920538186180555,angry,subject_03,subject_03_angry_session_01
14.44,0.174931476795747,angry,subject_03,subject_03_angry_session_01
14.444,0.31828563412716426,angry,subject_03,subject_03_angry_session_01
14.448,0.31120624924204826,angry,subject_03,subject_03_angry_session_01
14.452,0.24761468766298078,angry,subject_03,subject_03_angry_session_01
14.456,0.15496415287629556,angry,subject_03,subject_03_angry_session_01
14.46,0.20667964514835388,angry,subject_03,subject_03_angry_session_01
14.464,0.24562787253415286,angry,subject_03,subject_03_angry_session_01
14.468,0.27860682323900354,angry,subject_03,subject_03_angry_session_01
14.472,0.1689788151291399,angry,subject_03,subject_03_angry_session_01
14.476,0.2872210684928902,angry,subject_03,subject_03_angry_session_01
14.48,0.2699681585855872,angry,subject_03,subject_03_angry_session_01
14.484,0.2675842910250055,angry,subject_03,subject_03_angry_session_01
14.488,0.24767137093813563,angry,subject_03,subject_03_angry_session_01
14.492,0.0823179486387528,angry,subject_03,subject_03_angry_session_01
14.496,0.22820796355343775,angry,subject_03,subject_03_angry_session_01
14.5,0.18316875052211354,angry,subject_03,subject_03_angry_session_01
14.504,0.23789905324466587,angry,subject_03,subject_03_angry_session_01
14.508,0.10424115606571012,angry,subject_03,subject_03_angry_session_01
14.512,0.07525343415825955,angry,subject_03,subject_03_angry_session_01
14.516,0.22825427466383208,angry,subject_03,subject_03_angry_session_01
14.52,0.13512264003289565,angry,subject_03,subject_03_angry_session_01
14.524,0.05649489623860271,angry,subject_03,subject_03_angry_session_01
14.528,0.11596305515070116,angry,subject_03,subject_03_angry_session_01
14.532,0.16432583026005296,angry,subject_03,subject_03_angry_session_01
14.536,0.23609059942989474,angry,subject_03,subject_03_angry_session_01
14.54,0.1646227908522598,angry,subject_03,subject_03_angry_session_01
14.544,0.12098709368304245,angry,subject_03,subject_03_angry_session_01
14.548,0.1329210841697154,angry,subject_03,subject_03_angry_session_01
14.552,0.18616283799532501,angry,subject_03,subject_03_angry_session_01
14.556,0.16579940201460275,angry,subject_03,subject_03_angry_session_01
14.56,0.16732807976730835,angry,subject_03,subject_03_angry_session_01
14.564,0.22041397279215608,angry,subject_03,subject_03_angry_session_01
14.568,0.10961374687699929,angry,subject_03,subject_03_angry_session_01
14.572,0.14015159139867867,angry,subject_03,subject_03_angry_session_01
14.576,-0.039934083992011496,angry,subject_03,subject_03_angry_session_01
14.58,0.09050790033764186,angry,subject_03,subject_03_angry_session_01
14.584,-0.01018435512184633,angry,subject_03,subject_03_angry_session_01
14.588,0.024343694431337617,angry,subject_03,subject_03_angry_session_01
14.592,0.026292704027476,angry,subject_03,subject_03_angry_session_01
14.596,0.04560421980998903,angry,subject_03,subject_03_angry_session_01
14.6,0.0032985829927976093,angry,subject_03,subject_03_angry_session_01
14.604,0.00819163684982955,angry,subject_03,subject_03_angry_session_01
14.608,0.06351292213990054,angry,subject_03,subject_03_angry_session_01
14.612,0.02365982399839041,angry,subject_03,subject_03_angry_session_01
14.616,0.00872869517578401,angry,subject_03,subject_03_angry_session_01
14.62,0.007380161986323561,angry,subject_03,subject_03_angry_session_01
14.624,-0.01069604512105245,angry,subject_03,subject_03_angry_session_01
14.628,0.05838468729928112,angry,subject_03,subject_03_angry_session_01
14.632,-0.010194281419199775,angry,subject_03,subject_03_angry_session_01
14.636,0.12770029760653334,angry,subject_03,subject_03_angry_session_01
14.64,0.016580836000410555,angry,subject_03,subject_03_angry_session_01
14.644,0.03162798507329524,angry,subject_03,subject_03_angry_session_01
14.648,-0.0342842455312652,angry,subject_03,subject_03_angry_session_01
14.652,0.01611497514332826,angry,subject_03,subject_03_angry_session_01
14.656,0.04247705110035491,angry,subject_03,subject_03_angry_session_01
14.66,-0.007357067359514762,angry,subject_03,subject_03_angry_session_01
14.664,-0.04440038326073918,angry,subject_03,subject_03_angry_session_01
14.668,0.043409873111830664,angry,subject_03,subject_03_angry_session_01
14.672,0.09397158737893826,angry,subject_03,subject_03_angry_session_01
14.676,-0.1147565863711921,angry,subject_03,subject_03_angry_session_01
14.68,-0.05668674593713505,angry,subject_03,subject_03_angry_session_01
14.684,-0.034863136423419386,angry,subject_03,subject_03_angry_session_01
14.688,-0.05810953053354169,angry,subject_03,subject_03_angry_session_01
14.692,-0.042321534111429394,angry,subject_03,subject_03_angry_session_01
14.696,-0.09365183772128108,angry,subject_03,subject_03_angry_session_01
14.7,0.04224070421415635,angry,subject_03,subject_03_angry_session_01
14.704,0.03078244421999699,angry,subject_03,subject_03_angry_session_01
14.708,0.11639236721243644,angry,subject_03,subject_03_angry_session_01
14.712,0.1885751060629498,angry,subject_03,subject_03_angry_session_01
14.716,0.2975199218153195,angry,subject_03,subject_03_angry_session_01
14.72,0.4532566795231965,angry,subject_03,subject_03_angry_session_01
14.724,0.7511198881556306,angry,subject_03,subject_03_angry_session_01
14.728,0.7494357471992665,angry,subject_03,subject_03_angry_session_01
14.732,0.914170501529504,angry,subject_03,subject_03_angry_session_01
14.736,0.9190844002263842,angry,subject_03,subject_03_angry_session_01
14.74,1.0950679621887323,angry,subject_03,subject_03_angry_session_01
14.744,1.1003993537537233,angry,subject_03,subject_03_angry_session_01
14.748,0.8678857200992706,angry,subject_03,subject_03_angry_session_01
14.752,0.8080212210080003,angry,subject_03,subject_03_angry_session_01
14.756,0.6489629772254604,angry,subject_03,subject_03_angry_session_01
14.76,0.5044928516951281,angry,subject_03,subject_03_angry_session_01
14.764,0.3900038350862004,angry,subject_03,subject_03_angry_session_01
14.768,0.2036641353635663,angry,subject_03,subject_03_angry_session_01
14.772,0.08242155929984744,angry,subject_03,subject_03_angry_session_01
14.776,-0.09119515891495195,angry,subject_03,subject_03_angry_session_01
14.78,-0.06164187467753994,angry,subject_03,subject_03_angry_session_01
14.784,-0.025570061510775455,angry,subject_03,subject_03_angry_session_01
14.788,-0.07844885727127153,angry,subject_03,subject_03_angry_session_01
14.792,-0.19426714939631,angry,subject_03,subject_03_angry_session_01
14.796,0.018320794911803474,angry,subject_03,subject_03_angry_session_01
14.8,0.03924935688509104,angry,subject_03,subject_03_angry_session_01
14.804,0.005651568491581261,angry,subject_03,subject_03_angry_session_01
14.808,0.03761564190039016,angry,subject_03,subject_03_angry_session_01
14.812,0.017627257655481305,angry,subject_03,subject_03_angry_session_01
14.816,0.03363259644922583,angry,subject_03,subject_03_angry_session_01
14.82,-0.03616454619056927,angry,subject_03,subject_03_angry_session_01
14.824,0.04941002628190158,angry,subject_03,subject_03_angry_session_01
14.828,-0.1287799642719785,angry,subject_03,subject_03_angry_session_01
14.832,-0.00035451579444121736,angry,subject_03,subject_03_angry_session_01
14.836,0.06800937939721188,angry,subject_03,subject_03_angry_session_01
14.84,0.1052103246781619,angry,subject_03,subject_03_angry_session_01
14.844,0.046813552009691714,angry,subject_03,subject_03_angry_session_01
14.848,0.09861359007367372,angry,subject_03,subject_03_angry_session_01
14.852,0.028413831401379097,angry,subject_03,subject_03_angry_session_01
14.856,0.07541862477491501,angry,subject_03,subject_03_angry_session_01
14.86,0.08556470675876533,angry,subject_03,subject_03_angry_session_01
14.864,-0.09290001888799783,angry,subject_03,subject_03_angry_session_01
14.868,0.10194528379950346,angry,subject_03,subject_03_angry_session_01
14.872,0.06877394922098279,angry,subject_03,subject_03_angry_session_01
14.876,0.08171774452943982,angry,subject_03,subject_03_angry_session_01
14.88,0.12940980638945798,angry,subject_03,subject_03_angry_session_01
14.884,0.05099144177834133,angry,subject_03,subject_03_angry_session_01
14.888,0.09219960469123534,angry,subject_03,subject_03_angry_session_01
14.892,0.10263488373635046,angry,subject_03,subject_03_angry_session_01
14.896,0.1295685493046576,angry,subject_03,subject_03_angry_session_01
14.9,-0.014545252333377195,angry,subject_03,subject_03_angry_session_01
14.904,0.16292839842892526,angry,subject_03,subject_03_angry_session_01
14.908,0.17361102503980955,angry,subject_03,subject_03_angry_session_01
14.912,0.06100802549981971,angry,subject_03,subject_03_angry_session_01
14.916,0.10318041708305195,angry,subject_03,subject_03_angry_session_01
14.92,0.2239104837487617,angry,subject_03,subject_03_angry_session_01
14.924,0.10523801011533325,angry,subject_03,subject_03_angry_session_01
14.928,0.26136102459645283,angry,subject_03,subject_03_angry_session_01
14.932,0.12395564584406682,angry,subject_03,subject_03_angry_session_01
14.936,0.24578202103950414,angry,subject_03,subject_03_angry_session_01
14.94,0.13691397478153386,angry,subject_03,subject_03_angry_session_01
14.944,0.2514122167471842,angry,subject_03,subject_03_angry_session_01
14.948,0.2219942767766117,angry,subject_03,subject_03_angry_session_01
14.952,0.22901911722243,angry,subject_03,subject_03_angry_session_01
14.956,0.15828712692511485,angry,subject_03,subject_03_angry_session_01
14.96,0.2250732990918428,angry,subject_03,subject_03_angry_session_01
14.964,0.183326165458001,angry,subject_03,subject_03_angry_session_01
14.968,0.18134935781496025,angry,subject_03,subject_03_angry_session_01
14.972,0.31720711724316086,angry,subject_03,subject_03_angry_session_01
14.976,0.41290118873574877,angry,subject_03,subject_03_angry_session_01
14.98,0.19762620902729172,angry,subject_03,subject_03_angry_session_01
14.984,0.27093500077933047,angry,subject_03,subject_03_angry_session_01
14.988,0.30335697091270053,angry,subject_03,subject_03_angry_session_01
14.992,0.209606669334023,angry,subject_03,subject_03_angry_session_01
14.996,0.19448454668105536,angry,subject_03,subject_03_angry_session_01
15.0,0.2471704007838736,angry,subject_03,subject_03_angry_session_01
15.004,0.24727601299167656,angry,subject_03,subject_03_angry_session_01
15.008,0.09336383502632056,angry,subject_03,subject_03_angry_session_01
15.012,0.25841074575145107,angry,subject_03,subject_03_angry_session_01
15.016,0.28921773242385795,angry,subject_03,subject_03_angry_session_01
15.02,0.26796393157004866,angry,subject_03,subject_03_angry_session_01
15.024,0.22006383243695474,angry,subject_03,subject_03_angry_session_01
15.028,0.14551225683857333,angry,subject_03,subject_03_angry_session_01
15.032,0.2571865472678093,angry,subject_03,subject_03_angry_session_01
15.036,0.1800580662487722,angry,subject_03,subject_03_angry_session_01
15.04,0.2042378606183683,angry,subject_03,subject_03_angry_session_01
15.044,0.22041389402640543,angry,subject_03,subject_03_angry_session_01
15.048,0.2650128512261548,angry,subject_03,subject_03_angry_session_01
15.052,0.27596692060409134,angry,subject_03,subject_03_angry_session_01
15.056,0.2230489903947324,angry,subject_03,subject_03_angry_session_01
15.06,0.20943733251977156,angry,subject_03,subject_03_angry_session_01
15.064,0.25055936833142134,angry,subject_03,subject_03_angry_session_01
15.068,0.14893548337984883,angry,subject_03,subject_03_angry_session_01
15.072,0.1575921753632685,angry,subject_03,subject_03_angry_session_01
15.076,0.28329735113444066,angry,subject_03,subject_03_angry_session_01
15.08,0.28061975574256676,angry,subject_03,subject_03_angry_session_01
15.084,0.08354442013815651,angry,subject_03,subject_03_angry_session_01
15.088,0.15605770443909608,angry,subject_03,subject_03_angry_session_01
15.092,0.23792587209428773,angry,subject_03,subject_03_angry_session_01
15.096,0.2011131391574099,angry,subject_03,subject_03_angry_session_01
15.1,0.1648960981923765,angry,subject_03,subject_03_angry_session_01
15.104,0.0962641791330047,angry,subject_03,subject_03_angry_session_01
15.108,0.1329877297131063,angry,subject_03,subject_03_angry_session_01
15.112,0.10717300133173929,angry,subject_03,subject_03_angry_session_01
15.116,0.23316855592298616,angry,subject_03,subject_03_angry_session_01
15.12,0.09917976828220129,angry,subject_03,subject_03_angry_session_01
15.124,0.1450674957526996,angry,subject_03,subject_03_angry_session_01
15.128,0.15475440626788803,angry,subject_03,subject_03_angry_session_01
15.132,0.1149970619753037,angry,subject_03,subject_03_angry_session_01
15.136,0.11067810164000376,angry,subject_03,subject_03_angry_session_01
15.14,0.027794196174037195,angry,subject_03,subject_03_angry_session_01
15.144,0.0723510970921885,angry,subject_03,subject_03_angry_session_01
15.148,0.06728974031806836,angry,subject_03,subject_03_angry_session_01
15.152,0.04160212053249252,angry,subject_03,subject_03_angry_session_01
15.156,0.1524296769479788,angry,subject_03,subject_03_angry_session_01
15.16,0.1756653639184823,angry,subject_03,subject_03_angry_session_01
15.164,0.11129708721409667,angry,subject_03,subject_03_angry_session_01
15.168,0.1350110623389721,angry,subject_03,subject_03_angry_session_01
15.172,-0.0012558682745097555,angry,subject_03,subject_03_angry_session_01
15.176,0.016755475679701343,angry,subject_03,subject_03_angry_session_01
15.18,-0.02881482577678856,angry,subject_03,subject_03_angry_session_01
15.184,0.023500303744200108,angry,subject_03,subject_03_angry_session_01
15.188,-0.0424332107547278,angry,subject_03,subject_03_angry_session_01
15.192,-0.05777554429421668,angry,subject_03,subject_03_angry_session_01
15.196,-0.16273437583067618,angry,subject_03,subject_03_angry_session_01
15.2,0.024455756593617792,angry,subject_03,subject_03_angry_session_01
15.204,0.06413606528841308,angry,subject_03,subject_03_angry_session_01
15.208,0.05427658056638787,angry,subject_03,subject_03_angry_session_01
15.212,0.0333786217258503,angry,subject_03,subject_03_angry_session_01
15.216,0.03418719363412792,angry,subject_03,subject_03_angry_session_01
15.22,-0.035756311971856435,angry,subject_03,subject_03_angry_session_01
15.224,-0.11379803777334643,angry,subject_03,subject_03_angry_session_01
15.228,-0.08508438579990416,angry,subject_03,subject_03_angry_session_01
15.232,-0.040036548788728865,angry,subject_03,subject_03_angry_session_01
15.236,-0.1530589094968768,angry,subject_03,subject_03_angry_session_01
15.24,0.010039231062678185,angry,subject_03,subject_03_angry_session_01
15.244,0.00022140843178855563,angry,subject_03,subject_03_angry_session_01
15.248,0.005787826702347183,angry,subject_03,subject_03_angry_session_01
15.252,0.026396261621081184,angry,subject_03,subject_03_angry_session_01
15.256,-0.1399380606097074,angry,subject_03,subject_03_angry_session_01
15.26,-0.08344189624618191,angry,subject_03,subject_03_angry_session_01
15.264,-0.10875134341009549,angry,subject_03,subject_03_angry_session_01
15.268,-0.07197737766770626,angry,subject_03,subject_03_angry_session_01
15.272,-0.06721379970125563,angry,subject_03,subject_03_angry_session_01
15.276,-0.12196820759097052,angry,subject_03,subject_03_angry_session_01
15.28,0.1091787184232105,angry,subject_03,subject_03_angry_session_01
15.284,0.2397661325550282,angry,subject_03,subject_03_angry_session_01
15.288,0.2371930279839515,angry,subject_03,subject_03_angry_session_01
15.292,0.39031477127695824,angry,subject_03,subject_03_angry_session_01
15.296,0.6391910031545117,angry,subject_03,subject_03_angry_session_01
15.3,0.7434899032360447,angry,subject_03,subject_03_angry_session_01
15.304,0.923156541853861,angry,subject_03,subject_03_angry_session_01
15.308,0.9365501613136085,angry,subject_03,subject_03_angry_session_01
15.312,1.0946723136280097,angry,subject_03,subject_03_angry_session_01
15.316,1.086841456163303,angry,subject_03,subject_03_angry_session_01
15.32,0.984066341044403,angry,subject_03,subject_03_angry_session_01
15.324,0.9047866264055692,angry,subject_03,subject_03_angry_session_01
15.328,0.6370347606298957,angry,subject_03,subject_03_angry_session_01
15.332,0.5817667633818046,angry,subject_03,subject_03_angry_session_01
15.336,0.42850079601791163,angry,subject_03,subject_03_angry_session_01
15.34,0.2414470514735037,angry,subject_03,subject_03_angry_session_01
15.344,0.07980810168453747,angry,subject_03,subject_03_angry_session_01
15.348,0.11145452817062088,angry,subject_03,subject_03_angry_session_01
15.352,0.03599748885359645,angry,subject_03,subject_03_angry_session_01
15.356,-0.07091121631638371,angry,subject_03,subject_03_angry_session_01
15.36,-0.06127192041052939,angry,subject_03,subject_03_angry_session_01
15.364,-0.18510516470493427,angry,subject_03,subject_03_angry_session_01
15.368,-0.12869996422696994,angry,subject_03,subject_03_angry_session_01
15.372,-0.07257043315966523,angry,subject_03,subject_03_angry_session_01
15.376,-0.09343259184505384,angry,subject_03,subject_03_angry_session_01
15.38,0.042042882017137184,angry,subject_03,subject_03_angry_session_01
15.384,-0.04726338076639195,angry,subject_03,subject_03_angry_session_01
15.388,-0.07621642859422953,angry,subject_03,subject_03_angry_session_01
15.392,0.1210381917767923,angry,subject_03,subject_03_angry_session_01
15.396,0.11556362324328581,angry,subject_03,subject_03_angry_session_01
15.4,0.052672724866664175,angry,subject_03,subject_03_angry_session_01
15.404,-0.10407720394155864,angry,subject_03,subject_03_angry_session_01
15.408,0.10499842935173337,angry,subject_03,subject_03_angry_session_01
15.412,0.10705771368640377,angry,subject_03,subject_03_angry_session_01
15.416,-0.07867128887857694,angry,subject_03,subject_03_angry_session_01
15.42,-0.10590324860429996,angry,subject_03,subject_03_angry_session_01
15.424,0.00193808945164093,angry,subject_03,subject_03_angry_session_01
15.428,0.062323483746912385,angry,subject_03,subject_03_angry_session_01
15.432,0.13192190235387888,angry,subject_03,subject_03_angry_session_01
15.436,-0.06067633574303533,angry,subject_03,subject_03_angry_session_01
15.44,0.16742305696819254,angry,subject_03,subject_03_angry_session_01
15.444,-0.035122241196831896,angry,subject_03,subject_03_angry_session_01
15.448,0.12425780189488508,angry,subject_03,subject_03_angry_session_01
15.452,0.07764577032988605,angry,subject_03,subject_03_angry_session_01
15.456,0.16218586632752646,angry,subject_03,subject_03_angry_session_01
15.46,0.11706245503682429,angry,subject_03,subject_03_angry_session_01
15.464,0.09845570920624035,angry,subject_03,subject_03_angry_session_01
15.468,0.1513305419474945,angry,subject_03,subject_03_angry_session_01
15.472,0.07117473020805119,angry,subject_03,subject_03_angry_session_01
15.476,0.11974560775371668,angry,subject_03,subject_03_angry_session_01
15.48,0.05464643602312898,angry,subject_03,subject_03_angry_session_01
15.484,0.18776878774886452,angry,subject_03,subject_03_angry_session_01
15.488,0.22294875359387345,angry,subject_03,subject_03_angry_session_01
15.492,0.18791916330288108,angry,subject_03,subject_03_angry_session_01
15.496,0.182258537753503,angry,subject_03,subject_03_angry_session_01
15.5,0.15937398353027113,angry,subject_03,subject_03_angry_session_01
15.504,0.32965069323267704,angry,subject_03,subject_03_angry_session_01
15.508,0.19103594811191807,angry,subject_03,subject_03_angry_session_01
15.512,0.10693383163420442,angry,subject_03,subject_03_angry_session_01
15.516,0.24191202259453773,angry,subject_03,subject_03_angry_session_01
15.52,0.21831958021464343,angry,subject_03,subject_03_angry_session_01
15.524,0.34605279526211014,angry,subject_03,subject_03_angry_session_01
15.528,0.22686843190871236,angry,subject_03,subject_03_angry_session_01
15.532,0.15181882216090486,angry,subject_03,subject_03_angry_session_01
15.536,0.3401909514142986,angry,subject_03,subject_03_angry_session_01
15.54,0.2610185492065739,angry,subject_03,subject_03_angry_session_01
15.544,0.21270124291255316,angry,subject_03,subject_03_angry_session_01
15.548,0.3858826177779787,angry,subject_03,subject_03_angry_session_01
15.552,0.2513651128426447,angry,subject_03,subject_03_angry_session_01
15.556,0.22206771167215178,angry,subject_03,subject_03_angry_session_01
15.56,0.31440255792470434,angry,subject_03,subject_03_angry_session_01
15.564,0.3159108573417903,angry,subject_03,subject_03_angry_session_01
15.568,0.31385601446119576,angry,subject_03,subject_03_angry_session_01
15.572,0.33946132950246577,angry,subject_03,subject_03_angry_session_01
15.576,0.14413147417701166,angry,subject_03,subject_03_angry_session_01
15.58,0.30723431585171423,angry,subject_03,subject_03_angry_session_01
15.584,0.2605029581111853,angry,subject_03,subject_03_angry_session_01
15.588,0.26192604304315364,angry,subject_03,subject_03_angry_session_01
15.592,0.2212443126434795,angry,subject_03,subject_03_angry_session_01
15.596,0.2238191090791379,angry,subject_03,subject_03_angry_session_01
15.6,0.2316526569798994,angry,subject_03,subject_03_angry_session_01
15.604,0.2516527333136663,angry,subject_03,subject_03_angry_session_01
15.608,0.10864818600111159,angry,subject_03,subject_03_angry_session_01
15.612,0.28052978613682644,angry,subject_03,subject_03_angry_session_01
15.616,0.29303185809772536,angry,subject_03,subject_03_angry_session_01
15.62,0.2593064053354382,angry,subject_03,subject_03_angry_session_01
15.624,0.263562851797033,angry,subject_03,subject_03_angry_session_01
15.628,0.28310648406024497,angry,subject_03,subject_03_angry_session_01
15.632,0.2363933531006528,angry,subject_03,subject_03_angry_session_01
15.636,0.35049725088162875,angry,subject_03,subject_03_angry_session_01
15.64,0.216781298581201,angry,subject_03,subject_03_angry_session_01
15.644,0.27231749340618683,angry,subject_03,subject_03_angry_session_01
15.648,0.1573223233999745,angry,subject_03,subject_03_angry_session_01
15.652,0.20007855944263006,angry,subject_03,subject_03_angry_session_01
15.656,0.2716133631764115,angry,subject_03,subject_03_angry_session_01
15.66,0.19192297659840615,angry,subject_03,subject_03_angry_session_01
15.664,0.16482853395048436,angry,subject_03,subject_03_angry_session_01
15.668,0.21528971721101497,angry,subject_03,subject_03_angry_session_01
15.672,0.19313119094246586,angry,subject_03,subject_03_angry_session_01
15.676,0.1303585549881277,angry,subject_03,subject_03_angry_session_01
15.68,0.15802252320123356,angry,subject_03,subject_03_angry_session_01
15.684,0.18861973399749773,angry,subject_03,subject_03_angry_session_01
15.688,0.023907220561568104,angry,subject_03,subject_03_angry_session_01
15.692,0.1656520252243456,angry,subject_03,subject_03_angry_session_01
15.696,0.10175260088409599,angry,subject_03,subject_03_angry_session_01
15.7,0.13301692262343146,angry,subject_03,subject_03_angry_session_01
15.704,0.06456371878170813,angry,subject_03,subject_03_angry_session_01
15.708,0.11103269124491287,angry,subject_03,subject_03_angry_session_01
15.712,0.23199213062552992,angry,subject_03,subject_03_angry_session_01
15.716,0.05435824521403961,angry,subject_03,subject_03_angry_session_01
15.72,0.06671814675509416,angry,subject_03,subject_03_angry_session_01
15.724,0.075448091202389,angry,subject_03,subject_03_angry_session_01
15.728,-0.03872305286050365,angry,subject_03,subject_03_angry_session_01
15.732,-0.02400428041948416,angry,subject_03,subject_03_angry_session_01
15.736,0.10493215801882426,angry,subject_03,subject_03_angry_session_01
15.74,0.028310724706707827,angry,subject_03,subject_03_angry_session_01
15.744,0.1640557973548266,angry,subject_03,subject_03_angry_session_01
15.748,-0.0073081541712548895,angry,subject_03,subject_03_angry_session_01
15.752,0.15372246950015803,angry,subject_03,subject_03_angry_session_01
15.756,-0.06924887598465777,angry,subject_03,subject_03_angry_session_01
15.76,0.02039008042677229,angry,subject_03,subject_03_angry_session_01
15.764,-0.02909391084737949,angry,subject_03,subject_03_angry_session_01
15.768,0.06597167618386657,angry,subject_03,subject_03_angry_session_01
15.772,-0.023582037433131083,angry,subject_03,subject_03_angry_session_01
15.776,-0.020389354021017363,angry,subject_03,subject_03_angry_session_01
15.78,0.0026089449031021627,angry,subject_03,subject_03_angry_session_01
15.784,0.15938260726839304,angry,subject_03,subject_03_angry_session_01
15.788,0.08637807412945628,angry,subject_03,subject_03_angry_session_01
15.792,-0.0266160988473042,angry,subject_03,subject_03_angry_session_01
15.796,-0.05822839536466679,angry,subject_03,subject_03_angry_session_01
15.8,-0.055035846064869255,angry,subject_03,subject_03_angry_session_01
15.804,-0.06973103767205399,angry,subject_03,subject_03_angry_session_01
15.808,0.05750656243360665,angry,subject_03,subject_03_angry_session_01
15.812,-0.04972106658402401,angry,subject_03,subject_03_angry_session_01
15.816,0.06648387294242207,angry,subject_03,subject_03_angry_session_01
15.82,0.06490464334245415,angry,subject_03,subject_03_angry_session_01
15.824,-0.018093874936618994,angry,subject_03,subject_03_angry_session_01
15.828,-0.10070986665175968,angry,subject_03,subject_03_angry_session_01
15.832,0.03142639983395581,angry,subject_03,subject_03_angry_session_01
15.836,-0.0944536648783609,angry,subject_03,subject_03_angry_session_01
15.84,-0.019562279549617624,angry,subject_03,subject_03_angry_session_01
15.844,0.07814303746782611,angry,subject_03,subject_03_angry_session_01
15.848,-0.134338642088311,angry,subject_03,subject_03_angry_session_01
15.852,0.04260612910437171,angry,subject_03,subject_03_angry_session_01
15.856,0.09868538982720954,angry,subject_03,subject_03_angry_session_01
15.86,0.21988173285267737,angry,subject_03,subject_03_angry_session_01
15.864,0.30076055150103254,angry,subject_03,subject_03_angry_session_01
15.868,0.6674267773592995,angry,subject_03,subject_03_angry_session_01
15.872,0.7144857965711292,angry,subject_03,subject_03_angry_session_01
15.876,0.7325154098290781,angry,subject_03,subject_03_angry_session_01
15.88,1.00134619688686,angry,subject_03,subject_03_angry_session_01
15.884,1.1282601292438648,angry,subject_03,subject_03_angry_session_01
15.888,1.0846444353618423,angry,subject_03,subject_03_angry_session_01
15.892,1.1581263954281524,angry,subject_03,subject_03_angry_session_01
15.896,0.8515442950995193,angry,subject_03,subject_03_angry_session_01
15.9,0.9166548102330748,angry,subject_03,subject_03_angry_session_01
15.904,0.6743359282855432,angry,subject_03,subject_03_angry_session_01
15.908,0.4642214479918518,angry,subject_03,subject_03_angry_session_01
15.912,0.39896861116437393,angry,subject_03,subject_03_angry_session_01
15.916,0.25086334738674454,angry,subject_03,subject_03_angry_session_01
15.92,0.17900384168001113,angry,subject_03,subject_03_angry_session_01
15.924,0.09469177128803825,angry,subject_03,subject_03_angry_session_01
15.928,-0.03629999206750965,angry,subject_03,subject_03_angry_session_01
15.932,-0.15614334683577294,angry,subject_03,subject_03_angry_session_01
15.936,-0.16764318018999028,angry,subject_03,subject_03_angry_session_01
15.94,-0.14933789934068453,angry,subject_03,subject_03_angry_session_01
15.944,-0.055244154898584835,angry,subject_03,subject_03_angry_session_01
15.948,0.001613614711963798,angry,subject_03,subject_03_angry_session_01
15.952,0.0329637839411865,angry,subject_03,subject_03_angry_session_01
15.956,0.04413068237503581,angry,subject_03,subject_03_angry_session_01
15.96,-0.03279287812654477,angry,subject_03,subject_03_angry_session_01
15.964,0.10413846701854627,angry,subject_03,subject_03_angry_session_01
15.968,0.12266058093766932,angry,subject_03,subject_03_angry_session_01
15.972,-0.030761919018664836,angry,subject_03,subject_03_angry_session_01
15.976,0.027419416402257476,angry,subject_03,subject_03_angry_session_01
15.98,0.07868349043373297,angry,subject_03,subject_03_angry_session_01
15.984,0.12938578276063872,angry,subject_03,subject_03_angry_session_01
15.988,0.08252064869663209,angry,subject_03,subject_03_angry_session_01
15.992,0.015328121594677578,angry,subject_03,subject_03_angry_session_01
15.996,-0.005308192362190475,angry,subject_03,subject_03_angry_session_01
16.0,-0.003250222776013216,angry,subject_03,subject_03_angry_session_01
16.004,0.05184633195112637,angry,subject_03,subject_03_angry_session_01
16.008,0.042529271604078475,angry,subject_03,subject_03_angry_session_01
16.012,0.0026515195092646215,angry,subject_03,subject_03_angry_session_01
16.016,0.1291396231042882,angry,subject_03,subject_03_angry_session_01
16.02,0.07221286515667931,angry,subject_03,subject_03_angry_session_01
16.024,0.12658484841030349,angry,subject_03,subject_03_angry_session_01
16.028,0.02976757078866865,angry,subject_03,subject_03_angry_session_01
16.032,0.17600118382942775,angry,subject_03,subject_03_angry_session_01
16.036,0.1730867536952293,angry,subject_03,subject_03_angry_session_01
16.04,0.20065892162634352,angry,subject_03,subject_03_angry_session_01
16.044,0.13230279090997052,angry,subject_03,subject_03_angry_session_01
16.048,0.13365830673333084,angry,subject_03,subject_03_angry_session_01
16.052,0.19387817420295347,angry,subject_03,subject_03_angry_session_01
16.056,0.24247395145830053,angry,subject_03,subject_03_angry_session_01
16.06,0.17187635412924446,angry,subject_03,subject_03_angry_session_01
16.064,0.08800514013377186,angry,subject_03,subject_03_angry_session_01
16.068,0.1629346738250141,angry,subject_03,subject_03_angry_session_01
16.072,0.2797639123586533,angry,subject_03,subject_03_angry_session_01
16.076,0.2531029446935397,angry,subject_03,subject_03_angry_session_01
16.08,0.2333156055635059,angry,subject_03,subject_03_angry_session_01
16.084,0.19698793351159993,angry,subject_03,subject_03_angry_session_01
16.088,0.3324366959710202,angry,subject_03,subject_03_angry_session_01
16.092,0.17513997740168027,angry,subject_03,subject_03_angry_session_01
16.096,0.2449639250099214,angry,subject_03,subject_03_angry_session_01
16.1,0.27910007851644897,angry,subject_03,subject_03_angry_session_01
16.104,0.2818450546112856,angry,subject_03,subject_03_angry_session_01
16.108,0.21393496252238584,angry,subject_03,subject_03_angry_session_01
16.112,0.3160691614287108,angry,subject_03,subject_03_angry_session_01
16.116,0.3064404865280012,angry,subject_03,subject_03_angry_session_01
16.12,0.2853868098220467,angry,subject_03,subject_03_angry_session_01
16.124,0.30314803413501024,angry,subject_03,subject_03_angry_session_01
16.128,0.24787067467555735,angry,subject_03,subject_03_angry_session_01
16.132,0.39346606139873846,angry,subject_03,subject_03_angry_session_01
16.136,0.3646821469020357,angry,subject_03,subject_03_angry_session_01
16.14,0.24485963989511586,angry,subject_03,subject_03_angry_session_01
16.144,0.2747590159025234,angry,subject_03,subject_03_angry_session_01
16.148,0.35335934143673764,angry,subject_03,subject_03_angry_session_01
16.152,0.3235204391883957,angry,subject_03,subject_03_angry_session_01
16.156,0.2902339928592889,angry,subject_03,subject_03_angry_session_01
16.16,0.22201023656976945,angry,subject_03,subject_03_angry_session_01
16.164,0.2261188800392643,angry,subject_03,subject_03_angry_session_01
16.168,0.28208640316670447,angry,subject_03,subject_03_angry_session_01
16.172,0.3753016626871961,angry,subject_03,subject_03_angry_session_01
16.176,0.3422741358365893,angry,subject_03,subject_03_angry_session_01
16.18,0.30712883728709994,angry,subject_03,subject_03_angry_session_01
16.184,0.3112309075081832,angry,subject_03,subject_03_angry_session_01
16.188,0.12600407657889692,angry,subject_03,subject_03_angry_session_01
16.192,0.27901083082248224,angry,subject_03,subject_03_angry_session_01
16.196,0.27542401199748756,angry,subject_03,subject_03_angry_session_01
16.2,0.16603838265601786,angry,subject_03,subject_03_angry_session_01
16.204,0.3853174558353163,angry,subject_03,subject_03_angry_session_01
16.208,0.2765523985337214,angry,subject_03,subject_03_angry_session_01
16.212,0.27984564861302275,angry,subject_03,subject_03_angry_session_01
16.216,0.19784767596257433,angry,subject_03,subject_03_angry_session_01
16.22,0.2563397386469252,angry,subject_03,subject_03_angry_session_01
16.224,0.2467679571459124,angry,subject_03,subject_03_angry_session_01
16.228,0.35008340507020963,angry,subject_03,subject_03_angry_session_01
16.232,0.28936362629641366,angry,subject_03,subject_03_angry_session_01
16.236,0.24015778283460598,angry,subject_03,subject_03_angry_session_01
16.24,0.13372742776281527,angry,subject_03,subject_03_angry_session_01
16.244,0.14531489452065566,angry,subject_03,subject_03_angry_session_01
16.248,0.06179501128012929,angry,subject_03,subject_03_angry_session_01
16.252,0.1912015309564542,angry,subject_03,subject_03_angry_session_01
16.256,0.23696509223603035,angry,subject_03,subject_03_angry_session_01
16.26,0.2048508891378868,angry,subject_03,subject_03_angry_session_01
16.264,0.23260302493799254,angry,subject_03,subject_03_angry_session_01
16.268,0.31567466345968864,angry,subject_03,subject_03_angry_session_01
16.272,0.1228410750669137,angry,subject_03,subject_03_angry_session_01
16.276,0.11480756644073603,angry,subject_03,subject_03_angry_session_01
16.28,0.17147632867835294,angry,subject_03,subject_03_angry_session_01
16.284,0.0617681311611331,angry,subject_03,subject_03_angry_session_01
16.288,0.14337057206942302,angry,subject_03,subject_03_angry_session_01
16.292,0.11079856586284947,angry,subject_03,subject_03_angry_session_01
16.296,0.05296063478713818,angry,subject_03,subject_03_angry_session_01
16.3,0.04265182584121764,angry,subject_03,subject_03_angry_session_01
16.304,0.08039569280162324,angry,subject_03,subject_03_angry_session_01
16.308,0.061979674888678955,angry,subject_03,subject_03_angry_session_01
16.312,0.07393546997339052,angry,subject_03,subject_03_angry_session_01
16.316,0.16822988964312596,angry,subject_03,subject_03_angry_session_01
16.32,0.14312459976832753,angry,subject_03,subject_03_angry_session_01
16.324,0.09691349216154838,angry,subject_03,subject_03_angry_session_01
16.328,0.10744564012005278,angry,subject_03,subject_03_angry_session_01
16.332,-0.00038066713435136457,angry,subject_03,subject_03_angry_session_01
16.336,0.09240332656676667,angry,subject_03,subject_03_angry_session_01
16.34,-0.009893456069601236,angry,subject_03,subject_03_angry_session_01
16.344,0.08140080391319933,angry,subject_03,subject_03_angry_session_01
16.348,0.15174388430112487,angry,subject_03,subject_03_angry_session_01
16.352,0.09846534595067277,angry,subject_03,subject_03_angry_session_01
16.356,0.0889646101550832,angry,subject_03,subject_03_angry_session_01
16.36,-0.030998161493751286,angry,subject_03,subject_03_angry_session_01
16.364,0.030473875313292736,angry,subject_03,subject_03_angry_session_01
16.368,0.0462686803171872,angry,subject_03,subject_03_angry_session_01
16.372,0.09077893715593759,angry,subject_03,subject_03_angry_session_01
16.376,-0.01635896530193339,angry,subject_03,subject_03_angry_session_01
16.38,0.02027223363516588,angry,subject_03,subject_03_angry_session_01
16.384,0.1226507552073531,angry,subject_03,subject_03_angry_session_01
16.388,0.028058804022152363,angry,subject_03,subject_03_angry_session_01
16.392,-0.1113194682383632,angry,subject_03,subject_03_angry_session_01
16.396,-0.04532084940731136,angry,subject_03,subject_03_angry_session_01
16.4,-0.019771159408381905,angry,subject_03,subject_03_angry_session_01
16.404,-0.04396908979817586,angry,subject_03,subject_03_angry_session_01
16.408,0.028331553345023117,angry,subject_03,subject_03_angry_session_01
16.412,0.07902021012848348,angry,subject_03,subject_03_angry_session_01
16.416,0.09315224928534721,angry,subject_03,subject_03_angry_session_01
16.42,0.11339138650436195,angry,subject_03,subject_03_angry_session_01
16.424,0.031347601217676366,angry,subject_03,subject_03_angry_session_01
16.428,0.11877367524325301,angry,subject_03,subject_03_angry_session_01
16.432,0.2238494486004768,angry,subject_03,subject_03_angry_session_01
16.436,0.5327894575419753,angry,subject_03,subject_03_angry_session_01
16.44,0.5316149936927338,angry,subject_03,subject_03_angry_session_01
16.444,0.6609858020942684,angry,subject_03,subject_03_angry_session_01
16.448,0.772287247979031,angry,subject_03,subject_03_angry_session_01
16.452,1.0357712623515665,angry,subject_03,subject_03_angry_session_01
16.456,0.9885959165384377,angry,subject_03,subject_03_angry_session_01
16.46,1.1299251739191907,angry,subject_03,subject_03_angry_session_01
16.464,1.1045886394444089,angry,subject_03,subject_03_angry_session_01
16.468,1.0269599061823622,angry,subject_03,subject_03_angry_session_01
16.472,1.050158277214,angry,subject_03,subject_03_angry_session_01
16.476,0.8198991761420751,angry,subject_03,subject_03_angry_session_01
16.48,0.6802013966726997,angry,subject_03,subject_03_angry_session_01
16.484,0.37691740201693175,angry,subject_03,subject_03_angry_session_01
16.488,0.35317266115915136,angry,subject_03,subject_03_angry_session_01
16.492,0.24449245315616552,angry,subject_03,subject_03_angry_session_01
16.496,0.08079388041955456,angry,subject_03,subject_03_angry_session_01
16.5,-0.02342977455483792,angry,subject_03,subject_03_angry_session_01
16.504,-0.07515204889807581,angry,subject_03,subject_03_angry_session_01
16.508,-0.031248610463765723,angry,subject_03,subject_03_angry_session_01
16.512,-0.035548980121594714,angry,subject_03,subject_03_angry_session_01
16.516,-0.04416849603487792,angry,subject_03,subject_03_angry_session_01
16.52,0.036933590386661004,angry,subject_03,subject_03_angry_session_01
16.524,0.03481440745773354,angry,subject_03,subject_03_angry_session_01
16.528,0.010763701733148702,angry,subject_03,subject_03_angry_session_01
16.532,0.019739928509346378,angry,subject_03,subject_03_angry_session_01
16.536,-0.055290507720048794,angry,subject_03,subject_03_angry_session_01
16.54,0.041643714368444204,angry,subject_03,subject_03_angry_session_01
16.544,-0.0191787949039997,angry,subject_03,subject_03_angry_session_01
16.548,0.03581744300910128,angry,subject_03,subject_03_angry_session_01
16.552,0.08080335854087722,angry,subject_03,subject_03_angry_session_01
16.556,-0.04438464251811908,angry,subject_03,subject_03_angry_session_01
16.56,0.05357588692255849,angry,subject_03,subject_03_angry_session_01
16.564,0.09610166075394132,angry,subject_03,subject_03_angry_session_01
16.568,-0.012298102374419764,angry,subject_03,subject_03_angry_session_01
16.572,0.04800266127476516,angry,subject_03,subject_03_angry_session_01
16.576,0.00995299445881083,angry,subject_03,subject_03_angry_session_01
16.58,0.14804077712388763,angry,subject_03,subject_03_angry_session_01
16.584,0.06378049221567164,angry,subject_03,subject_03_angry_session_01
16.588,0.06723956522399868,angry,subject_03,subject_03_angry_session_01
16.592,0.16583783341142233,angry,subject_03,subject_03_angry_session_01
16.596,0.10607800833683453,angry,subject_03,subject_03_angry_session_01
16.6,0.23711594816203016,angry,subject_03,subject_03_angry_session_01
16.604,0.1678498814680471,angry,subject_03,subject_03_angry_session_01
16.608,0.17086174333469906,angry,subject_03,subject_03_angry_session_01
16.612,0.18071712166175527,angry,subject_03,subject_03_angry_session_01
16.616,0.2373370537135696,angry,subject_03,subject_03_angry_session_01
16.62,-0.018933549213473816,angry,subject_03,subject_03_angry_session_01
16.624,0.21714702254113485,angry,subject_03,subject_03_angry_session_01
16.628,0.1349237728110302,angry,subject_03,subject_03_angry_session_01
16.632,0.12130023152956608,angry,subject_03,subject_03_angry_session_01
16.636,0.19232910495955632,angry,subject_03,subject_03_angry_session_01
16.64,0.2039985184717614,angry,subject_03,subject_03_angry_session_01
16.644,0.11233130179678803,angry,subject_03,subject_03_angry_session_01
16.648,0.15426735538130898,angry,subject_03,subject_03_angry_session_01
16.652,0.14875746338202472,angry,subject_03,subject_03_angry_session_01
16.656,0.19084443355886327,angry,subject_03,subject_03_angry_session_01
16.66,0.2790610676220536,angry,subject_03,subject_03_angry_session_01
16.664,0.23313046767942092,angry,subject_03,subject_03_angry_session_01
16.668,0.27999815325195054,angry,subject_03,subject_03_angry_session_01
16.672,0.2216456445392358,angry,subject_03,subject_03_angry_session_01
16.676,0.35695965077066566,angry,subject_03,subject_03_angry_session_01
16.68,0.2532100770872987,angry,subject_03,subject_03_angry_session_01
16.684,0.3392796818800343,angry,subject_03,subject_03_angry_session_01
16.688,0.293763837579008,angry,subject_03,subject_03_angry_session_01
16.692,0.24720064927190089,angry,subject_03,subject_03_angry_session_01
16.696,0.4271702595378994,angry,subject_03,subject_03_angry_session_01
16.7,0.3739689540764495,angry,subject_03,subject_03_angry_session_01
16.704,0.28905680572090153,angry,subject_03,subject_03_angry_session_01
16.708,0.3586585166748881,angry,subject_03,subject_03_angry_session_01
16.712,0.3033600689936914,angry,subject_03,subject_03_angry_session_01
16.716,0.28829425310034473,angry,subject_03,subject_03_angry_session_01
16.72,0.26232998187278167,angry,subject_03,subject_03_angry_session_01
16.724,0.303051852263231,angry,subject_03,subject_03_angry_session_01
16.728,0.3213042335008228,angry,subject_03,subject_03_angry_session_01
16.732,0.313761490555104,angry,subject_03,subject_03_angry_session_01
16.736,0.33374039911628706,angry,subject_03,subject_03_angry_session_01
16.74,0.2951545598750996,angry,subject_03,subject_03_angry_session_01
16.744,0.21577299660145532,angry,subject_03,subject_03_angry_session_01
16.748,0.31508906127102476,angry,subject_03,subject_03_angry_session_01
16.752,0.2440824726253378,angry,subject_03,subject_03_angry_session_01
16.756,0.18447423926462272,angry,subject_03,subject_03_angry_session_01
16.76,0.26628217227670425,angry,subject_03,subject_03_angry_session_01
16.764,0.2450759284128614,angry,subject_03,subject_03_angry_session_01
16.768,0.2226838255251095,angry,subject_03,subject_03_angry_session_01
16.772,0.1916617563160049,angry,subject_03,subject_03_angry_session_01
16.776,0.2836509401981805,angry,subject_03,subject_03_angry_session_01
16.78,0.22417349861378524,angry,subject_03,subject_03_angry_session_01
16.784,0.20446714543289596,angry,subject_03,subject_03_angry_session_01
16.788,0.28141993958143063,angry,subject_03,subject_03_angry_session_01
16.792,0.24230678878532136,angry,subject_03,subject_03_angry_session_01
16.796,0.27321354866780084,angry,subject_03,subject_03_angry_session_01
16.8,0.2390743844912131,angry,subject_03,subject_03_angry_session_01
16.804,0.26651251325307324,angry,subject_03,subject_03_angry_session_01
16.808,0.1541360647538752,angry,subject_03,subject_03_angry_session_01
16.812,0.32512831042486595,angry,subject_03,subject_03_angry_session_01
16.816,0.13059612892624411,angry,subject_03,subject_03_angry_session_01
16.82,0.28097284750325474,angry,subject_03,subject_03_angry_session_01
16.824,0.21801254314653845,angry,subject_03,subject_03_angry_session_01
16.828,0.35069804285179007,angry,subject_03,subject_03_angry_session_01
16.832,0.21756179148126054,angry,subject_03,subject_03_angry_session_01
16.836,0.2490313436339486,angry,subject_03,subject_03_angry_session_01
16.84,0.07757506269834219,angry,subject_03,subject_03_angry_session_01
16.844,0.26936918526489867,angry,subject_03,subject_03_angry_session_01
16.848,0.21526311057815226,angry,subject_03,subject_03_angry_session_01
16.852,0.07216613139175436,angry,subject_03,subject_03_angry_session_01
16.856,0.13079600685977605,angry,subject_03,subject_03_angry_session_01
16.86,0.14381716285411233,angry,subject_03,subject_03_angry_session_01
16.864,0.21920801477678242,angry,subject_03,subject_03_angry_session_01
16.868,0.12847925204562366,angry,subject_03,subject_03_angry_session_01
16.872,0.058657196890256766,angry,subject_03,subject_03_angry_session_01
16.876,0.09987294690583125,angry,subject_03,subject_03_angry_session_01
16.88,0.15147572682518878,angry,subject_03,subject_03_angry_session_01
16.884,0.10369984076334506,angry,subject_03,subject_03_angry_session_01
16.888,0.14179767625726983,angry,subject_03,subject_03_angry_session_01
16.892,-0.05175548569711756,angry,subject_03,subject_03_angry_session_01
16.896,0.19690503738218446,angry,subject_03,subject_03_angry_session_01
16.9,0.07881789574881974,angry,subject_03,subject_03_angry_session_01
16.904,0.09348403031297894,angry,subject_03,subject_03_angry_session_01
16.908,0.12041795947733444,angry,subject_03,subject_03_angry_session_01
16.912,0.13917515362416075,angry,subject_03,subject_03_angry_session_01
16.916,0.12766206293948135,angry,subject_03,subject_03_angry_session_01
16.92,0.006875862404321392,angry,subject_03,subject_03_angry_session_01
16.924,-0.0496866926310751,angry,subject_03,subject_03_angry_session_01
16.928,0.07755493783638513,angry,subject_03,subject_03_angry_session_01
16.932,0.11633107491014244,angry,subject_03,subject_03_angry_session_01
16.936,0.07233435560727768,angry,subject_03,subject_03_angry_session_01
16.94,-0.08505747028581748,angry,subject_03,subject_03_angry_session_01
16.944,0.1615050586724047,angry,subject_03,subject_03_angry_session_01
16.948,0.005520961609143983,angry,subject_03,subject_03_angry_session_01
16.952,0.08713924644289965,angry,subject_03,subject_03_angry_session_01
16.956,-0.07981658914202289,angry,subject_03,subject_03_angry_session_01
16.96,0.11750571841933022,angry,subject_03,subject_03_angry_session_01
16.964,0.09251645523334855,angry,subject_03,subject_03_angry_session_01
16.968,0.005390479886248082,angry,subject_03,subject_03_angry_session_01
16.972,0.10655430018015655,angry,subject_03,subject_03_angry_session_01
16.976,0.03715921901020988,angry,subject_03,subject_03_angry_session_01
16.98,0.07229305941285513,angry,subject_03,subject_03_angry_session_01
16.984,0.011328493967855655,angry,subject_03,subject_03_angry_session_01
16.988,-0.024401761716179693,angry,subject_03,subject_03_angry_session_01
16.992,0.13663839982926101,angry,subject_03,subject_03_angry_session_01
16.996,0.08371902650614264,angry,subject_03,subject_03_angry_session_01
17.0,0.02501123529976086,angry,subject_03,subject_03_angry_session_01
17.004,0.2011982089413881,angry,subject_03,subject_03_angry_session_01
17.008,0.34968067529513946,angry,subject_03,subject_03_angry_session_01
17.012,0.5164939561154449,angry,subject_03,subject_03_angry_session_01
17.016,0.7367884103686694,angry,subject_03,subject_03_angry_session_01
17.02,0.8065621632899134,angry,subject_03,subject_03_angry_session_01
17.024,0.8724660709288148,angry,subject_03,subject_03_angry_session_01
17.028,1.020025830129905,angry,subject_03,subject_03_angry_session_01
17.032,1.1836680939825799,angry,subject_03,subject_03_angry_session_01
17.036,1.081637351571952,angry,subject_03,subject_03_angry_session_01
17.04,1.0964703595567549,angry,subject_03,subject_03_angry_session_01
17.044,0.9624435759395122,angry,subject_03,subject_03_angry_session_01
17.048,0.8370723670098981,angry,subject_03,subject_03_angry_session_01
17.052,0.6796146830348221,angry,subject_03,subject_03_angry_session_01
17.056,0.534987427558233,angry,subject_03,subject_03_angry_session_01
17.06,0.34877502290605994,angry,subject_03,subject_03_angry_session_01
17.064,0.11807153153282512,angry,subject_03,subject_03_angry_session_01
17.068,0.17800359551357953,angry,subject_03,subject_03_angry_session_01
17.072,0.09573052915622836,angry,subject_03,subject_03_angry_session_01
17.076,-0.00021902525116282087,angry,subject_03,subject_03_angry_session_01
17.08,0.04775629448569493,angry,subject_03,subject_03_angry_session_01
17.084,0.020788577763784337,angry,subject_03,subject_03_angry_session_01
17.088,0.03759313569082958,angry,subject_03,subject_03_angry_session_01
17.092,0.025919836664902888,angry,subject_03,subject_03_angry_session_01
17.096,0.06719201303607786,angry,subject_03,subject_03_angry_session_01
17.1,-0.027714467661501457,angry,subject_03,subject_03_angry_session_01
17.104,0.023364315860157362,angry,subject_03,subject_03_angry_session_01
17.108,-0.03815622213193341,angry,subject_03,subject_03_angry_session_01
17.112,-0.017005258054516637,angry,subject_03,subject_03_angry_session_01
17.116,0.13309191493027567,angry,subject_03,subject_03_angry_session_01
17.12,0.08688213259238904,angry,subject_03,subject_03_angry_session_01
17.124,0.03557635741601546,angry,subject_03,subject_03_angry_session_01
17.128,0.011177129593286178,angry,subject_03,subject_03_angry_session_01
17.132,-0.009749197091326031,angry,subject_03,subject_03_angry_session_01
17.136,0.004664611830392643,angry,subject_03,subject_03_angry_session_01
17.14,0.04460677651341451,angry,subject_03,subject_03_angry_session_01
17.144,-0.08359272514765465,angry,subject_03,subject_03_angry_session_01
17.148,0.14617581472729485,angry,subject_03,subject_03_angry_session_01
17.152,0.11625248849847297,angry,subject_03,subject_03_angry_session_01
17.156,0.12838309154167699,angry,subject_03,subject_03_angry_session_01
17.16,0.14753625970442807,angry,subject_03,subject_03_angry_session_01
17.164,0.11381499238191928,angry,subject_03,subject_03_angry_session_01
17.168,0.1354319546449181,angry,subject_03,subject_03_angry_session_01
17.172,0.12681547635196222,angry,subject_03,subject_03_angry_session_01
17.176,0.22381194170073943,angry,subject_03,subject_03_angry_session_01
17.18,0.0897234293220809,angry,subject_03,subject_03_angry_session_01
17.184,0.20150824383301183,angry,subject_03,subject_03_angry_session_01
17.188,0.09478133087931795,angry,subject_03,subject_03_angry_session_01
17.192,0.09753849874438972,angry,subject_03,subject_03_angry_session_01
17.196,0.08704305148064036,angry,subject_03,subject_03_angry_session_01
17.2,0.06804388795227181,angry,subject_03,subject_03_angry_session_01
17.204,0.20725483520127802,angry,subject_03,subject_03_angry_session_01
17.208,0.13839549645207214,angry,subject_03,subject_03_angry_session_01
17.212,0.22806980960508277,angry,subject_03,subject_03_angry_session_01
17.216,0.31487284633846624,angry,subject_03,subject_03_angry_session_01
17.22,0.19728276440588963,angry,subject_03,subject_03_angry_session_01
17.224,0.25473311358129336,angry,subject_03,subject_03_angry_session_01
17.228,0.30238196600418005,angry,subject_03,subject_03_angry_session_01
17.232,0.26530950016104987,angry,subject_03,subject_03_angry_session_01
17.236,0.26257878892265235,angry,subject_03,subject_03_angry_session_01
17.24,0.16094704687852557,angry,subject_03,subject_03_angry_session_01
17.244,0.2755227672017633,angry,subject_03,subject_03_angry_session_01
17.248,0.31096465722704925,angry,subject_03,subject_03_angry_session_01
17.252,0.38846030945708954,angry,subject_03,subject_03_angry_session_01
17.256,0.26287482357509934,angry,subject_03,subject_03_angry_session_01
17.26,0.36267896769024777,angry,subject_03,subject_03_angry_session_01
17.264,0.25603153136233814,angry,subject_03,subject_03_angry_session_01
17.268,0.35258898105773584,angry,subject_03,subject_03_angry_session_01
17.272,0.24944092168346288,angry,subject_03,subject_03_angry_session_01
17.276,0.3090493899447486,angry,subject_03,subject_03_angry_session_01
17.28,0.2638907625537607,angry,subject_03,subject_03_angry_session_01
17.284,0.30458070128042486,angry,subject_03,subject_03_angry_session_01
17.288,0.30481278031077375,angry,subject_03,subject_03_angry_session_01
17.292,0.3099284279934167,angry,subject_03,subject_03_angry_session_01
17.296,0.256031078216989,angry,subject_03,subject_03_angry_session_01
17.3,0.29967739740623117,angry,subject_03,subject_03_angry_session_01
17.304,0.3214823346600098,angry,subject_03,subject_03_angry_session_01
17.308,0.2792681922530918,angry,subject_03,subject_03_angry_session_01
17.312,0.24436268935392574,angry,subject_03,subject_03_angry_session_01
17.316,0.24884094242846644,angry,subject_03,subject_03_angry_session_01
17.32,0.35036485232972725,angry,subject_03,subject_03_angry_session_01
17.324,0.2883021944454941,angry,subject_03,subject_03_angry_session_01
17.328,0.36838134940912026,angry,subject_03,subject_03_angry_session_01
17.332,0.2667181416285345,angry,subject_03,subject_03_angry_session_01
17.336,0.2689627108226034,angry,subject_03,subject_03_angry_session_01
17.34,0.3067723625711174,angry,subject_03,subject_03_angry_session_01
17.344,0.30448151388748185,angry,subject_03,subject_03_angry_session_01
17.348,0.34827179397181407,angry,subject_03,subject_03_angry_session_01
17.352,0.13504524502644102,angry,subject_03,subject_03_angry_session_01
17.356,0.2902609948477068,angry,subject_03,subject_03_angry_session_01
17.36,0.1947484822518677,angry,subject_03,subject_03_angry_session_01
17.364,0.2481444463287437,angry,subject_03,subject_03_angry_session_01
17.368,0.18584331183174468,angry,subject_03,subject_03_angry_session_01
17.372,0.26218406300956704,angry,subject_03,subject_03_angry_session_01
17.376,0.18206719423211035,angry,subject_03,subject_03_angry_session_01
17.38,0.12855746946147922,angry,subject_03,subject_03_angry_session_01
17.384,0.16950650731316422,angry,subject_03,subject_03_angry_session_01
17.388,0.30338617084488884,angry,subject_03,subject_03_angry_session_01
17.392,0.27080792116919694,angry,subject_03,subject_03_angry_session_01
17.396,0.30203067038007714,angry,subject_03,subject_03_angry_session_01
17.4,0.10312999173286624,angry,subject_03,subject_03_angry_session_01
17.404,0.32187722786633,angry,subject_03,subject_03_angry_session_01
17.408,0.3519546864426272,angry,subject_03,subject_03_angry_session_01
17.412,0.13954413094616142,angry,subject_03,subject_03_angry_session_01
17.416,0.21766106651838918,angry,subject_03,subject_03_angry_session_01
17.42,0.14998419096775303,angry,subject_03,subject_03_angry_session_01
17.424,0.22616197486476342,angry,subject_03,subject_03_angry_session_01
17.428,0.26999318712674747,angry,subject_03,subject_03_angry_session_01
17.432,0.10364729694347313,angry,subject_03,subject_03_angry_session_01
17.436,0.07470573506611586,angry,subject_03,subject_03_angry_session_01
17.44,0.12901604136258535,angry,subject_03,subject_03_angry_session_01
17.444,0.35377547782931495,angry,subject_03,subject_03_angry_session_01
17.448,0.1770882615404708,angry,subject_03,subject_03_angry_session_01
17.452,0.14777000224706355,angry,subject_03,subject_03_angry_session_01
17.456,0.17076217667847954,angry,subject_03,subject_03_angry_session_01
17.46,0.1707764625930271,angry,subject_03,subject_03_angry_session_01
17.464,0.11282906233498649,angry,subject_03,subject_03_angry_session_01
17.468,0.08195430984521657,angry,subject_03,subject_03_angry_session_01
17.472,0.04326833273443559,angry,subject_03,subject_03_angry_session_01
17.476,0.08443389930235708,angry,subject_03,subject_03_angry_session_01
17.48,0.13377271702080637,angry,subject_03,subject_03_angry_session_01
17.484,0.12451032286006525,angry,subject_03,subject_03_angry_session_01
17.488,0.021308643363505346,angry,subject_03,subject_03_angry_session_01
17.492,0.042810839097872685,angry,subject_03,subject_03_angry_session_01
17.496,-0.026285340358085482,angry,subject_03,subject_03_angry_session_01
17.5,0.10629287260861625,angry,subject_03,subject_03_angry_session_01
17.504,0.06963769069793202,angry,subject_03,subject_03_angry_session_01
17.508,0.019204229506512342,angry,subject_03,subject_03_angry_session_01
17.512,0.007881817964936522,angry,subject_03,subject_03_angry_session_01
17.516,-0.027188307013886692,angry,subject_03,subject_03_angry_session_01
17.52,0.03406589178768697,angry,subject_03,subject_03_angry_session_01
17.524,0.11727983968180197,angry,subject_03,subject_03_angry_session_01
17.528,-0.020824279743888254,angry,subject_03,subject_03_angry_session_01
17.532,-0.05762873638161968,angry,subject_03,subject_03_angry_session_01
17.536,0.030899479319643083,angry,subject_03,subject_03_angry_session_01
17.54,0.09341029410954257,angry,subject_03,subject_03_angry_session_01
17.544,0.07817878540860314,angry,subject_03,subject_03_angry_session_01
17.548,0.09078536631915285,angry,subject_03,subject_03_angry_session_01
17.552,-0.017128361935444016,angry,subject_03,subject_03_angry_session_01
17.556,0.06268134461539668,angry,subject_03,subject_03_angry_session_01
17.56,0.029402369183182942,angry,subject_03,subject_03_angry_session_01
17.564,-0.004113187480630335,angry,subject_03,subject_03_angry_session_01
17.568,0.03232112832770589,angry,subject_03,subject_03_angry_session_01
17.572,0.12125881974732747,angry,subject_03,subject_03_angry_session_01
17.576,0.17708685234292312,angry,subject_03,subject_03_angry_session_01
17.58,0.2784087045248237,angry,subject_03,subject_03_angry_session_01
17.584,0.4177441179321287,angry,subject_03,subject_03_angry_session_01
17.588,0.5062030675482111,angry,subject_03,subject_03_angry_session_01
17.592,0.6126451278832514,angry,subject_03,subject_03_angry_session_01
17.596,0.8052320419753876,angry,subject_03,subject_03_angry_session_01
17.6,1.030627594694121,angry,subject_03,subject_03_angry_session_01
17.604,0.9839988995307677,angry,subject_03,subject_03_angry_session_01
17.608,1.111012192823038,angry,subject_03,subject_03_angry_session_01
17.612,1.1033284318520913,angry,subject_03,subject_03_angry_session_01
17.616,1.0659261365221,angry,subject_03,subject_03_angry_session_01
17.62,0.8261701023974168,angry,subject_03,subject_03_angry_session_01
17.624,0.6137785766234183,angry,subject_03,subject_03_angry_session_01
17.628,0.5442143666119158,angry,subject_03,subject_03_angry_session_01
17.632,0.44255682466537094,angry,subject_03,subject_03_angry_session_01
17.636,0.3394529128115991,angry,subject_03,subject_03_angry_session_01
17.64,0.09150414793388646,angry,subject_03,subject_03_angry_session_01
17.644,-0.008601542022546663,angry,subject_03,subject_03_angry_session_01
17.648,0.0014016978068622215,angry,subject_03,subject_03_angry_session_01
17.652,0.08680357180911061,angry,subject_03,subject_03_angry_session_01
17.656,-0.013501553795343006,angry,subject_03,subject_03_angry_session_01
17.66,0.0012481694753295712,angry,subject_03,subject_03_angry_session_01
17.664,0.10243506583895116,angry,subject_03,subject_03_angry_session_01
17.668,0.05694697325072651,angry,subject_03,subject_03_angry_session_01
17.672,0.02443903686900239,angry,subject_03,subject_03_angry_session_01
17.676,-0.042775598221166035,angry,subject_03,subject_03_angry_session_01
17.68,0.036092755409355574,angry,subject_03,subject_03_angry_session_01
17.684,0.08030540164238863,angry,subject_03,subject_03_angry_session_01
17.688,-0.021486224904556386,angry,subject_03,subject_03_angry_session_01
17.692,0.10061853233580748,angry,subject_03,subject_03_angry_session_01
17.696,0.041343650098164104,angry,subject_03,subject_03_angry_session_01
17.7,0.03891898955822437,angry,subject_03,subject_03_angry_session_01
17.704,-0.00045736422403942073,angry,subject_03,subject_03_angry_session_01
17.708,0.08053075857738454,angry,subject_03,subject_03_angry_session_01
17.712,0.10477701992986549,angry,subject_03,subject_03_angry_session_01
17.716,0.004201914994267281,angry,subject_03,subject_03_angry_session_01
17.72,0.104375522583226,angry,subject_03,subject_03_angry_session_01
17.724,0.13238439313059214,angry,subject_03,subject_03_angry_session_01
17.728,0.1346885193926582,angry,subject_03,subject_03_angry_session_01
17.732,0.10384899308571141,angry,subject_03,subject_03_angry_session_01
17.736,0.07687328581128146,angry,subject_03,subject_03_angry_session_01
17.74,0.08685590608009774,angry,subject_03,subject_03_angry_session_01
17.744,0.025782711085828594,angry,subject_03,subject_03_angry_session_01
17.748,0.07861428013533972,angry,subject_03,subject_03_angry_session_01
17.752,0.10603470256439271,angry,subject_03,subject_03_angry_session_01
17.756,0.08252347689788471,angry,subject_03,subject_03_angry_session_01
17.76,0.14744861132062304,angry,subject_03,subject_03_angry_session_01
17.764,0.23597978023783212,angry,subject_03,subject_03_angry_session_01
17.768,0.25465198915085396,angry,subject_03,subject_03_angry_session_01
17.772,0.1273850166824502,angry,subject_03,subject_03_angry_session_01
17.776,0.27626000716021404,angry,subject_03,subject_03_angry_session_01
17.78,0.24664484713444346,angry,subject_03,subject_03_angry_session_01
17.784,0.1451194313387349,angry,subject_03,subject_03_angry_session_01
17.788,0.22488389488117877,angry,subject_03,subject_03_angry_session_01
17.792,0.20168190336738945,angry,subject_03,subject_03_angry_session_01
17.796,0.08722687211387926,angry,subject_03,subject_03_angry_session_01
17.8,0.14182672888956777,angry,subject_03,subject_03_angry_session_01
17.804,0.2685138938025721,angry,subject_03,subject_03_angry_session_01
17.808,0.13992616794956433,angry,subject_03,subject_03_angry_session_01
17.812,0.3481365916998191,angry,subject_03,subject_03_angry_session_01
17.816,0.30651031082433006,angry,subject_03,subject_03_angry_session_01
17.82,0.29346050923719663,angry,subject_03,subject_03_angry_session_01
17.824,0.1645704630061289,angry,subject_03,subject_03_angry_session_01
17.828,0.32597398150688583,angry,subject_03,subject_03_angry_session_01
17.832,0.3254551930445828,angry,subject_03,subject_03_angry_session_01
17.836,0.3258830797876893,angry,subject_03,subject_03_angry_session_01
17.84,0.3317759681856397,angry,subject_03,subject_03_angry_session_01
17.844,0.38294154262136487,angry,subject_03,subject_03_angry_session_01
17.848,0.23688069556215596,angry,subject_03,subject_03_angry_session_01
17.852,0.27043709374221925,angry,subject_03,subject_03_angry_session_01
17.856,0.2304693504388954,angry,subject_03,subject_03_angry_session_01
17.86,0.3308050854368205,angry,subject_03,subject_03_angry_session_01
17.864,0.2694416892946362,angry,subject_03,subject_03_angry_session_01
17.868,0.20316896856426495,angry,subject_03,subject_03_angry_session_01
17.872,0.2868032581732182,angry,subject_03,subject_03_angry_session_01
17.876,0.16034625836082844,angry,subject_03,subject_03_angry_session_01
17.88,0.2831258216508564,angry,subject_03,subject_03_angry_session_01
17.884,0.28371601427560916,angry,subject_03,subject_03_angry_session_01
17.888,0.2470620176898719,angry,subject_03,subject_03_angry_session_01
17.892,0.33116260411447634,angry,subject_03,subject_03_angry_session_01
17.896,0.1590797663145893,angry,subject_03,subject_03_angry_session_01
17.9,0.2701235835307759,angry,subject_03,subject_03_angry_session_01
17.904,0.272850355393247,angry,subject_03,subject_03_angry_session_01
17.908,0.2549802755085223,angry,subject_03,subject_03_angry_session_01
17.912,0.32802619210139106,angry,subject_03,subject_03_angry_session_01
17.916,0.21213699598056435,angry,subject_03,subject_03_angry_session_01
17.92,0.24171721057105938,angry,subject_03,subject_03_angry_session_01
17.924,0.2505660034724836,angry,subject_03,subject_03_angry_session_01
17.928,0.2173399749482966,angry,subject_03,subject_03_angry_session_01
17.932,0.14347820209713655,angry,subject_03,subject_03_angry_session_01
17.936,0.32546786670897043,angry,subject_03,subject_03_angry_session_01
17.94,0.18440518530354552,angry,subject_03,subject_03_angry_session_01
17.944,0.18237091294899943,angry,subject_03,subject_03_angry_session_01
17.948,0.09037797211419943,angry,subject_03,subject_03_angry_session_01
17.952,0.22500816217640113,angry,subject_03,subject_03_angry_session_01
17.956,0.22839326376749197,angry,subject_03,subject_03_angry_session_01
17.96,0.2893155370622942,angry,subject_03,subject_03_angry_session_01
17.964,0.1873056920945252,angry,subject_03,subject_03_angry_session_01
17.968,0.22041884082145605,angry,subject_03,subject_03_angry_session_01
17.972,0.26020403647094753,angry,subject_03,subject_03_angry_session_01
17.976,0.27752355420779146,angry,subject_03,subject_03_angry_session_01
17.98,0.21099364799650205,angry,subject_03,subject_03_angry_session_01
17.984,0.16101266666362823,angry,subject_03,subject_03_angry_session_01
17.988,0.24724857763937436,angry,subject_03,subject_03_angry_session_01
17.992,0.24128717955939905,angry,subject_03,subject_03_angry_session_01
17.996,0.05565412362784951,angry,subject_03,subject_03_angry_session_01
18.0,0.17226847311158816,angry,subject_03,subject_03_angry_session_01
18.004,0.2013512139409364,angry,subject_03,subject_03_angry_session_01
18.008,0.17708900309354278,angry,subject_03,subject_03_angry_session_01
18.012,0.1085164231649327,angry,subject_03,subject_03_angry_session_01
18.016,0.08685182744992334,angry,subject_03,subject_03_angry_session_01
18.02,0.18916853616951523,angry,subject_03,subject_03_angry_session_01
18.024,0.1122148123811053,angry,subject_03,subject_03_angry_session_01
18.028,0.07768142389990183,angry,subject_03,subject_03_angry_session_01
18.032,0.07166373518625618,angry,subject_03,subject_03_angry_session_01
18.036,0.0718111062376655,angry,subject_03,subject_03_angry_session_01
18.04,0.05499894696331814,angry,subject_03,subject_03_angry_session_01
18.044,0.12574549659505074,angry,subject_03,subject_03_angry_session_01
18.048,0.0759495749675809,angry,subject_03,subject_03_angry_session_01
18.052,0.06545488239708366,angry,subject_03,subject_03_angry_session_01
18.056,0.025309612831949956,angry,subject_03,subject_03_angry_session_01
18.06,0.06660339943566665,angry,subject_03,subject_03_angry_session_01
18.064,-0.027153309379716495,angry,subject_03,subject_03_angry_session_01
18.068,0.033253205802379796,angry,subject_03,subject_03_angry_session_01
18.072,-0.07886568568637224,angry,subject_03,subject_03_angry_session_01
18.076,0.00024308258870182203,angry,subject_03,subject_03_angry_session_01
18.08,-0.019175785044739865,angry,subject_03,subject_03_angry_session_01
18.084,0.007615822123157217,angry,subject_03,subject_03_angry_session_01
18.088,-0.017917743752759254,angry,subject_03,subject_03_angry_session_01
18.092,0.035981687789993465,angry,subject_03,subject_03_angry_session_01
18.096,-0.037712297112839535,angry,subject_03,subject_03_angry_session_01
18.1,0.053819976913864066,angry,subject_03,subject_03_angry_session_01
18.104,0.09366187582098862,angry,subject_03,subject_03_angry_session_01
18.108,-0.06579223613720274,angry,subject_03,subject_03_angry_session_01
18.112,0.035020350658221386,angry,subject_03,subject_03_angry_session_01
18.116,-0.019888825799092583,angry,subject_03,subject_03_angry_session_01
18.12,0.04983406556950955,angry,subject_03,subject_03_angry_session_01
18.124,-0.07478809767606978,angry,subject_03,subject_03_angry_session_01
18.128,0.05824763908374436,angry,subject_03,subject_03_angry_session_01
18.132,-0.04029650018819772,angry,subject_03,subject_03_angry_session_01
18.136,-0.030190578744105002,angry,subject_03,subject_03_angry_session_01
18.14,-0.018050380742501416,angry,subject_03,subject_03_angry_session_01
18.144,-0.04071386235434859,angry,subject_03,subject_03_angry_session_01
18.148,0.13174824857001455,angry,subject_03,subject_03_angry_session_01
18.152,0.13820796626369997,angry,subject_03,subject_03_angry_session_01
18.156,0.3244461921595022,angry,subject_03,subject_03_angry_session_01
18.16,0.42488251099239904,angry,subject_03,subject_03_angry_session_01
18.164,0.587592677719768,angry,subject_03,subject_03_angry_session_01
18.168,0.8198426185159625,angry,subject_03,subject_03_angry_session_01
18.172,0.8121511954825914,angry,subject_03,subject_03_angry_session_01
18.176,0.8740631631696556,angry,subject_03,subject_03_angry_session_01
18.18,1.0323119605576727,angry,subject_03,subject_03_angry_session_01
18.184,1.0761335684705502,angry,subject_03,subject_03_angry_session_01
18.188,1.0175890097170748,angry,subject_03,subject_03_angry_session_01
18.192,0.8851931164001527,angry,subject_03,subject_03_angry_session_01
18.196,0.8894371563253403,angry,subject_03,subject_03_angry_session_01
18.2,0.6985017619065991,angry,subject_03,subject_03_angry_session_01
18.204,0.2912804292460344,angry,subject_03,subject_03_angry_session_01
18.208,0.24943961172783122,angry,subject_03,subject_03_angry_session_01
18.212,0.1758156451464341,angry,subject_03,subject_03_angry_session_01
18.216,0.06778337815282756,angry,subject_03,subject_03_angry_session_01
18.22,-0.06931316550746784,angry,subject_03,subject_03_angry_session_01
18.224,0.02222876243492615,angry,subject_03,subject_03_angry_session_01
18.228,-0.12299646180388538,angry,subject_03,subject_03_angry_session_01
18.232,-0.06392305655974445,angry,subject_03,subject_03_angry_session_01
18.236,-0.05248436895539984,angry,subject_03,subject_03_angry_session_01
18.24,-0.01686708467474885,angry,subject_03,subject_03_angry_session_01
18.244,-0.05129588053289836,angry,subject_03,subject_03_angry_session_01
18.248,0.023784766195617594,angry,subject_03,subject_03_angry_session_01
18.252,-0.047251098790804934,angry,subject_03,subject_03_angry_session_01
18.256,0.02887670885415837,angry,subject_03,subject_03_angry_session_01
18.26,-0.02115904539372298,angry,subject_03,subject_03_angry_session_01
18.264,0.10059570875083144,angry,subject_03,subject_03_angry_session_01
18.268,0.005687540234857678,angry,subject_03,subject_03_angry_session_01
18.272,0.03435989037084434,angry,subject_03,subject_03_angry_session_01
18.276,0.09287317644473375,angry,subject_03,subject_03_angry_session_01
18.28,0.044313783628169096,angry,subject_03,subject_03_angry_session_01
18.284,0.08404685948800555,angry,subject_03,subject_03_angry_session_01
18.288,-0.031932185639884134,angry,subject_03,subject_03_angry_session_01
18.292,0.07834518584751746,angry,subject_03,subject_03_angry_session_01
18.296,0.03831973236577638,angry,subject_03,subject_03_angry_session_01
18.3,0.10717477372989684,angry,subject_03,subject_03_angry_session_01
18.304,0.09047633198257846,angry,subject_03,subject_03_angry_session_01
18.308,0.09901169007442939,angry,subject_03,subject_03_angry_session_01
18.312,0.11602898492575636,angry,subject_03,subject_03_angry_session_01
18.316,0.14217804024054095,angry,subject_03,subject_03_angry_session_01
18.32,-0.03637472865639957,angry,subject_03,subject_03_angry_session_01
18.324,0.04794145140062491,angry,subject_03,subject_03_angry_session_01
18.328,0.10081591195180828,angry,subject_03,subject_03_angry_session_01
18.332,0.03897358351419361,angry,subject_03,subject_03_angry_session_01
18.336,0.10289513777392416,angry,subject_03,subject_03_angry_session_01
18.34,0.13703475650228303,angry,subject_03,subject_03_angry_session_01
18.344,0.2280696426984053,angry,subject_03,subject_03_angry_session_01
18.348,0.18475635189713363,angry,subject_03,subject_03_angry_session_01
18.352,0.19280341802282136,angry,subject_03,subject_03_angry_session_01
18.356,0.1608799084075086,angry,subject_03,subject_03_angry_session_01
18.36,0.06218685584690113,angry,subject_03,subject_03_angry_session_01
18.364,0.13048668916815176,angry,subject_03,subject_03_angry_session_01
18.368,0.08399892317535491,angry,subject_03,subject_03_angry_session_01
18.372,0.22338922757935853,angry,subject_03,subject_03_angry_session_01
18.376,0.20322060907208406,angry,subject_03,subject_03_angry_session_01
18.38,0.21711858306269868,angry,subject_03,subject_03_angry_session_01
18.384,0.24164200318900578,angry,subject_03,subject_03_angry_session_01
18.388,0.19015457056946453,angry,subject_03,subject_03_angry_session_01
18.392,0.14622374410579997,angry,subject_03,subject_03_angry_session_01
18.396,0.20409408227851258,angry,subject_03,subject_03_angry_session_01
18.4,0.2629044928092148,angry,subject_03,subject_03_angry_session_01
18.404,0.137692680081911,angry,subject_03,subject_03_angry_session_01
18.408,0.2566345429834167,angry,subject_03,subject_03_angry_session_01
18.412,0.17628081572935578,angry,subject_03,subject_03_angry_session_01
18.416,0.28705028341443334,angry,subject_03,subject_03_angry_session_01
18.42,0.17759043064842342,angry,subject_03,subject_03_angry_session_01
18.424,0.3032337598376687,angry,subject_03,subject_03_angry_session_01
18.428,0.1737182660100408,angry,subject_03,subject_03_angry_session_01
18.432,0.20141185429827063,angry,subject_03,subject_03_angry_session_01
18.436,0.2992249449016972,angry,subject_03,subject_03_angry_session_01
18.44,0.24774238664231288,angry,subject_03,subject_03_angry_session_01
18.444,0.13945308055531297,angry,subject_03,subject_03_angry_session_01
18.448,0.2985607995843186,angry,subject_03,subject_03_angry_session_01
18.452,0.1273715688492033,angry,subject_03,subject_03_angry_session_01
18.456,0.2415764801053881,angry,subject_03,subject_03_angry_session_01
18.46,0.3742002099231651,angry,subject_03,subject_03_angry_session_01
18.464,0.2518707482231005,angry,subject_03,subject_03_angry_session_01
18.468,0.22307259909385352,angry,subject_03,subject_03_angry_session_01
18.472,0.23647205724320802,angry,subject_03,subject_03_angry_session_01
18.476,0.17197182583486206,angry,subject_03,subject_03_angry_session_01
18.48,0.24448942009842792,angry,subject_03,subject_03_angry_session_01
18.484,0.3608663858729476,angry,subject_03,subject_03_angry_session_01
18.488,0.20184672388863845,angry,subject_03,subject_03_angry_session_01
18.492,0.17536065790583652,angry,subject_03,subject_03_angry_session_01
18.496,0.24920208683710865,angry,subject_03,subject_03_angry_session_01
18.5,0.2622291129646063,angry,subject_03,subject_03_angry_session_01
18.504,0.22064046803236526,angry,subject_03,subject_03_angry_session_01
18.508,0.19276894658983285,angry,subject_03,subject_03_angry_session_01
18.512,0.24154329243422867,angry,subject_03,subject_03_angry_session_01
18.516,0.11716096889600305,angry,subject_03,subject_03_angry_session_01
18.52,0.17266745113189344,angry,subject_03,subject_03_angry_session_01
18.524,0.05998653770658252,angry,subject_03,subject_03_angry_session_01
18.528,0.18875848084637148,angry,subject_03,subject_03_angry_session_01
18.532,0.17867550972928406,angry,subject_03,subject_03_angry_session_01
18.536,0.25051487422605856,angry,subject_03,subject_03_angry_session_01
18.54,0.13182162586529403,angry,subject_03,subject_03_angry_session_01
18.544,0.24055172715463896,angry,subject_03,subject_03_angry_session_01
18.548,0.16039674904786927,angry,subject_03,subject_03_angry_session_01
18.552,0.20558318458482627,angry,subject_03,subject_03_angry_session_01
18.556,0.20726259023448512,angry,subject_03,subject_03_angry_session_01
18.56,0.15707535545746248,angry,subject_03,subject_03_angry_session_01
18.564,0.16343476429186451,angry,subject_03,subject_03_angry_session_01
18.568,0.10473506532480395,angry,subject_03,subject_03_angry_session_01
18.572,0.20309419684951918,angry,subject_03,subject_03_angry_session_01
18.576,0.28439810855150555,angry,subject_03,subject_03_angry_session_01
18.58,0.026522761346435345,angry,subject_03,subject_03_angry_session_01
18.584,0.10919017728450502,angry,subject_03,subject_03_angry_session_01
18.588,0.07874974414360453,angry,subject_03,subject_03_angry_session_01
18.592,0.11381454181223927,angry,subject_03,subject_03_angry_session_01
18.596,-0.018683364022068785,angry,subject_03,subject_03_angry_session_01
18.6,0.005896422046413288,angry,subject_03,subject_03_angry_session_01
18.604,0.16416678474494964,angry,subject_03,subject_03_angry_session_01
18.608,0.14017240849186308,angry,subject_03,subject_03_angry_session_01
18.612,-0.05171577638329841,angry,subject_03,subject_03_angry_session_01
18.616,0.15513596450315503,angry,subject_03,subject_03_angry_session_01
18.62,-0.01480171915476012,angry,subject_03,subject_03_angry_session_01
18.624,0.07346961485369244,angry,subject_03,subject_03_angry_session_01
18.628,0.010659771905346876,angry,subject_03,subject_03_angry_session_01
18.632,0.02738364641567442,angry,subject_03,subject_03_angry_session_01
18.636,0.016071814467226036,angry,subject_03,subject_03_angry_session_01
18.64,0.06019368753172811,angry,subject_03,subject_03_angry_session_01
18.644,-0.031347472211513606,angry,subject_03,subject_03_angry_session_01
18.648,0.10791285582514214,angry,subject_03,subject_03_angry_session_01
18.652,0.059466384191196674,angry,subject_03,subject_03_angry_session_01
18.656,-0.031080009091852788,angry,subject_03,subject_03_angry_session_01
18.66,-0.00925935038169351,angry,subject_03,subject_03_angry_session_01
18.664,-0.006439230628851971,angry,subject_03,subject_03_angry_session_01
18.668,-0.03987148214520134,angry,subject_03,subject_03_angry_session_01
18.672,-0.03718735137615224,angry,subject_03,subject_03_angry_session_01
18.676,0.02989160684633894,angry,subject_03,subject_03_angry_session_01
18.68,0.016017127578527468,angry,subject_03,subject_03_angry_session_01
18.684,-0.05286976876648997,angry,subject_03,subject_03_angry_session_01
18.688,-0.017836993294987814,angry,subject_03,subject_03_angry_session_01
18.692,-0.08443886393878137,angry,subject_03,subject_03_angry_session_01
18.696,0.0751561410817687,angry,subject_03,subject_03_angry_session_01
18.7,0.01449177809302448,angry,subject_03,subject_03_angry_session_01
18.704,-0.04105563025595202,angry,subject_03,subject_03_angry_session_01
18.708,-0.02704534482901316,angry,subject_03,subject_03_angry_session_01
18.712,0.017791779082629848,angry,subject_03,subject_03_angry_session_01
18.716,-0.04072848847966858,angry,subject_03,subject_03_angry_session_01
18.72,0.03703257708012214,angry,subject_03,subject_03_angry_session_01
18.724,0.15617896440556253,angry,subject_03,subject_03_angry_session_01
18.728,0.15003920557789632,angry,subject_03,subject_03_angry_session_01
18.732,0.39191252385995884,angry,subject_03,subject_03_angry_session_01
18.736,0.6643976785344414,angry,subject_03,subject_03_angry_session_01
18.74,0.5771161054867278,angry,subject_03,subject_03_angry_session_01
18.744,0.882351615455648,angry,subject_03,subject_03_angry_session_01
18.748,0.879123260719061,angry,subject_03,subject_03_angry_session_01
18.752,0.9530855347305457,angry,subject_03,subject_03_angry_session_01
18.756,1.0432271995826203,angry,subject_03,subject_03_angry_session_01
18.76,1.0721978930118623,angry,subject_03,subject_03_angry_session_01
18.764,0.993070489279187,angry,subject_03,subject_03_angry_session_01
18.768,0.8250073302821241,angry,subject_03,subject_03_angry_session_01
18.772,0.6098987111986209,angry,subject_03,subject_03_angry_session_01
18.776,0.4939721387934084,angry,subject_03,subject_03_angry_session_01
18.78,0.2261784136697672,angry,subject_03,subject_03_angry_session_01
18.784,0.23723669529606056,angry,subject_03,subject_03_angry_session_01
18.788,0.044838570528912575,angry,subject_03,subject_03_angry_session_01
18.792,0.05139373649676325,angry,subject_03,subject_03_angry_session_01
18.796,-0.12243097611335134,angry,subject_03,subject_03_angry_session_01
18.8,-0.05205339462329734,angry,subject_03,subject_03_angry_session_01
18.804,-0.190255487859246,angry,subject_03,subject_03_angry_session_01
18.808,0.00878943690753882,angry,subject_03,subject_03_angry_session_01
18.812,-0.029396661259639367,angry,subject_03,subject_03_angry_session_01
18.816,-0.06175910804054468,angry,subject_03,subject_03_angry_session_01
18.82,-0.0532556927241421,angry,subject_03,subject_03_angry_session_01
18.824,-0.03632456248368812,angry,subject_03,subject_03_angry_session_01
18.828,-0.010659740118350369,angry,subject_03,subject_03_angry_session_01
18.832,-0.10111335079062059,angry,subject_03,subject_03_angry_session_01
18.836,-0.021276312567218666,angry,subject_03,subject_03_angry_session_01
18.84,-0.01640430743167473,angry,subject_03,subject_03_angry_session_01
18.844,0.06687652748621391,angry,subject_03,subject_03_angry_session_01
18.848,-0.021714171081871472,angry,subject_03,subject_03_angry_session_01
18.852,-0.04832930039202963,angry,subject_03,subject_03_angry_session_01
18.856,0.013627515754857093,angry,subject_03,subject_03_angry_session_01
18.86,0.05733041309410609,angry,subject_03,subject_03_angry_session_01
18.864,0.03274119758609957,angry,subject_03,subject_03_angry_session_01
18.868,0.03572388960113034,angry,subject_03,subject_03_angry_session_01
18.872,0.04044138703009742,angry,subject_03,subject_03_angry_session_01
18.876,0.03382058787008693,angry,subject_03,subject_03_angry_session_01
18.88,0.01586143993359119,angry,subject_03,subject_03_angry_session_01
18.884,0.00866947758836211,angry,subject_03,subject_03_angry_session_01
18.888,0.06408605582330167,angry,subject_03,subject_03_angry_session_01
18.892,0.08883595392366359,angry,subject_03,subject_03_angry_session_01
18.896,0.08045635758456172,angry,subject_03,subject_03_angry_session_01
18.9,-0.023972796050748285,angry,subject_03,subject_03_angry_session_01
18.904,0.1473012571588823,angry,subject_03,subject_03_angry_session_01
18.908,0.016934368366754535,angry,subject_03,subject_03_angry_session_01
18.912,0.028125450719843154,angry,subject_03,subject_03_angry_session_01
18.916,0.052678789904968895,angry,subject_03,subject_03_angry_session_01
18.92,0.0979822442480946,angry,subject_03,subject_03_angry_session_01
18.924,0.12524197719506883,angry,subject_03,subject_03_angry_session_01
18.928,0.19896529390158396,angry,subject_03,subject_03_angry_session_01
18.932,0.2081784944816486,angry,subject_03,subject_03_angry_session_01
18.936,0.052597172487694216,angry,subject_03,subject_03_angry_session_01
18.94,0.05731927558437315,angry,subject_03,subject_03_angry_session_01
18.944,0.23730960998754808,angry,subject_03,subject_03_angry_session_01
18.948,0.1701728246127599,angry,subject_03,subject_03_angry_session_01
18.952,0.12664307395184887,angry,subject_03,subject_03_angry_session_01
18.956,0.2305836716056326,angry,subject_03,subject_03_angry_session_01
18.96,0.27007007795654214,angry,subject_03,subject_03_angry_session_01
18.964,0.23409254112153235,angry,subject_03,subject_03_angry_session_01
18.968,0.1688606103543693,angry,subject_03,subject_03_angry_session_01
18.972,0.09155752123906244,angry,subject_03,subject_03_angry_session_01
18.976,0.2573046577725137,angry,subject_03,subject_03_angry_session_01
18.98,0.22330383026040757,angry,subject_03,subject_03_angry_session_01
18.984,0.18458583376034463,angry,subject_03,subject_03_angry_session_01
18.988,0.14450085336047844,angry,subject_03,subject_03_angry_session_01
18.992,0.25486167696845663,angry,subject_03,subject_03_angry_session_01
18.996,0.2107914187866202,angry,subject_03,subject_03_angry_session_01
19.0,0.2555629687140684,angry,subject_03,subject_03_angry_session_01
19.004,0.3014940201126156,angry,subject_03,subject_03_angry_session_01
19.008,0.20662306935990146,angry,subject_03,subject_03_angry_session_01
19.012,0.3746576038740798,angry,subject_03,subject_03_angry_session_01
19.016,0.24038984246443906,angry,subject_03,subject_03_angry_session_01
19.02,0.29130893048312856,angry,subject_03,subject_03_angry_session_01
19.024,0.21295750497041127,angry,subject_03,subject_03_angry_session_01
19.028,0.27784527947200344,angry,subject_03,subject_03_angry_session_01
19.032,0.18649411439600538,angry,subject_03,subject_03_angry_session_01
19.036,0.2774532514760402,angry,subject_03,subject_03_angry_session_01
19.04,0.38476304115959437,angry,subject_03,subject_03_angry_session_01
19.044,0.1671329891224384,angry,subject_03,subject_03_angry_session_01
19.048,0.08968269920529867,angry,subject_03,subject_03_angry_session_01
19.052,0.18947361222596928,angry,subject_03,subject_03_angry_session_01
19.056,0.24068668397362897,angry,subject_03,subject_03_angry_session_01
19.06,0.22502538119288507,angry,subject_03,subject_03_angry_session_01
19.064,0.19111133451809661,angry,subject_03,subject_03_angry_session_01
19.068,0.2777472192330399,angry,subject_03,subject_03_angry_session_01
19.072,0.18303384845862913,angry,subject_03,subject_03_angry_session_01
19.076,0.2600209385994233,angry,subject_03,subject_03_angry_session_01
19.08,0.18157803773851228,angry,subject_03,subject_03_angry_session_01
19.084,0.14750043305615088,angry,subject_03,subject_03_angry_session_01
19.088,0.20549079989728694,angry,subject_03,subject_03_angry_session_01
19.092,0.20562015138485126,angry,subject_03,subject_03_angry_session_01
19.096,0.30423721076219695,angry,subject_03,subject_03_angry_session_01
19.1,0.2148053890678115,angry,subject_03,subject_03_angry_session_01
19.104,0.2023506789289495,angry,subject_03,subject_03_angry_session_01
19.108,0.18883436592988195,angry,subject_03,subject_03_angry_session_01
19.112,0.14405488553968243,angry,subject_03,subject_03_angry_session_01
19.116,0.15869912859978738,angry,subject_03,subject_03_angry_session_01
19.12,0.1369522228425074,angry,subject_03,subject_03_angry_session_01
19.124,0.1709857429783259,angry,subject_03,subject_03_angry_session_01
19.128,0.06496265832475709,angry,subject_03,subject_03_angry_session_01
19.132,0.046810757805274536,angry,subject_03,subject_03_angry_session_01
19.136,0.09857388543345041,angry,subject_03,subject_03_angry_session_01
19.14,0.08445968898166392,angry,subject_03,subject_03_angry_session_01
19.144,0.14613179049716768,angry,subject_03,subject_03_angry_session_01
19.148,0.08607791177634758,angry,subject_03,subject_03_angry_session_01
19.152,0.14360098654362993,angry,subject_03,subject_03_angry_session_01
19.156,0.06463479369289227,angry,subject_03,subject_03_angry_session_01
19.16,0.2260359707311711,angry,subject_03,subject_03_angry_session_01
19.164,0.06926189432278869,angry,subject_03,subject_03_angry_session_01
19.168,0.10000719571141002,angry,subject_03,subject_03_angry_session_01
19.172,0.028963687693173604,angry,subject_03,subject_03_angry_session_01
19.176,0.033400200557335356,angry,subject_03,subject_03_angry_session_01
19.18,0.07614100040492226,angry,subject_03,subject_03_angry_session_01
19.184,0.04310278733804773,angry,subject_03,subject_03_angry_session_01
19.188,0.07932890159575787,angry,subject_03,subject_03_angry_session_01
19.192,0.08958784139415225,angry,subject_03,subject_03_angry_session_01
19.196,0.14559987074401426,angry,subject_03,subject_03_angry_session_01
19.2,0.059042011735839055,angry,subject_03,subject_03_angry_session_01
19.204,0.012603776456144286,angry,subject_03,subject_03_angry_session_01
19.208,-0.019301766123134875,angry,subject_03,subject_03_angry_session_01
19.212,-0.04136791990892262,angry,subject_03,subject_03_angry_session_01
19.216,-0.028053329681523895,angry,subject_03,subject_03_angry_session_01
19.22,0.006024984298182608,angry,subject_03,subject_03_angry_session_01
19.224,0.05990207976358181,angry,subject_03,subject_03_angry_session_01
19.228,0.00920987767544994,angry,subject_03,subject_03_angry_session_01
19.232,-0.032353371400162964,angry,subject_03,subject_03_angry_session_01
19.236,-0.08922853564085814,angry,subject_03,subject_03_angry_session_01
19.24,-0.06613724527461788,angry,subject_03,subject_03_angry_session_01
19.244,-0.007501634122218036,angry,subject_03,subject_03_angry_session_01
19.248,0.0118350069878524,angry,subject_03,subject_03_angry_session_01
19.252,0.03400817966575979,angry,subject_03,subject_03_angry_session_01
19.256,0.032994895041431674,angry,subject_03,subject_03_angry_session_01
19.26,-0.08531106730832601,angry,subject_03,subject_03_angry_session_01
19.264,-0.0678869928702068,angry,subject_03,subject_03_angry_session_01
19.268,0.02268496676254103,angry,subject_03,subject_03_angry_session_01
19.272,0.030480983449390132,angry,subject_03,subject_03_angry_session_01
19.276,-0.03675873859753178,angry,subject_03,subject_03_angry_session_01
19.28,0.05687412558192071,angry,subject_03,subject_03_angry_session_01
19.284,0.032288215813254695,angry,subject_03,subject_03_angry_session_01
19.288,0.019193911919965268,angry,subject_03,subject_03_angry_session_01
19.292,0.03535640403415334,angry,subject_03,subject_03_angry_session_01
19.296,-0.02393752527970329,angry,subject_03,subject_03_angry_session_01
19.3,0.11808727495462265,angry,subject_03,subject_03_angry_session_01
19.304,0.29449658814313123,angry,subject_03,subject_03_angry_session_01
19.308,0.5465750021827073,angry,subject_03,subject_03_angry_session_01
19.312,0.6903850769496442,angry,subject_03,subject_03_angry_session_01
19.316,0.7265073162647534,angry,subject_03,subject_03_angry_session_01
19.32,0.9650506378877334,angry,subject_03,subject_03_angry_session_01
19.324,0.9553648068679017,angry,subject_03,subject_03_angry_session_01
19.328,0.9053538214299954,angry,subject_03,subject_03_angry_session_01
19.332,1.1755952698367174,angry,subject_03,subject_03_angry_session_01
19.336,0.8667049988344342,angry,subject_03,subject_03_angry_session_01
19.34,0.719990382454456,angry,subject_03,subject_03_angry_session_01
19.344,0.7584115554349429,angry,subject_03,subject_03_angry_session_01
19.348,0.5565938298311399,angry,subject_03,subject_03_angry_session_01
19.352,0.42559377415472716,angry,subject_03,subject_03_angry_session_01
19.356,0.3583954414073464,angry,subject_03,subject_03_angry_session_01
19.36,0.17382964860261957,angry,subject_03,subject_03_angry_session_01
19.364,0.051029974263835105,angry,subject_03,subject_03_angry_session_01
19.368,-0.0970083830554866,angry,subject_03,subject_03_angry_session_01
19.372,-0.10562105372019968,angry,subject_03,subject_03_angry_session_01
19.376,-0.04772093775964549,angry,subject_03,subject_03_angry_session_01
19.38,-0.10010422174940342,angry,subject_03,subject_03_angry_session_01
19.384,-0.010685937864964794,angry,subject_03,subject_03_angry_session_01
19.388,-0.02871040154967964,angry,subject_03,subject_03_angry_session_01
19.392,-0.0394785886419419,angry,subject_03,subject_03_angry_session_01
19.396,0.05078902560163723,angry,subject_03,subject_03_angry_session_01
19.4,-0.02311110266057072,angry,subject_03,subject_03_angry_session_01
19.404,-0.08465346952369551,angry,subject_03,subject_03_angry_session_01
19.408,0.07639986607352256,angry,subject_03,subject_03_angry_session_01
19.412,0.0062568474080922885,angry,subject_03,subject_03_angry_session_01
19.416,-0.0038947222588598725,angry,subject_03,subject_03_angry_session_01
19.42,0.005939612837456731,angry,subject_03,subject_03_angry_session_01
19.424,-0.016807975531219623,angry,subject_03,subject_03_angry_session_01
19.428,0.17869608044632546,angry,subject_03,subject_03_angry_session_01
19.432,-0.05155070552958425,angry,subject_03,subject_03_angry_session_01
19.436,0.05275025967037707,angry,subject_03,subject_03_angry_session_01
19.44,0.048691857599351525,angry,subject_03,subject_03_angry_session_01
19.444,0.0900108923791082,angry,subject_03,subject_03_angry_session_01
19.448,0.026227261055145123,angry,subject_03,subject_03_angry_session_01
19.452,0.12801908186714353,angry,subject_03,subject_03_angry_session_01
19.456,0.040039752526258424,angry,subject_03,subject_03_angry_session_01
19.46,0.03713099472653533,angry,subject_03,subject_03_angry_session_01
19.464,0.07877896023045933,angry,subject_03,subject_03_angry_session_01
19.468,0.10178261293534971,angry,subject_03,subject_03_angry_session_01
19.472,0.15402331047470985,angry,subject_03,subject_03_angry_session_01
19.476,0.018409975787007565,angry,subject_03,subject_03_angry_session_01
19.48,0.15920864249662314,angry,subject_03,subject_03_angry_session_01
19.484,0.17126587441937197,angry,subject_03,subject_03_angry_session_01
19.488,0.16437588745390916,angry,subject_03,subject_03_angry_session_01
19.492,0.12481782733012754,angry,subject_03,subject_03_angry_session_01
19.496,0.10795785540682802,angry,subject_03,subject_03_angry_session_01
19.5,0.17550614366137754,angry,subject_03,subject_03_angry_session_01
19.504,0.16804518932253953,angry,subject_03,subject_03_angry_session_01
19.508,0.07359143217321978,angry,subject_03,subject_03_angry_session_01
19.512,0.22552217006948239,angry,subject_03,subject_03_angry_session_01
19.516,0.13846275916655235,angry,subject_03,subject_03_angry_session_01
19.52,0.1485959824922764,angry,subject_03,subject_03_angry_session_01
19.524,0.25926638675682645,angry,subject_03,subject_03_angry_session_01
19.528,0.21278410246072502,angry,subject_03,subject_03_angry_session_01
19.532,0.2001191581646089,angry,subject_03,subject_03_angry_session_01
19.536,0.1945953273594253,angry,subject_03,subject_03_angry_session_01
19.54,0.20883041500955302,angry,subject_03,subject_03_angry_session_01
19.544,0.2275019686381241,angry,subject_03,subject_03_angry_session_01
19.548,0.333696208118617,angry,subject_03,subject_03_angry_session_01
19.552,0.12411610291316894,angry,subject_03,subject_03_angry_session_01
19.556,0.3951449461374599,angry,subject_03,subject_03_angry_session_01
19.56,0.38872319184149334,angry,subject_03,subject_03_angry_session_01
19.564,0.22979929750839956,angry,subject_03,subject_03_angry_session_01
19.568,0.2655318998741312,angry,subject_03,subject_03_angry_session_01
19.572,0.2675634595455147,angry,subject_03,subject_03_angry_session_01
19.576,0.32219132003578144,angry,subject_03,subject_03_angry_session_01
19.58,0.2673685159504751,angry,subject_03,subject_03_angry_session_01
19.584,0.2825181753450565,angry,subject_03,subject_03_angry_session_01
19.588,0.3304211455425757,angry,subject_03,subject_03_angry_session_01
19.592,0.14260971860632027,angry,subject_03,subject_03_angry_session_01
19.596,0.2482860216176197,angry,subject_03,subject_03_angry_session_01
19.6,0.27003555727582373,angry,subject_03,subject_03_angry_session_01
19.604,0.2348458965870971,angry,subject_03,subject_03_angry_session_01
19.608,0.1500249908739884,angry,subject_03,subject_03_angry_session_01
19.612,0.25211860509016754,angry,subject_03,subject_03_angry_session_01
19.616,0.21405657066526657,angry,subject_03,subject_03_angry_session_01
19.62,0.21819231226082908,angry,subject_03,subject_03_angry_session_01
19.624,0.24028507844843158,angry,subject_03,subject_03_angry_session_01
19.628,0.13635750093359184,angry,subject_03,subject_03_angry_session_01
19.632,0.2172870042539662,angry,subject_03,subject_03_angry_session_01
19.636,0.1907809245905192,angry,subject_03,subject_03_angry_session_01
19.64,0.15151896159296047,angry,subject_03,subject_03_angry_session_01
19.644,0.2557162883421276,angry,subject_03,subject_03_angry_session_01
19.648,0.14566285470461,angry,subject_03,subject_03_angry_session_01
19.652,0.2528096987385207,angry,subject_03,subject_03_angry_session_01
19.656,0.26978562930335614,angry,subject_03,subject_03_angry_session_01
19.66,0.20752093334865399,angry,subject_03,subject_03_angry_session_01
19.664,0.27716476233501386,angry,subject_03,subject_03_angry_session_01
19.668,0.3475854358322068,angry,subject_03,subject_03_angry_session_01
19.672,0.23982444606806566,angry,subject_03,subject_03_angry_session_01
19.676,0.18383680528315852,angry,subject_03,subject_03_angry_session_01
19.68,0.2696539040034274,angry,subject_03,subject_03_angry_session_01
19.684,0.07864178585816213,angry,subject_03,subject_03_angry_session_01
19.688,0.33126494206005574,angry,subject_03,subject_03_angry_session_01
19.692,0.19212012476588156,angry,subject_03,subject_03_angry_session_01
19.696,0.1980910600390779,angry,subject_03,subject_03_angry_session_01
19.7,0.08182026141439329,angry,subject_03,subject_03_angry_session_01
19.704,0.22430485586031532,angry,subject_03,subject_03_angry_session_01
19.708,0.17022148367239587,angry,subject_03,subject_03_angry_session_01
19.712,0.14777310658438392,angry,subject_03,subject_03_angry_session_01
19.716,0.11095423464703405,angry,subject_03,subject_03_angry_session_01
19.72,0.08729489594653272,angry,subject_03,subject_03_angry_session_01
19.724,0.08798026389050319,angry,subject_03,subject_03_angry_session_01
19.728,0.026330397919787182,angry,subject_03,subject_03_angry_session_01
19.732,0.12721742506642325,angry,subject_03,subject_03_angry_session_01
19.736,0.201502198327363,angry,subject_03,subject_03_angry_session_01
19.74,0.121272485096385,angry,subject_03,subject_03_angry_session_01
19.744,0.03965590236563747,angry,subject_03,subject_03_angry_session_01
19.748,0.10000943749226611,angry,subject_03,subject_03_angry_session_01
19.752,-0.08707332152128751,angry,subject_03,subject_03_angry_session_01
19.756,0.16642701234734486,angry,subject_03,subject_03_angry_session_01
19.76,0.022983422851939682,angry,subject_03,subject_03_angry_session_01
19.764,0.0802062964151962,angry,subject_03,subject_03_angry_session_01
19.768,0.039351116544864576,angry,subject_03,subject_03_angry_session_01
19.772,0.07140302490866679,angry,subject_03,subject_03_angry_session_01
19.776,0.17069305286694444,angry,subject_03,subject_03_angry_session_01
19.78,-0.1026836275614998,angry,subject_03,subject_03_angry_session_01
19.784,0.03652058339564346,angry,subject_03,subject_03_angry_session_01
19.788,0.03398026189369292,angry,subject_03,subject_03_angry_session_01
19.792,-0.009516935378029171,angry,subject_03,subject_03_angry_session_01
19.796,-0.03452993429562089,angry,subject_03,subject_03_angry_session_01
19.8,0.06446684809983216,angry,subject_03,subject_03_angry_session_01
19.804,0.002618183053878082,angry,subject_03,subject_03_angry_session_01
19.808,0.0026366379225281453,angry,subject_03,subject_03_angry_session_01
19.812,-0.01714694669777049,angry,subject_03,subject_03_angry_session_01
19.816,-0.010059716216370519,angry,subject_03,subject_03_angry_session_01
19.82,0.03491110567989677,angry,subject_03,subject_03_angry_session_01
19.824,0.031384699277185533,angry,subject_03,subject_03_angry_session_01
19.828,-0.05019637495546864,angry,subject_03,subject_03_angry_session_01
19.832,-0.02263513601984446,angry,subject_03,subject_03_angry_session_01
19.836,0.05551243760535608,angry,subject_03,subject_03_angry_session_01
19.84,0.09352215120478631,angry,subject_03,subject_03_angry_session_01
19.844,0.09069453294033147,angry,subject_03,subject_03_angry_session_01
19.848,0.08209482364449452,angry,subject_03,subject_03_angry_session_01
19.852,-0.006077840569099456,angry,subject_03,subject_03_angry_session_01
19.856,0.043866233174847544,angry,subject_03,subject_03_angry_session_01
19.86,0.012956440775298516,angry,subject_03,subject_03_angry_session_01
19.864,-0.026859950145891726,angry,subject_03,subject_03_angry_session_01
19.868,0.06189175230912758,angry,subject_03,subject_03_angry_session_01
19.872,0.13948518112596014,angry,subject_03,subject_03_angry_session_01
19.876,0.321582012991824,angry,subject_03,subject_03_angry_session_01
19.88,0.4550000159243276,angry,subject_03,subject_03_angry_session_01
19.884,0.5592368557725484,angry,subject_03,subject_03_angry_session_01
19.888,0.7131014642297858,angry,subject_03,subject_03_angry_session_01
19.892,0.834075730013315,angry,subject_03,subject_03_angry_session_01
19.896,0.974021758230061,angry,subject_03,subject_03_angry_session_01
19.9,1.062186407875971,angry,subject_03,subject_03_angry_session_01
19.904,1.1092061015211077,angry,subject_03,subject_03_angry_session_01
19.908,1.059785480834457,angry,subject_03,subject_03_angry_session_01
19.912,0.9145338527956802,angry,subject_03,subject_03_angry_session_01
19.916,0.8000478535879716,angry,subject_03,subject_03_angry_session_01
19.92,0.6611827947471455,angry,subject_03,subject_03_angry_session_01
19.924,0.5263250803829489,angry,subject_03,subject_03_angry_session_01
19.928,0.3012918496843248,angry,subject_03,subject_03_angry_session_01
19.932,0.09998806386218848,angry,subject_03,subject_03_angry_session_01
19.936,0.009079185028364883,angry,subject_03,subject_03_angry_session_01
19.94,0.018399808062893656,angry,subject_03,subject_03_angry_session_01
19.944,-0.015953227169712012,angry,subject_03,subject_03_angry_session_01
19.948,-0.09466874487483923,angry,subject_03,subject_03_angry_session_01
19.952,-0.11562286121957821,angry,subject_03,subject_03_angry_session_01
19.956,-0.12701151971356245,angry,subject_03,subject_03_angry_session_01
19.96,-0.1073697517655735,angry,subject_03,subject_03_angry_session_01
19.964,-0.03354435516354275,angry,subject_03,subject_03_angry_session_01
19.968,-0.09214200909115501,angry,subject_03,subject_03_angry_session_01
19.972,0.021228073664207845,angry,subject_03,subject_03_angry_session_01
19.976,0.048974515647985356,angry,subject_03,subject_03_angry_session_01
19.98,-0.05853795504903943,angry,subject_03,subject_03_angry_session_01
19.984,-0.0345658785991648,angry,subject_03,subject_03_angry_session_01
19.988,0.025786012422996482,angry,subject_03,subject_03_angry_session_01
19.992,-0.013446515660006611,angry,subject_03,subject_03_angry_session_01
19.996,0.050673603707602384,angry,subject_03,subject_03_angry_session_01
20.0,0.10247166325282797,angry,subject_03,subject_03_angry_session_01
20.004,0.03563742547634091,angry,subject_03,subject_03_angry_session_01
20.008,-0.049416378705451416,angry,subject_03,subject_03_angry_session_01
20.012,0.06792138257770532,angry,subject_03,subject_03_angry_session_01
20.016,0.042926718011279695,angry,subject_03,subject_03_angry_session_01
20.02,0.10092452291017436,angry,subject_03,subject_03_angry_session_01
20.024,0.2145421761705541,angry,subject_03,subject_03_angry_session_01
20.028,0.023824145021110396,angry,subject_03,subject_03_angry_session_01
20.032,0.044035042089419,angry,subject_03,subject_03_angry_session_01
20.036,0.11212665645849818,angry,subject_03,subject_03_angry_session_01
20.04,0.1539653041743019,angry,subject_03,subject_03_angry_session_01
20.044,0.23191240443978597,angry,subject_03,subject_03_angry_session_01
20.048,0.09188305991681872,angry,subject_03,subject_03_angry_session_01
20.052,0.07281087290501653,angry,subject_03,subject_03_angry_session_01
20.056,0.08555945872973302,angry,subject_03,subject_03_angry_session_01
20.06,0.11505935389097749,angry,subject_03,subject_03_angry_session_01
20.064,0.13488361689651535,angry,subject_03,subject_03_angry_session_01
20.068,0.16835528648862055,angry,subject_03,subject_03_angry_session_01
20.072,0.16856352464302224,angry,subject_03,subject_03_angry_session_01
20.076,0.09848116893854408,angry,subject_03,subject_03_angry_session_01
20.08,0.09180368552294668,angry,subject_03,subject_03_angry_session_01
20.084,0.18564520736572754,angry,subject_03,subject_03_angry_session_01
20.088,0.1547118669207028,angry,subject_03,subject_03_angry_session_01
20.092,0.17288717736327205,angry,subject_03,subject_03_angry_session_01
20.096,0.2694425759146235,angry,subject_03,subject_03_angry_session_01
20.1,0.2636712497184421,angry,subject_03,subject_03_angry_session_01
20.104,0.2097907952159999,angry,subject_03,subject_03_angry_session_01
20.108,0.29978580010173816,angry,subject_03,subject_03_angry_session_01
20.112,0.31049294230373825,angry,subject_03,subject_03_angry_session_01
20.116,0.33374542288867376,angry,subject_03,subject_03_angry_session_01
20.12,0.3509752866291774,angry,subject_03,subject_03_angry_session_01
20.124,0.25050744339878567,angry,subject_03,subject_03_angry_session_01
20.128,0.3341351663371087,angry,subject_03,subject_03_angry_session_01
20.132,0.2534707278938118,angry,subject_03,subject_03_angry_session_01
20.136,0.34827545356088974,angry,subject_03,subject_03_angry_session_01
20.14,0.264284367603869,angry,subject_03,subject_03_angry_session_01
20.144,0.2820982516821781,angry,subject_03,subject_03_angry_session_01
20.148,0.22262785827767018,angry,subject_03,subject_03_angry_session_01
20.152,0.2233014299506626,angry,subject_03,subject_03_angry_session_01
20.156,0.3092447845135149,angry,subject_03,subject_03_angry_session_01
20.16,0.3431186109155795,angry,subject_03,subject_03_angry_session_01
20.164,0.22248877925584584,angry,subject_03,subject_03_angry_session_01
20.168,0.36322785813469244,angry,subject_03,subject_03_angry_session_01
20.172,0.3551647634471622,angry,subject_03,subject_03_angry_session_01
20.176,0.30447911900859226,angry,subject_03,subject_03_angry_session_01
20.18,0.3355183025453751,angry,subject_03,subject_03_angry_session_01
20.184,0.2446043735134767,angry,subject_03,subject_03_angry_session_01
20.188,0.18833610596124634,angry,subject_03,subject_03_angry_session_01
20.192,0.2393021443674332,angry,subject_03,subject_03_angry_session_01
20.196,0.33907150958264387,angry,subject_03,subject_03_angry_session_01
20.2,0.3404798227255271,angry,subject_03,subject_03_angry_session_01
20.204,0.19062347677004055,angry,subject_03,subject_03_angry_session_01
20.208,0.1866577811746673,angry,subject_03,subject_03_angry_session_01
20.212,0.2020476949534372,angry,subject_03,subject_03_angry_session_01
20.216,0.1362380003761354,angry,subject_03,subject_03_angry_session_01
20.22,0.21298834990694998,angry,subject_03,subject_03_angry_session_01
20.224,0.27567953515210847,angry,subject_03,subject_03_angry_session_01
20.228,0.06365596358019168,angry,subject_03,subject_03_angry_session_01
20.232,0.2366673112921378,angry,subject_03,subject_03_angry_session_01
20.236,0.32343818433470717,angry,subject_03,subject_03_angry_session_01
20.24,0.29026349480554897,angry,subject_03,subject_03_angry_session_01
20.244,0.25650458547193544,angry,subject_03,subject_03_angry_session_01
20.248,0.2359960973998396,angry,subject_03,subject_03_angry_session_01
20.252,0.2941602841254229,angry,subject_03,subject_03_angry_session_01
20.256,0.25275609688770345,angry,subject_03,subject_03_angry_session_01
20.26,0.20204256614002478,angry,subject_03,subject_03_angry_session_01
20.264,0.27020855060190224,angry,subject_03,subject_03_angry_session_01
20.268,0.12733483543143975,angry,subject_03,subject_03_angry_session_01
20.272,0.2514476517428598,angry,subject_03,subject_03_angry_session_01
20.276,0.2308764851938484,angry,subject_03,subject_03_angry_session_01
20.28,0.20367164674070776,angry,subject_03,subject_03_angry_session_01
20.284,0.1904401997678303,angry,subject_03,subject_03_angry_session_01
20.288,0.27844279155119983,angry,subject_03,subject_03_angry_session_01
20.292,0.2347633741202499,angry,subject_03,subject_03_angry_session_01
20.296,0.24405703400202466,angry,subject_03,subject_03_angry_session_01
20.3,0.18258637926187493,angry,subject_03,subject_03_angry_session_01
20.304,0.21364083547515622,angry,subject_03,subject_03_angry_session_01
20.308,0.16298104903300203,angry,subject_03,subject_03_angry_session_01
20.312,0.11867010786183019,angry,subject_03,subject_03_angry_session_01
20.316,0.16587808272456972,angry,subject_03,subject_03_angry_session_01
20.32,0.09402899175219193,angry,subject_03,subject_03_angry_session_01
20.324,0.17232334048156217,angry,subject_03,subject_03_angry_session_01
20.328,0.02088968223485184,angry,subject_03,subject_03_angry_session_01
20.332,0.07093427151829633,angry,subject_03,subject_03_angry_session_01
20.336,0.03774994787993165,angry,subject_03,subject_03_angry_session_01
20.34,0.21184433432411884,angry,subject_03,subject_03_angry_session_01
20.344,0.02615472270977206,angry,subject_03,subject_03_angry_session_01
20.348,0.05607862896283186,angry,subject_03,subject_03_angry_session_01
20.352,-0.06974109988306076,angry,subject_03,subject_03_angry_session_01
20.356,0.15195122018443546,angry,subject_03,subject_03_angry_session_01
20.36,-0.003864432023799831,angry,subject_03,subject_03_angry_session_01
20.364,0.13104063128811996,angry,subject_03,subject_03_angry_session_01
20.368,-0.025144011884613786,angry,subject_03,subject_03_angry_session_01
20.372,-0.023951089683257674,angry,subject_03,subject_03_angry_session_01
20.376,0.08173609295203974,angry,subject_03,subject_03_angry_session_01
20.38,-0.06314658229940585,angry,subject_03,subject_03_angry_session_01
20.384,0.05354336280778371,angry,subject_03,subject_03_angry_session_01
20.388,-0.019547245455411442,angry,subject_03,subject_03_angry_session_01
20.392,0.1543364029323296,angry,subject_03,subject_03_angry_session_01
20.396,0.1320586204848989,angry,subject_03,subject_03_angry_session_01
20.4,0.09891519935993232,angry,subject_03,subject_03_angry_session_01
20.404,0.16186992247397192,angry,subject_03,subject_03_angry_session_01
20.408,-0.01618955276927057,angry,subject_03,subject_03_angry_session_01
20.412,0.06636918370990463,angry,subject_03,subject_03_angry_session_01
20.416,-0.03960463245706952,angry,subject_03,subject_03_angry_session_01
20.42,0.06598715927656516,angry,subject_03,subject_03_angry_session_01
20.424,0.02983274395631636,angry,subject_03,subject_03_angry_session_01
20.428,-0.066939193448695,angry,subject_03,subject_03_angry_session_01
20.432,0.008017782184606463,angry,subject_03,subject_03_angry_session_01
20.436,0.035655937161151764,angry,subject_03,subject_03_angry_session_01
20.44,0.0743062527126682,angry,subject_03,subject_03_angry_session_01
20.444,0.24740213060662347,angry,subject_03,subject_03_angry_session_01
20.448,0.17724867290700277,angry,subject_03,subject_03_angry_session_01
20.452,0.3316388472411381,angry,subject_03,subject_03_angry_session_01
20.456,0.34675788796295526,angry,subject_03,subject_03_angry_session_01
20.46,0.7270494347462728,angry,subject_03,subject_03_angry_session_01
20.464,0.8912621246316,angry,subject_03,subject_03_angry_session_01
20.468,1.0276731100811167,angry,subject_03,subject_03_angry_session_01
20.472,1.0667803422879547,angry,subject_03,subject_03_angry_session_01
20.476,1.0685401023973087,angry,subject_03,subject_03_angry_session_01
20.48,1.0280942387570902,angry,subject_03,subject_03_angry_session_01
20.484,1.0644212145817598,angry,subject_03,subject_03_angry_session_01
20.488,0.8636166376149673,angry,subject_03,subject_03_angry_session_01
20.492,0.6604930040837851,angry,subject_03,subject_03_angry_session_01
20.496,0.6533566402606776,angry,subject_03,subject_03_angry_session_01
20.5,0.3994859836752463,angry,subject_03,subject_03_angry_session_01
20.504,0.2779772641271643,angry,subject_03,subject_03_angry_session_01
20.508,-0.06128313894652529,angry,subject_03,subject_03_angry_session_01
20.512,0.048310637124255755,angry,subject_03,subject_03_angry_session_01
20.516,-0.019630210018808793,angry,subject_03,subject_03_angry_session_01
20.52,0.08011380600814584,angry,subject_03,subject_03_angry_session_01
20.524,-0.04975993864895707,angry,subject_03,subject_03_angry_session_01
20.528,-0.20655020163667687,angry,subject_03,subject_03_angry_session_01
20.532,-0.023120973451333775,angry,subject_03,subject_03_angry_session_01
20.536,0.00812456234425331,angry,subject_03,subject_03_angry_session_01
20.54,0.10049037758648743,angry,subject_03,subject_03_angry_session_01
20.544,0.02918595396087537,angry,subject_03,subject_03_angry_session_01
20.548,0.01310153708247875,angry,subject_03,subject_03_angry_session_01
20.552,0.03621822719321087,angry,subject_03,subject_03_angry_session_01
20.556,0.22649089142224813,angry,subject_03,subject_03_angry_session_01
20.56,0.08501150722606932,angry,subject_03,subject_03_angry_session_01
20.564,0.0391668086721117,angry,subject_03,subject_03_angry_session_01
20.568,0.12436142548547058,angry,subject_03,subject_03_angry_session_01
20.572,-0.006417495419568181,angry,subject_03,subject_03_angry_session_01
20.576,0.02214851164988893,angry,subject_03,subject_03_angry_session_01
20.58,0.03959335281699623,angry,subject_03,subject_03_angry_session_01
20.584,-0.03279030064408743,angry,subject_03,subject_03_angry_session_01
20.588,0.14654810744313232,angry,subject_03,subject_03_angry_session_01
20.592,0.03966294023844196,angry,subject_03,subject_03_angry_session_01
20.596,0.10351104971779855,angry,subject_03,subject_03_angry_session_01
20.6,0.06547381946409553,angry,subject_03,subject_03_angry_session_01
20.604,0.12888073101940922,angry,subject_03,subject_03_angry_session_01
20.608,0.23619890705244073,angry,subject_03,subject_03_angry_session_01
20.612,0.09908725011892605,angry,subject_03,subject_03_angry_session_01
20.616,0.09832959112292895,angry,subject_03,subject_03_angry_session_01
20.62,0.05596071727092107,angry,subject_03,subject_03_angry_session_01
20.624,0.12573003989460158,angry,subject_03,subject_03_angry_session_01
20.628,0.030420217797596155,angry,subject_03,subject_03_angry_session_01
20.632,0.2531817956821023,angry,subject_03,subject_03_angry_session_01
20.636,0.12645442237201263,angry,subject_03,subject_03_angry_session_01
20.64,0.1159098314838812,angry,subject_03,subject_03_angry_session_01
20.644,0.17315854365967415,angry,subject_03,subject_03_angry_session_01
20.648,0.23482925171335978,angry,subject_03,subject_03_angry_session_01
20.652,0.1856701358358616,angry,subject_03,subject_03_angry_session_01
20.656,0.28173119009466785,angry,subject_03,subject_03_angry_session_01
20.66,0.18934313498059788,angry,subject_03,subject_03_angry_session_01
20.664,0.17598887742345776,angry,subject_03,subject_03_angry_session_01
20.668,0.23071150501304732,angry,subject_03,subject_03_angry_session_01
20.672,0.2319250900580473,angry,subject_03,subject_03_angry_session_01
20.676,0.3090708732845874,angry,subject_03,subject_03_angry_session_01
20.68,0.30929084291738995,angry,subject_03,subject_03_angry_session_01
20.684,0.23324114259521522,angry,subject_03,subject_03_angry_session_01
20.688,0.1689301263155285,angry,subject_03,subject_03_angry_session_01
20.692,0.31388204552378096,angry,subject_03,subject_03_angry_session_01
20.696,0.20243944012864973,angry,subject_03,subject_03_angry_session_01
20.7,0.2794573385789304,angry,subject_03,subject_03_angry_session_01
20.704,0.32278504611713354,angry,subject_03,subject_03_angry_session_01
20.708,0.4119202896787919,angry,subject_03,subject_03_angry_session_01
20.712,0.43870155849232495,angry,subject_03,subject_03_angry_session_01
20.716,0.32694922545874205,angry,subject_03,subject_03_angry_session_01
20.72,0.17436942418945942,angry,subject_03,subject_03_angry_session_01
20.724,0.23143148343652797,angry,subject_03,subject_03_angry_session_01
20.728,0.29405457126601503,angry,subject_03,subject_03_angry_session_01
20.732,0.2818746346063873,angry,subject_03,subject_03_angry_session_01
20.736,0.3118583802906612,angry,subject_03,subject_03_angry_session_01
20.74,0.31215814391042745,angry,subject_03,subject_03_angry_session_01
20.744,0.22577350827965517,angry,subject_03,subject_03_angry_session_01
20.748,0.3394667481244491,angry,subject_03,subject_03_angry_session_01
20.752,0.2398037469312779,angry,subject_03,subject_03_angry_session_01
20.756,0.30668393654698983,angry,subject_03,subject_03_angry_session_01
20.76,0.41038489153556235,angry,subject_03,subject_03_angry_session_01
20.764,0.2270376468240745,angry,subject_03,subject_03_angry_session_01
20.768,0.29746530668059534,angry,subject_03,subject_03_angry_session_01
20.772,0.25914473684818135,angry,subject_03,subject_03_angry_session_01
20.776,0.21698250037138112,angry,subject_03,subject_03_angry_session_01
20.78,0.286168752370222,angry,subject_03,subject_03_angry_session_01
20.784,0.2259269211820546,angry,subject_03,subject_03_angry_session_01
20.788,0.3225744258381415,angry,subject_03,subject_03_angry_session_01
20.792,0.30995766651382056,angry,subject_03,subject_03_angry_session_01
20.796,0.37361480626210924,angry,subject_03,subject_03_angry_session_01
20.8,0.3126719463628006,angry,subject_03,subject_03_angry_session_01
20.804,0.30210095227745065,angry,subject_03,subject_03_angry_session_01
20.808,0.13166522683851375,angry,subject_03,subject_03_angry_session_01
20.812,0.3120597668020414,angry,subject_03,subject_03_angry_session_01
20.816,0.30036191405832136,angry,subject_03,subject_03_angry_session_01
20.82,0.20188534504879452,angry,subject_03,subject_03_angry_session_01
20.824,0.3574982923461685,angry,subject_03,subject_03_angry_session_01
20.828,0.29985546817242803,angry,subject_03,subject_03_angry_session_01
20.832,0.2510884350864317,angry,subject_03,subject_03_angry_session_01
20.836,0.28020584023699635,angry,subject_03,subject_03_angry_session_01
20.84,0.2578169649721761,angry,subject_03,subject_03_angry_session_01
20.844,0.23512057777894899,angry,subject_03,subject_03_angry_session_01
20.848,0.20524315084975542,angry,subject_03,subject_03_angry_session_01
20.852,0.28809259564855316,angry,subject_03,subject_03_angry_session_01
20.856,0.115475318667943,angry,subject_03,subject_03_angry_session_01
20.86,0.20952112639622036,angry,subject_03,subject_03_angry_session_01
20.864,0.2811407158682602,angry,subject_03,subject_03_angry_session_01
20.868,0.1886689991292847,angry,subject_03,subject_03_angry_session_01
20.872,0.22177887299247037,angry,subject_03,subject_03_angry_session_01
20.876,0.16429668038074016,angry,subject_03,subject_03_angry_session_01
20.88,0.09327592804061358,angry,subject_03,subject_03_angry_session_01
20.884,0.2027859557601781,angry,subject_03,subject_03_angry_session_01
20.888,0.22831614309404927,angry,subject_03,subject_03_angry_session_01
20.892,0.09436545236592275,angry,subject_03,subject_03_angry_session_01
20.896,0.15416672467703257,angry,subject_03,subject_03_angry_session_01
20.9,0.12961552306163868,angry,subject_03,subject_03_angry_session_01
20.904,0.08078841880687483,angry,subject_03,subject_03_angry_session_01
20.908,0.16717082298950792,angry,subject_03,subject_03_angry_session_01
20.912,0.07390479586609297,angry,subject_03,subject_03_angry_session_01
20.916,0.018481529594939122,angry,subject_03,subject_03_angry_session_01
20.92,0.053134282276129374,angry,subject_03,subject_03_angry_session_01
20.924,0.05998669041910359,angry,subject_03,subject_03_angry_session_01
20.928,0.02340276850263004,angry,subject_03,subject_03_angry_session_01
20.932,0.026177661174479012,angry,subject_03,subject_03_angry_session_01
20.936,-0.015313895954087914,angry,subject_03,subject_03_angry_session_01
20.94,0.032767384967275395,angry,subject_03,subject_03_angry_session_01
20.944,0.05903508531449761,angry,subject_03,subject_03_angry_session_01
20.948,-0.010092303394973044,angry,subject_03,subject_03_angry_session_01
20.952,-0.023536843722967354,angry,subject_03,subject_03_angry_session_01
20.956,-0.021473114871072646,angry,subject_03,subject_03_angry_session_01
20.96,0.029624911223728442,angry,subject_03,subject_03_angry_session_01
20.964,0.005367976504669449,angry,subject_03,subject_03_angry_session_01
20.968,-0.06464819807295413,angry,subject_03,subject_03_angry_session_01
20.972,-0.042900135885006636,angry,subject_03,subject_03_angry_session_01
20.976,0.027020201161082853,angry,subject_03,subject_03_angry_session_01
20.98,0.00831791197992822,angry,subject_03,subject_03_angry_session_01
20.984,0.02443306534723554,angry,subject_03,subject_03_angry_session_01
20.988,0.12224382817334839,angry,subject_03,subject_03_angry_session_01
20.992,0.04005411041113044,angry,subject_03,subject_03_angry_session_01
20.996,-0.09181472640056829,angry,subject_03,subject_03_angry_session_01
21.0,-0.021692154793182462,angry,subject_03,subject_03_angry_session_01
21.004,0.03815083277422049,angry,subject_03,subject_03_angry_session_01
21.008,-0.011861056575007373,angry,subject_03,subject_03_angry_session_01
21.012,-0.0005522750539510152,angry,subject_03,subject_03_angry_session_01
21.016,0.1703752115584345,angry,subject_03,subject_03_angry_session_01
21.02,0.17900576551326913,angry,subject_03,subject_03_angry_session_01
21.024,0.27129368306554336,angry,subject_03,subject_03_angry_session_01
21.028,0.4169401046047957,angry,subject_03,subject_03_angry_session_01
21.032,0.7291580688339665,angry,subject_03,subject_03_angry_session_01
21.036,0.719603195648648,angry,subject_03,subject_03_angry_session_01
21.04,0.9198375579625224,angry,subject_03,subject_03_angry_session_01
21.044,1.0349764845082512,angry,subject_03,subject_03_angry_session_01
21.048,1.1503096932343384,angry,subject_03,subject_03_angry_session_01
21.052,1.0707235632939243,angry,subject_03,subject_03_angry_session_01
21.056,1.0219847120492616,angry,subject_03,subject_03_angry_session_01
21.06,1.0217657607408863,angry,subject_03,subject_03_angry_session_01
21.064,0.9820652874232234,angry,subject_03,subject_03_angry_session_01
21.068,0.6343331096005183,angry,subject_03,subject_03_angry_session_01
21.072,0.458332048062984,angry,subject_03,subject_03_angry_session_01
21.076,0.4834659458461418,angry,subject_03,subject_03_angry_session_01
21.08,0.1744092334352953,angry,subject_03,subject_03_angry_session_01
21.084,0.07086303823234648,angry,subject_03,subject_03_angry_session_01
21.088,0.03238108798276534,angry,subject_03,subject_03_angry_session_01
21.092,0.008237150813908238,angry,subject_03,subject_03_angry_session_01
21.096,-0.013128579501060573,angry,subject_03,subject_03_angry_session_01
21.1,0.035265147746144934,angry,subject_03,subject_03_angry_session_01
21.104,-0.09193792037636422,angry,subject_03,subject_03_angry_session_01
21.108,-0.005278698058019093,angry,subject_03,subject_03_angry_session_01
21.112,0.08858653109101777,angry,subject_03,subject_03_angry_session_01
21.116,-0.10272896152831484,angry,subject_03,subject_03_angry_session_01
21.12,-0.03531787638882675,angry,subject_03,subject_03_angry_session_01
21.124,0.09225070428934254,angry,subject_03,subject_03_angry_session_01
21.128,0.05940006708627149,angry,subject_03,subject_03_angry_session_01
21.132,0.019481560437411893,angry,subject_03,subject_03_angry_session_01
21.136,0.08075980142917598,angry,subject_03,subject_03_angry_session_01
21.14,0.09188484502974144,angry,subject_03,subject_03_angry_session_01
21.144,0.01600345991224813,angry,subject_03,subject_03_angry_session_01
21.148,0.06880274976490848,angry,subject_03,subject_03_angry_session_01
21.152,0.007182318373275931,angry,subject_03,subject_03_angry_session_01
21.156,0.15155963483111629,angry,subject_03,subject_03_angry_session_01
21.16,-0.006332815361348415,angry,subject_03,subject_03_angry_session_01
21.164,0.08478227120840266,angry,subject_03,subject_03_angry_session_01
21.168,0.14565735472231517,angry,subject_03,subject_03_angry_session_01
21.172,0.22400213763041527,angry,subject_03,subject_03_angry_session_01
21.176,0.09852041786312474,angry,subject_03,subject_03_angry_session_01
21.18,0.2815246306639778,angry,subject_03,subject_03_angry_session_01
21.184,0.05503075136828338,angry,subject_03,subject_03_angry_session_01
21.188,0.16548182474013234,angry,subject_03,subject_03_angry_session_01
21.192,0.09550622909184506,angry,subject_03,subject_03_angry_session_01
21.196,0.24325931343244384,angry,subject_03,subject_03_angry_session_01
21.2,0.14724729222209157,angry,subject_03,subject_03_angry_session_01
21.204,0.09854790789012846,angry,subject_03,subject_03_angry_session_01
21.208,0.24281745718733527,angry,subject_03,subject_03_angry_session_01
21.212,0.15025228094939863,angry,subject_03,subject_03_angry_session_01
21.216,0.10682243908673741,angry,subject_03,subject_03_angry_session_01
21.22,0.17376352860816274,angry,subject_03,subject_03_angry_session_01
21.224,0.26185804055326123,angry,subject_03,subject_03_angry_session_01
21.228,0.20060244663403007,angry,subject_03,subject_03_angry_session_01
21.232,0.19415348551869654,angry,subject_03,subject_03_angry_session_01
21.236,0.22556942372945932,angry,subject_03,subject_03_angry_session_01
21.24,0.08929784332952731,angry,subject_03,subject_03_angry_session_01
21.244,0.4128859459801706,angry,subject_03,subject_03_angry_session_01
21.248,0.24532588945007155,angry,subject_03,subject_03_angry_session_01
21.252,0.31360241085937524,angry,subject_03,subject_03_angry_session_01
21.256,0.35221111306503794,angry,subject_03,subject_03_angry_session_01
21.26,0.20423120310299359,angry,subject_03,subject_03_angry_session_01
21.264,0.19783290029777162,angry,subject_03,subject_03_angry_session_01
21.268,0.37570034479053666,angry,subject_03,subject_03_angry_session_01
21.272,0.23586250398283154,angry,subject_03,subject_03_angry_session_01
21.276,0.2658861582349601,angry,subject_03,subject_03_angry_session_01
21.28,0.24753505330695438,angry,subject_03,subject_03_angry_session_01
21.284,0.11647389780652648,angry,subject_03,subject_03_angry_session_01
21.288,0.2854636793602382,angry,subject_03,subject_03_angry_session_01
21.292,0.29668782082862843,angry,subject_03,subject_03_angry_session_01
21.296,0.36683804801071196,angry,subject_03,subject_03_angry_session_01
21.3,0.276286445432132,angry,subject_03,subject_03_angry_session_01
21.304,0.2669396523659106,angry,subject_03,subject_03_angry_session_01
21.308,0.3358140847331573,angry,subject_03,subject_03_angry_session_01
21.312,0.35650653433825047,angry,subject_03,subject_03_angry_session_01
21.316,0.23137428530585916,angry,subject_03,subject_03_angry_session_01
21.32,0.18059573679338292,angry,subject_03,subject_03_angry_session_01
21.324,0.43152434755549696,angry,subject_03,subject_03_angry_session_01
21.328,0.38896652898775563,angry,subject_03,subject_03_angry_session_01
21.332,0.2520813842629755,angry,subject_03,subject_03_angry_session_01
21.336,0.26948256518046826,angry,subject_03,subject_03_angry_session_01
21.34,0.2835966765267787,angry,subject_03,subject_03_angry_session_01
21.344,0.2310519610942185,angry,subject_03,subject_03_angry_session_01
21.348,0.2439357696200417,angry,subject_03,subject_03_angry_session_01
21.352,0.2685651251036718,angry,subject_03,subject_03_angry_session_01
21.356,0.18716583928613534,angry,subject_03,subject_03_angry_session_01
21.36,0.4096374112189002,angry,subject_03,subject_03_angry_session_01
21.364,0.16456343417118224,angry,subject_03,subject_03_angry_session_01
21.368,0.13652642227745107,angry,subject_03,subject_03_angry_session_01
21.372,0.31392283160730583,angry,subject_03,subject_03_angry_session_01
21.376,0.23268719954032088,angry,subject_03,subject_03_angry_session_01
21.38,0.2790080741079807,angry,subject_03,subject_03_angry_session_01
21.384,0.2504299814986467,angry,subject_03,subject_03_angry_session_01
21.388,0.2244107071072499,angry,subject_03,subject_03_angry_session_01
21.392,0.23819284699133209,angry,subject_03,subject_03_angry_session_01
21.396,0.26487542018308247,angry,subject_03,subject_03_angry_session_01
21.4,0.3052222962570374,angry,subject_03,subject_03_angry_session_01
21.404,0.1875745402503124,angry,subject_03,subject_03_angry_session_01
21.408,0.2568302982466452,angry,subject_03,subject_03_angry_session_01
21.412,0.19591941836486296,angry,subject_03,subject_03_angry_session_01
21.416,0.19660270324980259,angry,subject_03,subject_03_angry_session_01
21.42,0.16011942454508438,angry,subject_03,subject_03_angry_session_01
21.424,0.189070779514354,angry,subject_03,subject_03_angry_session_01
21.428,0.12621635700677986,angry,subject_03,subject_03_angry_session_01
21.432,0.12437461268816516,angry,subject_03,subject_03_angry_session_01
21.436,0.1302858124520619,angry,subject_03,subject_03_angry_session_01
21.44,0.04123888676042431,angry,subject_03,subject_03_angry_session_01
21.444,0.11149956662373428,angry,subject_03,subject_03_angry_session_01
21.448,0.12955540626183137,angry,subject_03,subject_03_angry_session_01
21.452,0.17223348432014227,angry,subject_03,subject_03_angry_session_01
21.456,0.057977748067175275,angry,subject_03,subject_03_angry_session_01
21.46,0.13009178390632029,angry,subject_03,subject_03_angry_session_01
21.464,0.14578270837368718,angry,subject_03,subject_03_angry_session_01
21.468,0.0980941349802994,angry,subject_03,subject_03_angry_session_01
21.472,0.11679721073160317,angry,subject_03,subject_03_angry_session_01
21.476,0.10991896097187663,angry,subject_03,subject_03_angry_session_01
21.48,0.0671458657971757,angry,subject_03,subject_03_angry_session_01
21.484,0.0412886189867378,angry,subject_03,subject_03_angry_session_01
21.488,0.08426128634388413,angry,subject_03,subject_03_angry_session_01
21.492,0.0022877252268622417,angry,subject_03,subject_03_angry_session_01
21.496,-0.0737092824399762,angry,subject_03,subject_03_angry_session_01
21.5,0.01184502333913589,angry,subject_03,subject_03_angry_session_01
21.504,0.016243102551208942,angry,subject_03,subject_03_angry_session_01
21.508,0.05458486264951805,angry,subject_03,subject_03_angry_session_01
21.512,0.04778444549039387,angry,subject_03,subject_03_angry_session_01
21.516,-0.0008708347093547564,angry,subject_03,subject_03_angry_session_01
21.52,0.03963399496584797,angry,subject_03,subject_03_angry_session_01
21.524,0.08586808296660345,angry,subject_03,subject_03_angry_session_01
21.528,0.018244197151801943,angry,subject_03,subject_03_angry_session_01
21.532,-0.028656650231661036,angry,subject_03,subject_03_angry_session_01
21.536,0.0009190111779785667,angry,subject_03,subject_03_angry_session_01
21.54,0.06644746939107926,angry,subject_03,subject_03_angry_session_01
21.544,-0.06420733741492429,angry,subject_03,subject_03_angry_session_01
21.548,0.0605928295287506,angry,subject_03,subject_03_angry_session_01
21.552,-0.013489340564595314,angry,subject_03,subject_03_angry_session_01
21.556,0.08351511503477428,angry,subject_03,subject_03_angry_session_01
21.56,0.03252146225082819,angry,subject_03,subject_03_angry_session_01
21.564,0.04902983954282952,angry,subject_03,subject_03_angry_session_01
21.568,0.06355630304776541,angry,subject_03,subject_03_angry_session_01
21.572,0.06980110389258698,angry,subject_03,subject_03_angry_session_01
21.576,0.05322943361518507,angry,subject_03,subject_03_angry_session_01
21.58,-0.04771531698934846,angry,subject_03,subject_03_angry_session_01
21.584,0.07488683185341807,angry,subject_03,subject_03_angry_session_01
21.588,-0.005595315467388257,angry,subject_03,subject_03_angry_session_01
21.592,0.0789844043070039,angry,subject_03,subject_03_angry_session_01
21.596,0.251850913309443,angry,subject_03,subject_03_angry_session_01
21.6,0.467206227604129,angry,subject_03,subject_03_angry_session_01
21.604,0.5409608199360696,angry,subject_03,subject_03_angry_session_01
21.608,0.6613676128975099,angry,subject_03,subject_03_angry_session_01
21.612,0.8987414585216897,angry,subject_03,subject_03_angry_session_01
21.616,0.9602285535941457,angry,subject_03,subject_03_angry_session_01
21.62,1.1011796317642473,angry,subject_03,subject_03_angry_session_01
21.624,1.1151695896712512,angry,subject_03,subject_03_angry_session_01
21.628,1.0260239248409493,angry,subject_03,subject_03_angry_session_01
21.632,1.0728022127925667,angry,subject_03,subject_03_angry_session_01
21.636,0.7806461703668837,angry,subject_03,subject_03_angry_session_01
21.64,0.6687448992581648,angry,subject_03,subject_03_angry_session_01
21.644,0.5896907085612828,angry,subject_03,subject_03_angry_session_01
21.648,0.5552695511929522,angry,subject_03,subject_03_angry_session_01
21.652,0.12750219978144162,angry,subject_03,subject_03_angry_session_01
21.656,0.10600114653850953,angry,subject_03,subject_03_angry_session_01
21.66,-0.11292351907964737,angry,subject_03,subject_03_angry_session_01
21.664,-0.030987037266666587,angry,subject_03,subject_03_angry_session_01
21.668,-0.08289553725871902,angry,subject_03,subject_03_angry_session_01
21.672,-0.04205127231771905,angry,subject_03,subject_03_angry_session_01
21.676,0.051938741611273716,angry,subject_03,subject_03_angry_session_01
21.68,0.035201115238503625,angry,subject_03,subject_03_angry_session_01
21.684,-0.021972975625186474,angry,subject_03,subject_03_angry_session_01
21.688,0.05468239807853687,angry,subject_03,subject_03_angry_session_01
21.692,0.026693676839735503,angry,subject_03,subject_03_angry_session_01
21.696,-0.033135763335421405,angry,subject_03,subject_03_angry_session_01
21.7,0.03095067864463749,angry,subject_03,subject_03_angry_session_01
21.704,0.0667063829566236,angry,subject_03,subject_03_angry_session_01
21.708,0.2648274432517986,angry,subject_03,subject_03_angry_session_01
21.712,0.12471983566897202,angry,subject_03,subject_03_angry_session_01
21.716,0.092565702096362,angry,subject_03,subject_03_angry_session_01
21.72,-0.05382472053527387,angry,subject_03,subject_03_angry_session_01
21.724,0.06914884825417025,angry,subject_03,subject_03_angry_session_01
21.728,0.14813813271808757,angry,subject_03,subject_03_angry_session_01
21.732,0.10010203530100703,angry,subject_03,subject_03_angry_session_01
21.736,0.14141077460891127,angry,subject_03,subject_03_angry_session_01
21.74,0.10845863857644675,angry,subject_03,subject_03_angry_session_01
21.744,0.1451996417770201,angry,subject_03,subject_03_angry_session_01
21.748,-0.01350391227221115,angry,subject_03,subject_03_angry_session_01
21.752,0.19465907973443708,angry,subject_03,subject_03_angry_session_01
21.756,0.15108862659891026,angry,subject_03,subject_03_angry_session_01
21.76,0.18005314400379233,angry,subject_03,subject_03_angry_session_01
21.764,0.12442643963746063,angry,subject_03,subject_03_angry_session_01
21.768,0.15586605050296887,angry,subject_03,subject_03_angry_session_01
21.772,0.17518520153800105,angry,subject_03,subject_03_angry_session_01
21.776,0.1284303008615148,angry,subject_03,subject_03_angry_session_01
21.78,0.09903274882924148,angry,subject_03,subject_03_angry_session_01
21.784,0.08796880116466388,angry,subject_03,subject_03_angry_session_01
21.788,0.15504952416689496,angry,subject_03,subject_03_angry_session_01
21.792,0.11889043680782513,angry,subject_03,subject_03_angry_session_01
21.796,0.13562511524325577,angry,subject_03,subject_03_angry_session_01
21.8,0.275497525079088,angry,subject_03,subject_03_angry_session_01
21.804,0.29272302086895213,angry,subject_03,subject_03_angry_session_01
21.808,0.182156550834179,angry,subject_03,subject_03_angry_session_01
21.812,0.2892916400763279,angry,subject_03,subject_03_angry_session_01
21.816,0.20754881990393484,angry,subject_03,subject_03_angry_session_01
21.82,0.20364819481367982,angry,subject_03,subject_03_angry_session_01
21.824,0.2555210955257437,angry,subject_03,subject_03_angry_session_01
21.828,0.1953840149699138,angry,subject_03,subject_03_angry_session_01
21.832,0.226377279552325,angry,subject_03,subject_03_angry_session_01
21.836,0.3330570795043195,angry,subject_03,subject_03_angry_session_01
21.84,0.2780077155040676,angry,subject_03,subject_03_angry_session_01
21.844,0.2859486031949643,angry,subject_03,subject_03_angry_session_01
21.848,0.254016776686918,angry,subject_03,subject_03_angry_session_01
21.852,0.25256182505047986,angry,subject_03,subject_03_angry_session_01
21.856,0.2819176025419712,angry,subject_03,subject_03_angry_session_01
21.86,0.3244407099897037,angry,subject_03,subject_03_angry_session_01
21.864,0.3006709795925344,angry,subject_03,subject_03_angry_session_01
21.868,0.31822103204998325,angry,subject_03,subject_03_angry_session_01
21.872,0.17462914754010428,angry,subject_03,subject_03_angry_session_01
21.876,0.2229803391513161,angry,subject_03,subject_03_angry_session_01
21.88,0.24632930681948106,angry,subject_03,subject_03_angry_session_01
21.884,0.3085995289610806,angry,subject_03,subject_03_angry_session_01
21.888,0.3032489699254801,angry,subject_03,subject_03_angry_session_01
21.892,0.31874098651430594,angry,subject_03,subject_03_angry_session_01
21.896,0.25706028884862503,angry,subject_03,subject_03_angry_session_01
21.9,0.2818201519198073,angry,subject_03,subject_03_angry_session_01
21.904,0.3789932744422335,angry,subject_03,subject_03_angry_session_01
21.908,0.2717320621956537,angry,subject_03,subject_03_angry_session_01
21.912,0.1550201203485483,angry,subject_03,subject_03_angry_session_01
21.916,0.2923840359992286,angry,subject_03,subject_03_angry_session_01
21.92,0.3309047965872555,angry,subject_03,subject_03_angry_session_01
21.924,0.32497478195617735,angry,subject_03,subject_03_angry_session_01
21.928,0.23337997164200883,angry,subject_03,subject_03_angry_session_01
21.932,0.2340353643998702,angry,subject_03,subject_03_angry_session_01
21.936,0.2916634496903967,angry,subject_03,subject_03_angry_session_01
21.94,0.25148603235477,angry,subject_03,subject_03_angry_session_01
21.944,0.27259735774728566,angry,subject_03,subject_03_angry_session_01
21.948,0.20216108156322787,angry,subject_03,subject_03_angry_session_01
21.952,0.25533834371272873,angry,subject_03,subject_03_angry_session_01
21.956,0.19802974764872108,angry,subject_03,subject_03_angry_session_01
21.96,0.21429313361565974,angry,subject_03,subject_03_angry_session_01
21.964,0.15890449990441868,angry,subject_03,subject_03_angry_session_01
21.968,0.17162676393382406,angry,subject_03,subject_03_angry_session_01
21.972,0.1306628473097572,angry,subject_03,subject_03_angry_session_01
21.976,0.1185918634895747,angry,subject_03,subject_03_angry_session_01
21.98,0.1520728783919812,angry,subject_03,subject_03_angry_session_01
21.984,0.2291737582241129,angry,subject_03,subject_03_angry_session_01
21.988,0.21288399427485669,angry,subject_03,subject_03_angry_session_01
21.992,0.24310340041878958,angry,subject_03,subject_03_angry_session_01
21.996,0.1594091072449528,angry,subject_03,subject_03_angry_session_01
22.0,0.08962393380046241,angry,subject_03,subject_03_angry_session_01
22.004,0.19434044893416763,angry,subject_03,subject_03_angry_session_01
22.008,0.16448685389628684,angry,subject_03,subject_03_angry_session_01
22.012,0.1493949566828553,angry,subject_03,subject_03_angry_session_01
22.016,0.08392826000382371,angry,subject_03,subject_03_angry_session_01
22.02,0.11848515866391177,angry,subject_03,subject_03_angry_session_01
22.024,0.1722269401318297,angry,subject_03,subject_03_angry_session_01
22.028,0.050338118292935496,angry,subject_03,subject_03_angry_session_01
22.032,0.003334761238015377,angry,subject_03,subject_03_angry_session_01
22.036,0.1130737199351467,angry,subject_03,subject_03_angry_session_01
22.04,0.046833504879249595,angry,subject_03,subject_03_angry_session_01
22.044,0.1310423137987876,angry,subject_03,subject_03_angry_session_01
22.048,0.05790481569687342,angry,subject_03,subject_03_angry_session_01
22.052,0.007060781402559627,angry,subject_03,subject_03_angry_session_01
22.056,0.07067274987380193,angry,subject_03,subject_03_angry_session_01
22.06,0.052511934754458076,angry,subject_03,subject_03_angry_session_01
22.064,0.045725499165177826,angry,subject_03,subject_03_angry_session_01
22.068,-0.02341352203895817,angry,subject_03,subject_03_angry_session_01
22.072,0.10799105320835398,angry,subject_03,subject_03_angry_session_01
22.076,-0.005552667493040318,angry,subject_03,subject_03_angry_session_01
22.08,0.11154735227788198,angry,subject_03,subject_03_angry_session_01
22.084,-0.08194805913173869,angry,subject_03,subject_03_angry_session_01
22.088,0.06910289840786342,angry,subject_03,subject_03_angry_session_01
22.092,0.04378658657790381,angry,subject_03,subject_03_angry_session_01
22.096,-0.007260326691638796,angry,subject_03,subject_03_angry_session_01
22.1,-0.09174310612438621,angry,subject_03,subject_03_angry_session_01
22.104,0.009140594598392678,angry,subject_03,subject_03_angry_session_01
22.108,-0.10739409915012792,angry,subject_03,subject_03_angry_session_01
22.112,-0.025501882394944556,angry,subject_03,subject_03_angry_session_01
22.116,0.047637466050877895,angry,subject_03,subject_03_angry_session_01
22.12,-0.012827474364644856,angry,subject_03,subject_03_angry_session_01
22.124,-0.014158922244003632,angry,subject_03,subject_03_angry_session_01
22.128,0.07923019193908315,angry,subject_03,subject_03_angry_session_01
22.132,0.002744673951652993,angry,subject_03,subject_03_angry_session_01
22.136,0.09511124760454313,angry,subject_03,subject_03_angry_session_01
22.14,-0.03126467800155433,angry,subject_03,subject_03_angry_session_01
22.144,0.04518254033533453,angry,subject_03,subject_03_angry_session_01
22.148,-0.028355610859968166,angry,subject_03,subject_03_angry_session_01
22.152,0.003422183285857708,angry,subject_03,subject_03_angry_session_01
22.156,-0.05272329474313751,angry,subject_03,subject_03_angry_session_01
22.16,0.0462708500831432,angry,subject_03,subject_03_angry_session_01
22.164,0.11235360996498574,angry,subject_03,subject_03_angry_session_01
22.168,0.19480846538766836,angry,subject_03,subject_03_angry_session_01
22.172,0.20772235669331685,angry,subject_03,subject_03_angry_session_01
22.176,0.5218058265610099,angry,subject_03,subject_03_angry_session_01
22.18,0.6393654007285211,angry,subject_03,subject_03_angry_session_01
22.184,0.8054642090584185,angry,subject_03,subject_03_angry_session_01
22.188,1.0087952752093396,angry,subject_03,subject_03_angry_session_01
22.192,1.017530584809906,angry,subject_03,subject_03_angry_session_01
22.196,1.1185946981915291,angry,subject_03,subject_03_angry_session_01
22.2,1.123886982716692,angry,subject_03,subject_03_angry_session_01
22.204,1.0039627684608698,angry,subject_03,subject_03_angry_session_01
22.208,0.9131138642803317,angry,subject_03,subject_03_angry_session_01
22.212,0.7193932066644155,angry,subject_03,subject_03_angry_session_01
22.216,0.452145023365403,angry,subject_03,subject_03_angry_session_01
22.22,0.3825468827612264,angry,subject_03,subject_03_angry_session_01
22.224,0.18600528992829637,angry,subject_03,subject_03_angry_session_01
22.228,0.045601141053584704,angry,subject_03,subject_03_angry_session_01
22.232,-0.006415439662827108,angry,subject_03,subject_03_angry_session_01
22.236,0.11348538184867377,angry,subject_03,subject_03_angry_session_01
22.24,-0.1308782404154266,angry,subject_03,subject_03_angry_session_01
22.244,-0.038437622399322594,angry,subject_03,subject_03_angry_session_01
22.248,-0.17438305722343964,angry,subject_03,subject_03_angry_session_01
22.252,-0.02890765463946055,angry,subject_03,subject_03_angry_session_01
22.256,0.010239955436626157,angry,subject_03,subject_03_angry_session_01
22.26,-0.08288911139352528,angry,subject_03,subject_03_angry_session_01
22.264,-0.044041333921264275,angry,subject_03,subject_03_angry_session_01
22.268,-0.053128601323216035,angry,subject_03,subject_03_angry_session_01
22.272,0.0384107602196875,angry,subject_03,subject_03_angry_session_01
22.276,0.03007415953713992,angry,subject_03,subject_03_angry_session_01
22.28,0.06434736684491821,angry,subject_03,subject_03_angry_session_01
22.284,0.01046521705263317,angry,subject_03,subject_03_angry_session_01
22.288,-0.06857754332713265,angry,subject_03,subject_03_angry_session_01
22.292,-0.03957220077312601,angry,subject_03,subject_03_angry_session_01
22.296,-0.05051556419106224,angry,subject_03,subject_03_angry_session_01
22.3,-0.016364381366279282,angry,subject_03,subject_03_angry_session_01
22.304,0.0046823023215212395,angry,subject_03,subject_03_angry_session_01
22.308,0.01652726617879753,angry,subject_03,subject_03_angry_session_01
22.312,0.04082043955065894,angry,subject_03,subject_03_angry_session_01
22.316,-0.05702011837414142,angry,subject_03,subject_03_angry_session_01
22.32,0.10984456522149004,angry,subject_03,subject_03_angry_session_01
22.324,0.08393505052705282,angry,subject_03,subject_03_angry_session_01
22.328,0.05063604526822541,angry,subject_03,subject_03_angry_session_01
22.332,0.04703204879391153,angry,subject_03,subject_03_angry_session_01
22.336,0.05564415072358453,angry,subject_03,subject_03_angry_session_01
22.34,0.07207018688351619,angry,subject_03,subject_03_angry_session_01
22.344,0.12822070936369295,angry,subject_03,subject_03_angry_session_01
22.348,0.09965023372657211,angry,subject_03,subject_03_angry_session_01
22.352,0.13381659875267085,angry,subject_03,subject_03_angry_session_01
22.356,0.12970835957703666,angry,subject_03,subject_03_angry_session_01
22.36,0.09690517778365312,angry,subject_03,subject_03_angry_session_01
22.364,0.04446084739255625,angry,subject_03,subject_03_angry_session_01
22.368,0.23172341645465067,angry,subject_03,subject_03_angry_session_01
22.372,0.19449465507938135,angry,subject_03,subject_03_angry_session_01
22.376,0.24276003359144943,angry,subject_03,subject_03_angry_session_01
22.38,0.14377968552729203,angry,subject_03,subject_03_angry_session_01
22.384,0.2019849951402573,angry,subject_03,subject_03_angry_session_01
22.388,0.15285122639025744,angry,subject_03,subject_03_angry_session_01
22.392,0.23665512384558965,angry,subject_03,subject_03_angry_session_01
22.396,0.29874190093684483,angry,subject_03,subject_03_angry_session_01
22.4,0.30259288435481135,angry,subject_03,subject_03_angry_session_01
22.404,0.22036535243554162,angry,subject_03,subject_03_angry_session_01
22.408,0.26860706498472287,angry,subject_03,subject_03_angry_session_01
22.412,0.2612113968596567,angry,subject_03,subject_03_angry_session_01
22.416,0.24380164003974597,angry,subject_03,subject_03_angry_session_01
22.42,0.2660666295846818,angry,subject_03,subject_03_angry_session_01
22.424,0.19820527215134826,angry,subject_03,subject_03_angry_session_01
22.428,0.1559705405508346,angry,subject_03,subject_03_angry_session_01
22.432,0.27723599856836917,angry,subject_03,subject_03_angry_session_01
22.436,0.18805228778053545,angry,subject_03,subject_03_angry_session_01
22.44,0.20489894706837256,angry,subject_03,subject_03_angry_session_01
22.444,0.23062638164675875,angry,subject_03,subject_03_angry_session_01
22.448,0.3480625827982677,angry,subject_03,subject_03_angry_session_01
22.452,0.2539380832265682,angry,subject_03,subject_03_angry_session_01
22.456,0.20468715201347767,angry,subject_03,subject_03_angry_session_01
22.46,0.1827363573141983,angry,subject_03,subject_03_angry_session_01
22.464,0.24469334105512153,angry,subject_03,subject_03_angry_session_01
22.468,0.24060815820449907,angry,subject_03,subject_03_angry_session_01
22.472,0.1812702335849073,angry,subject_03,subject_03_angry_session_01
22.476,0.2568537512916939,angry,subject_03,subject_03_angry_session_01
22.48,0.14739542380184717,angry,subject_03,subject_03_angry_session_01
22.484,0.17835033961137203,angry,subject_03,subject_03_angry_session_01
22.488,0.3215484207726349,angry,subject_03,subject_03_angry_session_01
22.492,0.1663077858099452,angry,subject_03,subject_03_angry_session_01
22.496,0.22498823308114627,angry,subject_03,subject_03_angry_session_01
22.5,0.25270727019027583,angry,subject_03,subject_03_angry_session_01
22.504,0.3354284118531544,angry,subject_03,subject_03_angry_session_01
22.508,0.3142934442276254,angry,subject_03,subject_03_angry_session_01
22.512,0.2586978951518444,angry,subject_03,subject_03_angry_session_01
22.516,0.15185381528682163,angry,subject_03,subject_03_angry_session_01
22.52,0.15587810004105984,angry,subject_03,subject_03_angry_session_01
22.524,0.18151966499660263,angry,subject_03,subject_03_angry_session_01
22.528,0.35333332990771804,angry,subject_03,subject_03_angry_session_01
22.532,0.23383148163777157,angry,subject_03,subject_03_angry_session_01
22.536,0.19747926063469948,angry,subject_03,subject_03_angry_session_01
22.54,0.20878468418795024,angry,subject_03,subject_03_angry_session_01
22.544,0.2757560885619154,angry,subject_03,subject_03_angry_session_01
22.548,0.15372260074952787,angry,subject_03,subject_03_angry_session_01
22.552,0.1905782404963003,angry,subject_03,subject_03_angry_session_01
22.556,0.16795518345914912,angry,subject_03,subject_03_angry_session_01
22.56,0.13336401353091243,angry,subject_03,subject_03_angry_session_01
22.564,0.1564482417606131,angry,subject_03,subject_03_angry_session_01
22.568,0.18666947391244754,angry,subject_03,subject_03_angry_session_01
22.572,0.17686882350965077,angry,subject_03,subject_03_angry_session_01
22.576,0.23622901041562563,angry,subject_03,subject_03_angry_session_01
22.58,0.10772615561608362,angry,subject_03,subject_03_angry_session_01
22.584,0.15151968412157987,angry,subject_03,subject_03_angry_session_01
22.588,0.057604573838613324,angry,subject_03,subject_03_angry_session_01
22.592,0.1162517922844923,angry,subject_03,subject_03_angry_session_01
22.596,0.01966693682388343,angry,subject_03,subject_03_angry_session_01
22.6,0.13159771721641111,angry,subject_03,subject_03_angry_session_01
22.604,0.20290806176468262,angry,subject_03,subject_03_angry_session_01
22.608,0.14693976762082178,angry,subject_03,subject_03_angry_session_01
22.612,0.05268041152376102,angry,subject_03,subject_03_angry_session_01
22.616,0.1257276970222091,angry,subject_03,subject_03_angry_session_01
22.62,-0.0304010559630637,angry,subject_03,subject_03_angry_session_01
22.624,0.07674041439379267,angry,subject_03,subject_03_angry_session_01
22.628,0.19506297579311688,angry,subject_03,subject_03_angry_session_01
22.632,0.06086087198491503,angry,subject_03,subject_03_angry_session_01
22.636,0.012094873525244455,angry,subject_03,subject_03_angry_session_01
22.64,0.0014936623141807125,angry,subject_03,subject_03_angry_session_01
22.644,0.03212140896840765,angry,subject_03,subject_03_angry_session_01
22.648,0.007237261471182964,angry,subject_03,subject_03_angry_session_01
22.652,-0.023738982194947075,angry,subject_03,subject_03_angry_session_01
22.656,-0.008868171650126391,angry,subject_03,subject_03_angry_session_01
22.66,-0.10359642949272284,angry,subject_03,subject_03_angry_session_01
22.664,0.036817248590693075,angry,subject_03,subject_03_angry_session_01
22.668,0.05414428735374885,angry,subject_03,subject_03_angry_session_01
22.672,0.028523839490121553,angry,subject_03,subject_03_angry_session_01
22.676,-0.03655597613581879,angry,subject_03,subject_03_angry_session_01
22.68,0.004084881384751538,angry,subject_03,subject_03_angry_session_01
22.684,0.005302285238181853,angry,subject_03,subject_03_angry_session_01
22.688,-0.03875188770259845,angry,subject_03,subject_03_angry_session_01
22.692,0.04702469482727349,angry,subject_03,subject_03_angry_session_01
22.696,0.027153380523386512,angry,subject_03,subject_03_angry_session_01
22.7,0.035861504495399196,angry,subject_03,subject_03_angry_session_01
22.704,-0.0059676044427500775,angry,subject_03,subject_03_angry_session_01
22.708,-0.11794666259799616,angry,subject_03,subject_03_angry_session_01
22.712,-0.16427076674331367,angry,subject_03,subject_03_angry_session_01
22.716,-0.06442341886679408,angry,subject_03,subject_03_angry_session_01
22.72,-0.08978759763072092,angry,subject_03,subject_03_angry_session_01
22.724,-0.04381523651210481,angry,subject_03,subject_03_angry_session_01
22.728,-0.10087704968583505,angry,subject_03,subject_03_angry_session_01
22.732,-0.07520073108643444,angry,subject_03,subject_03_angry_session_01
22.736,-0.07857466860441506,angry,subject_03,subject_03_angry_session_01
22.74,0.04154737502754971,angry,subject_03,subject_03_angry_session_01
22.744,0.21025629923379627,angry,subject_03,subject_03_angry_session_01
22.748,0.3413450436872165,angry,subject_03,subject_03_angry_session_01
22.752,0.5966638596121548,angry,subject_03,subject_03_angry_session_01
22.756,0.6760769961054048,angry,subject_03,subject_03_angry_session_01
22.76,0.7482516480779924,angry,subject_03,subject_03_angry_session_01
22.764,0.9476046771952104,angry,subject_03,subject_03_angry_session_01
22.768,1.0701294698985584,angry,subject_03,subject_03_angry_session_01
22.772,0.923073260012151,angry,subject_03,subject_03_angry_session_01
22.776,1.103902672918517,angry,subject_03,subject_03_angry_session_01
22.78,0.9682238917134557,angry,subject_03,subject_03_angry_session_01
22.784,0.8947636402602133,angry,subject_03,subject_03_angry_session_01
22.788,0.6785318395205769,angry,subject_03,subject_03_angry_session_01
22.792,0.4522868637147499,angry,subject_03,subject_03_angry_session_01
22.796,0.308591472216218,angry,subject_03,subject_03_angry_session_01
22.8,0.13853565608295376,angry,subject_03,subject_03_angry_session_01
22.804,0.10346692178321179,angry,subject_03,subject_03_angry_session_01
22.808,-0.0716457148551195,angry,subject_03,subject_03_angry_session_01
22.812,-0.04927847766430996,angry,subject_03,subject_03_angry_session_01
22.816,-0.017696377052233134,angry,subject_03,subject_03_angry_session_01
22.82,-0.07051138399628548,angry,subject_03,subject_03_angry_session_01
22.824,-0.06653948319125369,angry,subject_03,subject_03_angry_session_01
22.828,-0.0295199304781082,angry,subject_03,subject_03_angry_session_01
22.832,-0.08023042590577831,angry,subject_03,subject_03_angry_session_01
22.836,-0.15686881279462497,angry,subject_03,subject_03_angry_session_01
22.84,-0.07673504610040913,angry,subject_03,subject_03_angry_session_01
22.844,-0.05758549367782895,angry,subject_03,subject_03_angry_session_01
22.848,0.014525602648132529,angry,subject_03,subject_03_angry_session_01
22.852,-0.055873387316050245,angry,subject_03,subject_03_angry_session_01
22.856,-0.04445849772662932,angry,subject_03,subject_03_angry_session_01
22.86,0.05087137925286201,angry,subject_03,subject_03_angry_session_01
22.864,0.03294675422971918,angry,subject_03,subject_03_angry_session_01
22.868,0.08565968025460187,angry,subject_03,subject_03_angry_session_01
22.872,0.011516841071955563,angry,subject_03,subject_03_angry_session_01
22.876,-0.06943223369650356,angry,subject_03,subject_03_angry_session_01
22.88,0.15532603158317806,angry,subject_03,subject_03_angry_session_01
22.884,0.06899944172686774,angry,subject_03,subject_03_angry_session_01
22.888,0.002647499046659868,angry,subject_03,subject_03_angry_session_01
22.892,0.09570325986759971,angry,subject_03,subject_03_angry_session_01
22.896,0.0617242177355658,angry,subject_03,subject_03_angry_session_01
22.9,0.129555224693782,angry,subject_03,subject_03_angry_session_01
22.904,0.07698022833029666,angry,subject_03,subject_03_angry_session_01
22.908,0.044775019649104936,angry,subject_03,subject_03_angry_session_01
22.912,0.09373755822303356,angry,subject_03,subject_03_angry_session_01
22.916,0.14290584445770224,angry,subject_03,subject_03_angry_session_01
22.92,0.044882308723075554,angry,subject_03,subject_03_angry_session_01
22.924,0.10338604075556042,angry,subject_03,subject_03_angry_session_01
22.928,0.03598898923599726,angry,subject_03,subject_03_angry_session_01
22.932,0.14530577060226918,angry,subject_03,subject_03_angry_session_01
22.936,0.12782679084067672,angry,subject_03,subject_03_angry_session_01
22.94,0.1709395425868073,angry,subject_03,subject_03_angry_session_01
22.944,0.2016580763536669,angry,subject_03,subject_03_angry_session_01
22.948,0.10970170254526593,angry,subject_03,subject_03_angry_session_01
22.952,0.16905933621833452,angry,subject_03,subject_03_angry_session_01
22.956,0.17971602302037423,angry,subject_03,subject_03_angry_session_01
22.96,0.13518113381993693,angry,subject_03,subject_03_angry_session_01
22.964,0.12192796533663158,angry,subject_03,subject_03_angry_session_01
22.968,0.2809576264519118,angry,subject_03,subject_03_angry_session_01
22.972,0.17134525558520233,angry,subject_03,subject_03_angry_session_01
22.976,0.1779742508812696,angry,subject_03,subject_03_angry_session_01
22.98,0.19466053999396343,angry,subject_03,subject_03_angry_session_01
22.984,0.24635833518763078,angry,subject_03,subject_03_angry_session_01
22.988,0.19308659958237515,angry,subject_03,subject_03_angry_session_01
22.992,0.17983068662207058,angry,subject_03,subject_03_angry_session_01
22.996,0.24055531545141418,angry,subject_03,subject_03_angry_session_01
23.0,0.2777608834169324,angry,subject_03,subject_03_angry_session_01
23.004,0.26634940511940486,angry,subject_03,subject_03_angry_session_01
23.008,0.20445718848638836,angry,subject_03,subject_03_angry_session_01
23.012,0.17861500785622694,angry,subject_03,subject_03_angry_session_01
23.016,0.18781954152216926,angry,subject_03,subject_03_angry_session_01
23.02,0.2667467258787971,angry,subject_03,subject_03_angry_session_01
23.024,0.27929408429452746,angry,subject_03,subject_03_angry_session_01
23.028,0.21848546799604085,angry,subject_03,subject_03_angry_session_01
23.032,0.21419486049217576,angry,subject_03,subject_03_angry_session_01
23.036,0.17349131537680906,angry,subject_03,subject_03_angry_session_01
23.04,0.24036673890667398,angry,subject_03,subject_03_angry_session_01
23.044,0.283723906660781,angry,subject_03,subject_03_angry_session_01
23.048,0.19979409069090007,angry,subject_03,subject_03_angry_session_01
23.052,0.30069581338502366,angry,subject_03,subject_03_angry_session_01
23.056,0.1720510048947862,angry,subject_03,subject_03_angry_session_01
23.06,0.18440171664854751,angry,subject_03,subject_03_angry_session_01
23.064,0.21947720553665145,angry,subject_03,subject_03_angry_session_01
23.068,0.2350286457798779,angry,subject_03,subject_03_angry_session_01
23.072,0.2075112724994128,angry,subject_03,subject_03_angry_session_01
23.076,0.2350626688250356,angry,subject_03,subject_03_angry_session_01
23.08,0.2294660647642352,angry,subject_03,subject_03_angry_session_01
23.084,0.28409741005801903,angry,subject_03,subject_03_angry_session_01
23.088,0.21412870123455785,angry,subject_03,subject_03_angry_session_01
23.092,0.18691963262677042,angry,subject_03,subject_03_angry_session_01
23.096,0.22798081747098228,angry,subject_03,subject_03_angry_session_01
23.1,0.09426714003817967,angry,subject_03,subject_03_angry_session_01
23.104,0.11554492186452896,angry,subject_03,subject_03_angry_session_01
23.108,0.2489218973188802,angry,subject_03,subject_03_angry_session_01
23.112,0.15962483578113615,angry,subject_03,subject_03_angry_session_01
23.116,0.14077312224362287,angry,subject_03,subject_03_angry_session_01
23.12,0.21152420667681687,angry,subject_03,subject_03_angry_session_01
23.124,0.17365123774276744,angry,subject_03,subject_03_angry_session_01
23.128,0.23451117770929328,angry,subject_03,subject_03_angry_session_01
23.132,0.14775919978965302,angry,subject_03,subject_03_angry_session_01
23.136,0.24407217851245333,angry,subject_03,subject_03_angry_session_01
23.14,0.1413612884529043,angry,subject_03,subject_03_angry_session_01
23.144,0.21209046022619701,angry,subject_03,subject_03_angry_session_01
23.148,0.1551610954704732,angry,subject_03,subject_03_angry_session_01
23.152,0.09390903546851401,angry,subject_03,subject_03_angry_session_01
23.156,0.13118893386299396,angry,subject_03,subject_03_angry_session_01
23.16,0.1342741881378789,angry,subject_03,subject_03_angry_session_01
23.164,0.11381737841237773,angry,subject_03,subject_03_angry_session_01
23.168,0.06417114797441759,angry,subject_03,subject_03_angry_session_01
23.172,0.18839631091688125,angry,subject_03,subject_03_angry_session_01
23.176,0.10820358407933114,angry,subject_03,subject_03_angry_session_01
23.18,-0.04748204502319178,angry,subject_03,subject_03_angry_session_01
23.184,0.08811719983278395,angry,subject_03,subject_03_angry_session_01
23.188,0.09757364387020777,angry,subject_03,subject_03_angry_session_01
23.192,-0.061513313498085344,angry,subject_03,subject_03_angry_session_01
23.196,0.007730381340520502,angry,subject_03,subject_03_angry_session_01
23.2,0.0980285000450144,angry,subject_03,subject_03_angry_session_01
23.204,0.04472064588571112,angry,subject_03,subject_03_angry_session_01
23.208,0.03779953772896389,angry,subject_03,subject_03_angry_session_01
23.212,-0.050384313001724045,angry,subject_03,subject_03_angry_session_01
23.216,-0.035810182366026885,angry,subject_03,subject_03_angry_session_01
23.22,-0.07155085074367726,angry,subject_03,subject_03_angry_session_01
23.224,-0.1083018295167026,angry,subject_03,subject_03_angry_session_01
23.228,-0.153022654387456,angry,subject_03,subject_03_angry_session_01
23.232,0.12147574261242175,angry,subject_03,subject_03_angry_session_01
23.236,-0.05078918887349493,angry,subject_03,subject_03_angry_session_01
23.24,0.006817282867367731,angry,subject_03,subject_03_angry_session_01
23.244,0.054693869086695754,angry,subject_03,subject_03_angry_session_01
23.248,-0.006217714932751705,angry,subject_03,subject_03_angry_session_01
23.252,-0.022991334896075685,angry,subject_03,subject_03_angry_session_01
23.256,0.0026320613339794047,angry,subject_03,subject_03_angry_session_01
23.26,0.10256050846253907,angry,subject_03,subject_03_angry_session_01
23.264,-0.01814234259484603,angry,subject_03,subject_03_angry_session_01
23.268,-0.11002221658758801,angry,subject_03,subject_03_angry_session_01
23.272,-0.08938505765393517,angry,subject_03,subject_03_angry_session_01
23.276,-0.0814560051861559,angry,subject_03,subject_03_angry_session_01
23.28,-0.03813666539876328,angry,subject_03,subject_03_angry_session_01
23.284,-0.10102811203223026,angry,subject_03,subject_03_angry_session_01
23.288,-0.06812186162512265,angry,subject_03,subject_03_angry_session_01
23.292,-0.04662193398279101,angry,subject_03,subject_03_angry_session_01
23.296,0.019929608508728734,angry,subject_03,subject_03_angry_session_01
23.3,-0.08922012699284759,angry,subject_03,subject_03_angry_session_01
23.304,0.01747538262367624,angry,subject_03,subject_03_angry_session_01
23.308,0.035673740200614465,angry,subject_03,subject_03_angry_session_01
23.312,0.1306277643389365,angry,subject_03,subject_03_angry_session_01
23.316,0.04596119236166793,angry,subject_03,subject_03_angry_session_01
23.32,0.2113518913182599,angry,subject_03,subject_03_angry_session_01
23.324,0.3788735298894764,angry,subject_03,subject_03_angry_session_01
23.328,0.7132813803673921,angry,subject_03,subject_03_angry_session_01
23.332,0.7417344903935403,angry,subject_03,subject_03_angry_session_01
23.336,0.852202887584216,angry,subject_03,subject_03_angry_session_01
23.34,1.011781695142592,angry,subject_03,subject_03_angry_session_01
23.344,1.1889579476257965,angry,subject_03,subject_03_angry_session_01
23.348,1.0139716574759041,angry,subject_03,subject_03_angry_session_01
23.352,0.9482551195869946,angry,subject_03,subject_03_angry_session_01
23.356,0.9301617988831196,angry,subject_03,subject_03_angry_session_01
23.36,0.7361981675050733,angry,subject_03,subject_03_angry_session_01
23.364,0.5520403912061429,angry,subject_03,subject_03_angry_session_01
23.368,0.3539117094380042,angry,subject_03,subject_03_angry_session_01
23.372,0.24486872401009613,angry,subject_03,subject_03_angry_session_01
23.376,-0.06158696262369881,angry,subject_03,subject_03_angry_session_01
23.38,0.023505672967199548,angry,subject_03,subject_03_angry_session_01
23.384,-0.12612259626252054,angry,subject_03,subject_03_angry_session_01
23.388,0.009444468577153822,angry,subject_03,subject_03_angry_session_01
23.392,-0.019717127000524574,angry,subject_03,subject_03_angry_session_01
23.396,-0.026905311500811893,angry,subject_03,subject_03_angry_session_01
23.4,0.06209638444795072,angry,subject_03,subject_03_angry_session_01
23.404,0.11902896637965688,angry,subject_03,subject_03_angry_session_01
23.408,-0.026759620493292106,angry,subject_03,subject_03_angry_session_01
23.412,-0.013382626936303823,angry,subject_03,subject_03_angry_session_01
23.416,0.03515688136420375,angry,subject_03,subject_03_angry_session_01
23.42,0.034655491137914204,angry,subject_03,subject_03_angry_session_01
23.424,-0.1410191329182684,angry,subject_03,subject_03_angry_session_01
23.428,-0.01095417131154237,angry,subject_03,subject_03_angry_session_01
23.432,-0.04481610466299001,angry,subject_03,subject_03_angry_session_01
23.436,0.03774734085784529,angry,subject_03,subject_03_angry_session_01
23.44,0.04408262820942503,angry,subject_03,subject_03_angry_session_01
23.444,0.022277182351821932,angry,subject_03,subject_03_angry_session_01
23.448,-0.01604094940133435,angry,subject_03,subject_03_angry_session_01
23.452,-0.0017596657517313444,angry,subject_03,subject_03_angry_session_01
23.456,0.14655637151673548,angry,subject_03,subject_03_angry_session_01
23.46,-0.10323410756463927,angry,subject_03,subject_03_angry_session_01
23.464,0.23007085958300838,angry,subject_03,subject_03_angry_session_01
23.468,0.16598187560054942,angry,subject_03,subject_03_angry_session_01
23.472,0.05038722533951588,angry,subject_03,subject_03_angry_session_01
23.476,0.10576593881764162,angry,subject_03,subject_03_angry_session_01
23.48,0.06728896133355619,angry,subject_03,subject_03_angry_session_01
23.484,0.07122281824586939,angry,subject_03,subject_03_angry_session_01
23.488,0.06156450539718182,angry,subject_03,subject_03_angry_session_01
23.492,0.05634740064264276,angry,subject_03,subject_03_angry_session_01
23.496,0.1471089650806619,angry,subject_03,subject_03_angry_session_01
23.5,0.060625471192200776,angry,subject_03,subject_03_angry_session_01
23.504,0.1245766871839109,angry,subject_03,subject_03_angry_session_01
23.508,0.10504004274008945,angry,subject_03,subject_03_angry_session_01
23.512,0.2551058641471393,angry,subject_03,subject_03_angry_session_01
23.516,0.21139771954927358,angry,subject_03,subject_03_angry_session_01
23.52,0.11027522538070889,angry,subject_03,subject_03_angry_session_01
23.524,0.24130811799652946,angry,subject_03,subject_03_angry_session_01
23.528,0.19513106593534976,angry,subject_03,subject_03_angry_session_01
23.532,0.24657433420380134,angry,subject_03,subject_03_angry_session_01
23.536,0.24484252557439568,angry,subject_03,subject_03_angry_session_01
23.54,0.10933607835912713,angry,subject_03,subject_03_angry_session_01
23.544,0.23734890466714453,angry,subject_03,subject_03_angry_session_01
23.548,0.20678899805353676,angry,subject_03,subject_03_angry_session_01
23.552,0.33383048923689074,angry,subject_03,subject_03_angry_session_01
23.556,0.16782303579521868,angry,subject_03,subject_03_angry_session_01
23.56,0.27272472894701294,angry,subject_03,subject_03_angry_session_01
23.564,0.16223968960843982,angry,subject_03,subject_03_angry_session_01
23.568,0.37048738424517297,angry,subject_03,subject_03_angry_session_01
23.572,0.27931651050879475,angry,subject_03,subject_03_angry_session_01
23.576,0.21714312691437487,angry,subject_03,subject_03_angry_session_01
23.58,0.33868157876744615,angry,subject_03,subject_03_angry_session_01
23.584,0.36081109710730863,angry,subject_03,subject_03_angry_session_01
23.588,0.2812686094067683,angry,subject_03,subject_03_angry_session_01
23.592,0.24637239202234074,angry,subject_03,subject_03_angry_session_01
23.596,0.18928261957070175,angry,subject_03,subject_03_angry_session_01
23.6,0.1989110970499079,angry,subject_03,subject_03_angry_session_01
23.604,0.18191860457102774,angry,subject_03,subject_03_angry_session_01
23.608,0.3267632982340223,angry,subject_03,subject_03_angry_session_01
23.612,0.32858264796189,angry,subject_03,subject_03_angry_session_01
23.616,0.1894195941745963,angry,subject_03,subject_03_angry_session_01
23.62,0.3273962780098928,angry,subject_03,subject_03_angry_session_01
23.624,0.2324569997126851,angry,subject_03,subject_03_angry_session_01
23.628,0.21302331294744692,angry,subject_03,subject_03_angry_session_01
23.632,0.27358581875912635,angry,subject_03,subject_03_angry_session_01
23.636,0.23778284169599903,angry,subject_03,subject_03_angry_session_01
23.64,0.13035367112060983,angry,subject_03,subject_03_angry_session_01
23.644,0.21446257049309403,angry,subject_03,subject_03_angry_session_01
23.648,0.1497307781065324,angry,subject_03,subject_03_angry_session_01
23.652,0.12479429820554411,angry,subject_03,subject_03_angry_session_01
23.656,0.18864350525529533,angry,subject_03,subject_03_angry_session_01
23.66,0.2182755696036043,angry,subject_03,subject_03_angry_session_01
23.664,0.1392529913429462,angry,subject_03,subject_03_angry_session_01
23.668,0.22215234342075557,angry,subject_03,subject_03_angry_session_01
23.672,0.22071366223061234,angry,subject_03,subject_03_angry_session_01
23.676,0.255106196263887,angry,subject_03,subject_03_angry_session_01
23.68,0.19820357902994765,angry,subject_03,subject_03_angry_session_01
23.684,0.25063203652278215,angry,subject_03,subject_03_angry_session_01
23.688,0.2528165577718714,angry,subject_03,subject_03_angry_session_01
23.692,0.10766835836300069,angry,subject_03,subject_03_angry_session_01
23.696,0.30312187557233183,angry,subject_03,subject_03_angry_session_01
23.7,0.2680853739367388,angry,subject_03,subject_03_angry_session_01
23.704,0.17196709981029512,angry,subject_03,subject_03_angry_session_01
23.708,0.12695350826447335,angry,subject_03,subject_03_angry_session_01
23.712,0.23138793604499136,angry,subject_03,subject_03_angry_session_01
23.716,0.13277455161346663,angry,subject_03,subject_03_angry_session_01
23.72,0.10413999413888486,angry,subject_03,subject_03_angry_session_01
23.724,0.14083768707121275,angry,subject_03,subject_03_angry_session_01
23.728,0.22716965571465442,angry,subject_03,subject_03_angry_session_01
23.732,0.23557117823697915,angry,subject_03,subject_03_angry_session_01
23.736,0.25159033684841087,angry,subject_03,subject_03_angry_session_01
23.74,0.11662341329928615,angry,subject_03,subject_03_angry_session_01
23.744,0.11322227019200541,angry,subject_03,subject_03_angry_session_01
23.748,0.10491645786054364,angry,subject_03,subject_03_angry_session_01
23.752,0.06697825102855445,angry,subject_03,subject_03_angry_session_01
23.756,0.05629679140509846,angry,subject_03,subject_03_angry_session_01
23.76,0.06210963818297966,angry,subject_03,subject_03_angry_session_01
23.764,0.19242439259226848,angry,subject_03,subject_03_angry_session_01
23.768,0.020080961156218644,angry,subject_03,subject_03_angry_session_01
23.772,0.07686379125796945,angry,subject_03,subject_03_angry_session_01
23.776,0.0924407978585006,angry,subject_03,subject_03_angry_session_01
23.78,0.17627714814849582,angry,subject_03,subject_03_angry_session_01
23.784,0.060512269746360425,angry,subject_03,subject_03_angry_session_01
23.788,0.019695115802060646,angry,subject_03,subject_03_angry_session_01
23.792,-0.028150703256198253,angry,subject_03,subject_03_angry_session_01
23.796,-0.02792348039671096,angry,subject_03,subject_03_angry_session_01
23.8,0.020432698444529242,angry,subject_03,subject_03_angry_session_01
23.804,-0.001422011865784903,angry,subject_03,subject_03_angry_session_01
23.808,0.009882692602791412,angry,subject_03,subject_03_angry_session_01
23.812,0.04507317971702833,angry,subject_03,subject_03_angry_session_01
23.816,-0.03174157431261421,angry,subject_03,subject_03_angry_session_01
23.82,0.02765923937292092,angry,subject_03,subject_03_angry_session_01
23.824,0.06548295857709985,angry,subject_03,subject_03_angry_session_01
23.828,-0.10816204413265398,angry,subject_03,subject_03_angry_session_01
23.832,0.010582929248775704,angry,subject_03,subject_03_angry_session_01
23.836,0.08500477995687848,angry,subject_03,subject_03_angry_session_01
23.84,0.02315526558191325,angry,subject_03,subject_03_angry_session_01
23.844,-0.04053166116529462,angry,subject_03,subject_03_angry_session_01
23.848,0.0330534675117468,angry,subject_03,subject_03_angry_session_01
23.852,-0.03650413301936237,angry,subject_03,subject_03_angry_session_01
23.856,0.046036678593500156,angry,subject_03,subject_03_angry_session_01
23.86,0.01820535164671879,angry,subject_03,subject_03_angry_session_01
23.864,0.10041527536851312,angry,subject_03,subject_03_angry_session_01
23.868,-0.02382057489433613,angry,subject_03,subject_03_angry_session_01
23.872,0.009716211852388554,angry,subject_03,subject_03_angry_session_01
23.876,-0.02631492655510393,angry,subject_03,subject_03_angry_session_01
23.88,0.029989202668030526,angry,subject_03,subject_03_angry_session_01
23.884,0.02811659265826713,angry,subject_03,subject_03_angry_session_01
23.888,0.24552979469721248,angry,subject_03,subject_03_angry_session_01
23.892,0.2986030146028358,angry,subject_03,subject_03_angry_session_01
23.896,0.4305131339311154,angry,subject_03,subject_03_angry_session_01
23.9,0.6425933471321174,angry,subject_03,subject_03_angry_session_01
23.904,0.8404586509402336,angry,subject_03,subject_03_angry_session_01
23.908,1.0300709831190058,angry,subject_03,subject_03_angry_session_01
23.912,0.9566682651878845,angry,subject_03,subject_03_angry_session_01
23.916,1.1172693966414682,angry,subject_03,subject_03_angry_session_01
23.92,1.1460941638426037,angry,subject_03,subject_03_angry_session_01
23.924,1.0394188500030503,angry,subject_03,subject_03_angry_session_01
23.928,0.9095247192257409,angry,subject_03,subject_03_angry_session_01
23.932,0.8800880690633318,angry,subject_03,subject_03_angry_session_01
23.936,0.5909765507467734,angry,subject_03,subject_03_angry_session_01
23.94,0.49852469483072404,angry,subject_03,subject_03_angry_session_01
23.944,0.26944062158451687,angry,subject_03,subject_03_angry_session_01
23.948,0.17458773875620312,angry,subject_03,subject_03_angry_session_01
23.952,-0.028530795006186785,angry,subject_03,subject_03_angry_session_01
23.956,-0.06962944567222211,angry,subject_03,subject_03_angry_session_01
23.96,-0.15512988064167754,angry,subject_03,subject_03_angry_session_01
23.964,0.10098881398834923,angry,subject_03,subject_03_angry_session_01
23.968,-0.14030908480518678,angry,subject_03,subject_03_angry_session_01
23.972,0.013170813969812581,angry,subject_03,subject_03_angry_session_01
23.976,-0.0684465353306149,angry,subject_03,subject_03_angry_session_01
23.98,-0.15042430743733542,angry,subject_03,subject_03_angry_session_01
23.984,0.02024244132769884,angry,subject_03,subject_03_angry_session_01
23.988,0.16811166009297882,angry,subject_03,subject_03_angry_session_01
23.992,-0.027027015185367213,angry,subject_03,subject_03_angry_session_01
23.996,0.13530691932811964,angry,subject_03,subject_03_angry_session_01
24.0,0.14694459924301684,angry,subject_03,subject_03_angry_session_01
24.004,-0.03187471611076729,angry,subject_03,subject_03_angry_session_01
24.008,-0.06717313101697853,angry,subject_03,subject_03_angry_session_01
24.012,-0.006575518580707908,angry,subject_03,subject_03_angry_session_01
24.016,0.11016200025805792,angry,subject_03,subject_03_angry_session_01
24.02,-0.07169615798548226,angry,subject_03,subject_03_angry_session_01
24.024,0.08385155542595468,angry,subject_03,subject_03_angry_session_01
24.028,0.06514804597634613,angry,subject_03,subject_03_angry_session_01
24.032,0.025303464366960085,angry,subject_03,subject_03_angry_session_01
24.036,0.040939437115630875,angry,subject_03,subject_03_angry_session_01
24.04,0.06570280269486482,angry,subject_03,subject_03_angry_session_01
24.044,0.08833336382397623,angry,subject_03,subject_03_angry_session_01
24.048,0.18812800519762424,angry,subject_03,subject_03_angry_session_01
24.052,0.07166096068001071,angry,subject_03,subject_03_angry_session_01
24.056,0.09802043893568989,angry,subject_03,subject_03_angry_session_01
24.06,0.14840117115047938,angry,subject_03,subject_03_angry_session_01
24.064,0.059547672209281866,angry,subject_03,subject_03_angry_session_01
24.068,0.22323385064452866,angry,subject_03,subject_03_angry_session_01
24.072,0.08495328145953628,angry,subject_03,subject_03_angry_session_01
24.076,0.17147101953712285,angry,subject_03,subject_03_angry_session_01
24.08,0.135692646140331,angry,subject_03,subject_03_angry_session_01
24.084,0.16031685341379678,angry,subject_03,subject_03_angry_session_01
24.088,0.2885280016099715,angry,subject_03,subject_03_angry_session_01
24.092,0.19277215859136296,angry,subject_03,subject_03_angry_session_01
24.096,0.14355785508583763,angry,subject_03,subject_03_angry_session_01
24.1,0.13821010244633625,angry,subject_03,subject_03_angry_session_01
24.104,0.27810322412546273,angry,subject_03,subject_03_angry_session_01
24.108,0.23725956781346919,angry,subject_03,subject_03_angry_session_01
24.112,0.18791150460738396,angry,subject_03,subject_03_angry_session_01
24.116,0.2921133777387841,angry,subject_03,subject_03_angry_session_01
24.12,0.18402671161888526,angry,subject_03,subject_03_angry_session_01
24.124,0.18773786571850598,angry,subject_03,subject_03_angry_session_01
24.128,0.2382720957063892,angry,subject_03,subject_03_angry_session_01
24.132,0.23511392648413482,angry,subject_03,subject_03_angry_session_01
24.136,0.15338036683030493,angry,subject_03,subject_03_angry_session_01
24.14,0.23320212786847128,angry,subject_03,subject_03_angry_session_01
24.144,0.30245152745934345,angry,subject_03,subject_03_angry_session_01
24.148,0.24988956659743877,angry,subject_03,subject_03_angry_session_01
24.152,0.27424710650984097,angry,subject_03,subject_03_angry_session_01
24.156,0.21804701488457687,angry,subject_03,subject_03_angry_session_01
24.16,0.2988098990992027,angry,subject_03,subject_03_angry_session_01
24.164,0.31308925378593017,angry,subject_03,subject_03_angry_session_01
24.168,0.3691422198992075,angry,subject_03,subject_03_angry_session_01
24.172,0.26612768439196044,angry,subject_03,subject_03_angry_session_01
24.176,0.2699709300802543,angry,subject_03,subject_03_angry_session_01
24.18,0.32316600208617463,angry,subject_03,subject_03_angry_session_01
24.184,0.2749608817366174,angry,subject_03,subject_03_angry_session_01
24.188,0.3206011480518053,angry,subject_03,subject_03_angry_session_01
24.192,0.3248629190348628,angry,subject_03,subject_03_angry_session_01
24.196,0.2147205419166966,angry,subject_03,subject_03_angry_session_01
24.2,0.20944638665547347,angry,subject_03,subject_03_angry_session_01
24.204,0.2389441253407409,angry,subject_03,subject_03_angry_session_01
24.208,0.16759316190594248,angry,subject_03,subject_03_angry_session_01
24.212,0.37936952742179664,angry,subject_03,subject_03_angry_session_01
24.216,0.18845864632500273,angry,subject_03,subject_03_angry_session_01
24.22,0.3311249182250273,angry,subject_03,subject_03_angry_session_01
24.224,0.1969893017799552,angry,subject_03,subject_03_angry_session_01
24.228,0.32044495904669523,angry,subject_03,subject_03_angry_session_01
24.232,0.32385502617889655,angry,subject_03,subject_03_angry_session_01
24.236,0.14584636289790445,angry,subject_03,subject_03_angry_session_01
24.24,0.24039898488894204,angry,subject_03,subject_03_angry_session_01
24.244,0.346855395869999,angry,subject_03,subject_03_angry_session_01
24.248,0.24764174473779127,angry,subject_03,subject_03_angry_session_01
24.252,0.2929183452852005,angry,subject_03,subject_03_angry_session_01
24.256,0.25154201042065244,angry,subject_03,subject_03_angry_session_01
24.26,0.28625415366553525,angry,subject_03,subject_03_angry_session_01
24.264,0.30568998219016746,angry,subject_03,subject_03_angry_session_01
24.268,0.21530074085998518,angry,subject_03,subject_03_angry_session_01
24.272,0.2229258597531744,angry,subject_03,subject_03_angry_session_01
24.276,0.19982471961891501,angry,subject_03,subject_03_angry_session_01
24.28,0.139829618662147,angry,subject_03,subject_03_angry_session_01
24.284,0.25132565682429375,angry,subject_03,subject_03_angry_session_01
24.288,0.2086136607031465,angry,subject_03,subject_03_angry_session_01
24.292,0.2734252363212436,angry,subject_03,subject_03_angry_session_01
24.296,0.3081796225405226,angry,subject_03,subject_03_angry_session_01
24.3,0.15228358799932257,angry,subject_03,subject_03_angry_session_01
24.304,0.15242185032444064,angry,subject_03,subject_03_angry_session_01
24.308,0.13223508718885846,angry,subject_03,subject_03_angry_session_01
24.312,0.248256706972528,angry,subject_03,subject_03_angry_session_01
24.316,0.07039208352575005,angry,subject_03,subject_03_angry_session_01
24.32,0.1648242141600095,angry,subject_03,subject_03_angry_session_01
24.324,0.046360724873816456,angry,subject_03,subject_03_angry_session_01
24.328,0.21504862604341277,angry,subject_03,subject_03_angry_session_01
24.332,0.16170974083710468,angry,subject_03,subject_03_angry_session_01
24.336,0.07151745813935644,angry,subject_03,subject_03_angry_session_01
24.34,0.20911018644458412,angry,subject_03,subject_03_angry_session_01
24.344,0.04510021958838859,angry,subject_03,subject_03_angry_session_01
24.348,0.09262553422872782,angry,subject_03,subject_03_angry_session_01
24.352,-0.05417378532405516,angry,subject_03,subject_03_angry_session_01
24.356,0.10878504045261655,angry,subject_03,subject_03_angry_session_01
24.36,0.04352158201741846,angry,subject_03,subject_03_angry_session_01
24.364,0.045551586192630826,angry,subject_03,subject_03_angry_session_01
24.368,-0.004204297357755751,angry,subject_03,subject_03_angry_session_01
24.372,-0.01730838545239366,angry,subject_03,subject_03_angry_session_01
24.376,0.011697933336942745,angry,subject_03,subject_03_angry_session_01
24.38,0.11799695731330628,angry,subject_03,subject_03_angry_session_01
24.384,0.0618518280380779,angry,subject_03,subject_03_angry_session_01
24.388,-0.01775746991171622,angry,subject_03,subject_03_angry_session_01
24.392,-0.10161810824911541,angry,subject_03,subject_03_angry_session_01
24.396,0.14732084108932333,angry,subject_03,subject_03_angry_session_01
24.4,-0.12060615708552377,angry,subject_03,subject_03_angry_session_01
24.404,0.09412631869757465,angry,subject_03,subject_03_angry_session_01
24.408,0.054607849764235945,angry,subject_03,subject_03_angry_session_01
24.412,0.011952560686676545,angry,subject_03,subject_03_angry_session_01
24.416,-0.01150462021960065,angry,subject_03,subject_03_angry_session_01
24.42,0.06800868733380909,angry,subject_03,subject_03_angry_session_01
24.424,0.08663660911343629,angry,subject_03,subject_03_angry_session_01
24.428,0.08555296370929805,angry,subject_03,subject_03_angry_session_01
24.432,0.08365570964847124,angry,subject_03,subject_03_angry_session_01
24.436,-0.07758563559506941,angry,subject_03,subject_03_angry_session_01
24.44,-0.031897622601045054,angry,subject_03,subject_03_angry_session_01
24.444,-0.030753786667231452,angry,subject_03,subject_03_angry_session_01
24.448,0.016548282015147665,angry,subject_03,subject_03_angry_session_01
24.452,0.05099925161323872,angry,subject_03,subject_03_angry_session_01
24.456,0.1422949540439563,angry,subject_03,subject_03_angry_session_01
24.46,0.1501445619801024,angry,subject_03,subject_03_angry_session_01
24.464,0.3044493402435395,angry,subject_03,subject_03_angry_session_01
24.468,0.37081524371327723,angry,subject_03,subject_03_angry_session_01
24.472,0.6702235809342233,angry,subject_03,subject_03_angry_session_01
24.476,0.6705217481320003,angry,subject_03,subject_03_angry_session_01
24.48,0.8229504914092125,angry,subject_03,subject_03_angry_session_01
24.484,1.0065673135496913,angry,subject_03,subject_03_angry_session_01
24.488,1.1481739626083494,angry,subject_03,subject_03_angry_session_01
24.492,1.0686615956637764,angry,subject_03,subject_03_angry_session_01
24.496,1.076645037342711,angry,subject_03,subject_03_angry_session_01
24.5,0.996321899982394,angry,subject_03,subject_03_angry_session_01
24.504,0.8332655112661906,angry,subject_03,subject_03_angry_session_01
24.508,0.7064198202641165,angry,subject_03,subject_03_angry_session_01
24.512,0.5275933185516132,angry,subject_03,subject_03_angry_session_01
24.516,0.48010024770553406,angry,subject_03,subject_03_angry_session_01
24.52,0.2597311161909157,angry,subject_03,subject_03_angry_session_01
24.524,0.09836639318234028,angry,subject_03,subject_03_angry_session_01
24.528,0.15425954840330475,angry,subject_03,subject_03_angry_session_01
24.532,0.09906926509010563,angry,subject_03,subject_03_angry_session_01
24.536,0.07109348569438484,angry,subject_03,subject_03_angry_session_01
24.54,-0.060250972067053626,angry,subject_03,subject_03_angry_session_01
24.544,0.039993565063749556,angry,subject_03,subject_03_angry_session_01
24.548,0.12295034049916467,angry,subject_03,subject_03_angry_session_01
24.552,-0.01311706820290986,angry,subject_03,subject_03_angry_session_01
24.556,0.01095605646333331,angry,subject_03,subject_03_angry_session_01
24.56,0.007829886608106382,angry,subject_03,subject_03_angry_session_01
24.564,0.054368125761545545,angry,subject_03,subject_03_angry_session_01
24.568,0.1560711489040227,angry,subject_03,subject_03_angry_session_01
24.572,0.054841525181277245,angry,subject_03,subject_03_angry_session_01
24.576,0.020984575762410473,angry,subject_03,subject_03_angry_session_01
24.58,0.05256227334853371,angry,subject_03,subject_03_angry_session_01
24.584,0.13326643420208245,angry,subject_03,subject_03_angry_session_01
24.588,-0.10344545417592498,angry,subject_03,subject_03_angry_session_01
24.592,0.0939296082155719,angry,subject_03,subject_03_angry_session_01
24.596,0.06177285397914089,angry,subject_03,subject_03_angry_session_01
24.6,0.04128348075610206,angry,subject_03,subject_03_angry_session_01
24.604,-0.019934502923305147,angry,subject_03,subject_03_angry_session_01
24.608,0.12807584312828074,angry,subject_03,subject_03_angry_session_01
24.612,0.07928553361048919,angry,subject_03,subject_03_angry_session_01
24.616,0.13048726335333694,angry,subject_03,subject_03_angry_session_01
24.62,0.041808188894340875,angry,subject_03,subject_03_angry_session_01
24.624,0.0022393836134223938,angry,subject_03,subject_03_angry_session_01
24.628,0.04993359097553576,angry,subject_03,subject_03_angry_session_01
24.632,0.11710304870515562,angry,subject_03,subject_03_angry_session_01
24.636,0.029107200011338985,angry,subject_03,subject_03_angry_session_01
24.64,0.15447474346946477,angry,subject_03,subject_03_angry_session_01
24.644,0.25375793604030905,angry,subject_03,subject_03_angry_session_01
24.648,0.012245946424744636,angry,subject_03,subject_03_angry_session_01
24.652,0.12743946000800926,angry,subject_03,subject_03_angry_session_01
24.656,0.1679910292687721,angry,subject_03,subject_03_angry_session_01
24.66,0.17519435318870125,angry,subject_03,subject_03_angry_session_01
24.664,0.27388948142080694,angry,subject_03,subject_03_angry_session_01
24.668,0.178047742247194,angry,subject_03,subject_03_angry_session_01
24.672,0.1944428445933643,angry,subject_03,subject_03_angry_session_01
24.676,0.19828212225877284,angry,subject_03,subject_03_angry_session_01
24.68,0.2572939781329726,angry,subject_03,subject_03_angry_session_01
24.684,0.33506769070185166,angry,subject_03,subject_03_angry_session_01
24.688,0.244175649600116,angry,subject_03,subject_03_angry_session_01
24.692,0.3433302962643753,angry,subject_03,subject_03_angry_session_01
24.696,0.264184968110116,angry,subject_03,subject_03_angry_session_01
24.7,0.18937811401007582,angry,subject_03,subject_03_angry_session_01
24.704,0.3382880986485122,angry,subject_03,subject_03_angry_session_01
24.708,0.2759672792849959,angry,subject_03,subject_03_angry_session_01
24.712,0.3684557680911179,angry,subject_03,subject_03_angry_session_01
24.716,0.3369398965265424,angry,subject_03,subject_03_angry_session_01
24.72,0.347661574699106,angry,subject_03,subject_03_angry_session_01
24.724,0.2496575546146884,angry,subject_03,subject_03_angry_session_01
24.728,0.24083722492318452,angry,subject_03,subject_03_angry_session_01
24.732,0.2986664320484589,angry,subject_03,subject_03_angry_session_01
24.736,0.22155378817359644,angry,subject_03,subject_03_angry_session_01
24.74,0.23941329317427154,angry,subject_03,subject_03_angry_session_01
24.744,0.2599823524139655,angry,subject_03,subject_03_angry_session_01
24.748,0.23165019050705124,angry,subject_03,subject_03_angry_session_01
24.752,0.2983764196681313,angry,subject_03,subject_03_angry_session_01
24.756,0.30530721884302486,angry,subject_03,subject_03_angry_session_01
24.76,0.27109697635957214,angry,subject_03,subject_03_angry_session_01
24.764,0.22605132099540776,angry,subject_03,subject_03_angry_session_01
24.768,0.24895149282599371,angry,subject_03,subject_03_angry_session_01
24.772,0.3100669889672221,angry,subject_03,subject_03_angry_session_01
24.776,0.27882900088041823,angry,subject_03,subject_03_angry_session_01
24.78,0.29685999963972537,angry,subject_03,subject_03_angry_session_01
24.784,0.23404910659646608,angry,subject_03,subject_03_angry_session_01
24.788,0.3096132375944147,angry,subject_03,subject_03_angry_session_01
24.792,0.3282053616624159,angry,subject_03,subject_03_angry_session_01
24.796,0.19972812623541886,angry,subject_03,subject_03_angry_session_01
24.8,0.24756582744273903,angry,subject_03,subject_03_angry_session_01
24.804,0.17250043421346886,angry,subject_03,subject_03_angry_session_01
24.808,0.31818523916284813,angry,subject_03,subject_03_angry_session_01
24.812,0.3993435882506406,angry,subject_03,subject_03_angry_session_01
24.816,0.31714716685483013,angry,subject_03,subject_03_angry_session_01
24.82,0.25122688921045033,angry,subject_03,subject_03_angry_session_01
24.824,0.26663317752960713,angry,subject_03,subject_03_angry_session_01
24.828,0.28846853775888226,angry,subject_03,subject_03_angry_session_01
24.832,0.17535347383094024,angry,subject_03,subject_03_angry_session_01
24.836,0.25125269119404076,angry,subject_03,subject_03_angry_session_01
24.84,0.24311241260246613,angry,subject_03,subject_03_angry_session_01
24.844,0.22736412991062382,angry,subject_03,subject_03_angry_session_01
24.848,0.21128547946483298,angry,subject_03,subject_03_angry_session_01
24.852,0.23765591580234455,angry,subject_03,subject_03_angry_session_01
24.856,0.16705426700324452,angry,subject_03,subject_03_angry_session_01
24.86,0.17691370569553821,angry,subject_03,subject_03_angry_session_01
24.864,0.23283581529514605,angry,subject_03,subject_03_angry_session_01
24.868,0.2072957413344663,angry,subject_03,subject_03_angry_session_01
24.872,0.2039691224773927,angry,subject_03,subject_03_angry_session_01
24.876,0.25397438814287465,angry,subject_03,subject_03_angry_session_01
24.88,0.18182734018490812,angry,subject_03,subject_03_angry_session_01
24.884,0.16720417858929645,angry,subject_03,subject_03_angry_session_01
24.888,0.2106033910369207,angry,subject_03,subject_03_angry_session_01
24.892,0.26880776388078054,angry,subject_03,subject_03_angry_session_01
24.896,0.1257912971263355,angry,subject_03,subject_03_angry_session_01
24.9,0.17233201712984086,angry,subject_03,subject_03_angry_session_01
24.904,0.12067438519680326,angry,subject_03,subject_03_angry_session_01
24.908,0.07055514721518111,angry,subject_03,subject_03_angry_session_01
24.912,0.11738394130666434,angry,subject_03,subject_03_angry_session_01
24.916,0.1470458766904736,angry,subject_03,subject_03_angry_session_01
24.92,0.052459434756876464,angry,subject_03,subject_03_angry_session_01
24.924,0.16195794986978618,angry,subject_03,subject_03_angry_session_01
24.928,0.06428097118358769,angry,subject_03,subject_03_angry_session_01
24.932,0.054456218723332256,angry,subject_03,subject_03_angry_session_01
24.936,0.11988012217077464,angry,subject_03,subject_03_angry_session_01
24.94,0.0853634648097843,angry,subject_03,subject_03_angry_session_01
24.944,0.020127262721868308,angry,subject_03,subject_03_angry_session_01
24.948,-0.019023041621359683,angry,subject_03,subject_03_angry_session_01
24.952,0.15810754896098234,angry,subject_03,subject_03_angry_session_01
24.956,0.06209340566698437,angry,subject_03,subject_03_angry_session_01
24.96,0.16068281312336372,angry,subject_03,subject_03_angry_session_01
24.964,0.016025028686140322,angry,subject_03,subject_03_angry_session_01
24.968,0.06298691340603153,angry,subject_03,subject_03_angry_session_01
24.972,-0.033048834908224946,angry,subject_03,subject_03_angry_session_01
24.976,-0.021312976836502046,angry,subject_03,subject_03_angry_session_01
24.98,0.011674507571643039,angry,subject_03,subject_03_angry_session_01
24.984,0.1360919475540769,angry,subject_03,subject_03_angry_session_01
24.988,0.04906283607683092,angry,subject_03,subject_03_angry_session_01
24.992,0.09936826282960415,angry,subject_03,subject_03_angry_session_01
24.996,0.15469451185624722,angry,subject_03,subject_03_angry_session_01
25.0,0.08861252525595695,angry,subject_03,subject_03_angry_session_01
25.004,0.0837083411084775,angry,subject_03,subject_03_angry_session_01
25.008,0.03372653070951738,angry,subject_03,subject_03_angry_session_01
25.012,0.10839477799400546,angry,subject_03,subject_03_angry_session_01
25.016,0.040026079469128395,angry,subject_03,subject_03_angry_session_01
25.02,0.08826990894863349,angry,subject_03,subject_03_angry_session_01
25.024,0.014231341177448436,angry,subject_03,subject_03_angry_session_01
25.028,0.1086951149507879,angry,subject_03,subject_03_angry_session_01
25.032,0.1536123811168833,angry,subject_03,subject_03_angry_session_01
25.036,0.20115403722161182,angry,subject_03,subject_03_angry_session_01
25.04,0.25933882877257897,angry,subject_03,subject_03_angry_session_01
25.044,0.5107956408918817,angry,subject_03,subject_03_angry_session_01
25.048,0.6792339894080646,angry,subject_03,subject_03_angry_session_01
25.052,0.7507939741360584,angry,subject_03,subject_03_angry_session_01
25.056,0.9601694815174736,angry,subject_03,subject_03_angry_session_01
25.06,1.0752422444483913,angry,subject_03,subject_03_angry_session_01
25.064,1.1824624274959572,angry,subject_03,subject_03_angry_session_01
25.068,1.1371124273296798,angry,subject_03,subject_03_angry_session_01
25.072,1.1062712795023755,angry,subject_03,subject_03_angry_session_01
25.076,0.9498085937521812,angry,subject_03,subject_03_angry_session_01
25.08,0.7956254163416493,angry,subject_03,subject_03_angry_session_01
25.084,0.639155478126057,angry,subject_03,subject_03_angry_session_01
25.088,0.4486987720614681,angry,subject_03,subject_03_angry_session_01
25.092,0.3018093601272015,angry,subject_03,subject_03_angry_session_01
25.096,0.2128838391704224,angry,subject_03,subject_03_angry_session_01
25.1,0.11321741631847909,angry,subject_03,subject_03_angry_session_01
25.104,0.04140791925502768,angry,subject_03,subject_03_angry_session_01
25.108,-0.0005165991997357205,angry,subject_03,subject_03_angry_session_01
25.112,0.05126859788320466,angry,subject_03,subject_03_angry_session_01
25.116,0.0579341202594481,angry,subject_03,subject_03_angry_session_01
25.12,0.0032105229575173904,angry,subject_03,subject_03_angry_session_01
25.124,0.1038673516853548,angry,subject_03,subject_03_angry_session_01
25.128,0.11035374715578229,angry,subject_03,subject_03_angry_session_01
25.132,0.04555214291537643,angry,subject_03,subject_03_angry_session_01
25.136,0.007807776380317141,angry,subject_03,subject_03_angry_session_01
25.14,0.02890366540719232,angry,subject_03,subject_03_angry_session_01
25.144,0.060103224160650524,angry,subject_03,subject_03_angry_session_01
25.148,0.04007273443380721,angry,subject_03,subject_03_angry_session_01
25.152,0.0035597683500209754,angry,subject_03,subject_03_angry_session_01
25.156,0.0039163964022779635,angry,subject_03,subject_03_angry_session_01
25.16,0.04433770188559758,angry,subject_03,subject_03_angry_session_01
25.164,0.03884749514193911,angry,subject_03,subject_03_angry_session_01
25.168,-0.0354818497273896,angry,subject_03,subject_03_angry_session_01
25.172,0.13331099759253537,angry,subject_03,subject_03_angry_session_01
25.176,0.15005302498532866,angry,subject_03,subject_03_angry_session_01
25.18,0.12877020873866424,angry,subject_03,subject_03_angry_session_01
25.184,-0.027593487908328065,angry,subject_03,subject_03_angry_session_01
25.188,0.09310990355386617,angry,subject_03,subject_03_angry_session_01
25.192,0.13793009720582414,angry,subject_03,subject_03_angry_session_01
25.196,0.19197564261421363,angry,subject_03,subject_03_angry_session_01
25.2,0.2543501099730578,angry,subject_03,subject_03_angry_session_01
25.204,0.13165947268378916,angry,subject_03,subject_03_angry_session_01
25.208,0.1475592805129338,angry,subject_03,subject_03_angry_session_01
25.212,0.1749689058446918,angry,subject_03,subject_03_angry_session_01
25.216,0.11821904313580948,angry,subject_03,subject_03_angry_session_01
25.22,0.11526985056369583,angry,subject_03,subject_03_angry_session_01
25.224,0.22237034367750744,angry,subject_03,subject_03_angry_session_01
25.228,0.21822260720355918,angry,subject_03,subject_03_angry_session_01
25.232,0.17357734601339248,angry,subject_03,subject_03_angry_session_01
25.236,0.0998515113914793,angry,subject_03,subject_03_angry_session_01
25.24,0.07390458525601268,angry,subject_03,subject_03_angry_session_01
25.244,0.20603174467777266,angry,subject_03,subject_03_angry_session_01
25.248,0.21623434280363726,angry,subject_03,subject_03_angry_session_01
25.252,0.21183251693085636,angry,subject_03,subject_03_angry_session_01
25.256,0.2883703841606418,angry,subject_03,subject_03_angry_session_01
25.26,0.2550233235857628,angry,subject_03,subject_03_angry_session_01
25.264,0.13079319734776806,angry,subject_03,subject_03_angry_session_01
25.268,0.37637889569040456,angry,subject_03,subject_03_angry_session_01
25.272,0.11240266720205852,angry,subject_03,subject_03_angry_session_01
25.276,0.23648733620637172,angry,subject_03,subject_03_angry_session_01
25.28,0.21528524010742162,angry,subject_03,subject_03_angry_session_01
25.284,0.3098086723506183,angry,subject_03,subject_03_angry_session_01
25.288,0.20837033692530355,angry,subject_03,subject_03_angry_session_01
25.292,0.3295157311227926,angry,subject_03,subject_03_angry_session_01
25.296,0.27485526895419504,angry,subject_03,subject_03_angry_session_01
25.3,0.3400815329735109,angry,subject_03,subject_03_angry_session_01
25.304,0.15576482186893398,angry,subject_03,subject_03_angry_session_01
25.308,0.2894424654745146,angry,subject_03,subject_03_angry_session_01
25.312,0.3447456026669018,angry,subject_03,subject_03_angry_session_01
25.316,0.23555180383827656,angry,subject_03,subject_03_angry_session_01
25.32,0.32248643689237644,angry,subject_03,subject_03_angry_session_01
25.324,0.32020583985983647,angry,subject_03,subject_03_angry_session_01
25.328,0.3177234795628767,angry,subject_03,subject_03_angry_session_01
25.332,0.27974857617480425,angry,subject_03,subject_03_angry_session_01
25.336,0.3434185854863243,angry,subject_03,subject_03_angry_session_01
25.34,0.31847438887331847,angry,subject_03,subject_03_angry_session_01
25.344,0.3125058389384124,angry,subject_03,subject_03_angry_session_01
25.348,0.25763495870748093,angry,subject_03,subject_03_angry_session_01
25.352,0.23030706130669304,angry,subject_03,subject_03_angry_session_01
25.356,0.314925622855803,angry,subject_03,subject_03_angry_session_01
25.36,0.24060292567457714,angry,subject_03,subject_03_angry_session_01
25.364,0.3661850737415617,angry,subject_03,subject_03_angry_session_01
25.368,0.39853090664633994,angry,subject_03,subject_03_angry_session_01
25.372,0.23053517781703264,angry,subject_03,subject_03_angry_session_01
25.376,0.22026778033091857,angry,subject_03,subject_03_angry_session_01
25.38,0.2929457778334139,angry,subject_03,subject_03_angry_session_01
25.384,0.2814831972256943,angry,subject_03,subject_03_angry_session_01
25.388,0.25821050764884546,angry,subject_03,subject_03_angry_session_01
25.392,0.2916059381287105,angry,subject_03,subject_03_angry_session_01
25.396,0.296371800868204,angry,subject_03,subject_03_angry_session_01
25.4,0.20458716365184781,angry,subject_03,subject_03_angry_session_01
25.404,0.19647199768370582,angry,subject_03,subject_03_angry_session_01
25.408,0.1324651065457678,angry,subject_03,subject_03_angry_session_01
25.412,0.1396095006150939,angry,subject_03,subject_03_angry_session_01
25.416,0.18005457173441236,angry,subject_03,subject_03_angry_session_01
25.42,0.21307124438992373,angry,subject_03,subject_03_angry_session_01
25.424,0.2768358579362943,angry,subject_03,subject_03_angry_session_01
25.428,0.26076682206082336,angry,subject_03,subject_03_angry_session_01
25.432,0.2467522471817485,angry,subject_03,subject_03_angry_session_01
25.436,0.20101987895319204,angry,subject_03,subject_03_angry_session_01
25.44,0.3405416913083848,angry,subject_03,subject_03_angry_session_01
25.444,0.12840076956654728,angry,subject_03,subject_03_angry_session_01
25.448,0.17740781573746187,angry,subject_03,subject_03_angry_session_01
25.452,0.20518611758511426,angry,subject_03,subject_03_angry_session_01
25.456,0.11157887044599539,angry,subject_03,subject_03_angry_session_01
25.46,0.15005353684994047,angry,subject_03,subject_03_angry_session_01
25.464,0.07281117799046455,angry,subject_03,subject_03_angry_session_01
25.468,0.13011074434981146,angry,subject_03,subject_03_angry_session_01
25.472,0.2299242389714231,angry,subject_03,subject_03_angry_session_01
25.476,0.14239035897228555,angry,subject_03,subject_03_angry_session_01
25.48,0.23918466496164537,angry,subject_03,subject_03_angry_session_01
25.484,0.19976317914618877,angry,subject_03,subject_03_angry_session_01
25.488,0.01735827843923561,angry,subject_03,subject_03_angry_session_01
25.492,0.028595855863925976,angry,subject_03,subject_03_angry_session_01
25.496,0.17574287789185483,angry,subject_03,subject_03_angry_session_01
25.5,0.07644178959123946,angry,subject_03,subject_03_angry_session_01
25.504,-0.013385529936532761,angry,subject_03,subject_03_angry_session_01
25.508,0.12587156924249646,angry,subject_03,subject_03_angry_session_01
25.512,0.15497974499965594,angry,subject_03,subject_03_angry_session_01
25.516,0.1464910408749112,angry,subject_03,subject_03_angry_session_01
25.52,0.08201398377122612,angry,subject_03,subject_03_angry_session_01
25.524,0.1189086865209525,angry,subject_03,subject_03_angry_session_01
25.528,0.07473901967916598,angry,subject_03,subject_03_angry_session_01
25.532,-0.018025044728000525,angry,subject_03,subject_03_angry_session_01
25.536,0.10356265144890567,angry,subject_03,subject_03_angry_session_01
25.54,0.021065531708873986,angry,subject_03,subject_03_angry_session_01
25.544,0.14265405061390693,angry,subject_03,subject_03_angry_session_01
25.548,0.008862263957033104,angry,subject_03,subject_03_angry_session_01
25.552,0.013621310597875433,angry,subject_03,subject_03_angry_session_01
25.556,-0.03886172002040421,angry,subject_03,subject_03_angry_session_01
25.56,0.06831379387990927,angry,subject_03,subject_03_angry_session_01
25.564,0.1376610525455761,angry,subject_03,subject_03_angry_session_01
25.568,0.07050048928619457,angry,subject_03,subject_03_angry_session_01
25.572,0.026010885094368805,angry,subject_03,subject_03_angry_session_01
25.576,-0.008059211501039963,angry,subject_03,subject_03_angry_session_01
25.58,-0.0234810339041292,angry,subject_03,subject_03_angry_session_01
25.584,0.08513669127697396,angry,subject_03,subject_03_angry_session_01
25.588,-0.030372257508485337,angry,subject_03,subject_03_angry_session_01
25.592,-0.11873367757571628,angry,subject_03,subject_03_angry_session_01
25.596,0.19432457353717006,angry,subject_03,subject_03_angry_session_01
25.6,0.05583087562198975,angry,subject_03,subject_03_angry_session_01
25.604,0.06442477782011125,angry,subject_03,subject_03_angry_session_01
25.608,0.1261945912938506,angry,subject_03,subject_03_angry_session_01
25.612,0.31031565032932684,angry,subject_03,subject_03_angry_session_01
25.616,0.3468489337023445,angry,subject_03,subject_03_angry_session_01
25.62,0.5354082246279434,angry,subject_03,subject_03_angry_session_01
25.624,0.7598994596075034,angry,subject_03,subject_03_angry_session_01
25.628,0.8312021259476524,angry,subject_03,subject_03_angry_session_01
25.632,0.9353133686711078,angry,subject_03,subject_03_angry_session_01
25.636,1.0531744358034867,angry,subject_03,subject_03_angry_session_01
25.64,1.093835689010923,angry,subject_03,subject_03_angry_session_01
25.644,1.0646831018941691,angry,subject_03,subject_03_angry_session_01
25.648,0.9771464978584152,angry,subject_03,subject_03_angry_session_01
25.652,0.8798024909332629,angry,subject_03,subject_03_angry_session_01
25.656,0.6612648801998836,angry,subject_03,subject_03_angry_session_01
25.66,0.5488220454245685,angry,subject_03,subject_03_angry_session_01
25.664,0.32967115392011204,angry,subject_03,subject_03_angry_session_01
25.668,0.21120753544600718,angry,subject_03,subject_03_angry_session_01
25.672,0.06471838096919777,angry,subject_03,subject_03_angry_session_01
25.676,-0.08613429267272205,angry,subject_03,subject_03_angry_session_01
25.68,-0.005651773202714348,angry,subject_03,subject_03_angry_session_01
25.684,0.021965508122966187,angry,subject_03,subject_03_angry_session_01
25.688,-0.025217962172824196,angry,subject_03,subject_03_angry_session_01
25.692,-0.10217563901297963,angry,subject_03,subject_03_angry_session_01
25.696,-0.09141858071799636,angry,subject_03,subject_03_angry_session_01
25.7,0.05459584264197362,angry,subject_03,subject_03_angry_session_01
25.704,0.0412078448442945,angry,subject_03,subject_03_angry_session_01
25.708,0.034902264333086006,angry,subject_03,subject_03_angry_session_01
25.712,0.08322879591385346,angry,subject_03,subject_03_angry_session_01
25.716,0.07719384710845902,angry,subject_03,subject_03_angry_session_01
25.72,0.04833798985722956,angry,subject_03,subject_03_angry_session_01
25.724,0.12798834593355052,angry,subject_03,subject_03_angry_session_01
25.728,0.15080080954024566,angry,subject_03,subject_03_angry_session_01
25.732,0.12829777598995726,angry,subject_03,subject_03_angry_session_01
25.736,0.10116219693122394,angry,subject_03,subject_03_angry_session_01
25.74,0.0662586638923624,angry,subject_03,subject_03_angry_session_01
25.744,0.06660291650936222,angry,subject_03,subject_03_angry_session_01
25.748,0.11337991741047902,angry,subject_03,subject_03_angry_session_01
25.752,0.03981219456042614,angry,subject_03,subject_03_angry_session_01
25.756,0.07519818015101039,angry,subject_03,subject_03_angry_session_01
25.76,0.04834595402342461,angry,subject_03,subject_03_angry_session_01
25.764,0.08606914337356612,angry,subject_03,subject_03_angry_session_01
25.768,0.04733137968807357,angry,subject_03,subject_03_angry_session_01
25.772,0.09013916027926962,angry,subject_03,subject_03_angry_session_01
25.776,0.08632416436817726,angry,subject_03,subject_03_angry_session_01
25.78,0.18123568238776824,angry,subject_03,subject_03_angry_session_01
25.784,0.19392627778167254,angry,subject_03,subject_03_angry_session_01
25.788,0.16618953196049202,angry,subject_03,subject_03_angry_session_01
25.792,0.05078632307828017,angry,subject_03,subject_03_angry_session_01
25.796,0.18319146374508732,angry,subject_03,subject_03_angry_session_01
25.8,0.20782095137763418,angry,subject_03,subject_03_angry_session_01
25.804,0.14371092272837488,angry,subject_03,subject_03_angry_session_01
25.808,0.21749114887300025,angry,subject_03,subject_03_angry_session_01
25.812,0.2358657103919882,angry,subject_03,subject_03_angry_session_01
25.816,0.09077173519851285,angry,subject_03,subject_03_angry_session_01
25.82,0.25352391863296375,angry,subject_03,subject_03_angry_session_01
25.824,0.1910003171798605,angry,subject_03,subject_03_angry_session_01
25.828,0.12940838765061935,angry,subject_03,subject_03_angry_session_01
25.832,0.22878475596445574,angry,subject_03,subject_03_angry_session_01
25.836,0.20343089464516068,angry,subject_03,subject_03_angry_session_01
25.84,0.2848171169259349,angry,subject_03,subject_03_angry_session_01
25.844,0.27719402927658676,angry,subject_03,subject_03_angry_session_01
25.848,0.27941098306148293,angry,subject_03,subject_03_angry_session_01
25.852,0.20586141823178666,angry,subject_03,subject_03_angry_session_01
25.856,0.23470964459171678,angry,subject_03,subject_03_angry_session_01
25.86,0.24477532571811042,angry,subject_03,subject_03_angry_session_01
25.864,0.306505334323709,angry,subject_03,subject_03_angry_session_01
25.868,0.35405172111053423,angry,subject_03,subject_03_angry_session_01
25.872,0.3076637426492692,angry,subject_03,subject_03_angry_session_01
25.876,0.22775224775982553,angry,subject_03,subject_03_angry_session_01
25.88,0.25406499392540494,angry,subject_03,subject_03_angry_session_01
25.884,0.30588689954798964,angry,subject_03,subject_03_angry_session_01
25.888,0.3518547574668751,angry,subject_03,subject_03_angry_session_01
25.892,0.2761479407222585,angry,subject_03,subject_03_angry_session_01
25.896,0.32292785502046867,angry,subject_03,subject_03_angry_session_01
25.9,0.18830909097156895,angry,subject_03,subject_03_angry_session_01
25.904,0.24771957809782574,angry,subject_03,subject_03_angry_session_01
25.908,0.32234733414247874,angry,subject_03,subject_03_angry_session_01
25.912,0.13304729579887098,angry,subject_03,subject_03_angry_session_01
25.916,0.33968060848440795,angry,subject_03,subject_03_angry_session_01
25.92,0.2947495813511526,angry,subject_03,subject_03_angry_session_01
25.924,0.27380155129263445,angry,subject_03,subject_03_angry_session_01
25.928,0.14314334224036865,angry,subject_03,subject_03_angry_session_01
25.932,0.31890841985328133,angry,subject_03,subject_03_angry_session_01
25.936,0.3763864700435736,angry,subject_03,subject_03_angry_session_01
25.94,0.2404002445876967,angry,subject_03,subject_03_angry_session_01
25.944,0.22256547939032117,angry,subject_03,subject_03_angry_session_01
25.948,0.23097062638546534,angry,subject_03,subject_03_angry_session_01
25.952,0.29009558060755186,angry,subject_03,subject_03_angry_session_01
25.956,0.3026286467522784,angry,subject_03,subject_03_angry_session_01
25.96,0.27311819800766834,angry,subject_03,subject_03_angry_session_01
25.964,0.21987665899719605,angry,subject_03,subject_03_angry_session_01
25.968,0.29807844534937994,angry,subject_03,subject_03_angry_session_01
25.972,0.16071964299145108,angry,subject_03,subject_03_angry_session_01
25.976,0.2968334064035619,angry,subject_03,subject_03_angry_session_01
25.98,0.3018030247755374,angry,subject_03,subject_03_angry_session_01
25.984,0.1956362093654069,angry,subject_03,subject_03_angry_session_01
25.988,0.32102412443469575,angry,subject_03,subject_03_angry_session_01
25.992,0.27160348991063393,angry,subject_03,subject_03_angry_session_01
25.996,0.20735649661833416,angry,subject_03,subject_03_angry_session_01
26.0,0.1819778941006004,angry,subject_03,subject_03_angry_session_01
26.004,0.24414158469210384,angry,subject_03,subject_03_angry_session_01
26.008,0.15327633179478983,angry,subject_03,subject_03_angry_session_01
26.012,0.2724216510912977,angry,subject_03,subject_03_angry_session_01
26.016,0.1450876415030409,angry,subject_03,subject_03_angry_session_01
26.02,0.3194546625160394,angry,subject_03,subject_03_angry_session_01
26.024,0.18193373414545302,angry,subject_03,subject_03_angry_session_01
26.028,0.07644437532819685,angry,subject_03,subject_03_angry_session_01
26.032,0.22606021450246444,angry,subject_03,subject_03_angry_session_01
26.036,0.11573963031345808,angry,subject_03,subject_03_angry_session_01
26.04,0.01796786790138255,angry,subject_03,subject_03_angry_session_01
26.044,0.23443914971199498,angry,subject_03,subject_03_angry_session_01
26.048,0.2760170637315741,angry,subject_03,subject_03_angry_session_01
26.052,0.13439304230054872,angry,subject_03,subject_03_angry_session_01
26.056,0.13258235658654016,angry,subject_03,subject_03_angry_session_01
26.06,0.11292350691991412,angry,subject_03,subject_03_angry_session_01
26.064,0.11380779332866575,angry,subject_03,subject_03_angry_session_01
26.068,0.05011022354440471,angry,subject_03,subject_03_angry_session_01
26.072,0.060385136926229835,angry,subject_03,subject_03_angry_session_01
26.076,0.0418985883198785,angry,subject_03,subject_03_angry_session_01
26.08,0.046865204139222294,angry,subject_03,subject_03_angry_session_01
26.084,-0.03193796339569583,angry,subject_03,subject_03_angry_session_01
26.088,0.09263407616008511,angry,subject_03,subject_03_angry_session_01
26.092,0.03562907153221193,angry,subject_03,subject_03_angry_session_01
26.096,0.06745176160306986,angry,subject_03,subject_03_angry_session_01
26.1,0.050248605476443886,angry,subject_03,subject_03_angry_session_01
26.104,-0.11961305303379435,angry,subject_03,subject_03_angry_session_01
26.108,0.0403420810125069,angry,subject_03,subject_03_angry_session_01
26.112,0.05977155451398936,angry,subject_03,subject_03_angry_session_01
26.116,-0.04351877732135303,angry,subject_03,subject_03_angry_session_01
26.12,0.00543746999221076,angry,subject_03,subject_03_angry_session_01
26.124,-0.017050736213281893,angry,subject_03,subject_03_angry_session_01
26.128,0.025533462280422387,angry,subject_03,subject_03_angry_session_01
26.132,-0.008613585499015914,angry,subject_03,subject_03_angry_session_01
26.136,-0.10527071462897687,angry,subject_03,subject_03_angry_session_01
26.14,-0.06105137535401941,angry,subject_03,subject_03_angry_session_01
26.144,0.03362822255234659,angry,subject_03,subject_03_angry_session_01
26.148,0.02122911417912065,angry,subject_03,subject_03_angry_session_01
26.152,0.1352435554687998,angry,subject_03,subject_03_angry_session_01
26.156,-0.010336715198976727,angry,subject_03,subject_03_angry_session_01
26.16,-0.11906557333726064,angry,subject_03,subject_03_angry_session_01
26.164,0.06790566704840412,angry,subject_03,subject_03_angry_session_01
26.168,0.0464701123309567,angry,subject_03,subject_03_angry_session_01
26.172,-0.0457292333398009,angry,subject_03,subject_03_angry_session_01
26.176,0.08873401713654236,angry,subject_03,subject_03_angry_session_01
26.18,0.1232916270931998,angry,subject_03,subject_03_angry_session_01
26.184,0.15132058265598347,angry,subject_03,subject_03_angry_session_01
26.188,0.3496247527848773,angry,subject_03,subject_03_angry_session_01
26.192,0.44760404959287353,angry,subject_03,subject_03_angry_session_01
26.196,0.5567860124446253,angry,subject_03,subject_03_angry_session_01
26.2,0.7900311410657476,angry,subject_03,subject_03_angry_session_01
26.204,0.975186760461703,angry,subject_03,subject_03_angry_session_01
26.208,1.0309568077769429,angry,subject_03,subject_03_angry_session_01
26.212,1.043852548277362,angry,subject_03,subject_03_angry_session_01
26.216,1.1070259884107247,angry,subject_03,subject_03_angry_session_01
26.22,0.9971729424134901,angry,subject_03,subject_03_angry_session_01
26.224,0.8424565578340255,angry,subject_03,subject_03_angry_session_01
26.228,0.7601274818305754,angry,subject_03,subject_03_angry_session_01
26.232,0.5637001333765693,angry,subject_03,subject_03_angry_session_01
26.236,0.5167630234914107,angry,subject_03,subject_03_angry_session_01
26.24,0.30389995390514213,angry,subject_03,subject_03_angry_session_01
26.244,0.16994031920851177,angry,subject_03,subject_03_angry_session_01
26.248,-0.0795409799686485,angry,subject_03,subject_03_angry_session_01
26.252,0.010947342124026621,angry,subject_03,subject_03_angry_session_01
26.256,-0.008465749396279157,angry,subject_03,subject_03_angry_session_01
26.26,-0.1659263335676443,angry,subject_03,subject_03_angry_session_01
26.264,-0.11017380532916274,angry,subject_03,subject_03_angry_session_01
26.268,-0.08951274612635965,angry,subject_03,subject_03_angry_session_01
26.272,0.03641651912669243,angry,subject_03,subject_03_angry_session_01
26.276,0.05873484432826134,angry,subject_03,subject_03_angry_session_01
26.28,-0.04831908771447654,angry,subject_03,subject_03_angry_session_01
26.284,-0.06574927708094871,angry,subject_03,subject_03_angry_session_01
26.288,-0.11922871302214161,angry,subject_03,subject_03_angry_session_01
26.292,-0.08492307075618166,angry,subject_03,subject_03_angry_session_01
26.296,-0.02606286731916712,angry,subject_03,subject_03_angry_session_01
26.3,-0.018040596161032478,angry,subject_03,subject_03_angry_session_01
26.304,0.023327311352076593,angry,subject_03,subject_03_angry_session_01
26.308,0.06326628789743628,angry,subject_03,subject_03_angry_session_01
26.312,0.04540071552884336,angry,subject_03,subject_03_angry_session_01
26.316,-0.00406493883225139,angry,subject_03,subject_03_angry_session_01
26.32,0.03418601158765379,angry,subject_03,subject_03_angry_session_01
26.324,-0.0042777492636662875,angry,subject_03,subject_03_angry_session_01
26.328,0.02383488908452926,angry,subject_03,subject_03_angry_session_01
26.332,0.04075758713470969,angry,subject_03,subject_03_angry_session_01
26.336,0.10734311767611046,angry,subject_03,subject_03_angry_session_01
26.34,0.12264117908680663,angry,subject_03,subject_03_angry_session_01
26.344,0.024585791225709683,angry,subject_03,subject_03_angry_session_01
26.348,0.08214542802060626,angry,subject_03,subject_03_angry_session_01
26.352,0.1307174954416029,angry,subject_03,subject_03_angry_session_01
26.356,0.08699568021011976,angry,subject_03,subject_03_angry_session_01
26.36,0.0811958013344251,angry,subject_03,subject_03_angry_session_01
26.364,0.17057684241921703,angry,subject_03,subject_03_angry_session_01
26.368,0.15673470683055415,angry,subject_03,subject_03_angry_session_01
26.372,0.12369050440133919,angry,subject_03,subject_03_angry_session_01
26.376,0.07871297684723086,angry,subject_03,subject_03_angry_session_01
26.38,0.047258407928538804,angry,subject_03,subject_03_angry_session_01
26.384,0.16166485501773553,angry,subject_03,subject_03_angry_session_01
26.388,0.1952835941540262,angry,subject_03,subject_03_angry_session_01
26.392,0.10359095377124615,angry,subject_03,subject_03_angry_session_01
26.396,0.2341068157061017,angry,subject_03,subject_03_angry_session_01
26.4,0.1624460081526561,angry,subject_03,subject_03_angry_session_01
26.404,0.08594015152983309,angry,subject_03,subject_03_angry_session_01
26.408,0.22732753447622459,angry,subject_03,subject_03_angry_session_01
26.412,0.19943365016866113,angry,subject_03,subject_03_angry_session_01
26.416,0.2032485582505192,angry,subject_03,subject_03_angry_session_01
26.42,0.2690416768826026,angry,subject_03,subject_03_angry_session_01
26.424,0.3153026969707776,angry,subject_03,subject_03_angry_session_01
26.428,0.2655033214255716,angry,subject_03,subject_03_angry_session_01
26.432,0.21108753662053342,angry,subject_03,subject_03_angry_session_01
26.436,0.13656546445342696,angry,subject_03,subject_03_angry_session_01
26.44,0.2819423202480277,angry,subject_03,subject_03_angry_session_01
26.444,0.25138059535683677,angry,subject_03,subject_03_angry_session_01
26.448,0.20437540076272448,angry,subject_03,subject_03_angry_session_01
26.452,0.222496170345588,angry,subject_03,subject_03_angry_session_01
26.456,0.3452848343203615,angry,subject_03,subject_03_angry_session_01
26.46,0.31385256769767217,angry,subject_03,subject_03_angry_session_01
26.464,0.32530142520928906,angry,subject_03,subject_03_angry_session_01
26.468,0.32086397632484964,angry,subject_03,subject_03_angry_session_01
26.472,0.27271997723598973,angry,subject_03,subject_03_angry_session_01
26.476,0.19401325677422693,angry,subject_03,subject_03_angry_session_01
26.48,0.2610625469255993,angry,subject_03,subject_03_angry_session_01
26.484,0.2921477325194501,angry,subject_03,subject_03_angry_session_01
26.488,0.24369727096622584,angry,subject_03,subject_03_angry_session_01
26.492,0.2639985416440023,angry,subject_03,subject_03_angry_session_01
26.496,0.2787564120665339,angry,subject_03,subject_03_angry_session_01
26.5,0.30024723386783264,angry,subject_03,subject_03_angry_session_01
26.504,0.29563374022003025,angry,subject_03,subject_03_angry_session_01
26.508,0.2136754482281903,angry,subject_03,subject_03_angry_session_01
26.512,0.1530533509905047,angry,subject_03,subject_03_angry_session_01
26.516,0.3210173692146635,angry,subject_03,subject_03_angry_session_01
26.52,0.24488334195136727,angry,subject_03,subject_03_angry_session_01
26.524,0.20464935013923313,angry,subject_03,subject_03_angry_session_01
26.528,0.10740462006815325,angry,subject_03,subject_03_angry_session_01
26.532,0.2585781109961927,angry,subject_03,subject_03_angry_session_01
26.536,0.24233747938417355,angry,subject_03,subject_03_angry_session_01
26.54,0.19292719520292703,angry,subject_03,subject_03_angry_session_01
26.544,0.22955494394051582,angry,subject_03,subject_03_angry_session_01
26.548,0.28792877588676513,angry,subject_03,subject_03_angry_session_01
26.552,0.12420310758271373,angry,subject_03,subject_03_angry_session_01
26.556,0.2643613058213336,angry,subject_03,subject_03_angry_session_01
26.56,0.13742165923855235,angry,subject_03,subject_03_angry_session_01
26.564,0.11866737401291948,angry,subject_03,subject_03_angry_session_01
26.568,0.16928287489348512,angry,subject_03,subject_03_angry_session_01
26.572,0.26297023569769107,angry,subject_03,subject_03_angry_session_01
26.576,0.1293518682920172,angry,subject_03,subject_03_angry_session_01
26.58,0.16230169402712408,angry,subject_03,subject_03_angry_session_01
26.584,0.07603828235894534,angry,subject_03,subject_03_angry_session_01
26.588,0.18940721924687806,angry,subject_03,subject_03_angry_session_01
26.592,0.10014347862331649,angry,subject_03,subject_03_angry_session_01
26.596,0.11672435910363554,angry,subject_03,subject_03_angry_session_01
26.6,0.1902828028588527,angry,subject_03,subject_03_angry_session_01
26.604,0.08718938690961132,angry,subject_03,subject_03_angry_session_01
26.608,0.14499736045723247,angry,subject_03,subject_03_angry_session_01
26.612,0.12959384507111443,angry,subject_03,subject_03_angry_session_01
26.616,0.11619181936255694,angry,subject_03,subject_03_angry_session_01
26.62,0.03139373224645541,angry,subject_03,subject_03_angry_session_01
26.624,0.09448320320457723,angry,subject_03,subject_03_angry_session_01
26.628,0.0639630447847023,angry,subject_03,subject_03_angry_session_01
26.632,0.049700017536692245,angry,subject_03,subject_03_angry_session_01
26.636,0.10065771062347431,angry,subject_03,subject_03_angry_session_01
26.64,-0.026445191039889238,angry,subject_03,subject_03_angry_session_01
26.644,0.00222082743285186,angry,subject_03,subject_03_angry_session_01
26.648,0.03337467520982926,angry,subject_03,subject_03_angry_session_01
26.652,0.11856173617381977,angry,subject_03,subject_03_angry_session_01
26.656,-0.08785463283037488,angry,subject_03,subject_03_angry_session_01
26.66,0.026598593140018056,angry,subject_03,subject_03_angry_session_01
26.664,-0.0013345490454463125,angry,subject_03,subject_03_angry_session_01
26.668,0.05002151473414089,angry,subject_03,subject_03_angry_session_01
26.672,-0.04282586690233371,angry,subject_03,subject_03_angry_session_01
26.676,-0.01613033207354643,angry,subject_03,subject_03_angry_session_01
26.68,-0.061084464342201994,angry,subject_03,subject_03_angry_session_01
26.684,-0.035250170178990785,angry,subject_03,subject_03_angry_session_01
26.688,0.025006906689811256,angry,subject_03,subject_03_angry_session_01
26.692,0.009206333729942945,angry,subject_03,subject_03_angry_session_01
26.696,-0.03336415421787106,angry,subject_03,subject_03_angry_session_01
26.7,0.034807623571584116,angry,subject_03,subject_03_angry_session_01
26.704,0.1256474704908564,angry,subject_03,subject_03_angry_session_01
26.708,-0.06908062554302229,angry,subject_03,subject_03_angry_session_01
26.712,0.008915963753974663,angry,subject_03,subject_03_angry_session_01
26.716,-0.020701936088875078,angry,subject_03,subject_03_angry_session_01
26.72,0.03988839040592845,angry,subject_03,subject_03_angry_session_01
26.724,-0.06041228196721973,angry,subject_03,subject_03_angry_session_01
26.728,0.029659104719322156,angry,subject_03,subject_03_angry_session_01
26.732,-0.04119200402305179,angry,subject_03,subject_03_angry_session_01
26.736,-0.05261190061042784,angry,subject_03,subject_03_angry_session_01
26.74,-0.0290649149942808,angry,subject_03,subject_03_angry_session_01
26.744,-0.019097639471532923,angry,subject_03,subject_03_angry_session_01
26.748,-0.05454913563054824,angry,subject_03,subject_03_angry_session_01
26.752,0.05551983987251549,angry,subject_03,subject_03_angry_session_01
26.756,0.21909083148005581,angry,subject_03,subject_03_angry_session_01
26.76,0.18545664327267264,angry,subject_03,subject_03_angry_session_01
26.764,0.426493898861966,angry,subject_03,subject_03_angry_session_01
26.768,0.6181740134307335,angry,subject_03,subject_03_angry_session_01
26.772,0.7158142168209836,angry,subject_03,subject_03_angry_session_01
26.776,0.8496166869830101,angry,subject_03,subject_03_angry_session_01
26.78,0.9794289490898713,angry,subject_03,subject_03_angry_session_01
26.784,0.9932036688531483,angry,subject_03,subject_03_angry_session_01
26.788,1.05238667878428,angry,subject_03,subject_03_angry_session_01
26.792,1.1254351870541772,angry,subject_03,subject_03_angry_session_01
26.796,0.9206893905399819,angry,subject_03,subject_03_angry_session_01
26.8,0.7922561876548503,angry,subject_03,subject_03_angry_session_01
26.804,0.5720462314979433,angry,subject_03,subject_03_angry_session_01
26.808,0.4802370467635877,angry,subject_03,subject_03_angry_session_01
26.812,0.22897611969304382,angry,subject_03,subject_03_angry_session_01
26.816,0.1393511749429088,angry,subject_03,subject_03_angry_session_01
26.82,-0.12092145963539364,angry,subject_03,subject_03_angry_session_01
26.824,-0.030388780776225317,angry,subject_03,subject_03_angry_session_01
26.828,-0.06287113960415024,angry,subject_03,subject_03_angry_session_01
26.832,-0.1313764611750941,angry,subject_03,subject_03_angry_session_01
26.836,-0.11429900638082971,angry,subject_03,subject_03_angry_session_01
26.84,-0.10937530360875494,angry,subject_03,subject_03_angry_session_01
26.844,-0.011479670335000115,angry,subject_03,subject_03_angry_session_01
26.848,-0.06917556228491069,angry,subject_03,subject_03_angry_session_01
26.852,0.05817058700706362,angry,subject_03,subject_03_angry_session_01
26.856,0.07001860236822754,angry,subject_03,subject_03_angry_session_01
26.86,-0.006100126814740911,angry,subject_03,subject_03_angry_session_01
26.864,0.08786084287552533,angry,subject_03,subject_03_angry_session_01
26.868,0.08618582339486486,angry,subject_03,subject_03_angry_session_01
26.872,0.02683588007114064,angry,subject_03,subject_03_angry_session_01
26.876,-0.046760311215878,angry,subject_03,subject_03_angry_session_01
26.88,0.032255664182599814,angry,subject_03,subject_03_angry_session_01
26.884,0.027849263516511805,angry,subject_03,subject_03_angry_session_01
26.888,-0.013852833835374976,angry,subject_03,subject_03_angry_session_01
26.892,0.14394060743054105,angry,subject_03,subject_03_angry_session_01
26.896,0.06679195605745071,angry,subject_03,subject_03_angry_session_01
26.9,-0.038098535465390486,angry,subject_03,subject_03_angry_session_01
26.904,0.06349518393379239,angry,subject_03,subject_03_angry_session_01
26.908,0.048143541219047445,angry,subject_03,subject_03_angry_session_01
26.912,0.07753966298751312,angry,subject_03,subject_03_angry_session_01
26.916,0.04751230148463245,angry,subject_03,subject_03_angry_session_01
26.92,-0.011319445194355945,angry,subject_03,subject_03_angry_session_01
26.924,0.1349274463562324,angry,subject_03,subject_03_angry_session_01
26.928,0.18639907909521888,angry,subject_03,subject_03_angry_session_01
26.932,0.061029194672529485,angry,subject_03,subject_03_angry_session_01
26.936,0.08534629343752542,angry,subject_03,subject_03_angry_session_01
26.94,0.16913587180644568,angry,subject_03,subject_03_angry_session_01
26.944,0.08102384488509468,angry,subject_03,subject_03_angry_session_01
26.948,0.16899349273325998,angry,subject_03,subject_03_angry_session_01
26.952,0.12179522523468972,angry,subject_03,subject_03_angry_session_01
26.956,0.08570507175687549,angry,subject_03,subject_03_angry_session_01
26.96,0.1077298498714998,angry,subject_03,subject_03_angry_session_01
26.964,0.14821307693490002,angry,subject_03,subject_03_angry_session_01
26.968,0.16104342124423096,angry,subject_03,subject_03_angry_session_01
26.972,0.09835121305274167,angry,subject_03,subject_03_angry_session_01
26.976,0.18680542931008162,angry,subject_03,subject_03_angry_session_01
26.98,0.05039891637811883,angry,subject_03,subject_03_angry_session_01
26.984,0.23062347037496442,angry,subject_03,subject_03_angry_session_01
26.988,0.24385315705788518,angry,subject_03,subject_03_angry_session_01
26.992,0.15845091231148445,angry,subject_03,subject_03_angry_session_01
26.996,0.21419665431878507,angry,subject_03,subject_03_angry_session_01
27.0,0.19042861259280172,angry,subject_03,subject_03_angry_session_01
27.004,0.19847672329423327,angry,subject_03,subject_03_angry_session_01
27.008,0.2120074614290774,angry,subject_03,subject_03_angry_session_01
27.012,0.22355971075039383,angry,subject_03,subject_03_angry_session_01
27.016,0.20481476641723906,angry,subject_03,subject_03_angry_session_01
27.02,0.2547381025507735,angry,subject_03,subject_03_angry_session_01
27.024,0.3328180180341952,angry,subject_03,subject_03_angry_session_01
27.028,0.27230926166594255,angry,subject_03,subject_03_angry_session_01
27.032,0.23467902522840425,angry,subject_03,subject_03_angry_session_01
27.036,0.3204886502216501,angry,subject_03,subject_03_angry_session_01
27.04,0.31652793617301156,angry,subject_03,subject_03_angry_session_01
27.044,0.3004389169784508,angry,subject_03,subject_03_angry_session_01
27.048,0.2718983919418414,angry,subject_03,subject_03_angry_session_01
27.052,0.27152521817726083,angry,subject_03,subject_03_angry_session_01
27.056,0.2842743172196953,angry,subject_03,subject_03_angry_session_01
27.06,0.3128140598053016,angry,subject_03,subject_03_angry_session_01
27.064,0.1991317911404128,angry,subject_03,subject_03_angry_session_01
27.068,0.22901125491886576,angry,subject_03,subject_03_angry_session_01
27.072,0.28918013124455433,angry,subject_03,subject_03_angry_session_01
27.076,0.2382784956934303,angry,subject_03,subject_03_angry_session_01
27.08,0.23418159484594028,angry,subject_03,subject_03_angry_session_01
27.084,0.27790617978027515,angry,subject_03,subject_03_angry_session_01
27.088,0.16590336161816271,angry,subject_03,subject_03_angry_session_01
27.092,0.2758754768525887,angry,subject_03,subject_03_angry_session_01
27.096,0.16118591789967174,angry,subject_03,subject_03_angry_session_01
27.1,0.19083365886845927,angry,subject_03,subject_03_angry_session_01
27.104,0.11556663922105645,angry,subject_03,subject_03_angry_session_01
27.108,0.17910145695338187,angry,subject_03,subject_03_angry_session_01
27.112,0.23797097016997043,angry,subject_03,subject_03_angry_session_01
27.116,0.21229284432573553,angry,subject_03,subject_03_angry_session_01
27.12,0.18325308922816974,angry,subject_03,subject_03_angry_session_01
27.124,0.22110511213529693,angry,subject_03,subject_03_angry_session_01
27.128,0.2187642390290086,angry,subject_03,subject_03_angry_session_01
27.132,0.1241564444251825,angry,subject_03,subject_03_angry_session_01
27.136,0.2506452226426573,angry,subject_03,subject_03_angry_session_01
27.14,0.21589904682865452,angry,subject_03,subject_03_angry_session_01
27.144,0.09010345534156385,angry,subject_03,subject_03_angry_session_01
27.148,0.26965778125204243,angry,subject_03,subject_03_angry_session_01
27.152,0.15066283046182832,angry,subject_03,subject_03_angry_session_01
27.156,0.09820544871425936,angry,subject_03,subject_03_angry_session_01
27.16,0.07919028345053152,angry,subject_03,subject_03_angry_session_01
27.164,0.05528385069669499,angry,subject_03,subject_03_angry_session_01
27.168,0.11337901247085819,angry,subject_03,subject_03_angry_session_01
27.172,0.09009325764434731,angry,subject_03,subject_03_angry_session_01
27.176,0.05976029590761123,angry,subject_03,subject_03_angry_session_01
27.18,0.09968662233646944,angry,subject_03,subject_03_angry_session_01
27.184,0.20163260116817525,angry,subject_03,subject_03_angry_session_01
27.188,0.0594849311820051,angry,subject_03,subject_03_angry_session_01
27.192,0.0729278494445921,angry,subject_03,subject_03_angry_session_01
27.196,0.11787032089537461,angry,subject_03,subject_03_angry_session_01
27.2,0.18312075006850997,angry,subject_03,subject_03_angry_session_01
27.204,0.07742694717045141,angry,subject_03,subject_03_angry_session_01
27.208,0.08518139941205159,angry,subject_03,subject_03_angry_session_01
27.212,0.10017702517301946,angry,subject_03,subject_03_angry_session_01
27.216,0.07093995625117172,angry,subject_03,subject_03_angry_session_01
27.22,-0.06529411644928274,angry,subject_03,subject_03_angry_session_01
27.224,-0.018643746175763334,angry,subject_03,subject_03_angry_session_01
27.228,0.0632444156466479,angry,subject_03,subject_03_angry_session_01
27.232,-0.017251245515686412,angry,subject_03,subject_03_angry_session_01
27.236,-0.06857259853697097,angry,subject_03,subject_03_angry_session_01
27.24,-0.011695589609454209,angry,subject_03,subject_03_angry_session_01
27.244,0.03322113077995319,angry,subject_03,subject_03_angry_session_01
27.248,0.026797860138740828,angry,subject_03,subject_03_angry_session_01
27.252,-0.004394770664801338,angry,subject_03,subject_03_angry_session_01
27.256,-0.12105121592785538,angry,subject_03,subject_03_angry_session_01
27.26,-0.0006162101975555664,angry,subject_03,subject_03_angry_session_01
27.264,-0.0928762217497365,angry,subject_03,subject_03_angry_session_01
27.268,0.01622177805805621,angry,subject_03,subject_03_angry_session_01
27.272,0.0035083417157131327,angry,subject_03,subject_03_angry_session_01
27.276,-0.05298041376167101,angry,subject_03,subject_03_angry_session_01
27.28,-0.10210573695353979,angry,subject_03,subject_03_angry_session_01
27.284,0.04574511240152361,angry,subject_03,subject_03_angry_session_01
27.288,-0.005639831920287209,angry,subject_03,subject_03_angry_session_01
27.292,-0.08035042101259554,angry,subject_03,subject_03_angry_session_01
27.296,0.062489797524349425,angry,subject_03,subject_03_angry_session_01
27.3,-0.026005623099027046,angry,subject_03,subject_03_angry_session_01
27.304,-0.07119777684998987,angry,subject_03,subject_03_angry_session_01
27.308,0.027047164255688996,angry,subject_03,subject_03_angry_session_01
27.312,0.009355242783282668,angry,subject_03,subject_03_angry_session_01
27.316,0.0020208781950012966,angry,subject_03,subject_03_angry_session_01
27.32,0.0015014671781984467,angry,subject_03,subject_03_angry_session_01
27.324,-0.03767827919477737,angry,subject_03,subject_03_angry_session_01
27.328,0.037609254606839435,angry,subject_03,subject_03_angry_session_01
27.332,0.1817298578598761,angry,subject_03,subject_03_angry_session_01
27.336,0.2201568888337464,angry,subject_03,subject_03_angry_session_01
27.34,0.5100691946182307,angry,subject_03,subject_03_angry_session_01
27.344,0.65008751298753,angry,subject_03,subject_03_angry_session_01
27.348,0.8121431163857085,angry,subject_03,subject_03_angry_session_01
27.352,1.0328963365366621,angry,subject_03,subject_03_angry_session_01
27.356,0.9605532881750656,angry,subject_03,subject_03_angry_session_01
27.36,1.0763474863404423,angry,subject_03,subject_03_angry_session_01
27.364,0.9818294920469725,angry,subject_03,subject_03_angry_session_01
27.368,1.0526595233899954,angry,subject_03,subject_03_angry_session_01
27.372,0.793361260898393,angry,subject_03,subject_03_angry_session_01
27.376,0.8142367795005685,angry,subject_03,subject_03_angry_session_01
27.38,0.47220365142266374,angry,subject_03,subject_03_angry_session_01
27.384,0.37985155576040347,angry,subject_03,subject_03_angry_session_01
27.388,0.24024152651370942,angry,subject_03,subject_03_angry_session_01
27.392,0.13862414846060708,angry,subject_03,subject_03_angry_session_01
27.396,-0.06576865838494927,angry,subject_03,subject_03_angry_session_01
27.4,-0.12614850249627244,angry,subject_03,subject_03_angry_session_01
27.404,-0.10649383452473186,angry,subject_03,subject_03_angry_session_01
27.408,-0.03892563149269653,angry,subject_03,subject_03_angry_session_01
27.412,-0.06919384438589576,angry,subject_03,subject_03_angry_session_01
27.416,0.01150867597687983,angry,subject_03,subject_03_angry_session_01
27.42,-0.08709620206334875,angry,subject_03,subject_03_angry_session_01
27.424,-0.038680163178551275,angry,subject_03,subject_03_angry_session_01
27.428,-0.017843766834736163,angry,subject_03,subject_03_angry_session_01
27.432,-0.013561947023224202,angry,subject_03,subject_03_angry_session_01
27.436,0.03489861389246775,angry,subject_03,subject_03_angry_session_01
27.44,0.0782313545345883,angry,subject_03,subject_03_angry_session_01
27.444,-0.027435849165316318,angry,subject_03,subject_03_angry_session_01
27.448,-0.01632904341058891,angry,subject_03,subject_03_angry_session_01
27.452,0.03330669647391164,angry,subject_03,subject_03_angry_session_01
27.456,0.039567390776464956,angry,subject_03,subject_03_angry_session_01
27.46,0.08858010831979991,angry,subject_03,subject_03_angry_session_01
27.464,0.03412929556967146,angry,subject_03,subject_03_angry_session_01
27.468,0.021236819334133718,angry,subject_03,subject_03_angry_session_01
27.472,0.1436839817501823,angry,subject_03,subject_03_angry_session_01
27.476,0.0641025456985559,angry,subject_03,subject_03_angry_session_01
27.48,0.09312972952799672,angry,subject_03,subject_03_angry_session_01
27.484,-0.03831870920998631,angry,subject_03,subject_03_angry_session_01
27.488,0.054526852760265906,angry,subject_03,subject_03_angry_session_01
27.492,0.13734554708171182,angry,subject_03,subject_03_angry_session_01
27.496,0.08348007611042285,angry,subject_03,subject_03_angry_session_01
27.5,0.07978910249042007,angry,subject_03,subject_03_angry_session_01
27.504,-0.021789587986129177,angry,subject_03,subject_03_angry_session_01
27.508,0.091373059821672,angry,subject_03,subject_03_angry_session_01
27.512,0.1822922605996642,angry,subject_03,subject_03_angry_session_01
27.516,0.11602381432338066,angry,subject_03,subject_03_angry_session_01
27.52,0.15230125348241655,angry,subject_03,subject_03_angry_session_01
27.524,0.11284638859048308,angry,subject_03,subject_03_angry_session_01
27.528,0.12075488690932758,angry,subject_03,subject_03_angry_session_01
27.532,0.15260515259834287,angry,subject_03,subject_03_angry_session_01
27.536,0.18760900832803212,angry,subject_03,subject_03_angry_session_01
27.54,0.21269449607797974,angry,subject_03,subject_03_angry_session_01
27.544,0.21696563506324995,angry,subject_03,subject_03_angry_session_01
27.548,0.16257190227564855,angry,subject_03,subject_03_angry_session_01
27.552,0.20314050118574922,angry,subject_03,subject_03_angry_session_01
27.556,0.12216309301452527,angry,subject_03,subject_03_angry_session_01
27.56,0.22109166719578544,angry,subject_03,subject_03_angry_session_01
27.564,0.09273460504177534,angry,subject_03,subject_03_angry_session_01
27.568,0.1288522876819291,angry,subject_03,subject_03_angry_session_01
27.572,0.23802890550927774,angry,subject_03,subject_03_angry_session_01
27.576,0.26404850303179855,angry,subject_03,subject_03_angry_session_01
27.58,0.16460505484006432,angry,subject_03,subject_03_angry_session_01
27.584,0.2754278161911588,angry,subject_03,subject_03_angry_session_01
27.588,0.23655700273944888,angry,subject_03,subject_03_angry_session_01
27.592,0.3182580480850207,angry,subject_03,subject_03_angry_session_01
27.596,0.34078504195430953,angry,subject_03,subject_03_angry_session_01
27.6,0.12190939460481981,angry,subject_03,subject_03_angry_session_01
27.604,0.37340132245008484,angry,subject_03,subject_03_angry_session_01
27.608,0.31443351165290484,angry,subject_03,subject_03_angry_session_01
27.612,0.2967470997189301,angry,subject_03,subject_03_angry_session_01
27.616,0.24081935803254567,angry,subject_03,subject_03_angry_session_01
27.62,0.2916256057060418,angry,subject_03,subject_03_angry_session_01
27.624,0.28184032530541453,angry,subject_03,subject_03_angry_session_01
27.628,0.31015639780737825,angry,subject_03,subject_03_angry_session_01
27.632,0.2789149435326965,angry,subject_03,subject_03_angry_session_01
27.636,0.2887773152113101,angry,subject_03,subject_03_angry_session_01
27.64,0.2977449380566578,angry,subject_03,subject_03_angry_session_01
27.644,0.13423671793494013,angry,subject_03,subject_03_angry_session_01
27.648,0.23062493653275287,angry,subject_03,subject_03_angry_session_01
27.652,0.24512530295859217,angry,subject_03,subject_03_angry_session_01
27.656,0.21899830168757545,angry,subject_03,subject_03_angry_session_01
27.66,0.30645336834218084,angry,subject_03,subject_03_angry_session_01
27.664,0.3328158213420248,angry,subject_03,subject_03_angry_session_01
27.668,0.24122239389212374,angry,subject_03,subject_03_angry_session_01
27.672,0.23801261877470542,angry,subject_03,subject_03_angry_session_01
27.676,0.233601319941344,angry,subject_03,subject_03_angry_session_01
27.68,0.1298686469594389,angry,subject_03,subject_03_angry_session_01
27.684,0.16827771811335582,angry,subject_03,subject_03_angry_session_01
27.688,0.16616326236534001,angry,subject_03,subject_03_angry_session_01
27.692,0.26376742523194296,angry,subject_03,subject_03_angry_session_01
27.696,0.18883495628387,angry,subject_03,subject_03_angry_session_01
27.7,0.20498542754349627,angry,subject_03,subject_03_angry_session_01
27.704,0.19623208263766312,angry,subject_03,subject_03_angry_session_01
27.708,0.1873677332843474,angry,subject_03,subject_03_angry_session_01
27.712,0.32494099855962005,angry,subject_03,subject_03_angry_session_01
27.716,0.2019578729011023,angry,subject_03,subject_03_angry_session_01
27.72,0.27545559463303065,angry,subject_03,subject_03_angry_session_01
27.724,0.14427623386593436,angry,subject_03,subject_03_angry_session_01
27.728,0.11458209997464751,angry,subject_03,subject_03_angry_session_01
27.732,0.22908722138843854,angry,subject_03,subject_03_angry_session_01
27.736,0.1787605759038462,angry,subject_03,subject_03_angry_session_01
27.74,0.20039477582576426,angry,subject_03,subject_03_angry_session_01
27.744,0.2637695369067216,angry,subject_03,subject_03_angry_session_01
27.748,0.15912883278621323,angry,subject_03,subject_03_angry_session_01
27.752,0.16340784595474173,angry,subject_03,subject_03_angry_session_01
27.756,0.1113983737490559,angry,subject_03,subject_03_angry_session_01
27.76,0.13110449087413795,angry,subject_03,subject_03_angry_session_01
27.764,0.130239150645295,angry,subject_03,subject_03_angry_session_01
27.768,0.1349504895498321,angry,subject_03,subject_03_angry_session_01
27.772,0.11426185421530999,angry,subject_03,subject_03_angry_session_01
27.776,-0.004869099519547851,angry,subject_03,subject_03_angry_session_01
27.78,0.1711211785154066,angry,subject_03,subject_03_angry_session_01
27.784,0.07664499372336686,angry,subject_03,subject_03_angry_session_01
27.788,0.1586661622105311,angry,subject_03,subject_03_angry_session_01
27.792,0.006509265571645169,angry,subject_03,subject_03_angry_session_01
27.796,0.019027357412168436,angry,subject_03,subject_03_angry_session_01
27.8,0.030243611453404148,angry,subject_03,subject_03_angry_session_01
27.804,0.01170437421955341,angry,subject_03,subject_03_angry_session_01
27.808,0.05247736285256663,angry,subject_03,subject_03_angry_session_01
27.812,0.09122994090314188,angry,subject_03,subject_03_angry_session_01
27.816,0.10369606616712176,angry,subject_03,subject_03_angry_session_01
27.82,-0.010799375192094163,angry,subject_03,subject_03_angry_session_01
27.824,-0.022258444858477413,angry,subject_03,subject_03_angry_session_01
27.828,0.056682099282629614,angry,subject_03,subject_03_angry_session_01
27.832,-0.05547020713417119,angry,subject_03,subject_03_angry_session_01
27.836,0.04578326626478238,angry,subject_03,subject_03_angry_session_01
27.84,-0.010627853344827489,angry,subject_03,subject_03_angry_session_01
27.844,-0.02454998865805031,angry,subject_03,subject_03_angry_session_01
27.848,-0.16827350616293676,angry,subject_03,subject_03_angry_session_01
27.852,0.01530613634332758,angry,subject_03,subject_03_angry_session_01
27.856,0.06851153700241037,angry,subject_03,subject_03_angry_session_01
27.86,-0.07348349577218008,angry,subject_03,subject_03_angry_session_01
27.864,0.01366109116067823,angry,subject_03,subject_03_angry_session_01
27.868,0.025392390379615017,angry,subject_03,subject_03_angry_session_01
27.872,-0.03831770093654082,angry,subject_03,subject_03_angry_session_01
27.876,0.016037992409433023,angry,subject_03,subject_03_angry_session_01
27.88,0.03984496692454431,angry,subject_03,subject_03_angry_session_01
27.884,-0.006213228541550639,angry,subject_03,subject_03_angry_session_01
27.888,0.017612111010110523,angry,subject_03,subject_03_angry_session_01
27.892,-0.018213459517351715,angry,subject_03,subject_03_angry_session_01
27.896,0.07873664569694487,angry,subject_03,subject_03_angry_session_01
27.9,-0.013136396011485918,angry,subject_03,subject_03_angry_session_01
27.904,0.22710757026625694,angry,subject_03,subject_03_angry_session_01
27.908,0.37698558969123114,angry,subject_03,subject_03_angry_session_01
27.912,0.4049251904365925,angry,subject_03,subject_03_angry_session_01
27.916,0.563939328421765,angry,subject_03,subject_03_angry_session_01
27.92,0.8670038315395306,angry,subject_03,subject_03_angry_session_01
27.924,0.9349737539787091,angry,subject_03,subject_03_angry_session_01
27.928,0.928657252276567,angry,subject_03,subject_03_angry_session_01
27.932,1.0680096430986419,angry,subject_03,subject_03_angry_session_01
27.936,0.9834362777847656,angry,subject_03,subject_03_angry_session_01
27.94,1.0216955621563986,angry,subject_03,subject_03_angry_session_01
27.944,0.930333491775702,angry,subject_03,subject_03_angry_session_01
27.948,0.826137966906092,angry,subject_03,subject_03_angry_session_01
27.952,0.6250676233333478,angry,subject_03,subject_03_angry_session_01
27.956,0.5475667652467529,angry,subject_03,subject_03_angry_session_01
27.96,0.2983531438788123,angry,subject_03,subject_03_angry_session_01
27.964,0.04149228658515568,angry,subject_03,subject_03_angry_session_01
27.968,0.09019728289083917,angry,subject_03,subject_03_angry_session_01
27.972,-0.007523311985703682,angry,subject_03,subject_03_angry_session_01
27.976,-0.059180553907482905,angry,subject_03,subject_03_angry_session_01
27.98,0.004704290576076485,angry,subject_03,subject_03_angry_session_01
27.984,-0.0018764197368394617,angry,subject_03,subject_03_angry_session_01
27.988,-0.08872268864345177,angry,subject_03,subject_03_angry_session_01
27.992,-0.0038622859283444014,angry,subject_03,subject_03_angry_session_01
27.996,0.08600216394844705,angry,subject_03,subject_03_angry_session_01
28.0,0.011122809824941068,angry,subject_03,subject_03_angry_session_01
28.004,-0.06223648361510113,angry,subject_03,subject_03_angry_session_01
28.008,0.04500431889542479,angry,subject_03,subject_03_angry_session_01
28.012,0.007316936558821804,angry,subject_03,subject_03_angry_session_01
28.016,0.032000953524530654,angry,subject_03,subject_03_angry_session_01
28.02,-0.023665351776516845,angry,subject_03,subject_03_angry_session_01
28.024,0.057890724116922275,angry,subject_03,subject_03_angry_session_01
28.028,0.00698568007994476,angry,subject_03,subject_03_angry_session_01
28.032,0.09452684012179002,angry,subject_03,subject_03_angry_session_01
28.036,0.13171995809939122,angry,subject_03,subject_03_angry_session_01
28.04,0.0667539566206705,angry,subject_03,subject_03_angry_session_01
28.044,0.003716064347964107,angry,subject_03,subject_03_angry_session_01
28.048,0.02098162765870467,angry,subject_03,subject_03_angry_session_01
28.052,0.0827039188245746,angry,subject_03,subject_03_angry_session_01
28.056,0.09732697184246124,angry,subject_03,subject_03_angry_session_01
28.06,0.05299111164858362,angry,subject_03,subject_03_angry_session_01
28.064,0.07925151426392969,angry,subject_03,subject_03_angry_session_01
28.068,0.13310827102809084,angry,subject_03,subject_03_angry_session_01
28.072,0.1697390750963685,angry,subject_03,subject_03_angry_session_01
28.076,0.11248992100848533,angry,subject_03,subject_03_angry_session_01
28.08,0.15743075999602774,angry,subject_03,subject_03_angry_session_01
28.084,0.12842508201004246,angry,subject_03,subject_03_angry_session_01
28.088,0.15559043059598304,angry,subject_03,subject_03_angry_session_01
28.092,0.10596803909114254,angry,subject_03,subject_03_angry_session_01
28.096,0.17689716065904007,angry,subject_03,subject_03_angry_session_01
28.1,0.24390703301974803,angry,subject_03,subject_03_angry_session_01
28.104,0.1924183205094676,angry,subject_03,subject_03_angry_session_01
28.108,0.2041106778910343,angry,subject_03,subject_03_angry_session_01
28.112,0.13399991785740423,angry,subject_03,subject_03_angry_session_01
28.116,0.21631461968532759,angry,subject_03,subject_03_angry_session_01
28.12,0.08084808993461291,angry,subject_03,subject_03_angry_session_01
28.124,0.25146558628076654,angry,subject_03,subject_03_angry_session_01
28.128,0.3064319049095844,angry,subject_03,subject_03_angry_session_01
28.132,0.1959198158571791,angry,subject_03,subject_03_angry_session_01
28.136,0.22076931823186338,angry,subject_03,subject_03_angry_session_01
28.14,0.29939762913472223,angry,subject_03,subject_03_angry_session_01
28.144,0.19927503125620566,angry,subject_03,subject_03_angry_session_01
28.148,0.28284823978811496,angry,subject_03,subject_03_angry_session_01
28.152,0.21538180308899063,angry,subject_03,subject_03_angry_session_01
28.156,0.2999640610781321,angry,subject_03,subject_03_angry_session_01
28.16,0.25562972172684806,angry,subject_03,subject_03_angry_session_01
28.164,0.10902009095282436,angry,subject_03,subject_03_angry_session_01
28.168,0.21471455640094225,angry,subject_03,subject_03_angry_session_01
28.172,0.27502971189744235,angry,subject_03,subject_03_angry_session_01
28.176,0.39495515317893154,angry,subject_03,subject_03_angry_session_01
28.18,0.2699975297615494,angry,subject_03,subject_03_angry_session_01
28.184,0.24277070419186134,angry,subject_03,subject_03_angry_session_01
28.188,0.3049685962900773,angry,subject_03,subject_03_angry_session_01
28.192,0.10132780889479664,angry,subject_03,subject_03_angry_session_01
28.196,0.362267024679395,angry,subject_03,subject_03_angry_session_01
28.2,0.32175286639404027,angry,subject_03,subject_03_angry_session_01
28.204,0.25301082569083766,angry,subject_03,subject_03_angry_session_01
28.208,0.3248521647003491,angry,subject_03,subject_03_angry_session_01
28.212,0.2973860903197669,angry,subject_03,subject_03_angry_session_01
28.216,0.2688565871618572,angry,subject_03,subject_03_angry_session_01
28.22,0.3069365275775419,angry,subject_03,subject_03_angry_session_01
28.224,0.26601898522898804,angry,subject_03,subject_03_angry_session_01
28.228,0.27844155694088046,angry,subject_03,subject_03_angry_session_01
28.232,0.2985673579411562,angry,subject_03,subject_03_angry_session_01
28.236,0.2395421835458564,angry,subject_03,subject_03_angry_session_01
28.24,0.25151706709377514,angry,subject_03,subject_03_angry_session_01
28.244,0.18593061675738087,angry,subject_03,subject_03_angry_session_01
28.248,0.175985969922756,angry,subject_03,subject_03_angry_session_01
28.252,0.1482270884705437,angry,subject_03,subject_03_angry_session_01
28.256,0.26924760464224123,angry,subject_03,subject_03_angry_session_01
28.26,0.22573719053118546,angry,subject_03,subject_03_angry_session_01
28.264,0.17119723672811127,angry,subject_03,subject_03_angry_session_01
28.268,0.21594444177442512,angry,subject_03,subject_03_angry_session_01
28.272,0.1725242136676714,angry,subject_03,subject_03_angry_session_01
28.276,0.24415747642310054,angry,subject_03,subject_03_angry_session_01
28.28,0.28915631854735413,angry,subject_03,subject_03_angry_session_01
28.284,0.3061745857216707,angry,subject_03,subject_03_angry_session_01
28.288,0.21350659436516256,angry,subject_03,subject_03_angry_session_01
28.292,0.2080529752760977,angry,subject_03,subject_03_angry_session_01
28.296,0.10583005050737325,angry,subject_03,subject_03_angry_session_01
28.3,0.12143815013899238,angry,subject_03,subject_03_angry_session_01
28.304,0.28376679928071963,angry,subject_03,subject_03_angry_session_01
28.308,0.20807773597458148,angry,subject_03,subject_03_angry_session_01
28.312,0.25858064427716315,angry,subject_03,subject_03_angry_session_01
28.316,0.07110017523757677,angry,subject_03,subject_03_angry_session_01
28.32,0.17220551737506695,angry,subject_03,subject_03_angry_session_01
28.324,0.06485002590992876,angry,subject_03,subject_03_angry_session_01
28.328,0.030599039865544186,angry,subject_03,subject_03_angry_session_01
28.332,0.09860039454659586,angry,subject_03,subject_03_angry_session_01
28.336,0.2530356161695564,angry,subject_03,subject_03_angry_session_01
28.34,0.08655554206678656,angry,subject_03,subject_03_angry_session_01
28.344,0.20121995590785563,angry,subject_03,subject_03_angry_session_01
28.348,0.10196581432729805,angry,subject_03,subject_03_angry_session_01
28.352,0.18272435729217062,angry,subject_03,subject_03_angry_session_01
28.356,0.14144835769171107,angry,subject_03,subject_03_angry_session_01
28.36,0.17163844202467538,angry,subject_03,subject_03_angry_session_01
28.364,0.05632432745858301,angry,subject_03,subject_03_angry_session_01
28.368,0.09366853121147889,angry,subject_03,subject_03_angry_session_01
28.372,0.07808641252688867,angry,subject_03,subject_03_angry_session_01
28.376,0.2169988526837394,angry,subject_03,subject_03_angry_session_01
28.38,0.11275984357273272,angry,subject_03,subject_03_angry_session_01
28.384,0.044943579321103475,angry,subject_03,subject_03_angry_session_01
28.388,0.170822267959048,angry,subject_03,subject_03_angry_session_01
28.392,0.17154568112969215,angry,subject_03,subject_03_angry_session_01
28.396,0.0022232791037175986,angry,subject_03,subject_03_angry_session_01
28.4,0.05425005222289038,angry,subject_03,subject_03_angry_session_01
28.404,0.01171791095576082,angry,subject_03,subject_03_angry_session_01
28.408,-0.0623178304333955,angry,subject_03,subject_03_angry_session_01
28.412,0.04095820008455156,angry,subject_03,subject_03_angry_session_01
28.416,-0.15506991019828842,angry,subject_03,subject_03_angry_session_01
28.42,0.031466249102804995,angry,subject_03,subject_03_angry_session_01
28.424,0.022248264966966684,angry,subject_03,subject_03_angry_session_01
28.428,0.02050555281139124,angry,subject_03,subject_03_angry_session_01
28.432,0.010623729911622424,angry,subject_03,subject_03_angry_session_01
28.436,-0.0033799718342021993,angry,subject_03,subject_03_angry_session_01
28.44,-0.08113694966773703,angry,subject_03,subject_03_angry_session_01
28.444,-0.0643900975044498,angry,subject_03,subject_03_angry_session_01
28.448,0.013463758396984755,angry,subject_03,subject_03_angry_session_01
28.452,0.010028265107657893,angry,subject_03,subject_03_angry_session_01
28.456,0.060652926491192256,angry,subject_03,subject_03_angry_session_01
28.46,-0.02053056259172242,angry,subject_03,subject_03_angry_session_01
28.464,-0.04910483554415375,angry,subject_03,subject_03_angry_session_01
28.468,0.02018635277982279,angry,subject_03,subject_03_angry_session_01
28.472,-0.045399144534041494,angry,subject_03,subject_03_angry_session_01
28.476,0.17523247617078902,angry,subject_03,subject_03_angry_session_01
28.48,0.308867327167208,angry,subject_03,subject_03_angry_session_01
28.484,0.4915822631923624,angry,subject_03,subject_03_angry_session_01
28.488,0.5854087045932489,angry,subject_03,subject_03_angry_session_01
28.492,0.6628795173675411,angry,subject_03,subject_03_angry_session_01
28.496,0.8400937085564326,angry,subject_03,subject_03_angry_session_01
28.5,0.994364021136712,angry,subject_03,subject_03_angry_session_01
28.504,1.0448894197080336,angry,subject_03,subject_03_angry_session_01
28.508,1.0455475095381002,angry,subject_03,subject_03_angry_session_01
28.512,1.0510158525412063,angry,subject_03,subject_03_angry_session_01
28.516,1.0623465531382206,angry,subject_03,subject_03_angry_session_01
28.52,0.8982938573995005,angry,subject_03,subject_03_angry_session_01
28.524,0.7684290522758568,angry,subject_03,subject_03_angry_session_01
28.528,0.4984478153099259,angry,subject_03,subject_03_angry_session_01
28.532,0.46125320397114294,angry,subject_03,subject_03_angry_session_01
28.536,0.2526705572476563,angry,subject_03,subject_03_angry_session_01
28.54,0.13923973722598995,angry,subject_03,subject_03_angry_session_01
28.544,0.02993685256656041,angry,subject_03,subject_03_angry_session_01
28.548,-0.16276617200668198,angry,subject_03,subject_03_angry_session_01
28.552,0.049366685376117235,angry,subject_03,subject_03_angry_session_01
28.556,-0.013991694089728016,angry,subject_03,subject_03_angry_session_01
28.56,-0.08101311497360182,angry,subject_03,subject_03_angry_session_01
28.564,0.1209437618115493,angry,subject_03,subject_03_angry_session_01
28.568,0.013681624466720648,angry,subject_03,subject_03_angry_session_01
28.572,0.0032201306161472806,angry,subject_03,subject_03_angry_session_01
28.576,-0.023343061115635326,angry,subject_03,subject_03_angry_session_01
28.58,0.004379979814801677,angry,subject_03,subject_03_angry_session_01
28.584,-0.0491221590052705,angry,subject_03,subject_03_angry_session_01
28.588,0.02476639927207459,angry,subject_03,subject_03_angry_session_01
28.592,0.04773554387573665,angry,subject_03,subject_03_angry_session_01
28.596,0.09236632254631488,angry,subject_03,subject_03_angry_session_01
28.6,-0.046177379440386954,angry,subject_03,subject_03_angry_session_01
28.604,0.018855532835711744,angry,subject_03,subject_03_angry_session_01
28.608,-0.0025618639947158073,angry,subject_03,subject_03_angry_session_01
28.612,0.13050440908326733,angry,subject_03,subject_03_angry_session_01
28.616,0.12165347516100167,angry,subject_03,subject_03_angry_session_01
28.62,-0.0280939087583416,angry,subject_03,subject_03_angry_session_01
28.624,0.0755485569929383,angry,subject_03,subject_03_angry_session_01
28.628,0.1820011197237646,angry,subject_03,subject_03_angry_session_01
28.632,0.1484631453017491,angry,subject_03,subject_03_angry_session_01
28.636,0.08990882407855223,angry,subject_03,subject_03_angry_session_01
28.64,0.14316131750963568,angry,subject_03,subject_03_angry_session_01
28.644,0.1723998269249075,angry,subject_03,subject_03_angry_session_01
28.648,0.23768787081339315,angry,subject_03,subject_03_angry_session_01
28.652,0.11339806069716571,angry,subject_03,subject_03_angry_session_01
28.656,0.22889443289799175,angry,subject_03,subject_03_angry_session_01
28.66,0.12217750170282962,angry,subject_03,subject_03_angry_session_01
28.664,0.12736291517174744,angry,subject_03,subject_03_angry_session_01
28.668,0.16054170899870296,angry,subject_03,subject_03_angry_session_01
28.672,0.18948849341361645,angry,subject_03,subject_03_angry_session_01
28.676,0.23357611995196048,angry,subject_03,subject_03_angry_session_01
28.68,0.19096708985383043,angry,subject_03,subject_03_angry_session_01
28.684,0.17460787414507367,angry,subject_03,subject_03_angry_session_01
28.688,0.16206967067839395,angry,subject_03,subject_03_angry_session_01
28.692,0.2573390842926709,angry,subject_03,subject_03_angry_session_01
28.696,0.23218055859830297,angry,subject_03,subject_03_angry_session_01
28.7,0.2554550892526496,angry,subject_03,subject_03_angry_session_01
28.704,0.2690654467104764,angry,subject_03,subject_03_angry_session_01
28.708,0.3364110010091155,angry,subject_03,subject_03_angry_session_01
28.712,0.3269046938739204,angry,subject_03,subject_03_angry_session_01
28.716,0.3112934302286488,angry,subject_03,subject_03_angry_session_01
28.72,0.26350390583452354,angry,subject_03,subject_03_angry_session_01
28.724,0.201603319017491,angry,subject_03,subject_03_angry_session_01
28.728,0.2548008311681941,angry,subject_03,subject_03_angry_session_01
28.732,0.28288125226242883,angry,subject_03,subject_03_angry_session_01
28.736,0.25154533215009295,angry,subject_03,subject_03_angry_session_01
28.74,0.33006039354465966,angry,subject_03,subject_03_angry_session_01
28.744,0.30322379268624744,angry,subject_03,subject_03_angry_session_01
28.748,0.24773054848058926,angry,subject_03,subject_03_angry_session_01
28.752,0.38506479089856194,angry,subject_03,subject_03_angry_session_01
28.756,0.33121495851254923,angry,subject_03,subject_03_angry_session_01
28.76,0.3114397766698784,angry,subject_03,subject_03_angry_session_01
28.764,0.370769893892552,angry,subject_03,subject_03_angry_session_01
28.768,0.2578255642317439,angry,subject_03,subject_03_angry_session_01
28.772,0.26677907430895387,angry,subject_03,subject_03_angry_session_01
28.776,0.2812121441262246,angry,subject_03,subject_03_angry_session_01
28.78,0.33241010719328107,angry,subject_03,subject_03_angry_session_01
28.784,0.3185925403038192,angry,subject_03,subject_03_angry_session_01
28.788,0.48399889226846526,angry,subject_03,subject_03_angry_session_01
28.792,0.23543357450288088,angry,subject_03,subject_03_angry_session_01
28.796,0.2958855840146942,angry,subject_03,subject_03_angry_session_01
28.8,0.2716747292675305,angry,subject_03,subject_03_angry_session_01
28.804,0.3110107747935642,angry,subject_03,subject_03_angry_session_01
28.808,0.33332592957316065,angry,subject_03,subject_03_angry_session_01
28.812,0.2920539608113384,angry,subject_03,subject_03_angry_session_01
28.816,0.29703038898808654,angry,subject_03,subject_03_angry_session_01
28.82,0.2502375638785871,angry,subject_03,subject_03_angry_session_01
28.824,0.36680658731932936,angry,subject_03,subject_03_angry_session_01
28.828,0.237481157045134,angry,subject_03,subject_03_angry_session_01
28.832,0.07492868265767258,angry,subject_03,subject_03_angry_session_01
28.836,0.22405624502243993,angry,subject_03,subject_03_angry_session_01
28.84,0.40000341360095604,angry,subject_03,subject_03_angry_session_01
28.844,0.18311487881872285,angry,subject_03,subject_03_angry_session_01
28.848,0.27991134995623473,angry,subject_03,subject_03_angry_session_01
28.852,0.19989114783148745,angry,subject_03,subject_03_angry_session_01
28.856,0.27226851805337776,angry,subject_03,subject_03_angry_session_01
28.86,0.3069595061966031,angry,subject_03,subject_03_angry_session_01
28.864,0.20902144145629523,angry,subject_03,subject_03_angry_session_01
28.868,0.3087996501194515,angry,subject_03,subject_03_angry_session_01
28.872,0.2920593036312467,angry,subject_03,subject_03_angry_session_01
28.876,0.24079368846259303,angry,subject_03,subject_03_angry_session_01
28.88,0.21141085499576845,angry,subject_03,subject_03_angry_session_01
28.884,0.19595906059912044,angry,subject_03,subject_03_angry_session_01
28.888,0.15358467733814984,angry,subject_03,subject_03_angry_session_01
28.892,0.1276204792393435,angry,subject_03,subject_03_angry_session_01
28.896,0.2222980606619744,angry,subject_03,subject_03_angry_session_01
28.9,0.19972117208585724,angry,subject_03,subject_03_angry_session_01
28.904,0.19551557757624832,angry,subject_03,subject_03_angry_session_01
28.908,0.22243159922194314,angry,subject_03,subject_03_angry_session_01
28.912,0.15161618121247844,angry,subject_03,subject_03_angry_session_01
28.916,0.22430698555446857,angry,subject_03,subject_03_angry_session_01
28.92,0.03742181027102297,angry,subject_03,subject_03_angry_session_01
28.924,0.23426595155432015,angry,subject_03,subject_03_angry_session_01
28.928,0.1160225224783221,angry,subject_03,subject_03_angry_session_01
28.932,0.0673326795310287,angry,subject_03,subject_03_angry_session_01
28.936,0.09492266380543168,angry,subject_03,subject_03_angry_session_01
28.94,0.1890222928214771,angry,subject_03,subject_03_angry_session_01
28.944,0.04735802591321167,angry,subject_03,subject_03_angry_session_01
28.948,0.08630978549967393,angry,subject_03,subject_03_angry_session_01
28.952,0.012165718530375881,angry,subject_03,subject_03_angry_session_01
28.956,0.09275021380155549,angry,subject_03,subject_03_angry_session_01
28.96,0.13870358695573162,angry,subject_03,subject_03_angry_session_01
28.964,0.07616983120369351,angry,subject_03,subject_03_angry_session_01
28.968,0.03311579640360684,angry,subject_03,subject_03_angry_session_01
28.972,0.026641792309350643,angry,subject_03,subject_03_angry_session_01
28.976,0.05473052475589373,angry,subject_03,subject_03_angry_session_01
28.98,0.07804861161616886,angry,subject_03,subject_03_angry_session_01
28.984,0.09492500244663865,angry,subject_03,subject_03_angry_session_01
28.988,-0.02176697697081878,angry,subject_03,subject_03_angry_session_01
28.992,0.009812127057666889,angry,subject_03,subject_03_angry_session_01
28.996,0.12426658812763702,angry,subject_03,subject_03_angry_session_01
29.0,0.06597472661745031,angry,subject_03,subject_03_angry_session_01
29.004,0.04384647479965168,angry,subject_03,subject_03_angry_session_01
29.008,0.08097518194232102,angry,subject_03,subject_03_angry_session_01
29.012,-0.10751456908035822,angry,subject_03,subject_03_angry_session_01
29.016,0.07164341451115364,angry,subject_03,subject_03_angry_session_01
29.02,0.1803035315852073,angry,subject_03,subject_03_angry_session_01
29.024,0.029719135627800104,angry,subject_03,subject_03_angry_session_01
29.028,0.037655712961950624,angry,subject_03,subject_03_angry_session_01
29.032,-0.001617774812099862,angry,subject_03,subject_03_angry_session_01
29.036,-0.03643264720540046,angry,subject_03,subject_03_angry_session_01
29.04,0.006811709050335662,angry,subject_03,subject_03_angry_session_01
29.044,0.12720110646927607,angry,subject_03,subject_03_angry_session_01
29.048,0.17236838017469736,angry,subject_03,subject_03_angry_session_01
29.052,0.18294948561331129,angry,subject_03,subject_03_angry_session_01
29.056,0.324363686788183,angry,subject_03,subject_03_angry_session_01
29.06,0.4756645551136768,angry,subject_03,subject_03_angry_session_01
29.064,0.6836522002268284,angry,subject_03,subject_03_angry_session_01
29.068,0.8190692399286847,angry,subject_03,subject_03_angry_session_01
29.072,0.9635497404565181,angry,subject_03,subject_03_angry_session_01
29.076,1.003634132807734,angry,subject_03,subject_03_angry_session_01
29.08,1.2167750806132946,angry,subject_03,subject_03_angry_session_01
29.084,1.1322631580434481,angry,subject_03,subject_03_angry_session_01
29.088,1.0211731518443588,angry,subject_03,subject_03_angry_session_01
29.092,0.8932495892587361,angry,subject_03,subject_03_angry_session_01
29.096,0.7694863837692943,angry,subject_03,subject_03_angry_session_01
29.1,0.6942428721752688,angry,subject_03,subject_03_angry_session_01
29.104,0.5436236411428665,angry,subject_03,subject_03_angry_session_01
29.108,0.25818294084854276,angry,subject_03,subject_03_angry_session_01
29.112,0.1396558690407933,angry,subject_03,subject_03_angry_session_01
29.116,-0.03084109273826298,angry,subject_03,subject_03_angry_session_01
29.12,-0.0884397187202278,angry,subject_03,subject_03_angry_session_01
29.124,-0.013759921484841115,angry,subject_03,subject_03_angry_session_01
29.128,-0.046902626221892604,angry,subject_03,subject_03_angry_session_01
29.132,-0.04099430315363352,angry,subject_03,subject_03_angry_session_01
29.136,-0.03373390870708951,angry,subject_03,subject_03_angry_session_01
29.14,0.031662752508195724,angry,subject_03,subject_03_angry_session_01
29.144,0.034351854704635774,angry,subject_03,subject_03_angry_session_01
29.148,0.09986161106088573,angry,subject_03,subject_03_angry_session_01
29.152,0.20129333929644008,angry,subject_03,subject_03_angry_session_01
29.156,-0.013381562710758223,angry,subject_03,subject_03_angry_session_01
29.16,-0.018933559979767325,angry,subject_03,subject_03_angry_session_01
29.164,0.1558844774568211,angry,subject_03,subject_03_angry_session_01
29.168,0.05906945933247401,angry,subject_03,subject_03_angry_session_01
29.172,0.11461452219895316,angry,subject_03,subject_03_angry_session_01
29.176,0.0027324712150739727,angry,subject_03,subject_03_angry_session_01
29.18,0.010579024548127078,angry,subject_03,subject_03_angry_session_01
29.184,0.13061637420921196,angry,subject_03,subject_03_angry_session_01
29.188,0.00822948229096404,angry,subject_03,subject_03_angry_session_01
29.192,0.17444483993457274,angry,subject_03,subject_03_angry_session_01
29.196,0.1442406333287295,angry,subject_03,subject_03_angry_session_01
29.2,0.05802582560113609,angry,subject_03,subject_03_angry_session_01
29.204,0.19860125911022722,angry,subject_03,subject_03_angry_session_01
29.208,0.1439969656501688,angry,subject_03,subject_03_angry_session_01
29.212,0.10583721217044768,angry,subject_03,subject_03_angry_session_01
29.216,0.1303231006681613,angry,subject_03,subject_03_angry_session_01
29.22,0.01571848898459284,angry,subject_03,subject_03_angry_session_01
29.224,0.05891398672895029,angry,subject_03,subject_03_angry_session_01
29.228,0.1929936846800912,angry,subject_03,subject_03_angry_session_01
29.232,0.1674490101297921,angry,subject_03,subject_03_angry_session_01
29.236,0.25000154564680327,angry,subject_03,subject_03_angry_session_01
29.24,0.19397930458019502,angry,subject_03,subject_03_angry_session_01
29.244,0.10650545120598141,angry,subject_03,subject_03_angry_session_01
29.248,0.1245724775160863,angry,subject_03,subject_03_angry_session_01
29.252,0.14572695256631307,angry,subject_03,subject_03_angry_session_01
29.256,0.16803174375330515,angry,subject_03,subject_03_angry_session_01
29.26,0.2205597910133895,angry,subject_03,subject_03_angry_session_01
29.264,0.2907154528630222,angry,subject_03,subject_03_angry_session_01
29.268,0.2650217115016896,angry,subject_03,subject_03_angry_session_01
29.272,0.31090571323454275,angry,subject_03,subject_03_angry_session_01
29.276,0.26705625089862783,angry,subject_03,subject_03_angry_session_01
29.28,0.2248860424090999,angry,subject_03,subject_03_angry_session_01
29.284,0.1738705372681489,angry,subject_03,subject_03_angry_session_01
29.288,0.30154820554382733,angry,subject_03,subject_03_angry_session_01
29.292,0.26424706600700104,angry,subject_03,subject_03_angry_session_01
29.296,0.3232547522172422,angry,subject_03,subject_03_angry_session_01
29.3,0.24476486528430452,angry,subject_03,subject_03_angry_session_01
29.304,0.38381731976204964,angry,subject_03,subject_03_angry_session_01
29.308,0.38833277681018263,angry,subject_03,subject_03_angry_session_01
29.312,0.24140079448346574,angry,subject_03,subject_03_angry_session_01
29.316,0.31657774691744717,angry,subject_03,subject_03_angry_session_01
29.32,0.205149389043329,angry,subject_03,subject_03_angry_session_01
29.324,0.2520497035494182,angry,subject_03,subject_03_angry_session_01
29.328,0.2501723843534579,angry,subject_03,subject_03_angry_session_01
29.332,0.2671033878028394,angry,subject_03,subject_03_angry_session_01
29.336,0.2871512273555578,angry,subject_03,subject_03_angry_session_01
29.34,0.2564653364007881,angry,subject_03,subject_03_angry_session_01
29.344,0.3114355834161737,angry,subject_03,subject_03_angry_session_01
29.348,0.20903674487287524,angry,subject_03,subject_03_angry_session_01
29.352,0.35863325051214506,angry,subject_03,subject_03_angry_session_01
29.356,0.233110026751649,angry,subject_03,subject_03_angry_session_01
29.36,0.28495764061413975,angry,subject_03,subject_03_angry_session_01
29.364,0.2660869360094219,angry,subject_03,subject_03_angry_session_01
29.368,0.3502952514639468,angry,subject_03,subject_03_angry_session_01
29.372,0.2656963446160175,angry,subject_03,subject_03_angry_session_01
29.376,0.36960835259354774,angry,subject_03,subject_03_angry_session_01
29.38,0.3002464627978907,angry,subject_03,subject_03_angry_session_01
29.384,0.21928622572566592,angry,subject_03,subject_03_angry_session_01
29.388,0.25927449683520615,angry,subject_03,subject_03_angry_session_01
29.392,0.2661177459334189,angry,subject_03,subject_03_angry_session_01
29.396,0.30959800230594675,angry,subject_03,subject_03_angry_session_01
29.4,0.27247879953606235,angry,subject_03,subject_03_angry_session_01
29.404,0.24595047029014228,angry,subject_03,subject_03_angry_session_01
29.408,0.2103222179553974,angry,subject_03,subject_03_angry_session_01
29.412,0.2817858905886127,angry,subject_03,subject_03_angry_session_01
29.416,0.22884715252414867,angry,subject_03,subject_03_angry_session_01
29.42,0.20358540871255926,angry,subject_03,subject_03_angry_session_01
29.424,0.18183568803380615,angry,subject_03,subject_03_angry_session_01
29.428,0.3015670623929421,angry,subject_03,subject_03_angry_session_01
29.432,0.14711908161391857,angry,subject_03,subject_03_angry_session_01
29.436,0.26096844725535595,angry,subject_03,subject_03_angry_session_01
29.44,0.22894672944287425,angry,subject_03,subject_03_angry_session_01
29.444,0.18996871110494823,angry,subject_03,subject_03_angry_session_01
29.448,0.17436785137409938,angry,subject_03,subject_03_angry_session_01
29.452,0.2126196902488711,angry,subject_03,subject_03_angry_session_01
29.456,0.17290554282999399,angry,subject_03,subject_03_angry_session_01
29.46,0.16366959441660847,angry,subject_03,subject_03_angry_session_01
29.464,0.2505724395754517,angry,subject_03,subject_03_angry_session_01
29.468,0.17389599771288564,angry,subject_03,subject_03_angry_session_01
29.472,0.17540127081769658,angry,subject_03,subject_03_angry_session_01
29.476,0.11830438975690843,angry,subject_03,subject_03_angry_session_01
29.48,0.2173338871899098,angry,subject_03,subject_03_angry_session_01
29.484,0.22197954388814678,angry,subject_03,subject_03_angry_session_01
29.488,0.15274521601927732,angry,subject_03,subject_03_angry_session_01
29.492,0.2162117110358441,angry,subject_03,subject_03_angry_session_01
29.496,0.08897061196562966,angry,subject_03,subject_03_angry_session_01
29.5,0.16794475507527418,angry,subject_03,subject_03_angry_session_01
29.504,0.08146166193721,angry,subject_03,subject_03_angry_session_01
29.508,0.06704197058187014,angry,subject_03,subject_03_angry_session_01
29.512,0.17201486554644682,angry,subject_03,subject_03_angry_session_01
29.516,0.058893437087494456,angry,subject_03,subject_03_angry_session_01
29.52,0.016328160878648634,angry,subject_03,subject_03_angry_session_01
29.524,-0.041693736186413935,angry,subject_03,subject_03_angry_session_01
29.528,0.061709491503744,angry,subject_03,subject_03_angry_session_01
29.532,-0.00581808762333693,angry,subject_03,subject_03_angry_session_01
29.536,0.16927972517475132,angry,subject_03,subject_03_angry_session_01
29.54,0.1507478845046466,angry,subject_03,subject_03_angry_session_01
29.544,-0.1376039456385208,angry,subject_03,subject_03_angry_session_01
29.548,0.13693514755040093,angry,subject_03,subject_03_angry_session_01
29.552,-0.011199448160185886,angry,subject_03,subject_03_angry_session_01
29.556,0.1081127639828385,angry,subject_03,subject_03_angry_session_01
29.56,0.0941788850892959,angry,subject_03,subject_03_angry_session_01
29.564,0.10904144057246908,angry,subject_03,subject_03_angry_session_01
29.568,0.13475137490334246,angry,subject_03,subject_03_angry_session_01
29.572,-0.04418746048438116,angry,subject_03,subject_03_angry_session_01
29.576,-0.038794728875949466,angry,subject_03,subject_03_angry_session_01
29.58,0.07135021411907484,angry,subject_03,subject_03_angry_session_01
29.584,0.02831149833641345,angry,subject_03,subject_03_angry_session_01
29.588,0.0606367214863236,angry,subject_03,subject_03_angry_session_01
29.592,-0.0031085535740432123,angry,subject_03,subject_03_angry_session_01
29.596,0.06771793806334712,angry,subject_03,subject_03_angry_session_01
29.6,-0.06743267678250163,angry,subject_03,subject_03_angry_session_01
29.604,0.12390115240509283,angry,subject_03,subject_03_angry_session_01
29.608,0.15407861509662843,angry,subject_03,subject_03_angry_session_01
29.612,-0.0929234530195232,angry,subject_03,subject_03_angry_session_01
29.616,0.1361830058020733,angry,subject_03,subject_03_angry_session_01
29.62,-0.009245983163727156,angry,subject_03,subject_03_angry_session_01
29.624,0.21341816983121292,angry,subject_03,subject_03_angry_session_01
29.628,0.23635437765714523,angry,subject_03,subject_03_angry_session_01
29.632,0.46294179607468333,angry,subject_03,subject_03_angry_session_01
29.636,0.5186030137224099,angry,subject_03,subject_03_angry_session_01
29.64,0.7787804826198903,angry,subject_03,subject_03_angry_session_01
29.644,0.8901245279780049,angry,subject_03,subject_03_angry_session_01
29.648,1.0023075235726038,angry,subject_03,subject_03_angry_session_01
29.652,1.1122379116216505,angry,subject_03,subject_03_angry_session_01
29.656,1.0065902450855733,angry,subject_03,subject_03_angry_session_01
29.66,1.1070865016478528,angry,subject_03,subject_03_angry_session_01
29.664,0.9585734736980678,angry,subject_03,subject_03_angry_session_01
29.668,0.7490922072671631,angry,subject_03,subject_03_angry_session_01
29.672,0.7201953103767891,angry,subject_03,subject_03_angry_session_01
29.676,0.4698935091216144,angry,subject_03,subject_03_angry_session_01
29.68,0.33950463925966917,angry,subject_03,subject_03_angry_session_01
29.684,0.21981210498312345,angry,subject_03,subject_03_angry_session_01
29.688,0.08513080915879671,angry,subject_03,subject_03_angry_session_01
29.692,0.011694590326852421,angry,subject_03,subject_03_angry_session_01
29.696,0.006815267524961706,angry,subject_03,subject_03_angry_session_01
29.7,-0.06010360259294725,angry,subject_03,subject_03_angry_session_01
29.704,0.02125280457478393,angry,subject_03,subject_03_angry_session_01
29.708,0.04205719835069503,angry,subject_03,subject_03_angry_session_01
29.712,-0.0454624569845887,angry,subject_03,subject_03_angry_session_01
29.716,-0.028771512163579763,angry,subject_03,subject_03_angry_session_01
29.72,0.05446712848086539,angry,subject_03,subject_03_angry_session_01
29.724,0.1262378337819784,angry,subject_03,subject_03_angry_session_01
29.728,0.09788440529545517,angry,subject_03,subject_03_angry_session_01
29.732,-0.017192724505586544,angry,subject_03,subject_03_angry_session_01
29.736,0.02301032401477987,angry,subject_03,subject_03_angry_session_01
29.74,-0.005050774939327908,angry,subject_03,subject_03_angry_session_01
29.744,0.13562145319621277,angry,subject_03,subject_03_angry_session_01
29.748,0.07654792153944755,angry,subject_03,subject_03_angry_session_01
29.752,-0.005099367694756829,angry,subject_03,subject_03_angry_session_01
29.756,0.03292191024446886,angry,subject_03,subject_03_angry_session_01
29.76,0.006982456813119896,angry,subject_03,subject_03_angry_session_01
29.764,0.04440243221261084,angry,subject_03,subject_03_angry_session_01
29.768,0.10744496834466863,angry,subject_03,subject_03_angry_session_01
29.772,0.04163921524194167,angry,subject_03,subject_03_angry_session_01
29.776,0.09008403814173653,angry,subject_03,subject_03_angry_session_01
29.78,0.10906951568532404,angry,subject_03,subject_03_angry_session_01
29.784,-0.017855197284214225,angry,subject_03,subject_03_angry_session_01
29.788,0.0010649132090398972,angry,subject_03,subject_03_angry_session_01
29.792,0.08136463913061119,angry,subject_03,subject_03_angry_session_01
29.796,0.06372496375630905,angry,subject_03,subject_03_angry_session_01
29.8,0.14920674870090997,angry,subject_03,subject_03_angry_session_01
29.804,0.11120160762774992,angry,subject_03,subject_03_angry_session_01
29.808,0.18275018182972813,angry,subject_03,subject_03_angry_session_01
29.812,0.17762526824409708,angry,subject_03,subject_03_angry_session_01
29.816,0.20726325867198359,angry,subject_03,subject_03_angry_session_01
29.82,0.13199911447186458,angry,subject_03,subject_03_angry_session_01
29.824,0.1585994001471773,angry,subject_03,subject_03_angry_session_01
29.828,0.3004454495202779,angry,subject_03,subject_03_angry_session_01
29.832,0.12523434687642543,angry,subject_03,subject_03_angry_session_01
29.836,0.2362608023907911,angry,subject_03,subject_03_angry_session_01
29.84,0.2647801171678761,angry,subject_03,subject_03_angry_session_01
29.844,0.24034431728035452,angry,subject_03,subject_03_angry_session_01
29.848,0.2731365165560559,angry,subject_03,subject_03_angry_session_01
29.852,0.2267899455049005,angry,subject_03,subject_03_angry_session_01
29.856,0.26276768379051124,angry,subject_03,subject_03_angry_session_01
29.86,0.25379828151763517,angry,subject_03,subject_03_angry_session_01
29.864,0.16221704958302113,angry,subject_03,subject_03_angry_session_01
29.868,0.23947514499412076,angry,subject_03,subject_03_angry_session_01
29.872,0.1667197626316217,angry,subject_03,subject_03_angry_session_01
29.876,0.30065832423837474,angry,subject_03,subject_03_angry_session_01
29.88,0.2803665688207798,angry,subject_03,subject_03_angry_session_01
29.884,0.3278523960766278,angry,subject_03,subject_03_angry_session_01
29.888,0.20546977924762244,angry,subject_03,subject_03_angry_session_01
29.892,0.28209352752999284,angry,subject_03,subject_03_angry_session_01
29.896,0.2859045042871048,angry,subject_03,subject_03_angry_session_01
29.9,0.3997417455824625,angry,subject_03,subject_03_angry_session_01
29.904,0.26782564655305974,angry,subject_03,subject_03_angry_session_01
29.908,0.24613202296753178,angry,subject_03,subject_03_angry_session_01
29.912,0.28015154911538004,angry,subject_03,subject_03_angry_session_01
29.916,0.37569275055544965,angry,subject_03,subject_03_angry_session_01
29.92,0.32577108652045916,angry,subject_03,subject_03_angry_session_01
29.924,0.31049499757475224,angry,subject_03,subject_03_angry_session_01
29.928,0.25374881155040757,angry,subject_03,subject_03_angry_session_01
29.932,0.25031730159297905,angry,subject_03,subject_03_angry_session_01
29.936,0.34826254434514964,angry,subject_03,subject_03_angry_session_01
29.94,0.2282882213703931,angry,subject_03,subject_03_angry_session_01
29.944,0.21772191476203737,angry,subject_03,subject_03_angry_session_01
29.948,0.14054072491405856,angry,subject_03,subject_03_angry_session_01
29.952,0.14110187622740095,angry,subject_03,subject_03_angry_session_01
29.956,0.2956534159795908,angry,subject_03,subject_03_angry_session_01
29.96,0.09841154962715853,angry,subject_03,subject_03_angry_session_01
29.964,0.3088363409799143,angry,subject_03,subject_03_angry_session_01
29.968,0.18886585121706584,angry,subject_03,subject_03_angry_session_01
29.972,0.21813235843839737,angry,subject_03,subject_03_angry_session_01
29.976,0.25139040359541587,angry,subject_03,subject_03_angry_session_01
29.98,0.14307072358838993,angry,subject_03,subject_03_angry_session_01
29.984,0.20664766077331936,angry,subject_03,subject_03_angry_session_01
29.988,0.10077234935336013,angry,subject_03,subject_03_angry_session_01
29.992,0.1152318903891478,angry,subject_03,subject_03_angry_session_01
29.996,0.17150761806975048,angry,subject_03,subject_03_angry_session_01
