timestamp,sensor,emotion,subject_id,session_id
0.0,0.0634003397804438,angry,subject_01,subject_01_angry_session_01
0.004,-0.02154756407804838,angry,subject_01,subject_01_angry_session_01
0.008,0.04328946601027262,angry,subject_01,subject_01_angry_session_01
0.012,-0.0018498346175521859,angry,subject_01,subject_01_angry_session_01
0.016,-0.06469650366448033,angry,subject_01,subject_01_angry_session_01
0.02,-0.16683394040360178,angry,subject_01,subject_01_angry_session_01
0.024,0.1516333841280751,angry,subject_01,subject_01_angry_session_01
0.028,0.005767734786781353,angry,subject_01,subject_01_angry_session_01
0.032,-0.1750104053760733,angry,subject_01,subject_01_angry_session_01
0.036,0.019982646121399477,angry,subject_01,subject_01_angry_session_01
0.04,0.043438731643918954,angry,subject_01,subject_01_angry_session_01
0.044,-0.04058736459326345,angry,subject_01,subject_01_angry_session_01
0.048,-0.0399084375983923,angry,subject_01,subject_01_angry_session_01
0.052,0.0017050897928508823,angry,subject_01,subject_01_angry_session_01
0.056,0.07538879203204706,angry,subject_01,subject_01_angry_session_01
0.06,0.009611952562755217,angry,subject_01,subject_01_angry_session_01
0.064,0.0918433675181773,angry,subject_01,subject_01_angry_session_01
0.068,0.07242532899462198,angry,subject_01,subject_01_angry_session_01
0.072,-0.008591180871494561,angry,subject_01,subject_01_angry_session_01
0.076,-0.08841368707370824,angry,subject_01,subject_01_angry_session_01
0.08,-0.0069837032397925825,angry,subject_01,subject_01_angry_session_01
0.084,0.03914224236192435,angry,subject_01,subject_01_angry_session_01
0.088,0.012244489765063975,angry,subject_01,subject_01_angry_session_01
0.092,0.04799928966895727,angry,subject_01,subject_01_angry_session_01
0.096,0.0632329152745524,angry,subject_01,subject_01_angry_session_01
0.1,0.045010346033400636,angry,subject_01,subject_01_angry_session_01
0.104,-0.001366616775934075,angry,subject_01,subject_01_angry_session_01
0.108,0.048628252548246,angry,subject_01,subject_01_angry_session_01
0.112,0.15415673835298999,angry,subject_01,subject_01_angry_session_01
0.116,-0.06644352183882808,angry,subject_01,subject_01_angry_session_01
0.12,0.0554511121755015,angry,subject_01,subject_01_angry_session_01
0.124,0.13974933633081743,angry,subject_01,subject_01_angry_session_01
0.128,-0.03668037014794488,angry,subject_01,subject_01_angry_session_01
0.132,0.09816855655315641,angry,subject_01,subject_01_angry_session_01
0.136,0.11081571796086447,angry,subject_01,subject_01_angry_session_01
0.14,-0.040955242590451586,angry,subject_01,subject_01_angry_session_01
0.144,0.09557149733715173,angry,subject_01,subject_01_angry_session_01
0.148,0.04192375857746461,angry,subject_01,subject_01_angry_session_01
0.152,0.06008363813046345,angry,subject_01,subject_01_angry_session_01
0.156,0.049781383652128225,angry,subject_01,subject_01_angry_session_01
0.16,0.15358588959848685,angry,subject_01,subject_01_angry_session_01
0.164,0.07353076691694713,angry,subject_01,subject_01_angry_session_01
0.168,0.05768568772604085,angry,subject_01,subject_01_angry_session_01
0.172,0.06362490472234777,angry,subject_01,subject_01_angry_session_01
0.176,0.07447201458054235,angry,subject_01,subject_01_angry_session_01
0.18,0.034193129893809404,angry,subject_01,subject_01_angry_session_01
0.184,0.07409718942225248,angry,subject_01,subject_01_angry_session_01
0.188,0.11229819001804993,angry,subject_01,subject_01_angry_session_01
0.192,0.1316063271227546,angry,subject_01,subject_01_angry_session_01
0.196,0.1809391470968854,angry,subject_01,subject_01_angry_session_01
0.2,0.12372928084267029,angry,subject_01,subject_01_angry_session_01
0.204,0.08058717843496069,angry,subject_01,subject_01_angry_session_01
0.208,0.04739814682403797,angry,subject_01,subject_01_angry_session_01
0.212,0.1239828506716744,angry,subject_01,subject_01_angry_session_01
0.216,0.09681709453467482,angry,subject_01,subject_01_angry_session_01
0.22,0.09569876856921551,angry,subject_01,subject_01_angry_session_01
0.224,0.1128340974623072,angry,subject_01,subject_01_angry_session_01
0.228,0.1240799949617203,angry,subject_01,subject_01_angry_session_01
0.232,0.10453604521958931,angry,subject_01,subject_01_angry_session_01
0.236,0.07325249923450765,angry,subject_01,subject_01_angry_session_01
0.24,0.030325218155311057,angry,subject_01,subject_01_angry_session_01
0.244,0.036453081213864945,angry,subject_01,subject_01_angry_session_01
0.248,0.11890528145128366,angry,subject_01,subject_01_angry_session_01
0.252,0.03744453545810704,angry,subject_01,subject_01_angry_session_01
0.256,-0.022918199532340464,angry,subject_01,subject_01_angry_session_01
0.26,0.12260204639457706,angry,subject_01,subject_01_angry_session_01
0.264,-0.008080625691201972,angry,subject_01,subject_01_angry_session_01
0.268,0.046304048832076096,angry,subject_01,subject_01_angry_session_01
0.272,0.06970868547580021,angry,subject_01,subject_01_angry_session_01
0.276,0.03682326629512633,angry,subject_01,subject_01_angry_session_01
0.28,-0.11531624111965882,angry,subject_01,subject_01_angry_session_01
0.284,0.053893880850045955,angry,subject_01,subject_01_angry_session_01
0.288,0.10748810741479922,angry,subject_01,subject_01_angry_session_01
0.292,0.07285726334266243,angry,subject_01,subject_01_angry_session_01
0.296,-0.10369870659983808,angry,subject_01,subject_01_angry_session_01
0.3,0.1497395442655732,angry,subject_01,subject_01_angry_session_01
0.304,-0.05881836339353122,angry,subject_01,subject_01_angry_session_01
0.308,-0.045106261370839854,angry,subject_01,subject_01_angry_session_01
0.312,0.06558996887207329,angry,subject_01,subject_01_angry_session_01
0.316,0.04511048369574244,angry,subject_01,subject_01_angry_session_01
0.32,0.02217058096118886,angry,subject_01,subject_01_angry_session_01
0.324,-0.017319344694912895,angry,subject_01,subject_01_angry_session_01
0.328,0.0961461575143286,angry,subject_01,subject_01_angry_session_01
0.332,0.013093929670474319,angry,subject_01,subject_01_angry_session_01
0.336,-0.08001326141959392,angry,subject_01,subject_01_angry_session_01
0.34,0.0852708213464074,angry,subject_01,subject_01_angry_session_01
0.344,0.020771680321774132,angry,subject_01,subject_01_angry_session_01
0.348,0.07078498316094044,angry,subject_01,subject_01_angry_session_01
0.352,0.0376420207307171,angry,subject_01,subject_01_angry_session_01
0.356,0.15503836978392205,angry,subject_01,subject_01_angry_session_01
0.36,0.017817049134321007,angry,subject_01,subject_01_angry_session_01
0.364,0.08693689951843576,angry,subject_01,subject_01_angry_session_01
0.368,0.20920314460189532,angry,subject_01,subject_01_angry_session_01
0.372,0.25961312367647965,angry,subject_01,subject_01_angry_session_01
0.376,0.4653383539605628,angry,subject_01,subject_01_angry_session_01
0.38,0.3976305264115668,angry,subject_01,subject_01_angry_session_01
0.384,0.7317318917032622,angry,subject_01,subject_01_angry_session_01
0.388,0.879828355556685,angry,subject_01,subject_01_angry_session_01
0.392,0.9993464271790422,angry,subject_01,subject_01_angry_session_01
0.396,1.0338831601936098,angry,subject_01,subject_01_angry_session_01
0.4,1.166361652391793,angry,subject_01,subject_01_angry_session_01
0.404,1.0497960084431717,angry,subject_01,subject_01_angry_session_01
0.408,1.0058516465104215,angry,subject_01,subject_01_angry_session_01
0.412,0.8610193974371526,angry,subject_01,subject_01_angry_session_01
0.416,0.7333455712836894,angry,subject_01,subject_01_angry_session_01
0.42,0.617510035225195,angry,subject_01,subject_01_angry_session_01
0.424,0.3773882555150346,angry,subject_01,subject_01_angry_session_01
0.428,0.2707007081336798,angry,subject_01,subject_01_angry_session_01
0.432,0.1141568355063789,angry,subject_01,subject_01_angry_session_01
0.436,-0.0044497009255012356,angry,subject_01,subject_01_angry_session_01
0.44,-0.028208149879074763,angry,subject_01,subject_01_angry_session_01
0.444,-0.05430784871913232,angry,subject_01,subject_01_angry_session_01
0.448,-0.001196359074466885,angry,subject_01,subject_01_angry_session_01
0.452,-0.016003191467463256,angry,subject_01,subject_01_angry_session_01
0.456,-0.05342057432448787,angry,subject_01,subject_01_angry_session_01
0.46,-0.003294268865174225,angry,subject_01,subject_01_angry_session_01
0.464,-0.06872008903748361,angry,subject_01,subject_01_angry_session_01
0.468,0.021271927600587548,angry,subject_01,subject_01_angry_session_01
0.472,0.039280531261340255,angry,subject_01,subject_01_angry_session_01
0.476,0.15282217546972493,angry,subject_01,subject_01_angry_session_01
0.48,0.12940300468749624,angry,subject_01,subject_01_angry_session_01
0.484,-0.009735477070575184,angry,subject_01,subject_01_angry_session_01
0.488,0.0681980206332141,angry,subject_01,subject_01_angry_session_01
0.492,0.0731813473397872,angry,subject_01,subject_01_angry_session_01
0.496,0.05036145645351517,angry,subject_01,subject_01_angry_session_01
0.5,0.058624931922698825,angry,subject_01,subject_01_angry_session_01
0.504,0.052119530375005343,angry,subject_01,subject_01_angry_session_01
0.508,0.19074973113186616,angry,subject_01,subject_01_angry_session_01
0.512,0.05875139657774816,angry,subject_01,subject_01_angry_session_01
0.516,0.10981954226454377,angry,subject_01,subject_01_angry_session_01
0.52,-0.05643346141351446,angry,subject_01,subject_01_angry_session_01
0.524,0.15096761360687533,angry,subject_01,subject_01_angry_session_01
0.528,0.17914734950483452,angry,subject_01,subject_01_angry_session_01
0.532,0.05179260579019891,angry,subject_01,subject_01_angry_session_01
0.536,0.09129478276805185,angry,subject_01,subject_01_angry_session_01
0.54,0.15644737993429714,angry,subject_01,subject_01_angry_session_01
0.544,0.13811082147704243,angry,subject_01,subject_01_angry_session_01
0.548,0.17272625809397418,angry,subject_01,subject_01_angry_session_01
0.552,0.13550031696059767,angry,subject_01,subject_01_angry_session_01
0.556,0.27268299578655897,angry,subject_01,subject_01_angry_session_01
0.56,0.1289853412699121,angry,subject_01,subject_01_angry_session_01
0.564,0.3390432242539787,angry,subject_01,subject_01_angry_session_01
0.568,0.2605027502274153,angry,subject_01,subject_01_angry_session_01
0.572,0.24437323459793764,angry,subject_01,subject_01_angry_session_01
0.576,0.14045581510583027,angry,subject_01,subject_01_angry_session_01
0.58,0.265839676588141,angry,subject_01,subject_01_angry_session_01
0.584,0.2557609783396154,angry,subject_01,subject_01_angry_session_01
0.588,0.10046030806402581,angry,subject_01,subject_01_angry_session_01
0.592,0.15127369588040557,angry,subject_01,subject_01_angry_session_01
0.596,0.2646749887284979,angry,subject_01,subject_01_angry_session_01
0.6,0.2425967045029143,angry,subject_01,subject_01_angry_session_01
0.604,0.22664937471571786,angry,subject_01,subject_01_angry_session_01
0.608,0.3290425343604872,angry,subject_01,subject_01_angry_session_01
0.612,0.2175311613957659,angry,subject_01,subject_01_angry_session_01
0.616,0.24904451854588228,angry,subject_01,subject_01_angry_session_01
0.62,0.2428547401063931,angry,subject_01,subject_01_angry_session_01
0.624,0.3170930282205011,angry,subject_01,subject_01_angry_session_01
0.628,0.18758795495133193,angry,subject_01,subject_01_angry_session_01
0.632,0.26461708229382086,angry,subject_01,subject_01_angry_session_01
0.636,0.19427215181951873,angry,subject_01,subject_01_angry_session_01
0.64,0.2814609078832987,angry,subject_01,subject_01_angry_session_01
0.644,0.34564934257539043,angry,subject_01,subject_01_angry_session_01
0.648,0.34820072619191206,angry,subject_01,subject_01_angry_session_01
0.652,0.26103619121317856,angry,subject_01,subject_01_angry_session_01
0.656,0.3371251209649262,angry,subject_01,subject_01_angry_session_01
0.66,0.2939686953130076,angry,subject_01,subject_01_angry_session_01
0.664,0.38625157436395496,angry,subject_01,subject_01_angry_session_01
0.668,0.2958932677942165,angry,subject_01,subject_01_angry_session_01
0.672,0.12405459093948298,angry,subject_01,subject_01_angry_session_01
0.676,0.35455438597585975,angry,subject_01,subject_01_angry_session_01
0.68,0.2715023649389449,angry,subject_01,subject_01_angry_session_01
0.684,0.28055828093974083,angry,subject_01,subject_01_angry_session_01
0.688,0.31496099685768025,angry,subject_01,subject_01_angry_session_01
0.692,0.20699385662500433,angry,subject_01,subject_01_angry_session_01
0.696,0.29453793829381153,angry,subject_01,subject_01_angry_session_01
0.7,0.3196512870300942,angry,subject_01,subject_01_angry_session_01
0.704,0.30690816034362883,angry,subject_01,subject_01_angry_session_01
0.708,0.24658102621350017,angry,subject_01,subject_01_angry_session_01
0.712,0.3394539633534684,angry,subject_01,subject_01_angry_session_01
0.716,0.2174656321121013,angry,subject_01,subject_01_angry_session_01
0.72,0.23709433161965104,angry,subject_01,subject_01_angry_session_01
0.724,0.2636751702946172,angry,subject_01,subject_01_angry_session_01
0.728,0.2866299322278644,angry,subject_01,subject_01_angry_session_01
0.732,0.24630317575677282,angry,subject_01,subject_01_angry_session_01
0.736,0.33611782700916604,angry,subject_01,subject_01_angry_session_01
0.74,0.276442743920552,angry,subject_01,subject_01_angry_session_01
0.744,0.2592278987026578,angry,subject_01,subject_01_angry_session_01
0.748,0.26584660222360634,angry,subject_01,subject_01_angry_session_01
0.752,0.28930364204821835,angry,subject_01,subject_01_angry_session_01
0.756,0.25437028129292083,angry,subject_01,subject_01_angry_session_01
0.76,0.12542523665282956,angry,subject_01,subject_01_angry_session_01
0.764,0.2929049123074742,angry,subject_01,subject_01_angry_session_01
0.768,0.22772115377380767,angry,subject_01,subject_01_angry_session_01
0.772,0.2541240577184217,angry,subject_01,subject_01_angry_session_01
0.776,0.18068776325170016,angry,subject_01,subject_01_angry_session_01
0.78,0.08702003779477334,angry,subject_01,subject_01_angry_session_01
0.784,0.05109553691516827,angry,subject_01,subject_01_angry_session_01
0.788,0.12207621014702494,angry,subject_01,subject_01_angry_session_01
0.792,0.20046682524997306,angry,subject_01,subject_01_angry_session_01
0.796,0.23786416873072838,angry,subject_01,subject_01_angry_session_01
0.8,0.1686324325907894,angry,subject_01,subject_01_angry_session_01
0.804,0.07795750864319875,angry,subject_01,subject_01_angry_session_01
0.808,0.0847634007363032,angry,subject_01,subject_01_angry_session_01
0.812,0.20440427553253498,angry,subject_01,subject_01_angry_session_01
0.816,0.035360263412181334,angry,subject_01,subject_01_angry_session_01
0.82,0.23173408109254773,angry,subject_01,subject_01_angry_session_01
0.824,0.21023805922835204,angry,subject_01,subject_01_angry_session_01
0.828,0.21827996423838752,angry,subject_01,subject_01_angry_session_01
0.832,0.10606563279186096,angry,subject_01,subject_01_angry_session_01
0.836,0.05628657652183402,angry,subject_01,subject_01_angry_session_01
0.84,0.09225125380792598,angry,subject_01,subject_01_angry_session_01
0.844,0.12001573867168228,angry,subject_01,subject_01_angry_session_01
0.848,0.021612590863898037,angry,subject_01,subject_01_angry_session_01
0.852,-0.009743562826957118,angry,subject_01,subject_01_angry_session_01
0.856,0.03544904497723139,angry,subject_01,subject_01_angry_session_01
0.86,0.0027615877832437297,angry,subject_01,subject_01_angry_session_01
0.864,0.12059379541646362,angry,subject_01,subject_01_angry_session_01
0.868,0.006586433196624476,angry,subject_01,subject_01_angry_session_01
0.872,0.04709769063017641,angry,subject_01,subject_01_angry_session_01
0.876,0.09844832081752045,angry,subject_01,subject_01_angry_session_01
0.88,0.11464670257013715,angry,subject_01,subject_01_angry_session_01
0.884,0.049003080527132564,angry,subject_01,subject_01_angry_session_01
0.888,0.05836567950925445,angry,subject_01,subject_01_angry_session_01
0.892,-0.026813866714759313,angry,subject_01,subject_01_angry_session_01
0.896,0.09436342369776193,angry,subject_01,subject_01_angry_session_01
0.9,0.10710091990530721,angry,subject_01,subject_01_angry_session_01
0.904,-0.08352150861384622,angry,subject_01,subject_01_angry_session_01
0.908,0.13073700189611145,angry,subject_01,subject_01_angry_session_01
0.912,-0.02140874644228727,angry,subject_01,subject_01_angry_session_01
0.916,0.05365536754666492,angry,subject_01,subject_01_angry_session_01
0.92,0.02637691511801117,angry,subject_01,subject_01_angry_session_01
0.924,0.035374603669583886,angry,subject_01,subject_01_angry_session_01
0.928,0.06563438693170795,angry,subject_01,subject_01_angry_session_01
0.932,0.0862208010007134,angry,subject_01,subject_01_angry_session_01
0.936,0.276889874410259,angry,subject_01,subject_01_angry_session_01
0.94,0.3578012248978728,angry,subject_01,subject_01_angry_session_01
0.944,0.4480690629201129,angry,subject_01,subject_01_angry_session_01
0.948,0.6261149606911431,angry,subject_01,subject_01_angry_session_01
0.952,0.7668218837209209,angry,subject_01,subject_01_angry_session_01
0.956,0.947038250871848,angry,subject_01,subject_01_angry_session_01
0.96,1.1040962996561587,angry,subject_01,subject_01_angry_session_01
0.964,1.0788186056676272,angry,subject_01,subject_01_angry_session_01
0.968,1.1698226444245294,angry,subject_01,subject_01_angry_session_01
0.972,1.0376097433799856,angry,subject_01,subject_01_angry_session_01
0.976,0.9120072457162731,angry,subject_01,subject_01_angry_session_01
0.98,0.7794776651224888,angry,subject_01,subject_01_angry_session_01
0.984,0.6927055973873498,angry,subject_01,subject_01_angry_session_01
0.988,0.3564816639118265,angry,subject_01,subject_01_angry_session_01
0.992,0.3832274442720895,angry,subject_01,subject_01_angry_session_01
0.996,0.2139988034539415,angry,subject_01,subject_01_angry_session_01
1.0,0.061827001514453216,angry,subject_01,subject_01_angry_session_01
1.004,0.07588827498975742,angry,subject_01,subject_01_angry_session_01
1.008,-0.04194705777269382,angry,subject_01,subject_01_angry_session_01
1.012,-0.009999205780969151,angry,subject_01,subject_01_angry_session_01
1.016,-0.05007603375648816,angry,subject_01,subject_01_angry_session_01
1.02,0.05614282976891223,angry,subject_01,subject_01_angry_session_01
1.024,-0.027944155651566153,angry,subject_01,subject_01_angry_session_01
1.028,0.025321713778417545,angry,subject_01,subject_01_angry_session_01
1.032,0.07973059223152512,angry,subject_01,subject_01_angry_session_01
1.036,0.10948543122177187,angry,subject_01,subject_01_angry_session_01
1.04,0.0028439215376284063,angry,subject_01,subject_01_angry_session_01
1.044,0.1016058518552008,angry,subject_01,subject_01_angry_session_01
1.048,0.0012494948259805863,angry,subject_01,subject_01_angry_session_01
1.052,-0.0652364156017983,angry,subject_01,subject_01_angry_session_01
1.056,0.02260834524337199,angry,subject_01,subject_01_angry_session_01
1.06,0.12148894887504294,angry,subject_01,subject_01_angry_session_01
1.064,0.0748552607357347,angry,subject_01,subject_01_angry_session_01
1.068,0.04795336224639162,angry,subject_01,subject_01_angry_session_01
1.072,0.08814441588849584,angry,subject_01,subject_01_angry_session_01
1.076,0.09122522438937249,angry,subject_01,subject_01_angry_session_01
1.08,0.13256589316762368,angry,subject_01,subject_01_angry_session_01
1.084,0.0042248394505683545,angry,subject_01,subject_01_angry_session_01
1.088,0.10076338879170751,angry,subject_01,subject_01_angry_session_01
1.092,0.12063431728029562,angry,subject_01,subject_01_angry_session_01
1.096,0.03781608385256813,angry,subject_01,subject_01_angry_session_01
1.1,0.04383004717594166,angry,subject_01,subject_01_angry_session_01
1.104,0.11179082391147091,angry,subject_01,subject_01_angry_session_01
1.108,0.14152719623535945,angry,subject_01,subject_01_angry_session_01
1.112,0.1493042596448879,angry,subject_01,subject_01_angry_session_01
1.116,0.12296580543845012,angry,subject_01,subject_01_angry_session_01
1.12,0.12844429018393738,angry,subject_01,subject_01_angry_session_01
1.124,0.14865380133449438,angry,subject_01,subject_01_angry_session_01
1.128,0.1984650707100588,angry,subject_01,subject_01_angry_session_01
1.132,0.2634940401846309,angry,subject_01,subject_01_angry_session_01
1.136,0.06389135397523349,angry,subject_01,subject_01_angry_session_01
1.14,0.24278855584631187,angry,subject_01,subject_01_angry_session_01
1.144,0.2069850531599591,angry,subject_01,subject_01_angry_session_01
1.148,0.2533517315779931,angry,subject_01,subject_01_angry_session_01
1.152,0.3009587023664407,angry,subject_01,subject_01_angry_session_01
1.156,0.19235402554015205,angry,subject_01,subject_01_angry_session_01
1.16,0.3019273390775316,angry,subject_01,subject_01_angry_session_01
1.164,0.1773605776626871,angry,subject_01,subject_01_angry_session_01
1.168,0.26727549567828973,angry,subject_01,subject_01_angry_session_01
1.172,0.2517245656289738,angry,subject_01,subject_01_angry_session_01
1.176,0.2753076483401385,angry,subject_01,subject_01_angry_session_01
1.18,0.21900601314731424,angry,subject_01,subject_01_angry_session_01
1.184,0.3099063771222407,angry,subject_01,subject_01_angry_session_01
1.188,0.3837145210640949,angry,subject_01,subject_01_angry_session_01
1.192,0.23454381856818082,angry,subject_01,subject_01_angry_session_01
1.196,0.3080068502454175,angry,subject_01,subject_01_angry_session_01
1.2,0.35119527657993926,angry,subject_01,subject_01_angry_session_01
1.204,0.28468851469246886,angry,subject_01,subject_01_angry_session_01
1.208,0.3862021392329832,angry,subject_01,subject_01_angry_session_01
1.212,0.280325680350405,angry,subject_01,subject_01_angry_session_01
1.216,0.3001149005133539,angry,subject_01,subject_01_angry_session_01
1.22,0.24796747370428737,angry,subject_01,subject_01_angry_session_01
1.224,0.3151228522994339,angry,subject_01,subject_01_angry_session_01
1.228,0.3072202286698828,angry,subject_01,subject_01_angry_session_01
1.232,0.3442845841655762,angry,subject_01,subject_01_angry_session_01
1.236,0.266673933283643,angry,subject_01,subject_01_angry_session_01
1.24,0.26231351499822114,angry,subject_01,subject_01_angry_session_01
1.244,0.329089669953641,angry,subject_01,subject_01_angry_session_01
1.248,0.3830472784015212,angry,subject_01,subject_01_angry_session_01
1.252,0.3346482567056501,angry,subject_01,subject_01_angry_session_01
1.256,0.4053041187726798,angry,subject_01,subject_01_angry_session_01
1.26,0.32522818438188095,angry,subject_01,subject_01_angry_session_01
1.264,0.3204480240745546,angry,subject_01,subject_01_angry_session_01
1.268,0.3273824237204143,angry,subject_01,subject_01_angry_session_01
1.272,0.37321679205589303,angry,subject_01,subject_01_angry_session_01
1.276,0.35545274736239624,angry,subject_01,subject_01_angry_session_01
1.28,0.2133400540737158,angry,subject_01,subject_01_angry_session_01
1.284,0.32364489136171837,angry,subject_01,subject_01_angry_session_01
1.288,0.2886218865159938,angry,subject_01,subject_01_angry_session_01
1.292,0.2580229855823135,angry,subject_01,subject_01_angry_session_01
1.296,0.16008090684170262,angry,subject_01,subject_01_angry_session_01
1.3,0.17061265764965758,angry,subject_01,subject_01_angry_session_01
1.304,0.2374378043838734,angry,subject_01,subject_01_angry_session_01
1.308,0.16737496647066427,angry,subject_01,subject_01_angry_session_01
1.312,0.23017635642803896,angry,subject_01,subject_01_angry_session_01
1.316,0.28877114867840775,angry,subject_01,subject_01_angry_session_01
1.32,0.20567883556793468,angry,subject_01,subject_01_angry_session_01
1.324,0.23965582697442583,angry,subject_01,subject_01_angry_session_01
1.328,0.1640315497878136,angry,subject_01,subject_01_angry_session_01
1.332,0.23920077076863863,angry,subject_01,subject_01_angry_session_01
1.336,0.24428635454294167,angry,subject_01,subject_01_angry_session_01
1.34,0.12045054440196028,angry,subject_01,subject_01_angry_session_01
1.344,0.15228913416738643,angry,subject_01,subject_01_angry_session_01
1.348,0.11255153788456687,angry,subject_01,subject_01_angry_session_01
1.352,0.20998639117661916,angry,subject_01,subject_01_angry_session_01
1.356,0.17987648966609754,angry,subject_01,subject_01_angry_session_01
1.36,0.1574926977107936,angry,subject_01,subject_01_angry_session_01
1.364,0.14314488262389802,angry,subject_01,subject_01_angry_session_01
1.368,0.1605971781962975,angry,subject_01,subject_01_angry_session_01
1.372,0.15229275977047432,angry,subject_01,subject_01_angry_session_01
1.376,0.09267726660085226,angry,subject_01,subject_01_angry_session_01
1.38,0.07524169298286144,angry,subject_01,subject_01_angry_session_01
1.384,0.10114981811444666,angry,subject_01,subject_01_angry_session_01
1.388,0.0850248389694436,angry,subject_01,subject_01_angry_session_01
1.392,0.21222633326751028,angry,subject_01,subject_01_angry_session_01
1.396,0.05822313651811728,angry,subject_01,subject_01_angry_session_01
1.4,0.09182910886473028,angry,subject_01,subject_01_angry_session_01
1.404,0.09613259766776848,angry,subject_01,subject_01_angry_session_01
1.408,0.14647544123974765,angry,subject_01,subject_01_angry_session_01
1.412,0.00857302001847586,angry,subject_01,subject_01_angry_session_01
1.416,0.13294172397004325,angry,subject_01,subject_01_angry_session_01
1.42,0.039534972140651645,angry,subject_01,subject_01_angry_session_01
1.424,0.1947452168539672,angry,subject_01,subject_01_angry_session_01
1.428,0.06314509656957051,angry,subject_01,subject_01_angry_session_01
1.432,-0.035217658403180724,angry,subject_01,subject_01_angry_session_01
1.436,0.024186954317189736,angry,subject_01,subject_01_angry_session_01
1.44,0.11402454126912004,angry,subject_01,subject_01_angry_session_01
1.444,0.03687051636249088,angry,subject_01,subject_01_angry_session_01
1.448,0.026790027947952617,angry,subject_01,subject_01_angry_session_01
1.452,0.07210781871957546,angry,subject_01,subject_01_angry_session_01
1.456,0.006996820568963218,angry,subject_01,subject_01_angry_session_01
1.46,0.01375047381706123,angry,subject_01,subject_01_angry_session_01
1.464,-0.03190586193989179,angry,subject_01,subject_01_angry_session_01
1.468,0.1261505965662536,angry,subject_01,subject_01_angry_session_01
1.472,-0.05439593107729118,angry,subject_01,subject_01_angry_session_01
1.476,0.024715528172716557,angry,subject_01,subject_01_angry_session_01
1.48,0.039481156028969004,angry,subject_01,subject_01_angry_session_01
1.484,0.010298146778323582,angry,subject_01,subject_01_angry_session_01
1.488,-0.0531021594390948,angry,subject_01,subject_01_angry_session_01
1.492,-0.008157085168625018,angry,subject_01,subject_01_angry_session_01
1.496,0.1391436347843364,angry,subject_01,subject_01_angry_session_01
1.5,0.14830772250237664,angry,subject_01,subject_01_angry_session_01
1.504,0.1893844980185999,angry,subject_01,subject_01_angry_session_01
1.508,0.4812228768049119,angry,subject_01,subject_01_angry_session_01
1.512,0.5649868974901489,angry,subject_01,subject_01_angry_session_01
1.516,0.8152107842818558,angry,subject_01,subject_01_angry_session_01
1.52,0.9095664744617066,angry,subject_01,subject_01_angry_session_01
1.524,1.0190384353426387,angry,subject_01,subject_01_angry_session_01
1.528,1.1036849219039788,angry,subject_01,subject_01_angry_session_01
1.532,1.0438552482998769,angry,subject_01,subject_01_angry_session_01
1.536,1.0169090667359477,angry,subject_01,subject_01_angry_session_01
1.54,0.9526147667546411,angry,subject_01,subject_01_angry_session_01
1.544,0.7601684210801714,angry,subject_01,subject_01_angry_session_01
1.548,0.7069974046932628,angry,subject_01,subject_01_angry_session_01
1.552,0.47358831691111614,angry,subject_01,subject_01_angry_session_01
1.556,0.2424789816741801,angry,subject_01,subject_01_angry_session_01
1.56,0.1567295278482805,angry,subject_01,subject_01_angry_session_01
1.564,0.08949140179201001,angry,subject_01,subject_01_angry_session_01
1.568,-0.014803178186064563,angry,subject_01,subject_01_angry_session_01
1.572,-0.002624384862383835,angry,subject_01,subject_01_angry_session_01
1.576,-0.004568827480903086,angry,subject_01,subject_01_angry_session_01
1.58,0.11015035266271532,angry,subject_01,subject_01_angry_session_01
1.584,0.04912950357266317,angry,subject_01,subject_01_angry_session_01
1.588,-0.10163182189703591,angry,subject_01,subject_01_angry_session_01
1.592,-0.010166096570558121,angry,subject_01,subject_01_angry_session_01
1.596,0.007161979121243497,angry,subject_01,subject_01_angry_session_01
1.6,0.06617427105062029,angry,subject_01,subject_01_angry_session_01
1.604,-0.018281653994360603,angry,subject_01,subject_01_angry_session_01
1.608,0.010392104511703804,angry,subject_01,subject_01_angry_session_01
1.612,-0.028638376555821812,angry,subject_01,subject_01_angry_session_01
1.616,0.013380923287990093,angry,subject_01,subject_01_angry_session_01
1.62,0.019133501622802404,angry,subject_01,subject_01_angry_session_01
1.624,0.03794064303346812,angry,subject_01,subject_01_angry_session_01
1.628,-0.01053352025738475,angry,subject_01,subject_01_angry_session_01
1.632,0.1237944717256898,angry,subject_01,subject_01_angry_session_01
1.636,0.09771605342854235,angry,subject_01,subject_01_angry_session_01
1.64,-0.012734315265116675,angry,subject_01,subject_01_angry_session_01
1.644,0.08087135603002835,angry,subject_01,subject_01_angry_session_01
1.648,-0.009179053199014589,angry,subject_01,subject_01_angry_session_01
1.652,0.17099853629470232,angry,subject_01,subject_01_angry_session_01
1.656,0.19333567983204983,angry,subject_01,subject_01_angry_session_01
1.66,0.09946255632613274,angry,subject_01,subject_01_angry_session_01
1.664,0.058247054933426294,angry,subject_01,subject_01_angry_session_01
1.668,0.07641665575300349,angry,subject_01,subject_01_angry_session_01
1.672,0.09616705563290656,angry,subject_01,subject_01_angry_session_01
1.676,0.12433291358323507,angry,subject_01,subject_01_angry_session_01
1.68,0.22053121393983122,angry,subject_01,subject_01_angry_session_01
1.684,0.2033833199986553,angry,subject_01,subject_01_angry_session_01
1.688,0.21220642950573715,angry,subject_01,subject_01_angry_session_01
1.692,0.1722026813117396,angry,subject_01,subject_01_angry_session_01
1.696,0.10086127306214765,angry,subject_01,subject_01_angry_session_01
1.7,0.13203540783468856,angry,subject_01,subject_01_angry_session_01
1.704,0.19005408676827285,angry,subject_01,subject_01_angry_session_01
1.708,0.12248625293229636,angry,subject_01,subject_01_angry_session_01
1.712,0.22085872716455449,angry,subject_01,subject_01_angry_session_01
1.716,0.2588760176040472,angry,subject_01,subject_01_angry_session_01
1.72,0.25107405317605025,angry,subject_01,subject_01_angry_session_01
1.724,0.25623947348667453,angry,subject_01,subject_01_angry_session_01
1.728,0.12127038430179557,angry,subject_01,subject_01_angry_session_01
1.732,0.3202676086361883,angry,subject_01,subject_01_angry_session_01
1.736,0.15289837276951448,angry,subject_01,subject_01_angry_session_01
1.74,0.24406677629538667,angry,subject_01,subject_01_angry_session_01
1.744,0.2962109843117157,angry,subject_01,subject_01_angry_session_01
1.748,0.2860220459173855,angry,subject_01,subject_01_angry_session_01
1.752,0.19275382292233234,angry,subject_01,subject_01_angry_session_01
1.756,0.20792573623032323,angry,subject_01,subject_01_angry_session_01
1.76,0.2949130612384459,angry,subject_01,subject_01_angry_session_01
1.764,0.3116497646752516,angry,subject_01,subject_01_angry_session_01
1.768,0.21731484981467647,angry,subject_01,subject_01_angry_session_01
1.772,0.30948598303455116,angry,subject_01,subject_01_angry_session_01
1.776,0.1966372702114456,angry,subject_01,subject_01_angry_session_01
1.78,0.32609187632283443,angry,subject_01,subject_01_angry_session_01
1.784,0.23614316769619226,angry,subject_01,subject_01_angry_session_01
1.788,0.29404549259479784,angry,subject_01,subject_01_angry_session_01
1.792,0.2835395829717506,angry,subject_01,subject_01_angry_session_01
1.796,0.35755698017874815,angry,subject_01,subject_01_angry_session_01
1.8,0.30118713832203087,angry,subject_01,subject_01_angry_session_01
1.804,0.24910872570704468,angry,subject_01,subject_01_angry_session_01
1.808,0.30472789613788176,angry,subject_01,subject_01_angry_session_01
1.812,0.4095456607579049,angry,subject_01,subject_01_angry_session_01
1.816,0.3230559088893201,angry,subject_01,subject_01_angry_session_01
1.82,0.2725906931875438,angry,subject_01,subject_01_angry_session_01
1.824,0.2235014838538224,angry,subject_01,subject_01_angry_session_01
1.828,0.2338262694137962,angry,subject_01,subject_01_angry_session_01
1.832,0.30885948212192327,angry,subject_01,subject_01_angry_session_01
1.836,0.21211999426375597,angry,subject_01,subject_01_angry_session_01
1.84,0.2626089425209781,angry,subject_01,subject_01_angry_session_01
1.844,0.3458516115033227,angry,subject_01,subject_01_angry_session_01
1.848,0.2657172841777938,angry,subject_01,subject_01_angry_session_01
1.852,0.1889716907952096,angry,subject_01,subject_01_angry_session_01
1.856,0.38130715897870393,angry,subject_01,subject_01_angry_session_01
1.86,0.35314639838156037,angry,subject_01,subject_01_angry_session_01
1.864,0.27402887804070303,angry,subject_01,subject_01_angry_session_01
1.868,0.31680270468772104,angry,subject_01,subject_01_angry_session_01
1.872,0.22022110775434756,angry,subject_01,subject_01_angry_session_01
1.876,0.275317425431012,angry,subject_01,subject_01_angry_session_01
1.88,0.2016243434597227,angry,subject_01,subject_01_angry_session_01
1.884,0.14043033874844607,angry,subject_01,subject_01_angry_session_01
1.888,0.3714863952180941,angry,subject_01,subject_01_angry_session_01
1.892,0.12526920122069912,angry,subject_01,subject_01_angry_session_01
1.896,0.22067120744635138,angry,subject_01,subject_01_angry_session_01
1.9,0.21259843812478443,angry,subject_01,subject_01_angry_session_01
1.904,0.21852773499555148,angry,subject_01,subject_01_angry_session_01
1.908,0.17383819814418106,angry,subject_01,subject_01_angry_session_01
1.912,0.1656976703713113,angry,subject_01,subject_01_angry_session_01
1.916,0.16963649956533722,angry,subject_01,subject_01_angry_session_01
1.92,0.1807238034223585,angry,subject_01,subject_01_angry_session_01
1.924,0.14222678578271422,angry,subject_01,subject_01_angry_session_01
1.928,0.12853133739290132,angry,subject_01,subject_01_angry_session_01
1.932,0.043648441726840334,angry,subject_01,subject_01_angry_session_01
1.936,0.2340941226554803,angry,subject_01,subject_01_angry_session_01
1.94,0.13593753860640462,angry,subject_01,subject_01_angry_session_01
1.944,0.10709917179403006,angry,subject_01,subject_01_angry_session_01
1.948,0.048187263821122976,angry,subject_01,subject_01_angry_session_01
1.952,0.01691530733546255,angry,subject_01,subject_01_angry_session_01
1.956,0.12064859378624855,angry,subject_01,subject_01_angry_session_01
1.96,0.05185772285142183,angry,subject_01,subject_01_angry_session_01
1.964,0.09162672590448304,angry,subject_01,subject_01_angry_session_01
1.968,-0.033320635564839045,angry,subject_01,subject_01_angry_session_01
1.972,0.13460503371732574,angry,subject_01,subject_01_angry_session_01
1.976,0.09039915981205135,angry,subject_01,subject_01_angry_session_01
1.98,0.02650150262489508,angry,subject_01,subject_01_angry_session_01
1.984,0.05497848914729744,angry,subject_01,subject_01_angry_session_01
1.988,0.06741868582779023,angry,subject_01,subject_01_angry_session_01
1.992,-0.060771062398264034,angry,subject_01,subject_01_angry_session_01
1.996,0.1170254952474865,angry,subject_01,subject_01_angry_session_01
2.0,0.04264340582814588,angry,subject_01,subject_01_angry_session_01
2.004,-0.03095848224907672,angry,subject_01,subject_01_angry_session_01
2.008,-0.05655557839213303,angry,subject_01,subject_01_angry_session_01
2.012,0.06669385909996856,angry,subject_01,subject_01_angry_session_01
2.016,0.01859844951535678,angry,subject_01,subject_01_angry_session_01
2.02,0.03351279205559056,angry,subject_01,subject_01_angry_session_01
2.024,0.004827572880457723,angry,subject_01,subject_01_angry_session_01
2.028,-0.058456084616199486,angry,subject_01,subject_01_angry_session_01
2.032,0.03014228652808441,angry,subject_01,subject_01_angry_session_01
2.036,-0.015301867613235308,angry,subject_01,subject_01_angry_session_01
2.04,-0.008945688399319867,angry,subject_01,subject_01_angry_session_01
2.044,0.13054251043846152,angry,subject_01,subject_01_angry_session_01
2.048,0.03819589752907997,angry,subject_01,subject_01_angry_session_01
2.052,0.0476935646841938,angry,subject_01,subject_01_angry_session_01
2.056,0.17681950990691483,angry,subject_01,subject_01_angry_session_01
2.06,0.0817912172149961,angry,subject_01,subject_01_angry_session_01
2.064,0.14093639344682998,angry,subject_01,subject_01_angry_session_01
2.068,0.19998632979280329,angry,subject_01,subject_01_angry_session_01
2.072,0.3490497828299764,angry,subject_01,subject_01_angry_session_01
2.076,0.4084576159178291,angry,subject_01,subject_01_angry_session_01
2.08,0.740265232400267,angry,subject_01,subject_01_angry_session_01
2.084,0.7690440622048961,angry,subject_01,subject_01_angry_session_01
2.088,1.0255353751310885,angry,subject_01,subject_01_angry_session_01
2.092,1.0541071369170776,angry,subject_01,subject_01_angry_session_01
2.096,1.0975324872520842,angry,subject_01,subject_01_angry_session_01
2.1,1.063197892402762,angry,subject_01,subject_01_angry_session_01
2.104,1.069614120635813,angry,subject_01,subject_01_angry_session_01
2.108,0.9335893703541519,angry,subject_01,subject_01_angry_session_01
2.112,0.702160254679743,angry,subject_01,subject_01_angry_session_01
2.116,0.47851479563042915,angry,subject_01,subject_01_angry_session_01
2.12,0.4197693612051051,angry,subject_01,subject_01_angry_session_01
2.124,0.15637891600864734,angry,subject_01,subject_01_angry_session_01
2.128,0.0016709557874680647,angry,subject_01,subject_01_angry_session_01
2.132,0.039897115778488944,angry,subject_01,subject_01_angry_session_01
2.136,0.032571610198379994,angry,subject_01,subject_01_angry_session_01
2.14,-0.08627836996481895,angry,subject_01,subject_01_angry_session_01
2.144,-0.03827050413477258,angry,subject_01,subject_01_angry_session_01
2.148,-0.07599250945167162,angry,subject_01,subject_01_angry_session_01
2.152,0.008385508684768755,angry,subject_01,subject_01_angry_session_01
2.156,0.04653367871085089,angry,subject_01,subject_01_angry_session_01
2.16,-0.02197566833186942,angry,subject_01,subject_01_angry_session_01
2.164,-0.05822449846520251,angry,subject_01,subject_01_angry_session_01
2.168,-0.07713383040218041,angry,subject_01,subject_01_angry_session_01
2.172,0.07081558855892543,angry,subject_01,subject_01_angry_session_01
2.176,-0.04896626791697231,angry,subject_01,subject_01_angry_session_01
2.18,0.045070892383993526,angry,subject_01,subject_01_angry_session_01
2.184,0.07284983470910625,angry,subject_01,subject_01_angry_session_01
2.188,-0.0002859689120938598,angry,subject_01,subject_01_angry_session_01
2.192,0.023632906820700635,angry,subject_01,subject_01_angry_session_01
2.196,0.0976324476424433,angry,subject_01,subject_01_angry_session_01
2.2,-0.006426394305114026,angry,subject_01,subject_01_angry_session_01
2.204,-0.007841303713674475,angry,subject_01,subject_01_angry_session_01
2.208,0.03765945565672724,angry,subject_01,subject_01_angry_session_01
2.212,0.13368610356684596,angry,subject_01,subject_01_angry_session_01
2.216,0.1592494142054438,angry,subject_01,subject_01_angry_session_01
2.22,0.06257490666619561,angry,subject_01,subject_01_angry_session_01
2.224,0.03196672519847404,angry,subject_01,subject_01_angry_session_01
2.228,0.14501966544553757,angry,subject_01,subject_01_angry_session_01
2.232,-0.012231670195868238,angry,subject_01,subject_01_angry_session_01
2.236,0.10979532438214017,angry,subject_01,subject_01_angry_session_01
2.24,0.09955748980301476,angry,subject_01,subject_01_angry_session_01
2.244,0.1872951578879159,angry,subject_01,subject_01_angry_session_01
2.248,0.2010346951002771,angry,subject_01,subject_01_angry_session_01
2.252,0.06861712654714575,angry,subject_01,subject_01_angry_session_01
2.256,0.1432011658093572,angry,subject_01,subject_01_angry_session_01
2.26,0.10697859314806597,angry,subject_01,subject_01_angry_session_01
2.264,0.13175595095921377,angry,subject_01,subject_01_angry_session_01
2.268,0.194567158205803,angry,subject_01,subject_01_angry_session_01
2.272,0.14558511894946566,angry,subject_01,subject_01_angry_session_01
2.276,0.18541293762575173,angry,subject_01,subject_01_angry_session_01
2.28,0.23921190930800917,angry,subject_01,subject_01_angry_session_01
2.284,0.28053773475377897,angry,subject_01,subject_01_angry_session_01
2.288,0.2146098187473982,angry,subject_01,subject_01_angry_session_01
2.292,0.21177869812457492,angry,subject_01,subject_01_angry_session_01
2.296,0.145416751596531,angry,subject_01,subject_01_angry_session_01
2.3,0.31381710019744397,angry,subject_01,subject_01_angry_session_01
2.304,0.254857763988167,angry,subject_01,subject_01_angry_session_01
2.308,0.23932748002266624,angry,subject_01,subject_01_angry_session_01
2.312,0.24185037503387063,angry,subject_01,subject_01_angry_session_01
2.316,0.2635024483637822,angry,subject_01,subject_01_angry_session_01
2.32,0.2927804801846712,angry,subject_01,subject_01_angry_session_01
2.324,0.30428656231626205,angry,subject_01,subject_01_angry_session_01
2.328,0.3507350991020598,angry,subject_01,subject_01_angry_session_01
2.332,0.2716231747867645,angry,subject_01,subject_01_angry_session_01
2.336,0.36472525841017744,angry,subject_01,subject_01_angry_session_01
2.34,0.32478624830386255,angry,subject_01,subject_01_angry_session_01
2.344,0.2590119500791962,angry,subject_01,subject_01_angry_session_01
2.348,0.16333776364068311,angry,subject_01,subject_01_angry_session_01
2.352,0.268760634193401,angry,subject_01,subject_01_angry_session_01
2.356,0.35689817656300865,angry,subject_01,subject_01_angry_session_01
2.36,0.2161877422600031,angry,subject_01,subject_01_angry_session_01
2.364,0.26655738694095277,angry,subject_01,subject_01_angry_session_01
2.368,0.2700657016660446,angry,subject_01,subject_01_angry_session_01
2.372,0.31490753456371423,angry,subject_01,subject_01_angry_session_01
2.376,0.23307199698647257,angry,subject_01,subject_01_angry_session_01
2.38,0.2019204570234752,angry,subject_01,subject_01_angry_session_01
2.384,0.2858550712762608,angry,subject_01,subject_01_angry_session_01
2.388,0.20449463753699051,angry,subject_01,subject_01_angry_session_01
2.392,0.13631907957090147,angry,subject_01,subject_01_angry_session_01
2.396,0.35416176241519537,angry,subject_01,subject_01_angry_session_01
2.4,0.29661095039077506,angry,subject_01,subject_01_angry_session_01
2.404,0.3512128189285987,angry,subject_01,subject_01_angry_session_01
2.408,0.28784192600112224,angry,subject_01,subject_01_angry_session_01
2.412,0.2733750825809994,angry,subject_01,subject_01_angry_session_01
2.416,0.2518160074462501,angry,subject_01,subject_01_angry_session_01
2.42,0.21547940114612765,angry,subject_01,subject_01_angry_session_01
2.424,0.2542300152116276,angry,subject_01,subject_01_angry_session_01
2.428,0.18698881088572414,angry,subject_01,subject_01_angry_session_01
2.432,0.15247084741442782,angry,subject_01,subject_01_angry_session_01
2.436,0.1928389778183152,angry,subject_01,subject_01_angry_session_01
2.44,0.28605960751684106,angry,subject_01,subject_01_angry_session_01
2.444,0.1300194245771719,angry,subject_01,subject_01_angry_session_01
2.448,0.125915395333712,angry,subject_01,subject_01_angry_session_01
2.452,0.22883768178179434,angry,subject_01,subject_01_angry_session_01
2.456,0.1623898622955544,angry,subject_01,subject_01_angry_session_01
2.46,0.20982816967223905,angry,subject_01,subject_01_angry_session_01
2.464,0.23296252378852272,angry,subject_01,subject_01_angry_session_01
2.468,0.1936200186567331,angry,subject_01,subject_01_angry_session_01
2.472,0.11986579508620579,angry,subject_01,subject_01_angry_session_01
2.476,0.2262103991539658,angry,subject_01,subject_01_angry_session_01
2.48,0.18481642116037833,angry,subject_01,subject_01_angry_session_01
2.484,0.13264543928570882,angry,subject_01,subject_01_angry_session_01
2.488,0.12026005904929238,angry,subject_01,subject_01_angry_session_01
2.492,0.13437359762370793,angry,subject_01,subject_01_angry_session_01
2.496,0.0835447707466682,angry,subject_01,subject_01_angry_session_01
2.5,-0.005236239390379649,angry,subject_01,subject_01_angry_session_01
2.504,0.12814994421158868,angry,subject_01,subject_01_angry_session_01
2.508,0.1153066144119252,angry,subject_01,subject_01_angry_session_01
2.512,-0.07318542356020014,angry,subject_01,subject_01_angry_session_01
2.516,0.0868993584812768,angry,subject_01,subject_01_angry_session_01
2.52,0.1534501450850833,angry,subject_01,subject_01_angry_session_01
2.524,-0.027325826120028415,angry,subject_01,subject_01_angry_session_01
2.528,0.028710387383858987,angry,subject_01,subject_01_angry_session_01
2.532,0.015491579397813158,angry,subject_01,subject_01_angry_session_01
2.536,0.1198769950091991,angry,subject_01,subject_01_angry_session_01
2.54,0.08189126059988684,angry,subject_01,subject_01_angry_session_01
2.544,-0.04315613159196049,angry,subject_01,subject_01_angry_session_01
2.548,0.025506286283619117,angry,subject_01,subject_01_angry_session_01
2.552,0.13906275946223834,angry,subject_01,subject_01_angry_session_01
2.556,-0.04019213134267204,angry,subject_01,subject_01_angry_session_01
2.56,-0.0065583713402139485,angry,subject_01,subject_01_angry_session_01
2.564,0.022139962075441014,angry,subject_01,subject_01_angry_session_01
2.568,-0.04769249406628227,angry,subject_01,subject_01_angry_session_01
2.572,0.09261108417234878,angry,subject_01,subject_01_angry_session_01
2.576,-0.04334213636433421,angry,subject_01,subject_01_angry_session_01
2.58,-0.09987349671795281,angry,subject_01,subject_01_angry_session_01
2.584,-0.04938225734082377,angry,subject_01,subject_01_angry_session_01
2.588,0.020047051347434074,angry,subject_01,subject_01_angry_session_01
2.592,-0.06835963497685255,angry,subject_01,subject_01_angry_session_01
2.596,-0.004077765030326589,angry,subject_01,subject_01_angry_session_01
2.6,0.00896621950855269,angry,subject_01,subject_01_angry_session_01
2.604,-0.10104264005747399,angry,subject_01,subject_01_angry_session_01
2.608,-0.06679873627111248,angry,subject_01,subject_01_angry_session_01
2.612,-0.015292208617601447,angry,subject_01,subject_01_angry_session_01
2.616,0.00822581887260463,angry,subject_01,subject_01_angry_session_01
2.62,-0.05153421349850888,angry,subject_01,subject_01_angry_session_01
2.624,0.025207778788745673,angry,subject_01,subject_01_angry_session_01
2.628,0.062278975664056324,angry,subject_01,subject_01_angry_session_01
2.632,0.21798338804759976,angry,subject_01,subject_01_angry_session_01
2.636,0.33094603375754955,angry,subject_01,subject_01_angry_session_01
2.64,0.4264152560712781,angry,subject_01,subject_01_angry_session_01
2.644,0.6384651363301829,angry,subject_01,subject_01_angry_session_01
2.648,0.7428246854648397,angry,subject_01,subject_01_angry_session_01
2.652,0.9332045569029341,angry,subject_01,subject_01_angry_session_01
2.656,1.036646227091044,angry,subject_01,subject_01_angry_session_01
2.66,1.2047203185839024,angry,subject_01,subject_01_angry_session_01
2.664,1.040234908721212,angry,subject_01,subject_01_angry_session_01
2.668,0.9930461688121389,angry,subject_01,subject_01_angry_session_01
2.672,0.8534732017148652,angry,subject_01,subject_01_angry_session_01
2.676,0.68342939594693,angry,subject_01,subject_01_angry_session_01
2.68,0.5499925200692819,angry,subject_01,subject_01_angry_session_01
2.684,0.4460144959593727,angry,subject_01,subject_01_angry_session_01
2.688,0.2923041332613723,angry,subject_01,subject_01_angry_session_01
2.692,0.13377964370927703,angry,subject_01,subject_01_angry_session_01
2.696,-0.00012920196267591014,angry,subject_01,subject_01_angry_session_01
2.7,-0.0751376286392374,angry,subject_01,subject_01_angry_session_01
2.704,-0.1321025278070791,angry,subject_01,subject_01_angry_session_01
2.708,-0.11786624970377196,angry,subject_01,subject_01_angry_session_01
2.712,-0.15417864442680246,angry,subject_01,subject_01_angry_session_01
2.716,0.020188484301472846,angry,subject_01,subject_01_angry_session_01
2.72,0.0653665403372044,angry,subject_01,subject_01_angry_session_01
2.724,-0.1467312194654014,angry,subject_01,subject_01_angry_session_01
2.728,-0.002240841703907946,angry,subject_01,subject_01_angry_session_01
2.732,0.004684163744739497,angry,subject_01,subject_01_angry_session_01
2.736,0.00654664902828729,angry,subject_01,subject_01_angry_session_01
2.74,-0.037178302651192326,angry,subject_01,subject_01_angry_session_01
2.744,0.06347558520856503,angry,subject_01,subject_01_angry_session_01
2.748,0.03031143555260711,angry,subject_01,subject_01_angry_session_01
2.752,0.0713600749710779,angry,subject_01,subject_01_angry_session_01
2.756,-0.03110884430300068,angry,subject_01,subject_01_angry_session_01
2.76,-0.06576126853544365,angry,subject_01,subject_01_angry_session_01
2.764,0.04769774226178253,angry,subject_01,subject_01_angry_session_01
2.768,-0.03150088982998783,angry,subject_01,subject_01_angry_session_01
2.772,0.09452881562136575,angry,subject_01,subject_01_angry_session_01
2.776,-0.09105997912208007,angry,subject_01,subject_01_angry_session_01
2.78,0.014016597099731683,angry,subject_01,subject_01_angry_session_01
2.784,0.011069929783655223,angry,subject_01,subject_01_angry_session_01
2.788,0.03427814634889988,angry,subject_01,subject_01_angry_session_01
2.792,0.0763733710782001,angry,subject_01,subject_01_angry_session_01
2.796,0.09124844537015352,angry,subject_01,subject_01_angry_session_01
2.8,0.11289161670751824,angry,subject_01,subject_01_angry_session_01
2.804,0.12708867227634763,angry,subject_01,subject_01_angry_session_01
2.808,0.07900888367030186,angry,subject_01,subject_01_angry_session_01
2.812,0.22353897079306334,angry,subject_01,subject_01_angry_session_01
2.816,0.1881372007623497,angry,subject_01,subject_01_angry_session_01
2.82,0.09423669954612779,angry,subject_01,subject_01_angry_session_01
2.824,0.1129043373864226,angry,subject_01,subject_01_angry_session_01
2.828,0.10937585328616593,angry,subject_01,subject_01_angry_session_01
2.832,0.15944188185966524,angry,subject_01,subject_01_angry_session_01
2.836,0.08761602462032306,angry,subject_01,subject_01_angry_session_01
2.84,0.1068093017356029,angry,subject_01,subject_01_angry_session_01
2.844,0.03230600427716637,angry,subject_01,subject_01_angry_session_01
2.848,0.14646705375117094,angry,subject_01,subject_01_angry_session_01
2.852,0.2421375226074025,angry,subject_01,subject_01_angry_session_01
2.856,0.17677203103764502,angry,subject_01,subject_01_angry_session_01
2.86,0.18750985056631228,angry,subject_01,subject_01_angry_session_01
2.864,0.21704143720875577,angry,subject_01,subject_01_angry_session_01
2.868,0.1469378713810353,angry,subject_01,subject_01_angry_session_01
2.872,0.21491669704693223,angry,subject_01,subject_01_angry_session_01
2.876,0.2727160179706797,angry,subject_01,subject_01_angry_session_01
2.88,0.24312174850812635,angry,subject_01,subject_01_angry_session_01
2.884,0.28835439421420606,angry,subject_01,subject_01_angry_session_01
2.888,0.3099284934707548,angry,subject_01,subject_01_angry_session_01
2.892,0.2777116423998793,angry,subject_01,subject_01_angry_session_01
2.896,0.1984755699329987,angry,subject_01,subject_01_angry_session_01
2.9,0.2233889278066137,angry,subject_01,subject_01_angry_session_01
2.904,0.3621232084041353,angry,subject_01,subject_01_angry_session_01
2.908,0.26672444579250565,angry,subject_01,subject_01_angry_session_01
2.912,0.25982917935304795,angry,subject_01,subject_01_angry_session_01
2.916,0.197949035396963,angry,subject_01,subject_01_angry_session_01
2.92,0.24413819673538734,angry,subject_01,subject_01_angry_session_01
2.924,0.2922253268963662,angry,subject_01,subject_01_angry_session_01
2.928,0.24932728338895524,angry,subject_01,subject_01_angry_session_01
2.932,0.21608739480603448,angry,subject_01,subject_01_angry_session_01
2.936,0.22848705935807626,angry,subject_01,subject_01_angry_session_01
2.94,0.31543509033033956,angry,subject_01,subject_01_angry_session_01
2.944,0.2819519305616426,angry,subject_01,subject_01_angry_session_01
2.948,0.27169878263138697,angry,subject_01,subject_01_angry_session_01
2.952,0.26373681905908036,angry,subject_01,subject_01_angry_session_01
2.956,0.16382535849933036,angry,subject_01,subject_01_angry_session_01
2.96,0.2485999472927473,angry,subject_01,subject_01_angry_session_01
2.964,0.2937444818632786,angry,subject_01,subject_01_angry_session_01
2.968,0.21138202121218536,angry,subject_01,subject_01_angry_session_01
2.972,0.2830290840193622,angry,subject_01,subject_01_angry_session_01
2.976,0.2544093970388548,angry,subject_01,subject_01_angry_session_01
2.98,0.2686172436806723,angry,subject_01,subject_01_angry_session_01
2.984,0.21919454113850703,angry,subject_01,subject_01_angry_session_01
2.988,0.2663974130801645,angry,subject_01,subject_01_angry_session_01
2.992,0.12222167099209132,angry,subject_01,subject_01_angry_session_01
2.996,0.20877574948556338,angry,subject_01,subject_01_angry_session_01
3.0,0.24598057697784653,angry,subject_01,subject_01_angry_session_01
3.004,0.21706170063578814,angry,subject_01,subject_01_angry_session_01
3.008,0.2607216284441131,angry,subject_01,subject_01_angry_session_01
3.012,0.18082516651727157,angry,subject_01,subject_01_angry_session_01
3.016,0.1521947808742218,angry,subject_01,subject_01_angry_session_01
3.02,0.08098072939872658,angry,subject_01,subject_01_angry_session_01
3.024,0.15670299509375282,angry,subject_01,subject_01_angry_session_01
3.028,0.19731647139876946,angry,subject_01,subject_01_angry_session_01
3.032,0.20466445857628565,angry,subject_01,subject_01_angry_session_01
3.036,0.06725500621010307,angry,subject_01,subject_01_angry_session_01
3.04,0.21347043622275064,angry,subject_01,subject_01_angry_session_01
3.044,0.07582754798301242,angry,subject_01,subject_01_angry_session_01
3.048,0.11802981639263427,angry,subject_01,subject_01_angry_session_01
3.052,0.08191693034206732,angry,subject_01,subject_01_angry_session_01
3.056,0.13165440757334718,angry,subject_01,subject_01_angry_session_01
3.06,0.10275357317619044,angry,subject_01,subject_01_angry_session_01
3.064,0.12828486251259075,angry,subject_01,subject_01_angry_session_01
3.068,0.1888314722305352,angry,subject_01,subject_01_angry_session_01
3.072,0.09285660817750305,angry,subject_01,subject_01_angry_session_01
3.076,0.025433544193744793,angry,subject_01,subject_01_angry_session_01
3.08,0.07908636141909163,angry,subject_01,subject_01_angry_session_01
3.084,0.1599199625278457,angry,subject_01,subject_01_angry_session_01
3.088,0.07483423829422467,angry,subject_01,subject_01_angry_session_01
3.092,0.08493006318464077,angry,subject_01,subject_01_angry_session_01
3.096,-0.07417142165852328,angry,subject_01,subject_01_angry_session_01
3.1,0.03844678565456035,angry,subject_01,subject_01_angry_session_01
3.104,-0.006514716830722748,angry,subject_01,subject_01_angry_session_01
3.108,-0.036372200424326595,angry,subject_01,subject_01_angry_session_01
3.112,-0.0015115094588419044,angry,subject_01,subject_01_angry_session_01
3.116,0.0022404644845041045,angry,subject_01,subject_01_angry_session_01
3.12,-0.045369982981720486,angry,subject_01,subject_01_angry_session_01
3.124,0.0002178880496412315,angry,subject_01,subject_01_angry_session_01
3.128,-0.02427090569864288,angry,subject_01,subject_01_angry_session_01
3.132,0.025889351575552142,angry,subject_01,subject_01_angry_session_01
3.136,-0.004657095881656238,angry,subject_01,subject_01_angry_session_01
3.14,0.0024941873751839864,angry,subject_01,subject_01_angry_session_01
3.144,0.0372201105639879,angry,subject_01,subject_01_angry_session_01
3.148,0.010493537942116351,angry,subject_01,subject_01_angry_session_01
3.152,-0.024283933765782792,angry,subject_01,subject_01_angry_session_01
3.156,-0.15024880863584938,angry,subject_01,subject_01_angry_session_01
3.16,0.004410309233257359,angry,subject_01,subject_01_angry_session_01
3.164,-0.08317654909395705,angry,subject_01,subject_01_angry_session_01
3.168,-0.03675205667096543,angry,subject_01,subject_01_angry_session_01
3.172,-0.013465135638558272,angry,subject_01,subject_01_angry_session_01
3.176,0.04032560847283141,angry,subject_01,subject_01_angry_session_01
3.18,0.07055292879984842,angry,subject_01,subject_01_angry_session_01
3.184,-0.0860442860829492,angry,subject_01,subject_01_angry_session_01
3.188,-0.08306844395724283,angry,subject_01,subject_01_angry_session_01
3.192,0.06747528094609183,angry,subject_01,subject_01_angry_session_01
3.196,0.14537695799999317,angry,subject_01,subject_01_angry_session_01
3.2,0.17325753548251094,angry,subject_01,subject_01_angry_session_01
3.204,0.3857425323069788,angry,subject_01,subject_01_angry_session_01
3.208,0.5807817625868399,angry,subject_01,subject_01_angry_session_01
3.212,0.6321976666284878,angry,subject_01,subject_01_angry_session_01
3.216,0.7941185002259664,angry,subject_01,subject_01_angry_session_01
3.22,0.9332067184862765,angry,subject_01,subject_01_angry_session_01
3.224,1.0330862913419552,angry,subject_01,subject_01_angry_session_01
3.228,1.1074398214946466,angry,subject_01,subject_01_angry_session_01
3.232,1.0087529677424294,angry,subject_01,subject_01_angry_session_01
3.236,0.9405825792363727,angry,subject_01,subject_01_angry_session_01
3.24,0.9378494995679485,angry,subject_01,subject_01_angry_session_01
3.244,0.5837881271519532,angry,subject_01,subject_01_angry_session_01
3.248,0.4300435257011265,angry,subject_01,subject_01_angry_session_01
3.252,0.34522920263813667,angry,subject_01,subject_01_angry_session_01
3.256,0.22085099992489798,angry,subject_01,subject_01_angry_session_01
3.26,0.07488016044082173,angry,subject_01,subject_01_angry_session_01
3.264,0.08227272863185069,angry,subject_01,subject_01_angry_session_01
3.268,-0.04993301998066305,angry,subject_01,subject_01_angry_session_01
3.272,-0.20294563348648575,angry,subject_01,subject_01_angry_session_01
3.276,-0.07522022464077469,angry,subject_01,subject_01_angry_session_01
3.28,-0.10185207439118511,angry,subject_01,subject_01_angry_session_01
3.284,0.03208564783966897,angry,subject_01,subject_01_angry_session_01
3.288,0.022434990639853408,angry,subject_01,subject_01_angry_session_01
3.292,-0.11839303737408861,angry,subject_01,subject_01_angry_session_01
3.296,0.0671743189654117,angry,subject_01,subject_01_angry_session_01
3.3,0.049110812602901364,angry,subject_01,subject_01_angry_session_01
3.304,-0.02177898471451649,angry,subject_01,subject_01_angry_session_01
3.308,-0.0029434891933967887,angry,subject_01,subject_01_angry_session_01
3.312,0.08904340255408448,angry,subject_01,subject_01_angry_session_01
3.316,-0.10903385467024553,angry,subject_01,subject_01_angry_session_01
3.32,0.03988603125939945,angry,subject_01,subject_01_angry_session_01
3.324,0.08291325875167238,angry,subject_01,subject_01_angry_session_01
3.328,0.01641028696607709,angry,subject_01,subject_01_angry_session_01
3.332,0.06532678803663161,angry,subject_01,subject_01_angry_session_01
3.336,0.03766347389793896,angry,subject_01,subject_01_angry_session_01
3.34,-0.010239520458349902,angry,subject_01,subject_01_angry_session_01
3.344,-0.006102844566025292,angry,subject_01,subject_01_angry_session_01
3.348,0.09109661569483415,angry,subject_01,subject_01_angry_session_01
3.352,0.01648184930643984,angry,subject_01,subject_01_angry_session_01
3.356,-0.030312730356539648,angry,subject_01,subject_01_angry_session_01
3.36,0.07532853183033082,angry,subject_01,subject_01_angry_session_01
3.364,0.044293969814774084,angry,subject_01,subject_01_angry_session_01
3.368,0.01048244326178474,angry,subject_01,subject_01_angry_session_01
3.372,0.09432061206661693,angry,subject_01,subject_01_angry_session_01
3.376,0.14385372546913522,angry,subject_01,subject_01_angry_session_01
3.38,0.1070166047225811,angry,subject_01,subject_01_angry_session_01
3.384,0.04998426134619119,angry,subject_01,subject_01_angry_session_01
3.388,0.1511471824788235,angry,subject_01,subject_01_angry_session_01
3.392,0.19272341986996722,angry,subject_01,subject_01_angry_session_01
3.396,0.2718289914397256,angry,subject_01,subject_01_angry_session_01
3.4,0.23400895619870404,angry,subject_01,subject_01_angry_session_01
3.404,0.09560519238234721,angry,subject_01,subject_01_angry_session_01
3.408,0.2157738522054047,angry,subject_01,subject_01_angry_session_01
3.412,0.1879317913660717,angry,subject_01,subject_01_angry_session_01
3.416,0.11150972922819843,angry,subject_01,subject_01_angry_session_01
3.42,0.2055567556472071,angry,subject_01,subject_01_angry_session_01
3.424,0.31129538256700295,angry,subject_01,subject_01_angry_session_01
3.428,0.27527979813052167,angry,subject_01,subject_01_angry_session_01
3.432,0.14973793129892582,angry,subject_01,subject_01_angry_session_01
3.436,0.2180070820011353,angry,subject_01,subject_01_angry_session_01
3.44,0.2529067612567824,angry,subject_01,subject_01_angry_session_01
3.444,0.1253816831442856,angry,subject_01,subject_01_angry_session_01
3.448,0.1327347727277864,angry,subject_01,subject_01_angry_session_01
3.452,0.2485121442071249,angry,subject_01,subject_01_angry_session_01
3.456,0.2535346624376262,angry,subject_01,subject_01_angry_session_01
3.46,0.13683467402335786,angry,subject_01,subject_01_angry_session_01
3.464,0.2735718036040612,angry,subject_01,subject_01_angry_session_01
3.468,0.31807728969487237,angry,subject_01,subject_01_angry_session_01
3.472,0.24176767972926994,angry,subject_01,subject_01_angry_session_01
3.476,0.2599115070198579,angry,subject_01,subject_01_angry_session_01
3.48,0.29153300799076476,angry,subject_01,subject_01_angry_session_01
3.484,0.28400862704139845,angry,subject_01,subject_01_angry_session_01
3.488,0.15749216056132406,angry,subject_01,subject_01_angry_session_01
3.492,0.20280576522749014,angry,subject_01,subject_01_angry_session_01
3.496,0.23246797560227536,angry,subject_01,subject_01_angry_session_01
3.5,0.20332387259115864,angry,subject_01,subject_01_angry_session_01
3.504,0.3414421315457238,angry,subject_01,subject_01_angry_session_01
3.508,0.2896883368193155,angry,subject_01,subject_01_angry_session_01
3.512,0.183025576097383,angry,subject_01,subject_01_angry_session_01
3.516,0.23457770132181116,angry,subject_01,subject_01_angry_session_01
3.52,0.31297114528338094,angry,subject_01,subject_01_angry_session_01
3.524,0.20399961542591366,angry,subject_01,subject_01_angry_session_01
3.528,0.2914398681520146,angry,subject_01,subject_01_angry_session_01
3.532,0.32086979938578375,angry,subject_01,subject_01_angry_session_01
3.536,0.30835362261166693,angry,subject_01,subject_01_angry_session_01
3.54,0.24368526782516586,angry,subject_01,subject_01_angry_session_01
3.544,0.30535466583151516,angry,subject_01,subject_01_angry_session_01
3.548,0.1963230066353471,angry,subject_01,subject_01_angry_session_01
3.552,0.3740718372561015,angry,subject_01,subject_01_angry_session_01
3.556,0.2364859402297289,angry,subject_01,subject_01_angry_session_01
3.56,0.2877628200189424,angry,subject_01,subject_01_angry_session_01
3.564,0.19390421872747302,angry,subject_01,subject_01_angry_session_01
3.568,0.2419517294111401,angry,subject_01,subject_01_angry_session_01
3.572,0.2405932752319459,angry,subject_01,subject_01_angry_session_01
3.576,0.1478383111841609,angry,subject_01,subject_01_angry_session_01
3.58,0.14118328434113023,angry,subject_01,subject_01_angry_session_01
3.584,0.18104378086493625,angry,subject_01,subject_01_angry_session_01
3.588,0.2537359373341781,angry,subject_01,subject_01_angry_session_01
3.592,0.07109944988572024,angry,subject_01,subject_01_angry_session_01
3.596,0.152254250894169,angry,subject_01,subject_01_angry_session_01
3.6,0.24514796349392237,angry,subject_01,subject_01_angry_session_01
3.604,0.0846832378585911,angry,subject_01,subject_01_angry_session_01
3.608,0.22547469669517795,angry,subject_01,subject_01_angry_session_01
3.612,0.07383942477218175,angry,subject_01,subject_01_angry_session_01
3.616,0.0774911592527125,angry,subject_01,subject_01_angry_session_01
3.62,0.1144196738351151,angry,subject_01,subject_01_angry_session_01
3.624,0.22631087995624455,angry,subject_01,subject_01_angry_session_01
3.628,0.06612571022486799,angry,subject_01,subject_01_angry_session_01
3.632,-0.008764848945241405,angry,subject_01,subject_01_angry_session_01
3.636,0.001936275185994027,angry,subject_01,subject_01_angry_session_01
3.64,0.13304501793259801,angry,subject_01,subject_01_angry_session_01
3.644,-0.012768605029064725,angry,subject_01,subject_01_angry_session_01
3.648,0.13155978379111083,angry,subject_01,subject_01_angry_session_01
3.652,0.05666953627559351,angry,subject_01,subject_01_angry_session_01
3.656,0.04322416932024598,angry,subject_01,subject_01_angry_session_01
3.66,0.056187431182531195,angry,subject_01,subject_01_angry_session_01
3.664,-0.015986492063278963,angry,subject_01,subject_01_angry_session_01
3.668,0.03460064648347884,angry,subject_01,subject_01_angry_session_01
3.672,-0.05045747335360115,angry,subject_01,subject_01_angry_session_01
3.676,0.09738767689327475,angry,subject_01,subject_01_angry_session_01
3.68,-0.049345483561027956,angry,subject_01,subject_01_angry_session_01
3.684,0.03494935827931542,angry,subject_01,subject_01_angry_session_01
3.688,-0.05668723547224753,angry,subject_01,subject_01_angry_session_01
3.692,-0.02938901454058749,angry,subject_01,subject_01_angry_session_01
3.696,-0.02223180209181881,angry,subject_01,subject_01_angry_session_01
3.7,0.17702755527541358,angry,subject_01,subject_01_angry_session_01
3.704,-0.0044535443982064065,angry,subject_01,subject_01_angry_session_01
3.708,-0.05433029507049903,angry,subject_01,subject_01_angry_session_01
3.712,-0.03292325124665426,angry,subject_01,subject_01_angry_session_01
3.716,-0.09756234021938866,angry,subject_01,subject_01_angry_session_01
3.72,-0.018014502387050227,angry,subject_01,subject_01_angry_session_01
3.724,0.10170470576504968,angry,subject_01,subject_01_angry_session_01
3.728,0.009185923326506027,angry,subject_01,subject_01_angry_session_01
3.732,0.04067515222867713,angry,subject_01,subject_01_angry_session_01
3.736,-0.0718203166695255,angry,subject_01,subject_01_angry_session_01
3.74,-0.033579834693335385,angry,subject_01,subject_01_angry_session_01
3.744,-0.01128626001723996,angry,subject_01,subject_01_angry_session_01
3.748,-0.062193264342387464,angry,subject_01,subject_01_angry_session_01
3.752,0.024468611234216182,angry,subject_01,subject_01_angry_session_01
3.756,0.07905269742715801,angry,subject_01,subject_01_angry_session_01
3.76,0.14558150179627455,angry,subject_01,subject_01_angry_session_01
3.764,0.20680903677943052,angry,subject_01,subject_01_angry_session_01
3.768,0.4135135512760483,angry,subject_01,subject_01_angry_session_01
3.772,0.48596491845106166,angry,subject_01,subject_01_angry_session_01
3.776,0.6424126129736043,angry,subject_01,subject_01_angry_session_01
3.78,0.904770891062345,angry,subject_01,subject_01_angry_session_01
3.784,0.8832220154296648,angry,subject_01,subject_01_angry_session_01
3.788,0.9398005344455732,angry,subject_01,subject_01_angry_session_01
3.792,1.0313574015835938,angry,subject_01,subject_01_angry_session_01
3.796,1.0911416449726767,angry,subject_01,subject_01_angry_session_01
3.8,1.0734766437585577,angry,subject_01,subject_01_angry_session_01
3.804,0.8375772769556528,angry,subject_01,subject_01_angry_session_01
3.808,0.8328384153914414,angry,subject_01,subject_01_angry_session_01
3.812,0.555448041264896,angry,subject_01,subject_01_angry_session_01
3.816,0.3776402748986797,angry,subject_01,subject_01_angry_session_01
3.82,0.18100665889048836,angry,subject_01,subject_01_angry_session_01
3.824,0.22486733614158713,angry,subject_01,subject_01_angry_session_01
3.828,0.009079124105232773,angry,subject_01,subject_01_angry_session_01
3.832,-0.11667777332228145,angry,subject_01,subject_01_angry_session_01
3.836,0.08593728269803048,angry,subject_01,subject_01_angry_session_01
3.84,-0.04053513060055165,angry,subject_01,subject_01_angry_session_01
3.844,-0.00558868245301266,angry,subject_01,subject_01_angry_session_01
3.848,0.06356540655470441,angry,subject_01,subject_01_angry_session_01
3.852,0.01592677422798329,angry,subject_01,subject_01_angry_session_01
3.856,0.05135131176154168,angry,subject_01,subject_01_angry_session_01
3.86,0.006577231588574598,angry,subject_01,subject_01_angry_session_01
3.864,0.05490784197559855,angry,subject_01,subject_01_angry_session_01
3.868,0.014398273359139914,angry,subject_01,subject_01_angry_session_01
3.872,0.019659422233290976,angry,subject_01,subject_01_angry_session_01
3.876,0.031977156619262585,angry,subject_01,subject_01_angry_session_01
3.88,0.0048013744803781615,angry,subject_01,subject_01_angry_session_01
3.884,0.0627992507850534,angry,subject_01,subject_01_angry_session_01
3.888,0.06679049354453813,angry,subject_01,subject_01_angry_session_01
3.892,0.09022431770340836,angry,subject_01,subject_01_angry_session_01
3.896,0.08416416026006138,angry,subject_01,subject_01_angry_session_01
3.9,0.17078840062488398,angry,subject_01,subject_01_angry_session_01
3.904,0.11924639517425922,angry,subject_01,subject_01_angry_session_01
3.908,0.04926291625834344,angry,subject_01,subject_01_angry_session_01
3.912,0.09479762376610151,angry,subject_01,subject_01_angry_session_01
3.916,0.15859311205847113,angry,subject_01,subject_01_angry_session_01
3.92,0.023347352024865695,angry,subject_01,subject_01_angry_session_01
3.924,0.20800262827425742,angry,subject_01,subject_01_angry_session_01
3.928,0.047748285872933435,angry,subject_01,subject_01_angry_session_01
3.932,0.15558310988902574,angry,subject_01,subject_01_angry_session_01
3.936,0.10954607770650243,angry,subject_01,subject_01_angry_session_01
3.94,0.11390006734660066,angry,subject_01,subject_01_angry_session_01
3.944,0.04678549342957977,angry,subject_01,subject_01_angry_session_01
3.948,0.1875854950184885,angry,subject_01,subject_01_angry_session_01
3.952,0.06414982539563173,angry,subject_01,subject_01_angry_session_01
3.956,0.06330826077469998,angry,subject_01,subject_01_angry_session_01
3.96,0.22795114657779664,angry,subject_01,subject_01_angry_session_01
3.964,0.2742726315475712,angry,subject_01,subject_01_angry_session_01
3.968,0.13538101500836955,angry,subject_01,subject_01_angry_session_01
3.972,0.24407133100917772,angry,subject_01,subject_01_angry_session_01
3.976,0.24005084789858017,angry,subject_01,subject_01_angry_session_01
3.98,0.19500296394958086,angry,subject_01,subject_01_angry_session_01
3.984,0.2886925192480795,angry,subject_01,subject_01_angry_session_01
3.988,0.206544406088723,angry,subject_01,subject_01_angry_session_01
3.992,0.2549555318120672,angry,subject_01,subject_01_angry_session_01
3.996,0.15589835161513327,angry,subject_01,subject_01_angry_session_01
4.0,0.16532066248470134,angry,subject_01,subject_01_angry_session_01
4.004,0.31457975280644934,angry,subject_01,subject_01_angry_session_01
4.008,0.2835236116671336,angry,subject_01,subject_01_angry_session_01
4.012,0.24744435809294915,angry,subject_01,subject_01_angry_session_01
4.016,0.3755001196960504,angry,subject_01,subject_01_angry_session_01
4.02,0.37937905422498847,angry,subject_01,subject_01_angry_session_01
4.024,0.29585542445032237,angry,subject_01,subject_01_angry_session_01
4.028,0.18557332141420604,angry,subject_01,subject_01_angry_session_01
4.032,0.26906007031437723,angry,subject_01,subject_01_angry_session_01
4.036,0.22808146926749362,angry,subject_01,subject_01_angry_session_01
4.04,0.28513249364197074,angry,subject_01,subject_01_angry_session_01
4.044,0.22476911393924176,angry,subject_01,subject_01_angry_session_01
4.048,0.20984061883171837,angry,subject_01,subject_01_angry_session_01
4.052,0.14603519708771048,angry,subject_01,subject_01_angry_session_01
4.056,0.29155052601781145,angry,subject_01,subject_01_angry_session_01
4.06,0.14289764757233203,angry,subject_01,subject_01_angry_session_01
4.064,0.2605468326100861,angry,subject_01,subject_01_angry_session_01
4.068,0.320039678567811,angry,subject_01,subject_01_angry_session_01
4.072,0.23339029323406646,angry,subject_01,subject_01_angry_session_01
4.076,0.2097408787735528,angry,subject_01,subject_01_angry_session_01
4.08,0.2686957220571018,angry,subject_01,subject_01_angry_session_01
4.084,0.2208509858486543,angry,subject_01,subject_01_angry_session_01
4.088,0.2794104633210409,angry,subject_01,subject_01_angry_session_01
4.092,0.20393876123292018,angry,subject_01,subject_01_angry_session_01
4.096,0.2572328098926994,angry,subject_01,subject_01_angry_session_01
4.1,0.24028004933966793,angry,subject_01,subject_01_angry_session_01
4.104,0.2579077470268636,angry,subject_01,subject_01_angry_session_01
4.108,0.35420362688021956,angry,subject_01,subject_01_angry_session_01
4.112,0.2655201768575781,angry,subject_01,subject_01_angry_session_01
4.116,0.2811459649765962,angry,subject_01,subject_01_angry_session_01
4.12,0.21061027240329674,angry,subject_01,subject_01_angry_session_01
4.124,0.2585347762700618,angry,subject_01,subject_01_angry_session_01
4.128,0.22546238007941374,angry,subject_01,subject_01_angry_session_01
4.132,0.24025440210635046,angry,subject_01,subject_01_angry_session_01
4.136,0.27359279727375946,angry,subject_01,subject_01_angry_session_01
4.14,0.200425590974656,angry,subject_01,subject_01_angry_session_01
4.144,0.20189454430874904,angry,subject_01,subject_01_angry_session_01
4.148,0.19144406465525263,angry,subject_01,subject_01_angry_session_01
4.152,0.18462226731065393,angry,subject_01,subject_01_angry_session_01
4.156,0.21916460779916666,angry,subject_01,subject_01_angry_session_01
4.16,0.18020331328284836,angry,subject_01,subject_01_angry_session_01
4.164,0.28467145732418897,angry,subject_01,subject_01_angry_session_01
4.168,0.3478046883072773,angry,subject_01,subject_01_angry_session_01
4.172,0.14479208689550424,angry,subject_01,subject_01_angry_session_01
4.176,0.1879329620474872,angry,subject_01,subject_01_angry_session_01
4.18,0.22367749842764073,angry,subject_01,subject_01_angry_session_01
4.184,0.1363157818364795,angry,subject_01,subject_01_angry_session_01
4.188,0.08330678173219379,angry,subject_01,subject_01_angry_session_01
4.192,0.23790662001209695,angry,subject_01,subject_01_angry_session_01
4.196,0.16545990226393317,angry,subject_01,subject_01_angry_session_01
4.2,0.13420454824671402,angry,subject_01,subject_01_angry_session_01
4.204,0.19311128286014678,angry,subject_01,subject_01_angry_session_01
4.208,0.1435738691613948,angry,subject_01,subject_01_angry_session_01
4.212,0.08611702260067562,angry,subject_01,subject_01_angry_session_01
4.216,0.022441711672599507,angry,subject_01,subject_01_angry_session_01
4.22,0.04394786076914639,angry,subject_01,subject_01_angry_session_01
4.224,0.13884386178247943,angry,subject_01,subject_01_angry_session_01
4.228,0.10100969040559704,angry,subject_01,subject_01_angry_session_01
4.232,0.04295142679688547,angry,subject_01,subject_01_angry_session_01
4.236,0.1547516042704163,angry,subject_01,subject_01_angry_session_01
4.24,0.03446354353730066,angry,subject_01,subject_01_angry_session_01
4.244,0.0988042902539352,angry,subject_01,subject_01_angry_session_01
4.248,0.04890716960674241,angry,subject_01,subject_01_angry_session_01
4.252,0.1483012282615246,angry,subject_01,subject_01_angry_session_01
4.256,0.07456198927166777,angry,subject_01,subject_01_angry_session_01
4.26,0.029605839589805928,angry,subject_01,subject_01_angry_session_01
4.264,0.013931499452470658,angry,subject_01,subject_01_angry_session_01
4.268,0.021891116399387484,angry,subject_01,subject_01_angry_session_01
4.272,-0.022261750543404332,angry,subject_01,subject_01_angry_session_01
4.276,-0.0620351873138857,angry,subject_01,subject_01_angry_session_01
4.28,0.0374014713824803,angry,subject_01,subject_01_angry_session_01
4.284,-0.014105801488874435,angry,subject_01,subject_01_angry_session_01
4.288,-0.015288907481794772,angry,subject_01,subject_01_angry_session_01
4.292,0.010175258711488042,angry,subject_01,subject_01_angry_session_01
4.296,0.016487765941896645,angry,subject_01,subject_01_angry_session_01
4.3,0.010519810623032222,angry,subject_01,subject_01_angry_session_01
4.304,0.11021595292678706,angry,subject_01,subject_01_angry_session_01
4.308,0.04230432180483221,angry,subject_01,subject_01_angry_session_01
4.312,0.1304548603199425,angry,subject_01,subject_01_angry_session_01
4.316,-0.009630820916683727,angry,subject_01,subject_01_angry_session_01
4.32,0.09587261540708823,angry,subject_01,subject_01_angry_session_01
4.324,0.08499964743083574,angry,subject_01,subject_01_angry_session_01
4.328,0.16500998412485549,angry,subject_01,subject_01_angry_session_01
4.332,0.44908926932868687,angry,subject_01,subject_01_angry_session_01
4.336,0.42082575170928144,angry,subject_01,subject_01_angry_session_01
4.34,0.4933687136740371,angry,subject_01,subject_01_angry_session_01
4.344,0.7443215251041636,angry,subject_01,subject_01_angry_session_01
4.348,0.8085612000533334,angry,subject_01,subject_01_angry_session_01
4.352,0.9808159580580645,angry,subject_01,subject_01_angry_session_01
4.356,1.0482640919332185,angry,subject_01,subject_01_angry_session_01
4.36,1.1083421950760468,angry,subject_01,subject_01_angry_session_01
4.364,0.9324976939211004,angry,subject_01,subject_01_angry_session_01
4.368,1.0248055350017444,angry,subject_01,subject_01_angry_session_01
4.372,0.6982771924574253,angry,subject_01,subject_01_angry_session_01
4.376,0.6373101423477552,angry,subject_01,subject_01_angry_session_01
4.38,0.4538977381079319,angry,subject_01,subject_01_angry_session_01
4.384,0.3622817994828945,angry,subject_01,subject_01_angry_session_01
4.388,0.19776288417387913,angry,subject_01,subject_01_angry_session_01
4.392,0.14466353490185807,angry,subject_01,subject_01_angry_session_01
4.396,-0.01607270457977912,angry,subject_01,subject_01_angry_session_01
4.4,-0.057713733856503246,angry,subject_01,subject_01_angry_session_01
4.404,-0.015108134531544432,angry,subject_01,subject_01_angry_session_01
4.408,0.02843650953683837,angry,subject_01,subject_01_angry_session_01
4.412,0.031005512862786716,angry,subject_01,subject_01_angry_session_01
4.416,0.01755139237776847,angry,subject_01,subject_01_angry_session_01
4.42,0.027134643081249278,angry,subject_01,subject_01_angry_session_01
4.424,0.02268785493826336,angry,subject_01,subject_01_angry_session_01
4.428,0.05799880181179118,angry,subject_01,subject_01_angry_session_01
4.432,0.16167837421214046,angry,subject_01,subject_01_angry_session_01
4.436,0.029759070217143593,angry,subject_01,subject_01_angry_session_01
4.44,0.02645951329523761,angry,subject_01,subject_01_angry_session_01
4.444,0.02564838006160625,angry,subject_01,subject_01_angry_session_01
4.448,0.07930020845546662,angry,subject_01,subject_01_angry_session_01
4.452,-0.06735643097120579,angry,subject_01,subject_01_angry_session_01
4.456,0.05610594877284488,angry,subject_01,subject_01_angry_session_01
4.46,0.12159111817055201,angry,subject_01,subject_01_angry_session_01
4.464,0.04201653696987759,angry,subject_01,subject_01_angry_session_01
4.468,0.0899330039165111,angry,subject_01,subject_01_angry_session_01
4.472,0.21073645400122853,angry,subject_01,subject_01_angry_session_01
4.476,0.10982341142477663,angry,subject_01,subject_01_angry_session_01
4.48,-0.03837190630669585,angry,subject_01,subject_01_angry_session_01
4.484,0.01774115222562915,angry,subject_01,subject_01_angry_session_01
4.488,0.09391711373929601,angry,subject_01,subject_01_angry_session_01
4.492,0.06767085041866917,angry,subject_01,subject_01_angry_session_01
4.496,0.1292929171228579,angry,subject_01,subject_01_angry_session_01
4.5,0.11285463269848373,angry,subject_01,subject_01_angry_session_01
4.504,0.20816267859346682,angry,subject_01,subject_01_angry_session_01
4.508,0.0805946206138958,angry,subject_01,subject_01_angry_session_01
4.512,0.14168145315551234,angry,subject_01,subject_01_angry_session_01
4.516,0.17537540374798788,angry,subject_01,subject_01_angry_session_01
4.52,0.19113582782181388,angry,subject_01,subject_01_angry_session_01
4.524,0.18788834930037399,angry,subject_01,subject_01_angry_session_01
4.528,0.042862735952306635,angry,subject_01,subject_01_angry_session_01
4.532,0.20100271229898062,angry,subject_01,subject_01_angry_session_01
4.536,0.19539100238729562,angry,subject_01,subject_01_angry_session_01
4.54,0.26463540287431375,angry,subject_01,subject_01_angry_session_01
4.544,0.26439627610075894,angry,subject_01,subject_01_angry_session_01
4.548,0.24352909329650152,angry,subject_01,subject_01_angry_session_01
4.552,0.2557139313967432,angry,subject_01,subject_01_angry_session_01
4.556,0.32565247697619965,angry,subject_01,subject_01_angry_session_01
4.56,0.32080772437521865,angry,subject_01,subject_01_angry_session_01
4.564,0.2752421959419501,angry,subject_01,subject_01_angry_session_01
4.568,0.39399045074404065,angry,subject_01,subject_01_angry_session_01
4.572,0.23368909393155282,angry,subject_01,subject_01_angry_session_01
4.576,0.20590736752462352,angry,subject_01,subject_01_angry_session_01
4.58,0.2815435266701178,angry,subject_01,subject_01_angry_session_01
4.584,0.26440578420703914,angry,subject_01,subject_01_angry_session_01
4.588,0.14301445974788538,angry,subject_01,subject_01_angry_session_01
4.592,0.2553378069130835,angry,subject_01,subject_01_angry_session_01
4.596,0.3180781560121387,angry,subject_01,subject_01_angry_session_01
4.6,0.2963987015685652,angry,subject_01,subject_01_angry_session_01
4.604,0.25515017362794196,angry,subject_01,subject_01_angry_session_01
4.608,0.30558739653001704,angry,subject_01,subject_01_angry_session_01
4.612,0.3112141137719493,angry,subject_01,subject_01_angry_session_01
4.616,0.3470141756868129,angry,subject_01,subject_01_angry_session_01
4.62,0.2654301319565706,angry,subject_01,subject_01_angry_session_01
4.624,0.3557306186106108,angry,subject_01,subject_01_angry_session_01
4.628,0.23685100732425085,angry,subject_01,subject_01_angry_session_01
4.632,0.2707349517863224,angry,subject_01,subject_01_angry_session_01
4.636,0.40123116796636965,angry,subject_01,subject_01_angry_session_01
4.64,0.2359679597552228,angry,subject_01,subject_01_angry_session_01
4.644,0.2557865841929945,angry,subject_01,subject_01_angry_session_01
4.648,0.21788591766010884,angry,subject_01,subject_01_angry_session_01
4.652,0.24108483753233903,angry,subject_01,subject_01_angry_session_01
4.656,0.2965930161465637,angry,subject_01,subject_01_angry_session_01
4.66,0.3282022002183147,angry,subject_01,subject_01_angry_session_01
4.664,0.28217433121009217,angry,subject_01,subject_01_angry_session_01
4.668,0.2612648030922944,angry,subject_01,subject_01_angry_session_01
4.672,0.20359904592135403,angry,subject_01,subject_01_angry_session_01
4.676,0.23190659479140657,angry,subject_01,subject_01_angry_session_01
4.68,0.18006406010279324,angry,subject_01,subject_01_angry_session_01
4.684,0.31419775858000265,angry,subject_01,subject_01_angry_session_01
4.688,0.31538769140272704,angry,subject_01,subject_01_angry_session_01
4.692,0.26140522757822354,angry,subject_01,subject_01_angry_session_01
4.696,0.28686204615951927,angry,subject_01,subject_01_angry_session_01
4.7,0.3091690477215713,angry,subject_01,subject_01_angry_session_01
4.704,0.2585095439516094,angry,subject_01,subject_01_angry_session_01
4.708,0.33146646979524713,angry,subject_01,subject_01_angry_session_01
4.712,0.18136241950381243,angry,subject_01,subject_01_angry_session_01
4.716,0.21630365191886047,angry,subject_01,subject_01_angry_session_01
4.72,0.20306554541687358,angry,subject_01,subject_01_angry_session_01
4.724,0.26333540934405136,angry,subject_01,subject_01_angry_session_01
4.728,0.13129607757865425,angry,subject_01,subject_01_angry_session_01
4.732,0.2965618796331602,angry,subject_01,subject_01_angry_session_01
4.736,0.23526238060324456,angry,subject_01,subject_01_angry_session_01
4.74,0.2980323247619492,angry,subject_01,subject_01_angry_session_01
4.744,0.18169064195757798,angry,subject_01,subject_01_angry_session_01
4.748,0.14194347191698772,angry,subject_01,subject_01_angry_session_01
4.752,0.20503822197899196,angry,subject_01,subject_01_angry_session_01
4.756,0.21799586050340136,angry,subject_01,subject_01_angry_session_01
4.76,0.10383939062457583,angry,subject_01,subject_01_angry_session_01
4.764,0.017475241705260436,angry,subject_01,subject_01_angry_session_01
4.768,0.018552933361550283,angry,subject_01,subject_01_angry_session_01
4.772,0.13486301982753915,angry,subject_01,subject_01_angry_session_01
4.776,0.20296933535602718,angry,subject_01,subject_01_angry_session_01
4.78,0.02427664200438666,angry,subject_01,subject_01_angry_session_01
4.784,0.07819788675969883,angry,subject_01,subject_01_angry_session_01
4.788,0.06633099502648337,angry,subject_01,subject_01_angry_session_01
4.792,0.19568256284302776,angry,subject_01,subject_01_angry_session_01
4.796,0.20971733641105572,angry,subject_01,subject_01_angry_session_01
4.8,0.09394667617064978,angry,subject_01,subject_01_angry_session_01
4.804,0.11717906380745569,angry,subject_01,subject_01_angry_session_01
4.808,0.11085389619377173,angry,subject_01,subject_01_angry_session_01
4.812,-0.022330725360057063,angry,subject_01,subject_01_angry_session_01
4.816,0.09272455132089985,angry,subject_01,subject_01_angry_session_01
4.82,-0.013590881168628346,angry,subject_01,subject_01_angry_session_01
4.824,0.03448006142312612,angry,subject_01,subject_01_angry_session_01
4.828,0.11072237009088329,angry,subject_01,subject_01_angry_session_01
4.832,0.04510358151041274,angry,subject_01,subject_01_angry_session_01
4.836,0.10461460195621317,angry,subject_01,subject_01_angry_session_01
4.84,0.11490883766626411,angry,subject_01,subject_01_angry_session_01
4.844,-0.0697480136011277,angry,subject_01,subject_01_angry_session_01
4.848,-0.09612168212737406,angry,subject_01,subject_01_angry_session_01
4.852,0.10316315766087505,angry,subject_01,subject_01_angry_session_01
4.856,0.10425854271466926,angry,subject_01,subject_01_angry_session_01
4.86,0.045579399188009684,angry,subject_01,subject_01_angry_session_01
4.864,0.05075987266360105,angry,subject_01,subject_01_angry_session_01
4.868,0.07675881159654208,angry,subject_01,subject_01_angry_session_01
4.872,0.07151940493519884,angry,subject_01,subject_01_angry_session_01
4.876,-0.00036000879944193126,angry,subject_01,subject_01_angry_session_01
4.88,0.08262375676263709,angry,subject_01,subject_01_angry_session_01
4.884,0.028116067114914232,angry,subject_01,subject_01_angry_session_01
4.888,0.11149733625994919,angry,subject_01,subject_01_angry_session_01
4.892,0.1871799496663127,angry,subject_01,subject_01_angry_session_01
4.896,0.23376802456242396,angry,subject_01,subject_01_angry_session_01
4.9,0.3787652187675989,angry,subject_01,subject_01_angry_session_01
4.904,0.7139262494979748,angry,subject_01,subject_01_angry_session_01
4.908,0.6879565571580855,angry,subject_01,subject_01_angry_session_01
4.912,0.9143408349894333,angry,subject_01,subject_01_angry_session_01
4.916,1.0501567358995565,angry,subject_01,subject_01_angry_session_01
4.92,1.0930751359768305,angry,subject_01,subject_01_angry_session_01
4.924,1.1646431903006942,angry,subject_01,subject_01_angry_session_01
4.928,1.1147293114322647,angry,subject_01,subject_01_angry_session_01
4.932,0.9588066523557622,angry,subject_01,subject_01_angry_session_01
4.936,0.9143007356776841,angry,subject_01,subject_01_angry_session_01
4.94,0.6903473613906358,angry,subject_01,subject_01_angry_session_01
4.944,0.6558087559722917,angry,subject_01,subject_01_angry_session_01
4.948,0.41036891149483473,angry,subject_01,subject_01_angry_session_01
4.952,0.19575825160215043,angry,subject_01,subject_01_angry_session_01
4.956,0.14180347920112024,angry,subject_01,subject_01_angry_session_01
4.96,-0.015606166294384494,angry,subject_01,subject_01_angry_session_01
4.964,0.00807779956698712,angry,subject_01,subject_01_angry_session_01
4.968,-0.03980314909174153,angry,subject_01,subject_01_angry_session_01
4.972,-0.07473016802528135,angry,subject_01,subject_01_angry_session_01
4.976,-0.06307637188976402,angry,subject_01,subject_01_angry_session_01
4.98,0.14983300564995783,angry,subject_01,subject_01_angry_session_01
4.984,0.02497721278738191,angry,subject_01,subject_01_angry_session_01
4.988,0.0064228037080791105,angry,subject_01,subject_01_angry_session_01
4.992,0.0055541751902851225,angry,subject_01,subject_01_angry_session_01
4.996,0.07694097907020345,angry,subject_01,subject_01_angry_session_01
5.0,0.015398612819318376,angry,subject_01,subject_01_angry_session_01
5.004,-0.007897378942061876,angry,subject_01,subject_01_angry_session_01
5.008,0.05951711658810191,angry,subject_01,subject_01_angry_session_01
5.012,0.06270369861207059,angry,subject_01,subject_01_angry_session_01
5.016,0.0438613752279807,angry,subject_01,subject_01_angry_session_01
5.02,0.019418579206245873,angry,subject_01,subject_01_angry_session_01
5.024,0.053722460148528425,angry,subject_01,subject_01_angry_session_01
5.028,0.05357796816808309,angry,subject_01,subject_01_angry_session_01
5.032,0.05012963957036546,angry,subject_01,subject_01_angry_session_01
5.036,0.10840085683614703,angry,subject_01,subject_01_angry_session_01
5.04,0.23086921519563797,angry,subject_01,subject_01_angry_session_01
5.044,0.18299011361320672,angry,subject_01,subject_01_angry_session_01
5.048,0.22568811105743308,angry,subject_01,subject_01_angry_session_01
5.052,0.08149366753717487,angry,subject_01,subject_01_angry_session_01
5.056,0.22270265948067536,angry,subject_01,subject_01_angry_session_01
5.06,0.14279573562131476,angry,subject_01,subject_01_angry_session_01
5.064,0.1955349395083451,angry,subject_01,subject_01_angry_session_01
5.068,0.1712468175538764,angry,subject_01,subject_01_angry_session_01
5.072,0.1308357215304888,angry,subject_01,subject_01_angry_session_01
5.076,0.2024395687126167,angry,subject_01,subject_01_angry_session_01
5.08,0.19636623410859694,angry,subject_01,subject_01_angry_session_01
5.084,0.06931156940440787,angry,subject_01,subject_01_angry_session_01
5.088,0.17618540151660594,angry,subject_01,subject_01_angry_session_01
5.092,0.24426833315692956,angry,subject_01,subject_01_angry_session_01
5.096,0.2168826973094508,angry,subject_01,subject_01_angry_session_01
5.1,0.2366998936547863,angry,subject_01,subject_01_angry_session_01
5.104,0.17167838941602678,angry,subject_01,subject_01_angry_session_01
5.108,0.24026222332369904,angry,subject_01,subject_01_angry_session_01
5.112,0.2270830639685014,angry,subject_01,subject_01_angry_session_01
5.116,0.22843294260540672,angry,subject_01,subject_01_angry_session_01
5.12,0.20741803244912366,angry,subject_01,subject_01_angry_session_01
5.124,0.3103101260500786,angry,subject_01,subject_01_angry_session_01
5.128,0.28305931181049465,angry,subject_01,subject_01_angry_session_01
5.132,0.2835427525987914,angry,subject_01,subject_01_angry_session_01
5.136,0.39804208636819327,angry,subject_01,subject_01_angry_session_01
5.14,0.3090982462121876,angry,subject_01,subject_01_angry_session_01
5.144,0.35789313767614866,angry,subject_01,subject_01_angry_session_01
5.148,0.3069221710984493,angry,subject_01,subject_01_angry_session_01
5.152,0.2735062535999474,angry,subject_01,subject_01_angry_session_01
5.156,0.234747583174456,angry,subject_01,subject_01_angry_session_01
5.16,0.31581790511150776,angry,subject_01,subject_01_angry_session_01
5.164,0.14399838504207405,angry,subject_01,subject_01_angry_session_01
5.168,0.32206619307196765,angry,subject_01,subject_01_angry_session_01
5.172,0.3259992769636778,angry,subject_01,subject_01_angry_session_01
5.176,0.2948420403836432,angry,subject_01,subject_01_angry_session_01
5.18,0.3026619754797146,angry,subject_01,subject_01_angry_session_01
5.184,0.23295892395493245,angry,subject_01,subject_01_angry_session_01
5.188,0.3905437645012781,angry,subject_01,subject_01_angry_session_01
5.192,0.2861453562725129,angry,subject_01,subject_01_angry_session_01
5.196,0.24666721750976683,angry,subject_01,subject_01_angry_session_01
5.2,0.33597210047695064,angry,subject_01,subject_01_angry_session_01
5.204,0.3079737306693249,angry,subject_01,subject_01_angry_session_01
5.208,0.2776490196094315,angry,subject_01,subject_01_angry_session_01
5.212,0.268958997420159,angry,subject_01,subject_01_angry_session_01
5.216,0.29398804533394535,angry,subject_01,subject_01_angry_session_01
5.22,0.372510708334036,angry,subject_01,subject_01_angry_session_01
5.224,0.31730903337216265,angry,subject_01,subject_01_angry_session_01
5.228,0.28440557347912543,angry,subject_01,subject_01_angry_session_01
5.232,0.33491940660849556,angry,subject_01,subject_01_angry_session_01
5.236,0.2826974077160433,angry,subject_01,subject_01_angry_session_01
5.24,0.302367750884587,angry,subject_01,subject_01_angry_session_01
5.244,0.28450561038436356,angry,subject_01,subject_01_angry_session_01
5.248,0.3078892719749203,angry,subject_01,subject_01_angry_session_01
5.252,0.24277742023747503,angry,subject_01,subject_01_angry_session_01
5.256,0.197798966701012,angry,subject_01,subject_01_angry_session_01
5.26,0.3170594460223668,angry,subject_01,subject_01_angry_session_01
5.264,0.3491321032975766,angry,subject_01,subject_01_angry_session_01
5.268,0.18915390047140826,angry,subject_01,subject_01_angry_session_01
5.272,0.26084418416081945,angry,subject_01,subject_01_angry_session_01
5.276,0.21811726453310745,angry,subject_01,subject_01_angry_session_01
5.28,0.29252018447529765,angry,subject_01,subject_01_angry_session_01
5.284,0.24826310971219379,angry,subject_01,subject_01_angry_session_01
5.288,0.42652557157432625,angry,subject_01,subject_01_angry_session_01
5.292,0.20167179650284395,angry,subject_01,subject_01_angry_session_01
5.296,0.30436074743781694,angry,subject_01,subject_01_angry_session_01
5.3,0.30208381263469086,angry,subject_01,subject_01_angry_session_01
5.304,0.22746921916503224,angry,subject_01,subject_01_angry_session_01
5.308,0.1887510686238137,angry,subject_01,subject_01_angry_session_01
5.312,0.18298649621570942,angry,subject_01,subject_01_angry_session_01
5.316,0.16845744533459123,angry,subject_01,subject_01_angry_session_01
5.32,0.22625850153854837,angry,subject_01,subject_01_angry_session_01
5.324,0.09627532494046165,angry,subject_01,subject_01_angry_session_01
5.328,0.12939676108432077,angry,subject_01,subject_01_angry_session_01
5.332,0.11268559295621527,angry,subject_01,subject_01_angry_session_01
5.336,0.016829036553331858,angry,subject_01,subject_01_angry_session_01
5.34,0.16301959373233216,angry,subject_01,subject_01_angry_session_01
5.344,0.1667117677758722,angry,subject_01,subject_01_angry_session_01
5.348,0.056760589435480756,angry,subject_01,subject_01_angry_session_01
5.352,0.14896971027715697,angry,subject_01,subject_01_angry_session_01
5.356,-0.01500474498389208,angry,subject_01,subject_01_angry_session_01
5.36,0.07483193753893547,angry,subject_01,subject_01_angry_session_01
5.364,0.059736898781513226,angry,subject_01,subject_01_angry_session_01
5.368,0.06703319835933669,angry,subject_01,subject_01_angry_session_01
5.372,0.06170599056877251,angry,subject_01,subject_01_angry_session_01
5.376,0.0476279154411757,angry,subject_01,subject_01_angry_session_01
5.38,0.024969722062858978,angry,subject_01,subject_01_angry_session_01
5.384,0.03815927935154221,angry,subject_01,subject_01_angry_session_01
5.388,0.12334797116276228,angry,subject_01,subject_01_angry_session_01
5.392,0.00409753163013004,angry,subject_01,subject_01_angry_session_01
5.396,0.17176433658262463,angry,subject_01,subject_01_angry_session_01
5.4,-0.0037210809372731704,angry,subject_01,subject_01_angry_session_01
5.404,0.047022742485991004,angry,subject_01,subject_01_angry_session_01
5.408,0.06536744566368433,angry,subject_01,subject_01_angry_session_01
5.412,0.012254327490630067,angry,subject_01,subject_01_angry_session_01
5.416,0.11145239088865183,angry,subject_01,subject_01_angry_session_01
5.42,0.05986384885149631,angry,subject_01,subject_01_angry_session_01
5.424,0.013052188441585257,angry,subject_01,subject_01_angry_session_01
5.428,0.10493822151406781,angry,subject_01,subject_01_angry_session_01
5.432,-0.04210057786526886,angry,subject_01,subject_01_angry_session_01
5.436,-0.01958106759996458,angry,subject_01,subject_01_angry_session_01
5.44,0.045137994506692494,angry,subject_01,subject_01_angry_session_01
5.444,0.06262267557820894,angry,subject_01,subject_01_angry_session_01
5.448,0.050191993897370724,angry,subject_01,subject_01_angry_session_01
5.452,0.06087394285094948,angry,subject_01,subject_01_angry_session_01
5.456,0.11954667152118605,angry,subject_01,subject_01_angry_session_01
5.46,0.3005425147200852,angry,subject_01,subject_01_angry_session_01
5.464,0.37515546407720507,angry,subject_01,subject_01_angry_session_01
5.468,0.4591166590322328,angry,subject_01,subject_01_angry_session_01
5.472,0.6169530561719748,angry,subject_01,subject_01_angry_session_01
5.476,0.9201975905532747,angry,subject_01,subject_01_angry_session_01
5.48,0.9216853706790653,angry,subject_01,subject_01_angry_session_01
5.484,1.079616824164226,angry,subject_01,subject_01_angry_session_01
5.488,1.1932427744197784,angry,subject_01,subject_01_angry_session_01
5.492,1.1371317402938004,angry,subject_01,subject_01_angry_session_01
5.496,0.9950370146980233,angry,subject_01,subject_01_angry_session_01
5.5,0.8660830917218968,angry,subject_01,subject_01_angry_session_01
5.504,0.8895019363494481,angry,subject_01,subject_01_angry_session_01
5.508,0.54569993974095,angry,subject_01,subject_01_angry_session_01
5.512,0.4042484807286174,angry,subject_01,subject_01_angry_session_01
5.516,0.3036969777813404,angry,subject_01,subject_01_angry_session_01
5.52,0.13911347470487084,angry,subject_01,subject_01_angry_session_01
5.524,0.0915813543655202,angry,subject_01,subject_01_angry_session_01
5.528,-0.09087583832374747,angry,subject_01,subject_01_angry_session_01
5.532,-0.04438085333495372,angry,subject_01,subject_01_angry_session_01
5.536,0.003334472402241953,angry,subject_01,subject_01_angry_session_01
5.54,0.012472212998345542,angry,subject_01,subject_01_angry_session_01
5.544,-0.04727741840915696,angry,subject_01,subject_01_angry_session_01
5.548,-0.05797233000160102,angry,subject_01,subject_01_angry_session_01
5.552,0.030079567939601953,angry,subject_01,subject_01_angry_session_01
5.556,-0.05089066295690726,angry,subject_01,subject_01_angry_session_01
5.56,0.11251319194828904,angry,subject_01,subject_01_angry_session_01
5.564,0.05036468851866023,angry,subject_01,subject_01_angry_session_01
5.568,0.003322586582247898,angry,subject_01,subject_01_angry_session_01
5.572,-0.01450621851448336,angry,subject_01,subject_01_angry_session_01
5.576,0.014262265909207907,angry,subject_01,subject_01_angry_session_01
5.58,-0.0379018623966635,angry,subject_01,subject_01_angry_session_01
5.584,0.08927426886691513,angry,subject_01,subject_01_angry_session_01
5.588,0.015450750776938402,angry,subject_01,subject_01_angry_session_01
5.592,0.09192159856837791,angry,subject_01,subject_01_angry_session_01
5.596,0.10481138175783827,angry,subject_01,subject_01_angry_session_01
5.6,0.13543916818146334,angry,subject_01,subject_01_angry_session_01
5.604,0.09781653378822124,angry,subject_01,subject_01_angry_session_01
5.608,0.15575136809274526,angry,subject_01,subject_01_angry_session_01
5.612,0.1772379301465357,angry,subject_01,subject_01_angry_session_01
5.616,0.11569502418891404,angry,subject_01,subject_01_angry_session_01
5.62,0.12573298552776319,angry,subject_01,subject_01_angry_session_01
5.624,0.07986944250273245,angry,subject_01,subject_01_angry_session_01
5.628,0.06101977346878638,angry,subject_01,subject_01_angry_session_01
5.632,0.2044066071039029,angry,subject_01,subject_01_angry_session_01
5.636,0.17125656726232724,angry,subject_01,subject_01_angry_session_01
5.64,0.18375268650897364,angry,subject_01,subject_01_angry_session_01
5.644,0.11490568641560642,angry,subject_01,subject_01_angry_session_01
5.648,0.25573326946751335,angry,subject_01,subject_01_angry_session_01
5.652,0.15264240339937096,angry,subject_01,subject_01_angry_session_01
5.656,0.1263859904713949,angry,subject_01,subject_01_angry_session_01
5.66,0.1482509759501528,angry,subject_01,subject_01_angry_session_01
5.664,0.28511531234315,angry,subject_01,subject_01_angry_session_01
5.668,0.13230842778290677,angry,subject_01,subject_01_angry_session_01
5.672,0.16194260611458836,angry,subject_01,subject_01_angry_session_01
5.676,0.38882538355885177,angry,subject_01,subject_01_angry_session_01
5.68,0.27910249116818414,angry,subject_01,subject_01_angry_session_01
5.684,0.1861570113175405,angry,subject_01,subject_01_angry_session_01
5.688,0.1724830009986506,angry,subject_01,subject_01_angry_session_01
5.692,0.14392245658271371,angry,subject_01,subject_01_angry_session_01
5.696,0.25666779590173233,angry,subject_01,subject_01_angry_session_01
5.7,0.3006805612994073,angry,subject_01,subject_01_angry_session_01
5.704,0.3538498112338,angry,subject_01,subject_01_angry_session_01
5.708,0.1543357133079048,angry,subject_01,subject_01_angry_session_01
5.712,0.19320517129254713,angry,subject_01,subject_01_angry_session_01
5.716,0.269784055519235,angry,subject_01,subject_01_angry_session_01
5.72,0.44790266022630404,angry,subject_01,subject_01_angry_session_01
5.724,0.33692495829204555,angry,subject_01,subject_01_angry_session_01
5.728,0.3087032344607999,angry,subject_01,subject_01_angry_session_01
5.732,0.21484027278236895,angry,subject_01,subject_01_angry_session_01
5.736,0.16257995247453275,angry,subject_01,subject_01_angry_session_01
5.74,0.2930104172039439,angry,subject_01,subject_01_angry_session_01
5.744,0.28509564941835225,angry,subject_01,subject_01_angry_session_01
5.748,0.2748734864905084,angry,subject_01,subject_01_angry_session_01
5.752,0.2675396540073216,angry,subject_01,subject_01_angry_session_01
5.756,0.2444670770020414,angry,subject_01,subject_01_angry_session_01
5.76,0.22933505704483165,angry,subject_01,subject_01_angry_session_01
5.764,0.3696588683196424,angry,subject_01,subject_01_angry_session_01
5.768,0.2311097882323425,angry,subject_01,subject_01_angry_session_01
5.772,0.265512876920308,angry,subject_01,subject_01_angry_session_01
5.776,0.27733192964276787,angry,subject_01,subject_01_angry_session_01
5.78,0.3195069424393444,angry,subject_01,subject_01_angry_session_01
5.784,0.2233714113668065,angry,subject_01,subject_01_angry_session_01
5.788,0.33044614900734026,angry,subject_01,subject_01_angry_session_01
5.792,0.2342164020224073,angry,subject_01,subject_01_angry_session_01
5.796,0.256484455162269,angry,subject_01,subject_01_angry_session_01
5.8,0.3619572144011062,angry,subject_01,subject_01_angry_session_01
5.804,0.20235420570926438,angry,subject_01,subject_01_angry_session_01
5.808,0.3008436169008699,angry,subject_01,subject_01_angry_session_01
5.812,0.3148630969373419,angry,subject_01,subject_01_angry_session_01
5.816,0.27005427560795114,angry,subject_01,subject_01_angry_session_01
5.82,0.24111261473517048,angry,subject_01,subject_01_angry_session_01
5.824,0.3721881903981229,angry,subject_01,subject_01_angry_session_01
5.828,0.24001802037890785,angry,subject_01,subject_01_angry_session_01
5.832,0.2489606908570938,angry,subject_01,subject_01_angry_session_01
5.836,0.21200165121049186,angry,subject_01,subject_01_angry_session_01
5.84,0.23629590155834337,angry,subject_01,subject_01_angry_session_01
5.844,0.2796349082816618,angry,subject_01,subject_01_angry_session_01
5.848,0.1993145820773487,angry,subject_01,subject_01_angry_session_01
5.852,0.0828361648710437,angry,subject_01,subject_01_angry_session_01
5.856,0.23314333662736303,angry,subject_01,subject_01_angry_session_01
5.86,0.13008746421833692,angry,subject_01,subject_01_angry_session_01
5.864,0.23126250624985709,angry,subject_01,subject_01_angry_session_01
5.868,0.1781785893993466,angry,subject_01,subject_01_angry_session_01
5.872,0.22595430005512643,angry,subject_01,subject_01_angry_session_01
5.876,0.10324638335990632,angry,subject_01,subject_01_angry_session_01
5.88,0.11856069000310931,angry,subject_01,subject_01_angry_session_01
5.884,0.12063204197381801,angry,subject_01,subject_01_angry_session_01
5.888,0.04238100239811042,angry,subject_01,subject_01_angry_session_01
5.892,0.1883022140272482,angry,subject_01,subject_01_angry_session_01
5.896,0.01449659726012878,angry,subject_01,subject_01_angry_session_01
5.9,0.16845820897154737,angry,subject_01,subject_01_angry_session_01
5.904,0.11895324597962409,angry,subject_01,subject_01_angry_session_01
5.908,0.07277132504735492,angry,subject_01,subject_01_angry_session_01
5.912,0.09702989024402939,angry,subject_01,subject_01_angry_session_01
5.916,0.08746224769663238,angry,subject_01,subject_01_angry_session_01
5.92,0.0369421339286883,angry,subject_01,subject_01_angry_session_01
5.924,0.07194715422637178,angry,subject_01,subject_01_angry_session_01
5.928,0.09155534604881058,angry,subject_01,subject_01_angry_session_01
5.932,-0.01483040401913905,angry,subject_01,subject_01_angry_session_01
5.936,0.057322915329798704,angry,subject_01,subject_01_angry_session_01
5.94,-0.12580729325857368,angry,subject_01,subject_01_angry_session_01
5.944,-0.08828370036812294,angry,subject_01,subject_01_angry_session_01
5.948,0.05755614672113399,angry,subject_01,subject_01_angry_session_01
5.952,-0.004751892844055111,angry,subject_01,subject_01_angry_session_01
5.956,-0.033847953295214936,angry,subject_01,subject_01_angry_session_01
5.96,0.01158908349941445,angry,subject_01,subject_01_angry_session_01
5.964,-0.011238151560127347,angry,subject_01,subject_01_angry_session_01
5.968,-0.048748859469832276,angry,subject_01,subject_01_angry_session_01
5.972,-0.08946404209777492,angry,subject_01,subject_01_angry_session_01
5.976,-0.11068463845423654,angry,subject_01,subject_01_angry_session_01
5.98,0.05039262755700454,angry,subject_01,subject_01_angry_session_01
5.984,-0.020644559285946287,angry,subject_01,subject_01_angry_session_01
5.988,0.06121890128706156,angry,subject_01,subject_01_angry_session_01
5.992,-0.025283870935033467,angry,subject_01,subject_01_angry_session_01
5.996,0.018507166486775122,angry,subject_01,subject_01_angry_session_01
6.0,-0.014763743499982444,angry,subject_01,subject_01_angry_session_01
6.004,-0.008582698674464644,angry,subject_01,subject_01_angry_session_01
6.008,-0.0056246476680992,angry,subject_01,subject_01_angry_session_01
6.012,-0.027673216946365365,angry,subject_01,subject_01_angry_session_01
6.016,-0.04620046122116659,angry,subject_01,subject_01_angry_session_01
6.02,0.1281136649664471,angry,subject_01,subject_01_angry_session_01
6.024,0.26347831918313863,angry,subject_01,subject_01_angry_session_01
6.028,0.38456268934533955,angry,subject_01,subject_01_angry_session_01
6.032,0.395041875588265,angry,subject_01,subject_01_angry_session_01
6.036,0.5431144692837044,angry,subject_01,subject_01_angry_session_01
6.04,0.7141269159853435,angry,subject_01,subject_01_angry_session_01
6.044,0.8822325640201989,angry,subject_01,subject_01_angry_session_01
6.048,1.0038121908067776,angry,subject_01,subject_01_angry_session_01
6.052,1.0159913289945095,angry,subject_01,subject_01_angry_session_01
6.056,1.0013735559341117,angry,subject_01,subject_01_angry_session_01
6.06,1.0500534308053193,angry,subject_01,subject_01_angry_session_01
6.064,0.7392457772426029,angry,subject_01,subject_01_angry_session_01
6.068,0.807228739435799,angry,subject_01,subject_01_angry_session_01
6.072,0.5926818068045183,angry,subject_01,subject_01_angry_session_01
6.076,0.5239485255915264,angry,subject_01,subject_01_angry_session_01
6.08,0.3765668223216092,angry,subject_01,subject_01_angry_session_01
6.084,0.23740741911948537,angry,subject_01,subject_01_angry_session_01
6.088,0.04379803124226068,angry,subject_01,subject_01_angry_session_01
6.092,-0.0766886652744395,angry,subject_01,subject_01_angry_session_01
6.096,-0.09750862940285038,angry,subject_01,subject_01_angry_session_01
6.1,-0.04486726488728302,angry,subject_01,subject_01_angry_session_01
6.104,-0.1564827932873406,angry,subject_01,subject_01_angry_session_01
6.108,0.039628662630244865,angry,subject_01,subject_01_angry_session_01
6.112,-0.047402323881999484,angry,subject_01,subject_01_angry_session_01
6.116,0.017435857667296287,angry,subject_01,subject_01_angry_session_01
6.12,-0.10762012074044404,angry,subject_01,subject_01_angry_session_01
6.124,-0.04767831334826482,angry,subject_01,subject_01_angry_session_01
6.128,-0.10033345775367192,angry,subject_01,subject_01_angry_session_01
6.132,0.0798350836211956,angry,subject_01,subject_01_angry_session_01
6.136,0.012703824381098074,angry,subject_01,subject_01_angry_session_01
6.14,0.06006044519962466,angry,subject_01,subject_01_angry_session_01
6.144,0.03306783572012467,angry,subject_01,subject_01_angry_session_01
6.148,0.061023330019458324,angry,subject_01,subject_01_angry_session_01
6.152,0.016565460690021808,angry,subject_01,subject_01_angry_session_01
6.156,0.02877570085880566,angry,subject_01,subject_01_angry_session_01
6.16,0.03995600282510342,angry,subject_01,subject_01_angry_session_01
6.164,0.07457200841683201,angry,subject_01,subject_01_angry_session_01
6.168,0.08124148228321776,angry,subject_01,subject_01_angry_session_01
6.172,0.22938758143951823,angry,subject_01,subject_01_angry_session_01
6.176,0.16728927505390362,angry,subject_01,subject_01_angry_session_01
6.18,-0.03434034725708937,angry,subject_01,subject_01_angry_session_01
6.184,0.07008387173827912,angry,subject_01,subject_01_angry_session_01
6.188,0.06088432182046501,angry,subject_01,subject_01_angry_session_01
6.192,0.16888349480198678,angry,subject_01,subject_01_angry_session_01
6.196,0.08022188839493741,angry,subject_01,subject_01_angry_session_01
6.2,0.1343493439609028,angry,subject_01,subject_01_angry_session_01
6.204,-0.026194826924401324,angry,subject_01,subject_01_angry_session_01
6.208,0.030935614271949546,angry,subject_01,subject_01_angry_session_01
6.212,0.2551692061849363,angry,subject_01,subject_01_angry_session_01
6.216,0.14065163741887848,angry,subject_01,subject_01_angry_session_01
6.22,0.08582555380558189,angry,subject_01,subject_01_angry_session_01
6.224,0.16845520881147877,angry,subject_01,subject_01_angry_session_01
6.228,0.0988632701710353,angry,subject_01,subject_01_angry_session_01
6.232,0.1531806655865674,angry,subject_01,subject_01_angry_session_01
6.236,0.09109136032706762,angry,subject_01,subject_01_angry_session_01
6.24,0.13887498219386263,angry,subject_01,subject_01_angry_session_01
6.244,0.16900686299096354,angry,subject_01,subject_01_angry_session_01
6.248,0.2688110110946935,angry,subject_01,subject_01_angry_session_01
6.252,0.236741366512073,angry,subject_01,subject_01_angry_session_01
6.256,0.25424233270100827,angry,subject_01,subject_01_angry_session_01
6.26,0.2210759798062264,angry,subject_01,subject_01_angry_session_01
6.264,0.27830283509674186,angry,subject_01,subject_01_angry_session_01
6.268,0.18240928253323077,angry,subject_01,subject_01_angry_session_01
6.272,0.1962903492831306,angry,subject_01,subject_01_angry_session_01
6.276,0.2696527541511623,angry,subject_01,subject_01_angry_session_01
6.28,0.23287858781047444,angry,subject_01,subject_01_angry_session_01
6.284,0.2526908710997252,angry,subject_01,subject_01_angry_session_01
6.288,0.24701604663463322,angry,subject_01,subject_01_angry_session_01
6.292,0.3348526766505331,angry,subject_01,subject_01_angry_session_01
6.296,0.3401965479061426,angry,subject_01,subject_01_angry_session_01
6.3,0.225951624671993,angry,subject_01,subject_01_angry_session_01
6.304,0.15903942524758366,angry,subject_01,subject_01_angry_session_01
6.308,0.22252199981399928,angry,subject_01,subject_01_angry_session_01
6.312,0.2114698666740274,angry,subject_01,subject_01_angry_session_01
6.316,0.3147950809397335,angry,subject_01,subject_01_angry_session_01
6.32,0.3192871105805024,angry,subject_01,subject_01_angry_session_01
6.324,0.20096642855778304,angry,subject_01,subject_01_angry_session_01
6.328,0.2159866071147023,angry,subject_01,subject_01_angry_session_01
6.332,0.17064285225014217,angry,subject_01,subject_01_angry_session_01
6.336,0.26532250595156404,angry,subject_01,subject_01_angry_session_01
6.34,0.25223892089285926,angry,subject_01,subject_01_angry_session_01
6.344,0.29979871079631526,angry,subject_01,subject_01_angry_session_01
6.348,0.27968126727346926,angry,subject_01,subject_01_angry_session_01
6.352,0.2837869653947293,angry,subject_01,subject_01_angry_session_01
6.356,0.15192258031016587,angry,subject_01,subject_01_angry_session_01
6.36,0.20409548479437867,angry,subject_01,subject_01_angry_session_01
6.364,0.2958132984100953,angry,subject_01,subject_01_angry_session_01
6.368,0.2037380691829205,angry,subject_01,subject_01_angry_session_01
6.372,0.13552616169868753,angry,subject_01,subject_01_angry_session_01
6.376,0.27871595695308404,angry,subject_01,subject_01_angry_session_01
6.38,0.19255082336137525,angry,subject_01,subject_01_angry_session_01
6.384,0.28774481393026896,angry,subject_01,subject_01_angry_session_01
6.388,0.21948062600208915,angry,subject_01,subject_01_angry_session_01
6.392,0.20029518694688292,angry,subject_01,subject_01_angry_session_01
6.396,0.2947496949058883,angry,subject_01,subject_01_angry_session_01
6.4,0.13046005482400788,angry,subject_01,subject_01_angry_session_01
6.404,0.2899133556479501,angry,subject_01,subject_01_angry_session_01
6.408,0.1602741867714169,angry,subject_01,subject_01_angry_session_01
6.412,0.2026528047217435,angry,subject_01,subject_01_angry_session_01
6.416,0.19697123864576135,angry,subject_01,subject_01_angry_session_01
6.42,0.1542530488814752,angry,subject_01,subject_01_angry_session_01
6.424,0.12684385111036028,angry,subject_01,subject_01_angry_session_01
6.428,0.1425646419302645,angry,subject_01,subject_01_angry_session_01
6.432,0.0955926909657342,angry,subject_01,subject_01_angry_session_01
6.436,0.2654762905527901,angry,subject_01,subject_01_angry_session_01
6.44,0.10982631657756041,angry,subject_01,subject_01_angry_session_01
6.444,0.19888442744010124,angry,subject_01,subject_01_angry_session_01
6.448,0.18143235247801182,angry,subject_01,subject_01_angry_session_01
6.452,0.13192189813297575,angry,subject_01,subject_01_angry_session_01
6.456,0.09233083464097298,angry,subject_01,subject_01_angry_session_01
6.46,0.10249666374507242,angry,subject_01,subject_01_angry_session_01
6.464,0.1157592113603996,angry,subject_01,subject_01_angry_session_01
6.468,0.07826030573625732,angry,subject_01,subject_01_angry_session_01
6.472,-0.030650653940620068,angry,subject_01,subject_01_angry_session_01
6.476,-0.0542379392679489,angry,subject_01,subject_01_angry_session_01
6.48,0.13734546016073512,angry,subject_01,subject_01_angry_session_01
6.484,-0.11884928525667343,angry,subject_01,subject_01_angry_session_01
6.488,0.04391507362122231,angry,subject_01,subject_01_angry_session_01
6.492,0.011548087228001018,angry,subject_01,subject_01_angry_session_01
6.496,0.029308248080275767,angry,subject_01,subject_01_angry_session_01
6.5,-0.05418579932646392,angry,subject_01,subject_01_angry_session_01
6.504,0.030332469621472787,angry,subject_01,subject_01_angry_session_01
6.508,0.01724130786785976,angry,subject_01,subject_01_angry_session_01
6.512,0.1666134827476152,angry,subject_01,subject_01_angry_session_01
6.516,0.005278304825391869,angry,subject_01,subject_01_angry_session_01
6.52,0.07532159983902709,angry,subject_01,subject_01_angry_session_01
6.524,-0.098159341462344,angry,subject_01,subject_01_angry_session_01
6.528,0.050652438259713425,angry,subject_01,subject_01_angry_session_01
6.532,0.0010229603164116294,angry,subject_01,subject_01_angry_session_01
6.536,0.0019092086265215264,angry,subject_01,subject_01_angry_session_01
6.54,0.0012533891761386286,angry,subject_01,subject_01_angry_session_01
6.544,0.08530583935947382,angry,subject_01,subject_01_angry_session_01
6.548,-0.003029990888198707,angry,subject_01,subject_01_angry_session_01
6.552,-0.066820373258149,angry,subject_01,subject_01_angry_session_01
6.556,-0.05870894523753656,angry,subject_01,subject_01_angry_session_01
6.56,0.02432225876942789,angry,subject_01,subject_01_angry_session_01
6.564,-0.0019392900937997802,angry,subject_01,subject_01_angry_session_01
6.568,-0.12501268667319806,angry,subject_01,subject_01_angry_session_01
6.572,-0.004328408530290585,angry,subject_01,subject_01_angry_session_01
6.576,-0.09457467918568163,angry,subject_01,subject_01_angry_session_01
6.58,0.017308768330565657,angry,subject_01,subject_01_angry_session_01
6.584,-0.01341025709043673,angry,subject_01,subject_01_angry_session_01
6.588,0.09163481880179043,angry,subject_01,subject_01_angry_session_01
6.592,0.18140771903972608,angry,subject_01,subject_01_angry_session_01
6.596,0.43957655009193686,angry,subject_01,subject_01_angry_session_01
6.6,0.527045811714986,angry,subject_01,subject_01_angry_session_01
6.604,0.7402704339877562,angry,subject_01,subject_01_angry_session_01
6.608,0.9914352835936913,angry,subject_01,subject_01_angry_session_01
6.612,0.948516770734357,angry,subject_01,subject_01_angry_session_01
6.616,1.1234682409208605,angry,subject_01,subject_01_angry_session_01
6.62,1.0272735199714276,angry,subject_01,subject_01_angry_session_01
6.624,1.1232412277518926,angry,subject_01,subject_01_angry_session_01
6.628,0.9227606722241712,angry,subject_01,subject_01_angry_session_01
6.632,0.8466641280455215,angry,subject_01,subject_01_angry_session_01
6.636,0.7240630345340243,angry,subject_01,subject_01_angry_session_01
6.64,0.5624224085097415,angry,subject_01,subject_01_angry_session_01
6.644,0.27584897750656606,angry,subject_01,subject_01_angry_session_01
6.648,0.14960793785865587,angry,subject_01,subject_01_angry_session_01
6.652,0.11693591601809608,angry,subject_01,subject_01_angry_session_01
6.656,-0.02838813477713155,angry,subject_01,subject_01_angry_session_01
6.66,-0.14216145979609524,angry,subject_01,subject_01_angry_session_01
6.664,-0.08513792668554206,angry,subject_01,subject_01_angry_session_01
6.668,-0.08928564503175607,angry,subject_01,subject_01_angry_session_01
6.672,-0.06034146959229586,angry,subject_01,subject_01_angry_session_01
6.676,-0.02307921137403087,angry,subject_01,subject_01_angry_session_01
6.68,-0.01094625570845378,angry,subject_01,subject_01_angry_session_01
6.684,-0.07176171132237533,angry,subject_01,subject_01_angry_session_01
6.688,-0.04044111544480705,angry,subject_01,subject_01_angry_session_01
6.692,0.046938488965864535,angry,subject_01,subject_01_angry_session_01
6.696,-0.036170523452637646,angry,subject_01,subject_01_angry_session_01
6.7,-0.023202619746893555,angry,subject_01,subject_01_angry_session_01
6.704,-0.08612477849861257,angry,subject_01,subject_01_angry_session_01
6.708,0.005961007465306731,angry,subject_01,subject_01_angry_session_01
6.712,0.03207342881777752,angry,subject_01,subject_01_angry_session_01
6.716,-0.10327271993299898,angry,subject_01,subject_01_angry_session_01
6.72,-0.044788299199474406,angry,subject_01,subject_01_angry_session_01
6.724,-0.0614159241483826,angry,subject_01,subject_01_angry_session_01
6.728,0.07595104709400463,angry,subject_01,subject_01_angry_session_01
6.732,-0.0810230500177551,angry,subject_01,subject_01_angry_session_01
6.736,0.03437263239238259,angry,subject_01,subject_01_angry_session_01
6.74,0.08784771556802737,angry,subject_01,subject_01_angry_session_01
6.744,0.06203062464755504,angry,subject_01,subject_01_angry_session_01
6.748,0.03064599450549554,angry,subject_01,subject_01_angry_session_01
6.752,0.08440162375452692,angry,subject_01,subject_01_angry_session_01
6.756,0.13267776146184201,angry,subject_01,subject_01_angry_session_01
6.76,0.0711093111916301,angry,subject_01,subject_01_angry_session_01
6.764,-0.04942094280720044,angry,subject_01,subject_01_angry_session_01
6.768,0.1613498534974642,angry,subject_01,subject_01_angry_session_01
6.772,0.12426918091159987,angry,subject_01,subject_01_angry_session_01
6.776,0.10620534676207825,angry,subject_01,subject_01_angry_session_01
6.78,-0.0025571824545920635,angry,subject_01,subject_01_angry_session_01
6.784,0.10654685378881074,angry,subject_01,subject_01_angry_session_01
6.788,0.08016578242110392,angry,subject_01,subject_01_angry_session_01
6.792,0.06799680471520321,angry,subject_01,subject_01_angry_session_01
6.796,0.14105494791589798,angry,subject_01,subject_01_angry_session_01
6.8,0.1252987294999084,angry,subject_01,subject_01_angry_session_01
6.804,0.1373679290878896,angry,subject_01,subject_01_angry_session_01
6.808,0.2179256295836492,angry,subject_01,subject_01_angry_session_01
6.812,0.19666789439554844,angry,subject_01,subject_01_angry_session_01
6.816,0.15915376343848714,angry,subject_01,subject_01_angry_session_01
6.82,0.15881322821889665,angry,subject_01,subject_01_angry_session_01
6.824,0.17581234336099072,angry,subject_01,subject_01_angry_session_01
6.828,0.1948389929311783,angry,subject_01,subject_01_angry_session_01
6.832,0.2509046339056795,angry,subject_01,subject_01_angry_session_01
6.836,0.15904142084865616,angry,subject_01,subject_01_angry_session_01
6.84,0.31435921027224734,angry,subject_01,subject_01_angry_session_01
6.844,0.26669282172009384,angry,subject_01,subject_01_angry_session_01
6.848,0.07155670193099747,angry,subject_01,subject_01_angry_session_01
6.852,0.2446334701280233,angry,subject_01,subject_01_angry_session_01
6.856,0.3050792463926156,angry,subject_01,subject_01_angry_session_01
6.86,0.2685170235819478,angry,subject_01,subject_01_angry_session_01
6.864,0.22245248796888806,angry,subject_01,subject_01_angry_session_01
6.868,0.2449729973364919,angry,subject_01,subject_01_angry_session_01
6.872,0.26024625957645053,angry,subject_01,subject_01_angry_session_01
6.876,0.2961165723896919,angry,subject_01,subject_01_angry_session_01
6.88,0.16494469344604135,angry,subject_01,subject_01_angry_session_01
6.884,0.21300852380859026,angry,subject_01,subject_01_angry_session_01
6.888,0.3466741231387954,angry,subject_01,subject_01_angry_session_01
6.892,0.24902124096306175,angry,subject_01,subject_01_angry_session_01
6.896,0.3370861539263069,angry,subject_01,subject_01_angry_session_01
6.9,0.42264678464613653,angry,subject_01,subject_01_angry_session_01
6.904,0.2118685590735853,angry,subject_01,subject_01_angry_session_01
6.908,0.16726025200466738,angry,subject_01,subject_01_angry_session_01
6.912,0.22074178518405188,angry,subject_01,subject_01_angry_session_01
6.916,0.3000972032542151,angry,subject_01,subject_01_angry_session_01
6.92,0.3059131656940769,angry,subject_01,subject_01_angry_session_01
6.924,0.3652791512192155,angry,subject_01,subject_01_angry_session_01
6.928,0.22410422535037075,angry,subject_01,subject_01_angry_session_01
6.932,0.25291987740890554,angry,subject_01,subject_01_angry_session_01
6.936,0.17821588862482948,angry,subject_01,subject_01_angry_session_01
6.94,0.06772894940800703,angry,subject_01,subject_01_angry_session_01
6.944,0.2129036154934254,angry,subject_01,subject_01_angry_session_01
6.948,0.1430601473919496,angry,subject_01,subject_01_angry_session_01
6.952,0.24770898001233463,angry,subject_01,subject_01_angry_session_01
6.956,0.09281188336589109,angry,subject_01,subject_01_angry_session_01
6.96,0.15763268696330537,angry,subject_01,subject_01_angry_session_01
6.964,0.2140032785876125,angry,subject_01,subject_01_angry_session_01
6.968,0.21583319026983552,angry,subject_01,subject_01_angry_session_01
6.972,0.18574535216572927,angry,subject_01,subject_01_angry_session_01
6.976,0.295244852865385,angry,subject_01,subject_01_angry_session_01
6.98,0.2714685448925121,angry,subject_01,subject_01_angry_session_01
6.984,0.12980685541705533,angry,subject_01,subject_01_angry_session_01
6.988,0.260465634238906,angry,subject_01,subject_01_angry_session_01
6.992,0.2621513701893783,angry,subject_01,subject_01_angry_session_01
6.996,0.1410174061107536,angry,subject_01,subject_01_angry_session_01
7.0,0.14276726255565916,angry,subject_01,subject_01_angry_session_01
7.004,0.12820942537051805,angry,subject_01,subject_01_angry_session_01
7.008,0.08345117231355405,angry,subject_01,subject_01_angry_session_01
7.012,0.08007840700242538,angry,subject_01,subject_01_angry_session_01
7.016,0.1825010167067636,angry,subject_01,subject_01_angry_session_01
7.02,0.12005414313364612,angry,subject_01,subject_01_angry_session_01
7.024,0.051068626406420486,angry,subject_01,subject_01_angry_session_01
7.028,0.01939701407339746,angry,subject_01,subject_01_angry_session_01
7.032,0.020320494012314214,angry,subject_01,subject_01_angry_session_01
7.036,0.0471179145494775,angry,subject_01,subject_01_angry_session_01
7.04,0.10324256902367282,angry,subject_01,subject_01_angry_session_01
7.044,-0.011229457350261138,angry,subject_01,subject_01_angry_session_01
7.048,0.08686795699726327,angry,subject_01,subject_01_angry_session_01
7.052,0.03747656067145656,angry,subject_01,subject_01_angry_session_01
7.056,0.0276497542053808,angry,subject_01,subject_01_angry_session_01
7.06,0.07458618053991589,angry,subject_01,subject_01_angry_session_01
7.064,0.05813996521170209,angry,subject_01,subject_01_angry_session_01
7.068,-0.08169948688931217,angry,subject_01,subject_01_angry_session_01
7.072,-0.06691892517884293,angry,subject_01,subject_01_angry_session_01
7.076,-0.01960436587249017,angry,subject_01,subject_01_angry_session_01
7.08,0.012036093473333,angry,subject_01,subject_01_angry_session_01
7.084,0.06949782284530753,angry,subject_01,subject_01_angry_session_01
7.088,-0.011127014889204177,angry,subject_01,subject_01_angry_session_01
7.092,0.08490090572063562,angry,subject_01,subject_01_angry_session_01
7.096,-0.06168239679244626,angry,subject_01,subject_01_angry_session_01
7.1,-0.05320465158743094,angry,subject_01,subject_01_angry_session_01
7.104,-0.04070505325040351,angry,subject_01,subject_01_angry_session_01
7.108,-0.07261105072088431,angry,subject_01,subject_01_angry_session_01
7.112,0.04488109294514252,angry,subject_01,subject_01_angry_session_01
7.116,-0.192051159830796,angry,subject_01,subject_01_angry_session_01
7.12,-0.05764032748202018,angry,subject_01,subject_01_angry_session_01
7.124,0.039085731800718476,angry,subject_01,subject_01_angry_session_01
7.128,-0.05206411379681214,angry,subject_01,subject_01_angry_session_01
7.132,0.026733070761058478,angry,subject_01,subject_01_angry_session_01
7.136,0.09097938674558631,angry,subject_01,subject_01_angry_session_01
7.14,-0.03400122501713967,angry,subject_01,subject_01_angry_session_01
7.144,0.045399389784390815,angry,subject_01,subject_01_angry_session_01
7.148,0.1547057168190831,angry,subject_01,subject_01_angry_session_01
7.152,0.09559367726778718,angry,subject_01,subject_01_angry_session_01
7.156,0.16220300353600392,angry,subject_01,subject_01_angry_session_01
7.16,0.3435162752357876,angry,subject_01,subject_01_angry_session_01
7.164,0.5087235832130104,angry,subject_01,subject_01_angry_session_01
7.168,0.5961794645604808,angry,subject_01,subject_01_angry_session_01
7.172,0.7279672264019527,angry,subject_01,subject_01_angry_session_01
7.176,0.9996824235462018,angry,subject_01,subject_01_angry_session_01
7.18,0.9851762693410165,angry,subject_01,subject_01_angry_session_01
7.184,1.1298064632312534,angry,subject_01,subject_01_angry_session_01
7.188,1.0748027459675389,angry,subject_01,subject_01_angry_session_01
7.192,1.1125219742049348,angry,subject_01,subject_01_angry_session_01
7.196,0.8450456893261393,angry,subject_01,subject_01_angry_session_01
7.2,0.6996103753057229,angry,subject_01,subject_01_angry_session_01
7.204,0.6346691657804238,angry,subject_01,subject_01_angry_session_01
7.208,0.34421916549142784,angry,subject_01,subject_01_angry_session_01
7.212,0.26017984051923765,angry,subject_01,subject_01_angry_session_01
7.216,0.21276376771526648,angry,subject_01,subject_01_angry_session_01
7.22,-0.08718519232252174,angry,subject_01,subject_01_angry_session_01
7.224,-0.02060055339455197,angry,subject_01,subject_01_angry_session_01
7.228,-0.0047879481809126045,angry,subject_01,subject_01_angry_session_01
7.232,-0.08720981711330276,angry,subject_01,subject_01_angry_session_01
7.236,-0.13368101274688018,angry,subject_01,subject_01_angry_session_01
7.24,-0.07866032852963446,angry,subject_01,subject_01_angry_session_01
7.244,-0.09660597282885539,angry,subject_01,subject_01_angry_session_01
7.248,-0.027568720271704924,angry,subject_01,subject_01_angry_session_01
7.252,-0.03702754392511763,angry,subject_01,subject_01_angry_session_01
7.256,-0.04302178001341027,angry,subject_01,subject_01_angry_session_01
7.26,0.021673563178407764,angry,subject_01,subject_01_angry_session_01
7.264,0.0930160946897703,angry,subject_01,subject_01_angry_session_01
7.268,0.021845592541538443,angry,subject_01,subject_01_angry_session_01
7.272,0.08650676102240762,angry,subject_01,subject_01_angry_session_01
7.276,0.104390089369571,angry,subject_01,subject_01_angry_session_01
7.28,-0.021569096742071685,angry,subject_01,subject_01_angry_session_01
7.284,0.034346351079437384,angry,subject_01,subject_01_angry_session_01
7.288,-0.0031315178593544074,angry,subject_01,subject_01_angry_session_01
7.292,-0.061755835617783715,angry,subject_01,subject_01_angry_session_01
7.296,0.05363283925178705,angry,subject_01,subject_01_angry_session_01
7.3,-0.025421351536206234,angry,subject_01,subject_01_angry_session_01
7.304,0.07249349814242757,angry,subject_01,subject_01_angry_session_01
7.308,-0.04388502513415771,angry,subject_01,subject_01_angry_session_01
7.312,0.0660590982042456,angry,subject_01,subject_01_angry_session_01
7.316,-0.031821051009871454,angry,subject_01,subject_01_angry_session_01
7.32,0.1097589289744553,angry,subject_01,subject_01_angry_session_01
7.324,0.05289518745841606,angry,subject_01,subject_01_angry_session_01
7.328,0.05453121832803422,angry,subject_01,subject_01_angry_session_01
7.332,0.15915964657957296,angry,subject_01,subject_01_angry_session_01
7.336,0.08013213909031343,angry,subject_01,subject_01_angry_session_01
7.34,0.11411450619344089,angry,subject_01,subject_01_angry_session_01
7.344,0.10373388113765893,angry,subject_01,subject_01_angry_session_01
7.348,0.15439995002567172,angry,subject_01,subject_01_angry_session_01
7.352,0.19492146165844804,angry,subject_01,subject_01_angry_session_01
7.356,0.1909162619848912,angry,subject_01,subject_01_angry_session_01
7.36,0.12121629430300088,angry,subject_01,subject_01_angry_session_01
7.364,0.23016032596580666,angry,subject_01,subject_01_angry_session_01
7.368,0.11095666067522095,angry,subject_01,subject_01_angry_session_01
7.372,0.12958331533331222,angry,subject_01,subject_01_angry_session_01
7.376,0.1744873178169129,angry,subject_01,subject_01_angry_session_01
7.38,0.2527693391058705,angry,subject_01,subject_01_angry_session_01
7.384,0.12729550245650054,angry,subject_01,subject_01_angry_session_01
7.388,0.25822966533469627,angry,subject_01,subject_01_angry_session_01
7.392,0.2083415391642462,angry,subject_01,subject_01_angry_session_01
7.396,0.19209696580898264,angry,subject_01,subject_01_angry_session_01
7.4,0.29005481732743005,angry,subject_01,subject_01_angry_session_01
7.404,0.18162797004907,angry,subject_01,subject_01_angry_session_01
7.408,0.37203653538537795,angry,subject_01,subject_01_angry_session_01
7.412,0.22888559355318944,angry,subject_01,subject_01_angry_session_01
7.416,0.25252294179556617,angry,subject_01,subject_01_angry_session_01
7.42,0.3396010310259063,angry,subject_01,subject_01_angry_session_01
7.424,0.26051489939638656,angry,subject_01,subject_01_angry_session_01
7.428,0.3236606491606474,angry,subject_01,subject_01_angry_session_01
7.432,0.1369513333923215,angry,subject_01,subject_01_angry_session_01
7.436,0.22885328925185125,angry,subject_01,subject_01_angry_session_01
7.44,0.27995739105688283,angry,subject_01,subject_01_angry_session_01
7.444,0.3212855368602027,angry,subject_01,subject_01_angry_session_01
7.448,0.30236497909590065,angry,subject_01,subject_01_angry_session_01
7.452,0.29610227161702624,angry,subject_01,subject_01_angry_session_01
7.456,0.31817846799293337,angry,subject_01,subject_01_angry_session_01
7.46,0.28165486042547716,angry,subject_01,subject_01_angry_session_01
7.464,0.12291390132001467,angry,subject_01,subject_01_angry_session_01
7.468,0.33614995963805694,angry,subject_01,subject_01_angry_session_01
7.472,0.19727995341109827,angry,subject_01,subject_01_angry_session_01
7.476,0.2641333530353826,angry,subject_01,subject_01_angry_session_01
7.48,0.25384582681820983,angry,subject_01,subject_01_angry_session_01
7.484,0.2434217620675372,angry,subject_01,subject_01_angry_session_01
7.488,0.17176812533383296,angry,subject_01,subject_01_angry_session_01
7.492,0.11932486719748543,angry,subject_01,subject_01_angry_session_01
7.496,0.17299212760945396,angry,subject_01,subject_01_angry_session_01
7.5,0.28016409647338947,angry,subject_01,subject_01_angry_session_01
7.504,0.1411968319924604,angry,subject_01,subject_01_angry_session_01
7.508,0.17250326190219425,angry,subject_01,subject_01_angry_session_01
7.512,0.24761299133090517,angry,subject_01,subject_01_angry_session_01
7.516,0.1579331311443086,angry,subject_01,subject_01_angry_session_01
7.52,0.18383051027796832,angry,subject_01,subject_01_angry_session_01
7.524,0.21788805418981574,angry,subject_01,subject_01_angry_session_01
7.528,0.2261763602159284,angry,subject_01,subject_01_angry_session_01
7.532,0.14224184899893239,angry,subject_01,subject_01_angry_session_01
7.536,0.20895783461342263,angry,subject_01,subject_01_angry_session_01
7.54,0.21938391510642125,angry,subject_01,subject_01_angry_session_01
7.544,0.11350495326357178,angry,subject_01,subject_01_angry_session_01
7.548,0.19670475455331218,angry,subject_01,subject_01_angry_session_01
7.552,0.13420311463039591,angry,subject_01,subject_01_angry_session_01
7.556,0.17749270376165274,angry,subject_01,subject_01_angry_session_01
7.56,0.2058024664389414,angry,subject_01,subject_01_angry_session_01
7.564,0.14374203365600258,angry,subject_01,subject_01_angry_session_01
7.568,0.20061610651672462,angry,subject_01,subject_01_angry_session_01
7.572,0.1844137899657408,angry,subject_01,subject_01_angry_session_01
7.576,0.18232551049381632,angry,subject_01,subject_01_angry_session_01
7.58,0.14275472148636498,angry,subject_01,subject_01_angry_session_01
7.584,0.17523793550190914,angry,subject_01,subject_01_angry_session_01
7.588,0.1229245934362,angry,subject_01,subject_01_angry_session_01
7.592,-0.00949572666849409,angry,subject_01,subject_01_angry_session_01
7.596,0.033918007268822034,angry,subject_01,subject_01_angry_session_01
7.6,0.05993162836834374,angry,subject_01,subject_01_angry_session_01
7.604,0.05887379841292025,angry,subject_01,subject_01_angry_session_01
7.608,0.07746991498863695,angry,subject_01,subject_01_angry_session_01
7.612,-6.295758290553871e-05,angry,subject_01,subject_01_angry_session_01
7.616,0.16171554392056967,angry,subject_01,subject_01_angry_session_01
7.62,0.028402933572977174,angry,subject_01,subject_01_angry_session_01
7.624,0.027981743533153088,angry,subject_01,subject_01_angry_session_01
7.628,-0.017368505813864045,angry,subject_01,subject_01_angry_session_01
7.632,-0.0423561555059795,angry,subject_01,subject_01_angry_session_01
7.636,0.005761857020625975,angry,subject_01,subject_01_angry_session_01
7.64,0.010989944425957611,angry,subject_01,subject_01_angry_session_01
7.644,0.0005965569094823217,angry,subject_01,subject_01_angry_session_01
7.648,0.10204049336517221,angry,subject_01,subject_01_angry_session_01
7.652,-0.007514254481552204,angry,subject_01,subject_01_angry_session_01
7.656,-0.007380686898220254,angry,subject_01,subject_01_angry_session_01
7.66,0.04474540655759261,angry,subject_01,subject_01_angry_session_01
7.664,-0.016077532273804675,angry,subject_01,subject_01_angry_session_01
7.668,0.025174501030085256,angry,subject_01,subject_01_angry_session_01
7.672,-0.0850774031035279,angry,subject_01,subject_01_angry_session_01
7.676,-0.08560246937295403,angry,subject_01,subject_01_angry_session_01
7.68,-0.003000069234410075,angry,subject_01,subject_01_angry_session_01
7.684,-0.025460635799359314,angry,subject_01,subject_01_angry_session_01
7.688,-0.061992243238757336,angry,subject_01,subject_01_angry_session_01
7.692,-0.009082202703685045,angry,subject_01,subject_01_angry_session_01
7.696,-0.007845999124215351,angry,subject_01,subject_01_angry_session_01
7.7,-0.06686441685520184,angry,subject_01,subject_01_angry_session_01
7.704,-0.055898335401287164,angry,subject_01,subject_01_angry_session_01
7.708,-0.0030657980471600916,angry,subject_01,subject_01_angry_session_01
7.712,-0.05157704433711488,angry,subject_01,subject_01_angry_session_01
7.716,0.024247549357429357,angry,subject_01,subject_01_angry_session_01
7.72,0.17400993074032808,angry,subject_01,subject_01_angry_session_01
7.724,0.25375461839721997,angry,subject_01,subject_01_angry_session_01
7.728,0.36694685702095003,angry,subject_01,subject_01_angry_session_01
7.732,0.49918772331391476,angry,subject_01,subject_01_angry_session_01
7.736,0.6539865355593235,angry,subject_01,subject_01_angry_session_01
7.74,0.8557825116403481,angry,subject_01,subject_01_angry_session_01
7.744,1.1051750268485105,angry,subject_01,subject_01_angry_session_01
7.748,1.0940148740771551,angry,subject_01,subject_01_angry_session_01
7.752,1.002887299518941,angry,subject_01,subject_01_angry_session_01
7.756,1.090644335098021,angry,subject_01,subject_01_angry_session_01
7.76,0.9140677553444416,angry,subject_01,subject_01_angry_session_01
7.764,0.8269633146381523,angry,subject_01,subject_01_angry_session_01
7.768,0.6310430625874249,angry,subject_01,subject_01_angry_session_01
7.772,0.6159737959228622,angry,subject_01,subject_01_angry_session_01
7.776,0.2612836286733066,angry,subject_01,subject_01_angry_session_01
7.78,0.2039799290461506,angry,subject_01,subject_01_angry_session_01
7.784,0.030940699958362544,angry,subject_01,subject_01_angry_session_01
7.788,0.0385527858452698,angry,subject_01,subject_01_angry_session_01
7.792,-0.03226569179051463,angry,subject_01,subject_01_angry_session_01
7.796,0.0089876262648593,angry,subject_01,subject_01_angry_session_01
7.8,-0.02044677632352937,angry,subject_01,subject_01_angry_session_01
7.804,-0.09190514846270445,angry,subject_01,subject_01_angry_session_01
7.808,0.1413953470198619,angry,subject_01,subject_01_angry_session_01
7.812,0.015462991175675136,angry,subject_01,subject_01_angry_session_01
7.816,-0.03821303944807048,angry,subject_01,subject_01_angry_session_01
7.82,0.016566504910659793,angry,subject_01,subject_01_angry_session_01
7.824,0.048875336514471575,angry,subject_01,subject_01_angry_session_01
7.828,0.05168745644474951,angry,subject_01,subject_01_angry_session_01
7.832,0.05007740124093791,angry,subject_01,subject_01_angry_session_01
7.836,0.08215508139369611,angry,subject_01,subject_01_angry_session_01
7.84,0.080089288300172,angry,subject_01,subject_01_angry_session_01
7.844,-0.018867137998466517,angry,subject_01,subject_01_angry_session_01
7.848,0.1626958037819429,angry,subject_01,subject_01_angry_session_01
7.852,0.15884748795410142,angry,subject_01,subject_01_angry_session_01
7.856,0.09356720703492133,angry,subject_01,subject_01_angry_session_01
7.86,0.052928052912908904,angry,subject_01,subject_01_angry_session_01
7.864,0.059362098343912845,angry,subject_01,subject_01_angry_session_01
7.868,0.042292513358390085,angry,subject_01,subject_01_angry_session_01
7.872,0.056069904539134574,angry,subject_01,subject_01_angry_session_01
7.876,-0.057158546607749106,angry,subject_01,subject_01_angry_session_01
7.88,0.17247398403278752,angry,subject_01,subject_01_angry_session_01
7.884,0.1581994192196906,angry,subject_01,subject_01_angry_session_01
7.888,-0.005883327606428276,angry,subject_01,subject_01_angry_session_01
7.892,0.1555387048631371,angry,subject_01,subject_01_angry_session_01
7.896,0.10933505010266432,angry,subject_01,subject_01_angry_session_01
7.9,0.10572850899124693,angry,subject_01,subject_01_angry_session_01
7.904,0.1553047239070001,angry,subject_01,subject_01_angry_session_01
7.908,0.02939121279681775,angry,subject_01,subject_01_angry_session_01
7.912,0.14163760717355436,angry,subject_01,subject_01_angry_session_01
7.916,0.1555312418940325,angry,subject_01,subject_01_angry_session_01
7.92,0.1640979632785952,angry,subject_01,subject_01_angry_session_01
7.924,0.08574989246038933,angry,subject_01,subject_01_angry_session_01
7.928,0.20312065151538397,angry,subject_01,subject_01_angry_session_01
7.932,0.24833611008256168,angry,subject_01,subject_01_angry_session_01
7.936,0.21751921038314698,angry,subject_01,subject_01_angry_session_01
7.94,0.18750536249583194,angry,subject_01,subject_01_angry_session_01
7.944,0.3705757810150395,angry,subject_01,subject_01_angry_session_01
7.948,0.16148926826338117,angry,subject_01,subject_01_angry_session_01
7.952,0.2708099495346364,angry,subject_01,subject_01_angry_session_01
7.956,0.24610341762372095,angry,subject_01,subject_01_angry_session_01
7.96,0.35897313857952123,angry,subject_01,subject_01_angry_session_01
7.964,0.2677507792316528,angry,subject_01,subject_01_angry_session_01
7.968,0.28647466254145887,angry,subject_01,subject_01_angry_session_01
7.972,0.28612402652732405,angry,subject_01,subject_01_angry_session_01
7.976,0.19714594327542656,angry,subject_01,subject_01_angry_session_01
7.98,0.21284307491178947,angry,subject_01,subject_01_angry_session_01
7.984,0.2522161818023045,angry,subject_01,subject_01_angry_session_01
7.988,0.3294189776683291,angry,subject_01,subject_01_angry_session_01
7.992,0.2886172643917647,angry,subject_01,subject_01_angry_session_01
7.996,0.2643217418574759,angry,subject_01,subject_01_angry_session_01
8.0,0.3606014317329413,angry,subject_01,subject_01_angry_session_01
8.004,0.16033388230891107,angry,subject_01,subject_01_angry_session_01
8.008,0.20203155441406384,angry,subject_01,subject_01_angry_session_01
8.012,0.13000745721823426,angry,subject_01,subject_01_angry_session_01
8.016,0.3518828973020463,angry,subject_01,subject_01_angry_session_01
8.02,0.272761179724722,angry,subject_01,subject_01_angry_session_01
8.024,0.3353677902163262,angry,subject_01,subject_01_angry_session_01
8.028,0.269353327757198,angry,subject_01,subject_01_angry_session_01
8.032,0.3355604100476526,angry,subject_01,subject_01_angry_session_01
8.036,0.26461522972841184,angry,subject_01,subject_01_angry_session_01
8.04,0.2947024708901367,angry,subject_01,subject_01_angry_session_01
8.044,0.28368428853631533,angry,subject_01,subject_01_angry_session_01
8.048,0.2858157780993789,angry,subject_01,subject_01_angry_session_01
8.052,0.3642599047579236,angry,subject_01,subject_01_angry_session_01
8.056,0.16329428555802805,angry,subject_01,subject_01_angry_session_01
8.06,0.25421173867872165,angry,subject_01,subject_01_angry_session_01
8.064,0.26771812379930726,angry,subject_01,subject_01_angry_session_01
8.068,0.25621654216009165,angry,subject_01,subject_01_angry_session_01
8.072,0.22685910353435768,angry,subject_01,subject_01_angry_session_01
8.076,0.21596062641488362,angry,subject_01,subject_01_angry_session_01
8.08,0.3370115326662273,angry,subject_01,subject_01_angry_session_01
8.084,0.23794023163142466,angry,subject_01,subject_01_angry_session_01
8.088,0.38518427503408925,angry,subject_01,subject_01_angry_session_01
8.092,0.26702229218453627,angry,subject_01,subject_01_angry_session_01
8.096,0.21400296004835218,angry,subject_01,subject_01_angry_session_01
8.1,0.26018522273526423,angry,subject_01,subject_01_angry_session_01
8.104,0.22874241104846593,angry,subject_01,subject_01_angry_session_01
8.108,0.2974113891557023,angry,subject_01,subject_01_angry_session_01
8.112,0.14099104129758627,angry,subject_01,subject_01_angry_session_01
8.116,0.09661251210330427,angry,subject_01,subject_01_angry_session_01
8.12,0.21944133803751262,angry,subject_01,subject_01_angry_session_01
8.124,0.24051114858555842,angry,subject_01,subject_01_angry_session_01
8.128,0.19963271719873774,angry,subject_01,subject_01_angry_session_01
8.132,0.2145065737761081,angry,subject_01,subject_01_angry_session_01
8.136,0.19699646906596074,angry,subject_01,subject_01_angry_session_01
8.14,0.06766409523914313,angry,subject_01,subject_01_angry_session_01
8.144,0.16416800261891876,angry,subject_01,subject_01_angry_session_01
8.148,0.21698177600819202,angry,subject_01,subject_01_angry_session_01
8.152,0.13892941227149672,angry,subject_01,subject_01_angry_session_01
8.156,0.0407330845799435,angry,subject_01,subject_01_angry_session_01
8.16,0.09015401711883653,angry,subject_01,subject_01_angry_session_01
8.164,0.1346771355988327,angry,subject_01,subject_01_angry_session_01
8.168,0.20040348972224858,angry,subject_01,subject_01_angry_session_01
8.172,-0.03294660216052671,angry,subject_01,subject_01_angry_session_01
8.176,0.09830733090307103,angry,subject_01,subject_01_angry_session_01
8.18,0.013375601091442577,angry,subject_01,subject_01_angry_session_01
8.184,0.09295450580059446,angry,subject_01,subject_01_angry_session_01
8.188,0.0914727456932433,angry,subject_01,subject_01_angry_session_01
8.192,0.036464939845529114,angry,subject_01,subject_01_angry_session_01
8.196,0.08313892644257823,angry,subject_01,subject_01_angry_session_01
8.2,0.10895439039474071,angry,subject_01,subject_01_angry_session_01
8.204,0.026514783776200538,angry,subject_01,subject_01_angry_session_01
8.208,-0.04752547021430184,angry,subject_01,subject_01_angry_session_01
8.212,0.1150110866966844,angry,subject_01,subject_01_angry_session_01
8.216,0.07639586723184016,angry,subject_01,subject_01_angry_session_01
8.22,0.058087141267061326,angry,subject_01,subject_01_angry_session_01
8.224,-0.01925421044378213,angry,subject_01,subject_01_angry_session_01
8.228,0.07959071378463795,angry,subject_01,subject_01_angry_session_01
8.232,0.14155343313765884,angry,subject_01,subject_01_angry_session_01
8.236,0.010514225262733535,angry,subject_01,subject_01_angry_session_01
8.24,0.02242948059670449,angry,subject_01,subject_01_angry_session_01
8.244,-0.04811145236735307,angry,subject_01,subject_01_angry_session_01
8.248,-0.02846792330357049,angry,subject_01,subject_01_angry_session_01
8.252,-0.051348852890482084,angry,subject_01,subject_01_angry_session_01
8.256,0.018477113620048682,angry,subject_01,subject_01_angry_session_01
8.26,-0.013463529062495316,angry,subject_01,subject_01_angry_session_01
8.264,0.02517920813013346,angry,subject_01,subject_01_angry_session_01
8.268,-0.05303239715350939,angry,subject_01,subject_01_angry_session_01
8.272,-0.005211067325187859,angry,subject_01,subject_01_angry_session_01
8.276,-0.03409725735818574,angry,subject_01,subject_01_angry_session_01
8.28,0.07477869186557728,angry,subject_01,subject_01_angry_session_01
8.284,0.03497186127700583,angry,subject_01,subject_01_angry_session_01
8.288,0.24335718460521374,angry,subject_01,subject_01_angry_session_01
8.292,0.34846554879800495,angry,subject_01,subject_01_angry_session_01
8.296,0.5286511210415513,angry,subject_01,subject_01_angry_session_01
8.3,0.5804972931776246,angry,subject_01,subject_01_angry_session_01
8.304,0.8745512651578259,angry,subject_01,subject_01_angry_session_01
8.308,0.9501848032703578,angry,subject_01,subject_01_angry_session_01
8.312,1.0756267787809624,angry,subject_01,subject_01_angry_session_01
8.316,0.9944428491783612,angry,subject_01,subject_01_angry_session_01
8.32,1.0192961874698703,angry,subject_01,subject_01_angry_session_01
8.324,1.0015203224829972,angry,subject_01,subject_01_angry_session_01
8.328,0.9901905451305009,angry,subject_01,subject_01_angry_session_01
8.332,0.7872663948849171,angry,subject_01,subject_01_angry_session_01
8.336,0.5936684234324251,angry,subject_01,subject_01_angry_session_01
8.34,0.36073058125384694,angry,subject_01,subject_01_angry_session_01
8.344,0.1961279267865342,angry,subject_01,subject_01_angry_session_01
8.348,0.15333073661699834,angry,subject_01,subject_01_angry_session_01
8.352,0.08736755213649346,angry,subject_01,subject_01_angry_session_01
8.356,0.0014038975413859824,angry,subject_01,subject_01_angry_session_01
8.36,0.06538384189000244,angry,subject_01,subject_01_angry_session_01
8.364,-0.0816438383367222,angry,subject_01,subject_01_angry_session_01
8.368,-0.01976277565600259,angry,subject_01,subject_01_angry_session_01
8.372,-0.11607247641170079,angry,subject_01,subject_01_angry_session_01
8.376,0.014614445153983531,angry,subject_01,subject_01_angry_session_01
8.38,0.10403886263834014,angry,subject_01,subject_01_angry_session_01
8.384,-0.03602754721337106,angry,subject_01,subject_01_angry_session_01
8.388,0.08464656653415452,angry,subject_01,subject_01_angry_session_01
8.392,0.12618914662172456,angry,subject_01,subject_01_angry_session_01
8.396,0.0027749821981833886,angry,subject_01,subject_01_angry_session_01
8.4,0.07607748307535826,angry,subject_01,subject_01_angry_session_01
8.404,0.14662126338366213,angry,subject_01,subject_01_angry_session_01
8.408,0.06955606717855405,angry,subject_01,subject_01_angry_session_01
8.412,0.10702717995134053,angry,subject_01,subject_01_angry_session_01
8.416,-0.04225211843904744,angry,subject_01,subject_01_angry_session_01
8.42,0.10466085742389078,angry,subject_01,subject_01_angry_session_01
8.424,0.10481308074839656,angry,subject_01,subject_01_angry_session_01
8.428,-0.0005440909904582958,angry,subject_01,subject_01_angry_session_01
8.432,0.026724411912075023,angry,subject_01,subject_01_angry_session_01
8.436,0.12668480077918998,angry,subject_01,subject_01_angry_session_01
8.44,0.07844443112301304,angry,subject_01,subject_01_angry_session_01
8.444,0.1697819629314428,angry,subject_01,subject_01_angry_session_01
8.448,0.12845522210472612,angry,subject_01,subject_01_angry_session_01
8.452,0.12022075828431072,angry,subject_01,subject_01_angry_session_01
8.456,0.11388956957648433,angry,subject_01,subject_01_angry_session_01
8.46,0.14920407497020943,angry,subject_01,subject_01_angry_session_01
8.464,0.1875683902081153,angry,subject_01,subject_01_angry_session_01
8.468,0.17937140683390965,angry,subject_01,subject_01_angry_session_01
8.472,0.1300792031173133,angry,subject_01,subject_01_angry_session_01
8.476,0.23808652213549464,angry,subject_01,subject_01_angry_session_01
8.48,0.2115506122648617,angry,subject_01,subject_01_angry_session_01
8.484,0.20364386123075698,angry,subject_01,subject_01_angry_session_01
8.488,0.19450636094691648,angry,subject_01,subject_01_angry_session_01
8.492,0.2274754348639495,angry,subject_01,subject_01_angry_session_01
8.496,0.09599038320527244,angry,subject_01,subject_01_angry_session_01
8.5,0.22869504746276006,angry,subject_01,subject_01_angry_session_01
8.504,0.32081445065949077,angry,subject_01,subject_01_angry_session_01
8.508,0.243605562883308,angry,subject_01,subject_01_angry_session_01
8.512,0.2431879914693066,angry,subject_01,subject_01_angry_session_01
8.516,0.20992405965871647,angry,subject_01,subject_01_angry_session_01
8.52,0.2824190314007536,angry,subject_01,subject_01_angry_session_01
8.524,0.2479671425484311,angry,subject_01,subject_01_angry_session_01
8.528,0.3446435018352914,angry,subject_01,subject_01_angry_session_01
8.532,0.22024269070947863,angry,subject_01,subject_01_angry_session_01
8.536,0.25042279309521126,angry,subject_01,subject_01_angry_session_01
8.54,0.24650720158585887,angry,subject_01,subject_01_angry_session_01
8.544,0.3971066615921322,angry,subject_01,subject_01_angry_session_01
8.548,0.27957242424785445,angry,subject_01,subject_01_angry_session_01
8.552,0.2614418123188797,angry,subject_01,subject_01_angry_session_01
8.556,0.1716942596937856,angry,subject_01,subject_01_angry_session_01
8.56,0.24468702425406905,angry,subject_01,subject_01_angry_session_01
8.564,0.33272539572729326,angry,subject_01,subject_01_angry_session_01
8.568,0.33362604772139853,angry,subject_01,subject_01_angry_session_01
8.572,0.2637424372434873,angry,subject_01,subject_01_angry_session_01
8.576,0.26720464985886605,angry,subject_01,subject_01_angry_session_01
8.58,0.4142083063051538,angry,subject_01,subject_01_angry_session_01
8.584,0.46365327862139816,angry,subject_01,subject_01_angry_session_01
8.588,0.3697377758969367,angry,subject_01,subject_01_angry_session_01
8.592,0.3928627690068025,angry,subject_01,subject_01_angry_session_01
8.596,0.4038684736902486,angry,subject_01,subject_01_angry_session_01
8.6,0.42850549800337256,angry,subject_01,subject_01_angry_session_01
8.604,0.2753821878258516,angry,subject_01,subject_01_angry_session_01
8.608,0.2385304910067451,angry,subject_01,subject_01_angry_session_01
8.612,0.39886508216855104,angry,subject_01,subject_01_angry_session_01
8.616,0.22855897517562002,angry,subject_01,subject_01_angry_session_01
8.62,0.22221643994266566,angry,subject_01,subject_01_angry_session_01
8.624,0.22107750257625045,angry,subject_01,subject_01_angry_session_01
8.628,0.2709854442414634,angry,subject_01,subject_01_angry_session_01
8.632,0.15722194280176213,angry,subject_01,subject_01_angry_session_01
8.636,0.1876551204022846,angry,subject_01,subject_01_angry_session_01
8.64,0.23357024378000907,angry,subject_01,subject_01_angry_session_01
8.644,0.19629599410005227,angry,subject_01,subject_01_angry_session_01
8.648,0.328761791701482,angry,subject_01,subject_01_angry_session_01
8.652,0.2621530557569598,angry,subject_01,subject_01_angry_session_01
8.656,0.2928277548899585,angry,subject_01,subject_01_angry_session_01
8.66,0.28236898493109486,angry,subject_01,subject_01_angry_session_01
8.664,0.23762575684330306,angry,subject_01,subject_01_angry_session_01
8.668,0.3045904635589594,angry,subject_01,subject_01_angry_session_01
8.672,0.2672168168532854,angry,subject_01,subject_01_angry_session_01
8.676,0.2152544785263269,angry,subject_01,subject_01_angry_session_01
8.68,0.12706270426399555,angry,subject_01,subject_01_angry_session_01
8.684,0.2525412828358494,angry,subject_01,subject_01_angry_session_01
8.688,0.13830643416515795,angry,subject_01,subject_01_angry_session_01
8.692,0.22899102166362434,angry,subject_01,subject_01_angry_session_01
8.696,0.2026464433617758,angry,subject_01,subject_01_angry_session_01
8.7,0.10763677705936098,angry,subject_01,subject_01_angry_session_01
8.704,0.19578435089359567,angry,subject_01,subject_01_angry_session_01
8.708,0.18253603746237854,angry,subject_01,subject_01_angry_session_01
8.712,0.17337095244711548,angry,subject_01,subject_01_angry_session_01
8.716,0.161042512359884,angry,subject_01,subject_01_angry_session_01
8.72,0.10365120297356996,angry,subject_01,subject_01_angry_session_01
8.724,0.1689763293713047,angry,subject_01,subject_01_angry_session_01
8.728,0.08310522952987506,angry,subject_01,subject_01_angry_session_01
8.732,0.05105276310852894,angry,subject_01,subject_01_angry_session_01
8.736,0.14751936984021805,angry,subject_01,subject_01_angry_session_01
8.74,0.15515020990090325,angry,subject_01,subject_01_angry_session_01
8.744,0.12771831094929195,angry,subject_01,subject_01_angry_session_01
8.748,0.07179311984842407,angry,subject_01,subject_01_angry_session_01
8.752,-0.038742970535616955,angry,subject_01,subject_01_angry_session_01
8.756,0.16046226387525747,angry,subject_01,subject_01_angry_session_01
8.76,-0.051270173978434,angry,subject_01,subject_01_angry_session_01
8.764,0.09620664979844787,angry,subject_01,subject_01_angry_session_01
8.768,0.18318207985603654,angry,subject_01,subject_01_angry_session_01
8.772,0.061556506257887375,angry,subject_01,subject_01_angry_session_01
8.776,0.06655151389542939,angry,subject_01,subject_01_angry_session_01
8.78,0.06876271279631437,angry,subject_01,subject_01_angry_session_01
8.784,0.055222232340480765,angry,subject_01,subject_01_angry_session_01
8.788,0.18206509795953932,angry,subject_01,subject_01_angry_session_01
8.792,-0.011533889032973962,angry,subject_01,subject_01_angry_session_01
8.796,-0.020744055132617387,angry,subject_01,subject_01_angry_session_01
8.8,0.016310673129959482,angry,subject_01,subject_01_angry_session_01
8.804,0.1391996163046149,angry,subject_01,subject_01_angry_session_01
8.808,-0.0009513019017893878,angry,subject_01,subject_01_angry_session_01
8.812,0.05834918636650276,angry,subject_01,subject_01_angry_session_01
8.816,0.09532657702123878,angry,subject_01,subject_01_angry_session_01
8.82,0.07558497581935854,angry,subject_01,subject_01_angry_session_01
8.824,0.08659266846898986,angry,subject_01,subject_01_angry_session_01
8.828,0.10633046775239996,angry,subject_01,subject_01_angry_session_01
8.832,0.036163372729183345,angry,subject_01,subject_01_angry_session_01
8.836,-0.008803642045262395,angry,subject_01,subject_01_angry_session_01
8.84,0.03934095868162005,angry,subject_01,subject_01_angry_session_01
8.844,0.04107598068679469,angry,subject_01,subject_01_angry_session_01
8.848,0.270326495344525,angry,subject_01,subject_01_angry_session_01
8.852,0.1760948428436811,angry,subject_01,subject_01_angry_session_01
8.856,0.35722071792603743,angry,subject_01,subject_01_angry_session_01
8.86,0.38364955189008326,angry,subject_01,subject_01_angry_session_01
8.864,0.6415598289825294,angry,subject_01,subject_01_angry_session_01
8.868,0.7761727260812011,angry,subject_01,subject_01_angry_session_01
8.872,0.9772776061135192,angry,subject_01,subject_01_angry_session_01
8.876,1.08948006269301,angry,subject_01,subject_01_angry_session_01
8.88,1.196633418014294,angry,subject_01,subject_01_angry_session_01
8.884,1.20091953540594,angry,subject_01,subject_01_angry_session_01
8.888,1.068462255455234,angry,subject_01,subject_01_angry_session_01
8.892,0.915459787608844,angry,subject_01,subject_01_angry_session_01
8.896,0.7816966354225778,angry,subject_01,subject_01_angry_session_01
8.9,0.6842344991162952,angry,subject_01,subject_01_angry_session_01
8.904,0.5036577981332687,angry,subject_01,subject_01_angry_session_01
8.908,0.3480874321076548,angry,subject_01,subject_01_angry_session_01
8.912,0.16288620201387677,angry,subject_01,subject_01_angry_session_01
8.916,0.1762112720675834,angry,subject_01,subject_01_angry_session_01
8.92,-0.06800511845652196,angry,subject_01,subject_01_angry_session_01
8.924,-0.05205178900203353,angry,subject_01,subject_01_angry_session_01
8.928,-0.09244147719100865,angry,subject_01,subject_01_angry_session_01
8.932,-0.034514162507501556,angry,subject_01,subject_01_angry_session_01
8.936,0.06727438176810169,angry,subject_01,subject_01_angry_session_01
8.94,-0.008161815676838768,angry,subject_01,subject_01_angry_session_01
8.944,0.030126336969494405,angry,subject_01,subject_01_angry_session_01
8.948,0.07561082849367942,angry,subject_01,subject_01_angry_session_01
8.952,0.02417680265490879,angry,subject_01,subject_01_angry_session_01
8.956,0.07339015956412323,angry,subject_01,subject_01_angry_session_01
8.96,0.0701253948027917,angry,subject_01,subject_01_angry_session_01
8.964,-0.008866267569227461,angry,subject_01,subject_01_angry_session_01
8.968,0.034774798183959746,angry,subject_01,subject_01_angry_session_01
8.972,0.08759365818900622,angry,subject_01,subject_01_angry_session_01
8.976,0.14711412578569763,angry,subject_01,subject_01_angry_session_01
8.98,0.1511706893088684,angry,subject_01,subject_01_angry_session_01
8.984,0.2044166728438528,angry,subject_01,subject_01_angry_session_01
8.988,0.11250181553485968,angry,subject_01,subject_01_angry_session_01
8.992,0.06356409284445402,angry,subject_01,subject_01_angry_session_01
8.996,0.0898191983882854,angry,subject_01,subject_01_angry_session_01
9.0,0.09242897592849411,angry,subject_01,subject_01_angry_session_01
9.004,0.0806835473088638,angry,subject_01,subject_01_angry_session_01
9.008,0.13433334883115242,angry,subject_01,subject_01_angry_session_01
9.012,0.14361563898520469,angry,subject_01,subject_01_angry_session_01
9.016,0.05419138917873896,angry,subject_01,subject_01_angry_session_01
9.02,0.19694433368867137,angry,subject_01,subject_01_angry_session_01
9.024,0.02873346837543489,angry,subject_01,subject_01_angry_session_01
9.028,0.13311091351981774,angry,subject_01,subject_01_angry_session_01
9.032,0.2231446462865299,angry,subject_01,subject_01_angry_session_01
9.036,0.19853688153989787,angry,subject_01,subject_01_angry_session_01
9.04,0.14873533098392375,angry,subject_01,subject_01_angry_session_01
9.044,0.2964641963287497,angry,subject_01,subject_01_angry_session_01
9.048,0.16019721278285895,angry,subject_01,subject_01_angry_session_01
9.052,0.07479976693412194,angry,subject_01,subject_01_angry_session_01
9.056,0.2304049865510974,angry,subject_01,subject_01_angry_session_01
9.06,0.10482033578349766,angry,subject_01,subject_01_angry_session_01
9.064,0.16985806491344885,angry,subject_01,subject_01_angry_session_01
9.068,0.2652023691225325,angry,subject_01,subject_01_angry_session_01
9.072,0.20811128850646332,angry,subject_01,subject_01_angry_session_01
9.076,0.27831190998140315,angry,subject_01,subject_01_angry_session_01
9.08,0.18144359619030637,angry,subject_01,subject_01_angry_session_01
9.084,0.30958946394550774,angry,subject_01,subject_01_angry_session_01
9.088,0.16342858159367424,angry,subject_01,subject_01_angry_session_01
9.092,0.3504203774262147,angry,subject_01,subject_01_angry_session_01
9.096,0.24877215910002184,angry,subject_01,subject_01_angry_session_01
9.1,0.3746929852337832,angry,subject_01,subject_01_angry_session_01
9.104,0.23743057349613625,angry,subject_01,subject_01_angry_session_01
9.108,0.40786667094390605,angry,subject_01,subject_01_angry_session_01
9.112,0.23890115346564772,angry,subject_01,subject_01_angry_session_01
9.116,0.1921494645456547,angry,subject_01,subject_01_angry_session_01
9.12,0.30523485886731905,angry,subject_01,subject_01_angry_session_01
9.124,0.3789849262209214,angry,subject_01,subject_01_angry_session_01
9.128,0.35412937457584415,angry,subject_01,subject_01_angry_session_01
9.132,0.377648388877162,angry,subject_01,subject_01_angry_session_01
9.136,0.3571599954162956,angry,subject_01,subject_01_angry_session_01
9.14,0.25946785054348487,angry,subject_01,subject_01_angry_session_01
9.144,0.3543527295921908,angry,subject_01,subject_01_angry_session_01
9.148,0.313188026944506,angry,subject_01,subject_01_angry_session_01
9.152,0.26389342576000846,angry,subject_01,subject_01_angry_session_01
9.156,0.315753046925538,angry,subject_01,subject_01_angry_session_01
9.16,0.29983029053791577,angry,subject_01,subject_01_angry_session_01
9.164,0.3861399955386856,angry,subject_01,subject_01_angry_session_01
9.168,0.26805898055679067,angry,subject_01,subject_01_angry_session_01
9.172,0.26287151820070304,angry,subject_01,subject_01_angry_session_01
9.176,0.25215357017015094,angry,subject_01,subject_01_angry_session_01
9.18,0.40530670646674427,angry,subject_01,subject_01_angry_session_01
9.184,0.2503054027522372,angry,subject_01,subject_01_angry_session_01
9.188,0.3640115209376878,angry,subject_01,subject_01_angry_session_01
9.192,0.2216230800740417,angry,subject_01,subject_01_angry_session_01
9.196,0.3111749554512843,angry,subject_01,subject_01_angry_session_01
9.2,0.293749858517828,angry,subject_01,subject_01_angry_session_01
9.204,0.34914742937204724,angry,subject_01,subject_01_angry_session_01
9.208,0.3374821269470258,angry,subject_01,subject_01_angry_session_01
9.212,0.27397024668159087,angry,subject_01,subject_01_angry_session_01
9.216,0.2335018877107206,angry,subject_01,subject_01_angry_session_01
9.22,0.3596304884155823,angry,subject_01,subject_01_angry_session_01
9.224,0.2200021264102256,angry,subject_01,subject_01_angry_session_01
9.228,0.11786604216722524,angry,subject_01,subject_01_angry_session_01
9.232,0.13769916419481304,angry,subject_01,subject_01_angry_session_01
9.236,0.14712218976721242,angry,subject_01,subject_01_angry_session_01
9.24,0.27407541382858824,angry,subject_01,subject_01_angry_session_01
9.244,0.3649825548322664,angry,subject_01,subject_01_angry_session_01
9.248,0.10296250931329484,angry,subject_01,subject_01_angry_session_01
9.252,0.17112416298942856,angry,subject_01,subject_01_angry_session_01
9.256,0.21563026190427298,angry,subject_01,subject_01_angry_session_01
9.26,0.2947618959280255,angry,subject_01,subject_01_angry_session_01
9.264,0.14608140776802656,angry,subject_01,subject_01_angry_session_01
9.268,0.2197799854880283,angry,subject_01,subject_01_angry_session_01
9.272,0.1600246257300683,angry,subject_01,subject_01_angry_session_01
9.276,0.32196504698276895,angry,subject_01,subject_01_angry_session_01
9.28,0.1646096992491268,angry,subject_01,subject_01_angry_session_01
9.284,0.1676687808551567,angry,subject_01,subject_01_angry_session_01
9.288,0.1418525031685355,angry,subject_01,subject_01_angry_session_01
9.292,0.10255293627041466,angry,subject_01,subject_01_angry_session_01
9.296,0.17531296185725165,angry,subject_01,subject_01_angry_session_01
9.3,0.039989423474468974,angry,subject_01,subject_01_angry_session_01
9.304,-0.018988131433081465,angry,subject_01,subject_01_angry_session_01
9.308,0.0841581897752322,angry,subject_01,subject_01_angry_session_01
9.312,0.13462751469759693,angry,subject_01,subject_01_angry_session_01
9.316,0.043884416222917146,angry,subject_01,subject_01_angry_session_01
9.32,0.08348957646873394,angry,subject_01,subject_01_angry_session_01
9.324,-0.006833545961549961,angry,subject_01,subject_01_angry_session_01
9.328,0.12481218778781439,angry,subject_01,subject_01_angry_session_01
9.332,0.09533537061720354,angry,subject_01,subject_01_angry_session_01
9.336,0.0530777815974115,angry,subject_01,subject_01_angry_session_01
9.34,0.05817059634175546,angry,subject_01,subject_01_angry_session_01
9.344,-0.03896560817925368,angry,subject_01,subject_01_angry_session_01
9.348,-0.03926646645357712,angry,subject_01,subject_01_angry_session_01
9.352,0.03174692598696123,angry,subject_01,subject_01_angry_session_01
9.356,0.0676351108921877,angry,subject_01,subject_01_angry_session_01
9.36,0.06872799412277145,angry,subject_01,subject_01_angry_session_01
9.364,0.011416517899860992,angry,subject_01,subject_01_angry_session_01
9.368,0.07647179281752592,angry,subject_01,subject_01_angry_session_01
9.372,0.11571487524752791,angry,subject_01,subject_01_angry_session_01
9.376,0.023899517166617694,angry,subject_01,subject_01_angry_session_01
9.38,0.04634576269189064,angry,subject_01,subject_01_angry_session_01
9.384,0.013255159791068762,angry,subject_01,subject_01_angry_session_01
9.388,0.015098683944915885,angry,subject_01,subject_01_angry_session_01
9.392,0.028693180110802304,angry,subject_01,subject_01_angry_session_01
9.396,0.11640030743171509,angry,subject_01,subject_01_angry_session_01
9.4,0.06756300011930066,angry,subject_01,subject_01_angry_session_01
9.404,0.06882282794457806,angry,subject_01,subject_01_angry_session_01
9.408,0.014609156499753001,angry,subject_01,subject_01_angry_session_01
9.412,0.03445561553861329,angry,subject_01,subject_01_angry_session_01
9.416,0.18834698905877878,angry,subject_01,subject_01_angry_session_01
9.42,0.3481388262393633,angry,subject_01,subject_01_angry_session_01
9.424,0.5136298364115159,angry,subject_01,subject_01_angry_session_01
9.428,0.41885360958137197,angry,subject_01,subject_01_angry_session_01
9.432,0.8743480565155877,angry,subject_01,subject_01_angry_session_01
9.436,0.9040099449713597,angry,subject_01,subject_01_angry_session_01
9.44,1.0582716402393175,angry,subject_01,subject_01_angry_session_01
9.444,0.9824482505796522,angry,subject_01,subject_01_angry_session_01
9.448,1.1031863072969992,angry,subject_01,subject_01_angry_session_01
9.452,1.1399892818720792,angry,subject_01,subject_01_angry_session_01
9.456,0.9384500345609739,angry,subject_01,subject_01_angry_session_01
9.46,0.70839788289412,angry,subject_01,subject_01_angry_session_01
9.464,0.7436686977992578,angry,subject_01,subject_01_angry_session_01
9.468,0.5489392693376139,angry,subject_01,subject_01_angry_session_01
9.472,0.4709143890133145,angry,subject_01,subject_01_angry_session_01
9.476,0.22661725272968056,angry,subject_01,subject_01_angry_session_01
9.48,0.1127661764990629,angry,subject_01,subject_01_angry_session_01
9.484,0.07661562645396647,angry,subject_01,subject_01_angry_session_01
9.488,0.04782659082279217,angry,subject_01,subject_01_angry_session_01
9.492,-0.076896652996962,angry,subject_01,subject_01_angry_session_01
9.496,0.022552152812839683,angry,subject_01,subject_01_angry_session_01
9.5,-0.05350917979883838,angry,subject_01,subject_01_angry_session_01
9.504,-0.0049711747860292305,angry,subject_01,subject_01_angry_session_01
9.508,0.05000185464687319,angry,subject_01,subject_01_angry_session_01
9.512,0.07331694591812762,angry,subject_01,subject_01_angry_session_01
9.516,0.05123910714226489,angry,subject_01,subject_01_angry_session_01
9.52,-0.025902110874955475,angry,subject_01,subject_01_angry_session_01
9.524,-0.06832047943351337,angry,subject_01,subject_01_angry_session_01
9.528,0.03658155261772007,angry,subject_01,subject_01_angry_session_01
9.532,0.10968965372667609,angry,subject_01,subject_01_angry_session_01
9.536,0.08189381240968001,angry,subject_01,subject_01_angry_session_01
9.54,0.07306936360828845,angry,subject_01,subject_01_angry_session_01
9.544,0.06198974776681385,angry,subject_01,subject_01_angry_session_01
9.548,0.08509250795131051,angry,subject_01,subject_01_angry_session_01
9.552,0.01132659617133204,angry,subject_01,subject_01_angry_session_01
9.556,0.12250979013033647,angry,subject_01,subject_01_angry_session_01
9.56,0.13150606004247656,angry,subject_01,subject_01_angry_session_01
9.564,0.0647474824389555,angry,subject_01,subject_01_angry_session_01
9.568,0.11792414894089151,angry,subject_01,subject_01_angry_session_01
9.572,-0.005348242042931495,angry,subject_01,subject_01_angry_session_01
9.576,0.11468292024818516,angry,subject_01,subject_01_angry_session_01
9.58,0.1024128295483373,angry,subject_01,subject_01_angry_session_01
9.584,0.19274733512758938,angry,subject_01,subject_01_angry_session_01
9.588,0.11232519904160296,angry,subject_01,subject_01_angry_session_01
9.592,0.18365296740947573,angry,subject_01,subject_01_angry_session_01
9.596,0.1155693801353326,angry,subject_01,subject_01_angry_session_01
9.6,0.009572837180244265,angry,subject_01,subject_01_angry_session_01
9.604,0.1410704658922121,angry,subject_01,subject_01_angry_session_01
9.608,0.17440554393716348,angry,subject_01,subject_01_angry_session_01
9.612,0.17974772670889388,angry,subject_01,subject_01_angry_session_01
9.616,0.1888152993145724,angry,subject_01,subject_01_angry_session_01
9.62,0.15665630992383325,angry,subject_01,subject_01_angry_session_01
9.624,0.17578862479662224,angry,subject_01,subject_01_angry_session_01
9.628,0.13574090432764505,angry,subject_01,subject_01_angry_session_01
9.632,0.0915306864010866,angry,subject_01,subject_01_angry_session_01
9.636,0.21279593433643165,angry,subject_01,subject_01_angry_session_01
9.64,0.18213292658374913,angry,subject_01,subject_01_angry_session_01
9.644,0.2990563442720897,angry,subject_01,subject_01_angry_session_01
9.648,0.1104826283315011,angry,subject_01,subject_01_angry_session_01
9.652,0.2656686514394323,angry,subject_01,subject_01_angry_session_01
9.656,0.3819310003393616,angry,subject_01,subject_01_angry_session_01
9.66,0.2496940104640273,angry,subject_01,subject_01_angry_session_01
9.664,0.26607530977176325,angry,subject_01,subject_01_angry_session_01
9.668,0.29691615634365764,angry,subject_01,subject_01_angry_session_01
9.672,0.3061932790658303,angry,subject_01,subject_01_angry_session_01
9.676,0.2554669714833576,angry,subject_01,subject_01_angry_session_01
9.68,0.22298606576778102,angry,subject_01,subject_01_angry_session_01
9.684,0.3255933928756835,angry,subject_01,subject_01_angry_session_01
9.688,0.17432798854498066,angry,subject_01,subject_01_angry_session_01
9.692,0.34056435525455486,angry,subject_01,subject_01_angry_session_01
9.696,0.2683884952201959,angry,subject_01,subject_01_angry_session_01
9.7,0.2928104264083164,angry,subject_01,subject_01_angry_session_01
9.704,0.26130422191036473,angry,subject_01,subject_01_angry_session_01
9.708,0.3784253376547998,angry,subject_01,subject_01_angry_session_01
9.712,0.3067967971344444,angry,subject_01,subject_01_angry_session_01
9.716,0.27142862428074394,angry,subject_01,subject_01_angry_session_01
9.72,0.26825338347767214,angry,subject_01,subject_01_angry_session_01
9.724,0.2785583797245159,angry,subject_01,subject_01_angry_session_01
9.728,0.4291990370618928,angry,subject_01,subject_01_angry_session_01
9.732,0.20407531817956803,angry,subject_01,subject_01_angry_session_01
9.736,0.34562120359279636,angry,subject_01,subject_01_angry_session_01
9.74,0.3121544637477819,angry,subject_01,subject_01_angry_session_01
9.744,0.36778580525446763,angry,subject_01,subject_01_angry_session_01
9.748,0.3104086342291129,angry,subject_01,subject_01_angry_session_01
9.752,0.2700931695249996,angry,subject_01,subject_01_angry_session_01
9.756,0.3282897093244493,angry,subject_01,subject_01_angry_session_01
9.76,0.27804060703051403,angry,subject_01,subject_01_angry_session_01
9.764,0.3066767475750525,angry,subject_01,subject_01_angry_session_01
9.768,0.34413367039344345,angry,subject_01,subject_01_angry_session_01
9.772,0.2609564506635736,angry,subject_01,subject_01_angry_session_01
9.776,0.22676888718916396,angry,subject_01,subject_01_angry_session_01
9.78,0.21024301425635047,angry,subject_01,subject_01_angry_session_01
9.784,0.27230278995789553,angry,subject_01,subject_01_angry_session_01
9.788,0.18868113467251926,angry,subject_01,subject_01_angry_session_01
9.792,0.21612965283812202,angry,subject_01,subject_01_angry_session_01
9.796,0.17440319449678643,angry,subject_01,subject_01_angry_session_01
9.8,0.25784265340929097,angry,subject_01,subject_01_angry_session_01
9.804,0.17660540179700002,angry,subject_01,subject_01_angry_session_01
9.808,0.13840380502767788,angry,subject_01,subject_01_angry_session_01
9.812,0.14230126071585517,angry,subject_01,subject_01_angry_session_01
9.816,0.1674904854973883,angry,subject_01,subject_01_angry_session_01
9.82,0.16523012738465795,angry,subject_01,subject_01_angry_session_01
9.824,0.2009439283646753,angry,subject_01,subject_01_angry_session_01
9.828,0.16753076315083953,angry,subject_01,subject_01_angry_session_01
9.832,0.1904410708071201,angry,subject_01,subject_01_angry_session_01
9.836,0.18594798344292865,angry,subject_01,subject_01_angry_session_01
9.84,0.19380547457840755,angry,subject_01,subject_01_angry_session_01
9.844,0.025233218331310578,angry,subject_01,subject_01_angry_session_01
9.848,0.06235047670866985,angry,subject_01,subject_01_angry_session_01
9.852,0.15360400403913232,angry,subject_01,subject_01_angry_session_01
9.856,0.12345771763557903,angry,subject_01,subject_01_angry_session_01
9.86,0.16007102829175268,angry,subject_01,subject_01_angry_session_01
9.864,-0.00020659253971364033,angry,subject_01,subject_01_angry_session_01
9.868,0.055270283661135435,angry,subject_01,subject_01_angry_session_01
9.872,0.05776534141873804,angry,subject_01,subject_01_angry_session_01
9.876,0.07778038593845558,angry,subject_01,subject_01_angry_session_01
9.88,0.06268194532876499,angry,subject_01,subject_01_angry_session_01
9.884,0.08194369972454872,angry,subject_01,subject_01_angry_session_01
9.888,0.040727832421027094,angry,subject_01,subject_01_angry_session_01
9.892,0.12429440679340578,angry,subject_01,subject_01_angry_session_01
9.896,0.13830449593613803,angry,subject_01,subject_01_angry_session_01
9.9,-0.034850261701385776,angry,subject_01,subject_01_angry_session_01
9.904,0.030812415292916666,angry,subject_01,subject_01_angry_session_01
9.908,0.07232971791663273,angry,subject_01,subject_01_angry_session_01
9.912,0.056343983553928265,angry,subject_01,subject_01_angry_session_01
9.916,-0.006076670351487633,angry,subject_01,subject_01_angry_session_01
9.92,0.031215290931055475,angry,subject_01,subject_01_angry_session_01
9.924,-0.08123055618873583,angry,subject_01,subject_01_angry_session_01
9.928,0.010770098743260027,angry,subject_01,subject_01_angry_session_01
9.932,-0.0773095257572202,angry,subject_01,subject_01_angry_session_01
9.936,0.03937052634124324,angry,subject_01,subject_01_angry_session_01
9.94,-0.0593889081054044,angry,subject_01,subject_01_angry_session_01
9.944,0.015930080890009177,angry,subject_01,subject_01_angry_session_01
9.948,0.023453923136528762,angry,subject_01,subject_01_angry_session_01
9.952,0.0061499991400222505,angry,subject_01,subject_01_angry_session_01
9.956,-0.04016999877333857,angry,subject_01,subject_01_angry_session_01
9.96,-0.019426696905677512,angry,subject_01,subject_01_angry_session_01
9.964,0.06087166590331682,angry,subject_01,subject_01_angry_session_01
9.968,-0.03281963070792575,angry,subject_01,subject_01_angry_session_01
9.972,0.009365573543457231,angry,subject_01,subject_01_angry_session_01
9.976,0.011080633321476498,angry,subject_01,subject_01_angry_session_01
9.98,0.1703071639940611,angry,subject_01,subject_01_angry_session_01
9.984,0.21019143996074705,angry,subject_01,subject_01_angry_session_01
9.988,0.2863892277165983,angry,subject_01,subject_01_angry_session_01
9.992,0.4824761146213546,angry,subject_01,subject_01_angry_session_01
9.996,0.6286446538392653,angry,subject_01,subject_01_angry_session_01
10.0,0.8838373541815648,angry,subject_01,subject_01_angry_session_01
10.004,0.9343446427801732,angry,subject_01,subject_01_angry_session_01
10.008,0.954522150449475,angry,subject_01,subject_01_angry_session_01
10.012,1.1188478372616955,angry,subject_01,subject_01_angry_session_01
10.016,1.191202368608002,angry,subject_01,subject_01_angry_session_01
10.02,1.09426799738632,angry,subject_01,subject_01_angry_session_01
10.024,0.8448407283036857,angry,subject_01,subject_01_angry_session_01
10.028,0.7464848276680265,angry,subject_01,subject_01_angry_session_01
10.032,0.5920923361776091,angry,subject_01,subject_01_angry_session_01
10.036,0.4217281245754046,angry,subject_01,subject_01_angry_session_01
10.04,0.28853504319935763,angry,subject_01,subject_01_angry_session_01
10.044,0.11439001245337507,angry,subject_01,subject_01_angry_session_01
10.048,-0.016734199654991767,angry,subject_01,subject_01_angry_session_01
10.052,0.033684877260326804,angry,subject_01,subject_01_angry_session_01
10.056,-0.1211549470014586,angry,subject_01,subject_01_angry_session_01
10.06,-0.10839743269224797,angry,subject_01,subject_01_angry_session_01
10.064,-0.11966475112915537,angry,subject_01,subject_01_angry_session_01
10.068,0.00011099905283411954,angry,subject_01,subject_01_angry_session_01
10.072,-0.013965081345266288,angry,subject_01,subject_01_angry_session_01
10.076,0.04668694046214357,angry,subject_01,subject_01_angry_session_01
10.08,-0.042719608498732624,angry,subject_01,subject_01_angry_session_01
10.084,-0.06310608252270952,angry,subject_01,subject_01_angry_session_01
10.088,-0.009056860681827067,angry,subject_01,subject_01_angry_session_01
10.092,0.01084047776730839,angry,subject_01,subject_01_angry_session_01
10.096,0.03794533953522636,angry,subject_01,subject_01_angry_session_01
10.1,-0.07210001374496533,angry,subject_01,subject_01_angry_session_01
10.104,0.06109063861670727,angry,subject_01,subject_01_angry_session_01
10.108,-0.01756199097641551,angry,subject_01,subject_01_angry_session_01
10.112,0.0012325969448734458,angry,subject_01,subject_01_angry_session_01
10.116,0.11477114521110288,angry,subject_01,subject_01_angry_session_01
10.12,-0.0820740702043451,angry,subject_01,subject_01_angry_session_01
10.124,0.07314111909806091,angry,subject_01,subject_01_angry_session_01
10.128,0.07809449948191058,angry,subject_01,subject_01_angry_session_01
10.132,0.015329753126488405,angry,subject_01,subject_01_angry_session_01
10.136,0.04342615857929472,angry,subject_01,subject_01_angry_session_01
10.14,0.14959685952486818,angry,subject_01,subject_01_angry_session_01
10.144,0.20048695746759768,angry,subject_01,subject_01_angry_session_01
10.148,0.1532513281097151,angry,subject_01,subject_01_angry_session_01
10.152,0.2094408960200046,angry,subject_01,subject_01_angry_session_01
10.156,0.061976829743914684,angry,subject_01,subject_01_angry_session_01
10.16,0.016046762688123523,angry,subject_01,subject_01_angry_session_01
10.164,0.11529290475770233,angry,subject_01,subject_01_angry_session_01
10.168,0.17451670817886877,angry,subject_01,subject_01_angry_session_01
10.172,0.022862003993828567,angry,subject_01,subject_01_angry_session_01
10.176,0.08659552846979107,angry,subject_01,subject_01_angry_session_01
10.18,0.1013737904112636,angry,subject_01,subject_01_angry_session_01
10.184,0.17984647024028141,angry,subject_01,subject_01_angry_session_01
10.188,0.18026530164276233,angry,subject_01,subject_01_angry_session_01
10.192,0.12821202439018578,angry,subject_01,subject_01_angry_session_01
10.196,0.19353814587725401,angry,subject_01,subject_01_angry_session_01
10.2,0.12195826534713806,angry,subject_01,subject_01_angry_session_01
10.204,0.17278184824969703,angry,subject_01,subject_01_angry_session_01
10.208,0.12997859322754668,angry,subject_01,subject_01_angry_session_01
10.212,0.20408272145016954,angry,subject_01,subject_01_angry_session_01
10.216,0.1719866681392522,angry,subject_01,subject_01_angry_session_01
10.22,0.26800270387179814,angry,subject_01,subject_01_angry_session_01
10.224,0.23117770198408918,angry,subject_01,subject_01_angry_session_01
10.228,0.22487992688405076,angry,subject_01,subject_01_angry_session_01
10.232,0.34984022174853985,angry,subject_01,subject_01_angry_session_01
10.236,0.2715210961615561,angry,subject_01,subject_01_angry_session_01
10.24,0.23068331082859186,angry,subject_01,subject_01_angry_session_01
10.244,0.22145525952414435,angry,subject_01,subject_01_angry_session_01
10.248,0.1887602728170478,angry,subject_01,subject_01_angry_session_01
10.252,0.25826605729858726,angry,subject_01,subject_01_angry_session_01
10.256,0.28270115839243154,angry,subject_01,subject_01_angry_session_01
10.26,0.15085044034068373,angry,subject_01,subject_01_angry_session_01
10.264,0.18479974552932107,angry,subject_01,subject_01_angry_session_01
10.268,0.2360761564875627,angry,subject_01,subject_01_angry_session_01
10.272,0.20106026818859202,angry,subject_01,subject_01_angry_session_01
10.276,0.2689941712948241,angry,subject_01,subject_01_angry_session_01
10.28,0.2763533328332851,angry,subject_01,subject_01_angry_session_01
10.284,0.25673266297013747,angry,subject_01,subject_01_angry_session_01
10.288,0.29539667039546386,angry,subject_01,subject_01_angry_session_01
10.292,0.22532346166787767,angry,subject_01,subject_01_angry_session_01
10.296,0.25546172259754746,angry,subject_01,subject_01_angry_session_01
10.3,0.1956283487535222,angry,subject_01,subject_01_angry_session_01
10.304,0.27037309803851817,angry,subject_01,subject_01_angry_session_01
10.308,0.25521599404515205,angry,subject_01,subject_01_angry_session_01
10.312,0.17604431622967195,angry,subject_01,subject_01_angry_session_01
10.316,0.23590126844579565,angry,subject_01,subject_01_angry_session_01
10.32,0.24015202679617914,angry,subject_01,subject_01_angry_session_01
10.324,0.2564706990516609,angry,subject_01,subject_01_angry_session_01
10.328,0.25585085255177253,angry,subject_01,subject_01_angry_session_01
10.332,0.19059331623838838,angry,subject_01,subject_01_angry_session_01
10.336,0.2767020880156918,angry,subject_01,subject_01_angry_session_01
10.34,0.25916551928204806,angry,subject_01,subject_01_angry_session_01
10.344,0.18103958445092475,angry,subject_01,subject_01_angry_session_01
10.348,0.15246569091501927,angry,subject_01,subject_01_angry_session_01
10.352,0.17837652778865032,angry,subject_01,subject_01_angry_session_01
10.356,0.12487297797735708,angry,subject_01,subject_01_angry_session_01
10.36,0.22117183413760796,angry,subject_01,subject_01_angry_session_01
10.364,0.2747882706546049,angry,subject_01,subject_01_angry_session_01
10.368,0.28367246350077624,angry,subject_01,subject_01_angry_session_01
10.372,0.127114605073457,angry,subject_01,subject_01_angry_session_01
10.376,0.2332502409575507,angry,subject_01,subject_01_angry_session_01
10.38,0.18414575869186292,angry,subject_01,subject_01_angry_session_01
10.384,0.02783032397024432,angry,subject_01,subject_01_angry_session_01
10.388,0.14365725080397973,angry,subject_01,subject_01_angry_session_01
10.392,0.12853880908122944,angry,subject_01,subject_01_angry_session_01
10.396,0.21896708789392377,angry,subject_01,subject_01_angry_session_01
10.4,0.08488598171554874,angry,subject_01,subject_01_angry_session_01
10.404,0.16149706610197084,angry,subject_01,subject_01_angry_session_01
10.408,0.11168787103363728,angry,subject_01,subject_01_angry_session_01
10.412,0.021684657112015296,angry,subject_01,subject_01_angry_session_01
10.416,0.06563399897220576,angry,subject_01,subject_01_angry_session_01
10.42,0.18109751061893106,angry,subject_01,subject_01_angry_session_01
10.424,0.06942127428638546,angry,subject_01,subject_01_angry_session_01
10.428,0.12506922658213268,angry,subject_01,subject_01_angry_session_01
10.432,0.11301596809262862,angry,subject_01,subject_01_angry_session_01
10.436,0.026696154077998704,angry,subject_01,subject_01_angry_session_01
10.44,-0.031319529832071,angry,subject_01,subject_01_angry_session_01
10.444,-0.03083586654416106,angry,subject_01,subject_01_angry_session_01
10.448,0.11848137987057389,angry,subject_01,subject_01_angry_session_01
10.452,0.034129995398346616,angry,subject_01,subject_01_angry_session_01
10.456,-0.08481815633764689,angry,subject_01,subject_01_angry_session_01
10.46,0.06396992639043145,angry,subject_01,subject_01_angry_session_01
10.464,-0.09803551697336353,angry,subject_01,subject_01_angry_session_01
10.468,-0.04464749276295095,angry,subject_01,subject_01_angry_session_01
10.472,0.006016485760777188,angry,subject_01,subject_01_angry_session_01
10.476,0.14902634033325546,angry,subject_01,subject_01_angry_session_01
10.48,0.043833345689059014,angry,subject_01,subject_01_angry_session_01
10.484,-0.03662362765888681,angry,subject_01,subject_01_angry_session_01
10.488,-0.008196260320929198,angry,subject_01,subject_01_angry_session_01
10.492,0.04337548751434938,angry,subject_01,subject_01_angry_session_01
10.496,0.07185822290905448,angry,subject_01,subject_01_angry_session_01
10.5,-0.02974017826748671,angry,subject_01,subject_01_angry_session_01
10.504,-0.02928672418709801,angry,subject_01,subject_01_angry_session_01
10.508,-0.06726976497436118,angry,subject_01,subject_01_angry_session_01
10.512,0.020863247089903465,angry,subject_01,subject_01_angry_session_01
10.516,0.04024338127414224,angry,subject_01,subject_01_angry_session_01
10.52,-0.14098702225033002,angry,subject_01,subject_01_angry_session_01
10.524,-0.052834276427657936,angry,subject_01,subject_01_angry_session_01
10.528,-0.10586453437800036,angry,subject_01,subject_01_angry_session_01
10.532,-0.024212416707967414,angry,subject_01,subject_01_angry_session_01
10.536,-0.09786477495857256,angry,subject_01,subject_01_angry_session_01
10.54,-0.0752814658154484,angry,subject_01,subject_01_angry_session_01
10.544,0.1245846925622491,angry,subject_01,subject_01_angry_session_01
10.548,0.13149088089075806,angry,subject_01,subject_01_angry_session_01
10.552,0.2536239684125618,angry,subject_01,subject_01_angry_session_01
10.556,0.42537402305191413,angry,subject_01,subject_01_angry_session_01
10.56,0.6162108544940181,angry,subject_01,subject_01_angry_session_01
10.564,0.6934866147123623,angry,subject_01,subject_01_angry_session_01
10.568,0.8413780254467824,angry,subject_01,subject_01_angry_session_01
10.572,0.9577116368167132,angry,subject_01,subject_01_angry_session_01
10.576,1.1175158362792472,angry,subject_01,subject_01_angry_session_01
10.58,1.0656181162980247,angry,subject_01,subject_01_angry_session_01
10.584,1.0118977882513993,angry,subject_01,subject_01_angry_session_01
10.588,0.9592158958038557,angry,subject_01,subject_01_angry_session_01
10.592,0.9095703123148082,angry,subject_01,subject_01_angry_session_01
10.596,0.6411704103985402,angry,subject_01,subject_01_angry_session_01
10.6,0.44838812308073306,angry,subject_01,subject_01_angry_session_01
10.604,0.417011619835702,angry,subject_01,subject_01_angry_session_01
10.608,0.23838221148331087,angry,subject_01,subject_01_angry_session_01
10.612,0.1195670880185189,angry,subject_01,subject_01_angry_session_01
10.616,-0.05632230934005743,angry,subject_01,subject_01_angry_session_01
10.62,-0.1036972236306403,angry,subject_01,subject_01_angry_session_01
10.624,-0.19224165046585512,angry,subject_01,subject_01_angry_session_01
10.628,-0.020471284398504118,angry,subject_01,subject_01_angry_session_01
10.632,-0.060192020238431704,angry,subject_01,subject_01_angry_session_01
10.636,-0.15637548263417947,angry,subject_01,subject_01_angry_session_01
10.64,0.038986093148271124,angry,subject_01,subject_01_angry_session_01
10.644,-0.0412798238095833,angry,subject_01,subject_01_angry_session_01
10.648,-0.025042594621029583,angry,subject_01,subject_01_angry_session_01
10.652,-0.09666561634469535,angry,subject_01,subject_01_angry_session_01
10.656,0.028343467205022385,angry,subject_01,subject_01_angry_session_01
10.66,0.03278260537903998,angry,subject_01,subject_01_angry_session_01
10.664,0.003357196491397175,angry,subject_01,subject_01_angry_session_01
10.668,-0.01529265382436206,angry,subject_01,subject_01_angry_session_01
10.672,0.17112140340397938,angry,subject_01,subject_01_angry_session_01
10.676,-0.05469328636788827,angry,subject_01,subject_01_angry_session_01
10.68,-0.021523021932609725,angry,subject_01,subject_01_angry_session_01
10.684,0.0688083051909472,angry,subject_01,subject_01_angry_session_01
10.688,-0.029700645671273028,angry,subject_01,subject_01_angry_session_01
10.692,-0.02896705995894594,angry,subject_01,subject_01_angry_session_01
10.696,0.1096835705344677,angry,subject_01,subject_01_angry_session_01
10.7,0.08387672575820135,angry,subject_01,subject_01_angry_session_01
10.704,0.08268753367878504,angry,subject_01,subject_01_angry_session_01
10.708,0.07091690503934737,angry,subject_01,subject_01_angry_session_01
10.712,0.025130494617729524,angry,subject_01,subject_01_angry_session_01
10.716,0.058422853223004015,angry,subject_01,subject_01_angry_session_01
10.72,0.0760171175037887,angry,subject_01,subject_01_angry_session_01
10.724,0.13894892559001512,angry,subject_01,subject_01_angry_session_01
10.728,0.12135519155396644,angry,subject_01,subject_01_angry_session_01
10.732,0.04794887715282575,angry,subject_01,subject_01_angry_session_01
10.736,0.15896705337408984,angry,subject_01,subject_01_angry_session_01
10.74,0.018986870435124648,angry,subject_01,subject_01_angry_session_01
10.744,0.10866785952636604,angry,subject_01,subject_01_angry_session_01
10.748,0.0676223394950319,angry,subject_01,subject_01_angry_session_01
10.752,0.09298777354481505,angry,subject_01,subject_01_angry_session_01
10.756,0.26825301795436374,angry,subject_01,subject_01_angry_session_01
10.76,0.07259311250353809,angry,subject_01,subject_01_angry_session_01
10.764,0.11974491659093928,angry,subject_01,subject_01_angry_session_01
10.768,0.20742549891919856,angry,subject_01,subject_01_angry_session_01
10.772,0.1563020821266064,angry,subject_01,subject_01_angry_session_01
10.776,0.20128694964054808,angry,subject_01,subject_01_angry_session_01
10.78,0.28488319466314316,angry,subject_01,subject_01_angry_session_01
10.784,0.24520658045381755,angry,subject_01,subject_01_angry_session_01
10.788,0.18424708437734102,angry,subject_01,subject_01_angry_session_01
10.792,0.21036550750926183,angry,subject_01,subject_01_angry_session_01
10.796,0.25579164248007336,angry,subject_01,subject_01_angry_session_01
10.8,0.26713561753544923,angry,subject_01,subject_01_angry_session_01
10.804,0.23484969112358672,angry,subject_01,subject_01_angry_session_01
10.808,0.25927493193698453,angry,subject_01,subject_01_angry_session_01
10.812,0.26281678211500953,angry,subject_01,subject_01_angry_session_01
10.816,0.23851154762948898,angry,subject_01,subject_01_angry_session_01
10.82,0.21009100563833694,angry,subject_01,subject_01_angry_session_01
10.824,0.2927618415197922,angry,subject_01,subject_01_angry_session_01
10.828,0.26696639598499217,angry,subject_01,subject_01_angry_session_01
10.832,0.12532222496149603,angry,subject_01,subject_01_angry_session_01
10.836,0.20084789380955947,angry,subject_01,subject_01_angry_session_01
10.84,0.22130073719371898,angry,subject_01,subject_01_angry_session_01
10.844,0.23737922747294798,angry,subject_01,subject_01_angry_session_01
10.848,0.3205948943981088,angry,subject_01,subject_01_angry_session_01
10.852,0.43905956652019595,angry,subject_01,subject_01_angry_session_01
10.856,0.09765142217248338,angry,subject_01,subject_01_angry_session_01
10.86,0.26145361998720096,angry,subject_01,subject_01_angry_session_01
10.864,0.24516911071853661,angry,subject_01,subject_01_angry_session_01
10.868,0.22781111855334685,angry,subject_01,subject_01_angry_session_01
10.872,0.268746654482096,angry,subject_01,subject_01_angry_session_01
10.876,0.2426058404611739,angry,subject_01,subject_01_angry_session_01
10.88,0.20932667875316446,angry,subject_01,subject_01_angry_session_01
10.884,0.23012581593327486,angry,subject_01,subject_01_angry_session_01
10.888,0.25909627493387194,angry,subject_01,subject_01_angry_session_01
10.892,0.2506912687030284,angry,subject_01,subject_01_angry_session_01
10.896,0.23157740968405016,angry,subject_01,subject_01_angry_session_01
10.9,0.18244003739757986,angry,subject_01,subject_01_angry_session_01
10.904,0.38367896405382995,angry,subject_01,subject_01_angry_session_01
10.908,0.23303718182445118,angry,subject_01,subject_01_angry_session_01
10.912,0.253952244787501,angry,subject_01,subject_01_angry_session_01
10.916,0.17422148118203254,angry,subject_01,subject_01_angry_session_01
10.92,0.21223946599363203,angry,subject_01,subject_01_angry_session_01
10.924,0.20757127811287482,angry,subject_01,subject_01_angry_session_01
10.928,0.07734990340985784,angry,subject_01,subject_01_angry_session_01
10.932,0.14399651838388475,angry,subject_01,subject_01_angry_session_01
10.936,0.1373183305803251,angry,subject_01,subject_01_angry_session_01
10.94,0.13930791340385068,angry,subject_01,subject_01_angry_session_01
10.944,0.10452073932362829,angry,subject_01,subject_01_angry_session_01
10.948,0.16419023076996436,angry,subject_01,subject_01_angry_session_01
10.952,0.23774026054038094,angry,subject_01,subject_01_angry_session_01
10.956,0.1535954462581111,angry,subject_01,subject_01_angry_session_01
10.96,0.06633472102020915,angry,subject_01,subject_01_angry_session_01
10.964,0.06644200159825857,angry,subject_01,subject_01_angry_session_01
10.968,0.0964730149813844,angry,subject_01,subject_01_angry_session_01
10.972,0.024756824215861728,angry,subject_01,subject_01_angry_session_01
10.976,0.11844363338257322,angry,subject_01,subject_01_angry_session_01
10.98,0.17182249383382608,angry,subject_01,subject_01_angry_session_01
10.984,0.046611480260975634,angry,subject_01,subject_01_angry_session_01
10.988,0.07642033811024943,angry,subject_01,subject_01_angry_session_01
10.992,0.037041749952403794,angry,subject_01,subject_01_angry_session_01
10.996,0.01624474781016158,angry,subject_01,subject_01_angry_session_01
11.0,0.05702188558523853,angry,subject_01,subject_01_angry_session_01
11.004,-0.002089092509505508,angry,subject_01,subject_01_angry_session_01
11.008,-0.018252320709287683,angry,subject_01,subject_01_angry_session_01
11.012,-0.07385111567500986,angry,subject_01,subject_01_angry_session_01
11.016,0.02076841027939816,angry,subject_01,subject_01_angry_session_01
11.02,0.07504124332578319,angry,subject_01,subject_01_angry_session_01
11.024,0.04812604598760667,angry,subject_01,subject_01_angry_session_01
11.028,0.09040260297877807,angry,subject_01,subject_01_angry_session_01
11.032,-0.04388217000558242,angry,subject_01,subject_01_angry_session_01
11.036,0.04382867004108319,angry,subject_01,subject_01_angry_session_01
11.04,-0.07673040443813409,angry,subject_01,subject_01_angry_session_01
11.044,0.029053733317493047,angry,subject_01,subject_01_angry_session_01
11.048,0.08260843440507551,angry,subject_01,subject_01_angry_session_01
11.052,0.011671699399129265,angry,subject_01,subject_01_angry_session_01
11.056,0.07960604648668321,angry,subject_01,subject_01_angry_session_01
11.06,-0.05761744672624971,angry,subject_01,subject_01_angry_session_01
11.064,-0.03109958063216776,angry,subject_01,subject_01_angry_session_01
11.068,-0.07916278926697541,angry,subject_01,subject_01_angry_session_01
11.072,-0.023250525329404186,angry,subject_01,subject_01_angry_session_01
11.076,-0.01043439164702854,angry,subject_01,subject_01_angry_session_01
11.08,-0.026851878149657702,angry,subject_01,subject_01_angry_session_01
11.084,-0.05961608140345365,angry,subject_01,subject_01_angry_session_01
11.088,-0.06450041245359042,angry,subject_01,subject_01_angry_session_01
11.092,-0.018627118630612498,angry,subject_01,subject_01_angry_session_01
11.096,-0.05098197724652878,angry,subject_01,subject_01_angry_session_01
11.1,-0.1053312244935444,angry,subject_01,subject_01_angry_session_01
11.104,-0.13017253270348447,angry,subject_01,subject_01_angry_session_01
11.108,-0.00928526482588964,angry,subject_01,subject_01_angry_session_01
11.112,0.015750709258796486,angry,subject_01,subject_01_angry_session_01
11.116,0.1527779925325064,angry,subject_01,subject_01_angry_session_01
11.12,0.31079293374098926,angry,subject_01,subject_01_angry_session_01
11.124,0.4813722565958073,angry,subject_01,subject_01_angry_session_01
11.128,0.6119939405157001,angry,subject_01,subject_01_angry_session_01
11.132,0.9374766528115336,angry,subject_01,subject_01_angry_session_01
11.136,0.8600328176225138,angry,subject_01,subject_01_angry_session_01
11.14,1.0982575417694025,angry,subject_01,subject_01_angry_session_01
11.144,1.0546300933023645,angry,subject_01,subject_01_angry_session_01
11.148,1.006528424953666,angry,subject_01,subject_01_angry_session_01
11.152,1.0071371636981383,angry,subject_01,subject_01_angry_session_01
11.156,0.8233513614793738,angry,subject_01,subject_01_angry_session_01
11.16,0.6475032258857826,angry,subject_01,subject_01_angry_session_01
11.164,0.6326901997862836,angry,subject_01,subject_01_angry_session_01
11.168,0.22471987800750767,angry,subject_01,subject_01_angry_session_01
11.172,0.19012129824323315,angry,subject_01,subject_01_angry_session_01
11.176,0.09342392485981905,angry,subject_01,subject_01_angry_session_01
11.18,0.07838108425093678,angry,subject_01,subject_01_angry_session_01
11.184,-0.0834133006507606,angry,subject_01,subject_01_angry_session_01
11.188,0.07651359070375599,angry,subject_01,subject_01_angry_session_01
11.192,-0.03952788459109587,angry,subject_01,subject_01_angry_session_01
11.196,-0.21617758310664092,angry,subject_01,subject_01_angry_session_01
11.2,-0.14518606556972788,angry,subject_01,subject_01_angry_session_01
11.204,-0.027565559742787467,angry,subject_01,subject_01_angry_session_01
11.208,-0.09689329476248887,angry,subject_01,subject_01_angry_session_01
11.212,0.014791503376251163,angry,subject_01,subject_01_angry_session_01
11.216,-0.03797485591278402,angry,subject_01,subject_01_angry_session_01
11.22,-0.07714239542082936,angry,subject_01,subject_01_angry_session_01
11.224,-0.05898844246789266,angry,subject_01,subject_01_angry_session_01
11.228,0.053792220260311045,angry,subject_01,subject_01_angry_session_01
11.232,-0.11500063660741974,angry,subject_01,subject_01_angry_session_01
11.236,0.07291035917398056,angry,subject_01,subject_01_angry_session_01
11.24,0.07870450994360521,angry,subject_01,subject_01_angry_session_01
11.244,-0.0013449325829511978,angry,subject_01,subject_01_angry_session_01
11.248,-0.06112939189400944,angry,subject_01,subject_01_angry_session_01
11.252,0.061387556859054185,angry,subject_01,subject_01_angry_session_01
11.256,0.004058490644218385,angry,subject_01,subject_01_angry_session_01
11.26,-0.05215510546069954,angry,subject_01,subject_01_angry_session_01
11.264,0.15911897782254747,angry,subject_01,subject_01_angry_session_01
11.268,-0.002372338571117863,angry,subject_01,subject_01_angry_session_01
11.272,-0.03121750024851363,angry,subject_01,subject_01_angry_session_01
11.276,0.08092199438969962,angry,subject_01,subject_01_angry_session_01
11.28,0.06673194574677567,angry,subject_01,subject_01_angry_session_01
11.284,0.16721950142609027,angry,subject_01,subject_01_angry_session_01
11.288,0.06270593217612665,angry,subject_01,subject_01_angry_session_01
11.292,0.07105107857182905,angry,subject_01,subject_01_angry_session_01
11.296,0.1212714731574073,angry,subject_01,subject_01_angry_session_01
11.3,0.12120872026605407,angry,subject_01,subject_01_angry_session_01
11.304,0.13125981453917104,angry,subject_01,subject_01_angry_session_01
11.308,0.14210118589395973,angry,subject_01,subject_01_angry_session_01
11.312,0.14405813674882928,angry,subject_01,subject_01_angry_session_01
11.316,0.11762116144911552,angry,subject_01,subject_01_angry_session_01
11.32,0.20099089447882174,angry,subject_01,subject_01_angry_session_01
11.324,0.1378049527793506,angry,subject_01,subject_01_angry_session_01
11.328,0.2159326960609298,angry,subject_01,subject_01_angry_session_01
11.332,0.259069429758211,angry,subject_01,subject_01_angry_session_01
11.336,0.14309668408735962,angry,subject_01,subject_01_angry_session_01
11.34,0.33573120084465763,angry,subject_01,subject_01_angry_session_01
11.344,0.15614085675970715,angry,subject_01,subject_01_angry_session_01
11.348,0.16368802235628338,angry,subject_01,subject_01_angry_session_01
11.352,0.24516031203592764,angry,subject_01,subject_01_angry_session_01
11.356,0.24560004012747447,angry,subject_01,subject_01_angry_session_01
11.36,0.22931960259543394,angry,subject_01,subject_01_angry_session_01
11.364,0.27953590095896425,angry,subject_01,subject_01_angry_session_01
11.368,0.25052570222772325,angry,subject_01,subject_01_angry_session_01
11.372,0.36371256010141373,angry,subject_01,subject_01_angry_session_01
11.376,0.2404294690027933,angry,subject_01,subject_01_angry_session_01
11.38,0.1956509777753467,angry,subject_01,subject_01_angry_session_01
11.384,0.21655265214898772,angry,subject_01,subject_01_angry_session_01
11.388,0.2801075289462454,angry,subject_01,subject_01_angry_session_01
11.392,0.2826045476230564,angry,subject_01,subject_01_angry_session_01
11.396,0.26691728964081857,angry,subject_01,subject_01_angry_session_01
11.4,0.2041240219414346,angry,subject_01,subject_01_angry_session_01
11.404,0.321691788523081,angry,subject_01,subject_01_angry_session_01
11.408,0.3710191279607252,angry,subject_01,subject_01_angry_session_01
11.412,0.25576832235061736,angry,subject_01,subject_01_angry_session_01
11.416,0.36149895662817183,angry,subject_01,subject_01_angry_session_01
11.42,0.30336599202086667,angry,subject_01,subject_01_angry_session_01
11.424,0.3827688246552293,angry,subject_01,subject_01_angry_session_01
11.428,0.2760409439851267,angry,subject_01,subject_01_angry_session_01
11.432,0.2537378170898422,angry,subject_01,subject_01_angry_session_01
11.436,0.29381289024868873,angry,subject_01,subject_01_angry_session_01
11.44,0.2148865173005811,angry,subject_01,subject_01_angry_session_01
11.444,0.26289770769464116,angry,subject_01,subject_01_angry_session_01
11.448,0.3158409373728403,angry,subject_01,subject_01_angry_session_01
11.452,0.28266624090288683,angry,subject_01,subject_01_angry_session_01
11.456,0.22910762176769084,angry,subject_01,subject_01_angry_session_01
11.46,0.24042159078524108,angry,subject_01,subject_01_angry_session_01
11.464,0.2712301972746989,angry,subject_01,subject_01_angry_session_01
11.468,0.2665195047071489,angry,subject_01,subject_01_angry_session_01
11.472,0.26520941147095134,angry,subject_01,subject_01_angry_session_01
11.476,0.23754632988852104,angry,subject_01,subject_01_angry_session_01
11.48,0.1644499789092654,angry,subject_01,subject_01_angry_session_01
11.484,0.17046773762912126,angry,subject_01,subject_01_angry_session_01
11.488,0.2341561797514223,angry,subject_01,subject_01_angry_session_01
11.492,0.2520841831016023,angry,subject_01,subject_01_angry_session_01
11.496,0.23957631093475948,angry,subject_01,subject_01_angry_session_01
11.5,0.15172413081367622,angry,subject_01,subject_01_angry_session_01
11.504,0.17742894158695877,angry,subject_01,subject_01_angry_session_01
11.508,0.10977334783698947,angry,subject_01,subject_01_angry_session_01
11.512,0.08994352119865337,angry,subject_01,subject_01_angry_session_01
11.516,0.17099943043781912,angry,subject_01,subject_01_angry_session_01
11.52,0.2397933644170312,angry,subject_01,subject_01_angry_session_01
11.524,0.1560419476332237,angry,subject_01,subject_01_angry_session_01
11.528,0.2559062118525855,angry,subject_01,subject_01_angry_session_01
11.532,0.12262101891421591,angry,subject_01,subject_01_angry_session_01
11.536,0.12515399639363173,angry,subject_01,subject_01_angry_session_01
11.54,0.05448547536261771,angry,subject_01,subject_01_angry_session_01
11.544,0.08371812405901521,angry,subject_01,subject_01_angry_session_01
11.548,0.023797104081440784,angry,subject_01,subject_01_angry_session_01
11.552,-0.006762450644921106,angry,subject_01,subject_01_angry_session_01
11.556,0.006555528435756214,angry,subject_01,subject_01_angry_session_01
11.56,0.0733093459321839,angry,subject_01,subject_01_angry_session_01
11.564,0.015609439791917784,angry,subject_01,subject_01_angry_session_01
11.568,0.02185533210798622,angry,subject_01,subject_01_angry_session_01
11.572,0.06894074330664487,angry,subject_01,subject_01_angry_session_01
11.576,-0.05557748999632991,angry,subject_01,subject_01_angry_session_01
11.58,0.035739892057716154,angry,subject_01,subject_01_angry_session_01
11.584,0.07582786859947327,angry,subject_01,subject_01_angry_session_01
11.588,0.07562306419516714,angry,subject_01,subject_01_angry_session_01
11.592,0.04568288497851003,angry,subject_01,subject_01_angry_session_01
11.596,0.007214910213174898,angry,subject_01,subject_01_angry_session_01
11.6,-0.030926340025080556,angry,subject_01,subject_01_angry_session_01
11.604,-0.001824060814248134,angry,subject_01,subject_01_angry_session_01
11.608,0.09938028781136049,angry,subject_01,subject_01_angry_session_01
11.612,0.01401276797935488,angry,subject_01,subject_01_angry_session_01
11.616,-0.010962064279219964,angry,subject_01,subject_01_angry_session_01
11.62,0.027424474989783624,angry,subject_01,subject_01_angry_session_01
11.624,-0.004967418049839957,angry,subject_01,subject_01_angry_session_01
11.628,0.004298349320671854,angry,subject_01,subject_01_angry_session_01
11.632,-0.025147102518066317,angry,subject_01,subject_01_angry_session_01
11.636,-0.03622221375095074,angry,subject_01,subject_01_angry_session_01
11.64,0.04739064001406003,angry,subject_01,subject_01_angry_session_01
11.644,-0.13080283340583365,angry,subject_01,subject_01_angry_session_01
11.648,0.012726489498828732,angry,subject_01,subject_01_angry_session_01
11.652,-0.04793472747151599,angry,subject_01,subject_01_angry_session_01
11.656,-0.13782292152341144,angry,subject_01,subject_01_angry_session_01
11.66,-0.08523165930607288,angry,subject_01,subject_01_angry_session_01
11.664,-0.027125203683312633,angry,subject_01,subject_01_angry_session_01
11.668,-0.005417890044710574,angry,subject_01,subject_01_angry_session_01
11.672,0.0661631320305642,angry,subject_01,subject_01_angry_session_01
11.676,0.1308332413382502,angry,subject_01,subject_01_angry_session_01
11.68,0.08175795567974227,angry,subject_01,subject_01_angry_session_01
11.684,0.32026051709388764,angry,subject_01,subject_01_angry_session_01
11.688,0.48882771259907287,angry,subject_01,subject_01_angry_session_01
11.692,0.6189266377375148,angry,subject_01,subject_01_angry_session_01
11.696,0.7950250303869111,angry,subject_01,subject_01_angry_session_01
11.7,0.7899574690145093,angry,subject_01,subject_01_angry_session_01
11.704,0.9533754694053695,angry,subject_01,subject_01_angry_session_01
11.708,1.1541491446662944,angry,subject_01,subject_01_angry_session_01
11.712,1.0591094438370545,angry,subject_01,subject_01_angry_session_01
11.716,1.155891983941574,angry,subject_01,subject_01_angry_session_01
11.72,0.8411765975294735,angry,subject_01,subject_01_angry_session_01
11.724,0.8679789047714457,angry,subject_01,subject_01_angry_session_01
11.728,0.5709937612014467,angry,subject_01,subject_01_angry_session_01
11.732,0.4879326780015738,angry,subject_01,subject_01_angry_session_01
11.736,0.2587915379266701,angry,subject_01,subject_01_angry_session_01
11.74,0.14880499285330465,angry,subject_01,subject_01_angry_session_01
11.744,0.07607392473519697,angry,subject_01,subject_01_angry_session_01
11.748,-0.0626246902403392,angry,subject_01,subject_01_angry_session_01
11.752,-0.011785901883363412,angry,subject_01,subject_01_angry_session_01
11.756,-0.08483287337055215,angry,subject_01,subject_01_angry_session_01
11.76,-0.05104188904076131,angry,subject_01,subject_01_angry_session_01
11.764,-0.2053778718521615,angry,subject_01,subject_01_angry_session_01
11.768,-0.050162633433473755,angry,subject_01,subject_01_angry_session_01
11.772,0.06071190984327282,angry,subject_01,subject_01_angry_session_01
11.776,0.038137649011681055,angry,subject_01,subject_01_angry_session_01
11.78,0.05808367509009806,angry,subject_01,subject_01_angry_session_01
11.784,0.014210779920739674,angry,subject_01,subject_01_angry_session_01
11.788,0.11630217789432032,angry,subject_01,subject_01_angry_session_01
11.792,0.0370600769166221,angry,subject_01,subject_01_angry_session_01
11.796,-0.01603840384610492,angry,subject_01,subject_01_angry_session_01
11.8,0.07874356465986745,angry,subject_01,subject_01_angry_session_01
11.804,0.08684846514592284,angry,subject_01,subject_01_angry_session_01
11.808,0.07357959624777478,angry,subject_01,subject_01_angry_session_01
11.812,0.016223008262175764,angry,subject_01,subject_01_angry_session_01
11.816,0.06217929001620663,angry,subject_01,subject_01_angry_session_01
11.82,0.13408597594559798,angry,subject_01,subject_01_angry_session_01
11.824,0.08464146228120706,angry,subject_01,subject_01_angry_session_01
11.828,-0.02686874775776637,angry,subject_01,subject_01_angry_session_01
11.832,0.030183849880304203,angry,subject_01,subject_01_angry_session_01
11.836,0.033805488947910536,angry,subject_01,subject_01_angry_session_01
11.84,0.035764993525445654,angry,subject_01,subject_01_angry_session_01
11.844,-0.038669131541182164,angry,subject_01,subject_01_angry_session_01
11.848,0.20869292062447073,angry,subject_01,subject_01_angry_session_01
11.852,0.05018134293427215,angry,subject_01,subject_01_angry_session_01
11.856,0.06225204123377847,angry,subject_01,subject_01_angry_session_01
11.86,0.0019236339732081054,angry,subject_01,subject_01_angry_session_01
11.864,0.17852965209964317,angry,subject_01,subject_01_angry_session_01
11.868,0.12936099945028115,angry,subject_01,subject_01_angry_session_01
11.872,0.12214593650651993,angry,subject_01,subject_01_angry_session_01
11.876,0.1337923052052329,angry,subject_01,subject_01_angry_session_01
11.88,0.1954583644197008,angry,subject_01,subject_01_angry_session_01
11.884,0.13991260375765324,angry,subject_01,subject_01_angry_session_01
11.888,0.05786770579284202,angry,subject_01,subject_01_angry_session_01
11.892,0.10811794386009714,angry,subject_01,subject_01_angry_session_01
11.896,0.11328575915834099,angry,subject_01,subject_01_angry_session_01
11.9,0.21852709357848177,angry,subject_01,subject_01_angry_session_01
11.904,0.26570733770572763,angry,subject_01,subject_01_angry_session_01
11.908,0.30549137747233135,angry,subject_01,subject_01_angry_session_01
11.912,0.12678025832585893,angry,subject_01,subject_01_angry_session_01
11.916,0.2690719268676865,angry,subject_01,subject_01_angry_session_01
11.92,0.20154318556895826,angry,subject_01,subject_01_angry_session_01
11.924,0.42001844385305354,angry,subject_01,subject_01_angry_session_01
11.928,0.3333247714902593,angry,subject_01,subject_01_angry_session_01
11.932,0.3576322955756538,angry,subject_01,subject_01_angry_session_01
11.936,0.3083526715082896,angry,subject_01,subject_01_angry_session_01
11.94,0.28726749325919165,angry,subject_01,subject_01_angry_session_01
11.944,0.24379280160176192,angry,subject_01,subject_01_angry_session_01
11.948,0.23501959853774118,angry,subject_01,subject_01_angry_session_01
11.952,0.22543967806836276,angry,subject_01,subject_01_angry_session_01
11.956,0.31240930610552897,angry,subject_01,subject_01_angry_session_01
11.96,0.3703420429540011,angry,subject_01,subject_01_angry_session_01
11.964,0.25614654315717356,angry,subject_01,subject_01_angry_session_01
11.968,0.2345517191934659,angry,subject_01,subject_01_angry_session_01
11.972,0.18875331765783998,angry,subject_01,subject_01_angry_session_01
11.976,0.29188745115952247,angry,subject_01,subject_01_angry_session_01
11.98,0.35001892826521863,angry,subject_01,subject_01_angry_session_01
11.984,0.3517403507198767,angry,subject_01,subject_01_angry_session_01
11.988,0.3561142540797736,angry,subject_01,subject_01_angry_session_01
11.992,0.29651792765781065,angry,subject_01,subject_01_angry_session_01
11.996,0.2749966390349482,angry,subject_01,subject_01_angry_session_01
12.0,0.3443632625668246,angry,subject_01,subject_01_angry_session_01
12.004,0.19855832133745527,angry,subject_01,subject_01_angry_session_01
12.008,0.23636977027974104,angry,subject_01,subject_01_angry_session_01
12.012,0.363079858898395,angry,subject_01,subject_01_angry_session_01
12.016,0.1935272020528002,angry,subject_01,subject_01_angry_session_01
12.02,0.2534822355597996,angry,subject_01,subject_01_angry_session_01
12.024,0.2909419367061451,angry,subject_01,subject_01_angry_session_01
12.028,0.25548599514304693,angry,subject_01,subject_01_angry_session_01
12.032,0.31687340497042166,angry,subject_01,subject_01_angry_session_01
12.036,0.3367185121194277,angry,subject_01,subject_01_angry_session_01
12.04,0.2710669427257575,angry,subject_01,subject_01_angry_session_01
12.044,0.3225881683487315,angry,subject_01,subject_01_angry_session_01
12.048,0.18009357926218486,angry,subject_01,subject_01_angry_session_01
12.052,0.22266692143640884,angry,subject_01,subject_01_angry_session_01
12.056,0.3723561320181226,angry,subject_01,subject_01_angry_session_01
12.06,0.34011546151417715,angry,subject_01,subject_01_angry_session_01
12.064,0.14194469537545595,angry,subject_01,subject_01_angry_session_01
12.068,0.21231008091399955,angry,subject_01,subject_01_angry_session_01
12.072,0.21522766355412526,angry,subject_01,subject_01_angry_session_01
12.076,0.22550787753575283,angry,subject_01,subject_01_angry_session_01
12.08,0.26988610937296803,angry,subject_01,subject_01_angry_session_01
12.084,0.2962181341169998,angry,subject_01,subject_01_angry_session_01
12.088,0.18007538454686983,angry,subject_01,subject_01_angry_session_01
12.092,0.2367013706568852,angry,subject_01,subject_01_angry_session_01
12.096,0.19948163086976656,angry,subject_01,subject_01_angry_session_01
12.1,0.15026187621670084,angry,subject_01,subject_01_angry_session_01
12.104,0.04039667243052676,angry,subject_01,subject_01_angry_session_01
12.108,0.1940571391772497,angry,subject_01,subject_01_angry_session_01
12.112,0.1599207697760457,angry,subject_01,subject_01_angry_session_01
12.116,0.13773380730806803,angry,subject_01,subject_01_angry_session_01
12.12,0.046408182695600875,angry,subject_01,subject_01_angry_session_01
12.124,0.21401589905441004,angry,subject_01,subject_01_angry_session_01
12.128,0.09713064523878878,angry,subject_01,subject_01_angry_session_01
12.132,0.01140906787926585,angry,subject_01,subject_01_angry_session_01
12.136,-0.0058913266885606,angry,subject_01,subject_01_angry_session_01
12.14,0.10574026585549681,angry,subject_01,subject_01_angry_session_01
12.144,0.10088746855208623,angry,subject_01,subject_01_angry_session_01
12.148,0.02456613779814409,angry,subject_01,subject_01_angry_session_01
12.152,0.07453840142898685,angry,subject_01,subject_01_angry_session_01
12.156,0.08180747453821686,angry,subject_01,subject_01_angry_session_01
12.16,0.04564025821460101,angry,subject_01,subject_01_angry_session_01
12.164,-0.008838638273691059,angry,subject_01,subject_01_angry_session_01
12.168,0.08739773969487002,angry,subject_01,subject_01_angry_session_01
12.172,0.0768958451772232,angry,subject_01,subject_01_angry_session_01
12.176,0.058033895962841614,angry,subject_01,subject_01_angry_session_01
12.18,-0.02833734206271252,angry,subject_01,subject_01_angry_session_01
12.184,-0.06011929668071059,angry,subject_01,subject_01_angry_session_01
12.188,0.022697066847399344,angry,subject_01,subject_01_angry_session_01
12.192,0.0725128056440563,angry,subject_01,subject_01_angry_session_01
12.196,0.07801884204131466,angry,subject_01,subject_01_angry_session_01
12.2,0.04967079211158355,angry,subject_01,subject_01_angry_session_01
12.204,-0.013390625559880685,angry,subject_01,subject_01_angry_session_01
12.208,-0.03582258585591413,angry,subject_01,subject_01_angry_session_01
12.212,0.00958400356063023,angry,subject_01,subject_01_angry_session_01
12.216,0.007277727437545639,angry,subject_01,subject_01_angry_session_01
12.22,0.07020675053753099,angry,subject_01,subject_01_angry_session_01
12.224,-0.02894291661252543,angry,subject_01,subject_01_angry_session_01
12.228,-0.024723046922787383,angry,subject_01,subject_01_angry_session_01
12.232,0.13048579568886076,angry,subject_01,subject_01_angry_session_01
12.236,0.12501634313817472,angry,subject_01,subject_01_angry_session_01
12.24,0.02843548269383859,angry,subject_01,subject_01_angry_session_01
12.244,0.24949052833755758,angry,subject_01,subject_01_angry_session_01
12.248,0.20581593307720059,angry,subject_01,subject_01_angry_session_01
12.252,0.38637313731210293,angry,subject_01,subject_01_angry_session_01
12.256,0.5504556808927799,angry,subject_01,subject_01_angry_session_01
12.26,0.7266048782554204,angry,subject_01,subject_01_angry_session_01
12.264,0.9183278438718369,angry,subject_01,subject_01_angry_session_01
12.268,1.00920080214782,angry,subject_01,subject_01_angry_session_01
12.272,1.1184786983998565,angry,subject_01,subject_01_angry_session_01
12.276,1.0829677102391833,angry,subject_01,subject_01_angry_session_01
12.28,1.0975918783382372,angry,subject_01,subject_01_angry_session_01
12.284,0.9936454010025143,angry,subject_01,subject_01_angry_session_01
12.288,0.7750225210279738,angry,subject_01,subject_01_angry_session_01
12.292,0.7273827846660614,angry,subject_01,subject_01_angry_session_01
12.296,0.5325036638955382,angry,subject_01,subject_01_angry_session_01
12.3,0.3179485609722278,angry,subject_01,subject_01_angry_session_01
12.304,0.1898435981266189,angry,subject_01,subject_01_angry_session_01
12.308,0.0765809124573619,angry,subject_01,subject_01_angry_session_01
12.312,0.006370841644816726,angry,subject_01,subject_01_angry_session_01
12.316,0.08099817412610749,angry,subject_01,subject_01_angry_session_01
12.32,0.08331563486211871,angry,subject_01,subject_01_angry_session_01
12.324,-0.20363264690705377,angry,subject_01,subject_01_angry_session_01
12.328,0.0021237772451853203,angry,subject_01,subject_01_angry_session_01
12.332,0.046787806261329654,angry,subject_01,subject_01_angry_session_01
12.336,-0.00766578295126977,angry,subject_01,subject_01_angry_session_01
12.34,0.0738159195066266,angry,subject_01,subject_01_angry_session_01
12.344,0.12691443565100732,angry,subject_01,subject_01_angry_session_01
12.348,-0.047770999888435736,angry,subject_01,subject_01_angry_session_01
12.352,0.04769982521389474,angry,subject_01,subject_01_angry_session_01
12.356,0.16128138410590162,angry,subject_01,subject_01_angry_session_01
12.36,-0.026554094656261303,angry,subject_01,subject_01_angry_session_01
12.364,0.044603162484500324,angry,subject_01,subject_01_angry_session_01
12.368,0.028566806172645818,angry,subject_01,subject_01_angry_session_01
12.372,0.12277206870385558,angry,subject_01,subject_01_angry_session_01
12.376,0.13559491247923644,angry,subject_01,subject_01_angry_session_01
12.38,0.0786133783175269,angry,subject_01,subject_01_angry_session_01
12.384,0.07586050838430031,angry,subject_01,subject_01_angry_session_01
12.388,-0.023861991852469427,angry,subject_01,subject_01_angry_session_01
12.392,0.17033177754667397,angry,subject_01,subject_01_angry_session_01
12.396,0.06973074909408654,angry,subject_01,subject_01_angry_session_01
12.4,0.08865063721494723,angry,subject_01,subject_01_angry_session_01
12.404,0.1620491051210855,angry,subject_01,subject_01_angry_session_01
12.408,0.12245604425040924,angry,subject_01,subject_01_angry_session_01
12.412,0.1779489335076623,angry,subject_01,subject_01_angry_session_01
12.416,0.16129714827443614,angry,subject_01,subject_01_angry_session_01
12.42,0.14493088577230911,angry,subject_01,subject_01_angry_session_01
12.424,0.15915640605311887,angry,subject_01,subject_01_angry_session_01
12.428,0.0811796178619765,angry,subject_01,subject_01_angry_session_01
12.432,0.14778507192059717,angry,subject_01,subject_01_angry_session_01
12.436,0.2300751462625392,angry,subject_01,subject_01_angry_session_01
12.44,0.11951883950384687,angry,subject_01,subject_01_angry_session_01
12.444,0.1389853375008856,angry,subject_01,subject_01_angry_session_01
12.448,0.1376096903980448,angry,subject_01,subject_01_angry_session_01
12.452,0.20805453859421238,angry,subject_01,subject_01_angry_session_01
12.456,0.2914042484865913,angry,subject_01,subject_01_angry_session_01
12.46,0.248374763660003,angry,subject_01,subject_01_angry_session_01
12.464,0.09306652912101587,angry,subject_01,subject_01_angry_session_01
12.468,0.27054157754183084,angry,subject_01,subject_01_angry_session_01
12.472,0.21279343491586683,angry,subject_01,subject_01_angry_session_01
12.476,0.27728646513749017,angry,subject_01,subject_01_angry_session_01
12.48,0.24482435248066536,angry,subject_01,subject_01_angry_session_01
12.484,0.20886209208456583,angry,subject_01,subject_01_angry_session_01
12.488,0.2624812797548795,angry,subject_01,subject_01_angry_session_01
12.492,0.24611032544675054,angry,subject_01,subject_01_angry_session_01
12.496,0.2964070257500979,angry,subject_01,subject_01_angry_session_01
12.5,0.22961836125763255,angry,subject_01,subject_01_angry_session_01
12.504,0.2195933810449871,angry,subject_01,subject_01_angry_session_01
12.508,0.33475490735844954,angry,subject_01,subject_01_angry_session_01
12.512,0.3605496592132563,angry,subject_01,subject_01_angry_session_01
12.516,0.33144689182502557,angry,subject_01,subject_01_angry_session_01
12.52,0.2597789259528045,angry,subject_01,subject_01_angry_session_01
12.524,0.2558106826218317,angry,subject_01,subject_01_angry_session_01
12.528,0.2602398692337491,angry,subject_01,subject_01_angry_session_01
12.532,0.3550759625661528,angry,subject_01,subject_01_angry_session_01
12.536,0.252131503733883,angry,subject_01,subject_01_angry_session_01
12.54,0.3542144527613119,angry,subject_01,subject_01_angry_session_01
12.544,0.3385205261118654,angry,subject_01,subject_01_angry_session_01
12.548,0.3733462382466785,angry,subject_01,subject_01_angry_session_01
12.552,0.3613379239045427,angry,subject_01,subject_01_angry_session_01
12.556,0.32831302896077896,angry,subject_01,subject_01_angry_session_01
12.56,0.20562508266241158,angry,subject_01,subject_01_angry_session_01
12.564,0.3281793986506221,angry,subject_01,subject_01_angry_session_01
12.568,0.2962014062776704,angry,subject_01,subject_01_angry_session_01
12.572,0.2644908644704848,angry,subject_01,subject_01_angry_session_01
12.576,0.3661731086466105,angry,subject_01,subject_01_angry_session_01
12.58,0.2728733022801912,angry,subject_01,subject_01_angry_session_01
12.584,0.2476701700161771,angry,subject_01,subject_01_angry_session_01
12.588,0.34433281052391096,angry,subject_01,subject_01_angry_session_01
12.592,0.24999253217210682,angry,subject_01,subject_01_angry_session_01
12.596,0.23687016657625404,angry,subject_01,subject_01_angry_session_01
12.6,0.20125168013389289,angry,subject_01,subject_01_angry_session_01
12.604,0.2167685905844017,angry,subject_01,subject_01_angry_session_01
12.608,0.21882149685437943,angry,subject_01,subject_01_angry_session_01
12.612,0.2968064163134899,angry,subject_01,subject_01_angry_session_01
12.616,0.19475416104963594,angry,subject_01,subject_01_angry_session_01
12.62,0.1404230987875784,angry,subject_01,subject_01_angry_session_01
12.624,0.26566941845246145,angry,subject_01,subject_01_angry_session_01
12.628,0.20456169831740412,angry,subject_01,subject_01_angry_session_01
12.632,0.23624965864626266,angry,subject_01,subject_01_angry_session_01
12.636,0.3082755920360627,angry,subject_01,subject_01_angry_session_01
12.64,0.2291940575933224,angry,subject_01,subject_01_angry_session_01
12.644,0.30851761105932746,angry,subject_01,subject_01_angry_session_01
12.648,0.20637659566311647,angry,subject_01,subject_01_angry_session_01
12.652,0.2629272037279664,angry,subject_01,subject_01_angry_session_01
12.656,0.16127586383437578,angry,subject_01,subject_01_angry_session_01
12.66,0.19182315326911734,angry,subject_01,subject_01_angry_session_01
12.664,0.12032503596599509,angry,subject_01,subject_01_angry_session_01
12.668,0.11817540672297368,angry,subject_01,subject_01_angry_session_01
12.672,0.14414235549654703,angry,subject_01,subject_01_angry_session_01
12.676,0.0684672964531938,angry,subject_01,subject_01_angry_session_01
12.68,0.14835158462703626,angry,subject_01,subject_01_angry_session_01
12.684,0.11137783592597496,angry,subject_01,subject_01_angry_session_01
12.688,0.13459852129634045,angry,subject_01,subject_01_angry_session_01
12.692,0.0330160384137264,angry,subject_01,subject_01_angry_session_01
12.696,0.1455660680279157,angry,subject_01,subject_01_angry_session_01
12.7,0.1974011789514225,angry,subject_01,subject_01_angry_session_01
12.704,0.17729139573371394,angry,subject_01,subject_01_angry_session_01
12.708,0.19539500906898244,angry,subject_01,subject_01_angry_session_01
12.712,0.07729538609586838,angry,subject_01,subject_01_angry_session_01
12.716,0.04773673514138856,angry,subject_01,subject_01_angry_session_01
12.72,0.09279612834031507,angry,subject_01,subject_01_angry_session_01
12.724,0.044441055149127634,angry,subject_01,subject_01_angry_session_01
12.728,-0.04998780587995786,angry,subject_01,subject_01_angry_session_01
12.732,0.09978776441881235,angry,subject_01,subject_01_angry_session_01
12.736,0.033215337984459005,angry,subject_01,subject_01_angry_session_01
12.74,-0.04368625785598804,angry,subject_01,subject_01_angry_session_01
12.744,0.011324542545260632,angry,subject_01,subject_01_angry_session_01
12.748,0.026943905732374332,angry,subject_01,subject_01_angry_session_01
12.752,0.03849525471892046,angry,subject_01,subject_01_angry_session_01
12.756,0.03764144207749849,angry,subject_01,subject_01_angry_session_01
12.76,0.11702051100100536,angry,subject_01,subject_01_angry_session_01
12.764,-0.043579441273906096,angry,subject_01,subject_01_angry_session_01
12.768,0.02353733039957455,angry,subject_01,subject_01_angry_session_01
12.772,-0.021262036110370287,angry,subject_01,subject_01_angry_session_01
12.776,0.10519076619028028,angry,subject_01,subject_01_angry_session_01
12.78,-0.006421034246924213,angry,subject_01,subject_01_angry_session_01
12.784,0.0029324481585161905,angry,subject_01,subject_01_angry_session_01
12.788,0.08225016528776705,angry,subject_01,subject_01_angry_session_01
12.792,0.09613767279412352,angry,subject_01,subject_01_angry_session_01
12.796,0.1087910247541868,angry,subject_01,subject_01_angry_session_01
12.8,-0.06084160944250455,angry,subject_01,subject_01_angry_session_01
12.804,0.10578684618593333,angry,subject_01,subject_01_angry_session_01
12.808,0.16080728451895546,angry,subject_01,subject_01_angry_session_01
12.812,0.24125154439379654,angry,subject_01,subject_01_angry_session_01
12.816,0.377861688848607,angry,subject_01,subject_01_angry_session_01
12.82,0.6027222916474027,angry,subject_01,subject_01_angry_session_01
12.824,0.7495083723132565,angry,subject_01,subject_01_angry_session_01
12.828,0.8971958880832659,angry,subject_01,subject_01_angry_session_01
12.832,0.9899739392133945,angry,subject_01,subject_01_angry_session_01
12.836,1.2103026898503193,angry,subject_01,subject_01_angry_session_01
12.84,1.096555724839301,angry,subject_01,subject_01_angry_session_01
12.844,1.0134760651862105,angry,subject_01,subject_01_angry_session_01
12.848,1.0280162177507985,angry,subject_01,subject_01_angry_session_01
12.852,0.9320358562078109,angry,subject_01,subject_01_angry_session_01
12.856,0.8558963020890599,angry,subject_01,subject_01_angry_session_01
12.86,0.5776064984815334,angry,subject_01,subject_01_angry_session_01
12.864,0.4675418808704513,angry,subject_01,subject_01_angry_session_01
12.868,0.19455560834398422,angry,subject_01,subject_01_angry_session_01
12.872,0.22065888949873586,angry,subject_01,subject_01_angry_session_01
12.876,0.06665037322371216,angry,subject_01,subject_01_angry_session_01
12.88,-0.012461796991356574,angry,subject_01,subject_01_angry_session_01
12.884,0.1048046589934667,angry,subject_01,subject_01_angry_session_01
12.888,0.036597191293003345,angry,subject_01,subject_01_angry_session_01
12.892,-0.08040141798429304,angry,subject_01,subject_01_angry_session_01
12.896,-0.008792049540012316,angry,subject_01,subject_01_angry_session_01
12.9,0.17832393568518137,angry,subject_01,subject_01_angry_session_01
12.904,0.14682263781921726,angry,subject_01,subject_01_angry_session_01
12.908,0.09408616631793615,angry,subject_01,subject_01_angry_session_01
12.912,-0.06446636692084463,angry,subject_01,subject_01_angry_session_01
12.916,0.1318411693715144,angry,subject_01,subject_01_angry_session_01
12.92,0.018141927776320288,angry,subject_01,subject_01_angry_session_01
12.924,0.13945176874118836,angry,subject_01,subject_01_angry_session_01
12.928,0.020332068661064136,angry,subject_01,subject_01_angry_session_01
12.932,0.09676735209489434,angry,subject_01,subject_01_angry_session_01
12.936,0.03297448957001148,angry,subject_01,subject_01_angry_session_01
12.94,0.05381023779732765,angry,subject_01,subject_01_angry_session_01
12.944,0.11744050851531415,angry,subject_01,subject_01_angry_session_01
12.948,0.00577396648681508,angry,subject_01,subject_01_angry_session_01
12.952,0.23235516383488286,angry,subject_01,subject_01_angry_session_01
12.956,0.03378420737613512,angry,subject_01,subject_01_angry_session_01
12.96,0.03614060722167685,angry,subject_01,subject_01_angry_session_01
12.964,0.14465144042925973,angry,subject_01,subject_01_angry_session_01
12.968,0.19096964947568923,angry,subject_01,subject_01_angry_session_01
12.972,0.10062826822851834,angry,subject_01,subject_01_angry_session_01
12.976,0.06263560654572496,angry,subject_01,subject_01_angry_session_01
12.98,0.0787159728560633,angry,subject_01,subject_01_angry_session_01
12.984,0.07963653730301207,angry,subject_01,subject_01_angry_session_01
12.988,0.16753082330932453,angry,subject_01,subject_01_angry_session_01
12.992,0.1526426487635213,angry,subject_01,subject_01_angry_session_01
12.996,0.19036595573412013,angry,subject_01,subject_01_angry_session_01
13.0,0.19482468724549487,angry,subject_01,subject_01_angry_session_01
13.004,0.23061712482370053,angry,subject_01,subject_01_angry_session_01
13.008,0.16486121489373437,angry,subject_01,subject_01_angry_session_01
13.012,0.15350038354792703,angry,subject_01,subject_01_angry_session_01
13.016,0.21549996673781022,angry,subject_01,subject_01_angry_session_01
13.02,0.21110500700534854,angry,subject_01,subject_01_angry_session_01
13.024,0.23777209672791727,angry,subject_01,subject_01_angry_session_01
13.028,0.18794619745980692,angry,subject_01,subject_01_angry_session_01
13.032,0.27705375262975246,angry,subject_01,subject_01_angry_session_01
13.036,0.1754620015593308,angry,subject_01,subject_01_angry_session_01
13.04,0.22711158453684493,angry,subject_01,subject_01_angry_session_01
13.044,0.3283296696657654,angry,subject_01,subject_01_angry_session_01
13.048,0.19940041305234074,angry,subject_01,subject_01_angry_session_01
13.052,0.33658524896787184,angry,subject_01,subject_01_angry_session_01
13.056,0.19487789622147222,angry,subject_01,subject_01_angry_session_01
13.06,0.1896915623006487,angry,subject_01,subject_01_angry_session_01
13.064,0.20005320444885652,angry,subject_01,subject_01_angry_session_01
13.068,0.3010471181013691,angry,subject_01,subject_01_angry_session_01
13.072,0.3416231951551776,angry,subject_01,subject_01_angry_session_01
13.076,0.37865363150660825,angry,subject_01,subject_01_angry_session_01
13.08,0.3765560146695597,angry,subject_01,subject_01_angry_session_01
13.084,0.35766695423653805,angry,subject_01,subject_01_angry_session_01
13.088,0.25756206204305143,angry,subject_01,subject_01_angry_session_01
13.092,0.2580600202113145,angry,subject_01,subject_01_angry_session_01
13.096,0.3562574229689173,angry,subject_01,subject_01_angry_session_01
13.1,0.39427455079563084,angry,subject_01,subject_01_angry_session_01
13.104,0.24667441389572745,angry,subject_01,subject_01_angry_session_01
13.108,0.3853098308262357,angry,subject_01,subject_01_angry_session_01
13.112,0.19120069884699983,angry,subject_01,subject_01_angry_session_01
13.116,0.3282386424636907,angry,subject_01,subject_01_angry_session_01
13.12,0.2967567658707651,angry,subject_01,subject_01_angry_session_01
13.124,0.288644638180186,angry,subject_01,subject_01_angry_session_01
13.128,0.300499136843692,angry,subject_01,subject_01_angry_session_01
13.132,0.24498578968467052,angry,subject_01,subject_01_angry_session_01
13.136,0.32045956378465706,angry,subject_01,subject_01_angry_session_01
13.14,0.2947505600970783,angry,subject_01,subject_01_angry_session_01
13.144,0.3445983253822384,angry,subject_01,subject_01_angry_session_01
13.148,0.3812394707541922,angry,subject_01,subject_01_angry_session_01
13.152,0.29073769821894285,angry,subject_01,subject_01_angry_session_01
13.156,0.2312683485685148,angry,subject_01,subject_01_angry_session_01
13.16,0.20932921543200436,angry,subject_01,subject_01_angry_session_01
13.164,0.3766231903852325,angry,subject_01,subject_01_angry_session_01
13.168,0.36594936665229005,angry,subject_01,subject_01_angry_session_01
13.172,0.32179508233793974,angry,subject_01,subject_01_angry_session_01
13.176,0.2687438162680689,angry,subject_01,subject_01_angry_session_01
13.18,0.3103800913371396,angry,subject_01,subject_01_angry_session_01
13.184,0.33571665888805413,angry,subject_01,subject_01_angry_session_01
13.188,0.21595649262015781,angry,subject_01,subject_01_angry_session_01
13.192,0.2499643110837887,angry,subject_01,subject_01_angry_session_01
13.196,0.17646168268865148,angry,subject_01,subject_01_angry_session_01
13.2,0.22923756034491202,angry,subject_01,subject_01_angry_session_01
13.204,0.32325176104309733,angry,subject_01,subject_01_angry_session_01
13.208,0.28838768282410593,angry,subject_01,subject_01_angry_session_01
13.212,0.2243320291519074,angry,subject_01,subject_01_angry_session_01
13.216,0.04669921857730136,angry,subject_01,subject_01_angry_session_01
13.22,0.16055448312411985,angry,subject_01,subject_01_angry_session_01
13.224,0.1972588724999074,angry,subject_01,subject_01_angry_session_01
13.228,0.16904439797871432,angry,subject_01,subject_01_angry_session_01
13.232,0.1746009971468352,angry,subject_01,subject_01_angry_session_01
13.236,0.17766209997504312,angry,subject_01,subject_01_angry_session_01
13.24,0.12148488747622718,angry,subject_01,subject_01_angry_session_01
13.244,0.14347171635286993,angry,subject_01,subject_01_angry_session_01
13.248,0.12548405425976836,angry,subject_01,subject_01_angry_session_01
13.252,0.08298111033753988,angry,subject_01,subject_01_angry_session_01
13.256,0.22695138090879902,angry,subject_01,subject_01_angry_session_01
13.26,0.07892779885286612,angry,subject_01,subject_01_angry_session_01
13.264,-0.03598578088623891,angry,subject_01,subject_01_angry_session_01
13.268,0.19847113876772632,angry,subject_01,subject_01_angry_session_01
13.272,0.033401882787164584,angry,subject_01,subject_01_angry_session_01
13.276,0.1313970404238211,angry,subject_01,subject_01_angry_session_01
13.28,0.030308780624840166,angry,subject_01,subject_01_angry_session_01
13.284,0.0996171205828815,angry,subject_01,subject_01_angry_session_01
13.288,0.057403073013256666,angry,subject_01,subject_01_angry_session_01
13.292,0.11566177173930647,angry,subject_01,subject_01_angry_session_01
13.296,0.038666643618645,angry,subject_01,subject_01_angry_session_01
13.3,0.008486498089237314,angry,subject_01,subject_01_angry_session_01
13.304,0.05998221468347979,angry,subject_01,subject_01_angry_session_01
13.308,0.018771387412234407,angry,subject_01,subject_01_angry_session_01
13.312,-0.07650048299058734,angry,subject_01,subject_01_angry_session_01
13.316,0.0010222297866489677,angry,subject_01,subject_01_angry_session_01
13.32,0.2073984269485032,angry,subject_01,subject_01_angry_session_01
13.324,-0.0755903666658263,angry,subject_01,subject_01_angry_session_01
13.328,0.04678550836761643,angry,subject_01,subject_01_angry_session_01
13.332,0.01650738184088695,angry,subject_01,subject_01_angry_session_01
13.336,0.1399938948337712,angry,subject_01,subject_01_angry_session_01
13.34,-0.03844385073801515,angry,subject_01,subject_01_angry_session_01
13.344,0.03197281541150173,angry,subject_01,subject_01_angry_session_01
13.348,0.06363512591702913,angry,subject_01,subject_01_angry_session_01
13.352,0.0073215595341005,angry,subject_01,subject_01_angry_session_01
13.356,-0.031804075021474545,angry,subject_01,subject_01_angry_session_01
13.36,0.01337617034797091,angry,subject_01,subject_01_angry_session_01
13.364,0.007180896448975214,angry,subject_01,subject_01_angry_session_01
13.368,0.03668273414751734,angry,subject_01,subject_01_angry_session_01
13.372,0.16731911584523512,angry,subject_01,subject_01_angry_session_01
13.376,0.22299297661627288,angry,subject_01,subject_01_angry_session_01
13.38,0.35055839094149166,angry,subject_01,subject_01_angry_session_01
13.384,0.481599103838754,angry,subject_01,subject_01_angry_session_01
13.388,0.6787354213912108,angry,subject_01,subject_01_angry_session_01
13.392,0.8594262182594328,angry,subject_01,subject_01_angry_session_01
13.396,0.9083190996103867,angry,subject_01,subject_01_angry_session_01
13.4,1.0870768090258698,angry,subject_01,subject_01_angry_session_01
13.404,1.0266827971124701,angry,subject_01,subject_01_angry_session_01
13.408,0.9809061386660762,angry,subject_01,subject_01_angry_session_01
13.412,1.1799663599550199,angry,subject_01,subject_01_angry_session_01
13.416,0.9521763837958841,angry,subject_01,subject_01_angry_session_01
13.42,0.8479682324324672,angry,subject_01,subject_01_angry_session_01
13.424,0.5946711014473751,angry,subject_01,subject_01_angry_session_01
13.428,0.41979268615034665,angry,subject_01,subject_01_angry_session_01
13.432,0.2907388414951214,angry,subject_01,subject_01_angry_session_01
13.436,0.2329445270816725,angry,subject_01,subject_01_angry_session_01
13.44,0.05655564742884963,angry,subject_01,subject_01_angry_session_01
13.444,-0.004026788600477983,angry,subject_01,subject_01_angry_session_01
13.448,-0.06709687189110072,angry,subject_01,subject_01_angry_session_01
13.452,0.03515113465463657,angry,subject_01,subject_01_angry_session_01
13.456,0.022401617998362763,angry,subject_01,subject_01_angry_session_01
13.46,-0.04469091444649134,angry,subject_01,subject_01_angry_session_01
13.464,0.041889427606969974,angry,subject_01,subject_01_angry_session_01
13.468,0.0010501567990887448,angry,subject_01,subject_01_angry_session_01
13.472,0.007248256717831383,angry,subject_01,subject_01_angry_session_01
13.476,0.03305223499538242,angry,subject_01,subject_01_angry_session_01
13.48,0.08071644838845696,angry,subject_01,subject_01_angry_session_01
13.484,-0.006851884318336644,angry,subject_01,subject_01_angry_session_01
13.488,0.08060670916445203,angry,subject_01,subject_01_angry_session_01
13.492,0.20384653061714947,angry,subject_01,subject_01_angry_session_01
13.496,0.06850266612427008,angry,subject_01,subject_01_angry_session_01
13.5,0.06337142723517172,angry,subject_01,subject_01_angry_session_01
13.504,0.060137749733543786,angry,subject_01,subject_01_angry_session_01
13.508,0.09811923259069422,angry,subject_01,subject_01_angry_session_01
13.512,-0.022664543862563752,angry,subject_01,subject_01_angry_session_01
13.516,0.18085967655844504,angry,subject_01,subject_01_angry_session_01
13.52,0.14280584338344754,angry,subject_01,subject_01_angry_session_01
13.524,0.050709250583096034,angry,subject_01,subject_01_angry_session_01
13.528,0.09702212300733723,angry,subject_01,subject_01_angry_session_01
13.532,0.06773633028497508,angry,subject_01,subject_01_angry_session_01
13.536,0.12547070261648477,angry,subject_01,subject_01_angry_session_01
13.54,0.11781819925876735,angry,subject_01,subject_01_angry_session_01
13.544,0.13474359818381532,angry,subject_01,subject_01_angry_session_01
13.548,0.06646625441479018,angry,subject_01,subject_01_angry_session_01
13.552,0.10664491106774218,angry,subject_01,subject_01_angry_session_01
13.556,0.2118822985635784,angry,subject_01,subject_01_angry_session_01
13.56,0.11885614058286745,angry,subject_01,subject_01_angry_session_01
13.564,0.00019332589383116994,angry,subject_01,subject_01_angry_session_01
13.568,0.15780723342576775,angry,subject_01,subject_01_angry_session_01
13.572,0.319664551072121,angry,subject_01,subject_01_angry_session_01
13.576,0.2340884172723306,angry,subject_01,subject_01_angry_session_01
13.58,0.1562986505148692,angry,subject_01,subject_01_angry_session_01
13.584,0.1964721814894668,angry,subject_01,subject_01_angry_session_01
13.588,0.24838658294157825,angry,subject_01,subject_01_angry_session_01
13.592,0.1101878103800192,angry,subject_01,subject_01_angry_session_01
13.596,0.17200293889687335,angry,subject_01,subject_01_angry_session_01
13.6,0.25486070208884976,angry,subject_01,subject_01_angry_session_01
13.604,0.3339667543497849,angry,subject_01,subject_01_angry_session_01
13.608,0.21897531475019277,angry,subject_01,subject_01_angry_session_01
13.612,0.34604900342368283,angry,subject_01,subject_01_angry_session_01
13.616,0.2130766006094616,angry,subject_01,subject_01_angry_session_01
13.62,0.06108951252851552,angry,subject_01,subject_01_angry_session_01
13.624,0.3142741529974696,angry,subject_01,subject_01_angry_session_01
13.628,0.30700444912165165,angry,subject_01,subject_01_angry_session_01
13.632,0.3231698363175584,angry,subject_01,subject_01_angry_session_01
13.636,0.32470535147963936,angry,subject_01,subject_01_angry_session_01
13.64,0.2977109457522071,angry,subject_01,subject_01_angry_session_01
13.644,0.2734414253620914,angry,subject_01,subject_01_angry_session_01
13.648,0.27792854905669107,angry,subject_01,subject_01_angry_session_01
13.652,0.2651849870472064,angry,subject_01,subject_01_angry_session_01
13.656,0.269876226503548,angry,subject_01,subject_01_angry_session_01
13.66,0.18579829651452043,angry,subject_01,subject_01_angry_session_01
13.664,0.22165826107315195,angry,subject_01,subject_01_angry_session_01
13.668,0.284295361549009,angry,subject_01,subject_01_angry_session_01
13.672,0.15879765303672502,angry,subject_01,subject_01_angry_session_01
13.676,0.171535809180403,angry,subject_01,subject_01_angry_session_01
13.68,0.27035929300056655,angry,subject_01,subject_01_angry_session_01
13.684,0.2808281831711557,angry,subject_01,subject_01_angry_session_01
13.688,0.2675893605542428,angry,subject_01,subject_01_angry_session_01
13.692,0.14125781182676822,angry,subject_01,subject_01_angry_session_01
13.696,0.3747018396561132,angry,subject_01,subject_01_angry_session_01
13.7,0.19277531856134453,angry,subject_01,subject_01_angry_session_01
13.704,0.22717026479577135,angry,subject_01,subject_01_angry_session_01
13.708,0.1978110577796285,angry,subject_01,subject_01_angry_session_01
13.712,0.34868007674826973,angry,subject_01,subject_01_angry_session_01
13.716,0.29321553107866877,angry,subject_01,subject_01_angry_session_01
13.72,0.23669500948524017,angry,subject_01,subject_01_angry_session_01
13.724,0.2295817008256742,angry,subject_01,subject_01_angry_session_01
13.728,0.27001447962118336,angry,subject_01,subject_01_angry_session_01
13.732,0.18137406823932467,angry,subject_01,subject_01_angry_session_01
13.736,0.2757864309236765,angry,subject_01,subject_01_angry_session_01
13.74,0.21659346394817444,angry,subject_01,subject_01_angry_session_01
13.744,0.2770006787478003,angry,subject_01,subject_01_angry_session_01
13.748,0.2709590396479153,angry,subject_01,subject_01_angry_session_01
13.752,0.2018198867172667,angry,subject_01,subject_01_angry_session_01
13.756,0.10947086874951041,angry,subject_01,subject_01_angry_session_01
13.76,0.21255273029618663,angry,subject_01,subject_01_angry_session_01
13.764,0.13461961117443058,angry,subject_01,subject_01_angry_session_01
13.768,0.22000625000635526,angry,subject_01,subject_01_angry_session_01
13.772,0.19305959695058134,angry,subject_01,subject_01_angry_session_01
13.776,0.16581161825684682,angry,subject_01,subject_01_angry_session_01
13.78,0.11548820196734128,angry,subject_01,subject_01_angry_session_01
13.784,0.2560899898998207,angry,subject_01,subject_01_angry_session_01
13.788,0.14890373696092535,angry,subject_01,subject_01_angry_session_01
13.792,0.3082132731024271,angry,subject_01,subject_01_angry_session_01
13.796,0.15971609289787395,angry,subject_01,subject_01_angry_session_01
13.8,0.16912773149646582,angry,subject_01,subject_01_angry_session_01
13.804,0.14069010524976816,angry,subject_01,subject_01_angry_session_01
13.808,0.1491212590493431,angry,subject_01,subject_01_angry_session_01
13.812,0.18455366483362945,angry,subject_01,subject_01_angry_session_01
13.816,0.17577553644412147,angry,subject_01,subject_01_angry_session_01
13.82,-0.005698430932290652,angry,subject_01,subject_01_angry_session_01
13.824,0.14272509082815732,angry,subject_01,subject_01_angry_session_01
13.828,0.11270692869240782,angry,subject_01,subject_01_angry_session_01
13.832,0.07695558099938303,angry,subject_01,subject_01_angry_session_01
13.836,0.16996117765911029,angry,subject_01,subject_01_angry_session_01
13.84,0.1652933055827305,angry,subject_01,subject_01_angry_session_01
13.844,0.10785415743530527,angry,subject_01,subject_01_angry_session_01
13.848,0.01495704817405688,angry,subject_01,subject_01_angry_session_01
13.852,-0.029452023010104883,angry,subject_01,subject_01_angry_session_01
13.856,0.08241460023813532,angry,subject_01,subject_01_angry_session_01
13.86,0.11428295187380019,angry,subject_01,subject_01_angry_session_01
13.864,-0.09296665242181523,angry,subject_01,subject_01_angry_session_01
13.868,0.09042402607053732,angry,subject_01,subject_01_angry_session_01
13.872,0.006866471225372197,angry,subject_01,subject_01_angry_session_01
13.876,-0.08908618514498352,angry,subject_01,subject_01_angry_session_01
13.88,0.045261147593008644,angry,subject_01,subject_01_angry_session_01
13.884,0.06961609468243932,angry,subject_01,subject_01_angry_session_01
13.888,-0.007796932669295459,angry,subject_01,subject_01_angry_session_01
13.892,-0.05169360524476026,angry,subject_01,subject_01_angry_session_01
13.896,0.11310351241279883,angry,subject_01,subject_01_angry_session_01
13.9,-0.031066904280289076,angry,subject_01,subject_01_angry_session_01
13.904,0.07710252570375997,angry,subject_01,subject_01_angry_session_01
13.908,-0.08533039110411567,angry,subject_01,subject_01_angry_session_01
13.912,0.027339443841387125,angry,subject_01,subject_01_angry_session_01
13.916,0.021436393877140403,angry,subject_01,subject_01_angry_session_01
13.92,0.04615872569420543,angry,subject_01,subject_01_angry_session_01
13.924,0.08146359372021818,angry,subject_01,subject_01_angry_session_01
13.928,-0.05089538579023954,angry,subject_01,subject_01_angry_session_01
13.932,0.0506718530063934,angry,subject_01,subject_01_angry_session_01
13.936,-0.01743692364855938,angry,subject_01,subject_01_angry_session_01
13.94,0.056922708375186495,angry,subject_01,subject_01_angry_session_01
13.944,0.21188539401179618,angry,subject_01,subject_01_angry_session_01
13.948,0.4066113739449366,angry,subject_01,subject_01_angry_session_01
13.952,0.6377454916144694,angry,subject_01,subject_01_angry_session_01
13.956,0.8102251078144678,angry,subject_01,subject_01_angry_session_01
13.96,0.8296113801800125,angry,subject_01,subject_01_angry_session_01
13.964,0.9955438889406562,angry,subject_01,subject_01_angry_session_01
13.968,1.1191030513257922,angry,subject_01,subject_01_angry_session_01
13.972,1.1415982582559414,angry,subject_01,subject_01_angry_session_01
13.976,1.061390806386568,angry,subject_01,subject_01_angry_session_01
13.98,0.9968264802595128,angry,subject_01,subject_01_angry_session_01
13.984,0.8602158136201151,angry,subject_01,subject_01_angry_session_01
13.988,0.6971899435257082,angry,subject_01,subject_01_angry_session_01
13.992,0.5177655089004314,angry,subject_01,subject_01_angry_session_01
13.996,0.36294958988075404,angry,subject_01,subject_01_angry_session_01
14.0,0.19629682035442678,angry,subject_01,subject_01_angry_session_01
14.004,0.032629628531611,angry,subject_01,subject_01_angry_session_01
14.008,0.06754281703951405,angry,subject_01,subject_01_angry_session_01
14.012,-0.003771184311476855,angry,subject_01,subject_01_angry_session_01
14.016,0.056411782804721845,angry,subject_01,subject_01_angry_session_01
14.02,-0.03458394560444307,angry,subject_01,subject_01_angry_session_01
14.024,-0.07028713701772574,angry,subject_01,subject_01_angry_session_01
14.028,-0.06674253604910821,angry,subject_01,subject_01_angry_session_01
14.032,-0.010553944134621152,angry,subject_01,subject_01_angry_session_01
14.036,0.03273509450239117,angry,subject_01,subject_01_angry_session_01
14.04,-0.005490671057581784,angry,subject_01,subject_01_angry_session_01
14.044,-0.07217337488577143,angry,subject_01,subject_01_angry_session_01
14.048,-0.023318606166081383,angry,subject_01,subject_01_angry_session_01
14.052,0.02605046447350457,angry,subject_01,subject_01_angry_session_01
14.056,0.07290103453778887,angry,subject_01,subject_01_angry_session_01
14.06,-0.057216301197722634,angry,subject_01,subject_01_angry_session_01
14.064,0.05141778975787102,angry,subject_01,subject_01_angry_session_01
14.068,0.05258607444488009,angry,subject_01,subject_01_angry_session_01
14.072,0.016301079255139083,angry,subject_01,subject_01_angry_session_01
14.076,0.012547987524677846,angry,subject_01,subject_01_angry_session_01
14.08,0.008252091174971346,angry,subject_01,subject_01_angry_session_01
14.084,0.06585324121199831,angry,subject_01,subject_01_angry_session_01
14.088,0.1302939844264483,angry,subject_01,subject_01_angry_session_01
14.092,0.14013750125113256,angry,subject_01,subject_01_angry_session_01
14.096,0.006719088808011295,angry,subject_01,subject_01_angry_session_01
14.1,0.06912226811091932,angry,subject_01,subject_01_angry_session_01
14.104,-0.04480017327528038,angry,subject_01,subject_01_angry_session_01
14.108,0.10010521607738793,angry,subject_01,subject_01_angry_session_01
14.112,0.1364158834805625,angry,subject_01,subject_01_angry_session_01
14.116,0.2020583302171547,angry,subject_01,subject_01_angry_session_01
14.12,0.008076192525556622,angry,subject_01,subject_01_angry_session_01
14.124,0.05763770695085907,angry,subject_01,subject_01_angry_session_01
14.128,0.13939411511463073,angry,subject_01,subject_01_angry_session_01
14.132,0.04160337258301865,angry,subject_01,subject_01_angry_session_01
14.136,0.15710267415567192,angry,subject_01,subject_01_angry_session_01
14.14,0.19227951549793254,angry,subject_01,subject_01_angry_session_01
14.144,0.08617885134403959,angry,subject_01,subject_01_angry_session_01
14.148,0.1791543430721267,angry,subject_01,subject_01_angry_session_01
14.152,0.106553217801935,angry,subject_01,subject_01_angry_session_01
14.156,0.26979738214472515,angry,subject_01,subject_01_angry_session_01
14.16,0.20751061271486151,angry,subject_01,subject_01_angry_session_01
14.164,0.1643563281249809,angry,subject_01,subject_01_angry_session_01
14.168,0.1358825739194759,angry,subject_01,subject_01_angry_session_01
14.172,0.2406483289109318,angry,subject_01,subject_01_angry_session_01
14.176,0.30557719284826523,angry,subject_01,subject_01_angry_session_01
14.18,0.18424380006222849,angry,subject_01,subject_01_angry_session_01
14.184,0.2101798743213138,angry,subject_01,subject_01_angry_session_01
14.188,0.19700959144255903,angry,subject_01,subject_01_angry_session_01
14.192,0.3405692200419608,angry,subject_01,subject_01_angry_session_01
14.196,0.13731664757739662,angry,subject_01,subject_01_angry_session_01
14.2,0.3330365340720066,angry,subject_01,subject_01_angry_session_01
14.204,0.23678768288363938,angry,subject_01,subject_01_angry_session_01
14.208,0.2580825011818876,angry,subject_01,subject_01_angry_session_01
14.212,0.2443374015480943,angry,subject_01,subject_01_angry_session_01
14.216,0.28098574213062544,angry,subject_01,subject_01_angry_session_01
14.22,0.22410308039282642,angry,subject_01,subject_01_angry_session_01
14.224,0.3321384772721005,angry,subject_01,subject_01_angry_session_01
14.228,0.3348059469134782,angry,subject_01,subject_01_angry_session_01
14.232,0.2096079127576454,angry,subject_01,subject_01_angry_session_01
14.236,0.3079580135500625,angry,subject_01,subject_01_angry_session_01
14.24,0.245409779653154,angry,subject_01,subject_01_angry_session_01
14.244,0.26842347728018784,angry,subject_01,subject_01_angry_session_01
14.248,0.3550448121197315,angry,subject_01,subject_01_angry_session_01
14.252,0.22103717904740133,angry,subject_01,subject_01_angry_session_01
14.256,0.3147975097895381,angry,subject_01,subject_01_angry_session_01
14.26,0.28418583914103274,angry,subject_01,subject_01_angry_session_01
14.264,0.24254168398001208,angry,subject_01,subject_01_angry_session_01
14.268,0.2735610586467828,angry,subject_01,subject_01_angry_session_01
14.272,0.2636933391009333,angry,subject_01,subject_01_angry_session_01
14.276,0.1765186239091956,angry,subject_01,subject_01_angry_session_01
14.28,0.20681817038002753,angry,subject_01,subject_01_angry_session_01
14.284,0.1776792057179336,angry,subject_01,subject_01_angry_session_01
14.288,0.22093018894321842,angry,subject_01,subject_01_angry_session_01
14.292,0.3153008558963286,angry,subject_01,subject_01_angry_session_01
14.296,0.26643817607699305,angry,subject_01,subject_01_angry_session_01
14.3,0.14246402723685336,angry,subject_01,subject_01_angry_session_01
14.304,0.20867659246931164,angry,subject_01,subject_01_angry_session_01
14.308,0.235517926189047,angry,subject_01,subject_01_angry_session_01
14.312,0.262273416969221,angry,subject_01,subject_01_angry_session_01
14.316,0.1743591761114782,angry,subject_01,subject_01_angry_session_01
14.32,0.13453239552112273,angry,subject_01,subject_01_angry_session_01
14.324,0.2003194554736533,angry,subject_01,subject_01_angry_session_01
14.328,0.232273510996408,angry,subject_01,subject_01_angry_session_01
14.332,0.20613674521845163,angry,subject_01,subject_01_angry_session_01
14.336,0.1323477739782039,angry,subject_01,subject_01_angry_session_01
14.34,0.2835565603909399,angry,subject_01,subject_01_angry_session_01
14.344,0.16468570651667094,angry,subject_01,subject_01_angry_session_01
14.348,0.17408774952167932,angry,subject_01,subject_01_angry_session_01
14.352,0.11415878521274332,angry,subject_01,subject_01_angry_session_01
14.356,0.21129967770933153,angry,subject_01,subject_01_angry_session_01
14.36,0.16994422367684495,angry,subject_01,subject_01_angry_session_01
14.364,0.14500980749690603,angry,subject_01,subject_01_angry_session_01
14.368,0.04738689022678895,angry,subject_01,subject_01_angry_session_01
14.372,0.17243473110795327,angry,subject_01,subject_01_angry_session_01
14.376,0.14255616650862077,angry,subject_01,subject_01_angry_session_01
14.38,0.1485190814763305,angry,subject_01,subject_01_angry_session_01
14.384,0.08054287677746932,angry,subject_01,subject_01_angry_session_01
14.388,0.06482226218952122,angry,subject_01,subject_01_angry_session_01
14.392,0.049744761740422486,angry,subject_01,subject_01_angry_session_01
14.396,0.18918853254676282,angry,subject_01,subject_01_angry_session_01
14.4,0.012149031595440785,angry,subject_01,subject_01_angry_session_01
14.404,-0.03372785294470517,angry,subject_01,subject_01_angry_session_01
14.408,0.008329591838221528,angry,subject_01,subject_01_angry_session_01
14.412,-0.00744559619358847,angry,subject_01,subject_01_angry_session_01
14.416,0.09449012401079933,angry,subject_01,subject_01_angry_session_01
14.42,-0.06757086925963629,angry,subject_01,subject_01_angry_session_01
14.424,-0.024483646441106843,angry,subject_01,subject_01_angry_session_01
14.428,0.016523073922979897,angry,subject_01,subject_01_angry_session_01
14.432,0.07755162082687428,angry,subject_01,subject_01_angry_session_01
14.436,0.04103678752177043,angry,subject_01,subject_01_angry_session_01
14.44,0.09258267779259385,angry,subject_01,subject_01_angry_session_01
14.444,0.013744419200858195,angry,subject_01,subject_01_angry_session_01
14.448,-0.021338415203167205,angry,subject_01,subject_01_angry_session_01
14.452,0.04038483204128399,angry,subject_01,subject_01_angry_session_01
14.456,-0.0945541058861684,angry,subject_01,subject_01_angry_session_01
14.46,-0.11649620250548648,angry,subject_01,subject_01_angry_session_01
14.464,0.04339501979665035,angry,subject_01,subject_01_angry_session_01
14.468,-0.003908877992763319,angry,subject_01,subject_01_angry_session_01
14.472,0.03952954600632197,angry,subject_01,subject_01_angry_session_01
14.476,-0.072057560984262,angry,subject_01,subject_01_angry_session_01
14.48,0.052424407815305385,angry,subject_01,subject_01_angry_session_01
14.484,0.011061246568615912,angry,subject_01,subject_01_angry_session_01
14.488,-0.03430885617203123,angry,subject_01,subject_01_angry_session_01
14.492,-0.01771625502392323,angry,subject_01,subject_01_angry_session_01
14.496,0.005343905806299067,angry,subject_01,subject_01_angry_session_01
14.5,-0.03159275136196586,angry,subject_01,subject_01_angry_session_01
14.504,0.05989883090006713,angry,subject_01,subject_01_angry_session_01
14.508,0.1978390953706486,angry,subject_01,subject_01_angry_session_01
14.512,0.27790680493920666,angry,subject_01,subject_01_angry_session_01
14.516,0.36426583198152457,angry,subject_01,subject_01_angry_session_01
14.52,0.631030096855603,angry,subject_01,subject_01_angry_session_01
14.524,0.8212906163596789,angry,subject_01,subject_01_angry_session_01
14.528,0.9733907282488398,angry,subject_01,subject_01_angry_session_01
14.532,1.0437891378603712,angry,subject_01,subject_01_angry_session_01
14.536,1.115002799940918,angry,subject_01,subject_01_angry_session_01
14.54,1.1230723239778742,angry,subject_01,subject_01_angry_session_01
14.544,1.009677239025715,angry,subject_01,subject_01_angry_session_01
14.548,0.7685130837958639,angry,subject_01,subject_01_angry_session_01
14.552,0.8182934949125208,angry,subject_01,subject_01_angry_session_01
14.556,0.5270573939409224,angry,subject_01,subject_01_angry_session_01
14.56,0.34150243275611036,angry,subject_01,subject_01_angry_session_01
14.564,0.18507027502992282,angry,subject_01,subject_01_angry_session_01
14.568,0.26830445907800776,angry,subject_01,subject_01_angry_session_01
14.572,0.047213489906291276,angry,subject_01,subject_01_angry_session_01
14.576,-0.10489541829417304,angry,subject_01,subject_01_angry_session_01
14.58,-0.11498896982426746,angry,subject_01,subject_01_angry_session_01
14.584,-0.08141677664952153,angry,subject_01,subject_01_angry_session_01
14.588,-0.040877061243723874,angry,subject_01,subject_01_angry_session_01
14.592,-0.041506719604902764,angry,subject_01,subject_01_angry_session_01
14.596,-0.097591706784631,angry,subject_01,subject_01_angry_session_01
14.6,-0.008595302200899085,angry,subject_01,subject_01_angry_session_01
14.604,-0.053344588089974415,angry,subject_01,subject_01_angry_session_01
14.608,0.05402882233945373,angry,subject_01,subject_01_angry_session_01
14.612,0.00025511033579727563,angry,subject_01,subject_01_angry_session_01
14.616,-0.044346605938213574,angry,subject_01,subject_01_angry_session_01
14.62,0.04625691743990079,angry,subject_01,subject_01_angry_session_01
14.624,0.03144018185942637,angry,subject_01,subject_01_angry_session_01
14.628,-0.016448812361787645,angry,subject_01,subject_01_angry_session_01
14.632,0.05964533245675533,angry,subject_01,subject_01_angry_session_01
14.636,0.057642133582850634,angry,subject_01,subject_01_angry_session_01
14.64,0.09634551876746753,angry,subject_01,subject_01_angry_session_01
14.644,0.07148408817038204,angry,subject_01,subject_01_angry_session_01
14.648,0.020983232920448836,angry,subject_01,subject_01_angry_session_01
14.652,-0.0623602216046317,angry,subject_01,subject_01_angry_session_01
14.656,0.05582901827660154,angry,subject_01,subject_01_angry_session_01
14.66,0.07100158937796493,angry,subject_01,subject_01_angry_session_01
14.664,0.059727421926991875,angry,subject_01,subject_01_angry_session_01
14.668,-0.11754350858430065,angry,subject_01,subject_01_angry_session_01
14.672,0.11057219964762133,angry,subject_01,subject_01_angry_session_01
14.676,0.022118923080117064,angry,subject_01,subject_01_angry_session_01
14.68,0.12523382006877867,angry,subject_01,subject_01_angry_session_01
14.684,0.19360875404447653,angry,subject_01,subject_01_angry_session_01
14.688,0.08408230282860976,angry,subject_01,subject_01_angry_session_01
14.692,0.1334203779537633,angry,subject_01,subject_01_angry_session_01
14.696,0.11708823156470283,angry,subject_01,subject_01_angry_session_01
14.7,0.15478327320725543,angry,subject_01,subject_01_angry_session_01
14.704,0.1376627662727619,angry,subject_01,subject_01_angry_session_01
14.708,0.10868823828623908,angry,subject_01,subject_01_angry_session_01
14.712,0.09366452033886817,angry,subject_01,subject_01_angry_session_01
14.716,0.2516038340662351,angry,subject_01,subject_01_angry_session_01
14.72,0.19062099868690763,angry,subject_01,subject_01_angry_session_01
14.724,0.22214281424309254,angry,subject_01,subject_01_angry_session_01
14.728,0.20408633966332748,angry,subject_01,subject_01_angry_session_01
14.732,0.24630002989523073,angry,subject_01,subject_01_angry_session_01
14.736,0.14134255984883806,angry,subject_01,subject_01_angry_session_01
14.74,0.20712890744668983,angry,subject_01,subject_01_angry_session_01
14.744,0.23915244402086425,angry,subject_01,subject_01_angry_session_01
14.748,0.2926758141903438,angry,subject_01,subject_01_angry_session_01
14.752,0.38136181120950985,angry,subject_01,subject_01_angry_session_01
14.756,0.2508248859491145,angry,subject_01,subject_01_angry_session_01
14.76,0.1916090212928196,angry,subject_01,subject_01_angry_session_01
14.764,0.16391722856279228,angry,subject_01,subject_01_angry_session_01
14.768,0.18520722270892934,angry,subject_01,subject_01_angry_session_01
14.772,0.19633482819395445,angry,subject_01,subject_01_angry_session_01
14.776,0.07144100078324098,angry,subject_01,subject_01_angry_session_01
14.78,0.20712790953536417,angry,subject_01,subject_01_angry_session_01
14.784,0.29227649049020676,angry,subject_01,subject_01_angry_session_01
14.788,0.2548578087156484,angry,subject_01,subject_01_angry_session_01
14.792,0.23535543590461314,angry,subject_01,subject_01_angry_session_01
14.796,0.15359924965257074,angry,subject_01,subject_01_angry_session_01
14.8,0.3135222324911477,angry,subject_01,subject_01_angry_session_01
14.804,0.28036419435162174,angry,subject_01,subject_01_angry_session_01
14.808,0.24765713712067583,angry,subject_01,subject_01_angry_session_01
14.812,0.1147260723644741,angry,subject_01,subject_01_angry_session_01
14.816,0.2155902259281438,angry,subject_01,subject_01_angry_session_01
14.82,0.2689831599426932,angry,subject_01,subject_01_angry_session_01
14.824,0.23898123397091361,angry,subject_01,subject_01_angry_session_01
14.828,0.24980297835627605,angry,subject_01,subject_01_angry_session_01
14.832,0.27690058946488144,angry,subject_01,subject_01_angry_session_01
14.836,0.24247382936089237,angry,subject_01,subject_01_angry_session_01
14.84,0.2695388143481487,angry,subject_01,subject_01_angry_session_01
14.844,0.17728240352039087,angry,subject_01,subject_01_angry_session_01
14.848,0.15183885227769392,angry,subject_01,subject_01_angry_session_01
14.852,0.25112288066096183,angry,subject_01,subject_01_angry_session_01
14.856,0.26065048159305426,angry,subject_01,subject_01_angry_session_01
14.86,0.2479895023688659,angry,subject_01,subject_01_angry_session_01
14.864,0.22177376212376282,angry,subject_01,subject_01_angry_session_01
14.868,0.19129998092860814,angry,subject_01,subject_01_angry_session_01
14.872,0.2200495625593516,angry,subject_01,subject_01_angry_session_01
14.876,0.22652457413013322,angry,subject_01,subject_01_angry_session_01
14.88,0.2261719367587294,angry,subject_01,subject_01_angry_session_01
14.884,0.3519063851626858,angry,subject_01,subject_01_angry_session_01
14.888,0.13546008902480178,angry,subject_01,subject_01_angry_session_01
14.892,0.37902230027149975,angry,subject_01,subject_01_angry_session_01
14.896,0.10429995549109292,angry,subject_01,subject_01_angry_session_01
14.9,0.19656845992589408,angry,subject_01,subject_01_angry_session_01
14.904,0.09492411700841306,angry,subject_01,subject_01_angry_session_01
14.908,0.1776526072566126,angry,subject_01,subject_01_angry_session_01
14.912,0.21037087164783003,angry,subject_01,subject_01_angry_session_01
14.916,0.14510657425445772,angry,subject_01,subject_01_angry_session_01
14.92,0.19284163001935112,angry,subject_01,subject_01_angry_session_01
14.924,0.10000510251048994,angry,subject_01,subject_01_angry_session_01
14.928,-0.006855278118966274,angry,subject_01,subject_01_angry_session_01
14.932,0.14427595196119522,angry,subject_01,subject_01_angry_session_01
14.936,0.09896471882352477,angry,subject_01,subject_01_angry_session_01
14.94,0.05881058936060245,angry,subject_01,subject_01_angry_session_01
14.944,0.05351354003305345,angry,subject_01,subject_01_angry_session_01
14.948,0.09328777026541323,angry,subject_01,subject_01_angry_session_01
14.952,0.011033136450633009,angry,subject_01,subject_01_angry_session_01
14.956,0.07377108967450136,angry,subject_01,subject_01_angry_session_01
14.96,0.11432741624796534,angry,subject_01,subject_01_angry_session_01
14.964,0.1588190373062247,angry,subject_01,subject_01_angry_session_01
14.968,0.11218447677505228,angry,subject_01,subject_01_angry_session_01
14.972,0.03083577401837943,angry,subject_01,subject_01_angry_session_01
14.976,0.03034531664753856,angry,subject_01,subject_01_angry_session_01
14.98,-0.014833750551563852,angry,subject_01,subject_01_angry_session_01
14.984,-0.02392501819428054,angry,subject_01,subject_01_angry_session_01
14.988,0.05169123819893645,angry,subject_01,subject_01_angry_session_01
14.992,-0.023222861187085758,angry,subject_01,subject_01_angry_session_01
14.996,0.013528359390497298,angry,subject_01,subject_01_angry_session_01
15.0,-0.06940810758483319,angry,subject_01,subject_01_angry_session_01
15.004,0.0677530489457159,angry,subject_01,subject_01_angry_session_01
15.008,-0.036244821401913534,angry,subject_01,subject_01_angry_session_01
15.012,0.04629033424937494,angry,subject_01,subject_01_angry_session_01
15.016,-0.06300380047538262,angry,subject_01,subject_01_angry_session_01
15.02,-0.06769533484151136,angry,subject_01,subject_01_angry_session_01
15.024,0.05609223716448841,angry,subject_01,subject_01_angry_session_01
15.028,-0.062301475163173095,angry,subject_01,subject_01_angry_session_01
15.032,-0.1199657669579117,angry,subject_01,subject_01_angry_session_01
15.036,-0.08970453079992251,angry,subject_01,subject_01_angry_session_01
15.04,0.02201034253338639,angry,subject_01,subject_01_angry_session_01
15.044,0.013092125628570553,angry,subject_01,subject_01_angry_session_01
15.048,-0.0824815422868804,angry,subject_01,subject_01_angry_session_01
15.052,-0.07859871241165373,angry,subject_01,subject_01_angry_session_01
15.056,-0.0006803528839740072,angry,subject_01,subject_01_angry_session_01
15.06,0.04707456480356962,angry,subject_01,subject_01_angry_session_01
15.064,-0.0093878225868981,angry,subject_01,subject_01_angry_session_01
15.068,0.08001046988724834,angry,subject_01,subject_01_angry_session_01
15.072,0.18202868654029122,angry,subject_01,subject_01_angry_session_01
15.076,0.37330902864167526,angry,subject_01,subject_01_angry_session_01
15.08,0.3161210937229524,angry,subject_01,subject_01_angry_session_01
15.084,0.5034966052710224,angry,subject_01,subject_01_angry_session_01
15.088,0.6742728809974442,angry,subject_01,subject_01_angry_session_01
15.092,0.9020616991199094,angry,subject_01,subject_01_angry_session_01
15.096,0.9553183919897086,angry,subject_01,subject_01_angry_session_01
15.1,1.0630930568859136,angry,subject_01,subject_01_angry_session_01
15.104,1.0716071011858173,angry,subject_01,subject_01_angry_session_01
15.108,1.0268996973454825,angry,subject_01,subject_01_angry_session_01
15.112,0.9421205284542374,angry,subject_01,subject_01_angry_session_01
15.116,0.8632469980939331,angry,subject_01,subject_01_angry_session_01
15.12,0.5812685352922412,angry,subject_01,subject_01_angry_session_01
15.124,0.45861743677977224,angry,subject_01,subject_01_angry_session_01
15.128,0.22989539998753186,angry,subject_01,subject_01_angry_session_01
15.132,0.1733978927562247,angry,subject_01,subject_01_angry_session_01
15.136,0.03646511019088637,angry,subject_01,subject_01_angry_session_01
15.14,0.0360628322299182,angry,subject_01,subject_01_angry_session_01
15.144,-0.07112774188721073,angry,subject_01,subject_01_angry_session_01
15.148,-0.11290001854719393,angry,subject_01,subject_01_angry_session_01
15.152,-0.09776597680478083,angry,subject_01,subject_01_angry_session_01
15.156,0.033855076720558236,angry,subject_01,subject_01_angry_session_01
15.16,-0.14713964156232318,angry,subject_01,subject_01_angry_session_01
15.164,-0.0751198367060585,angry,subject_01,subject_01_angry_session_01
15.168,-0.02291221095345449,angry,subject_01,subject_01_angry_session_01
15.172,-0.0541260185703024,angry,subject_01,subject_01_angry_session_01
15.176,0.020059591822036593,angry,subject_01,subject_01_angry_session_01
15.18,-0.007864649015649552,angry,subject_01,subject_01_angry_session_01
15.184,0.014923797586172956,angry,subject_01,subject_01_angry_session_01
15.188,0.010350222644368443,angry,subject_01,subject_01_angry_session_01
15.192,0.0008080789161798579,angry,subject_01,subject_01_angry_session_01
15.196,-0.06658704172426114,angry,subject_01,subject_01_angry_session_01
15.2,0.025540843399555507,angry,subject_01,subject_01_angry_session_01
15.204,-0.08643836410895496,angry,subject_01,subject_01_angry_session_01
15.208,-0.016265787528631306,angry,subject_01,subject_01_angry_session_01
15.212,0.05839286123345461,angry,subject_01,subject_01_angry_session_01
15.216,0.10571719680887307,angry,subject_01,subject_01_angry_session_01
15.22,0.1809038968776537,angry,subject_01,subject_01_angry_session_01
15.224,0.020152556178198455,angry,subject_01,subject_01_angry_session_01
15.228,0.000150772041138926,angry,subject_01,subject_01_angry_session_01
15.232,0.08990029824589806,angry,subject_01,subject_01_angry_session_01
15.236,0.1775511621327725,angry,subject_01,subject_01_angry_session_01
15.24,0.16437933163652174,angry,subject_01,subject_01_angry_session_01
15.244,0.017627436917682156,angry,subject_01,subject_01_angry_session_01
15.248,0.07885604707905337,angry,subject_01,subject_01_angry_session_01
15.252,0.14607766936444627,angry,subject_01,subject_01_angry_session_01
15.256,0.15819656662452564,angry,subject_01,subject_01_angry_session_01
15.26,0.14664461722403874,angry,subject_01,subject_01_angry_session_01
15.264,0.09245624339509018,angry,subject_01,subject_01_angry_session_01
15.268,0.16270224945613232,angry,subject_01,subject_01_angry_session_01
15.272,0.1918865092181738,angry,subject_01,subject_01_angry_session_01
15.276,0.08862396010583462,angry,subject_01,subject_01_angry_session_01
15.28,0.23275614316138976,angry,subject_01,subject_01_angry_session_01
15.284,0.22079030860012694,angry,subject_01,subject_01_angry_session_01
15.288,0.12497518680660567,angry,subject_01,subject_01_angry_session_01
15.292,0.23305157559907655,angry,subject_01,subject_01_angry_session_01
15.296,0.23420607242319713,angry,subject_01,subject_01_angry_session_01
15.3,0.2441031711996426,angry,subject_01,subject_01_angry_session_01
15.304,0.2949147006528825,angry,subject_01,subject_01_angry_session_01
15.308,0.20671484614947444,angry,subject_01,subject_01_angry_session_01
15.312,0.2338423446941043,angry,subject_01,subject_01_angry_session_01
15.316,0.06181912415196911,angry,subject_01,subject_01_angry_session_01
15.32,0.2928314176372637,angry,subject_01,subject_01_angry_session_01
15.324,0.29231213973566994,angry,subject_01,subject_01_angry_session_01
15.328,0.3172423361682094,angry,subject_01,subject_01_angry_session_01
15.332,0.1838891579411486,angry,subject_01,subject_01_angry_session_01
15.336,0.30147250694941485,angry,subject_01,subject_01_angry_session_01
15.34,0.30797460854488606,angry,subject_01,subject_01_angry_session_01
15.344,0.21033121031470087,angry,subject_01,subject_01_angry_session_01
15.348,0.3147208838430784,angry,subject_01,subject_01_angry_session_01
15.352,0.2805731794235014,angry,subject_01,subject_01_angry_session_01
15.356,0.15180637569268168,angry,subject_01,subject_01_angry_session_01
15.36,0.28914548054659384,angry,subject_01,subject_01_angry_session_01
15.364,0.2079579887707718,angry,subject_01,subject_01_angry_session_01
15.368,0.15290928779941187,angry,subject_01,subject_01_angry_session_01
15.372,0.27453596886579035,angry,subject_01,subject_01_angry_session_01
15.376,0.24734881870758224,angry,subject_01,subject_01_angry_session_01
15.38,0.33391972724711116,angry,subject_01,subject_01_angry_session_01
15.384,0.25876169766531837,angry,subject_01,subject_01_angry_session_01
15.388,0.29253106193406336,angry,subject_01,subject_01_angry_session_01
15.392,0.27414939683661055,angry,subject_01,subject_01_angry_session_01
15.396,0.30256038737658075,angry,subject_01,subject_01_angry_session_01
15.4,0.18571736331441144,angry,subject_01,subject_01_angry_session_01
15.404,0.24835751120527833,angry,subject_01,subject_01_angry_session_01
15.408,0.22550814706567152,angry,subject_01,subject_01_angry_session_01
15.412,0.27065241320457384,angry,subject_01,subject_01_angry_session_01
15.416,0.24422916659721436,angry,subject_01,subject_01_angry_session_01
15.42,0.18944352942744064,angry,subject_01,subject_01_angry_session_01
15.424,0.203347338280024,angry,subject_01,subject_01_angry_session_01
15.428,0.31976876533516213,angry,subject_01,subject_01_angry_session_01
15.432,0.11628728465204016,angry,subject_01,subject_01_angry_session_01
15.436,0.25740433064276363,angry,subject_01,subject_01_angry_session_01
15.44,0.28597285640178266,angry,subject_01,subject_01_angry_session_01
15.444,0.2425526226970175,angry,subject_01,subject_01_angry_session_01
15.448,0.322055864070504,angry,subject_01,subject_01_angry_session_01
15.452,0.25566369976303527,angry,subject_01,subject_01_angry_session_01
15.456,0.2174964274345147,angry,subject_01,subject_01_angry_session_01
15.46,0.16104413178191915,angry,subject_01,subject_01_angry_session_01
15.464,0.2072850220430103,angry,subject_01,subject_01_angry_session_01
15.468,0.21757020269998611,angry,subject_01,subject_01_angry_session_01
15.472,0.1698947685389298,angry,subject_01,subject_01_angry_session_01
15.476,0.11762108275915634,angry,subject_01,subject_01_angry_session_01
15.48,0.08196842559082569,angry,subject_01,subject_01_angry_session_01
15.484,0.15695174412840995,angry,subject_01,subject_01_angry_session_01
15.488,0.04825077638363735,angry,subject_01,subject_01_angry_session_01
15.492,0.09973009494654042,angry,subject_01,subject_01_angry_session_01
15.496,-0.027136007730494932,angry,subject_01,subject_01_angry_session_01
15.5,0.15937651391504115,angry,subject_01,subject_01_angry_session_01
15.504,0.16923782467303722,angry,subject_01,subject_01_angry_session_01
15.508,0.09539568424661643,angry,subject_01,subject_01_angry_session_01
15.512,0.19136305319352523,angry,subject_01,subject_01_angry_session_01
15.516,0.15337178489719933,angry,subject_01,subject_01_angry_session_01
15.52,0.09268097725712872,angry,subject_01,subject_01_angry_session_01
15.524,0.04884482774866767,angry,subject_01,subject_01_angry_session_01
15.528,0.026851926434647205,angry,subject_01,subject_01_angry_session_01
15.532,0.07422176853622056,angry,subject_01,subject_01_angry_session_01
15.536,0.02516574952919934,angry,subject_01,subject_01_angry_session_01
15.54,0.060231233597831016,angry,subject_01,subject_01_angry_session_01
15.544,0.058922938449357073,angry,subject_01,subject_01_angry_session_01
15.548,0.0025784260130666033,angry,subject_01,subject_01_angry_session_01
15.552,0.07740671542041504,angry,subject_01,subject_01_angry_session_01
15.556,-0.006236241860659449,angry,subject_01,subject_01_angry_session_01
15.56,0.005060881629948161,angry,subject_01,subject_01_angry_session_01
15.564,-0.05811001199989386,angry,subject_01,subject_01_angry_session_01
15.568,-0.01851024112189333,angry,subject_01,subject_01_angry_session_01
15.572,0.12479353941006699,angry,subject_01,subject_01_angry_session_01
15.576,-0.0607928063045539,angry,subject_01,subject_01_angry_session_01
15.58,0.017740063489940117,angry,subject_01,subject_01_angry_session_01
15.584,-0.03726329474062562,angry,subject_01,subject_01_angry_session_01
15.588,-0.1440585517695036,angry,subject_01,subject_01_angry_session_01
15.592,0.021262650402306932,angry,subject_01,subject_01_angry_session_01
15.596,-0.046627250297359986,angry,subject_01,subject_01_angry_session_01
15.6,0.004750839723767355,angry,subject_01,subject_01_angry_session_01
15.604,0.04335701321224757,angry,subject_01,subject_01_angry_session_01
15.608,-0.004521056991744302,angry,subject_01,subject_01_angry_session_01
15.612,-0.0026119917180687582,angry,subject_01,subject_01_angry_session_01
15.616,-0.07855974316713951,angry,subject_01,subject_01_angry_session_01
15.62,0.01376782580277509,angry,subject_01,subject_01_angry_session_01
15.624,-0.03519354866346715,angry,subject_01,subject_01_angry_session_01
15.628,-0.12459048612360296,angry,subject_01,subject_01_angry_session_01
15.632,0.08659438993262442,angry,subject_01,subject_01_angry_session_01
15.636,0.17580876679612184,angry,subject_01,subject_01_angry_session_01
15.64,0.29954722603026357,angry,subject_01,subject_01_angry_session_01
15.644,0.4731003967619367,angry,subject_01,subject_01_angry_session_01
15.648,0.5426115738180068,angry,subject_01,subject_01_angry_session_01
15.652,0.68894181818764,angry,subject_01,subject_01_angry_session_01
15.656,0.8785156300896322,angry,subject_01,subject_01_angry_session_01
15.66,0.8911455723647854,angry,subject_01,subject_01_angry_session_01
15.664,0.9363655997286576,angry,subject_01,subject_01_angry_session_01
15.668,1.049489992501064,angry,subject_01,subject_01_angry_session_01
15.672,1.1392048990818344,angry,subject_01,subject_01_angry_session_01
15.676,0.9514380363521895,angry,subject_01,subject_01_angry_session_01
15.68,0.8997689001519941,angry,subject_01,subject_01_angry_session_01
15.684,0.7529528337658437,angry,subject_01,subject_01_angry_session_01
15.688,0.5630639811903315,angry,subject_01,subject_01_angry_session_01
15.692,0.30249303290192275,angry,subject_01,subject_01_angry_session_01
15.696,0.24713295564417354,angry,subject_01,subject_01_angry_session_01
15.7,0.07705038386320931,angry,subject_01,subject_01_angry_session_01
15.704,0.11481614618153008,angry,subject_01,subject_01_angry_session_01
15.708,0.025992644192517636,angry,subject_01,subject_01_angry_session_01
15.712,-0.09017207202997325,angry,subject_01,subject_01_angry_session_01
15.716,0.036306418581547234,angry,subject_01,subject_01_angry_session_01
15.72,-0.03838972434459193,angry,subject_01,subject_01_angry_session_01
15.724,-0.14313224335553076,angry,subject_01,subject_01_angry_session_01
15.728,-0.0311572925099445,angry,subject_01,subject_01_angry_session_01
15.732,0.08544452749448635,angry,subject_01,subject_01_angry_session_01
15.736,-0.051414567838683124,angry,subject_01,subject_01_angry_session_01
15.74,0.0012359389146396095,angry,subject_01,subject_01_angry_session_01
15.744,-0.07070787818069302,angry,subject_01,subject_01_angry_session_01
15.748,-0.05677176206412632,angry,subject_01,subject_01_angry_session_01
15.752,-0.030846741412552524,angry,subject_01,subject_01_angry_session_01
15.756,-0.05063056467898192,angry,subject_01,subject_01_angry_session_01
15.76,-0.01016702610850409,angry,subject_01,subject_01_angry_session_01
15.764,0.13535963880422913,angry,subject_01,subject_01_angry_session_01
15.768,0.033298072019842674,angry,subject_01,subject_01_angry_session_01
15.772,0.08728264498582129,angry,subject_01,subject_01_angry_session_01
15.776,0.11063422472096597,angry,subject_01,subject_01_angry_session_01
15.78,-0.016072395059298417,angry,subject_01,subject_01_angry_session_01
15.784,0.0061436061537608125,angry,subject_01,subject_01_angry_session_01
15.788,0.10789014098527125,angry,subject_01,subject_01_angry_session_01
15.792,0.030093514740043042,angry,subject_01,subject_01_angry_session_01
15.796,0.1166320531090805,angry,subject_01,subject_01_angry_session_01
15.8,0.18209057852546223,angry,subject_01,subject_01_angry_session_01
15.804,0.0011990479074175941,angry,subject_01,subject_01_angry_session_01
15.808,0.0744383859878533,angry,subject_01,subject_01_angry_session_01
15.812,0.09153432210309495,angry,subject_01,subject_01_angry_session_01
15.816,0.07964750461531986,angry,subject_01,subject_01_angry_session_01
15.82,0.08274845635820491,angry,subject_01,subject_01_angry_session_01
15.824,0.09786824527340622,angry,subject_01,subject_01_angry_session_01
15.828,0.1347898750083746,angry,subject_01,subject_01_angry_session_01
15.832,0.15401498539866518,angry,subject_01,subject_01_angry_session_01
15.836,0.20981508230746376,angry,subject_01,subject_01_angry_session_01
15.84,0.1596249088872338,angry,subject_01,subject_01_angry_session_01
15.844,0.2367364812068932,angry,subject_01,subject_01_angry_session_01
15.848,0.1426017098125529,angry,subject_01,subject_01_angry_session_01
15.852,0.11439737005034589,angry,subject_01,subject_01_angry_session_01
15.856,0.17642387744462357,angry,subject_01,subject_01_angry_session_01
15.86,0.2305034833316329,angry,subject_01,subject_01_angry_session_01
15.864,0.26219576446703335,angry,subject_01,subject_01_angry_session_01
15.868,0.30571935534111966,angry,subject_01,subject_01_angry_session_01
15.872,0.24273447608383916,angry,subject_01,subject_01_angry_session_01
15.876,0.2773581947396021,angry,subject_01,subject_01_angry_session_01
15.88,0.32075451710037645,angry,subject_01,subject_01_angry_session_01
15.884,0.19788391692906093,angry,subject_01,subject_01_angry_session_01
15.888,0.23756770044826522,angry,subject_01,subject_01_angry_session_01
15.892,0.4214657747680889,angry,subject_01,subject_01_angry_session_01
15.896,0.31110243716489433,angry,subject_01,subject_01_angry_session_01
15.9,0.2943239901002644,angry,subject_01,subject_01_angry_session_01
15.904,0.32070857562376476,angry,subject_01,subject_01_angry_session_01
15.908,0.18978797637814626,angry,subject_01,subject_01_angry_session_01
15.912,0.23339771846745339,angry,subject_01,subject_01_angry_session_01
15.916,0.21319329146695234,angry,subject_01,subject_01_angry_session_01
15.92,0.3002317222146178,angry,subject_01,subject_01_angry_session_01
15.924,0.25364351544565844,angry,subject_01,subject_01_angry_session_01
15.928,0.28168186564094405,angry,subject_01,subject_01_angry_session_01
15.932,0.25702017071058086,angry,subject_01,subject_01_angry_session_01
15.936,0.1774048657717643,angry,subject_01,subject_01_angry_session_01
15.94,0.327025608843952,angry,subject_01,subject_01_angry_session_01
15.944,0.16681002344171944,angry,subject_01,subject_01_angry_session_01
15.948,0.22722361408116448,angry,subject_01,subject_01_angry_session_01
15.952,0.19006930654111065,angry,subject_01,subject_01_angry_session_01
15.956,0.21415002793587692,angry,subject_01,subject_01_angry_session_01
15.96,0.2768479293438616,angry,subject_01,subject_01_angry_session_01
15.964,0.3365428368050968,angry,subject_01,subject_01_angry_session_01
15.968,0.16642093121784168,angry,subject_01,subject_01_angry_session_01
15.972,0.22424387984001656,angry,subject_01,subject_01_angry_session_01
15.976,0.1502986194009479,angry,subject_01,subject_01_angry_session_01
15.98,0.21645260513381998,angry,subject_01,subject_01_angry_session_01
15.984,0.25458886474146586,angry,subject_01,subject_01_angry_session_01
15.988,0.2937397414809571,angry,subject_01,subject_01_angry_session_01
15.992,0.11795214112890506,angry,subject_01,subject_01_angry_session_01
15.996,0.27532071375513834,angry,subject_01,subject_01_angry_session_01
16.0,0.1809741661990599,angry,subject_01,subject_01_angry_session_01
16.004,0.163175967385673,angry,subject_01,subject_01_angry_session_01
16.008,0.23672500392548387,angry,subject_01,subject_01_angry_session_01
16.012,0.26648964195922664,angry,subject_01,subject_01_angry_session_01
16.016,0.21862145941084998,angry,subject_01,subject_01_angry_session_01
16.02,0.1544030992997294,angry,subject_01,subject_01_angry_session_01
16.024,0.20878852237055523,angry,subject_01,subject_01_angry_session_01
16.028,0.1656781674649615,angry,subject_01,subject_01_angry_session_01
16.032,0.23924109900841448,angry,subject_01,subject_01_angry_session_01
16.036,0.2607978066257896,angry,subject_01,subject_01_angry_session_01
16.04,0.24972158412492262,angry,subject_01,subject_01_angry_session_01
16.044,0.1801157173327548,angry,subject_01,subject_01_angry_session_01
16.048,0.24048011154697066,angry,subject_01,subject_01_angry_session_01
16.052,0.10329219830713043,angry,subject_01,subject_01_angry_session_01
16.056,0.2626338617259467,angry,subject_01,subject_01_angry_session_01
16.06,0.08493748690401118,angry,subject_01,subject_01_angry_session_01
16.064,0.015441868161672381,angry,subject_01,subject_01_angry_session_01
16.068,0.20982849432004502,angry,subject_01,subject_01_angry_session_01
16.072,0.07597604183981181,angry,subject_01,subject_01_angry_session_01
16.076,0.11638888504064546,angry,subject_01,subject_01_angry_session_01
16.08,0.03854090920122653,angry,subject_01,subject_01_angry_session_01
16.084,0.23349379093734257,angry,subject_01,subject_01_angry_session_01
16.088,0.1926283784533381,angry,subject_01,subject_01_angry_session_01
16.092,0.16816770836128966,angry,subject_01,subject_01_angry_session_01
16.096,0.07319308200809019,angry,subject_01,subject_01_angry_session_01
16.1,0.11974944553969843,angry,subject_01,subject_01_angry_session_01
16.104,0.051263844445353535,angry,subject_01,subject_01_angry_session_01
16.108,0.11585554011164556,angry,subject_01,subject_01_angry_session_01
16.112,0.01850312628855754,angry,subject_01,subject_01_angry_session_01
16.116,0.13337102190379538,angry,subject_01,subject_01_angry_session_01
16.12,0.006303090177713862,angry,subject_01,subject_01_angry_session_01
16.124,0.009280087337516806,angry,subject_01,subject_01_angry_session_01
16.128,-0.0012442617385146973,angry,subject_01,subject_01_angry_session_01
16.132,0.03536076522715242,angry,subject_01,subject_01_angry_session_01
16.136,-0.0020099679535365775,angry,subject_01,subject_01_angry_session_01
16.14,0.04835179837180703,angry,subject_01,subject_01_angry_session_01
16.144,-0.011577297276845026,angry,subject_01,subject_01_angry_session_01
16.148,0.06318964604904373,angry,subject_01,subject_01_angry_session_01
16.152,0.10556127836357176,angry,subject_01,subject_01_angry_session_01
16.156,0.018034650996215304,angry,subject_01,subject_01_angry_session_01
16.16,0.14552191226689898,angry,subject_01,subject_01_angry_session_01
16.164,0.0790628780419538,angry,subject_01,subject_01_angry_session_01
16.168,0.13834216734985405,angry,subject_01,subject_01_angry_session_01
16.172,0.004237688672102159,angry,subject_01,subject_01_angry_session_01
16.176,-0.09504187954441261,angry,subject_01,subject_01_angry_session_01
16.18,-0.04186812240378775,angry,subject_01,subject_01_angry_session_01
16.184,-0.039090813328215485,angry,subject_01,subject_01_angry_session_01
16.188,-0.0585850441118927,angry,subject_01,subject_01_angry_session_01
16.192,-0.1204193899980567,angry,subject_01,subject_01_angry_session_01
16.196,0.10497127910457932,angry,subject_01,subject_01_angry_session_01
16.2,-0.008935953443040517,angry,subject_01,subject_01_angry_session_01
16.204,0.24908959074109602,angry,subject_01,subject_01_angry_session_01
16.208,0.4461866504455516,angry,subject_01,subject_01_angry_session_01
16.212,0.4149288833798736,angry,subject_01,subject_01_angry_session_01
16.216,0.6452573410213378,angry,subject_01,subject_01_angry_session_01
16.22,0.7576255784279594,angry,subject_01,subject_01_angry_session_01
16.224,0.97344334524008,angry,subject_01,subject_01_angry_session_01
16.228,0.9610006956764274,angry,subject_01,subject_01_angry_session_01
16.232,1.086657252494556,angry,subject_01,subject_01_angry_session_01
16.236,1.168287190831631,angry,subject_01,subject_01_angry_session_01
16.24,1.0473431623103004,angry,subject_01,subject_01_angry_session_01
16.244,0.8501446028136852,angry,subject_01,subject_01_angry_session_01
16.248,0.8801500923233039,angry,subject_01,subject_01_angry_session_01
16.252,0.5620598858982386,angry,subject_01,subject_01_angry_session_01
16.256,0.4729320973552127,angry,subject_01,subject_01_angry_session_01
16.26,0.34260005505144175,angry,subject_01,subject_01_angry_session_01
16.264,0.17876289099143136,angry,subject_01,subject_01_angry_session_01
16.268,0.22062071235178246,angry,subject_01,subject_01_angry_session_01
16.272,0.044588519844864394,angry,subject_01,subject_01_angry_session_01
16.276,-0.04700317515275565,angry,subject_01,subject_01_angry_session_01
16.28,-0.008728186949850322,angry,subject_01,subject_01_angry_session_01
16.284,-0.025711157853902968,angry,subject_01,subject_01_angry_session_01
16.288,-0.020809156245818576,angry,subject_01,subject_01_angry_session_01
16.292,0.007916295178706258,angry,subject_01,subject_01_angry_session_01
16.296,-0.01780465337548014,angry,subject_01,subject_01_angry_session_01
16.3,0.03272426234678469,angry,subject_01,subject_01_angry_session_01
16.304,-0.0018219750310885727,angry,subject_01,subject_01_angry_session_01
16.308,-0.07906513528816761,angry,subject_01,subject_01_angry_session_01
16.312,0.10786995506643277,angry,subject_01,subject_01_angry_session_01
16.316,0.009566866571567967,angry,subject_01,subject_01_angry_session_01
16.32,0.055780364858791204,angry,subject_01,subject_01_angry_session_01
16.324,0.005518717827980371,angry,subject_01,subject_01_angry_session_01
16.328,0.011361341423181126,angry,subject_01,subject_01_angry_session_01
16.332,-0.0028812709337549675,angry,subject_01,subject_01_angry_session_01
16.336,0.12091994097512307,angry,subject_01,subject_01_angry_session_01
16.34,0.14026507468217073,angry,subject_01,subject_01_angry_session_01
16.344,0.07559995845965806,angry,subject_01,subject_01_angry_session_01
16.348,0.0473119702873227,angry,subject_01,subject_01_angry_session_01
16.352,-0.016299543536226924,angry,subject_01,subject_01_angry_session_01
16.356,0.1390871198635127,angry,subject_01,subject_01_angry_session_01
16.36,0.05714284613105831,angry,subject_01,subject_01_angry_session_01
16.364,0.037366403351248495,angry,subject_01,subject_01_angry_session_01
16.368,0.11310380327441508,angry,subject_01,subject_01_angry_session_01
16.372,0.0985130127468744,angry,subject_01,subject_01_angry_session_01
16.376,0.03493978481070327,angry,subject_01,subject_01_angry_session_01
16.38,0.05087238230807917,angry,subject_01,subject_01_angry_session_01
16.384,0.16180789294365888,angry,subject_01,subject_01_angry_session_01
16.388,0.1103544676723808,angry,subject_01,subject_01_angry_session_01
16.392,0.18854384921908077,angry,subject_01,subject_01_angry_session_01
16.396,0.17507215900684886,angry,subject_01,subject_01_angry_session_01
16.4,0.23756931979204604,angry,subject_01,subject_01_angry_session_01
16.404,0.1332716211902645,angry,subject_01,subject_01_angry_session_01
16.408,0.20565402602535982,angry,subject_01,subject_01_angry_session_01
16.412,0.23844325866063393,angry,subject_01,subject_01_angry_session_01
16.416,0.1709512015472572,angry,subject_01,subject_01_angry_session_01
16.42,0.2844107640719846,angry,subject_01,subject_01_angry_session_01
16.424,0.12488751304046809,angry,subject_01,subject_01_angry_session_01
16.428,0.18275877813190336,angry,subject_01,subject_01_angry_session_01
16.432,0.13812494203634346,angry,subject_01,subject_01_angry_session_01
16.436,0.20349989963181345,angry,subject_01,subject_01_angry_session_01
16.44,0.24533555430817794,angry,subject_01,subject_01_angry_session_01
16.444,0.31106975838247247,angry,subject_01,subject_01_angry_session_01
16.448,0.2580040123258047,angry,subject_01,subject_01_angry_session_01
16.452,0.23727844426716974,angry,subject_01,subject_01_angry_session_01
16.456,0.18523386319094648,angry,subject_01,subject_01_angry_session_01
16.46,0.2100037473101466,angry,subject_01,subject_01_angry_session_01
16.464,0.30559420693489003,angry,subject_01,subject_01_angry_session_01
16.468,0.3434418291081726,angry,subject_01,subject_01_angry_session_01
16.472,0.26841074886102223,angry,subject_01,subject_01_angry_session_01
16.476,0.36866954133398777,angry,subject_01,subject_01_angry_session_01
16.48,0.24089855673402616,angry,subject_01,subject_01_angry_session_01
16.484,0.27579876271148496,angry,subject_01,subject_01_angry_session_01
16.488,0.28167210991807723,angry,subject_01,subject_01_angry_session_01
16.492,0.39211351750791273,angry,subject_01,subject_01_angry_session_01
16.496,0.3082067459049931,angry,subject_01,subject_01_angry_session_01
16.5,0.19168847310781867,angry,subject_01,subject_01_angry_session_01
16.504,0.3557124259932032,angry,subject_01,subject_01_angry_session_01
16.508,0.40804530616682666,angry,subject_01,subject_01_angry_session_01
16.512,0.2806878690467793,angry,subject_01,subject_01_angry_session_01
16.516,0.2399852226640011,angry,subject_01,subject_01_angry_session_01
16.52,0.34360655067591683,angry,subject_01,subject_01_angry_session_01
16.524,0.4073960339250472,angry,subject_01,subject_01_angry_session_01
16.528,0.3381415351369232,angry,subject_01,subject_01_angry_session_01
16.532,0.18743703121341823,angry,subject_01,subject_01_angry_session_01
16.536,0.32764627308322675,angry,subject_01,subject_01_angry_session_01
16.54,0.3041304169199178,angry,subject_01,subject_01_angry_session_01
16.544,0.2200835168530926,angry,subject_01,subject_01_angry_session_01
16.548,0.3521396123592472,angry,subject_01,subject_01_angry_session_01
16.552,0.2985106040225854,angry,subject_01,subject_01_angry_session_01
16.556,0.34842901495812517,angry,subject_01,subject_01_angry_session_01
16.56,0.2030512075922421,angry,subject_01,subject_01_angry_session_01
16.564,0.28771598756000427,angry,subject_01,subject_01_angry_session_01
16.568,0.20692297175938756,angry,subject_01,subject_01_angry_session_01
16.572,0.2720622495855717,angry,subject_01,subject_01_angry_session_01
16.576,0.342086653816662,angry,subject_01,subject_01_angry_session_01
16.58,0.16374088840887518,angry,subject_01,subject_01_angry_session_01
16.584,0.16262972660917158,angry,subject_01,subject_01_angry_session_01
16.588,0.29706957285723706,angry,subject_01,subject_01_angry_session_01
16.592,0.23335887095039726,angry,subject_01,subject_01_angry_session_01
16.596,0.2984196193392984,angry,subject_01,subject_01_angry_session_01
16.6,0.17310928375620474,angry,subject_01,subject_01_angry_session_01
16.604,0.21749285395784287,angry,subject_01,subject_01_angry_session_01
16.608,0.24807972654474608,angry,subject_01,subject_01_angry_session_01
16.612,0.21130837530354818,angry,subject_01,subject_01_angry_session_01
16.616,0.08286223385704869,angry,subject_01,subject_01_angry_session_01
16.62,0.35068531737960273,angry,subject_01,subject_01_angry_session_01
16.624,0.18493881484002805,angry,subject_01,subject_01_angry_session_01
16.628,0.0824558745395007,angry,subject_01,subject_01_angry_session_01
16.632,0.17231543677768704,angry,subject_01,subject_01_angry_session_01
16.636,0.16978739149386485,angry,subject_01,subject_01_angry_session_01
16.64,0.1943331695294755,angry,subject_01,subject_01_angry_session_01
16.644,0.18115706173164003,angry,subject_01,subject_01_angry_session_01
16.648,0.10378166104990645,angry,subject_01,subject_01_angry_session_01
16.652,0.004698607531422053,angry,subject_01,subject_01_angry_session_01
16.656,0.12750727407789647,angry,subject_01,subject_01_angry_session_01
16.66,-0.006473348604111237,angry,subject_01,subject_01_angry_session_01
16.664,0.15771770986551104,angry,subject_01,subject_01_angry_session_01
16.668,0.03408364316012141,angry,subject_01,subject_01_angry_session_01
16.672,0.10992520639858264,angry,subject_01,subject_01_angry_session_01
16.676,0.026774987683115953,angry,subject_01,subject_01_angry_session_01
16.68,0.03147620130795194,angry,subject_01,subject_01_angry_session_01
16.684,0.00831685361684957,angry,subject_01,subject_01_angry_session_01
16.688,0.09522042042023113,angry,subject_01,subject_01_angry_session_01
16.692,0.011333270626864983,angry,subject_01,subject_01_angry_session_01
16.696,0.09153239401215571,angry,subject_01,subject_01_angry_session_01
16.7,0.006929875634769864,angry,subject_01,subject_01_angry_session_01
16.704,0.026356343002308366,angry,subject_01,subject_01_angry_session_01
16.708,0.04031905291794359,angry,subject_01,subject_01_angry_session_01
16.712,0.04566604786078302,angry,subject_01,subject_01_angry_session_01
16.716,-0.020492855461384685,angry,subject_01,subject_01_angry_session_01
16.72,0.07593735119169473,angry,subject_01,subject_01_angry_session_01
16.724,0.01633528167092409,angry,subject_01,subject_01_angry_session_01
16.728,0.06418175234556216,angry,subject_01,subject_01_angry_session_01
16.732,0.029285178704389122,angry,subject_01,subject_01_angry_session_01
16.736,0.06355043451643551,angry,subject_01,subject_01_angry_session_01
16.74,0.0007606254321319145,angry,subject_01,subject_01_angry_session_01
16.744,-0.02595087173573098,angry,subject_01,subject_01_angry_session_01
16.748,0.04295053966548731,angry,subject_01,subject_01_angry_session_01
16.752,-0.013413197300859964,angry,subject_01,subject_01_angry_session_01
16.756,0.11115614133296474,angry,subject_01,subject_01_angry_session_01
16.76,0.05135741154478429,angry,subject_01,subject_01_angry_session_01
16.764,0.01289813483426154,angry,subject_01,subject_01_angry_session_01
16.768,0.13852106201461123,angry,subject_01,subject_01_angry_session_01
16.772,0.2238851296461653,angry,subject_01,subject_01_angry_session_01
16.776,0.4862665755200282,angry,subject_01,subject_01_angry_session_01
16.78,0.6248759444345116,angry,subject_01,subject_01_angry_session_01
16.784,0.7364261792045302,angry,subject_01,subject_01_angry_session_01
16.788,0.9082003746851532,angry,subject_01,subject_01_angry_session_01
16.792,1.0087926605879372,angry,subject_01,subject_01_angry_session_01
16.796,1.146667522680703,angry,subject_01,subject_01_angry_session_01
16.8,1.1542888531897413,angry,subject_01,subject_01_angry_session_01
16.804,1.1357638483261856,angry,subject_01,subject_01_angry_session_01
16.808,0.9983165253917905,angry,subject_01,subject_01_angry_session_01
16.812,0.8430355638553331,angry,subject_01,subject_01_angry_session_01
16.816,0.761804688601154,angry,subject_01,subject_01_angry_session_01
16.82,0.6433558115639573,angry,subject_01,subject_01_angry_session_01
16.824,0.44992622020160733,angry,subject_01,subject_01_angry_session_01
16.828,0.33164999960469876,angry,subject_01,subject_01_angry_session_01
16.832,0.13001069515227637,angry,subject_01,subject_01_angry_session_01
16.836,-0.01925179732949176,angry,subject_01,subject_01_angry_session_01
16.84,-0.06115806056259993,angry,subject_01,subject_01_angry_session_01
16.844,0.05565382626653495,angry,subject_01,subject_01_angry_session_01
16.848,-0.13765569170470218,angry,subject_01,subject_01_angry_session_01
16.852,0.0767914016564812,angry,subject_01,subject_01_angry_session_01
16.856,-0.04426877539503186,angry,subject_01,subject_01_angry_session_01
16.86,0.13418556792515765,angry,subject_01,subject_01_angry_session_01
16.864,0.027415584827321218,angry,subject_01,subject_01_angry_session_01
16.868,0.08456417674844866,angry,subject_01,subject_01_angry_session_01
16.872,0.19117064546707926,angry,subject_01,subject_01_angry_session_01
16.876,0.03333268706478307,angry,subject_01,subject_01_angry_session_01
16.88,0.036433325713181496,angry,subject_01,subject_01_angry_session_01
16.884,0.01927773263722763,angry,subject_01,subject_01_angry_session_01
16.888,0.004537494144876399,angry,subject_01,subject_01_angry_session_01
16.892,0.04867323451097111,angry,subject_01,subject_01_angry_session_01
16.896,0.03922148045564682,angry,subject_01,subject_01_angry_session_01
16.9,0.0018177689405771552,angry,subject_01,subject_01_angry_session_01
16.904,0.0688164035587878,angry,subject_01,subject_01_angry_session_01
16.908,0.11334438667385656,angry,subject_01,subject_01_angry_session_01
16.912,0.037818884573584635,angry,subject_01,subject_01_angry_session_01
16.916,0.08734756671139796,angry,subject_01,subject_01_angry_session_01
16.92,0.18731016121948774,angry,subject_01,subject_01_angry_session_01
16.924,0.02387344031936728,angry,subject_01,subject_01_angry_session_01
16.928,0.23136422796923764,angry,subject_01,subject_01_angry_session_01
16.932,0.08172568074632375,angry,subject_01,subject_01_angry_session_01
16.936,0.14119584655248713,angry,subject_01,subject_01_angry_session_01
16.94,0.2131220166770213,angry,subject_01,subject_01_angry_session_01
16.944,0.23890076971356056,angry,subject_01,subject_01_angry_session_01
16.948,0.17971344892990737,angry,subject_01,subject_01_angry_session_01
16.952,0.11772850177611768,angry,subject_01,subject_01_angry_session_01
16.956,0.12046750664524293,angry,subject_01,subject_01_angry_session_01
16.96,0.14111164733124107,angry,subject_01,subject_01_angry_session_01
16.964,0.29722732036595145,angry,subject_01,subject_01_angry_session_01
16.968,0.16921104990091193,angry,subject_01,subject_01_angry_session_01
16.972,0.2199673544534247,angry,subject_01,subject_01_angry_session_01
16.976,0.14625510509558332,angry,subject_01,subject_01_angry_session_01
16.98,0.14776866441398329,angry,subject_01,subject_01_angry_session_01
16.984,0.22689515552029824,angry,subject_01,subject_01_angry_session_01
16.988,0.21383752974102882,angry,subject_01,subject_01_angry_session_01
16.992,0.2260328785372537,angry,subject_01,subject_01_angry_session_01
16.996,0.15996079780589204,angry,subject_01,subject_01_angry_session_01
17.0,0.25157717891539516,angry,subject_01,subject_01_angry_session_01
17.004,0.3558918722323964,angry,subject_01,subject_01_angry_session_01
17.008,0.21832847827467855,angry,subject_01,subject_01_angry_session_01
17.012,0.32951836874846946,angry,subject_01,subject_01_angry_session_01
17.016,0.07352208964278995,angry,subject_01,subject_01_angry_session_01
17.02,0.23847253741413926,angry,subject_01,subject_01_angry_session_01
17.024,0.17670895850758503,angry,subject_01,subject_01_angry_session_01
17.028,0.3696907450490135,angry,subject_01,subject_01_angry_session_01
17.032,0.35188114936554504,angry,subject_01,subject_01_angry_session_01
17.036,0.24016934648944493,angry,subject_01,subject_01_angry_session_01
17.04,0.32209537811552147,angry,subject_01,subject_01_angry_session_01
17.044,0.3787878363510451,angry,subject_01,subject_01_angry_session_01
17.048,0.38951005039374736,angry,subject_01,subject_01_angry_session_01
17.052,0.28458786723142615,angry,subject_01,subject_01_angry_session_01
17.056,0.17674779595036233,angry,subject_01,subject_01_angry_session_01
17.06,0.2552278655567149,angry,subject_01,subject_01_angry_session_01
17.064,0.35452331059738396,angry,subject_01,subject_01_angry_session_01
17.068,0.43349703002047146,angry,subject_01,subject_01_angry_session_01
17.072,0.3029520846763798,angry,subject_01,subject_01_angry_session_01
17.076,0.2681377253967572,angry,subject_01,subject_01_angry_session_01
17.08,0.4465803985351729,angry,subject_01,subject_01_angry_session_01
17.084,0.32481911419046566,angry,subject_01,subject_01_angry_session_01
17.088,0.2244966226943585,angry,subject_01,subject_01_angry_session_01
17.092,0.2885892192497397,angry,subject_01,subject_01_angry_session_01
17.096,0.35319027261045716,angry,subject_01,subject_01_angry_session_01
17.1,0.28638216157005936,angry,subject_01,subject_01_angry_session_01
17.104,0.33563551314332984,angry,subject_01,subject_01_angry_session_01
17.108,0.18901212467397338,angry,subject_01,subject_01_angry_session_01
17.112,0.19656956183231514,angry,subject_01,subject_01_angry_session_01
17.116,0.23579302733733873,angry,subject_01,subject_01_angry_session_01
17.12,0.26015131177999823,angry,subject_01,subject_01_angry_session_01
17.124,0.2942194689104037,angry,subject_01,subject_01_angry_session_01
17.128,0.30934683108659344,angry,subject_01,subject_01_angry_session_01
17.132,0.4158764927268974,angry,subject_01,subject_01_angry_session_01
17.136,0.22012017965286426,angry,subject_01,subject_01_angry_session_01
17.14,0.24181692285408282,angry,subject_01,subject_01_angry_session_01
17.144,0.21388206018065656,angry,subject_01,subject_01_angry_session_01
17.148,0.316739265811723,angry,subject_01,subject_01_angry_session_01
17.152,0.3150103740370178,angry,subject_01,subject_01_angry_session_01
17.156,0.21461652013681481,angry,subject_01,subject_01_angry_session_01
17.16,0.3594019382264477,angry,subject_01,subject_01_angry_session_01
17.164,0.1863704722991322,angry,subject_01,subject_01_angry_session_01
17.168,0.2836143323371785,angry,subject_01,subject_01_angry_session_01
17.172,0.30149021169338747,angry,subject_01,subject_01_angry_session_01
17.176,0.12444095568805873,angry,subject_01,subject_01_angry_session_01
17.18,0.23227511864137587,angry,subject_01,subject_01_angry_session_01
17.184,0.025221078218455678,angry,subject_01,subject_01_angry_session_01
17.188,0.2289806299023134,angry,subject_01,subject_01_angry_session_01
17.192,0.10401426288820138,angry,subject_01,subject_01_angry_session_01
17.196,0.19460787722368716,angry,subject_01,subject_01_angry_session_01
17.2,0.19626564692251583,angry,subject_01,subject_01_angry_session_01
17.204,0.20863049220462676,angry,subject_01,subject_01_angry_session_01
17.208,0.1854295309488309,angry,subject_01,subject_01_angry_session_01
17.212,0.1261876501641419,angry,subject_01,subject_01_angry_session_01
17.216,0.09112265806450809,angry,subject_01,subject_01_angry_session_01
17.22,0.10097300463304208,angry,subject_01,subject_01_angry_session_01
17.224,0.03038648075506578,angry,subject_01,subject_01_angry_session_01
17.228,0.07702638288460562,angry,subject_01,subject_01_angry_session_01
17.232,0.06517179874964986,angry,subject_01,subject_01_angry_session_01
17.236,0.028733198564204858,angry,subject_01,subject_01_angry_session_01
17.24,-0.0344948270895447,angry,subject_01,subject_01_angry_session_01
17.244,-0.012150919785557601,angry,subject_01,subject_01_angry_session_01
17.248,-0.12952393669835438,angry,subject_01,subject_01_angry_session_01
17.252,0.036539534335345694,angry,subject_01,subject_01_angry_session_01
17.256,0.0726601693219145,angry,subject_01,subject_01_angry_session_01
17.26,-0.11344601410694738,angry,subject_01,subject_01_angry_session_01
17.264,0.05861596047442636,angry,subject_01,subject_01_angry_session_01
17.268,0.034362533426562106,angry,subject_01,subject_01_angry_session_01
17.272,-0.031239275703766875,angry,subject_01,subject_01_angry_session_01
17.276,0.01147030861275668,angry,subject_01,subject_01_angry_session_01
17.28,0.09865285437114349,angry,subject_01,subject_01_angry_session_01
17.284,-0.024339415637522198,angry,subject_01,subject_01_angry_session_01
17.288,0.03753894968416592,angry,subject_01,subject_01_angry_session_01
17.292,0.052385751521708365,angry,subject_01,subject_01_angry_session_01
17.296,-0.019070850686904024,angry,subject_01,subject_01_angry_session_01
17.3,0.08898391779816475,angry,subject_01,subject_01_angry_session_01
17.304,0.05006483267913264,angry,subject_01,subject_01_angry_session_01
17.308,0.00691689996824784,angry,subject_01,subject_01_angry_session_01
17.312,0.15937558228651055,angry,subject_01,subject_01_angry_session_01
17.316,0.07540248571008334,angry,subject_01,subject_01_angry_session_01
17.32,-0.08333966128959658,angry,subject_01,subject_01_angry_session_01
17.324,0.01081253138713701,angry,subject_01,subject_01_angry_session_01
17.328,0.21986404321593378,angry,subject_01,subject_01_angry_session_01
17.332,0.07909559955232603,angry,subject_01,subject_01_angry_session_01
17.336,0.24006479392246383,angry,subject_01,subject_01_angry_session_01
17.34,0.43805020294877295,angry,subject_01,subject_01_angry_session_01
17.344,0.5540804255907886,angry,subject_01,subject_01_angry_session_01
17.348,0.7240552370862875,angry,subject_01,subject_01_angry_session_01
17.352,0.8771931676389852,angry,subject_01,subject_01_angry_session_01
17.356,0.9699084270805917,angry,subject_01,subject_01_angry_session_01
17.36,1.0193122499155916,angry,subject_01,subject_01_angry_session_01
17.364,1.1418955501333459,angry,subject_01,subject_01_angry_session_01
17.368,1.0840826462271433,angry,subject_01,subject_01_angry_session_01
17.372,1.0152812996010172,angry,subject_01,subject_01_angry_session_01
17.376,1.0196636838712054,angry,subject_01,subject_01_angry_session_01
17.38,0.7581647892321851,angry,subject_01,subject_01_angry_session_01
17.384,0.714280563501769,angry,subject_01,subject_01_angry_session_01
17.388,0.45662222091676674,angry,subject_01,subject_01_angry_session_01
17.392,0.2755995638577818,angry,subject_01,subject_01_angry_session_01
17.396,0.04702509215965034,angry,subject_01,subject_01_angry_session_01
17.4,0.18820821873759386,angry,subject_01,subject_01_angry_session_01
17.404,0.0007270366127456213,angry,subject_01,subject_01_angry_session_01
17.408,-0.16407887630649504,angry,subject_01,subject_01_angry_session_01
17.412,0.025890507188567967,angry,subject_01,subject_01_angry_session_01
17.416,-0.027421909193811034,angry,subject_01,subject_01_angry_session_01
17.42,-0.06480091811156204,angry,subject_01,subject_01_angry_session_01
17.424,0.06323654810869869,angry,subject_01,subject_01_angry_session_01
17.428,-0.13160581452409104,angry,subject_01,subject_01_angry_session_01
17.432,-0.010901370853472439,angry,subject_01,subject_01_angry_session_01
17.436,0.021605867561979866,angry,subject_01,subject_01_angry_session_01
17.44,0.09619023988881015,angry,subject_01,subject_01_angry_session_01
17.444,0.18371083985969433,angry,subject_01,subject_01_angry_session_01
17.448,0.038267761558287566,angry,subject_01,subject_01_angry_session_01
17.452,0.08405776849386422,angry,subject_01,subject_01_angry_session_01
17.456,0.22495802791023703,angry,subject_01,subject_01_angry_session_01
17.46,0.06413758024214611,angry,subject_01,subject_01_angry_session_01
17.464,0.09600429068043688,angry,subject_01,subject_01_angry_session_01
17.468,-0.0019842095520810343,angry,subject_01,subject_01_angry_session_01
17.472,0.19444887269009473,angry,subject_01,subject_01_angry_session_01
17.476,0.039065403776385815,angry,subject_01,subject_01_angry_session_01
17.48,0.10320887960788763,angry,subject_01,subject_01_angry_session_01
17.484,0.1070644772903078,angry,subject_01,subject_01_angry_session_01
17.488,0.10362855329833531,angry,subject_01,subject_01_angry_session_01
17.492,0.07860399301157897,angry,subject_01,subject_01_angry_session_01
17.496,0.12558523817224287,angry,subject_01,subject_01_angry_session_01
17.5,0.22326638575989693,angry,subject_01,subject_01_angry_session_01
17.504,0.26166417564862615,angry,subject_01,subject_01_angry_session_01
17.508,0.12152747965446578,angry,subject_01,subject_01_angry_session_01
17.512,0.1125209146020035,angry,subject_01,subject_01_angry_session_01
17.516,0.09861651349404282,angry,subject_01,subject_01_angry_session_01
17.52,0.3161383192663133,angry,subject_01,subject_01_angry_session_01
17.524,0.17067229154446636,angry,subject_01,subject_01_angry_session_01
17.528,0.2379281228715238,angry,subject_01,subject_01_angry_session_01
17.532,0.22098432492478653,angry,subject_01,subject_01_angry_session_01
17.536,0.31988551280163025,angry,subject_01,subject_01_angry_session_01
17.54,0.18071333003829834,angry,subject_01,subject_01_angry_session_01
17.544,0.13730007086915358,angry,subject_01,subject_01_angry_session_01
17.548,0.32335110630534003,angry,subject_01,subject_01_angry_session_01
17.552,0.2739082228313957,angry,subject_01,subject_01_angry_session_01
17.556,0.2548329979956178,angry,subject_01,subject_01_angry_session_01
17.56,0.32708828277999036,angry,subject_01,subject_01_angry_session_01
17.564,0.2730264174760528,angry,subject_01,subject_01_angry_session_01
17.568,0.34335526183631865,angry,subject_01,subject_01_angry_session_01
17.572,0.27053338258841797,angry,subject_01,subject_01_angry_session_01
17.576,0.3160329833649246,angry,subject_01,subject_01_angry_session_01
17.58,0.2992417063032823,angry,subject_01,subject_01_angry_session_01
17.584,0.253413408299254,angry,subject_01,subject_01_angry_session_01
17.588,0.2653795366676338,angry,subject_01,subject_01_angry_session_01
17.592,0.2583792579672232,angry,subject_01,subject_01_angry_session_01
17.596,0.3015843833418709,angry,subject_01,subject_01_angry_session_01
17.6,0.26145396560164214,angry,subject_01,subject_01_angry_session_01
17.604,0.31753892582206805,angry,subject_01,subject_01_angry_session_01
17.608,0.31751768926975144,angry,subject_01,subject_01_angry_session_01
17.612,0.3071742296393993,angry,subject_01,subject_01_angry_session_01
17.616,0.30913427266875,angry,subject_01,subject_01_angry_session_01
17.62,0.2622096361255661,angry,subject_01,subject_01_angry_session_01
17.624,0.27916208570296025,angry,subject_01,subject_01_angry_session_01
17.628,0.1952850828785495,angry,subject_01,subject_01_angry_session_01
17.632,0.28734910496186494,angry,subject_01,subject_01_angry_session_01
17.636,0.23403466805590592,angry,subject_01,subject_01_angry_session_01
17.64,0.29748591330042684,angry,subject_01,subject_01_angry_session_01
17.644,0.24665491513386512,angry,subject_01,subject_01_angry_session_01
17.648,0.1642803773028067,angry,subject_01,subject_01_angry_session_01
17.652,0.42007818582302553,angry,subject_01,subject_01_angry_session_01
17.656,0.2685151541983797,angry,subject_01,subject_01_angry_session_01
17.66,0.36659109666409584,angry,subject_01,subject_01_angry_session_01
17.664,0.245444472032934,angry,subject_01,subject_01_angry_session_01
17.668,0.3762003411945801,angry,subject_01,subject_01_angry_session_01
17.672,0.20242836234348682,angry,subject_01,subject_01_angry_session_01
17.676,0.2792799087399975,angry,subject_01,subject_01_angry_session_01
17.68,0.20033177187155027,angry,subject_01,subject_01_angry_session_01
17.684,0.41900953346690095,angry,subject_01,subject_01_angry_session_01
17.688,0.2450204879850811,angry,subject_01,subject_01_angry_session_01
17.692,0.3065711985848132,angry,subject_01,subject_01_angry_session_01
17.696,0.2806164353111984,angry,subject_01,subject_01_angry_session_01
17.7,0.2485458044597872,angry,subject_01,subject_01_angry_session_01
17.704,0.27735597742287543,angry,subject_01,subject_01_angry_session_01
17.708,0.3237234855855902,angry,subject_01,subject_01_angry_session_01
17.712,0.2777554878759789,angry,subject_01,subject_01_angry_session_01
17.716,0.24246074207135893,angry,subject_01,subject_01_angry_session_01
17.72,0.25844203030293367,angry,subject_01,subject_01_angry_session_01
17.724,0.3362421934814114,angry,subject_01,subject_01_angry_session_01
17.728,0.18985826671600461,angry,subject_01,subject_01_angry_session_01
17.732,0.09662651713437516,angry,subject_01,subject_01_angry_session_01
17.736,0.13453957102145575,angry,subject_01,subject_01_angry_session_01
17.74,0.13097588543733754,angry,subject_01,subject_01_angry_session_01
17.744,0.13094573474917343,angry,subject_01,subject_01_angry_session_01
17.748,0.12412862485963125,angry,subject_01,subject_01_angry_session_01
17.752,0.16431696264313642,angry,subject_01,subject_01_angry_session_01
17.756,0.17111539156764313,angry,subject_01,subject_01_angry_session_01
17.76,0.16084107482952015,angry,subject_01,subject_01_angry_session_01
17.764,0.09311782988830317,angry,subject_01,subject_01_angry_session_01
17.768,0.1868773659233811,angry,subject_01,subject_01_angry_session_01
17.772,0.14972525925403515,angry,subject_01,subject_01_angry_session_01
17.776,0.20314321145933997,angry,subject_01,subject_01_angry_session_01
17.78,0.149949449671683,angry,subject_01,subject_01_angry_session_01
17.784,0.0693948418489386,angry,subject_01,subject_01_angry_session_01
17.788,0.16032431655875523,angry,subject_01,subject_01_angry_session_01
17.792,0.09049400792180723,angry,subject_01,subject_01_angry_session_01
17.796,0.11453539254512976,angry,subject_01,subject_01_angry_session_01
17.8,0.10298086823067201,angry,subject_01,subject_01_angry_session_01
17.804,0.04592990317968602,angry,subject_01,subject_01_angry_session_01
17.808,0.05375913035804013,angry,subject_01,subject_01_angry_session_01
17.812,0.03438846595980086,angry,subject_01,subject_01_angry_session_01
17.816,-0.013677690656138532,angry,subject_01,subject_01_angry_session_01
17.82,-0.09545559915496449,angry,subject_01,subject_01_angry_session_01
17.824,-0.012203301308811913,angry,subject_01,subject_01_angry_session_01
17.828,0.0380147449488997,angry,subject_01,subject_01_angry_session_01
17.832,0.08824660402530451,angry,subject_01,subject_01_angry_session_01
17.836,0.06828918428400793,angry,subject_01,subject_01_angry_session_01
17.84,0.001507102833614906,angry,subject_01,subject_01_angry_session_01
17.844,-0.024472512467657206,angry,subject_01,subject_01_angry_session_01
17.848,0.003862228595414961,angry,subject_01,subject_01_angry_session_01
17.852,-0.045314726474456786,angry,subject_01,subject_01_angry_session_01
17.856,-0.11506541115860978,angry,subject_01,subject_01_angry_session_01
17.86,-0.08221300145208611,angry,subject_01,subject_01_angry_session_01
17.864,0.09132500065296893,angry,subject_01,subject_01_angry_session_01
17.868,0.1179108490352345,angry,subject_01,subject_01_angry_session_01
17.872,0.04824782801200007,angry,subject_01,subject_01_angry_session_01
17.876,-0.004922614966685117,angry,subject_01,subject_01_angry_session_01
17.88,-0.08901866482182748,angry,subject_01,subject_01_angry_session_01
17.884,-0.015061192258115533,angry,subject_01,subject_01_angry_session_01
17.888,0.04159759244495504,angry,subject_01,subject_01_angry_session_01
17.892,0.08319286119741032,angry,subject_01,subject_01_angry_session_01
17.896,0.12930317300755784,angry,subject_01,subject_01_angry_session_01
17.9,0.24627402349807798,angry,subject_01,subject_01_angry_session_01
17.904,0.4074265094442919,angry,subject_01,subject_01_angry_session_01
17.908,0.40978044423889526,angry,subject_01,subject_01_angry_session_01
17.912,0.7612697093854658,angry,subject_01,subject_01_angry_session_01
17.916,0.6320345775205702,angry,subject_01,subject_01_angry_session_01
17.92,0.8519298072259245,angry,subject_01,subject_01_angry_session_01
17.924,1.0248024030196714,angry,subject_01,subject_01_angry_session_01
17.928,1.1146464890738057,angry,subject_01,subject_01_angry_session_01
17.932,1.0850919334093578,angry,subject_01,subject_01_angry_session_01
17.936,1.0231376310191196,angry,subject_01,subject_01_angry_session_01
17.94,1.089047082202517,angry,subject_01,subject_01_angry_session_01
17.944,0.7864745811777598,angry,subject_01,subject_01_angry_session_01
17.948,0.5940197375754983,angry,subject_01,subject_01_angry_session_01
17.952,0.584403672834636,angry,subject_01,subject_01_angry_session_01
17.956,0.3704735793181641,angry,subject_01,subject_01_angry_session_01
17.96,0.24463321492772383,angry,subject_01,subject_01_angry_session_01
17.964,0.0821568795026096,angry,subject_01,subject_01_angry_session_01
17.968,-0.08531739923458452,angry,subject_01,subject_01_angry_session_01
17.972,-0.03773273960254206,angry,subject_01,subject_01_angry_session_01
17.976,-0.1471217213919193,angry,subject_01,subject_01_angry_session_01
17.98,-0.03736995643640668,angry,subject_01,subject_01_angry_session_01
17.984,0.0010404697090942924,angry,subject_01,subject_01_angry_session_01
17.988,0.04277851751939505,angry,subject_01,subject_01_angry_session_01
17.992,-0.012303257394213101,angry,subject_01,subject_01_angry_session_01
17.996,0.04996184069219138,angry,subject_01,subject_01_angry_session_01
18.0,-0.04054286487929032,angry,subject_01,subject_01_angry_session_01
18.004,0.07780854699066585,angry,subject_01,subject_01_angry_session_01
18.008,0.0648377304554344,angry,subject_01,subject_01_angry_session_01
18.012,-0.019904196533048684,angry,subject_01,subject_01_angry_session_01
18.016,0.06339468034464113,angry,subject_01,subject_01_angry_session_01
18.02,0.10043247840923666,angry,subject_01,subject_01_angry_session_01
18.024,0.04341497328613572,angry,subject_01,subject_01_angry_session_01
18.028,-0.006762417421520797,angry,subject_01,subject_01_angry_session_01
18.032,0.05742490379757579,angry,subject_01,subject_01_angry_session_01
18.036,0.08437263660086725,angry,subject_01,subject_01_angry_session_01
18.04,0.006192883428851902,angry,subject_01,subject_01_angry_session_01
18.044,0.0006097523662643781,angry,subject_01,subject_01_angry_session_01
18.048,0.0977465637306866,angry,subject_01,subject_01_angry_session_01
18.052,0.12153369524290672,angry,subject_01,subject_01_angry_session_01
18.056,0.207105480136454,angry,subject_01,subject_01_angry_session_01
18.06,0.12434181849484104,angry,subject_01,subject_01_angry_session_01
18.064,0.018414124959254263,angry,subject_01,subject_01_angry_session_01
18.068,0.22017633971470102,angry,subject_01,subject_01_angry_session_01
18.072,0.16817213577268678,angry,subject_01,subject_01_angry_session_01
18.076,-0.008125863394779095,angry,subject_01,subject_01_angry_session_01
18.08,0.05790188713809224,angry,subject_01,subject_01_angry_session_01
18.084,0.09794037160391604,angry,subject_01,subject_01_angry_session_01
18.088,0.1855912903279762,angry,subject_01,subject_01_angry_session_01
18.092,0.0005348010418750326,angry,subject_01,subject_01_angry_session_01
18.096,0.1442426502704077,angry,subject_01,subject_01_angry_session_01
18.1,0.20639301523781373,angry,subject_01,subject_01_angry_session_01
18.104,-0.002362149993109075,angry,subject_01,subject_01_angry_session_01
18.108,0.22061680401097103,angry,subject_01,subject_01_angry_session_01
18.112,0.2358834709695033,angry,subject_01,subject_01_angry_session_01
18.116,0.14100751016409313,angry,subject_01,subject_01_angry_session_01
18.12,0.130387989108053,angry,subject_01,subject_01_angry_session_01
18.124,0.15541912771622274,angry,subject_01,subject_01_angry_session_01
18.128,0.05414972450035391,angry,subject_01,subject_01_angry_session_01
18.132,0.20192556629962868,angry,subject_01,subject_01_angry_session_01
18.136,0.24135315736727736,angry,subject_01,subject_01_angry_session_01
18.14,0.161315234740796,angry,subject_01,subject_01_angry_session_01
18.144,0.29867537456151466,angry,subject_01,subject_01_angry_session_01
18.148,0.25192688338700236,angry,subject_01,subject_01_angry_session_01
18.152,0.2663064660086688,angry,subject_01,subject_01_angry_session_01
18.156,0.23100348741532542,angry,subject_01,subject_01_angry_session_01
18.16,0.30358764067215493,angry,subject_01,subject_01_angry_session_01
18.164,0.3397684942812781,angry,subject_01,subject_01_angry_session_01
18.168,0.24065231447873933,angry,subject_01,subject_01_angry_session_01
18.172,0.3129699355020824,angry,subject_01,subject_01_angry_session_01
18.176,0.31527453700895275,angry,subject_01,subject_01_angry_session_01
18.18,0.29512159096148943,angry,subject_01,subject_01_angry_session_01
18.184,0.3712390713094976,angry,subject_01,subject_01_angry_session_01
18.188,0.2270881280342558,angry,subject_01,subject_01_angry_session_01
18.192,0.2449731324844806,angry,subject_01,subject_01_angry_session_01
18.196,0.22280116020288554,angry,subject_01,subject_01_angry_session_01
18.2,0.31167904191664886,angry,subject_01,subject_01_angry_session_01
18.204,0.2502397771780167,angry,subject_01,subject_01_angry_session_01
18.208,0.2229556209405143,angry,subject_01,subject_01_angry_session_01
18.212,0.36235049049943285,angry,subject_01,subject_01_angry_session_01
18.216,0.36879067592247616,angry,subject_01,subject_01_angry_session_01
18.22,0.23800062596256433,angry,subject_01,subject_01_angry_session_01
18.224,0.17306387795189798,angry,subject_01,subject_01_angry_session_01
18.228,0.3642247764794292,angry,subject_01,subject_01_angry_session_01
18.232,0.27790924260581285,angry,subject_01,subject_01_angry_session_01
18.236,0.27212465764567506,angry,subject_01,subject_01_angry_session_01
18.24,0.25036914398431076,angry,subject_01,subject_01_angry_session_01
18.244,0.19320634519545352,angry,subject_01,subject_01_angry_session_01
18.248,0.21353870246405787,angry,subject_01,subject_01_angry_session_01
18.252,0.27603823664168237,angry,subject_01,subject_01_angry_session_01
18.256,0.20545408259653622,angry,subject_01,subject_01_angry_session_01
18.26,0.25506890923244235,angry,subject_01,subject_01_angry_session_01
18.264,0.2264728620968176,angry,subject_01,subject_01_angry_session_01
18.268,0.15858246117334207,angry,subject_01,subject_01_angry_session_01
18.272,0.31527510879978926,angry,subject_01,subject_01_angry_session_01
18.276,0.2492918936735832,angry,subject_01,subject_01_angry_session_01
18.28,0.22871076500851986,angry,subject_01,subject_01_angry_session_01
18.284,0.23692973076512835,angry,subject_01,subject_01_angry_session_01
18.288,0.09031091279182857,angry,subject_01,subject_01_angry_session_01
18.292,0.1620257460786808,angry,subject_01,subject_01_angry_session_01
18.296,0.09317719836616932,angry,subject_01,subject_01_angry_session_01
18.3,0.18496708192788752,angry,subject_01,subject_01_angry_session_01
18.304,0.1892041144014063,angry,subject_01,subject_01_angry_session_01
18.308,0.16982211426440758,angry,subject_01,subject_01_angry_session_01
18.312,0.2233290713685761,angry,subject_01,subject_01_angry_session_01
18.316,0.05368766514498932,angry,subject_01,subject_01_angry_session_01
18.32,0.0862065273979597,angry,subject_01,subject_01_angry_session_01
18.324,0.1494560378495383,angry,subject_01,subject_01_angry_session_01
18.328,0.1307545057307027,angry,subject_01,subject_01_angry_session_01
18.332,0.02629675598983014,angry,subject_01,subject_01_angry_session_01
18.336,0.1673912209151176,angry,subject_01,subject_01_angry_session_01
18.34,0.17873050347708955,angry,subject_01,subject_01_angry_session_01
18.344,0.10245386661860094,angry,subject_01,subject_01_angry_session_01
18.348,-0.022525430722459605,angry,subject_01,subject_01_angry_session_01
18.352,0.06908676385567072,angry,subject_01,subject_01_angry_session_01
18.356,0.07184699365192657,angry,subject_01,subject_01_angry_session_01
18.36,0.02752086790530274,angry,subject_01,subject_01_angry_session_01
18.364,0.11758390611426423,angry,subject_01,subject_01_angry_session_01
18.368,0.0232429393387205,angry,subject_01,subject_01_angry_session_01
18.372,0.1504622588623415,angry,subject_01,subject_01_angry_session_01
18.376,0.06570564417375885,angry,subject_01,subject_01_angry_session_01
18.38,0.030339722653218694,angry,subject_01,subject_01_angry_session_01
18.384,0.06456556840814878,angry,subject_01,subject_01_angry_session_01
18.388,0.09724182792934412,angry,subject_01,subject_01_angry_session_01
18.392,0.05583470834536565,angry,subject_01,subject_01_angry_session_01
18.396,-0.005734548450308656,angry,subject_01,subject_01_angry_session_01
18.4,-0.04346956095650582,angry,subject_01,subject_01_angry_session_01
18.404,-0.07354024418418052,angry,subject_01,subject_01_angry_session_01
18.408,-0.15468166178177717,angry,subject_01,subject_01_angry_session_01
18.412,0.0004690845414897851,angry,subject_01,subject_01_angry_session_01
18.416,-0.034755610659953105,angry,subject_01,subject_01_angry_session_01
18.42,-0.03288195259241484,angry,subject_01,subject_01_angry_session_01
18.424,0.047610139002345626,angry,subject_01,subject_01_angry_session_01
18.428,-0.022307917606192555,angry,subject_01,subject_01_angry_session_01
18.432,0.09611736662789958,angry,subject_01,subject_01_angry_session_01
18.436,-0.054953446837719806,angry,subject_01,subject_01_angry_session_01
18.44,-0.0829317741597493,angry,subject_01,subject_01_angry_session_01
18.444,-0.10455655172444311,angry,subject_01,subject_01_angry_session_01
18.448,0.01221827524664398,angry,subject_01,subject_01_angry_session_01
18.452,0.043489907925482116,angry,subject_01,subject_01_angry_session_01
18.456,-0.04064007263107752,angry,subject_01,subject_01_angry_session_01
18.46,-0.0249295375198497,angry,subject_01,subject_01_angry_session_01
18.464,0.2043031750234799,angry,subject_01,subject_01_angry_session_01
18.468,0.1310112385943803,angry,subject_01,subject_01_angry_session_01
18.472,0.4129695665692692,angry,subject_01,subject_01_angry_session_01
18.476,0.4725647999220606,angry,subject_01,subject_01_angry_session_01
18.48,0.6922905738252751,angry,subject_01,subject_01_angry_session_01
18.484,0.8861696156878032,angry,subject_01,subject_01_angry_session_01
18.488,0.9780843304776984,angry,subject_01,subject_01_angry_session_01
18.492,1.0194011152635727,angry,subject_01,subject_01_angry_session_01
18.496,1.1567404233483412,angry,subject_01,subject_01_angry_session_01
18.5,1.068994079796672,angry,subject_01,subject_01_angry_session_01
18.504,1.1958273751302673,angry,subject_01,subject_01_angry_session_01
18.508,0.7490925977626679,angry,subject_01,subject_01_angry_session_01
18.512,0.5922563933225966,angry,subject_01,subject_01_angry_session_01
18.516,0.5839963373229267,angry,subject_01,subject_01_angry_session_01
18.52,0.35384134285189756,angry,subject_01,subject_01_angry_session_01
18.524,0.2527036091177333,angry,subject_01,subject_01_angry_session_01
18.528,0.017838060882954115,angry,subject_01,subject_01_angry_session_01
18.532,0.0003891757440074857,angry,subject_01,subject_01_angry_session_01
18.536,-0.027441244398492614,angry,subject_01,subject_01_angry_session_01
18.54,-0.11008868436470298,angry,subject_01,subject_01_angry_session_01
18.544,-0.06485231462306974,angry,subject_01,subject_01_angry_session_01
18.548,-0.14929173155529524,angry,subject_01,subject_01_angry_session_01
18.552,-0.02781796578756514,angry,subject_01,subject_01_angry_session_01
18.556,0.05113751594483903,angry,subject_01,subject_01_angry_session_01
18.56,-0.09666069486413532,angry,subject_01,subject_01_angry_session_01
18.564,-0.09043408087848907,angry,subject_01,subject_01_angry_session_01
18.568,0.06587013392606383,angry,subject_01,subject_01_angry_session_01
18.572,-0.07934485125540817,angry,subject_01,subject_01_angry_session_01
18.576,0.05408090957197218,angry,subject_01,subject_01_angry_session_01
18.58,0.010563247869346875,angry,subject_01,subject_01_angry_session_01
18.584,-0.014307577001043134,angry,subject_01,subject_01_angry_session_01
18.588,0.1023974191926981,angry,subject_01,subject_01_angry_session_01
18.592,0.07396318153860064,angry,subject_01,subject_01_angry_session_01
18.596,0.03919569658279576,angry,subject_01,subject_01_angry_session_01
18.6,-0.1023177370083022,angry,subject_01,subject_01_angry_session_01
18.604,0.0743080130092321,angry,subject_01,subject_01_angry_session_01
18.608,-0.02764244402865347,angry,subject_01,subject_01_angry_session_01
18.612,0.0286700502910679,angry,subject_01,subject_01_angry_session_01
18.616,0.04804331020659041,angry,subject_01,subject_01_angry_session_01
18.62,0.16739315350715273,angry,subject_01,subject_01_angry_session_01
18.624,0.04461197695205944,angry,subject_01,subject_01_angry_session_01
18.628,-0.01902211606388282,angry,subject_01,subject_01_angry_session_01
18.632,0.16133623772891223,angry,subject_01,subject_01_angry_session_01
18.636,0.12377566253733513,angry,subject_01,subject_01_angry_session_01
18.64,0.1333269240166249,angry,subject_01,subject_01_angry_session_01
18.644,0.18439130715206858,angry,subject_01,subject_01_angry_session_01
18.648,0.20621332456260716,angry,subject_01,subject_01_angry_session_01
18.652,0.057220423553077826,angry,subject_01,subject_01_angry_session_01
18.656,0.0353072252915925,angry,subject_01,subject_01_angry_session_01
18.66,0.17746184752356808,angry,subject_01,subject_01_angry_session_01
18.664,0.11938143972568442,angry,subject_01,subject_01_angry_session_01
18.668,0.13306858212506284,angry,subject_01,subject_01_angry_session_01
18.672,0.08430999213526831,angry,subject_01,subject_01_angry_session_01
18.676,0.19482522364620136,angry,subject_01,subject_01_angry_session_01
18.68,0.19200275703665862,angry,subject_01,subject_01_angry_session_01
18.684,0.1664854414628028,angry,subject_01,subject_01_angry_session_01
18.688,0.10026646563874328,angry,subject_01,subject_01_angry_session_01
18.692,0.2636331515823297,angry,subject_01,subject_01_angry_session_01
18.696,0.2136638400255561,angry,subject_01,subject_01_angry_session_01
18.7,0.2723058304999674,angry,subject_01,subject_01_angry_session_01
18.704,0.08560203708099728,angry,subject_01,subject_01_angry_session_01
18.708,0.22133385956334312,angry,subject_01,subject_01_angry_session_01
18.712,0.18060956839633846,angry,subject_01,subject_01_angry_session_01
18.716,0.23101570018544101,angry,subject_01,subject_01_angry_session_01
18.72,0.2901585979302881,angry,subject_01,subject_01_angry_session_01
18.724,0.25995406159136086,angry,subject_01,subject_01_angry_session_01
18.728,0.24248998728485696,angry,subject_01,subject_01_angry_session_01
18.732,0.24525723449941778,angry,subject_01,subject_01_angry_session_01
18.736,0.15342926903251985,angry,subject_01,subject_01_angry_session_01
18.74,0.19458445159141613,angry,subject_01,subject_01_angry_session_01
18.744,0.31766635551283423,angry,subject_01,subject_01_angry_session_01
18.748,0.22093039386511093,angry,subject_01,subject_01_angry_session_01
18.752,0.3200468382559478,angry,subject_01,subject_01_angry_session_01
18.756,0.30107787333638864,angry,subject_01,subject_01_angry_session_01
18.76,0.30367191794281195,angry,subject_01,subject_01_angry_session_01
18.764,0.2699089795150802,angry,subject_01,subject_01_angry_session_01
18.768,0.22242323127380398,angry,subject_01,subject_01_angry_session_01
18.772,0.237846801137636,angry,subject_01,subject_01_angry_session_01
18.776,0.2834027825413945,angry,subject_01,subject_01_angry_session_01
18.78,0.11528670029887339,angry,subject_01,subject_01_angry_session_01
18.784,0.31512102661798413,angry,subject_01,subject_01_angry_session_01
18.788,0.20802815518545625,angry,subject_01,subject_01_angry_session_01
18.792,0.2303066057697519,angry,subject_01,subject_01_angry_session_01
18.796,0.22820994769916203,angry,subject_01,subject_01_angry_session_01
18.8,0.22782505635415196,angry,subject_01,subject_01_angry_session_01
18.804,0.14871273801364282,angry,subject_01,subject_01_angry_session_01
18.808,0.23392279593426987,angry,subject_01,subject_01_angry_session_01
18.812,0.25773082956853127,angry,subject_01,subject_01_angry_session_01
18.816,0.09659186810713816,angry,subject_01,subject_01_angry_session_01
18.82,0.13831052507870306,angry,subject_01,subject_01_angry_session_01
18.824,0.26707615078577274,angry,subject_01,subject_01_angry_session_01
18.828,0.2526980904502136,angry,subject_01,subject_01_angry_session_01
18.832,0.22458651247754852,angry,subject_01,subject_01_angry_session_01
18.836,0.16199412807944627,angry,subject_01,subject_01_angry_session_01
18.84,0.24177339143512053,angry,subject_01,subject_01_angry_session_01
18.844,0.12217524161004119,angry,subject_01,subject_01_angry_session_01
18.848,0.18117304317792984,angry,subject_01,subject_01_angry_session_01
18.852,0.10559970521304805,angry,subject_01,subject_01_angry_session_01
18.856,0.1683293554065883,angry,subject_01,subject_01_angry_session_01
18.86,0.10975537407530982,angry,subject_01,subject_01_angry_session_01
18.864,0.20992557602335576,angry,subject_01,subject_01_angry_session_01
18.868,0.18304958776123453,angry,subject_01,subject_01_angry_session_01
18.872,0.11481991153987366,angry,subject_01,subject_01_angry_session_01
18.876,0.20602741076680714,angry,subject_01,subject_01_angry_session_01
18.88,0.074403648964284,angry,subject_01,subject_01_angry_session_01
18.884,0.12052737550872115,angry,subject_01,subject_01_angry_session_01
18.888,0.07638594163316925,angry,subject_01,subject_01_angry_session_01
18.892,0.14830415873319458,angry,subject_01,subject_01_angry_session_01
18.896,0.1328017419406859,angry,subject_01,subject_01_angry_session_01
18.9,0.16278443581009863,angry,subject_01,subject_01_angry_session_01
18.904,0.08024630916383811,angry,subject_01,subject_01_angry_session_01
18.908,-0.11149480780767337,angry,subject_01,subject_01_angry_session_01
18.912,0.0313344122750194,angry,subject_01,subject_01_angry_session_01
18.916,0.14256866084926678,angry,subject_01,subject_01_angry_session_01
18.92,0.021039844803080195,angry,subject_01,subject_01_angry_session_01
18.924,-0.08215885345433202,angry,subject_01,subject_01_angry_session_01
18.928,0.05270998684183594,angry,subject_01,subject_01_angry_session_01
18.932,0.050577121727196,angry,subject_01,subject_01_angry_session_01
18.936,-0.03057580484882435,angry,subject_01,subject_01_angry_session_01
18.94,-0.007285382537913208,angry,subject_01,subject_01_angry_session_01
18.944,-0.04832164905070557,angry,subject_01,subject_01_angry_session_01
18.948,0.029383995026694094,angry,subject_01,subject_01_angry_session_01
18.952,-0.002566089513654509,angry,subject_01,subject_01_angry_session_01
18.956,-0.07943406445105071,angry,subject_01,subject_01_angry_session_01
18.96,-0.013151219985823945,angry,subject_01,subject_01_angry_session_01
18.964,-0.059250993546070094,angry,subject_01,subject_01_angry_session_01
18.968,0.07006771944123553,angry,subject_01,subject_01_angry_session_01
18.972,0.03402836994289455,angry,subject_01,subject_01_angry_session_01
18.976,-0.02863489069389862,angry,subject_01,subject_01_angry_session_01
18.98,-0.01788501185397038,angry,subject_01,subject_01_angry_session_01
18.984,0.036827864074005096,angry,subject_01,subject_01_angry_session_01
18.988,-0.03555765875247366,angry,subject_01,subject_01_angry_session_01
18.992,0.01914783071340382,angry,subject_01,subject_01_angry_session_01
18.996,0.06068598337396271,angry,subject_01,subject_01_angry_session_01
19.0,-0.05982722376075813,angry,subject_01,subject_01_angry_session_01
19.004,0.06483951472041524,angry,subject_01,subject_01_angry_session_01
19.008,0.04302624098171559,angry,subject_01,subject_01_angry_session_01
19.012,-0.026644923827804902,angry,subject_01,subject_01_angry_session_01
19.016,-0.0661713416542927,angry,subject_01,subject_01_angry_session_01
19.02,-0.011316980345146544,angry,subject_01,subject_01_angry_session_01
19.024,-0.005893391889999032,angry,subject_01,subject_01_angry_session_01
19.028,0.02308799763078452,angry,subject_01,subject_01_angry_session_01
19.032,0.19617647098044644,angry,subject_01,subject_01_angry_session_01
19.036,0.22707678010625304,angry,subject_01,subject_01_angry_session_01
19.04,0.4164429667300505,angry,subject_01,subject_01_angry_session_01
19.044,0.5780343539485687,angry,subject_01,subject_01_angry_session_01
19.048,0.6740951220543534,angry,subject_01,subject_01_angry_session_01
19.052,0.9351209363483125,angry,subject_01,subject_01_angry_session_01
19.056,0.9866463026070761,angry,subject_01,subject_01_angry_session_01
19.06,1.1350052240902453,angry,subject_01,subject_01_angry_session_01
19.064,1.0432014132571628,angry,subject_01,subject_01_angry_session_01
19.068,0.977316553776454,angry,subject_01,subject_01_angry_session_01
19.072,0.8404774458587441,angry,subject_01,subject_01_angry_session_01
19.076,0.7517394827805822,angry,subject_01,subject_01_angry_session_01
19.08,0.5847720682111687,angry,subject_01,subject_01_angry_session_01
19.084,0.4552016819989346,angry,subject_01,subject_01_angry_session_01
19.088,0.25582582680863547,angry,subject_01,subject_01_angry_session_01
19.092,0.24408439844666918,angry,subject_01,subject_01_angry_session_01
19.096,0.04583603309771682,angry,subject_01,subject_01_angry_session_01
19.1,-0.10541277049129244,angry,subject_01,subject_01_angry_session_01
19.104,-0.14328733510859892,angry,subject_01,subject_01_angry_session_01
19.108,-0.055106859436841765,angry,subject_01,subject_01_angry_session_01
19.112,-0.14072861366447847,angry,subject_01,subject_01_angry_session_01
19.116,-0.028821506812516794,angry,subject_01,subject_01_angry_session_01
19.12,0.0057999589997510745,angry,subject_01,subject_01_angry_session_01
19.124,0.021787271009054324,angry,subject_01,subject_01_angry_session_01
19.128,-0.07429091282745846,angry,subject_01,subject_01_angry_session_01
19.132,0.04131236590403879,angry,subject_01,subject_01_angry_session_01
19.136,0.011275196116133621,angry,subject_01,subject_01_angry_session_01
19.14,-0.040022948388215254,angry,subject_01,subject_01_angry_session_01
19.144,-0.00924240265087296,angry,subject_01,subject_01_angry_session_01
19.148,0.032274216768708175,angry,subject_01,subject_01_angry_session_01
19.152,-0.03263449394333736,angry,subject_01,subject_01_angry_session_01
19.156,0.029782322272624524,angry,subject_01,subject_01_angry_session_01
19.16,0.10259793038911155,angry,subject_01,subject_01_angry_session_01
19.164,0.07818130080823522,angry,subject_01,subject_01_angry_session_01
19.168,0.03003145921863057,angry,subject_01,subject_01_angry_session_01
19.172,0.044239818822838776,angry,subject_01,subject_01_angry_session_01
19.176,0.0032937897575087763,angry,subject_01,subject_01_angry_session_01
19.18,0.010677406961871548,angry,subject_01,subject_01_angry_session_01
19.184,-0.044962193731708094,angry,subject_01,subject_01_angry_session_01
19.188,0.06863414605862533,angry,subject_01,subject_01_angry_session_01
19.192,0.10110708738780716,angry,subject_01,subject_01_angry_session_01
19.196,0.0627769819095441,angry,subject_01,subject_01_angry_session_01
19.2,0.021525473230640933,angry,subject_01,subject_01_angry_session_01
19.204,0.08551992157663561,angry,subject_01,subject_01_angry_session_01
19.208,0.16967520422422455,angry,subject_01,subject_01_angry_session_01
19.212,0.15087188164939813,angry,subject_01,subject_01_angry_session_01
19.216,0.10322827317365686,angry,subject_01,subject_01_angry_session_01
19.22,0.23599690849267363,angry,subject_01,subject_01_angry_session_01
19.224,0.28334659615464597,angry,subject_01,subject_01_angry_session_01
19.228,0.10097041860740157,angry,subject_01,subject_01_angry_session_01
19.232,0.12342639214153059,angry,subject_01,subject_01_angry_session_01
19.236,0.18818486291004494,angry,subject_01,subject_01_angry_session_01
19.24,0.10017483453917728,angry,subject_01,subject_01_angry_session_01
19.244,0.21418913798865968,angry,subject_01,subject_01_angry_session_01
19.248,0.17749116780901014,angry,subject_01,subject_01_angry_session_01
19.252,0.20169218492357513,angry,subject_01,subject_01_angry_session_01
19.256,0.15264129668053267,angry,subject_01,subject_01_angry_session_01
19.26,0.14741648895646497,angry,subject_01,subject_01_angry_session_01
19.264,0.08275474585356521,angry,subject_01,subject_01_angry_session_01
19.268,0.2978233385859919,angry,subject_01,subject_01_angry_session_01
19.272,0.2716860565481454,angry,subject_01,subject_01_angry_session_01
19.276,0.26163455281873393,angry,subject_01,subject_01_angry_session_01
19.28,0.247702763486007,angry,subject_01,subject_01_angry_session_01
19.284,0.09362578886847883,angry,subject_01,subject_01_angry_session_01
19.288,0.1913701467111712,angry,subject_01,subject_01_angry_session_01
19.292,0.2250884463930106,angry,subject_01,subject_01_angry_session_01
19.296,0.17903568111250023,angry,subject_01,subject_01_angry_session_01
19.3,0.1452065240471957,angry,subject_01,subject_01_angry_session_01
19.304,0.1905145828925835,angry,subject_01,subject_01_angry_session_01
19.308,0.25388649671609326,angry,subject_01,subject_01_angry_session_01
19.312,0.25513949806447195,angry,subject_01,subject_01_angry_session_01
19.316,0.3073406811681901,angry,subject_01,subject_01_angry_session_01
19.32,0.3768967391102052,angry,subject_01,subject_01_angry_session_01
19.324,0.2940042199555636,angry,subject_01,subject_01_angry_session_01
19.328,0.24165260790216186,angry,subject_01,subject_01_angry_session_01
19.332,0.3591498697667626,angry,subject_01,subject_01_angry_session_01
19.336,0.1548229535591089,angry,subject_01,subject_01_angry_session_01
19.34,0.12333013137766781,angry,subject_01,subject_01_angry_session_01
19.344,0.1929405916512824,angry,subject_01,subject_01_angry_session_01
19.348,0.2927679314185818,angry,subject_01,subject_01_angry_session_01
19.352,0.25189704105949573,angry,subject_01,subject_01_angry_session_01
19.356,0.17172457760942067,angry,subject_01,subject_01_angry_session_01
19.36,0.19336592070965603,angry,subject_01,subject_01_angry_session_01
19.364,0.16002221727585822,angry,subject_01,subject_01_angry_session_01
19.368,0.1575079363084813,angry,subject_01,subject_01_angry_session_01
19.372,0.32252176729720944,angry,subject_01,subject_01_angry_session_01
19.376,0.21827873577511828,angry,subject_01,subject_01_angry_session_01
19.38,0.33043586145191606,angry,subject_01,subject_01_angry_session_01
19.384,0.1681579424710119,angry,subject_01,subject_01_angry_session_01
19.388,0.24820841473319608,angry,subject_01,subject_01_angry_session_01
19.392,0.22938647427600353,angry,subject_01,subject_01_angry_session_01
19.396,0.265349525237643,angry,subject_01,subject_01_angry_session_01
19.4,0.22437937470299704,angry,subject_01,subject_01_angry_session_01
19.404,0.26442311958649073,angry,subject_01,subject_01_angry_session_01
19.408,0.23440035005949825,angry,subject_01,subject_01_angry_session_01
19.412,0.13107095102823618,angry,subject_01,subject_01_angry_session_01
19.416,0.23543459008361908,angry,subject_01,subject_01_angry_session_01
19.42,0.17970334096837973,angry,subject_01,subject_01_angry_session_01
19.424,0.1331766799666488,angry,subject_01,subject_01_angry_session_01
19.428,0.21477599374416806,angry,subject_01,subject_01_angry_session_01
19.432,0.22126422655540012,angry,subject_01,subject_01_angry_session_01
19.436,0.12929060389823055,angry,subject_01,subject_01_angry_session_01
19.44,0.12914450129524668,angry,subject_01,subject_01_angry_session_01
19.444,0.05841898868566983,angry,subject_01,subject_01_angry_session_01
19.448,0.024490724087041518,angry,subject_01,subject_01_angry_session_01
19.452,0.10910115734728493,angry,subject_01,subject_01_angry_session_01
19.456,0.1618500695499635,angry,subject_01,subject_01_angry_session_01
19.46,0.070529558029889,angry,subject_01,subject_01_angry_session_01
19.464,0.18119515277936782,angry,subject_01,subject_01_angry_session_01
19.468,0.07391937238183749,angry,subject_01,subject_01_angry_session_01
19.472,0.06504104181696813,angry,subject_01,subject_01_angry_session_01
19.476,0.05089652187459503,angry,subject_01,subject_01_angry_session_01
19.48,0.11861350486469845,angry,subject_01,subject_01_angry_session_01
19.484,-0.005942299529957666,angry,subject_01,subject_01_angry_session_01
19.488,0.03617944535656111,angry,subject_01,subject_01_angry_session_01
19.492,0.0038899388835643423,angry,subject_01,subject_01_angry_session_01
19.496,-0.0036279034059446096,angry,subject_01,subject_01_angry_session_01
19.5,0.026044709225563678,angry,subject_01,subject_01_angry_session_01
19.504,0.01154634891579403,angry,subject_01,subject_01_angry_session_01
19.508,0.07639308017579333,angry,subject_01,subject_01_angry_session_01
19.512,0.00811717177785829,angry,subject_01,subject_01_angry_session_01
19.516,0.038038224780544715,angry,subject_01,subject_01_angry_session_01
19.52,0.011554671716276978,angry,subject_01,subject_01_angry_session_01
19.524,0.0823129971808764,angry,subject_01,subject_01_angry_session_01
19.528,-0.022744531291488443,angry,subject_01,subject_01_angry_session_01
19.532,-0.02488683351605416,angry,subject_01,subject_01_angry_session_01
19.536,0.03582067525103446,angry,subject_01,subject_01_angry_session_01
19.54,-0.0295045871589372,angry,subject_01,subject_01_angry_session_01
19.544,0.01796549026475301,angry,subject_01,subject_01_angry_session_01
19.548,0.12716682603873347,angry,subject_01,subject_01_angry_session_01
19.552,-0.07286525103587524,angry,subject_01,subject_01_angry_session_01
19.556,0.07676154723716348,angry,subject_01,subject_01_angry_session_01
19.56,-0.04593172521602952,angry,subject_01,subject_01_angry_session_01
19.564,0.061953711726347206,angry,subject_01,subject_01_angry_session_01
19.568,0.019892848019780647,angry,subject_01,subject_01_angry_session_01
19.572,0.010730951341322615,angry,subject_01,subject_01_angry_session_01
19.576,-0.03824479239442027,angry,subject_01,subject_01_angry_session_01
19.58,-0.04473620852102048,angry,subject_01,subject_01_angry_session_01
19.584,-0.06433676741373638,angry,subject_01,subject_01_angry_session_01
19.588,0.005093675362284875,angry,subject_01,subject_01_angry_session_01
19.592,0.04446821271545413,angry,subject_01,subject_01_angry_session_01
19.596,0.14843280019290372,angry,subject_01,subject_01_angry_session_01
19.6,0.1655278808026282,angry,subject_01,subject_01_angry_session_01
19.604,0.3919040978158967,angry,subject_01,subject_01_angry_session_01
19.608,0.6240803192766543,angry,subject_01,subject_01_angry_session_01
19.612,0.7663528837728587,angry,subject_01,subject_01_angry_session_01
19.616,0.8599786563704247,angry,subject_01,subject_01_angry_session_01
19.62,1.132260560380828,angry,subject_01,subject_01_angry_session_01
19.624,1.0202930342240768,angry,subject_01,subject_01_angry_session_01
19.628,1.0725021922132487,angry,subject_01,subject_01_angry_session_01
19.632,0.9560008131679157,angry,subject_01,subject_01_angry_session_01
19.636,0.9301811116030839,angry,subject_01,subject_01_angry_session_01
19.64,0.9293013903583635,angry,subject_01,subject_01_angry_session_01
19.644,0.6392050937600464,angry,subject_01,subject_01_angry_session_01
19.648,0.3976814688159744,angry,subject_01,subject_01_angry_session_01
19.652,0.37637835902596695,angry,subject_01,subject_01_angry_session_01
19.656,0.20323114201733386,angry,subject_01,subject_01_angry_session_01
19.66,0.11660219645955977,angry,subject_01,subject_01_angry_session_01
19.664,-0.02890835089692014,angry,subject_01,subject_01_angry_session_01
19.668,-0.11562064981416022,angry,subject_01,subject_01_angry_session_01
19.672,-0.08263573165968628,angry,subject_01,subject_01_angry_session_01
19.676,-0.03558917809677245,angry,subject_01,subject_01_angry_session_01
19.68,-0.05999263322077248,angry,subject_01,subject_01_angry_session_01
19.684,-0.015673661242961386,angry,subject_01,subject_01_angry_session_01
19.688,-0.055460221520087505,angry,subject_01,subject_01_angry_session_01
19.692,0.014929646682437316,angry,subject_01,subject_01_angry_session_01
19.696,-0.0013636038595310352,angry,subject_01,subject_01_angry_session_01
19.7,-0.036757685302044735,angry,subject_01,subject_01_angry_session_01
19.704,0.01907281584579358,angry,subject_01,subject_01_angry_session_01
19.708,-0.008342920247390116,angry,subject_01,subject_01_angry_session_01
19.712,0.055726048195392924,angry,subject_01,subject_01_angry_session_01
19.716,0.07490584607310477,angry,subject_01,subject_01_angry_session_01
19.72,0.05658410771411218,angry,subject_01,subject_01_angry_session_01
19.724,-0.06739385162862607,angry,subject_01,subject_01_angry_session_01
19.728,-0.022691143474411188,angry,subject_01,subject_01_angry_session_01
19.732,0.0017838506511250948,angry,subject_01,subject_01_angry_session_01
19.736,-0.002714958046192338,angry,subject_01,subject_01_angry_session_01
19.74,0.01788446614039743,angry,subject_01,subject_01_angry_session_01
19.744,0.11166854849255908,angry,subject_01,subject_01_angry_session_01
19.748,0.10407663050599382,angry,subject_01,subject_01_angry_session_01
19.752,0.043031207377287356,angry,subject_01,subject_01_angry_session_01
19.756,0.1105691477452028,angry,subject_01,subject_01_angry_session_01
19.76,0.10167587737051392,angry,subject_01,subject_01_angry_session_01
19.764,0.08712952687971233,angry,subject_01,subject_01_angry_session_01
19.768,0.16540632978332284,angry,subject_01,subject_01_angry_session_01
19.772,0.06448402785287716,angry,subject_01,subject_01_angry_session_01
19.776,0.1151914114318948,angry,subject_01,subject_01_angry_session_01
19.78,0.057028091318841956,angry,subject_01,subject_01_angry_session_01
19.784,0.06811926329173257,angry,subject_01,subject_01_angry_session_01
19.788,0.05499458556936729,angry,subject_01,subject_01_angry_session_01
19.792,0.08593043394478103,angry,subject_01,subject_01_angry_session_01
19.796,0.1585683338695271,angry,subject_01,subject_01_angry_session_01
19.8,0.14395348386051796,angry,subject_01,subject_01_angry_session_01
19.804,0.15440891843766832,angry,subject_01,subject_01_angry_session_01
19.808,0.16108537003654805,angry,subject_01,subject_01_angry_session_01
19.812,0.29372449227220376,angry,subject_01,subject_01_angry_session_01
19.816,0.12729932693124552,angry,subject_01,subject_01_angry_session_01
19.82,0.1288543521144624,angry,subject_01,subject_01_angry_session_01
19.824,0.16049833568623323,angry,subject_01,subject_01_angry_session_01
19.828,0.21434266863592577,angry,subject_01,subject_01_angry_session_01
19.832,0.2566405350182806,angry,subject_01,subject_01_angry_session_01
19.836,0.2695908760704864,angry,subject_01,subject_01_angry_session_01
19.84,0.2954595669821033,angry,subject_01,subject_01_angry_session_01
19.844,0.23814093771527609,angry,subject_01,subject_01_angry_session_01
19.848,0.22622633107681583,angry,subject_01,subject_01_angry_session_01
19.852,0.35287242155038057,angry,subject_01,subject_01_angry_session_01
19.856,0.09213800473054426,angry,subject_01,subject_01_angry_session_01
19.86,0.26673174836322955,angry,subject_01,subject_01_angry_session_01
19.864,0.2919819531427265,angry,subject_01,subject_01_angry_session_01
19.868,0.3812538320424867,angry,subject_01,subject_01_angry_session_01
19.872,0.17128923019217296,angry,subject_01,subject_01_angry_session_01
19.876,0.2472548149576112,angry,subject_01,subject_01_angry_session_01
19.88,0.19201318105771695,angry,subject_01,subject_01_angry_session_01
19.884,0.16607103316050098,angry,subject_01,subject_01_angry_session_01
19.888,0.26171571721062525,angry,subject_01,subject_01_angry_session_01
19.892,0.32355090088334,angry,subject_01,subject_01_angry_session_01
19.896,0.34510136098532374,angry,subject_01,subject_01_angry_session_01
19.9,0.23965401592632835,angry,subject_01,subject_01_angry_session_01
19.904,0.3100744016796598,angry,subject_01,subject_01_angry_session_01
19.908,0.2564784012903719,angry,subject_01,subject_01_angry_session_01
19.912,0.29978529748904836,angry,subject_01,subject_01_angry_session_01
19.916,0.33354540583830233,angry,subject_01,subject_01_angry_session_01
19.92,0.2503875961584462,angry,subject_01,subject_01_angry_session_01
19.924,0.3243388185397631,angry,subject_01,subject_01_angry_session_01
19.928,0.18456035339999505,angry,subject_01,subject_01_angry_session_01
19.932,0.29431624253324634,angry,subject_01,subject_01_angry_session_01
19.936,0.3145007583071375,angry,subject_01,subject_01_angry_session_01
19.94,0.30581706155681676,angry,subject_01,subject_01_angry_session_01
19.944,0.17638388548187225,angry,subject_01,subject_01_angry_session_01
19.948,0.23254985166386918,angry,subject_01,subject_01_angry_session_01
19.952,0.26034108435915304,angry,subject_01,subject_01_angry_session_01
19.956,0.2659616764114721,angry,subject_01,subject_01_angry_session_01
19.96,0.24330505884514234,angry,subject_01,subject_01_angry_session_01
19.964,0.3188290174552858,angry,subject_01,subject_01_angry_session_01
19.968,0.15175896664659405,angry,subject_01,subject_01_angry_session_01
19.972,0.21114097932130937,angry,subject_01,subject_01_angry_session_01
19.976,0.1199339275398019,angry,subject_01,subject_01_angry_session_01
19.98,0.2536593800773934,angry,subject_01,subject_01_angry_session_01
19.984,0.24434909058439405,angry,subject_01,subject_01_angry_session_01
19.988,0.4061537787292675,angry,subject_01,subject_01_angry_session_01
19.992,0.26045138181653915,angry,subject_01,subject_01_angry_session_01
19.996,0.21185368259190143,angry,subject_01,subject_01_angry_session_01
20.0,0.1998557935923919,angry,subject_01,subject_01_angry_session_01
20.004,0.15767806114386446,angry,subject_01,subject_01_angry_session_01
20.008,0.17618751634467722,angry,subject_01,subject_01_angry_session_01
20.012,0.17624948881531394,angry,subject_01,subject_01_angry_session_01
20.016,0.0328111795840179,angry,subject_01,subject_01_angry_session_01
20.02,0.15332164536817336,angry,subject_01,subject_01_angry_session_01
20.024,0.13825353435303742,angry,subject_01,subject_01_angry_session_01
20.028,0.22808726800752538,angry,subject_01,subject_01_angry_session_01
20.032,0.10565863700279408,angry,subject_01,subject_01_angry_session_01
20.036,0.058486616084562425,angry,subject_01,subject_01_angry_session_01
20.04,0.11162331265925432,angry,subject_01,subject_01_angry_session_01
20.044,0.0913722106904921,angry,subject_01,subject_01_angry_session_01
20.048,0.07085001025382348,angry,subject_01,subject_01_angry_session_01
20.052,-0.005847576466676038,angry,subject_01,subject_01_angry_session_01
20.056,0.05421192717386976,angry,subject_01,subject_01_angry_session_01
20.06,0.02201133367475854,angry,subject_01,subject_01_angry_session_01
20.064,0.037493097286681695,angry,subject_01,subject_01_angry_session_01
20.068,0.08866946066610976,angry,subject_01,subject_01_angry_session_01
20.072,-0.0009337892859003355,angry,subject_01,subject_01_angry_session_01
20.076,0.021588621294195493,angry,subject_01,subject_01_angry_session_01
20.08,0.06317135580583362,angry,subject_01,subject_01_angry_session_01
20.084,0.010858251076840082,angry,subject_01,subject_01_angry_session_01
20.088,0.18035461062723385,angry,subject_01,subject_01_angry_session_01
20.092,0.035941611767886544,angry,subject_01,subject_01_angry_session_01
20.096,-0.055907688576375646,angry,subject_01,subject_01_angry_session_01
20.1,-0.033800846603528445,angry,subject_01,subject_01_angry_session_01
20.104,-0.04156862585703363,angry,subject_01,subject_01_angry_session_01
20.108,-0.036121193226371834,angry,subject_01,subject_01_angry_session_01
20.112,0.04439382813150124,angry,subject_01,subject_01_angry_session_01
20.116,-0.055238332591754646,angry,subject_01,subject_01_angry_session_01
20.12,-0.009669816420680084,angry,subject_01,subject_01_angry_session_01
20.124,0.0776823714313682,angry,subject_01,subject_01_angry_session_01
20.128,-0.023637463692315158,angry,subject_01,subject_01_angry_session_01
20.132,0.04535128347363906,angry,subject_01,subject_01_angry_session_01
20.136,-0.0995496808358579,angry,subject_01,subject_01_angry_session_01
20.14,-0.02496902631923893,angry,subject_01,subject_01_angry_session_01
20.144,-0.05820643897855749,angry,subject_01,subject_01_angry_session_01
20.148,0.017310023999022373,angry,subject_01,subject_01_angry_session_01
20.152,-0.04447645878983933,angry,subject_01,subject_01_angry_session_01
20.156,0.1822140474007198,angry,subject_01,subject_01_angry_session_01
20.16,0.029074157062600373,angry,subject_01,subject_01_angry_session_01
20.164,0.2969512425635347,angry,subject_01,subject_01_angry_session_01
20.168,0.41244350277665986,angry,subject_01,subject_01_angry_session_01
20.172,0.5309572082071083,angry,subject_01,subject_01_angry_session_01
20.176,0.6774850277111889,angry,subject_01,subject_01_angry_session_01
20.18,0.9411635616493993,angry,subject_01,subject_01_angry_session_01
20.184,1.1109753938924436,angry,subject_01,subject_01_angry_session_01
20.188,1.044781387619517,angry,subject_01,subject_01_angry_session_01
20.192,1.110739240535762,angry,subject_01,subject_01_angry_session_01
20.196,1.0553502448626224,angry,subject_01,subject_01_angry_session_01
20.2,0.9494153716789022,angry,subject_01,subject_01_angry_session_01
20.204,0.9301006797890392,angry,subject_01,subject_01_angry_session_01
20.208,0.7652730298639253,angry,subject_01,subject_01_angry_session_01
20.212,0.4839424912943959,angry,subject_01,subject_01_angry_session_01
20.216,0.43824533197236537,angry,subject_01,subject_01_angry_session_01
20.22,0.27420635017059425,angry,subject_01,subject_01_angry_session_01
20.224,0.09539005972631928,angry,subject_01,subject_01_angry_session_01
20.228,8.790391033996342e-05,angry,subject_01,subject_01_angry_session_01
20.232,0.009065036105241387,angry,subject_01,subject_01_angry_session_01
20.236,0.05413535533465452,angry,subject_01,subject_01_angry_session_01
20.24,-0.021981813922856006,angry,subject_01,subject_01_angry_session_01
20.244,0.011132503718634328,angry,subject_01,subject_01_angry_session_01
20.248,-0.06956802301654125,angry,subject_01,subject_01_angry_session_01
20.252,-0.02804177480789561,angry,subject_01,subject_01_angry_session_01
20.256,0.04723745290906515,angry,subject_01,subject_01_angry_session_01
20.26,-0.06014041349254283,angry,subject_01,subject_01_angry_session_01
20.264,0.04146566719842584,angry,subject_01,subject_01_angry_session_01
20.268,0.06426493103397816,angry,subject_01,subject_01_angry_session_01
20.272,0.03679666708728047,angry,subject_01,subject_01_angry_session_01
20.276,0.06219281896791058,angry,subject_01,subject_01_angry_session_01
20.28,0.05030060662949811,angry,subject_01,subject_01_angry_session_01
20.284,0.013404794042994175,angry,subject_01,subject_01_angry_session_01
20.288,-0.015836112523727998,angry,subject_01,subject_01_angry_session_01
20.292,0.05381133601696631,angry,subject_01,subject_01_angry_session_01
20.296,0.1421677976239245,angry,subject_01,subject_01_angry_session_01
20.3,0.13032610517620138,angry,subject_01,subject_01_angry_session_01
20.304,0.0534130080834785,angry,subject_01,subject_01_angry_session_01
20.308,0.057742238886431076,angry,subject_01,subject_01_angry_session_01
20.312,0.05920657685000823,angry,subject_01,subject_01_angry_session_01
20.316,0.06539718555215919,angry,subject_01,subject_01_angry_session_01
20.32,0.11551633219943214,angry,subject_01,subject_01_angry_session_01
20.324,0.16846702114700582,angry,subject_01,subject_01_angry_session_01
20.328,0.24782952136873165,angry,subject_01,subject_01_angry_session_01
20.332,0.0695744018924076,angry,subject_01,subject_01_angry_session_01
20.336,0.16598409357814453,angry,subject_01,subject_01_angry_session_01
20.34,0.16722420630759546,angry,subject_01,subject_01_angry_session_01
20.344,0.12286902613951392,angry,subject_01,subject_01_angry_session_01
20.348,0.0892345476819949,angry,subject_01,subject_01_angry_session_01
20.352,0.17560017936912442,angry,subject_01,subject_01_angry_session_01
20.356,0.29466153407196505,angry,subject_01,subject_01_angry_session_01
20.36,0.19207491589241865,angry,subject_01,subject_01_angry_session_01
20.364,0.13719554609470963,angry,subject_01,subject_01_angry_session_01
20.368,0.1834842213279067,angry,subject_01,subject_01_angry_session_01
20.372,0.1329514186415399,angry,subject_01,subject_01_angry_session_01
20.376,0.21082102483571757,angry,subject_01,subject_01_angry_session_01
20.38,0.2589252223927197,angry,subject_01,subject_01_angry_session_01
20.384,0.18439114382036031,angry,subject_01,subject_01_angry_session_01
20.388,0.0384072301447454,angry,subject_01,subject_01_angry_session_01
20.392,0.25787832532111343,angry,subject_01,subject_01_angry_session_01
20.396,0.21837461666917443,angry,subject_01,subject_01_angry_session_01
20.4,0.21026799422756678,angry,subject_01,subject_01_angry_session_01
20.404,0.21618836586092618,angry,subject_01,subject_01_angry_session_01
20.408,0.2917604723507979,angry,subject_01,subject_01_angry_session_01
20.412,0.24879692352755045,angry,subject_01,subject_01_angry_session_01
20.416,0.3341216831156173,angry,subject_01,subject_01_angry_session_01
20.42,0.3399391136422476,angry,subject_01,subject_01_angry_session_01
20.424,0.27050574391325394,angry,subject_01,subject_01_angry_session_01
20.428,0.2588851701666352,angry,subject_01,subject_01_angry_session_01
20.432,0.3006286447307765,angry,subject_01,subject_01_angry_session_01
20.436,0.2865076526925866,angry,subject_01,subject_01_angry_session_01
20.44,0.19178924062502983,angry,subject_01,subject_01_angry_session_01
20.444,0.4129535183613508,angry,subject_01,subject_01_angry_session_01
20.448,0.3416147570216798,angry,subject_01,subject_01_angry_session_01
20.452,0.27110123688756876,angry,subject_01,subject_01_angry_session_01
20.456,0.18362590274900953,angry,subject_01,subject_01_angry_session_01
20.46,0.2870641146838045,angry,subject_01,subject_01_angry_session_01
20.464,0.2615191870659917,angry,subject_01,subject_01_angry_session_01
20.468,0.29174496273008144,angry,subject_01,subject_01_angry_session_01
20.472,0.16385127151175297,angry,subject_01,subject_01_angry_session_01
20.476,0.26342427167518107,angry,subject_01,subject_01_angry_session_01
20.48,0.2649738906402892,angry,subject_01,subject_01_angry_session_01
20.484,0.2758730338069395,angry,subject_01,subject_01_angry_session_01
20.488,0.27089400652109846,angry,subject_01,subject_01_angry_session_01
20.492,0.28579038149246866,angry,subject_01,subject_01_angry_session_01
20.496,0.3714696570182404,angry,subject_01,subject_01_angry_session_01
20.5,0.24680978275462584,angry,subject_01,subject_01_angry_session_01
20.504,0.2205231850928518,angry,subject_01,subject_01_angry_session_01
20.508,0.16899663297092488,angry,subject_01,subject_01_angry_session_01
20.512,0.23935565814891818,angry,subject_01,subject_01_angry_session_01
20.516,0.1832449695287145,angry,subject_01,subject_01_angry_session_01
20.52,0.3220956931007965,angry,subject_01,subject_01_angry_session_01
20.524,0.2557182197421352,angry,subject_01,subject_01_angry_session_01
20.528,0.314618767378873,angry,subject_01,subject_01_angry_session_01
20.532,0.3426743178446614,angry,subject_01,subject_01_angry_session_01
20.536,0.19896923843711534,angry,subject_01,subject_01_angry_session_01
20.54,0.22577570492069882,angry,subject_01,subject_01_angry_session_01
20.544,0.32181867050663776,angry,subject_01,subject_01_angry_session_01
20.548,0.2480857608393949,angry,subject_01,subject_01_angry_session_01
20.552,0.26232385539269665,angry,subject_01,subject_01_angry_session_01
20.556,0.2867808466102675,angry,subject_01,subject_01_angry_session_01
20.56,0.27182781761347397,angry,subject_01,subject_01_angry_session_01
20.564,0.2353717628600716,angry,subject_01,subject_01_angry_session_01
20.568,0.28675180117776444,angry,subject_01,subject_01_angry_session_01
20.572,0.19064460611156048,angry,subject_01,subject_01_angry_session_01
20.576,0.2172813155090071,angry,subject_01,subject_01_angry_session_01
20.58,0.16656346222802337,angry,subject_01,subject_01_angry_session_01
20.584,0.2292094674902686,angry,subject_01,subject_01_angry_session_01
20.588,0.11657890310519406,angry,subject_01,subject_01_angry_session_01
20.592,0.04823330891555673,angry,subject_01,subject_01_angry_session_01
20.596,0.1791034148193661,angry,subject_01,subject_01_angry_session_01
20.6,0.06931647150653356,angry,subject_01,subject_01_angry_session_01
20.604,0.054286713680023316,angry,subject_01,subject_01_angry_session_01
20.608,0.1885325274444333,angry,subject_01,subject_01_angry_session_01
20.612,0.16215857235420872,angry,subject_01,subject_01_angry_session_01
20.616,0.0755868385811016,angry,subject_01,subject_01_angry_session_01
20.62,-0.09417668109406495,angry,subject_01,subject_01_angry_session_01
20.624,0.1134561880940588,angry,subject_01,subject_01_angry_session_01
20.628,0.11464462997357089,angry,subject_01,subject_01_angry_session_01
20.632,0.09987140600844342,angry,subject_01,subject_01_angry_session_01
20.636,0.09162136689431918,angry,subject_01,subject_01_angry_session_01
20.64,0.04752681758066175,angry,subject_01,subject_01_angry_session_01
20.644,0.029339740592171266,angry,subject_01,subject_01_angry_session_01
20.648,-0.01634825363028239,angry,subject_01,subject_01_angry_session_01
20.652,0.004699686799276008,angry,subject_01,subject_01_angry_session_01
20.656,0.0627916050619701,angry,subject_01,subject_01_angry_session_01
20.66,0.06114008724208691,angry,subject_01,subject_01_angry_session_01
20.664,0.0859833423452358,angry,subject_01,subject_01_angry_session_01
20.668,-0.047730898104923425,angry,subject_01,subject_01_angry_session_01
20.672,-0.06454153433379076,angry,subject_01,subject_01_angry_session_01
20.676,0.010844465782854744,angry,subject_01,subject_01_angry_session_01
20.68,-0.028747442240722627,angry,subject_01,subject_01_angry_session_01
20.684,0.042553976784314294,angry,subject_01,subject_01_angry_session_01
20.688,-0.048294065777890624,angry,subject_01,subject_01_angry_session_01
20.692,0.09968108806968679,angry,subject_01,subject_01_angry_session_01
20.696,-0.022642672722875665,angry,subject_01,subject_01_angry_session_01
20.7,0.11893764257217102,angry,subject_01,subject_01_angry_session_01
20.704,0.05061246817006829,angry,subject_01,subject_01_angry_session_01
20.708,-0.047706904176144836,angry,subject_01,subject_01_angry_session_01
20.712,0.14227664118322084,angry,subject_01,subject_01_angry_session_01
20.716,0.044443578281542384,angry,subject_01,subject_01_angry_session_01
20.72,0.06943188121922524,angry,subject_01,subject_01_angry_session_01
20.724,0.11320386542268998,angry,subject_01,subject_01_angry_session_01
20.728,0.2341686705815147,angry,subject_01,subject_01_angry_session_01
20.732,0.35791649405292897,angry,subject_01,subject_01_angry_session_01
20.736,0.4199989982227994,angry,subject_01,subject_01_angry_session_01
20.74,0.6190092487413965,angry,subject_01,subject_01_angry_session_01
20.744,0.7986067079496616,angry,subject_01,subject_01_angry_session_01
20.748,0.9699990085738074,angry,subject_01,subject_01_angry_session_01
20.752,1.0816851966167251,angry,subject_01,subject_01_angry_session_01
20.756,1.1198446882088902,angry,subject_01,subject_01_angry_session_01
20.76,1.0860338534615208,angry,subject_01,subject_01_angry_session_01
20.764,1.0347623047033974,angry,subject_01,subject_01_angry_session_01
20.768,0.8990813011596107,angry,subject_01,subject_01_angry_session_01
20.772,0.8653586673409407,angry,subject_01,subject_01_angry_session_01
20.776,0.6276249884466911,angry,subject_01,subject_01_angry_session_01
20.78,0.48123449092273546,angry,subject_01,subject_01_angry_session_01
20.784,0.34546303180141325,angry,subject_01,subject_01_angry_session_01
20.788,0.1938541092239201,angry,subject_01,subject_01_angry_session_01
20.792,0.08830492172413516,angry,subject_01,subject_01_angry_session_01
20.796,-0.03523785555338811,angry,subject_01,subject_01_angry_session_01
20.8,-0.0017492876827617104,angry,subject_01,subject_01_angry_session_01
20.804,-0.04780385453974695,angry,subject_01,subject_01_angry_session_01
20.808,-0.028341690719641377,angry,subject_01,subject_01_angry_session_01
20.812,0.0608130537924001,angry,subject_01,subject_01_angry_session_01
20.816,0.038313000567055035,angry,subject_01,subject_01_angry_session_01
20.82,-0.01128443314614374,angry,subject_01,subject_01_angry_session_01
20.824,0.025783323500748634,angry,subject_01,subject_01_angry_session_01
20.828,0.13925969255435638,angry,subject_01,subject_01_angry_session_01
20.832,0.031023174928347528,angry,subject_01,subject_01_angry_session_01
20.836,0.056542602791752085,angry,subject_01,subject_01_angry_session_01
20.84,0.0979368616502286,angry,subject_01,subject_01_angry_session_01
20.844,0.07468728004816737,angry,subject_01,subject_01_angry_session_01
20.848,0.04312779101755983,angry,subject_01,subject_01_angry_session_01
20.852,0.024792057889691264,angry,subject_01,subject_01_angry_session_01
20.856,0.07294018908628969,angry,subject_01,subject_01_angry_session_01
20.86,0.11745606369932264,angry,subject_01,subject_01_angry_session_01
20.864,0.16195227798789597,angry,subject_01,subject_01_angry_session_01
20.868,-0.00019794507602338696,angry,subject_01,subject_01_angry_session_01
20.872,0.19882021202439562,angry,subject_01,subject_01_angry_session_01
20.876,0.08138363973134871,angry,subject_01,subject_01_angry_session_01
20.88,0.16011580389356128,angry,subject_01,subject_01_angry_session_01
20.884,0.06661030142399935,angry,subject_01,subject_01_angry_session_01
20.888,0.02073891824440806,angry,subject_01,subject_01_angry_session_01
20.892,0.04541960487177085,angry,subject_01,subject_01_angry_session_01
20.896,0.11141285851807757,angry,subject_01,subject_01_angry_session_01
20.9,0.1700400163983528,angry,subject_01,subject_01_angry_session_01
20.904,0.14802074207747024,angry,subject_01,subject_01_angry_session_01
20.908,0.138897647163742,angry,subject_01,subject_01_angry_session_01
20.912,0.22893742924516414,angry,subject_01,subject_01_angry_session_01
20.916,0.17007218930982454,angry,subject_01,subject_01_angry_session_01
20.92,0.19495779499674232,angry,subject_01,subject_01_angry_session_01
20.924,0.37313584396353994,angry,subject_01,subject_01_angry_session_01
20.928,0.19434374989841166,angry,subject_01,subject_01_angry_session_01
20.932,0.16143578652722324,angry,subject_01,subject_01_angry_session_01
20.936,0.24037127372909206,angry,subject_01,subject_01_angry_session_01
20.94,0.2638094988061407,angry,subject_01,subject_01_angry_session_01
20.944,0.24595218706936556,angry,subject_01,subject_01_angry_session_01
20.948,0.2452699567465909,angry,subject_01,subject_01_angry_session_01
20.952,0.33253828360793275,angry,subject_01,subject_01_angry_session_01
20.956,0.3325300911529231,angry,subject_01,subject_01_angry_session_01
20.96,0.2512569005178851,angry,subject_01,subject_01_angry_session_01
20.964,0.2265145969618942,angry,subject_01,subject_01_angry_session_01
20.968,0.2973301300069975,angry,subject_01,subject_01_angry_session_01
20.972,0.23865157446172516,angry,subject_01,subject_01_angry_session_01
20.976,0.3362817650049335,angry,subject_01,subject_01_angry_session_01
20.98,0.3136898100524899,angry,subject_01,subject_01_angry_session_01
20.984,0.45300425295991803,angry,subject_01,subject_01_angry_session_01
20.988,0.385216766089114,angry,subject_01,subject_01_angry_session_01
20.992,0.23555656362326224,angry,subject_01,subject_01_angry_session_01
20.996,0.27205240557906896,angry,subject_01,subject_01_angry_session_01
21.0,0.19067606319703284,angry,subject_01,subject_01_angry_session_01
21.004,0.17902116850623828,angry,subject_01,subject_01_angry_session_01
21.008,0.3153400293480738,angry,subject_01,subject_01_angry_session_01
21.012,0.2376624343260398,angry,subject_01,subject_01_angry_session_01
21.016,0.4078680858539216,angry,subject_01,subject_01_angry_session_01
21.02,0.37859198179041215,angry,subject_01,subject_01_angry_session_01
21.024,0.29211395740195295,angry,subject_01,subject_01_angry_session_01
21.028,0.28760046090270863,angry,subject_01,subject_01_angry_session_01
21.032,0.39497232269753646,angry,subject_01,subject_01_angry_session_01
21.036,0.40698063237955506,angry,subject_01,subject_01_angry_session_01
21.04,0.24615510855847653,angry,subject_01,subject_01_angry_session_01
21.044,0.23624732463733358,angry,subject_01,subject_01_angry_session_01
21.048,0.27950591260719676,angry,subject_01,subject_01_angry_session_01
21.052,0.3209822777908379,angry,subject_01,subject_01_angry_session_01
21.056,0.2617504291245917,angry,subject_01,subject_01_angry_session_01
21.06,0.3171103714587836,angry,subject_01,subject_01_angry_session_01
21.064,0.4043660392761468,angry,subject_01,subject_01_angry_session_01
21.068,0.20032726761003578,angry,subject_01,subject_01_angry_session_01
21.072,0.25525565031988073,angry,subject_01,subject_01_angry_session_01
21.076,0.19603427399750545,angry,subject_01,subject_01_angry_session_01
21.08,0.22624049197954468,angry,subject_01,subject_01_angry_session_01
21.084,0.2558247760385017,angry,subject_01,subject_01_angry_session_01
21.088,0.22678579412305824,angry,subject_01,subject_01_angry_session_01
21.092,0.29832230986991637,angry,subject_01,subject_01_angry_session_01
21.096,0.27262291082467394,angry,subject_01,subject_01_angry_session_01
21.1,0.27762833095374295,angry,subject_01,subject_01_angry_session_01
21.104,0.237031219705342,angry,subject_01,subject_01_angry_session_01
21.108,0.237875570983675,angry,subject_01,subject_01_angry_session_01
21.112,0.22455867238716892,angry,subject_01,subject_01_angry_session_01
21.116,0.22502366260017717,angry,subject_01,subject_01_angry_session_01
21.12,0.25889964826885076,angry,subject_01,subject_01_angry_session_01
21.124,0.1116303798921815,angry,subject_01,subject_01_angry_session_01
21.128,0.23706862270612497,angry,subject_01,subject_01_angry_session_01
21.132,0.15991451868505774,angry,subject_01,subject_01_angry_session_01
21.136,0.18348454461387695,angry,subject_01,subject_01_angry_session_01
21.14,0.1014850324441916,angry,subject_01,subject_01_angry_session_01
21.144,0.16466579921759858,angry,subject_01,subject_01_angry_session_01
21.148,0.19359182106743264,angry,subject_01,subject_01_angry_session_01
21.152,0.19488383645247181,angry,subject_01,subject_01_angry_session_01
21.156,0.08671537809582673,angry,subject_01,subject_01_angry_session_01
21.16,0.1728502521246113,angry,subject_01,subject_01_angry_session_01
21.164,0.2072105568870695,angry,subject_01,subject_01_angry_session_01
21.168,0.09987398574264897,angry,subject_01,subject_01_angry_session_01
21.172,0.12047106186528071,angry,subject_01,subject_01_angry_session_01
21.176,-0.012451975285442868,angry,subject_01,subject_01_angry_session_01
21.18,0.04947143772649948,angry,subject_01,subject_01_angry_session_01
21.184,0.11159899475374481,angry,subject_01,subject_01_angry_session_01
21.188,0.14525361314541305,angry,subject_01,subject_01_angry_session_01
21.192,0.045040117259957234,angry,subject_01,subject_01_angry_session_01
21.196,0.23476285206635045,angry,subject_01,subject_01_angry_session_01
21.2,0.0875748542640015,angry,subject_01,subject_01_angry_session_01
21.204,-0.012982175197124052,angry,subject_01,subject_01_angry_session_01
21.208,0.13585211404378536,angry,subject_01,subject_01_angry_session_01
21.212,-0.020848733323711656,angry,subject_01,subject_01_angry_session_01
21.216,0.07021951702253205,angry,subject_01,subject_01_angry_session_01
21.22,-0.008605256118762256,angry,subject_01,subject_01_angry_session_01
21.224,-0.03724552269111335,angry,subject_01,subject_01_angry_session_01
21.228,0.09936196160378062,angry,subject_01,subject_01_angry_session_01
21.232,0.023823725708783997,angry,subject_01,subject_01_angry_session_01
21.236,0.1410377144846443,angry,subject_01,subject_01_angry_session_01
21.24,-0.025218719459819183,angry,subject_01,subject_01_angry_session_01
21.244,-0.05913196764813229,angry,subject_01,subject_01_angry_session_01
21.248,0.004417299177293957,angry,subject_01,subject_01_angry_session_01
21.252,0.20541227030915454,angry,subject_01,subject_01_angry_session_01
21.256,0.08059523879692898,angry,subject_01,subject_01_angry_session_01
21.26,0.061786400425278915,angry,subject_01,subject_01_angry_session_01
21.264,0.06075171650644834,angry,subject_01,subject_01_angry_session_01
21.268,-0.007681178608925136,angry,subject_01,subject_01_angry_session_01
21.272,0.18088745229606298,angry,subject_01,subject_01_angry_session_01
21.276,0.04308572701171316,angry,subject_01,subject_01_angry_session_01
21.28,0.044157708790594094,angry,subject_01,subject_01_angry_session_01
21.284,0.10394600833256536,angry,subject_01,subject_01_angry_session_01
21.288,0.015006240880241259,angry,subject_01,subject_01_angry_session_01
21.292,0.1153032917570138,angry,subject_01,subject_01_angry_session_01
21.296,0.2619068377447784,angry,subject_01,subject_01_angry_session_01
21.3,0.47286234015716055,angry,subject_01,subject_01_angry_session_01
21.304,0.49131792252625195,angry,subject_01,subject_01_angry_session_01
21.308,0.7267432583930103,angry,subject_01,subject_01_angry_session_01
21.312,0.8697081614031725,angry,subject_01,subject_01_angry_session_01
21.316,0.9125478943773986,angry,subject_01,subject_01_angry_session_01
21.32,1.059609517356893,angry,subject_01,subject_01_angry_session_01
21.324,1.1532606149652866,angry,subject_01,subject_01_angry_session_01
21.328,1.0049711087792776,angry,subject_01,subject_01_angry_session_01
21.332,1.0969884094178837,angry,subject_01,subject_01_angry_session_01
21.336,0.913178435001371,angry,subject_01,subject_01_angry_session_01
21.34,0.747725229116397,angry,subject_01,subject_01_angry_session_01
21.344,0.5558730200992437,angry,subject_01,subject_01_angry_session_01
21.348,0.3223810219764949,angry,subject_01,subject_01_angry_session_01
21.352,0.2007486424251469,angry,subject_01,subject_01_angry_session_01
21.356,0.14323129312043711,angry,subject_01,subject_01_angry_session_01
21.36,-0.0007609393266508266,angry,subject_01,subject_01_angry_session_01
21.364,0.0007558981502825031,angry,subject_01,subject_01_angry_session_01
21.368,-0.08465775239371061,angry,subject_01,subject_01_angry_session_01
21.372,-0.0033548981560623074,angry,subject_01,subject_01_angry_session_01
21.376,0.01306595585559658,angry,subject_01,subject_01_angry_session_01
21.38,-0.09988912288164632,angry,subject_01,subject_01_angry_session_01
21.384,0.017556729591450486,angry,subject_01,subject_01_angry_session_01
21.388,-0.06490116373896615,angry,subject_01,subject_01_angry_session_01
21.392,-0.07570462849356688,angry,subject_01,subject_01_angry_session_01
21.396,0.007142699342129889,angry,subject_01,subject_01_angry_session_01
21.4,0.2155822348173173,angry,subject_01,subject_01_angry_session_01
21.404,0.09828184164000925,angry,subject_01,subject_01_angry_session_01
21.408,0.13886562659696094,angry,subject_01,subject_01_angry_session_01
21.412,0.09537082153567739,angry,subject_01,subject_01_angry_session_01
21.416,0.07485474874164247,angry,subject_01,subject_01_angry_session_01
21.42,0.1201423491999705,angry,subject_01,subject_01_angry_session_01
21.424,0.032206219524003925,angry,subject_01,subject_01_angry_session_01
21.428,0.1032634834820707,angry,subject_01,subject_01_angry_session_01
21.432,0.15041036518910988,angry,subject_01,subject_01_angry_session_01
21.436,0.12680590606251585,angry,subject_01,subject_01_angry_session_01
21.44,0.1647690934439978,angry,subject_01,subject_01_angry_session_01
21.444,0.10682437204600134,angry,subject_01,subject_01_angry_session_01
21.448,0.20335986013518803,angry,subject_01,subject_01_angry_session_01
21.452,0.09560189288222391,angry,subject_01,subject_01_angry_session_01
21.456,0.24170293391005654,angry,subject_01,subject_01_angry_session_01
21.46,0.1558759702018958,angry,subject_01,subject_01_angry_session_01
21.464,0.10549810434334356,angry,subject_01,subject_01_angry_session_01
21.468,0.06510118038106574,angry,subject_01,subject_01_angry_session_01
21.472,0.09490077046145645,angry,subject_01,subject_01_angry_session_01
21.476,0.0935421144512808,angry,subject_01,subject_01_angry_session_01
21.48,0.1536686844920347,angry,subject_01,subject_01_angry_session_01
21.484,0.09057588094683451,angry,subject_01,subject_01_angry_session_01
21.488,0.2527001587143502,angry,subject_01,subject_01_angry_session_01
21.492,0.18996254052123937,angry,subject_01,subject_01_angry_session_01
21.496,0.1957369853395241,angry,subject_01,subject_01_angry_session_01
21.5,0.12979687420926633,angry,subject_01,subject_01_angry_session_01
21.504,0.16171025698003033,angry,subject_01,subject_01_angry_session_01
21.508,0.08265896585325402,angry,subject_01,subject_01_angry_session_01
21.512,0.3208285746998297,angry,subject_01,subject_01_angry_session_01
21.516,0.1463815306923717,angry,subject_01,subject_01_angry_session_01
21.52,0.15837384247084904,angry,subject_01,subject_01_angry_session_01
21.524,0.3308361631914712,angry,subject_01,subject_01_angry_session_01
21.528,0.2761275779803679,angry,subject_01,subject_01_angry_session_01
21.532,0.26657402298801797,angry,subject_01,subject_01_angry_session_01
21.536,0.28579064346285254,angry,subject_01,subject_01_angry_session_01
21.54,0.3282054539479803,angry,subject_01,subject_01_angry_session_01
21.544,0.2820804132926946,angry,subject_01,subject_01_angry_session_01
21.548,0.18808368864308578,angry,subject_01,subject_01_angry_session_01
21.552,0.3287633926105301,angry,subject_01,subject_01_angry_session_01
21.556,0.3136397957250073,angry,subject_01,subject_01_angry_session_01
21.56,0.3615592158634244,angry,subject_01,subject_01_angry_session_01
21.564,0.21872196418082213,angry,subject_01,subject_01_angry_session_01
21.568,0.2517465294978335,angry,subject_01,subject_01_angry_session_01
21.572,0.3203180989930563,angry,subject_01,subject_01_angry_session_01
21.576,0.24087076314914913,angry,subject_01,subject_01_angry_session_01
21.58,0.1566058734353597,angry,subject_01,subject_01_angry_session_01
21.584,0.30936734243299524,angry,subject_01,subject_01_angry_session_01
21.588,0.3505309465907964,angry,subject_01,subject_01_angry_session_01
21.592,0.2879903427202719,angry,subject_01,subject_01_angry_session_01
21.596,0.3271478356750547,angry,subject_01,subject_01_angry_session_01
21.6,0.31668065902276005,angry,subject_01,subject_01_angry_session_01
21.604,0.2910615843450522,angry,subject_01,subject_01_angry_session_01
21.608,0.2963258871471845,angry,subject_01,subject_01_angry_session_01
21.612,0.3666820839591225,angry,subject_01,subject_01_angry_session_01
21.616,0.22531648621222466,angry,subject_01,subject_01_angry_session_01
21.62,0.32690081490885936,angry,subject_01,subject_01_angry_session_01
21.624,0.20695043931794652,angry,subject_01,subject_01_angry_session_01
21.628,0.22736030610856872,angry,subject_01,subject_01_angry_session_01
21.632,0.3440158679129803,angry,subject_01,subject_01_angry_session_01
21.636,0.1968542145133626,angry,subject_01,subject_01_angry_session_01
21.64,0.2520901681153204,angry,subject_01,subject_01_angry_session_01
21.644,0.405344014284299,angry,subject_01,subject_01_angry_session_01
21.648,0.32217719527987515,angry,subject_01,subject_01_angry_session_01
21.652,0.21325657816083463,angry,subject_01,subject_01_angry_session_01
21.656,0.22019291447119801,angry,subject_01,subject_01_angry_session_01
21.66,0.24034968074364382,angry,subject_01,subject_01_angry_session_01
21.664,0.32538954089417055,angry,subject_01,subject_01_angry_session_01
21.668,0.18233591972062543,angry,subject_01,subject_01_angry_session_01
21.672,0.1740589158594827,angry,subject_01,subject_01_angry_session_01
21.676,0.27548994144148553,angry,subject_01,subject_01_angry_session_01
21.68,0.1262274867365219,angry,subject_01,subject_01_angry_session_01
21.684,0.16631839855465963,angry,subject_01,subject_01_angry_session_01
21.688,0.20923177343106938,angry,subject_01,subject_01_angry_session_01
21.692,0.20512976707531355,angry,subject_01,subject_01_angry_session_01
21.696,0.11758783094283287,angry,subject_01,subject_01_angry_session_01
21.7,0.21251148765775274,angry,subject_01,subject_01_angry_session_01
21.704,0.2158975932676988,angry,subject_01,subject_01_angry_session_01
21.708,0.1339296237794211,angry,subject_01,subject_01_angry_session_01
21.712,0.26402605243585137,angry,subject_01,subject_01_angry_session_01
21.716,0.1752338643071253,angry,subject_01,subject_01_angry_session_01
21.72,0.0849055583356369,angry,subject_01,subject_01_angry_session_01
21.724,0.2327373157017699,angry,subject_01,subject_01_angry_session_01
21.728,0.0944299337400984,angry,subject_01,subject_01_angry_session_01
21.732,0.12703576469107408,angry,subject_01,subject_01_angry_session_01
21.736,0.07779013107706047,angry,subject_01,subject_01_angry_session_01
21.74,0.13543696705010153,angry,subject_01,subject_01_angry_session_01
21.744,0.06045232654999051,angry,subject_01,subject_01_angry_session_01
21.748,0.05587216013689547,angry,subject_01,subject_01_angry_session_01
21.752,0.06377402126626694,angry,subject_01,subject_01_angry_session_01
21.756,0.036008910834012045,angry,subject_01,subject_01_angry_session_01
21.76,0.12371481433234788,angry,subject_01,subject_01_angry_session_01
21.764,-0.02224355806994875,angry,subject_01,subject_01_angry_session_01
21.768,0.04535217834852795,angry,subject_01,subject_01_angry_session_01
21.772,0.0478362682684862,angry,subject_01,subject_01_angry_session_01
21.776,0.03039130328029549,angry,subject_01,subject_01_angry_session_01
21.78,0.0918586429563931,angry,subject_01,subject_01_angry_session_01
21.784,-0.060122895662305234,angry,subject_01,subject_01_angry_session_01
21.788,0.060971974434810436,angry,subject_01,subject_01_angry_session_01
21.792,-0.05062206767229218,angry,subject_01,subject_01_angry_session_01
21.796,-0.008913816364373613,angry,subject_01,subject_01_angry_session_01
21.8,-0.06138706053043249,angry,subject_01,subject_01_angry_session_01
21.804,-0.00230165377794396,angry,subject_01,subject_01_angry_session_01
21.808,-0.018671204900312842,angry,subject_01,subject_01_angry_session_01
21.812,0.11290820838402507,angry,subject_01,subject_01_angry_session_01
21.816,0.02777776180769511,angry,subject_01,subject_01_angry_session_01
21.82,0.03826930450675933,angry,subject_01,subject_01_angry_session_01
21.824,-0.05640739753188054,angry,subject_01,subject_01_angry_session_01
21.828,0.051749725806289636,angry,subject_01,subject_01_angry_session_01
21.832,0.10179373729605949,angry,subject_01,subject_01_angry_session_01
21.836,0.05114891368843433,angry,subject_01,subject_01_angry_session_01
21.84,-0.08294835793737962,angry,subject_01,subject_01_angry_session_01
21.844,-0.029420162921960088,angry,subject_01,subject_01_angry_session_01
21.848,0.020367690724808908,angry,subject_01,subject_01_angry_session_01
21.852,0.01564435505261997,angry,subject_01,subject_01_angry_session_01
21.856,0.2668552210782609,angry,subject_01,subject_01_angry_session_01
21.86,0.18238718607163049,angry,subject_01,subject_01_angry_session_01
21.864,0.3354360200715727,angry,subject_01,subject_01_angry_session_01
21.868,0.45185035967155174,angry,subject_01,subject_01_angry_session_01
21.872,0.6628273642811534,angry,subject_01,subject_01_angry_session_01
21.876,0.8890456162857342,angry,subject_01,subject_01_angry_session_01
21.88,0.94973985479793,angry,subject_01,subject_01_angry_session_01
21.884,1.0301675998802406,angry,subject_01,subject_01_angry_session_01
21.888,1.0303138889824457,angry,subject_01,subject_01_angry_session_01
21.892,1.1623826904005659,angry,subject_01,subject_01_angry_session_01
21.896,1.0196427250263602,angry,subject_01,subject_01_angry_session_01
21.9,0.9056248538858119,angry,subject_01,subject_01_angry_session_01
21.904,0.6280811986637647,angry,subject_01,subject_01_angry_session_01
21.908,0.5921099018257544,angry,subject_01,subject_01_angry_session_01
21.912,0.4045865910006068,angry,subject_01,subject_01_angry_session_01
21.916,0.16193248287481937,angry,subject_01,subject_01_angry_session_01
21.92,0.20023258718606582,angry,subject_01,subject_01_angry_session_01
21.924,0.011913150989322323,angry,subject_01,subject_01_angry_session_01
21.928,0.09613971120197048,angry,subject_01,subject_01_angry_session_01
21.932,0.03695762219806965,angry,subject_01,subject_01_angry_session_01
21.936,-0.09763028441909172,angry,subject_01,subject_01_angry_session_01
21.94,0.03611641276836145,angry,subject_01,subject_01_angry_session_01
21.944,0.06584640488220564,angry,subject_01,subject_01_angry_session_01
21.948,-0.04806044169844174,angry,subject_01,subject_01_angry_session_01
21.952,-0.062448844885209506,angry,subject_01,subject_01_angry_session_01
21.956,-0.11909651566704046,angry,subject_01,subject_01_angry_session_01
21.96,0.040732540372159246,angry,subject_01,subject_01_angry_session_01
21.964,-0.03499257674274418,angry,subject_01,subject_01_angry_session_01
21.968,0.05224796313843236,angry,subject_01,subject_01_angry_session_01
21.972,-0.0028453035828246466,angry,subject_01,subject_01_angry_session_01
21.976,-0.012116290360413867,angry,subject_01,subject_01_angry_session_01
21.98,0.004499147990026112,angry,subject_01,subject_01_angry_session_01
21.984,-0.03607735299591193,angry,subject_01,subject_01_angry_session_01
21.988,0.012176935632145919,angry,subject_01,subject_01_angry_session_01
21.992,0.005965449570441442,angry,subject_01,subject_01_angry_session_01
21.996,0.05387884982747056,angry,subject_01,subject_01_angry_session_01
22.0,0.06585351253613746,angry,subject_01,subject_01_angry_session_01
22.004,0.0005036594798563249,angry,subject_01,subject_01_angry_session_01
22.008,0.13630467016605408,angry,subject_01,subject_01_angry_session_01
22.012,0.06646770136488356,angry,subject_01,subject_01_angry_session_01
22.016,0.17227147903790213,angry,subject_01,subject_01_angry_session_01
22.02,0.10296298501396035,angry,subject_01,subject_01_angry_session_01
22.024,0.09929572629808155,angry,subject_01,subject_01_angry_session_01
22.028,0.07260659367009681,angry,subject_01,subject_01_angry_session_01
22.032,0.14611853837548325,angry,subject_01,subject_01_angry_session_01
22.036,0.1186317571318839,angry,subject_01,subject_01_angry_session_01
22.04,0.1757183687249386,angry,subject_01,subject_01_angry_session_01
22.044,0.2282592199693963,angry,subject_01,subject_01_angry_session_01
22.048,0.09628394915265466,angry,subject_01,subject_01_angry_session_01
22.052,0.1847324593238409,angry,subject_01,subject_01_angry_session_01
22.056,0.19113953558949628,angry,subject_01,subject_01_angry_session_01
22.06,0.19166757333957934,angry,subject_01,subject_01_angry_session_01
22.064,0.1463372822831876,angry,subject_01,subject_01_angry_session_01
22.068,0.1556574648832779,angry,subject_01,subject_01_angry_session_01
22.072,0.15342276397249952,angry,subject_01,subject_01_angry_session_01
22.076,0.16012198532083594,angry,subject_01,subject_01_angry_session_01
22.08,0.15365028424218824,angry,subject_01,subject_01_angry_session_01
22.084,0.20527827967614976,angry,subject_01,subject_01_angry_session_01
22.088,0.17330158254238695,angry,subject_01,subject_01_angry_session_01
22.092,0.25181963365485543,angry,subject_01,subject_01_angry_session_01
22.096,0.2356535040831581,angry,subject_01,subject_01_angry_session_01
22.1,0.24854317726152947,angry,subject_01,subject_01_angry_session_01
22.104,0.22771265456281617,angry,subject_01,subject_01_angry_session_01
22.108,0.25351455495597297,angry,subject_01,subject_01_angry_session_01
22.112,0.2393025172600982,angry,subject_01,subject_01_angry_session_01
22.116,0.30515313960302015,angry,subject_01,subject_01_angry_session_01
22.12,0.23553373799212662,angry,subject_01,subject_01_angry_session_01
22.124,0.28774930505241325,angry,subject_01,subject_01_angry_session_01
22.128,0.18941331394551209,angry,subject_01,subject_01_angry_session_01
22.132,0.3125343684809795,angry,subject_01,subject_01_angry_session_01
22.136,0.2377117131290532,angry,subject_01,subject_01_angry_session_01
22.14,0.21744545637495974,angry,subject_01,subject_01_angry_session_01
22.144,0.20424572908516547,angry,subject_01,subject_01_angry_session_01
22.148,0.19939539259832184,angry,subject_01,subject_01_angry_session_01
22.152,0.24301798137035172,angry,subject_01,subject_01_angry_session_01
22.156,0.3608371689332895,angry,subject_01,subject_01_angry_session_01
22.16,0.2309545762549346,angry,subject_01,subject_01_angry_session_01
22.164,0.1353061169844346,angry,subject_01,subject_01_angry_session_01
22.168,0.2878034757086166,angry,subject_01,subject_01_angry_session_01
22.172,0.1968048348708234,angry,subject_01,subject_01_angry_session_01
22.176,0.3101465346832093,angry,subject_01,subject_01_angry_session_01
22.18,0.23344871907410877,angry,subject_01,subject_01_angry_session_01
22.184,0.2396247154643496,angry,subject_01,subject_01_angry_session_01
22.188,0.32518483102629175,angry,subject_01,subject_01_angry_session_01
22.192,0.2876442275777391,angry,subject_01,subject_01_angry_session_01
22.196,0.17299999261729432,angry,subject_01,subject_01_angry_session_01
22.2,0.17900118465186088,angry,subject_01,subject_01_angry_session_01
22.204,0.13508388708506525,angry,subject_01,subject_01_angry_session_01
22.208,0.3953746849349412,angry,subject_01,subject_01_angry_session_01
22.212,0.1844227258519827,angry,subject_01,subject_01_angry_session_01
22.216,0.3032572980745189,angry,subject_01,subject_01_angry_session_01
22.22,0.19784859845925473,angry,subject_01,subject_01_angry_session_01
22.224,0.16149105159202254,angry,subject_01,subject_01_angry_session_01
22.228,0.22379808872942095,angry,subject_01,subject_01_angry_session_01
22.232,0.19879455129086948,angry,subject_01,subject_01_angry_session_01
22.236,0.2620099925516869,angry,subject_01,subject_01_angry_session_01
22.24,0.2578270883269542,angry,subject_01,subject_01_angry_session_01
22.244,0.16814371831226532,angry,subject_01,subject_01_angry_session_01
22.248,0.11123319884712392,angry,subject_01,subject_01_angry_session_01
22.252,0.1193502056427867,angry,subject_01,subject_01_angry_session_01
22.256,0.047248778505705885,angry,subject_01,subject_01_angry_session_01
22.26,0.1602220032226057,angry,subject_01,subject_01_angry_session_01
22.264,0.16797798453421245,angry,subject_01,subject_01_angry_session_01
22.268,0.09165693651648663,angry,subject_01,subject_01_angry_session_01
22.272,0.07554746583651609,angry,subject_01,subject_01_angry_session_01
22.276,0.14120824542910282,angry,subject_01,subject_01_angry_session_01
22.28,0.09480726992513654,angry,subject_01,subject_01_angry_session_01
22.284,0.11032990642388202,angry,subject_01,subject_01_angry_session_01
22.288,0.09137312046724001,angry,subject_01,subject_01_angry_session_01
22.292,0.11864310073977799,angry,subject_01,subject_01_angry_session_01
22.296,0.060217619226422166,angry,subject_01,subject_01_angry_session_01
22.3,0.0554139746523942,angry,subject_01,subject_01_angry_session_01
22.304,-0.03729540808057241,angry,subject_01,subject_01_angry_session_01
22.308,0.06380808297926888,angry,subject_01,subject_01_angry_session_01
22.312,0.06376864396126125,angry,subject_01,subject_01_angry_session_01
22.316,0.03985863770513256,angry,subject_01,subject_01_angry_session_01
22.32,0.15779751060963668,angry,subject_01,subject_01_angry_session_01
22.324,0.045941575617151446,angry,subject_01,subject_01_angry_session_01
22.328,0.020409693720140357,angry,subject_01,subject_01_angry_session_01
22.332,0.053911263239270556,angry,subject_01,subject_01_angry_session_01
22.336,0.14543425642976948,angry,subject_01,subject_01_angry_session_01
22.34,0.029047598428853925,angry,subject_01,subject_01_angry_session_01
22.344,-0.12380206365789413,angry,subject_01,subject_01_angry_session_01
22.348,0.031727442797228396,angry,subject_01,subject_01_angry_session_01
22.352,-0.05030988063463607,angry,subject_01,subject_01_angry_session_01
22.356,-0.11585442456938919,angry,subject_01,subject_01_angry_session_01
22.36,0.09877180684554886,angry,subject_01,subject_01_angry_session_01
22.364,0.08356743226706144,angry,subject_01,subject_01_angry_session_01
22.368,-0.061564756101834164,angry,subject_01,subject_01_angry_session_01
22.372,-0.0628414646948183,angry,subject_01,subject_01_angry_session_01
22.376,-0.0007649672877939623,angry,subject_01,subject_01_angry_session_01
22.38,-0.06479698768828876,angry,subject_01,subject_01_angry_session_01
22.384,-0.021111378047665504,angry,subject_01,subject_01_angry_session_01
22.388,-0.05740106803705331,angry,subject_01,subject_01_angry_session_01
22.392,-0.0409269400269327,angry,subject_01,subject_01_angry_session_01
22.396,-0.10453929387686202,angry,subject_01,subject_01_angry_session_01
22.4,0.024951621426055757,angry,subject_01,subject_01_angry_session_01
22.404,0.043508965918892376,angry,subject_01,subject_01_angry_session_01
22.408,-0.03496358760201584,angry,subject_01,subject_01_angry_session_01
22.412,-0.0214703893337459,angry,subject_01,subject_01_angry_session_01
22.416,0.04594596038197175,angry,subject_01,subject_01_angry_session_01
22.42,0.06153509226919175,angry,subject_01,subject_01_angry_session_01
22.424,0.24942595805649154,angry,subject_01,subject_01_angry_session_01
22.428,0.18243987318003285,angry,subject_01,subject_01_angry_session_01
22.432,0.4553094634262602,angry,subject_01,subject_01_angry_session_01
22.436,0.5552648645077486,angry,subject_01,subject_01_angry_session_01
22.44,0.655458200490114,angry,subject_01,subject_01_angry_session_01
22.444,1.004082558393044,angry,subject_01,subject_01_angry_session_01
22.448,1.1284177425911857,angry,subject_01,subject_01_angry_session_01
22.452,1.0441915090690712,angry,subject_01,subject_01_angry_session_01
22.456,1.100395607252537,angry,subject_01,subject_01_angry_session_01
22.46,1.0050657286706959,angry,subject_01,subject_01_angry_session_01
22.464,0.9210856417301416,angry,subject_01,subject_01_angry_session_01
22.468,0.7356556010036704,angry,subject_01,subject_01_angry_session_01
22.472,0.5637790878847627,angry,subject_01,subject_01_angry_session_01
22.476,0.57905798081361,angry,subject_01,subject_01_angry_session_01
22.48,0.3019338233069323,angry,subject_01,subject_01_angry_session_01
22.484,0.16543267225763852,angry,subject_01,subject_01_angry_session_01
22.488,0.0036257762572669827,angry,subject_01,subject_01_angry_session_01
22.492,-0.011127870252536542,angry,subject_01,subject_01_angry_session_01
22.496,-0.1542050663218596,angry,subject_01,subject_01_angry_session_01
22.5,-0.12491241284533969,angry,subject_01,subject_01_angry_session_01
22.504,-0.1466754377404913,angry,subject_01,subject_01_angry_session_01
22.508,0.016410625942934576,angry,subject_01,subject_01_angry_session_01
22.512,-0.14381532402082542,angry,subject_01,subject_01_angry_session_01
22.516,-0.10028599547934605,angry,subject_01,subject_01_angry_session_01
22.52,-0.1403317449389153,angry,subject_01,subject_01_angry_session_01
22.524,-0.06206554615692589,angry,subject_01,subject_01_angry_session_01
22.528,-0.02995521663295901,angry,subject_01,subject_01_angry_session_01
22.532,0.06095237710151817,angry,subject_01,subject_01_angry_session_01
22.536,-0.007199048280485575,angry,subject_01,subject_01_angry_session_01
22.54,-0.01498401517725562,angry,subject_01,subject_01_angry_session_01
22.544,0.031181079338477167,angry,subject_01,subject_01_angry_session_01
22.548,-0.009685774598731989,angry,subject_01,subject_01_angry_session_01
22.552,0.16542828810662302,angry,subject_01,subject_01_angry_session_01
22.556,-0.010402127182407312,angry,subject_01,subject_01_angry_session_01
22.56,0.054400201642829465,angry,subject_01,subject_01_angry_session_01
22.564,0.08398727615198526,angry,subject_01,subject_01_angry_session_01
22.568,0.002346150812894951,angry,subject_01,subject_01_angry_session_01
22.572,0.054887758641941564,angry,subject_01,subject_01_angry_session_01
22.576,0.020656667427789512,angry,subject_01,subject_01_angry_session_01
22.58,0.0731917565133858,angry,subject_01,subject_01_angry_session_01
22.584,0.06914307555916811,angry,subject_01,subject_01_angry_session_01
22.588,0.06129176321686045,angry,subject_01,subject_01_angry_session_01
22.592,0.007267062674600103,angry,subject_01,subject_01_angry_session_01
22.596,0.19556964228584695,angry,subject_01,subject_01_angry_session_01
22.6,0.12631471810209546,angry,subject_01,subject_01_angry_session_01
22.604,0.0034086801236497682,angry,subject_01,subject_01_angry_session_01
22.608,0.08128871538070953,angry,subject_01,subject_01_angry_session_01
22.612,0.020290280423265875,angry,subject_01,subject_01_angry_session_01
22.616,0.16824963830103026,angry,subject_01,subject_01_angry_session_01
22.62,0.12938161632409462,angry,subject_01,subject_01_angry_session_01
22.624,0.13915308740471602,angry,subject_01,subject_01_angry_session_01
22.628,0.09660278288712171,angry,subject_01,subject_01_angry_session_01
22.632,0.13642238357803058,angry,subject_01,subject_01_angry_session_01
22.636,0.2107304229479613,angry,subject_01,subject_01_angry_session_01
22.64,0.2348796288928982,angry,subject_01,subject_01_angry_session_01
22.644,0.23018701517027423,angry,subject_01,subject_01_angry_session_01
22.648,0.09393969926088677,angry,subject_01,subject_01_angry_session_01
22.652,0.1833209896108275,angry,subject_01,subject_01_angry_session_01
22.656,0.21681038687801366,angry,subject_01,subject_01_angry_session_01
22.66,0.1643105305153909,angry,subject_01,subject_01_angry_session_01
22.664,0.11526193115701162,angry,subject_01,subject_01_angry_session_01
22.668,0.1435922853877179,angry,subject_01,subject_01_angry_session_01
22.672,0.3163097040922009,angry,subject_01,subject_01_angry_session_01
22.676,0.15988288240967552,angry,subject_01,subject_01_angry_session_01
22.68,0.23875880530689983,angry,subject_01,subject_01_angry_session_01
22.684,0.2305251390563103,angry,subject_01,subject_01_angry_session_01
22.688,0.23412790117417745,angry,subject_01,subject_01_angry_session_01
22.692,0.2270524495141848,angry,subject_01,subject_01_angry_session_01
22.696,0.29591842322994594,angry,subject_01,subject_01_angry_session_01
22.7,0.25247368024965294,angry,subject_01,subject_01_angry_session_01
22.704,0.21401596463790123,angry,subject_01,subject_01_angry_session_01
22.708,0.25532390927467186,angry,subject_01,subject_01_angry_session_01
22.712,0.17577326458242748,angry,subject_01,subject_01_angry_session_01
22.716,0.2806911401104899,angry,subject_01,subject_01_angry_session_01
22.72,0.2105479948253806,angry,subject_01,subject_01_angry_session_01
22.724,0.21288022079276897,angry,subject_01,subject_01_angry_session_01
22.728,0.279592478008429,angry,subject_01,subject_01_angry_session_01
22.732,0.22259659270899215,angry,subject_01,subject_01_angry_session_01
22.736,0.22394832102519602,angry,subject_01,subject_01_angry_session_01
22.74,0.31283692774892047,angry,subject_01,subject_01_angry_session_01
22.744,0.1819994643310197,angry,subject_01,subject_01_angry_session_01
22.748,0.26778859161471824,angry,subject_01,subject_01_angry_session_01
22.752,0.292270090286481,angry,subject_01,subject_01_angry_session_01
22.756,0.3026715408052001,angry,subject_01,subject_01_angry_session_01
22.76,0.3605722442142805,angry,subject_01,subject_01_angry_session_01
22.764,0.18874837985631246,angry,subject_01,subject_01_angry_session_01
22.768,0.17246603103623687,angry,subject_01,subject_01_angry_session_01
22.772,0.27079619278492495,angry,subject_01,subject_01_angry_session_01
22.776,0.27532970011619007,angry,subject_01,subject_01_angry_session_01
22.78,0.1685191320480292,angry,subject_01,subject_01_angry_session_01
22.784,0.24195189257482902,angry,subject_01,subject_01_angry_session_01
22.788,0.37301846209535594,angry,subject_01,subject_01_angry_session_01
22.792,0.21229539172301296,angry,subject_01,subject_01_angry_session_01
22.796,0.25756511299749235,angry,subject_01,subject_01_angry_session_01
22.8,0.2925333617162674,angry,subject_01,subject_01_angry_session_01
22.804,0.3435101148088918,angry,subject_01,subject_01_angry_session_01
22.808,0.2029206746417681,angry,subject_01,subject_01_angry_session_01
22.812,0.2577555050451439,angry,subject_01,subject_01_angry_session_01
22.816,0.12913621362366232,angry,subject_01,subject_01_angry_session_01
22.82,0.1712784218175217,angry,subject_01,subject_01_angry_session_01
22.824,0.13581009315644718,angry,subject_01,subject_01_angry_session_01
22.828,0.041780533969417666,angry,subject_01,subject_01_angry_session_01
22.832,0.05055015032087809,angry,subject_01,subject_01_angry_session_01
22.836,0.16394274504443232,angry,subject_01,subject_01_angry_session_01
22.84,0.15617117403710634,angry,subject_01,subject_01_angry_session_01
22.844,0.05745570513580456,angry,subject_01,subject_01_angry_session_01
22.848,0.20395738127756535,angry,subject_01,subject_01_angry_session_01
22.852,0.0343620424633542,angry,subject_01,subject_01_angry_session_01
22.856,0.10682109326219957,angry,subject_01,subject_01_angry_session_01
22.86,0.05696340361894117,angry,subject_01,subject_01_angry_session_01
22.864,0.07894484806782391,angry,subject_01,subject_01_angry_session_01
22.868,0.11733065662362638,angry,subject_01,subject_01_angry_session_01
22.872,0.10006579793873,angry,subject_01,subject_01_angry_session_01
22.876,0.08868428659261944,angry,subject_01,subject_01_angry_session_01
22.88,0.07304855818386469,angry,subject_01,subject_01_angry_session_01
22.884,-0.045619439893942085,angry,subject_01,subject_01_angry_session_01
22.888,0.09183518541432742,angry,subject_01,subject_01_angry_session_01
22.892,-0.046303649169074035,angry,subject_01,subject_01_angry_session_01
22.896,0.005042665232486734,angry,subject_01,subject_01_angry_session_01
22.9,-0.015044594060611963,angry,subject_01,subject_01_angry_session_01
22.904,0.022201359381669197,angry,subject_01,subject_01_angry_session_01
22.908,-0.03221975724320351,angry,subject_01,subject_01_angry_session_01
22.912,-0.01649270185082993,angry,subject_01,subject_01_angry_session_01
22.916,0.08676087825332689,angry,subject_01,subject_01_angry_session_01
22.92,-0.09105234090247157,angry,subject_01,subject_01_angry_session_01
22.924,-0.01606274791640118,angry,subject_01,subject_01_angry_session_01
22.928,-0.08498739572884843,angry,subject_01,subject_01_angry_session_01
22.932,0.020413129996604613,angry,subject_01,subject_01_angry_session_01
22.936,-0.0652790823205222,angry,subject_01,subject_01_angry_session_01
22.94,-0.02075199169791022,angry,subject_01,subject_01_angry_session_01
22.944,-0.1037567675614608,angry,subject_01,subject_01_angry_session_01
22.948,0.05206271259523067,angry,subject_01,subject_01_angry_session_01
22.952,-0.022375870688542,angry,subject_01,subject_01_angry_session_01
22.956,-0.020313219049797285,angry,subject_01,subject_01_angry_session_01
22.96,0.0183740272921228,angry,subject_01,subject_01_angry_session_01
22.964,-0.11038063850998994,angry,subject_01,subject_01_angry_session_01
22.968,-0.07651391985283709,angry,subject_01,subject_01_angry_session_01
22.972,-0.03153289921158097,angry,subject_01,subject_01_angry_session_01
22.976,-0.14228921137017586,angry,subject_01,subject_01_angry_session_01
22.98,-0.11599444895413147,angry,subject_01,subject_01_angry_session_01
22.984,-0.023246948744317094,angry,subject_01,subject_01_angry_session_01
22.988,0.029778474283204487,angry,subject_01,subject_01_angry_session_01
22.992,0.18179865209711266,angry,subject_01,subject_01_angry_session_01
22.996,0.3670216159191628,angry,subject_01,subject_01_angry_session_01
23.0,0.5345805298363495,angry,subject_01,subject_01_angry_session_01
23.004,0.7599320001447516,angry,subject_01,subject_01_angry_session_01
23.008,0.80402205863887,angry,subject_01,subject_01_angry_session_01
23.012,0.9442956464639486,angry,subject_01,subject_01_angry_session_01
23.016,1.0235058310459388,angry,subject_01,subject_01_angry_session_01
23.02,1.0828519765755995,angry,subject_01,subject_01_angry_session_01
23.024,1.069091386031274,angry,subject_01,subject_01_angry_session_01
23.028,1.0263771881054027,angry,subject_01,subject_01_angry_session_01
23.032,0.9047434590954857,angry,subject_01,subject_01_angry_session_01
23.036,0.7261709995086634,angry,subject_01,subject_01_angry_session_01
23.04,0.6149631309759502,angry,subject_01,subject_01_angry_session_01
23.044,0.3570089460069769,angry,subject_01,subject_01_angry_session_01
23.048,0.16710208036852464,angry,subject_01,subject_01_angry_session_01
23.052,0.054086674732426565,angry,subject_01,subject_01_angry_session_01
23.056,-0.013532925763660395,angry,subject_01,subject_01_angry_session_01
23.06,-0.12564067617467312,angry,subject_01,subject_01_angry_session_01
23.064,-0.12109773557897918,angry,subject_01,subject_01_angry_session_01
23.068,-0.1546477577785976,angry,subject_01,subject_01_angry_session_01
23.072,-0.05471982952448384,angry,subject_01,subject_01_angry_session_01
23.076,-0.03798886196823984,angry,subject_01,subject_01_angry_session_01
23.08,-0.14920548225524707,angry,subject_01,subject_01_angry_session_01
23.084,-0.06883129396682647,angry,subject_01,subject_01_angry_session_01
23.088,0.0900717853255314,angry,subject_01,subject_01_angry_session_01
23.092,0.02563880612495715,angry,subject_01,subject_01_angry_session_01
23.096,0.02044673461809514,angry,subject_01,subject_01_angry_session_01
23.1,-0.04243650340143867,angry,subject_01,subject_01_angry_session_01
23.104,0.01841065587112953,angry,subject_01,subject_01_angry_session_01
23.108,0.0039668954535042825,angry,subject_01,subject_01_angry_session_01
23.112,-0.039185305382593336,angry,subject_01,subject_01_angry_session_01
23.116,-0.017004703824896977,angry,subject_01,subject_01_angry_session_01
23.12,-0.011380533663162024,angry,subject_01,subject_01_angry_session_01
23.124,-0.06786313858077815,angry,subject_01,subject_01_angry_session_01
23.128,-0.053093279564708606,angry,subject_01,subject_01_angry_session_01
23.132,0.019522004483989386,angry,subject_01,subject_01_angry_session_01
23.136,-0.013912749433018068,angry,subject_01,subject_01_angry_session_01
23.14,0.024695825759729177,angry,subject_01,subject_01_angry_session_01
23.144,-0.04750112101018714,angry,subject_01,subject_01_angry_session_01
23.148,0.10330201663658294,angry,subject_01,subject_01_angry_session_01
23.152,0.1867240014238572,angry,subject_01,subject_01_angry_session_01
23.156,0.1304882786743552,angry,subject_01,subject_01_angry_session_01
23.16,0.14388756842576378,angry,subject_01,subject_01_angry_session_01
23.164,0.12107739931656958,angry,subject_01,subject_01_angry_session_01
23.168,0.1071221997819548,angry,subject_01,subject_01_angry_session_01
23.172,0.10425351468667042,angry,subject_01,subject_01_angry_session_01
23.176,0.05223625904663075,angry,subject_01,subject_01_angry_session_01
23.18,0.1566970383112023,angry,subject_01,subject_01_angry_session_01
23.184,0.16142875600813208,angry,subject_01,subject_01_angry_session_01
23.188,0.10416883174442196,angry,subject_01,subject_01_angry_session_01
23.192,0.17190481107692224,angry,subject_01,subject_01_angry_session_01
23.196,0.10709421131972639,angry,subject_01,subject_01_angry_session_01
23.2,0.11925051569594172,angry,subject_01,subject_01_angry_session_01
23.204,0.21181147766977593,angry,subject_01,subject_01_angry_session_01
23.208,0.19923535533728265,angry,subject_01,subject_01_angry_session_01
23.212,0.16739909710734455,angry,subject_01,subject_01_angry_session_01
23.216,0.16813555526246884,angry,subject_01,subject_01_angry_session_01
23.22,0.20688412521555663,angry,subject_01,subject_01_angry_session_01
23.224,0.09335430387861221,angry,subject_01,subject_01_angry_session_01
23.228,0.1647287110440609,angry,subject_01,subject_01_angry_session_01
23.232,0.14060085058139596,angry,subject_01,subject_01_angry_session_01
23.236,0.22309016109393665,angry,subject_01,subject_01_angry_session_01
23.24,0.29309351841896913,angry,subject_01,subject_01_angry_session_01
23.244,0.2613003875135032,angry,subject_01,subject_01_angry_session_01
23.248,0.20634862067958568,angry,subject_01,subject_01_angry_session_01
23.252,0.19846524198279303,angry,subject_01,subject_01_angry_session_01
23.256,0.19889437784687716,angry,subject_01,subject_01_angry_session_01
23.26,0.3668058222622445,angry,subject_01,subject_01_angry_session_01
23.264,0.2530533190306686,angry,subject_01,subject_01_angry_session_01
23.268,0.2625420624439883,angry,subject_01,subject_01_angry_session_01
23.272,0.12493867027353706,angry,subject_01,subject_01_angry_session_01
23.276,0.18128391986600323,angry,subject_01,subject_01_angry_session_01
23.28,0.2495366856183023,angry,subject_01,subject_01_angry_session_01
23.284,0.22189288194825818,angry,subject_01,subject_01_angry_session_01
23.288,0.2589498493303946,angry,subject_01,subject_01_angry_session_01
23.292,0.25697572287216214,angry,subject_01,subject_01_angry_session_01
23.296,0.2843069933610433,angry,subject_01,subject_01_angry_session_01
23.3,0.13435614567117415,angry,subject_01,subject_01_angry_session_01
23.304,0.17819598628091607,angry,subject_01,subject_01_angry_session_01
23.308,0.23636157832260668,angry,subject_01,subject_01_angry_session_01
23.312,0.20119072268282434,angry,subject_01,subject_01_angry_session_01
23.316,0.2190206057497256,angry,subject_01,subject_01_angry_session_01
23.32,0.2417176297077521,angry,subject_01,subject_01_angry_session_01
23.324,0.18797709658131645,angry,subject_01,subject_01_angry_session_01
23.328,0.2416768893524854,angry,subject_01,subject_01_angry_session_01
23.332,0.2602192937786161,angry,subject_01,subject_01_angry_session_01
23.336,0.2288867440974825,angry,subject_01,subject_01_angry_session_01
23.34,0.2655689383132939,angry,subject_01,subject_01_angry_session_01
23.344,0.08920237473026743,angry,subject_01,subject_01_angry_session_01
23.348,0.18154020188564524,angry,subject_01,subject_01_angry_session_01
23.352,0.2671873825241876,angry,subject_01,subject_01_angry_session_01
23.356,0.1584998248215553,angry,subject_01,subject_01_angry_session_01
23.36,0.1467827199201835,angry,subject_01,subject_01_angry_session_01
23.364,0.19529057452965964,angry,subject_01,subject_01_angry_session_01
23.368,0.19750924364708963,angry,subject_01,subject_01_angry_session_01
23.372,0.16170150415367573,angry,subject_01,subject_01_angry_session_01
23.376,0.2991463026910488,angry,subject_01,subject_01_angry_session_01
23.38,0.19995486808071877,angry,subject_01,subject_01_angry_session_01
23.384,0.1222953807310809,angry,subject_01,subject_01_angry_session_01
23.388,0.08326907752040838,angry,subject_01,subject_01_angry_session_01
23.392,0.1866276945627569,angry,subject_01,subject_01_angry_session_01
23.396,0.09886398999295656,angry,subject_01,subject_01_angry_session_01
23.4,0.2753380573050398,angry,subject_01,subject_01_angry_session_01
23.404,0.16319446512313404,angry,subject_01,subject_01_angry_session_01
23.408,0.16213816722480842,angry,subject_01,subject_01_angry_session_01
23.412,0.13424773055917205,angry,subject_01,subject_01_angry_session_01
23.416,0.17725870172468988,angry,subject_01,subject_01_angry_session_01
23.42,-0.04317623490602436,angry,subject_01,subject_01_angry_session_01
23.424,0.018962564479377775,angry,subject_01,subject_01_angry_session_01
23.428,0.14394504844750408,angry,subject_01,subject_01_angry_session_01
23.432,0.16287896390330248,angry,subject_01,subject_01_angry_session_01
23.436,-0.010037366084952593,angry,subject_01,subject_01_angry_session_01
23.44,-0.05344521804478877,angry,subject_01,subject_01_angry_session_01
23.444,0.0577341330526396,angry,subject_01,subject_01_angry_session_01
23.448,0.06928283710382813,angry,subject_01,subject_01_angry_session_01
23.452,0.041977564579379706,angry,subject_01,subject_01_angry_session_01
23.456,0.023058988649697784,angry,subject_01,subject_01_angry_session_01
23.46,-0.09043399254477441,angry,subject_01,subject_01_angry_session_01
23.464,-0.007242014321580994,angry,subject_01,subject_01_angry_session_01
23.468,-0.003180801059004165,angry,subject_01,subject_01_angry_session_01
23.472,-0.0268886990099122,angry,subject_01,subject_01_angry_session_01
23.476,-0.11299080868052203,angry,subject_01,subject_01_angry_session_01
23.48,0.03381296520382011,angry,subject_01,subject_01_angry_session_01
23.484,0.04770552727195187,angry,subject_01,subject_01_angry_session_01
23.488,-0.05448644763984408,angry,subject_01,subject_01_angry_session_01
23.492,-0.020167701044951032,angry,subject_01,subject_01_angry_session_01
23.496,-0.04069554640042929,angry,subject_01,subject_01_angry_session_01
23.5,-0.0416895089442679,angry,subject_01,subject_01_angry_session_01
23.504,0.015810461756841865,angry,subject_01,subject_01_angry_session_01
23.508,0.01614180854039833,angry,subject_01,subject_01_angry_session_01
23.512,0.04858424555710837,angry,subject_01,subject_01_angry_session_01
23.516,0.046267616582127025,angry,subject_01,subject_01_angry_session_01
23.52,-0.028711493679851312,angry,subject_01,subject_01_angry_session_01
23.524,0.14989298458495648,angry,subject_01,subject_01_angry_session_01
23.528,0.06900167978564205,angry,subject_01,subject_01_angry_session_01
23.532,-0.06768640595336452,angry,subject_01,subject_01_angry_session_01
23.536,-0.023868468100235466,angry,subject_01,subject_01_angry_session_01
23.54,-0.14884125121919303,angry,subject_01,subject_01_angry_session_01
23.544,-0.014620920976927633,angry,subject_01,subject_01_angry_session_01
23.548,0.11741614596384406,angry,subject_01,subject_01_angry_session_01
23.552,0.24444419061129893,angry,subject_01,subject_01_angry_session_01
23.556,0.16248049178865895,angry,subject_01,subject_01_angry_session_01
23.56,0.3128819821259756,angry,subject_01,subject_01_angry_session_01
23.564,0.47659416487796974,angry,subject_01,subject_01_angry_session_01
23.568,0.7197142947968845,angry,subject_01,subject_01_angry_session_01
23.572,0.7010198357320683,angry,subject_01,subject_01_angry_session_01
23.576,1.0603366582919167,angry,subject_01,subject_01_angry_session_01
23.58,0.9888372265042927,angry,subject_01,subject_01_angry_session_01
23.584,0.9970253009870503,angry,subject_01,subject_01_angry_session_01
23.588,1.0519991978331529,angry,subject_01,subject_01_angry_session_01
23.592,0.968927524421414,angry,subject_01,subject_01_angry_session_01
23.596,0.9380116758858811,angry,subject_01,subject_01_angry_session_01
23.6,0.6699613620562934,angry,subject_01,subject_01_angry_session_01
23.604,0.6110670245662094,angry,subject_01,subject_01_angry_session_01
23.608,0.4709393183039128,angry,subject_01,subject_01_angry_session_01
23.612,0.36038312866404054,angry,subject_01,subject_01_angry_session_01
23.616,0.17758455973160586,angry,subject_01,subject_01_angry_session_01
23.62,0.12048771576890566,angry,subject_01,subject_01_angry_session_01
23.624,-0.06730747159735981,angry,subject_01,subject_01_angry_session_01
23.628,-0.04135899898817318,angry,subject_01,subject_01_angry_session_01
23.632,-0.20780708255597116,angry,subject_01,subject_01_angry_session_01
23.636,-0.07375278835202168,angry,subject_01,subject_01_angry_session_01
23.64,-0.028667321021187422,angry,subject_01,subject_01_angry_session_01
23.644,-0.006509867894061654,angry,subject_01,subject_01_angry_session_01
23.648,-0.11478307858028539,angry,subject_01,subject_01_angry_session_01
23.652,-0.03220715183404389,angry,subject_01,subject_01_angry_session_01
23.656,-0.015425013008754826,angry,subject_01,subject_01_angry_session_01
23.66,-0.02001890857323196,angry,subject_01,subject_01_angry_session_01
23.664,0.053924432172878345,angry,subject_01,subject_01_angry_session_01
23.668,0.0014272487725609517,angry,subject_01,subject_01_angry_session_01
23.672,0.024195374335592035,angry,subject_01,subject_01_angry_session_01
23.676,-0.007288663052373277,angry,subject_01,subject_01_angry_session_01
23.68,0.09002089672110443,angry,subject_01,subject_01_angry_session_01
23.684,0.09878272254900505,angry,subject_01,subject_01_angry_session_01
23.688,0.01650898168459462,angry,subject_01,subject_01_angry_session_01
23.692,0.21092286851900174,angry,subject_01,subject_01_angry_session_01
23.696,-0.0009193049452323535,angry,subject_01,subject_01_angry_session_01
23.7,0.11098969390370919,angry,subject_01,subject_01_angry_session_01
23.704,-0.0007068674539935441,angry,subject_01,subject_01_angry_session_01
23.708,0.10883426276720365,angry,subject_01,subject_01_angry_session_01
23.712,0.11055196566171147,angry,subject_01,subject_01_angry_session_01
23.716,0.014837824327435273,angry,subject_01,subject_01_angry_session_01
23.72,0.07467707347493187,angry,subject_01,subject_01_angry_session_01
23.724,0.20181578746351753,angry,subject_01,subject_01_angry_session_01
23.728,0.04838169970120108,angry,subject_01,subject_01_angry_session_01
23.732,0.12907035135742564,angry,subject_01,subject_01_angry_session_01
23.736,0.1330131006795569,angry,subject_01,subject_01_angry_session_01
23.74,0.11845355177951199,angry,subject_01,subject_01_angry_session_01
23.744,0.025380589255671868,angry,subject_01,subject_01_angry_session_01
23.748,0.18734289877916682,angry,subject_01,subject_01_angry_session_01
23.752,0.1467833455207243,angry,subject_01,subject_01_angry_session_01
23.756,0.2208243783376287,angry,subject_01,subject_01_angry_session_01
23.76,0.17701268931090647,angry,subject_01,subject_01_angry_session_01
23.764,0.1754532204457186,angry,subject_01,subject_01_angry_session_01
23.768,0.2023360648005619,angry,subject_01,subject_01_angry_session_01
23.772,0.12900612436132786,angry,subject_01,subject_01_angry_session_01
23.776,0.28984896287687195,angry,subject_01,subject_01_angry_session_01
23.78,0.1817267596457987,angry,subject_01,subject_01_angry_session_01
23.784,0.1901258498879412,angry,subject_01,subject_01_angry_session_01
23.788,0.29673950099536517,angry,subject_01,subject_01_angry_session_01
23.792,0.24101556753788214,angry,subject_01,subject_01_angry_session_01
23.796,0.21857150568016354,angry,subject_01,subject_01_angry_session_01
23.8,0.2637431720839683,angry,subject_01,subject_01_angry_session_01
23.804,0.28216575395706467,angry,subject_01,subject_01_angry_session_01
23.808,0.2427057794072209,angry,subject_01,subject_01_angry_session_01
23.812,0.30982629723782484,angry,subject_01,subject_01_angry_session_01
23.816,0.182393996797255,angry,subject_01,subject_01_angry_session_01
23.82,0.27792249726495477,angry,subject_01,subject_01_angry_session_01
23.824,0.3132544567550654,angry,subject_01,subject_01_angry_session_01
23.828,0.30500664339604944,angry,subject_01,subject_01_angry_session_01
23.832,0.13513850611769881,angry,subject_01,subject_01_angry_session_01
23.836,0.2633630106069628,angry,subject_01,subject_01_angry_session_01
23.84,0.1989476995601589,angry,subject_01,subject_01_angry_session_01
23.844,0.3492682932495971,angry,subject_01,subject_01_angry_session_01
23.848,0.24854710508136,angry,subject_01,subject_01_angry_session_01
23.852,0.3419071057795837,angry,subject_01,subject_01_angry_session_01
23.856,0.197454311732499,angry,subject_01,subject_01_angry_session_01
23.86,0.2926287139057439,angry,subject_01,subject_01_angry_session_01
23.864,0.2680894076940672,angry,subject_01,subject_01_angry_session_01
23.868,0.4316385686576013,angry,subject_01,subject_01_angry_session_01
23.872,0.334457938313027,angry,subject_01,subject_01_angry_session_01
23.876,0.32845444695023995,angry,subject_01,subject_01_angry_session_01
23.88,0.3810202662506018,angry,subject_01,subject_01_angry_session_01
23.884,0.2740330992544454,angry,subject_01,subject_01_angry_session_01
23.888,0.2486421812468583,angry,subject_01,subject_01_angry_session_01
23.892,0.2393729191714454,angry,subject_01,subject_01_angry_session_01
23.896,0.2693970069237643,angry,subject_01,subject_01_angry_session_01
23.9,0.08103072129171007,angry,subject_01,subject_01_angry_session_01
23.904,0.2448375539904471,angry,subject_01,subject_01_angry_session_01
23.908,0.2556878947898346,angry,subject_01,subject_01_angry_session_01
23.912,0.2299972153338761,angry,subject_01,subject_01_angry_session_01
23.916,0.14460165302440472,angry,subject_01,subject_01_angry_session_01
23.92,0.22436205415769744,angry,subject_01,subject_01_angry_session_01
23.924,0.13795904688812533,angry,subject_01,subject_01_angry_session_01
23.928,0.332710904346366,angry,subject_01,subject_01_angry_session_01
23.932,0.20676931055219308,angry,subject_01,subject_01_angry_session_01
23.936,0.09394277654365443,angry,subject_01,subject_01_angry_session_01
23.94,0.20033572329129268,angry,subject_01,subject_01_angry_session_01
23.944,0.26096523653042614,angry,subject_01,subject_01_angry_session_01
23.948,0.21179378310954936,angry,subject_01,subject_01_angry_session_01
23.952,0.13985151861411166,angry,subject_01,subject_01_angry_session_01
23.956,0.1469160735242373,angry,subject_01,subject_01_angry_session_01
23.96,0.1628262700175358,angry,subject_01,subject_01_angry_session_01
23.964,0.14562045954300287,angry,subject_01,subject_01_angry_session_01
23.968,0.08797967763246783,angry,subject_01,subject_01_angry_session_01
23.972,0.15070723389019894,angry,subject_01,subject_01_angry_session_01
23.976,0.06568094975645966,angry,subject_01,subject_01_angry_session_01
23.98,0.19340642171243963,angry,subject_01,subject_01_angry_session_01
23.984,0.1913951674794094,angry,subject_01,subject_01_angry_session_01
23.988,0.05760076125628301,angry,subject_01,subject_01_angry_session_01
23.992,0.0655456839880281,angry,subject_01,subject_01_angry_session_01
23.996,0.0740932373990462,angry,subject_01,subject_01_angry_session_01
24.0,0.08876918425428831,angry,subject_01,subject_01_angry_session_01
24.004,0.09758950331560737,angry,subject_01,subject_01_angry_session_01
24.008,0.10187502411000485,angry,subject_01,subject_01_angry_session_01
24.012,0.09283565268873395,angry,subject_01,subject_01_angry_session_01
24.016,0.1525327184562255,angry,subject_01,subject_01_angry_session_01
24.02,0.056287841117186654,angry,subject_01,subject_01_angry_session_01
24.024,-0.03158375148251311,angry,subject_01,subject_01_angry_session_01
24.028,-0.055546494654308394,angry,subject_01,subject_01_angry_session_01
24.032,0.13412714081471175,angry,subject_01,subject_01_angry_session_01
24.036,0.062058492116879846,angry,subject_01,subject_01_angry_session_01
24.04,0.03986914981596606,angry,subject_01,subject_01_angry_session_01
24.044,0.05090326074336779,angry,subject_01,subject_01_angry_session_01
24.048,0.030506527316006518,angry,subject_01,subject_01_angry_session_01
24.052,0.04422331034290691,angry,subject_01,subject_01_angry_session_01
24.056,-0.0064031717462340355,angry,subject_01,subject_01_angry_session_01
24.06,0.0773269139920945,angry,subject_01,subject_01_angry_session_01
24.064,-0.019106691555355042,angry,subject_01,subject_01_angry_session_01
24.068,-0.04317175121197904,angry,subject_01,subject_01_angry_session_01
24.072,-0.0915597045109553,angry,subject_01,subject_01_angry_session_01
24.076,-0.005353313709488413,angry,subject_01,subject_01_angry_session_01
24.08,0.0839970531023209,angry,subject_01,subject_01_angry_session_01
24.084,-0.020692698044881948,angry,subject_01,subject_01_angry_session_01
24.088,-0.07779005063765639,angry,subject_01,subject_01_angry_session_01
24.092,0.0191458071257774,angry,subject_01,subject_01_angry_session_01
24.096,-0.040950870087815255,angry,subject_01,subject_01_angry_session_01
24.1,0.08708937808142264,angry,subject_01,subject_01_angry_session_01
24.104,0.05791510551751848,angry,subject_01,subject_01_angry_session_01
24.108,-0.07469315444464572,angry,subject_01,subject_01_angry_session_01
24.112,0.015895494027452682,angry,subject_01,subject_01_angry_session_01
24.116,0.030485156653728772,angry,subject_01,subject_01_angry_session_01
24.12,0.08614785035665969,angry,subject_01,subject_01_angry_session_01
24.124,0.2641991333922874,angry,subject_01,subject_01_angry_session_01
24.128,0.4559501258462321,angry,subject_01,subject_01_angry_session_01
24.132,0.5592194674879368,angry,subject_01,subject_01_angry_session_01
24.136,0.6947536629548294,angry,subject_01,subject_01_angry_session_01
24.14,0.7432398611179944,angry,subject_01,subject_01_angry_session_01
24.144,0.9573428416553629,angry,subject_01,subject_01_angry_session_01
24.148,1.1091893331050506,angry,subject_01,subject_01_angry_session_01
24.152,1.0210537574181089,angry,subject_01,subject_01_angry_session_01
24.156,1.1465905209602483,angry,subject_01,subject_01_angry_session_01
24.16,0.948394715329175,angry,subject_01,subject_01_angry_session_01
24.164,0.8644596369234098,angry,subject_01,subject_01_angry_session_01
24.168,0.6689786223557401,angry,subject_01,subject_01_angry_session_01
24.172,0.45069891156695807,angry,subject_01,subject_01_angry_session_01
24.176,0.38175319174977296,angry,subject_01,subject_01_angry_session_01
24.18,0.17402192681769627,angry,subject_01,subject_01_angry_session_01
24.184,0.045204115206508536,angry,subject_01,subject_01_angry_session_01
24.188,-0.12689954191419317,angry,subject_01,subject_01_angry_session_01
24.192,0.04824280261944789,angry,subject_01,subject_01_angry_session_01
24.196,-0.047092931648968446,angry,subject_01,subject_01_angry_session_01
24.2,0.020977751571993664,angry,subject_01,subject_01_angry_session_01
24.204,0.0047142679421097525,angry,subject_01,subject_01_angry_session_01
24.208,0.05056116470535084,angry,subject_01,subject_01_angry_session_01
24.212,-0.03385041908891835,angry,subject_01,subject_01_angry_session_01
24.216,-0.06950232972289985,angry,subject_01,subject_01_angry_session_01
24.22,0.06815572539887088,angry,subject_01,subject_01_angry_session_01
24.224,0.03709680774847328,angry,subject_01,subject_01_angry_session_01
24.228,0.006453379858093421,angry,subject_01,subject_01_angry_session_01
24.232,0.08321677532189697,angry,subject_01,subject_01_angry_session_01
24.236,0.06099349550483328,angry,subject_01,subject_01_angry_session_01
24.24,0.08466389805438514,angry,subject_01,subject_01_angry_session_01
24.244,-0.011045668467035252,angry,subject_01,subject_01_angry_session_01
24.248,0.1131599248508557,angry,subject_01,subject_01_angry_session_01
24.252,0.05870403237791827,angry,subject_01,subject_01_angry_session_01
24.256,0.1288451530163346,angry,subject_01,subject_01_angry_session_01
24.26,0.12692004710277038,angry,subject_01,subject_01_angry_session_01
24.264,0.11537954888742677,angry,subject_01,subject_01_angry_session_01
24.268,0.07321693797240521,angry,subject_01,subject_01_angry_session_01
24.272,0.12844605945167678,angry,subject_01,subject_01_angry_session_01
24.276,0.15880694445641816,angry,subject_01,subject_01_angry_session_01
24.28,0.13514544963266548,angry,subject_01,subject_01_angry_session_01
24.284,0.11776315216222216,angry,subject_01,subject_01_angry_session_01
24.288,0.15545567744541433,angry,subject_01,subject_01_angry_session_01
24.292,0.08859587788407401,angry,subject_01,subject_01_angry_session_01
24.296,0.21860811328412583,angry,subject_01,subject_01_angry_session_01
24.3,0.03470494052172357,angry,subject_01,subject_01_angry_session_01
24.304,0.145714741501259,angry,subject_01,subject_01_angry_session_01
24.308,0.12749104470807787,angry,subject_01,subject_01_angry_session_01
24.312,0.12172369542013167,angry,subject_01,subject_01_angry_session_01
24.316,0.18691429802483583,angry,subject_01,subject_01_angry_session_01
24.32,0.10955926977928516,angry,subject_01,subject_01_angry_session_01
24.324,0.31470977786079424,angry,subject_01,subject_01_angry_session_01
24.328,0.11295305403845717,angry,subject_01,subject_01_angry_session_01
24.332,0.1454252765812346,angry,subject_01,subject_01_angry_session_01
24.336,0.14807433238539094,angry,subject_01,subject_01_angry_session_01
24.34,0.23088588550968522,angry,subject_01,subject_01_angry_session_01
24.344,0.2878101475806793,angry,subject_01,subject_01_angry_session_01
24.348,0.26621456556020856,angry,subject_01,subject_01_angry_session_01
24.352,0.33042156344419804,angry,subject_01,subject_01_angry_session_01
24.356,0.19953790989833836,angry,subject_01,subject_01_angry_session_01
24.36,0.29541482870126745,angry,subject_01,subject_01_angry_session_01
24.364,0.2439820360478276,angry,subject_01,subject_01_angry_session_01
24.368,0.28173041818660405,angry,subject_01,subject_01_angry_session_01
24.372,0.3399353910033019,angry,subject_01,subject_01_angry_session_01
24.376,0.1767359748660056,angry,subject_01,subject_01_angry_session_01
24.38,0.40205692517538855,angry,subject_01,subject_01_angry_session_01
24.384,0.27765568039681576,angry,subject_01,subject_01_angry_session_01
24.388,0.19318562249527393,angry,subject_01,subject_01_angry_session_01
24.392,0.25066039224843406,angry,subject_01,subject_01_angry_session_01
24.396,0.30045543881508907,angry,subject_01,subject_01_angry_session_01
24.4,0.25426632936046817,angry,subject_01,subject_01_angry_session_01
24.404,0.17397601874461835,angry,subject_01,subject_01_angry_session_01
24.408,0.30314511628611324,angry,subject_01,subject_01_angry_session_01
24.412,0.25403907431403216,angry,subject_01,subject_01_angry_session_01
24.416,0.335974912782223,angry,subject_01,subject_01_angry_session_01
24.42,0.23196264200984737,angry,subject_01,subject_01_angry_session_01
24.424,0.43055916523566784,angry,subject_01,subject_01_angry_session_01
24.428,0.3241766539962835,angry,subject_01,subject_01_angry_session_01
24.432,0.3033970985890817,angry,subject_01,subject_01_angry_session_01
24.436,0.3269948338464919,angry,subject_01,subject_01_angry_session_01
24.44,0.1781683363984487,angry,subject_01,subject_01_angry_session_01
24.444,0.25536896855286434,angry,subject_01,subject_01_angry_session_01
24.448,0.38980702371184633,angry,subject_01,subject_01_angry_session_01
24.452,0.2611977803454244,angry,subject_01,subject_01_angry_session_01
24.456,0.2741765415404372,angry,subject_01,subject_01_angry_session_01
24.46,0.24746650300414244,angry,subject_01,subject_01_angry_session_01
24.464,0.3608061663093879,angry,subject_01,subject_01_angry_session_01
24.468,0.2556933071009139,angry,subject_01,subject_01_angry_session_01
24.472,0.19263009466448194,angry,subject_01,subject_01_angry_session_01
24.476,0.4197376178965435,angry,subject_01,subject_01_angry_session_01
24.48,0.17963300909707025,angry,subject_01,subject_01_angry_session_01
24.484,0.2532249327807926,angry,subject_01,subject_01_angry_session_01
24.488,0.205246566474322,angry,subject_01,subject_01_angry_session_01
24.492,0.21004100827969502,angry,subject_01,subject_01_angry_session_01
24.496,0.18457011505965504,angry,subject_01,subject_01_angry_session_01
24.5,0.21137093018110115,angry,subject_01,subject_01_angry_session_01
24.504,0.297963941131132,angry,subject_01,subject_01_angry_session_01
24.508,0.11945815308161829,angry,subject_01,subject_01_angry_session_01
24.512,0.3033593656711945,angry,subject_01,subject_01_angry_session_01
24.516,0.2866143009274424,angry,subject_01,subject_01_angry_session_01
24.52,0.24492185248475268,angry,subject_01,subject_01_angry_session_01
24.524,0.21450264329533103,angry,subject_01,subject_01_angry_session_01
24.528,0.21560436973252312,angry,subject_01,subject_01_angry_session_01
24.532,0.2760517876509211,angry,subject_01,subject_01_angry_session_01
24.536,0.07716965913156743,angry,subject_01,subject_01_angry_session_01
24.54,0.21652515543842088,angry,subject_01,subject_01_angry_session_01
24.544,0.11887146658165966,angry,subject_01,subject_01_angry_session_01
24.548,0.20381153897207588,angry,subject_01,subject_01_angry_session_01
24.552,0.10803772320859895,angry,subject_01,subject_01_angry_session_01
24.556,0.1779067867872123,angry,subject_01,subject_01_angry_session_01
24.56,0.03336925527345201,angry,subject_01,subject_01_angry_session_01
24.564,0.015734735727601784,angry,subject_01,subject_01_angry_session_01
24.568,0.10181975294329053,angry,subject_01,subject_01_angry_session_01
24.572,0.18642070011498735,angry,subject_01,subject_01_angry_session_01
24.576,0.12457906730319755,angry,subject_01,subject_01_angry_session_01
24.58,0.11673492255028654,angry,subject_01,subject_01_angry_session_01
24.584,0.1296920187846511,angry,subject_01,subject_01_angry_session_01
24.588,0.04788196505853273,angry,subject_01,subject_01_angry_session_01
24.592,0.10250373330630089,angry,subject_01,subject_01_angry_session_01
24.596,0.02577462320557424,angry,subject_01,subject_01_angry_session_01
24.6,0.036938838481055905,angry,subject_01,subject_01_angry_session_01
24.604,0.04012466632755596,angry,subject_01,subject_01_angry_session_01
24.608,0.015007178463734325,angry,subject_01,subject_01_angry_session_01
24.612,0.0404574101642867,angry,subject_01,subject_01_angry_session_01
24.616,0.026254468825262098,angry,subject_01,subject_01_angry_session_01
24.62,-0.0034332124697562666,angry,subject_01,subject_01_angry_session_01
24.624,0.02844488870912681,angry,subject_01,subject_01_angry_session_01
24.628,0.04437111906679618,angry,subject_01,subject_01_angry_session_01
24.632,-0.03247878731455562,angry,subject_01,subject_01_angry_session_01
24.636,0.05726161806719988,angry,subject_01,subject_01_angry_session_01
24.64,0.001479764750409028,angry,subject_01,subject_01_angry_session_01
24.644,0.041958556471584946,angry,subject_01,subject_01_angry_session_01
24.648,-0.011008850823711419,angry,subject_01,subject_01_angry_session_01
24.652,0.09031648276362891,angry,subject_01,subject_01_angry_session_01
24.656,0.08213219705206046,angry,subject_01,subject_01_angry_session_01
24.66,-0.04186898997564685,angry,subject_01,subject_01_angry_session_01
24.664,0.04833377614827556,angry,subject_01,subject_01_angry_session_01
24.668,0.10102659782437606,angry,subject_01,subject_01_angry_session_01
24.672,-0.038823524267406796,angry,subject_01,subject_01_angry_session_01
24.676,-0.016723102360187404,angry,subject_01,subject_01_angry_session_01
24.68,0.11862088107323984,angry,subject_01,subject_01_angry_session_01
24.684,0.06391186692204075,angry,subject_01,subject_01_angry_session_01
24.688,0.1954538004737082,angry,subject_01,subject_01_angry_session_01
24.692,0.3108038764474224,angry,subject_01,subject_01_angry_session_01
24.696,0.5682768468175057,angry,subject_01,subject_01_angry_session_01
24.7,0.6435335230693918,angry,subject_01,subject_01_angry_session_01
24.704,0.82422391392868,angry,subject_01,subject_01_angry_session_01
24.708,0.9306097439437826,angry,subject_01,subject_01_angry_session_01
24.712,1.1409578247635275,angry,subject_01,subject_01_angry_session_01
24.716,1.067038359729655,angry,subject_01,subject_01_angry_session_01
24.72,1.0240146699019128,angry,subject_01,subject_01_angry_session_01
24.724,0.9551891797582013,angry,subject_01,subject_01_angry_session_01
24.728,0.9682871723290915,angry,subject_01,subject_01_angry_session_01
24.732,0.8217850125982804,angry,subject_01,subject_01_angry_session_01
24.736,0.6813400916840562,angry,subject_01,subject_01_angry_session_01
24.74,0.36060699053192247,angry,subject_01,subject_01_angry_session_01
24.744,0.2675521077748879,angry,subject_01,subject_01_angry_session_01
24.748,0.29968468544499155,angry,subject_01,subject_01_angry_session_01
24.752,0.04272391414440373,angry,subject_01,subject_01_angry_session_01
24.756,-0.031082589559429347,angry,subject_01,subject_01_angry_session_01
24.76,-0.025966655628268564,angry,subject_01,subject_01_angry_session_01
24.764,0.0026254317733259494,angry,subject_01,subject_01_angry_session_01
24.768,0.011245064329748398,angry,subject_01,subject_01_angry_session_01
24.772,-0.04059674263443297,angry,subject_01,subject_01_angry_session_01
24.776,-0.022424372009197377,angry,subject_01,subject_01_angry_session_01
24.78,0.008874183031869202,angry,subject_01,subject_01_angry_session_01
24.784,-0.006493447130640359,angry,subject_01,subject_01_angry_session_01
24.788,-0.02909054152525111,angry,subject_01,subject_01_angry_session_01
24.792,0.15906346630510104,angry,subject_01,subject_01_angry_session_01
24.796,0.03054741793916912,angry,subject_01,subject_01_angry_session_01
24.8,0.03777170153580404,angry,subject_01,subject_01_angry_session_01
24.804,0.043328404883507476,angry,subject_01,subject_01_angry_session_01
24.808,0.06142429173967824,angry,subject_01,subject_01_angry_session_01
24.812,0.09633028964020818,angry,subject_01,subject_01_angry_session_01
24.816,0.04658479723362127,angry,subject_01,subject_01_angry_session_01
24.82,0.14739520964571318,angry,subject_01,subject_01_angry_session_01
24.824,0.11973819383401356,angry,subject_01,subject_01_angry_session_01
24.828,0.07755365740792278,angry,subject_01,subject_01_angry_session_01
24.832,0.05447707299828996,angry,subject_01,subject_01_angry_session_01
24.836,0.16529506867615362,angry,subject_01,subject_01_angry_session_01
24.84,0.09652697584231142,angry,subject_01,subject_01_angry_session_01
24.844,0.038030470607224545,angry,subject_01,subject_01_angry_session_01
24.848,0.18049297441269851,angry,subject_01,subject_01_angry_session_01
24.852,0.08255905701894223,angry,subject_01,subject_01_angry_session_01
24.856,0.18542012314483317,angry,subject_01,subject_01_angry_session_01
24.86,-0.010130586967917993,angry,subject_01,subject_01_angry_session_01
24.864,0.12624447478109324,angry,subject_01,subject_01_angry_session_01
24.868,0.2258005542914457,angry,subject_01,subject_01_angry_session_01
24.872,0.16452092988701505,angry,subject_01,subject_01_angry_session_01
24.876,0.20825421086108115,angry,subject_01,subject_01_angry_session_01
24.88,0.12651261925883994,angry,subject_01,subject_01_angry_session_01
24.884,0.20982676663132743,angry,subject_01,subject_01_angry_session_01
24.888,0.197560937218381,angry,subject_01,subject_01_angry_session_01
24.892,0.22030204996256492,angry,subject_01,subject_01_angry_session_01
24.896,0.3363774474434258,angry,subject_01,subject_01_angry_session_01
24.9,0.3005231724133888,angry,subject_01,subject_01_angry_session_01
24.904,0.27785797466670503,angry,subject_01,subject_01_angry_session_01
24.908,0.28652385294430394,angry,subject_01,subject_01_angry_session_01
24.912,0.19137763105528963,angry,subject_01,subject_01_angry_session_01
24.916,0.22506010335108417,angry,subject_01,subject_01_angry_session_01
24.92,0.1684680731476178,angry,subject_01,subject_01_angry_session_01
24.924,0.19097658212119478,angry,subject_01,subject_01_angry_session_01
24.928,0.2202876364938125,angry,subject_01,subject_01_angry_session_01
24.932,0.2776219897505269,angry,subject_01,subject_01_angry_session_01
24.936,0.21128680421748636,angry,subject_01,subject_01_angry_session_01
24.94,0.2873535432326361,angry,subject_01,subject_01_angry_session_01
24.944,0.2848523920154293,angry,subject_01,subject_01_angry_session_01
24.948,0.2298857335329389,angry,subject_01,subject_01_angry_session_01
24.952,0.39276179931945354,angry,subject_01,subject_01_angry_session_01
24.956,0.2244774154572719,angry,subject_01,subject_01_angry_session_01
24.96,0.37314629630116924,angry,subject_01,subject_01_angry_session_01
24.964,0.17245083737169503,angry,subject_01,subject_01_angry_session_01
24.968,0.300231146631224,angry,subject_01,subject_01_angry_session_01
24.972,0.2374438583024399,angry,subject_01,subject_01_angry_session_01
24.976,0.27007677433148064,angry,subject_01,subject_01_angry_session_01
24.98,0.41753668552929163,angry,subject_01,subject_01_angry_session_01
24.984,0.2872728929662343,angry,subject_01,subject_01_angry_session_01
24.988,0.2406056142254339,angry,subject_01,subject_01_angry_session_01
24.992,0.3345953868256609,angry,subject_01,subject_01_angry_session_01
24.996,0.2821709734124412,angry,subject_01,subject_01_angry_session_01
25.0,0.3105058719516796,angry,subject_01,subject_01_angry_session_01
25.004,0.24435910965253438,angry,subject_01,subject_01_angry_session_01
25.008,0.2449365645450032,angry,subject_01,subject_01_angry_session_01
25.012,0.24711039309242455,angry,subject_01,subject_01_angry_session_01
25.016,0.33972919346375074,angry,subject_01,subject_01_angry_session_01
25.02,0.27561896892746024,angry,subject_01,subject_01_angry_session_01
25.024,0.22370588522686596,angry,subject_01,subject_01_angry_session_01
25.028,0.29365360843500143,angry,subject_01,subject_01_angry_session_01
25.032,0.2860182487236714,angry,subject_01,subject_01_angry_session_01
25.036,0.3129135915355219,angry,subject_01,subject_01_angry_session_01
25.04,0.24675046256833158,angry,subject_01,subject_01_angry_session_01
25.044,0.2680393052048926,angry,subject_01,subject_01_angry_session_01
25.048,0.29485622232864533,angry,subject_01,subject_01_angry_session_01
25.052,0.20563018379455633,angry,subject_01,subject_01_angry_session_01
25.056,0.31571833016582496,angry,subject_01,subject_01_angry_session_01
25.06,0.2595461236972246,angry,subject_01,subject_01_angry_session_01
25.064,0.18811983235973184,angry,subject_01,subject_01_angry_session_01
25.068,0.1828538143626629,angry,subject_01,subject_01_angry_session_01
25.072,0.2380902800968664,angry,subject_01,subject_01_angry_session_01
25.076,0.20522185712935725,angry,subject_01,subject_01_angry_session_01
25.08,0.2771616115131215,angry,subject_01,subject_01_angry_session_01
25.084,0.20779523427765562,angry,subject_01,subject_01_angry_session_01
25.088,0.2357755656832315,angry,subject_01,subject_01_angry_session_01
25.092,0.15877265655593165,angry,subject_01,subject_01_angry_session_01
25.096,0.19995451785748394,angry,subject_01,subject_01_angry_session_01
25.1,0.27151437372848725,angry,subject_01,subject_01_angry_session_01
25.104,0.1746146249992235,angry,subject_01,subject_01_angry_session_01
25.108,0.14099527805800618,angry,subject_01,subject_01_angry_session_01
25.112,0.11285220808752792,angry,subject_01,subject_01_angry_session_01
25.116,0.15398856380403028,angry,subject_01,subject_01_angry_session_01
25.12,0.2301267302254632,angry,subject_01,subject_01_angry_session_01
25.124,0.05431441507821119,angry,subject_01,subject_01_angry_session_01
25.128,0.1238927275435497,angry,subject_01,subject_01_angry_session_01
25.132,0.015088360344105031,angry,subject_01,subject_01_angry_session_01
25.136,0.08467450607966552,angry,subject_01,subject_01_angry_session_01
25.14,0.11685236852695927,angry,subject_01,subject_01_angry_session_01
25.144,-0.0014930417786383071,angry,subject_01,subject_01_angry_session_01
25.148,0.05937891607396438,angry,subject_01,subject_01_angry_session_01
25.152,0.09675745276060708,angry,subject_01,subject_01_angry_session_01
25.156,0.08098862116425216,angry,subject_01,subject_01_angry_session_01
25.16,0.08779084394875004,angry,subject_01,subject_01_angry_session_01
25.164,0.003843498233460106,angry,subject_01,subject_01_angry_session_01
25.168,0.07511014992831241,angry,subject_01,subject_01_angry_session_01
25.172,0.017584470917575604,angry,subject_01,subject_01_angry_session_01
25.176,0.09277773459638913,angry,subject_01,subject_01_angry_session_01
25.18,-0.09191364869378718,angry,subject_01,subject_01_angry_session_01
25.184,0.026542774580756306,angry,subject_01,subject_01_angry_session_01
25.188,0.047414907211167784,angry,subject_01,subject_01_angry_session_01
25.192,0.12034444535240799,angry,subject_01,subject_01_angry_session_01
25.196,0.042780121649744006,angry,subject_01,subject_01_angry_session_01
25.2,0.04732283000318056,angry,subject_01,subject_01_angry_session_01
25.204,0.057219179323861044,angry,subject_01,subject_01_angry_session_01
25.208,0.10866708559951413,angry,subject_01,subject_01_angry_session_01
25.212,0.009329092460588408,angry,subject_01,subject_01_angry_session_01
25.216,-0.05350034327637668,angry,subject_01,subject_01_angry_session_01
25.22,-0.06727789093976783,angry,subject_01,subject_01_angry_session_01
25.224,0.06484826304262908,angry,subject_01,subject_01_angry_session_01
25.228,0.03403785857883157,angry,subject_01,subject_01_angry_session_01
25.232,0.0014678361739490116,angry,subject_01,subject_01_angry_session_01
25.236,-0.017824949079140905,angry,subject_01,subject_01_angry_session_01
25.24,0.03926758676334686,angry,subject_01,subject_01_angry_session_01
25.244,0.07070617245863835,angry,subject_01,subject_01_angry_session_01
25.248,0.14300359975645485,angry,subject_01,subject_01_angry_session_01
25.252,0.1350691384242142,angry,subject_01,subject_01_angry_session_01
25.256,0.21440251159987594,angry,subject_01,subject_01_angry_session_01
25.26,0.40981252122860246,angry,subject_01,subject_01_angry_session_01
25.264,0.5429505507880191,angry,subject_01,subject_01_angry_session_01
25.268,0.6999018951708366,angry,subject_01,subject_01_angry_session_01
25.272,1.0226421581317393,angry,subject_01,subject_01_angry_session_01
25.276,0.904852169813846,angry,subject_01,subject_01_angry_session_01
25.28,1.1356261634254257,angry,subject_01,subject_01_angry_session_01
25.284,1.1735246045638432,angry,subject_01,subject_01_angry_session_01
25.288,1.1326705885058326,angry,subject_01,subject_01_angry_session_01
25.292,0.9918786544669854,angry,subject_01,subject_01_angry_session_01
25.296,0.9151088236236463,angry,subject_01,subject_01_angry_session_01
25.3,0.7783116386071116,angry,subject_01,subject_01_angry_session_01
25.304,0.4810940230312647,angry,subject_01,subject_01_angry_session_01
25.308,0.36355085532449066,angry,subject_01,subject_01_angry_session_01
25.312,0.27413897818400557,angry,subject_01,subject_01_angry_session_01
25.316,0.0390854258089242,angry,subject_01,subject_01_angry_session_01
25.32,0.004714914556072992,angry,subject_01,subject_01_angry_session_01
25.324,-0.0566534139675063,angry,subject_01,subject_01_angry_session_01
25.328,-0.0037830280723595705,angry,subject_01,subject_01_angry_session_01
25.332,-0.14021040650191854,angry,subject_01,subject_01_angry_session_01
25.336,0.07397167540810995,angry,subject_01,subject_01_angry_session_01
25.34,0.036315976779361055,angry,subject_01,subject_01_angry_session_01
25.344,0.0546358143851098,angry,subject_01,subject_01_angry_session_01
25.348,-0.11079364237559088,angry,subject_01,subject_01_angry_session_01
25.352,-0.022840527150174518,angry,subject_01,subject_01_angry_session_01
25.356,0.13511239576699807,angry,subject_01,subject_01_angry_session_01
25.36,0.039626417610187224,angry,subject_01,subject_01_angry_session_01
25.364,-0.04936134680121155,angry,subject_01,subject_01_angry_session_01
25.368,0.07092272792760708,angry,subject_01,subject_01_angry_session_01
25.372,0.10194155609460102,angry,subject_01,subject_01_angry_session_01
25.376,0.09682297304073789,angry,subject_01,subject_01_angry_session_01
25.38,0.05989685826642753,angry,subject_01,subject_01_angry_session_01
25.384,0.14132183722780628,angry,subject_01,subject_01_angry_session_01
25.388,0.03562843775099973,angry,subject_01,subject_01_angry_session_01
25.392,0.1150172600836912,angry,subject_01,subject_01_angry_session_01
25.396,0.0958806652882338,angry,subject_01,subject_01_angry_session_01
25.4,0.08526753144340038,angry,subject_01,subject_01_angry_session_01
25.404,0.07628936934257553,angry,subject_01,subject_01_angry_session_01
25.408,0.08448878447519155,angry,subject_01,subject_01_angry_session_01
25.412,0.11340597699619961,angry,subject_01,subject_01_angry_session_01
25.416,0.10055497811488698,angry,subject_01,subject_01_angry_session_01
25.42,0.16901760714239364,angry,subject_01,subject_01_angry_session_01
25.424,0.1000408450431458,angry,subject_01,subject_01_angry_session_01
25.428,0.23369582535503702,angry,subject_01,subject_01_angry_session_01
25.432,0.11236582145549345,angry,subject_01,subject_01_angry_session_01
25.436,0.2102016782607344,angry,subject_01,subject_01_angry_session_01
25.44,0.22073515418844797,angry,subject_01,subject_01_angry_session_01
25.444,0.18096169879250323,angry,subject_01,subject_01_angry_session_01
25.448,0.18377119552461443,angry,subject_01,subject_01_angry_session_01
25.452,0.14363367932129234,angry,subject_01,subject_01_angry_session_01
25.456,0.1645643144705684,angry,subject_01,subject_01_angry_session_01
25.46,0.21696159441392351,angry,subject_01,subject_01_angry_session_01
25.464,0.20917809029212794,angry,subject_01,subject_01_angry_session_01
25.468,0.2908639139166175,angry,subject_01,subject_01_angry_session_01
25.472,0.20043160295769508,angry,subject_01,subject_01_angry_session_01
25.476,0.21168092346823306,angry,subject_01,subject_01_angry_session_01
25.48,0.142802837582291,angry,subject_01,subject_01_angry_session_01
25.484,0.288359526226895,angry,subject_01,subject_01_angry_session_01
25.488,0.28965809515901003,angry,subject_01,subject_01_angry_session_01
25.492,0.3214216115498644,angry,subject_01,subject_01_angry_session_01
25.496,0.3307106266039618,angry,subject_01,subject_01_angry_session_01
25.5,0.3214897893830092,angry,subject_01,subject_01_angry_session_01
25.504,0.32897809925125776,angry,subject_01,subject_01_angry_session_01
25.508,0.3201564887180306,angry,subject_01,subject_01_angry_session_01
25.512,0.33330101399877293,angry,subject_01,subject_01_angry_session_01
25.516,0.1802871859431753,angry,subject_01,subject_01_angry_session_01
25.52,0.22760424798157375,angry,subject_01,subject_01_angry_session_01
25.524,0.22002179038219088,angry,subject_01,subject_01_angry_session_01
25.528,0.3736850753346123,angry,subject_01,subject_01_angry_session_01
25.532,0.2516095831825474,angry,subject_01,subject_01_angry_session_01
25.536,0.26179781342554237,angry,subject_01,subject_01_angry_session_01
25.54,0.2996468313999441,angry,subject_01,subject_01_angry_session_01
25.544,0.22423184217806302,angry,subject_01,subject_01_angry_session_01
25.548,0.3208554568626261,angry,subject_01,subject_01_angry_session_01
25.552,0.1689768294915742,angry,subject_01,subject_01_angry_session_01
25.556,0.22458164645053627,angry,subject_01,subject_01_angry_session_01
25.56,0.3052923886918741,angry,subject_01,subject_01_angry_session_01
25.564,0.21674827667167673,angry,subject_01,subject_01_angry_session_01
25.568,0.36687501004849343,angry,subject_01,subject_01_angry_session_01
25.572,0.2892308797830921,angry,subject_01,subject_01_angry_session_01
25.576,0.3517891795606358,angry,subject_01,subject_01_angry_session_01
25.58,0.3026703759727173,angry,subject_01,subject_01_angry_session_01
25.584,0.2777562409716712,angry,subject_01,subject_01_angry_session_01
25.588,0.21591863405209683,angry,subject_01,subject_01_angry_session_01
25.592,0.3286722889196706,angry,subject_01,subject_01_angry_session_01
25.596,0.2965769203199465,angry,subject_01,subject_01_angry_session_01
25.6,0.3923106264944623,angry,subject_01,subject_01_angry_session_01
25.604,0.31399205728482193,angry,subject_01,subject_01_angry_session_01
25.608,0.23739054567536924,angry,subject_01,subject_01_angry_session_01
25.612,0.27539280232074187,angry,subject_01,subject_01_angry_session_01
25.616,0.2799437108185879,angry,subject_01,subject_01_angry_session_01
25.62,0.3207207330136427,angry,subject_01,subject_01_angry_session_01
25.624,0.3262662152859462,angry,subject_01,subject_01_angry_session_01
25.628,0.2328736073953828,angry,subject_01,subject_01_angry_session_01
25.632,0.1648748408128487,angry,subject_01,subject_01_angry_session_01
25.636,0.12132126882109737,angry,subject_01,subject_01_angry_session_01
25.64,0.15842095573534215,angry,subject_01,subject_01_angry_session_01
25.644,0.18500389188299488,angry,subject_01,subject_01_angry_session_01
25.648,0.30395251515071153,angry,subject_01,subject_01_angry_session_01
25.652,0.29751609325043915,angry,subject_01,subject_01_angry_session_01
25.656,0.2561017593681151,angry,subject_01,subject_01_angry_session_01
25.66,0.2639923499018981,angry,subject_01,subject_01_angry_session_01
25.664,0.13898224719667956,angry,subject_01,subject_01_angry_session_01
25.668,0.08140956800746732,angry,subject_01,subject_01_angry_session_01
25.672,0.10255985140926899,angry,subject_01,subject_01_angry_session_01
25.676,0.031289256977537455,angry,subject_01,subject_01_angry_session_01
25.68,0.0768606115184892,angry,subject_01,subject_01_angry_session_01
25.684,0.10364503947544165,angry,subject_01,subject_01_angry_session_01
25.688,0.13438369559338492,angry,subject_01,subject_01_angry_session_01
25.692,0.12305238460602583,angry,subject_01,subject_01_angry_session_01
25.696,0.06433656518417995,angry,subject_01,subject_01_angry_session_01
25.7,0.13096238573865415,angry,subject_01,subject_01_angry_session_01
25.704,0.0480957684774826,angry,subject_01,subject_01_angry_session_01
25.708,0.0808614305538568,angry,subject_01,subject_01_angry_session_01
25.712,0.006078789067898216,angry,subject_01,subject_01_angry_session_01
25.716,0.13092962503578337,angry,subject_01,subject_01_angry_session_01
25.72,0.06032322200338611,angry,subject_01,subject_01_angry_session_01
25.724,0.09380560834123094,angry,subject_01,subject_01_angry_session_01
25.728,-0.02535557990473388,angry,subject_01,subject_01_angry_session_01
25.732,0.05314692006142256,angry,subject_01,subject_01_angry_session_01
25.736,0.07259343761712009,angry,subject_01,subject_01_angry_session_01
25.74,-0.08832537312372038,angry,subject_01,subject_01_angry_session_01
25.744,0.10089716864270644,angry,subject_01,subject_01_angry_session_01
25.748,-0.04723113461726722,angry,subject_01,subject_01_angry_session_01
25.752,0.03769464161042531,angry,subject_01,subject_01_angry_session_01
25.756,0.12995667962178256,angry,subject_01,subject_01_angry_session_01
25.76,0.07795446024985592,angry,subject_01,subject_01_angry_session_01
25.764,-0.07049487195595035,angry,subject_01,subject_01_angry_session_01
25.768,0.006692788283497028,angry,subject_01,subject_01_angry_session_01
25.772,0.09002063804485758,angry,subject_01,subject_01_angry_session_01
25.776,-0.034309056448813234,angry,subject_01,subject_01_angry_session_01
25.78,-0.008403389239287462,angry,subject_01,subject_01_angry_session_01
25.784,-0.012156295674560866,angry,subject_01,subject_01_angry_session_01
25.788,0.04225404417281525,angry,subject_01,subject_01_angry_session_01
25.792,-0.08835260489646382,angry,subject_01,subject_01_angry_session_01
25.796,0.03700959639470985,angry,subject_01,subject_01_angry_session_01
25.8,-0.03978564360094688,angry,subject_01,subject_01_angry_session_01
25.804,0.0029488602526866834,angry,subject_01,subject_01_angry_session_01
25.808,0.011649376455730321,angry,subject_01,subject_01_angry_session_01
25.812,0.1062695974905809,angry,subject_01,subject_01_angry_session_01
25.816,0.14407208828293672,angry,subject_01,subject_01_angry_session_01
25.82,0.3387585606694088,angry,subject_01,subject_01_angry_session_01
25.824,0.4471737546309092,angry,subject_01,subject_01_angry_session_01
25.828,0.4951781776728058,angry,subject_01,subject_01_angry_session_01
25.832,0.7863764252840856,angry,subject_01,subject_01_angry_session_01
25.836,0.8758435326536921,angry,subject_01,subject_01_angry_session_01
25.84,0.9931813027882584,angry,subject_01,subject_01_angry_session_01
25.844,1.119192285785309,angry,subject_01,subject_01_angry_session_01
25.848,1.0389828271282315,angry,subject_01,subject_01_angry_session_01
25.852,0.9945673947470698,angry,subject_01,subject_01_angry_session_01
25.856,0.9995315508890029,angry,subject_01,subject_01_angry_session_01
25.86,0.8362238866862446,angry,subject_01,subject_01_angry_session_01
25.864,0.8398927508560142,angry,subject_01,subject_01_angry_session_01
25.868,0.49817160295179147,angry,subject_01,subject_01_angry_session_01
25.872,0.3783298960999345,angry,subject_01,subject_01_angry_session_01
25.876,0.23795578491153158,angry,subject_01,subject_01_angry_session_01
25.88,0.18043032168226825,angry,subject_01,subject_01_angry_session_01
25.884,-0.03807952745763256,angry,subject_01,subject_01_angry_session_01
25.888,-0.12565805034423158,angry,subject_01,subject_01_angry_session_01
25.892,0.03330017681206595,angry,subject_01,subject_01_angry_session_01
25.896,-0.046101717360904244,angry,subject_01,subject_01_angry_session_01
25.9,0.00914033807420428,angry,subject_01,subject_01_angry_session_01
25.904,0.028072984817409607,angry,subject_01,subject_01_angry_session_01
25.908,0.05423380627961624,angry,subject_01,subject_01_angry_session_01
25.912,-0.01727875910101052,angry,subject_01,subject_01_angry_session_01
25.916,-0.023912629849414904,angry,subject_01,subject_01_angry_session_01
25.92,-0.09790092811773737,angry,subject_01,subject_01_angry_session_01
25.924,-0.03283888014110887,angry,subject_01,subject_01_angry_session_01
25.928,0.034531841140448015,angry,subject_01,subject_01_angry_session_01
25.932,-0.007765509397004759,angry,subject_01,subject_01_angry_session_01
25.936,-0.03068644095139185,angry,subject_01,subject_01_angry_session_01
25.94,0.04437258250174424,angry,subject_01,subject_01_angry_session_01
25.944,0.1257297277377607,angry,subject_01,subject_01_angry_session_01
25.948,0.04586859015725341,angry,subject_01,subject_01_angry_session_01
25.952,-0.014372643083382014,angry,subject_01,subject_01_angry_session_01
25.956,0.13460932076073473,angry,subject_01,subject_01_angry_session_01
25.96,0.016789018999831,angry,subject_01,subject_01_angry_session_01
25.964,0.1572770214440361,angry,subject_01,subject_01_angry_session_01
25.968,0.05831068956806992,angry,subject_01,subject_01_angry_session_01
25.972,0.08617217913710626,angry,subject_01,subject_01_angry_session_01
25.976,0.17981896524729754,angry,subject_01,subject_01_angry_session_01
25.98,0.01154271942109697,angry,subject_01,subject_01_angry_session_01
25.984,0.03636748700971801,angry,subject_01,subject_01_angry_session_01
25.988,0.08678104144783053,angry,subject_01,subject_01_angry_session_01
25.992,0.10521652902975404,angry,subject_01,subject_01_angry_session_01
25.996,0.279598568104772,angry,subject_01,subject_01_angry_session_01
26.0,0.07544493771692788,angry,subject_01,subject_01_angry_session_01
26.004,0.058294709045938864,angry,subject_01,subject_01_angry_session_01
26.008,0.08835633683974084,angry,subject_01,subject_01_angry_session_01
26.012,0.16649355597302157,angry,subject_01,subject_01_angry_session_01
26.016,0.19021277589513436,angry,subject_01,subject_01_angry_session_01
26.02,0.12641756298981713,angry,subject_01,subject_01_angry_session_01
26.024,0.17824323676234918,angry,subject_01,subject_01_angry_session_01
26.028,0.3017748023329926,angry,subject_01,subject_01_angry_session_01
26.032,0.19515343509105645,angry,subject_01,subject_01_angry_session_01
26.036,0.220137220226539,angry,subject_01,subject_01_angry_session_01
26.04,0.3218596774375827,angry,subject_01,subject_01_angry_session_01
26.044,0.1740437395535509,angry,subject_01,subject_01_angry_session_01
26.048,0.17724282902525132,angry,subject_01,subject_01_angry_session_01
26.052,0.2016616892603501,angry,subject_01,subject_01_angry_session_01
26.056,0.20459427289642323,angry,subject_01,subject_01_angry_session_01
26.06,0.1330257232785302,angry,subject_01,subject_01_angry_session_01
26.064,0.25613849444174563,angry,subject_01,subject_01_angry_session_01
26.068,0.2659695838930406,angry,subject_01,subject_01_angry_session_01
26.072,0.24638940205205195,angry,subject_01,subject_01_angry_session_01
26.076,0.27644720255148153,angry,subject_01,subject_01_angry_session_01
26.08,0.2805960553500667,angry,subject_01,subject_01_angry_session_01
26.084,0.1890919669553039,angry,subject_01,subject_01_angry_session_01
26.088,0.28776704963851196,angry,subject_01,subject_01_angry_session_01
26.092,0.3057848583886132,angry,subject_01,subject_01_angry_session_01
26.096,0.17772041206877512,angry,subject_01,subject_01_angry_session_01
26.1,0.3620687733035191,angry,subject_01,subject_01_angry_session_01
26.104,0.20035527753325677,angry,subject_01,subject_01_angry_session_01
26.108,0.20594548878085306,angry,subject_01,subject_01_angry_session_01
26.112,0.2856448062588923,angry,subject_01,subject_01_angry_session_01
26.116,0.304488784572546,angry,subject_01,subject_01_angry_session_01
26.12,0.31758292942320576,angry,subject_01,subject_01_angry_session_01
26.124,0.3027820031840122,angry,subject_01,subject_01_angry_session_01
26.128,0.23587305915787793,angry,subject_01,subject_01_angry_session_01
26.132,0.27128332288757934,angry,subject_01,subject_01_angry_session_01
26.136,0.24331208386937533,angry,subject_01,subject_01_angry_session_01
26.14,0.2701815533624408,angry,subject_01,subject_01_angry_session_01
26.144,0.26115532861939633,angry,subject_01,subject_01_angry_session_01
26.148,0.22401342154854814,angry,subject_01,subject_01_angry_session_01
26.152,0.23069407586355473,angry,subject_01,subject_01_angry_session_01
26.156,0.13758446663757185,angry,subject_01,subject_01_angry_session_01
26.16,0.295684854624153,angry,subject_01,subject_01_angry_session_01
26.164,0.26085083158215083,angry,subject_01,subject_01_angry_session_01
26.168,0.10165513760225575,angry,subject_01,subject_01_angry_session_01
26.172,0.2846102557177233,angry,subject_01,subject_01_angry_session_01
26.176,0.2306685384871554,angry,subject_01,subject_01_angry_session_01
26.18,0.1742866454971452,angry,subject_01,subject_01_angry_session_01
26.184,0.16537850651126737,angry,subject_01,subject_01_angry_session_01
26.188,0.1817244054070768,angry,subject_01,subject_01_angry_session_01
26.192,0.16288913177452702,angry,subject_01,subject_01_angry_session_01
26.196,0.16630808683188014,angry,subject_01,subject_01_angry_session_01
26.2,0.3110845368596975,angry,subject_01,subject_01_angry_session_01
26.204,0.2257309222514924,angry,subject_01,subject_01_angry_session_01
26.208,0.3195231718992843,angry,subject_01,subject_01_angry_session_01
26.212,0.20427409083887016,angry,subject_01,subject_01_angry_session_01
26.216,0.21832127227413414,angry,subject_01,subject_01_angry_session_01
26.22,0.12304256375332806,angry,subject_01,subject_01_angry_session_01
26.224,0.1576378020950025,angry,subject_01,subject_01_angry_session_01
26.228,0.1542143245476825,angry,subject_01,subject_01_angry_session_01
26.232,0.18733678364808046,angry,subject_01,subject_01_angry_session_01
26.236,0.13786996981155936,angry,subject_01,subject_01_angry_session_01
26.24,0.15239856448641204,angry,subject_01,subject_01_angry_session_01
26.244,0.14058990868103619,angry,subject_01,subject_01_angry_session_01
26.248,0.09377646218687218,angry,subject_01,subject_01_angry_session_01
26.252,0.07793828388853234,angry,subject_01,subject_01_angry_session_01
26.256,0.0526038100824839,angry,subject_01,subject_01_angry_session_01
26.26,0.14836202449532443,angry,subject_01,subject_01_angry_session_01
26.264,0.05625289670274736,angry,subject_01,subject_01_angry_session_01
26.268,0.08547102569855823,angry,subject_01,subject_01_angry_session_01
26.272,0.048103973478025364,angry,subject_01,subject_01_angry_session_01
26.276,0.11348306674784897,angry,subject_01,subject_01_angry_session_01
26.28,-0.0768268121694951,angry,subject_01,subject_01_angry_session_01
26.284,0.053895960512587146,angry,subject_01,subject_01_angry_session_01
26.288,-0.04577879671433408,angry,subject_01,subject_01_angry_session_01
26.292,0.04729601850992901,angry,subject_01,subject_01_angry_session_01
26.296,0.00993110435470688,angry,subject_01,subject_01_angry_session_01
26.3,-0.07459222816889394,angry,subject_01,subject_01_angry_session_01
26.304,0.0302459195061028,angry,subject_01,subject_01_angry_session_01
26.308,0.019780824806855744,angry,subject_01,subject_01_angry_session_01
26.312,-0.01076873240155689,angry,subject_01,subject_01_angry_session_01
26.316,-0.005996983531852847,angry,subject_01,subject_01_angry_session_01
26.32,0.007502256264301232,angry,subject_01,subject_01_angry_session_01
26.324,0.06636594992997326,angry,subject_01,subject_01_angry_session_01
26.328,-0.025035142752470266,angry,subject_01,subject_01_angry_session_01
26.332,0.053009348300437534,angry,subject_01,subject_01_angry_session_01
26.336,-0.011419579418831597,angry,subject_01,subject_01_angry_session_01
26.34,0.06727227592494461,angry,subject_01,subject_01_angry_session_01
26.344,-0.025964148750126884,angry,subject_01,subject_01_angry_session_01
26.348,-0.053624878358812564,angry,subject_01,subject_01_angry_session_01
26.352,-0.08213275880147228,angry,subject_01,subject_01_angry_session_01
26.356,-0.022070906698727837,angry,subject_01,subject_01_angry_session_01
26.36,-0.07215250620720282,angry,subject_01,subject_01_angry_session_01
26.364,0.056403491654697005,angry,subject_01,subject_01_angry_session_01
26.368,-0.07787598489751872,angry,subject_01,subject_01_angry_session_01
26.372,-0.052340560447859855,angry,subject_01,subject_01_angry_session_01
26.376,0.05918816573329451,angry,subject_01,subject_01_angry_session_01
26.38,0.1586390610802747,angry,subject_01,subject_01_angry_session_01
26.384,0.2263061332837371,angry,subject_01,subject_01_angry_session_01
26.388,0.37138678190710106,angry,subject_01,subject_01_angry_session_01
26.392,0.4520468950033992,angry,subject_01,subject_01_angry_session_01
26.396,0.6137745935403268,angry,subject_01,subject_01_angry_session_01
26.4,0.8962139446459653,angry,subject_01,subject_01_angry_session_01
26.404,1.0150473433103095,angry,subject_01,subject_01_angry_session_01
26.408,1.0590261520616562,angry,subject_01,subject_01_angry_session_01
26.412,1.1365939162119383,angry,subject_01,subject_01_angry_session_01
26.416,1.1195959276816374,angry,subject_01,subject_01_angry_session_01
26.42,0.9367707842091804,angry,subject_01,subject_01_angry_session_01
26.424,0.8974703586027559,angry,subject_01,subject_01_angry_session_01
26.428,0.8426859267195315,angry,subject_01,subject_01_angry_session_01
26.432,0.6280228230519737,angry,subject_01,subject_01_angry_session_01
26.436,0.4096604580413198,angry,subject_01,subject_01_angry_session_01
26.44,0.3458971985081303,angry,subject_01,subject_01_angry_session_01
26.444,0.14546204728623702,angry,subject_01,subject_01_angry_session_01
26.448,0.07016702159462469,angry,subject_01,subject_01_angry_session_01
26.452,-0.015897752572304795,angry,subject_01,subject_01_angry_session_01
26.456,-0.037509049070465324,angry,subject_01,subject_01_angry_session_01
26.46,-0.040632575520728395,angry,subject_01,subject_01_angry_session_01
26.464,0.008513982561872677,angry,subject_01,subject_01_angry_session_01
26.468,0.031461318998232346,angry,subject_01,subject_01_angry_session_01
26.472,-0.0650398816452084,angry,subject_01,subject_01_angry_session_01
26.476,-0.0024201847037812266,angry,subject_01,subject_01_angry_session_01
26.48,0.06343261359619622,angry,subject_01,subject_01_angry_session_01
26.484,-0.012862175206057857,angry,subject_01,subject_01_angry_session_01
26.488,-0.0778669710360035,angry,subject_01,subject_01_angry_session_01
26.492,-0.04954401381655818,angry,subject_01,subject_01_angry_session_01
26.496,-0.04172177034369278,angry,subject_01,subject_01_angry_session_01
26.5,-0.015340202013213632,angry,subject_01,subject_01_angry_session_01
26.504,-0.029053889557681678,angry,subject_01,subject_01_angry_session_01
26.508,0.08123434225313235,angry,subject_01,subject_01_angry_session_01
26.512,0.0069051787833139255,angry,subject_01,subject_01_angry_session_01
26.516,0.1034930142520484,angry,subject_01,subject_01_angry_session_01
26.52,-0.03538003307936411,angry,subject_01,subject_01_angry_session_01
26.524,0.01615339748444866,angry,subject_01,subject_01_angry_session_01
26.528,0.048831716065113155,angry,subject_01,subject_01_angry_session_01
26.532,0.09674407351963141,angry,subject_01,subject_01_angry_session_01
26.536,0.12255560819749711,angry,subject_01,subject_01_angry_session_01
26.54,0.027771609148356767,angry,subject_01,subject_01_angry_session_01
26.544,0.1260993463471511,angry,subject_01,subject_01_angry_session_01
26.548,-0.027715782882398288,angry,subject_01,subject_01_angry_session_01
26.552,0.1324471640678389,angry,subject_01,subject_01_angry_session_01
26.556,0.006921740740366403,angry,subject_01,subject_01_angry_session_01
26.56,0.12163120277801004,angry,subject_01,subject_01_angry_session_01
26.564,0.1702358182114716,angry,subject_01,subject_01_angry_session_01
26.568,0.1635490676133108,angry,subject_01,subject_01_angry_session_01
26.572,0.01994411369772213,angry,subject_01,subject_01_angry_session_01
26.576,0.0995567215366995,angry,subject_01,subject_01_angry_session_01
26.58,0.17758351114247395,angry,subject_01,subject_01_angry_session_01
26.584,0.1840851448152696,angry,subject_01,subject_01_angry_session_01
26.588,0.16756612118612257,angry,subject_01,subject_01_angry_session_01
26.592,0.027097330369537348,angry,subject_01,subject_01_angry_session_01
26.596,0.23917718054875814,angry,subject_01,subject_01_angry_session_01
26.6,0.25784240381694,angry,subject_01,subject_01_angry_session_01
26.604,0.19289012844289796,angry,subject_01,subject_01_angry_session_01
26.608,0.20435998159917534,angry,subject_01,subject_01_angry_session_01
26.612,0.22814365354895352,angry,subject_01,subject_01_angry_session_01
26.616,0.2925919770863445,angry,subject_01,subject_01_angry_session_01
26.62,0.22665175443576932,angry,subject_01,subject_01_angry_session_01
26.624,0.20640810971926157,angry,subject_01,subject_01_angry_session_01
26.628,0.24659901292042652,angry,subject_01,subject_01_angry_session_01
26.632,0.2284052365346234,angry,subject_01,subject_01_angry_session_01
26.636,0.2339554851359269,angry,subject_01,subject_01_angry_session_01
26.64,0.13233698511070438,angry,subject_01,subject_01_angry_session_01
26.644,0.27346591311577056,angry,subject_01,subject_01_angry_session_01
26.648,0.3156362816698144,angry,subject_01,subject_01_angry_session_01
26.652,0.3092622679312822,angry,subject_01,subject_01_angry_session_01
26.656,0.30722752555288296,angry,subject_01,subject_01_angry_session_01
26.66,0.2485595109325466,angry,subject_01,subject_01_angry_session_01
26.664,0.26150867557092855,angry,subject_01,subject_01_angry_session_01
26.668,0.32475793818439713,angry,subject_01,subject_01_angry_session_01
26.672,0.30532502392599786,angry,subject_01,subject_01_angry_session_01
26.676,0.34201277009285047,angry,subject_01,subject_01_angry_session_01
26.68,0.2115924870686947,angry,subject_01,subject_01_angry_session_01
26.684,0.20996198471512373,angry,subject_01,subject_01_angry_session_01
26.688,0.22915557737531594,angry,subject_01,subject_01_angry_session_01
26.692,0.19065313079306756,angry,subject_01,subject_01_angry_session_01
26.696,0.16583724479744089,angry,subject_01,subject_01_angry_session_01
26.7,0.2709439044888396,angry,subject_01,subject_01_angry_session_01
26.704,0.2644159324414798,angry,subject_01,subject_01_angry_session_01
26.708,0.2526093290570393,angry,subject_01,subject_01_angry_session_01
26.712,0.2564418240358281,angry,subject_01,subject_01_angry_session_01
26.716,0.1447288141640804,angry,subject_01,subject_01_angry_session_01
26.72,0.2010509105962759,angry,subject_01,subject_01_angry_session_01
26.724,0.2095211916107803,angry,subject_01,subject_01_angry_session_01
26.728,0.2272810954604085,angry,subject_01,subject_01_angry_session_01
26.732,0.1339749615312819,angry,subject_01,subject_01_angry_session_01
26.736,0.16300357109179708,angry,subject_01,subject_01_angry_session_01
26.74,0.1894749743390055,angry,subject_01,subject_01_angry_session_01
26.744,0.27598969823999064,angry,subject_01,subject_01_angry_session_01
26.748,0.2248177284050225,angry,subject_01,subject_01_angry_session_01
26.752,0.2667405569037478,angry,subject_01,subject_01_angry_session_01
26.756,0.1941130551441767,angry,subject_01,subject_01_angry_session_01
26.76,0.19714693444074335,angry,subject_01,subject_01_angry_session_01
26.764,0.22222714744958472,angry,subject_01,subject_01_angry_session_01
26.768,0.17636896112116254,angry,subject_01,subject_01_angry_session_01
26.772,0.1437291468703959,angry,subject_01,subject_01_angry_session_01
26.776,0.08550916268841256,angry,subject_01,subject_01_angry_session_01
26.78,0.13217203222992902,angry,subject_01,subject_01_angry_session_01
26.784,0.21084599120785258,angry,subject_01,subject_01_angry_session_01
26.788,0.22844505854355035,angry,subject_01,subject_01_angry_session_01
26.792,0.0980875910481909,angry,subject_01,subject_01_angry_session_01
26.796,0.0317221848427965,angry,subject_01,subject_01_angry_session_01
26.8,0.1822765117011571,angry,subject_01,subject_01_angry_session_01
26.804,0.1215124680408749,angry,subject_01,subject_01_angry_session_01
26.808,0.027032686993137073,angry,subject_01,subject_01_angry_session_01
26.812,-0.08837477586984246,angry,subject_01,subject_01_angry_session_01
26.816,0.030893000191046308,angry,subject_01,subject_01_angry_session_01
26.82,0.051444698847023684,angry,subject_01,subject_01_angry_session_01
26.824,0.0008320036018579086,angry,subject_01,subject_01_angry_session_01
26.828,0.10242162556988187,angry,subject_01,subject_01_angry_session_01
26.832,0.003468373069753755,angry,subject_01,subject_01_angry_session_01
26.836,0.044683229332330494,angry,subject_01,subject_01_angry_session_01
26.84,0.17851794752675307,angry,subject_01,subject_01_angry_session_01
26.844,0.03581813629401026,angry,subject_01,subject_01_angry_session_01
26.848,0.015021299669924121,angry,subject_01,subject_01_angry_session_01
26.852,0.010094851211631228,angry,subject_01,subject_01_angry_session_01
26.856,0.05007085147774189,angry,subject_01,subject_01_angry_session_01
26.86,0.03743120269068469,angry,subject_01,subject_01_angry_session_01
26.864,-0.060167770860674076,angry,subject_01,subject_01_angry_session_01
26.868,-0.028801637208222187,angry,subject_01,subject_01_angry_session_01
26.872,-0.047873959442292044,angry,subject_01,subject_01_angry_session_01
26.876,-0.028049156131720897,angry,subject_01,subject_01_angry_session_01
26.88,0.0956620664517781,angry,subject_01,subject_01_angry_session_01
26.884,0.020643468377701216,angry,subject_01,subject_01_angry_session_01
26.888,-0.023316634737598256,angry,subject_01,subject_01_angry_session_01
26.892,0.054318535965104275,angry,subject_01,subject_01_angry_session_01
26.896,-0.01059995761074636,angry,subject_01,subject_01_angry_session_01
26.9,-0.12152478481450396,angry,subject_01,subject_01_angry_session_01
26.904,0.0754081752830274,angry,subject_01,subject_01_angry_session_01
26.908,-0.03500099267155965,angry,subject_01,subject_01_angry_session_01
26.912,-0.16243167603899694,angry,subject_01,subject_01_angry_session_01
26.916,-0.12516844830609306,angry,subject_01,subject_01_angry_session_01
26.92,0.03528055869560772,angry,subject_01,subject_01_angry_session_01
26.924,-0.13160762780882798,angry,subject_01,subject_01_angry_session_01
26.928,0.040349211368162156,angry,subject_01,subject_01_angry_session_01
26.932,-0.036143127935108835,angry,subject_01,subject_01_angry_session_01
26.936,0.010973036241972697,angry,subject_01,subject_01_angry_session_01
26.94,-0.020682573183145488,angry,subject_01,subject_01_angry_session_01
26.944,0.07811007363258421,angry,subject_01,subject_01_angry_session_01
26.948,0.1485354654008777,angry,subject_01,subject_01_angry_session_01
26.952,0.24170226675256679,angry,subject_01,subject_01_angry_session_01
26.956,0.3213886915598184,angry,subject_01,subject_01_angry_session_01
26.96,0.5649471231295914,angry,subject_01,subject_01_angry_session_01
26.964,0.5954180929141702,angry,subject_01,subject_01_angry_session_01
26.968,0.908039697955182,angry,subject_01,subject_01_angry_session_01
26.972,0.9819519913877288,angry,subject_01,subject_01_angry_session_01
26.976,1.0718670972564481,angry,subject_01,subject_01_angry_session_01
26.98,0.9068965850408408,angry,subject_01,subject_01_angry_session_01
26.984,0.9588233903364489,angry,subject_01,subject_01_angry_session_01
26.988,0.9048609823751161,angry,subject_01,subject_01_angry_session_01
26.992,0.8413635609791867,angry,subject_01,subject_01_angry_session_01
26.996,0.5823864206405538,angry,subject_01,subject_01_angry_session_01
27.0,0.6198198271140078,angry,subject_01,subject_01_angry_session_01
27.004,0.2863932150929889,angry,subject_01,subject_01_angry_session_01
27.008,0.09819108324406575,angry,subject_01,subject_01_angry_session_01
27.012,0.03629936185794107,angry,subject_01,subject_01_angry_session_01
27.016,-0.08586778832724754,angry,subject_01,subject_01_angry_session_01
27.02,-0.14265114215312102,angry,subject_01,subject_01_angry_session_01
27.024,-0.02639710340356341,angry,subject_01,subject_01_angry_session_01
27.028,-0.05298996196470095,angry,subject_01,subject_01_angry_session_01
27.032,-0.03943835400422332,angry,subject_01,subject_01_angry_session_01
27.036,0.022777557023182758,angry,subject_01,subject_01_angry_session_01
27.04,-0.009197838955308745,angry,subject_01,subject_01_angry_session_01
27.044,-0.0900829286072457,angry,subject_01,subject_01_angry_session_01
27.048,0.025575927273073493,angry,subject_01,subject_01_angry_session_01
27.052,-0.07801700025242812,angry,subject_01,subject_01_angry_session_01
27.056,-0.034232590035125084,angry,subject_01,subject_01_angry_session_01
27.06,-0.004289195432944395,angry,subject_01,subject_01_angry_session_01
27.064,-0.006697067649789999,angry,subject_01,subject_01_angry_session_01
27.068,-0.10166288467024544,angry,subject_01,subject_01_angry_session_01
27.072,-0.0484124381821143,angry,subject_01,subject_01_angry_session_01
27.076,0.012370434682295043,angry,subject_01,subject_01_angry_session_01
27.08,-0.018565124322490904,angry,subject_01,subject_01_angry_session_01
27.084,0.09030156272873634,angry,subject_01,subject_01_angry_session_01
27.088,0.10552827165395423,angry,subject_01,subject_01_angry_session_01
27.092,-0.03428421757113105,angry,subject_01,subject_01_angry_session_01
27.096,0.04209168118011102,angry,subject_01,subject_01_angry_session_01
27.1,0.13934283747659196,angry,subject_01,subject_01_angry_session_01
27.104,0.042501752985021,angry,subject_01,subject_01_angry_session_01
27.108,0.03260573653567893,angry,subject_01,subject_01_angry_session_01
27.112,0.11539221272540628,angry,subject_01,subject_01_angry_session_01
27.116,0.05435322071300143,angry,subject_01,subject_01_angry_session_01
27.12,0.15433990915734527,angry,subject_01,subject_01_angry_session_01
27.124,0.049922202747607884,angry,subject_01,subject_01_angry_session_01
27.128,0.06486570348587972,angry,subject_01,subject_01_angry_session_01
27.132,0.14867364859704477,angry,subject_01,subject_01_angry_session_01
27.136,0.11538097019192657,angry,subject_01,subject_01_angry_session_01
27.14,0.12406611578420683,angry,subject_01,subject_01_angry_session_01
27.144,0.011310258702476442,angry,subject_01,subject_01_angry_session_01
27.148,0.11303175853464842,angry,subject_01,subject_01_angry_session_01
27.152,0.1944638659298971,angry,subject_01,subject_01_angry_session_01
27.156,0.10396127238839582,angry,subject_01,subject_01_angry_session_01
27.16,0.20132020472403633,angry,subject_01,subject_01_angry_session_01
27.164,0.18354522402257814,angry,subject_01,subject_01_angry_session_01
27.168,0.16351268754424766,angry,subject_01,subject_01_angry_session_01
27.172,0.26478886775289556,angry,subject_01,subject_01_angry_session_01
27.176,0.17051351016546598,angry,subject_01,subject_01_angry_session_01
27.18,0.1819835192504265,angry,subject_01,subject_01_angry_session_01
27.184,0.1924763590115027,angry,subject_01,subject_01_angry_session_01
27.188,0.2165505972101127,angry,subject_01,subject_01_angry_session_01
27.192,0.26389444258845646,angry,subject_01,subject_01_angry_session_01
27.196,0.13522913113211443,angry,subject_01,subject_01_angry_session_01
27.2,0.28088636337140327,angry,subject_01,subject_01_angry_session_01
27.204,0.2375992497298102,angry,subject_01,subject_01_angry_session_01
27.208,0.2709316315810284,angry,subject_01,subject_01_angry_session_01
27.212,0.3848269632489668,angry,subject_01,subject_01_angry_session_01
27.216,0.2136828565608942,angry,subject_01,subject_01_angry_session_01
27.22,0.17340557551252506,angry,subject_01,subject_01_angry_session_01
27.224,0.2604574349449912,angry,subject_01,subject_01_angry_session_01
27.228,0.27135419577068093,angry,subject_01,subject_01_angry_session_01
27.232,0.30338416806986096,angry,subject_01,subject_01_angry_session_01
27.236,0.21914173577963825,angry,subject_01,subject_01_angry_session_01
27.24,0.20151898780832658,angry,subject_01,subject_01_angry_session_01
27.244,0.15878935071802808,angry,subject_01,subject_01_angry_session_01
27.248,0.16776307064892332,angry,subject_01,subject_01_angry_session_01
27.252,0.2235484611873436,angry,subject_01,subject_01_angry_session_01
27.256,0.23990108808700047,angry,subject_01,subject_01_angry_session_01
27.26,0.3689397247814268,angry,subject_01,subject_01_angry_session_01
27.264,0.14140599747616467,angry,subject_01,subject_01_angry_session_01
27.268,0.26085409575670043,angry,subject_01,subject_01_angry_session_01
27.272,0.1948241814981511,angry,subject_01,subject_01_angry_session_01
27.276,0.2493195181061525,angry,subject_01,subject_01_angry_session_01
27.28,0.20026531483973567,angry,subject_01,subject_01_angry_session_01
27.284,0.2930580927854069,angry,subject_01,subject_01_angry_session_01
27.288,0.2901342320759246,angry,subject_01,subject_01_angry_session_01
27.292,0.21901451951633402,angry,subject_01,subject_01_angry_session_01
27.296,0.3095216389564724,angry,subject_01,subject_01_angry_session_01
27.3,0.26608803238531553,angry,subject_01,subject_01_angry_session_01
27.304,0.3012394628001485,angry,subject_01,subject_01_angry_session_01
27.308,0.2121567221230998,angry,subject_01,subject_01_angry_session_01
27.312,0.26871637818408234,angry,subject_01,subject_01_angry_session_01
27.316,0.1621258221081202,angry,subject_01,subject_01_angry_session_01
27.32,0.15234802677571102,angry,subject_01,subject_01_angry_session_01
27.324,0.33125985360002913,angry,subject_01,subject_01_angry_session_01
27.328,0.1308452908134176,angry,subject_01,subject_01_angry_session_01
27.332,0.16489753491740816,angry,subject_01,subject_01_angry_session_01
27.336,0.07175251931422731,angry,subject_01,subject_01_angry_session_01
27.34,0.1289285000925898,angry,subject_01,subject_01_angry_session_01
27.344,0.11354088979359364,angry,subject_01,subject_01_angry_session_01
27.348,0.1259635991972376,angry,subject_01,subject_01_angry_session_01
27.352,0.17665070801483068,angry,subject_01,subject_01_angry_session_01
27.356,0.18312175774162617,angry,subject_01,subject_01_angry_session_01
27.36,0.08182760253480817,angry,subject_01,subject_01_angry_session_01
27.364,0.0860697417503643,angry,subject_01,subject_01_angry_session_01
27.368,0.18938454960048884,angry,subject_01,subject_01_angry_session_01
27.372,0.21740873095042718,angry,subject_01,subject_01_angry_session_01
27.376,0.18104474133732043,angry,subject_01,subject_01_angry_session_01
27.38,-0.002518760087393268,angry,subject_01,subject_01_angry_session_01
27.384,0.1582612282590377,angry,subject_01,subject_01_angry_session_01
27.388,0.18890691342777366,angry,subject_01,subject_01_angry_session_01
27.392,-0.03304607709654611,angry,subject_01,subject_01_angry_session_01
27.396,0.12501055592801688,angry,subject_01,subject_01_angry_session_01
27.4,0.06527792044675008,angry,subject_01,subject_01_angry_session_01
27.404,0.024287489192409785,angry,subject_01,subject_01_angry_session_01
27.408,0.042916075135278814,angry,subject_01,subject_01_angry_session_01
27.412,0.05628081411019352,angry,subject_01,subject_01_angry_session_01
27.416,0.09281152196310224,angry,subject_01,subject_01_angry_session_01
27.42,0.08392892563191184,angry,subject_01,subject_01_angry_session_01
27.424,-0.07809663350815846,angry,subject_01,subject_01_angry_session_01
27.428,-0.031321293667734534,angry,subject_01,subject_01_angry_session_01
27.432,0.009004048062114148,angry,subject_01,subject_01_angry_session_01
27.436,0.09400094292796159,angry,subject_01,subject_01_angry_session_01
27.44,-0.16724665146873682,angry,subject_01,subject_01_angry_session_01
27.444,-0.043087699931858015,angry,subject_01,subject_01_angry_session_01
27.448,-0.10056170058574174,angry,subject_01,subject_01_angry_session_01
27.452,-0.09314754991257516,angry,subject_01,subject_01_angry_session_01
27.456,0.046380913973128504,angry,subject_01,subject_01_angry_session_01
27.46,-0.04617254069615351,angry,subject_01,subject_01_angry_session_01
27.464,-0.1555368221570873,angry,subject_01,subject_01_angry_session_01
27.468,-0.026097141459957614,angry,subject_01,subject_01_angry_session_01
27.472,0.10455196382599363,angry,subject_01,subject_01_angry_session_01
27.476,-0.12715736133027591,angry,subject_01,subject_01_angry_session_01
27.48,0.011561544493683476,angry,subject_01,subject_01_angry_session_01
27.484,0.07105250942201921,angry,subject_01,subject_01_angry_session_01
27.488,-0.029712043733193184,angry,subject_01,subject_01_angry_session_01
27.492,0.08473623400294103,angry,subject_01,subject_01_angry_session_01
27.496,-0.07271390027840316,angry,subject_01,subject_01_angry_session_01
27.5,0.058438055082776746,angry,subject_01,subject_01_angry_session_01
27.504,0.0633843674171779,angry,subject_01,subject_01_angry_session_01
27.508,0.030460417565176912,angry,subject_01,subject_01_angry_session_01
27.512,0.014030662898299809,angry,subject_01,subject_01_angry_session_01
27.516,0.1459898612509875,angry,subject_01,subject_01_angry_session_01
27.52,0.19759383649092,angry,subject_01,subject_01_angry_session_01
27.524,0.5272218796762966,angry,subject_01,subject_01_angry_session_01
27.528,0.6819129210962048,angry,subject_01,subject_01_angry_session_01
27.532,0.81310369448937,angry,subject_01,subject_01_angry_session_01
27.536,0.9323052802809972,angry,subject_01,subject_01_angry_session_01
27.54,1.1134157609942492,angry,subject_01,subject_01_angry_session_01
27.544,1.091227776263237,angry,subject_01,subject_01_angry_session_01
27.548,1.0245136906010077,angry,subject_01,subject_01_angry_session_01
27.552,0.9951332995339959,angry,subject_01,subject_01_angry_session_01
27.556,0.9898530313297417,angry,subject_01,subject_01_angry_session_01
27.56,0.751032165316842,angry,subject_01,subject_01_angry_session_01
27.564,0.520138899096583,angry,subject_01,subject_01_angry_session_01
27.568,0.371589300243722,angry,subject_01,subject_01_angry_session_01
27.572,0.24946242382036882,angry,subject_01,subject_01_angry_session_01
27.576,0.07215107908930385,angry,subject_01,subject_01_angry_session_01
27.58,-0.0228714575121965,angry,subject_01,subject_01_angry_session_01
27.584,-0.04785861356870969,angry,subject_01,subject_01_angry_session_01
27.588,0.019175207613926368,angry,subject_01,subject_01_angry_session_01
27.592,-0.027172096455736233,angry,subject_01,subject_01_angry_session_01
27.596,-0.08859496397874464,angry,subject_01,subject_01_angry_session_01
27.6,0.004277495619561943,angry,subject_01,subject_01_angry_session_01
27.604,-0.030992428014465275,angry,subject_01,subject_01_angry_session_01
27.608,0.002936694669322764,angry,subject_01,subject_01_angry_session_01
27.612,0.007908311799681789,angry,subject_01,subject_01_angry_session_01
27.616,-0.12638806516746087,angry,subject_01,subject_01_angry_session_01
27.62,-0.17708405974763208,angry,subject_01,subject_01_angry_session_01
27.624,0.02375516134200262,angry,subject_01,subject_01_angry_session_01
27.628,-0.03711965528414479,angry,subject_01,subject_01_angry_session_01
27.632,-0.08051509610662229,angry,subject_01,subject_01_angry_session_01
27.636,-0.027580639356769424,angry,subject_01,subject_01_angry_session_01
27.64,0.08133507854497106,angry,subject_01,subject_01_angry_session_01
27.644,0.05170944531465387,angry,subject_01,subject_01_angry_session_01
27.648,0.08121829403353467,angry,subject_01,subject_01_angry_session_01
27.652,0.06707110451097001,angry,subject_01,subject_01_angry_session_01
27.656,-0.009966622722934602,angry,subject_01,subject_01_angry_session_01
27.66,0.09734096935754359,angry,subject_01,subject_01_angry_session_01
27.664,0.09178395807100662,angry,subject_01,subject_01_angry_session_01
27.668,0.055784898755560086,angry,subject_01,subject_01_angry_session_01
27.672,0.07285568750123338,angry,subject_01,subject_01_angry_session_01
27.676,0.12365289833111343,angry,subject_01,subject_01_angry_session_01
27.68,0.038194245875087546,angry,subject_01,subject_01_angry_session_01
27.684,0.15575227728009705,angry,subject_01,subject_01_angry_session_01
27.688,0.1319469961190215,angry,subject_01,subject_01_angry_session_01
27.692,0.10596181982845992,angry,subject_01,subject_01_angry_session_01
27.696,0.2056842465905676,angry,subject_01,subject_01_angry_session_01
27.7,0.04430528768770414,angry,subject_01,subject_01_angry_session_01
27.704,0.10265025299996458,angry,subject_01,subject_01_angry_session_01
27.708,0.09773021459436518,angry,subject_01,subject_01_angry_session_01
27.712,0.16862641576479015,angry,subject_01,subject_01_angry_session_01
27.716,0.22659470196265863,angry,subject_01,subject_01_angry_session_01
27.72,0.10517013696865833,angry,subject_01,subject_01_angry_session_01
27.724,0.3709328596977956,angry,subject_01,subject_01_angry_session_01
27.728,0.14119502880723483,angry,subject_01,subject_01_angry_session_01
27.732,0.21081961236740515,angry,subject_01,subject_01_angry_session_01
27.736,0.19737301845991176,angry,subject_01,subject_01_angry_session_01
27.74,0.2077837151461433,angry,subject_01,subject_01_angry_session_01
27.744,0.16499607357046764,angry,subject_01,subject_01_angry_session_01
27.748,0.2837997442850785,angry,subject_01,subject_01_angry_session_01
27.752,0.1753551484195666,angry,subject_01,subject_01_angry_session_01
27.756,0.12689530716907912,angry,subject_01,subject_01_angry_session_01
27.76,0.1717119071567696,angry,subject_01,subject_01_angry_session_01
27.764,0.3312780630556863,angry,subject_01,subject_01_angry_session_01
27.768,0.3246123210815246,angry,subject_01,subject_01_angry_session_01
27.772,0.13364846943355058,angry,subject_01,subject_01_angry_session_01
27.776,0.3068598602726362,angry,subject_01,subject_01_angry_session_01
27.78,0.14251608728708473,angry,subject_01,subject_01_angry_session_01
27.784,0.2626309197064679,angry,subject_01,subject_01_angry_session_01
27.788,0.19406946829946203,angry,subject_01,subject_01_angry_session_01
27.792,0.321696811279645,angry,subject_01,subject_01_angry_session_01
27.796,0.3027053555193392,angry,subject_01,subject_01_angry_session_01
27.8,0.32885866378723505,angry,subject_01,subject_01_angry_session_01
27.804,0.2525387755551837,angry,subject_01,subject_01_angry_session_01
27.808,0.2584884252119278,angry,subject_01,subject_01_angry_session_01
27.812,0.17931412820578269,angry,subject_01,subject_01_angry_session_01
27.816,0.20637046952747642,angry,subject_01,subject_01_angry_session_01
27.82,0.3237194384961523,angry,subject_01,subject_01_angry_session_01
27.824,0.28717727040913005,angry,subject_01,subject_01_angry_session_01
27.828,0.26951026029386094,angry,subject_01,subject_01_angry_session_01
27.832,0.33690763575548116,angry,subject_01,subject_01_angry_session_01
27.836,0.18096822263535378,angry,subject_01,subject_01_angry_session_01
27.84,0.2998849284974779,angry,subject_01,subject_01_angry_session_01
27.844,0.18356031644544193,angry,subject_01,subject_01_angry_session_01
27.848,0.3405725935088746,angry,subject_01,subject_01_angry_session_01
27.852,0.282128473782155,angry,subject_01,subject_01_angry_session_01
27.856,0.3048613287069226,angry,subject_01,subject_01_angry_session_01
27.86,0.2023858560066792,angry,subject_01,subject_01_angry_session_01
27.864,0.3728459289108782,angry,subject_01,subject_01_angry_session_01
27.868,0.3591801334948283,angry,subject_01,subject_01_angry_session_01
27.872,0.2623072215736731,angry,subject_01,subject_01_angry_session_01
27.876,0.3040414451334338,angry,subject_01,subject_01_angry_session_01
27.88,0.21222390535599361,angry,subject_01,subject_01_angry_session_01
27.884,0.15075331379804885,angry,subject_01,subject_01_angry_session_01
27.888,0.2707917105518944,angry,subject_01,subject_01_angry_session_01
27.892,0.16367074853719354,angry,subject_01,subject_01_angry_session_01
27.896,0.29278217645251353,angry,subject_01,subject_01_angry_session_01
27.9,0.27189454625253306,angry,subject_01,subject_01_angry_session_01
27.904,0.2174757871992535,angry,subject_01,subject_01_angry_session_01
27.908,0.20792855437033195,angry,subject_01,subject_01_angry_session_01
27.912,0.2498036295258091,angry,subject_01,subject_01_angry_session_01
27.916,0.19967625504054437,angry,subject_01,subject_01_angry_session_01
27.92,0.15120027178351084,angry,subject_01,subject_01_angry_session_01
27.924,0.07641642004092997,angry,subject_01,subject_01_angry_session_01
27.928,0.21625065404038307,angry,subject_01,subject_01_angry_session_01
27.932,0.17181338647629707,angry,subject_01,subject_01_angry_session_01
27.936,0.3060369297819578,angry,subject_01,subject_01_angry_session_01
27.94,0.12565925239847092,angry,subject_01,subject_01_angry_session_01
27.944,0.1401896036561478,angry,subject_01,subject_01_angry_session_01
27.948,0.1322799196698879,angry,subject_01,subject_01_angry_session_01
27.952,0.14259624065519544,angry,subject_01,subject_01_angry_session_01
27.956,0.03654391040487185,angry,subject_01,subject_01_angry_session_01
27.96,0.08121311026184201,angry,subject_01,subject_01_angry_session_01
27.964,0.12714874429282033,angry,subject_01,subject_01_angry_session_01
27.968,0.04958018549491251,angry,subject_01,subject_01_angry_session_01
27.972,0.10947635345188245,angry,subject_01,subject_01_angry_session_01
27.976,0.0608859864440926,angry,subject_01,subject_01_angry_session_01
27.98,0.07273712639364346,angry,subject_01,subject_01_angry_session_01
27.984,0.11177212633276032,angry,subject_01,subject_01_angry_session_01
27.988,0.02368165219214976,angry,subject_01,subject_01_angry_session_01
27.992,-0.05463596987468935,angry,subject_01,subject_01_angry_session_01
27.996,0.012164652497058302,angry,subject_01,subject_01_angry_session_01
28.0,-0.025222649652987313,angry,subject_01,subject_01_angry_session_01
28.004,-0.10659984036022639,angry,subject_01,subject_01_angry_session_01
28.008,0.011613523689799588,angry,subject_01,subject_01_angry_session_01
28.012,0.027428597389179993,angry,subject_01,subject_01_angry_session_01
28.016,0.07457152228336583,angry,subject_01,subject_01_angry_session_01
28.02,-0.05686270102329562,angry,subject_01,subject_01_angry_session_01
28.024,0.01527275261430459,angry,subject_01,subject_01_angry_session_01
28.028,0.07636866912146723,angry,subject_01,subject_01_angry_session_01
28.032,-0.026867780995704867,angry,subject_01,subject_01_angry_session_01
28.036,0.038830252779809143,angry,subject_01,subject_01_angry_session_01
28.04,0.10151465490423196,angry,subject_01,subject_01_angry_session_01
28.044,-0.10745051889590042,angry,subject_01,subject_01_angry_session_01
28.048,0.018521329490723725,angry,subject_01,subject_01_angry_session_01
28.052,0.06867780489617464,angry,subject_01,subject_01_angry_session_01
28.056,-0.026277314786154603,angry,subject_01,subject_01_angry_session_01
28.06,0.07463544675044191,angry,subject_01,subject_01_angry_session_01
28.064,0.03093014661842098,angry,subject_01,subject_01_angry_session_01
28.068,0.11178559224851042,angry,subject_01,subject_01_angry_session_01
28.072,0.07273964788798104,angry,subject_01,subject_01_angry_session_01
28.076,0.20812771405815667,angry,subject_01,subject_01_angry_session_01
28.08,0.20567839995840398,angry,subject_01,subject_01_angry_session_01
28.084,0.22731872239033746,angry,subject_01,subject_01_angry_session_01
28.088,0.4181122119011546,angry,subject_01,subject_01_angry_session_01
28.092,0.6774576704187779,angry,subject_01,subject_01_angry_session_01
28.096,0.8358256046783796,angry,subject_01,subject_01_angry_session_01
28.1,0.8995498485965501,angry,subject_01,subject_01_angry_session_01
28.104,1.1352956006380719,angry,subject_01,subject_01_angry_session_01
28.108,1.0677029606156494,angry,subject_01,subject_01_angry_session_01
28.112,1.123115053324353,angry,subject_01,subject_01_angry_session_01
28.116,1.0707166283889464,angry,subject_01,subject_01_angry_session_01
28.12,0.8624236321840874,angry,subject_01,subject_01_angry_session_01
28.124,0.7934180251351878,angry,subject_01,subject_01_angry_session_01
28.128,0.7770439922083283,angry,subject_01,subject_01_angry_session_01
28.132,0.40728901710509197,angry,subject_01,subject_01_angry_session_01
28.136,0.3395808798350426,angry,subject_01,subject_01_angry_session_01
28.14,0.09675337759014002,angry,subject_01,subject_01_angry_session_01
28.144,0.0068728173493841985,angry,subject_01,subject_01_angry_session_01
28.148,-0.08982246411428375,angry,subject_01,subject_01_angry_session_01
28.152,0.016092236745388976,angry,subject_01,subject_01_angry_session_01
28.156,-0.10266666111796714,angry,subject_01,subject_01_angry_session_01
28.16,0.032260064288486566,angry,subject_01,subject_01_angry_session_01
28.164,-0.06081915482779088,angry,subject_01,subject_01_angry_session_01
28.168,-0.004486796567884426,angry,subject_01,subject_01_angry_session_01
28.172,0.027480365258296488,angry,subject_01,subject_01_angry_session_01
28.176,-0.08249254024573495,angry,subject_01,subject_01_angry_session_01
28.18,0.03530952452186215,angry,subject_01,subject_01_angry_session_01
28.184,0.05029709388289511,angry,subject_01,subject_01_angry_session_01
28.188,0.10246933689381774,angry,subject_01,subject_01_angry_session_01
28.192,-0.019451978991517148,angry,subject_01,subject_01_angry_session_01
28.196,-0.007085340390353995,angry,subject_01,subject_01_angry_session_01
28.2,0.08537033915327714,angry,subject_01,subject_01_angry_session_01
28.204,0.134587222505152,angry,subject_01,subject_01_angry_session_01
28.208,0.01859112793374748,angry,subject_01,subject_01_angry_session_01
28.212,-0.015391674686830309,angry,subject_01,subject_01_angry_session_01
28.216,0.04459194254336509,angry,subject_01,subject_01_angry_session_01
28.22,0.007973995465730306,angry,subject_01,subject_01_angry_session_01
28.224,0.09812363932977397,angry,subject_01,subject_01_angry_session_01
28.228,0.015255968300087033,angry,subject_01,subject_01_angry_session_01
28.232,0.14451318780020644,angry,subject_01,subject_01_angry_session_01
28.236,0.10528739549827053,angry,subject_01,subject_01_angry_session_01
28.24,0.15945883569707503,angry,subject_01,subject_01_angry_session_01
28.244,-0.03922284811212816,angry,subject_01,subject_01_angry_session_01
28.248,0.007916260751515275,angry,subject_01,subject_01_angry_session_01
28.252,0.19844542319832115,angry,subject_01,subject_01_angry_session_01
28.256,0.0854238688549672,angry,subject_01,subject_01_angry_session_01
28.26,0.04852952686139207,angry,subject_01,subject_01_angry_session_01
28.264,0.1324491114156616,angry,subject_01,subject_01_angry_session_01
28.268,0.16740222373465563,angry,subject_01,subject_01_angry_session_01
28.272,0.1517508263326199,angry,subject_01,subject_01_angry_session_01
28.276,0.1977675357336346,angry,subject_01,subject_01_angry_session_01
28.28,0.19813888532585247,angry,subject_01,subject_01_angry_session_01
28.284,0.20350744130614234,angry,subject_01,subject_01_angry_session_01
28.288,0.27607549592731917,angry,subject_01,subject_01_angry_session_01
28.292,0.20271912526367145,angry,subject_01,subject_01_angry_session_01
28.296,0.2092288794133174,angry,subject_01,subject_01_angry_session_01
28.3,0.26811761146497604,angry,subject_01,subject_01_angry_session_01
28.304,0.2609993789882028,angry,subject_01,subject_01_angry_session_01
28.308,0.1812992718966009,angry,subject_01,subject_01_angry_session_01
28.312,0.23727031881756633,angry,subject_01,subject_01_angry_session_01
28.316,0.2760694638905213,angry,subject_01,subject_01_angry_session_01
28.32,0.22115570865598438,angry,subject_01,subject_01_angry_session_01
28.324,0.23017733474623964,angry,subject_01,subject_01_angry_session_01
28.328,0.18474072056478386,angry,subject_01,subject_01_angry_session_01
28.332,0.10046895124204633,angry,subject_01,subject_01_angry_session_01
28.336,0.2556795337149588,angry,subject_01,subject_01_angry_session_01
28.34,0.2899102729671517,angry,subject_01,subject_01_angry_session_01
28.344,0.22014264109481746,angry,subject_01,subject_01_angry_session_01
28.348,0.3715712012963476,angry,subject_01,subject_01_angry_session_01
28.352,0.22856350915195806,angry,subject_01,subject_01_angry_session_01
28.356,0.34802451056559214,angry,subject_01,subject_01_angry_session_01
28.36,0.319752889487457,angry,subject_01,subject_01_angry_session_01
28.364,0.4260450504052158,angry,subject_01,subject_01_angry_session_01
28.368,0.32818591031571415,angry,subject_01,subject_01_angry_session_01
28.372,0.2088804572131508,angry,subject_01,subject_01_angry_session_01
28.376,0.35834940468700244,angry,subject_01,subject_01_angry_session_01
28.38,0.3959843733810515,angry,subject_01,subject_01_angry_session_01
28.384,0.18649672072601758,angry,subject_01,subject_01_angry_session_01
28.388,0.3295835430831691,angry,subject_01,subject_01_angry_session_01
28.392,0.34101642046171055,angry,subject_01,subject_01_angry_session_01
28.396,0.274592832661703,angry,subject_01,subject_01_angry_session_01
28.4,0.13985852170403593,angry,subject_01,subject_01_angry_session_01
28.404,0.26512020635261807,angry,subject_01,subject_01_angry_session_01
28.408,0.2456378881152251,angry,subject_01,subject_01_angry_session_01
28.412,0.36986129579280913,angry,subject_01,subject_01_angry_session_01
28.416,0.27029679777278004,angry,subject_01,subject_01_angry_session_01
28.42,0.2483820582693584,angry,subject_01,subject_01_angry_session_01
28.424,0.23540444209309466,angry,subject_01,subject_01_angry_session_01
28.428,0.28756446149426673,angry,subject_01,subject_01_angry_session_01
28.432,0.26877924316242185,angry,subject_01,subject_01_angry_session_01
28.436,0.21520447605787263,angry,subject_01,subject_01_angry_session_01
28.44,0.2755178566449376,angry,subject_01,subject_01_angry_session_01
28.444,0.2231067150186614,angry,subject_01,subject_01_angry_session_01
28.448,0.097606211277075,angry,subject_01,subject_01_angry_session_01
28.452,0.2895004360322915,angry,subject_01,subject_01_angry_session_01
28.456,0.27970945464761443,angry,subject_01,subject_01_angry_session_01
28.46,0.25277327457798576,angry,subject_01,subject_01_angry_session_01
28.464,0.20923898708830926,angry,subject_01,subject_01_angry_session_01
28.468,0.22595556636571248,angry,subject_01,subject_01_angry_session_01
28.472,0.2734008575537307,angry,subject_01,subject_01_angry_session_01
28.476,0.1797650315393083,angry,subject_01,subject_01_angry_session_01
28.48,0.2621549707493611,angry,subject_01,subject_01_angry_session_01
28.484,0.11448353982818221,angry,subject_01,subject_01_angry_session_01
28.488,0.20499627405449333,angry,subject_01,subject_01_angry_session_01
28.492,0.1879705832297879,angry,subject_01,subject_01_angry_session_01
28.496,0.23775664857398598,angry,subject_01,subject_01_angry_session_01
28.5,0.11335792790956935,angry,subject_01,subject_01_angry_session_01
28.504,0.1106150143675812,angry,subject_01,subject_01_angry_session_01
28.508,0.06614503792650964,angry,subject_01,subject_01_angry_session_01
28.512,0.10641455973788633,angry,subject_01,subject_01_angry_session_01
28.516,0.14643160798903454,angry,subject_01,subject_01_angry_session_01
28.52,0.014095522798582297,angry,subject_01,subject_01_angry_session_01
28.524,0.08650448077175811,angry,subject_01,subject_01_angry_session_01
28.528,0.141166990146219,angry,subject_01,subject_01_angry_session_01
28.532,0.09017833581411,angry,subject_01,subject_01_angry_session_01
28.536,0.09313912252600827,angry,subject_01,subject_01_angry_session_01
28.54,-0.008978032362814095,angry,subject_01,subject_01_angry_session_01
28.544,0.06866111647241245,angry,subject_01,subject_01_angry_session_01
28.548,0.07019343009284422,angry,subject_01,subject_01_angry_session_01
28.552,0.05299614113546048,angry,subject_01,subject_01_angry_session_01
28.556,0.06687151756649755,angry,subject_01,subject_01_angry_session_01
28.56,0.0345629565670158,angry,subject_01,subject_01_angry_session_01
28.564,0.021659222405460133,angry,subject_01,subject_01_angry_session_01
28.568,-0.016975599104175024,angry,subject_01,subject_01_angry_session_01
28.572,0.10071547513225759,angry,subject_01,subject_01_angry_session_01
28.576,-0.0341000259450106,angry,subject_01,subject_01_angry_session_01
28.58,0.04660742421068637,angry,subject_01,subject_01_angry_session_01
28.584,0.1438972544797809,angry,subject_01,subject_01_angry_session_01
28.588,0.09947435196263137,angry,subject_01,subject_01_angry_session_01
28.592,0.06250412915869641,angry,subject_01,subject_01_angry_session_01
28.596,0.0457077176024362,angry,subject_01,subject_01_angry_session_01
28.6,0.021995217860760332,angry,subject_01,subject_01_angry_session_01
28.604,-0.02545574339843903,angry,subject_01,subject_01_angry_session_01
28.608,0.012138255334432411,angry,subject_01,subject_01_angry_session_01
28.612,0.059996813201035976,angry,subject_01,subject_01_angry_session_01
28.616,0.045996989925298784,angry,subject_01,subject_01_angry_session_01
28.62,0.06595336071352184,angry,subject_01,subject_01_angry_session_01
28.624,0.08775669703208136,angry,subject_01,subject_01_angry_session_01
28.628,0.003973641378711633,angry,subject_01,subject_01_angry_session_01
28.632,0.032444004874940986,angry,subject_01,subject_01_angry_session_01
28.636,-0.06930761422902236,angry,subject_01,subject_01_angry_session_01
28.64,0.22806212068623094,angry,subject_01,subject_01_angry_session_01
28.644,0.14622844123648482,angry,subject_01,subject_01_angry_session_01
28.648,0.32039140511704006,angry,subject_01,subject_01_angry_session_01
28.652,0.3945017490352057,angry,subject_01,subject_01_angry_session_01
28.656,0.5497150849393955,angry,subject_01,subject_01_angry_session_01
28.66,0.7234178488025083,angry,subject_01,subject_01_angry_session_01
28.664,0.8136692662394995,angry,subject_01,subject_01_angry_session_01
28.668,0.8628507614005603,angry,subject_01,subject_01_angry_session_01
28.672,1.1622632743956125,angry,subject_01,subject_01_angry_session_01
28.676,1.1535072286490131,angry,subject_01,subject_01_angry_session_01
28.68,1.0365077838051953,angry,subject_01,subject_01_angry_session_01
28.684,1.0346640903279818,angry,subject_01,subject_01_angry_session_01
28.688,0.9281171899410303,angry,subject_01,subject_01_angry_session_01
28.692,0.6781033340795574,angry,subject_01,subject_01_angry_session_01
28.696,0.5728035343616318,angry,subject_01,subject_01_angry_session_01
28.7,0.4418265034988518,angry,subject_01,subject_01_angry_session_01
28.704,0.14833894095083688,angry,subject_01,subject_01_angry_session_01
28.708,0.1502208418485782,angry,subject_01,subject_01_angry_session_01
28.712,0.05877633704767771,angry,subject_01,subject_01_angry_session_01
28.716,0.10254339936470168,angry,subject_01,subject_01_angry_session_01
28.72,0.004341992710398222,angry,subject_01,subject_01_angry_session_01
28.724,-0.05251550290551872,angry,subject_01,subject_01_angry_session_01
28.728,-0.03309349982862528,angry,subject_01,subject_01_angry_session_01
28.732,0.12253961240284962,angry,subject_01,subject_01_angry_session_01
28.736,-0.004327611635737402,angry,subject_01,subject_01_angry_session_01
28.74,0.06503622105238992,angry,subject_01,subject_01_angry_session_01
28.744,0.02515746304116491,angry,subject_01,subject_01_angry_session_01
28.748,0.11122871768271073,angry,subject_01,subject_01_angry_session_01
28.752,0.119301824284825,angry,subject_01,subject_01_angry_session_01
28.756,0.054244376345197,angry,subject_01,subject_01_angry_session_01
28.76,0.03495273138923326,angry,subject_01,subject_01_angry_session_01
28.764,0.03723359721234112,angry,subject_01,subject_01_angry_session_01
28.768,-0.03671197898001127,angry,subject_01,subject_01_angry_session_01
28.772,0.07704182113319542,angry,subject_01,subject_01_angry_session_01
28.776,0.0801887922022025,angry,subject_01,subject_01_angry_session_01
28.78,0.031044719730106307,angry,subject_01,subject_01_angry_session_01
28.784,-0.025128515056569295,angry,subject_01,subject_01_angry_session_01
28.788,0.10258894749579119,angry,subject_01,subject_01_angry_session_01
28.792,0.11572624737749714,angry,subject_01,subject_01_angry_session_01
28.796,0.1253086739638916,angry,subject_01,subject_01_angry_session_01
28.8,0.04839487329499478,angry,subject_01,subject_01_angry_session_01
28.804,0.1380523039711833,angry,subject_01,subject_01_angry_session_01
28.808,0.11026977156806575,angry,subject_01,subject_01_angry_session_01
28.812,0.1798644479892763,angry,subject_01,subject_01_angry_session_01
28.816,0.07677253115824677,angry,subject_01,subject_01_angry_session_01
28.82,0.21177814409088425,angry,subject_01,subject_01_angry_session_01
28.824,0.24108505563373403,angry,subject_01,subject_01_angry_session_01
28.828,0.16536133059193917,angry,subject_01,subject_01_angry_session_01
28.832,0.19069054555697967,angry,subject_01,subject_01_angry_session_01
28.836,0.22170884973310273,angry,subject_01,subject_01_angry_session_01
28.84,0.12143612159401382,angry,subject_01,subject_01_angry_session_01
28.844,0.162166461658727,angry,subject_01,subject_01_angry_session_01
28.848,0.21078201844819924,angry,subject_01,subject_01_angry_session_01
28.852,0.3297093502461654,angry,subject_01,subject_01_angry_session_01
28.856,0.1446343905021617,angry,subject_01,subject_01_angry_session_01
28.86,0.3228629198685434,angry,subject_01,subject_01_angry_session_01
28.864,0.22105280964946097,angry,subject_01,subject_01_angry_session_01
28.868,0.23842960113861503,angry,subject_01,subject_01_angry_session_01
28.872,0.32118467020405084,angry,subject_01,subject_01_angry_session_01
28.876,0.3767068457646772,angry,subject_01,subject_01_angry_session_01
28.88,0.28777632856538377,angry,subject_01,subject_01_angry_session_01
28.884,0.3389019702183703,angry,subject_01,subject_01_angry_session_01
28.888,0.21999667986304822,angry,subject_01,subject_01_angry_session_01
28.892,0.24919518140121336,angry,subject_01,subject_01_angry_session_01
28.896,0.20508229383018833,angry,subject_01,subject_01_angry_session_01
28.9,0.2600495462274108,angry,subject_01,subject_01_angry_session_01
28.904,0.32912158431320376,angry,subject_01,subject_01_angry_session_01
28.908,0.3116087408857336,angry,subject_01,subject_01_angry_session_01
28.912,0.4056175949286676,angry,subject_01,subject_01_angry_session_01
28.916,0.42782007275521694,angry,subject_01,subject_01_angry_session_01
28.92,0.2983302475658311,angry,subject_01,subject_01_angry_session_01
28.924,0.2671693145126365,angry,subject_01,subject_01_angry_session_01
28.928,0.3784458863444702,angry,subject_01,subject_01_angry_session_01
28.932,0.38507761243925964,angry,subject_01,subject_01_angry_session_01
28.936,0.33559678625653994,angry,subject_01,subject_01_angry_session_01
28.94,0.3509065456972837,angry,subject_01,subject_01_angry_session_01
28.944,0.34056740442005407,angry,subject_01,subject_01_angry_session_01
28.948,0.24697766531952564,angry,subject_01,subject_01_angry_session_01
28.952,0.23156083925383553,angry,subject_01,subject_01_angry_session_01
28.956,0.29972931788221896,angry,subject_01,subject_01_angry_session_01
28.96,0.28862156956329565,angry,subject_01,subject_01_angry_session_01
28.964,0.3150172883705955,angry,subject_01,subject_01_angry_session_01
28.968,0.28812475402803317,angry,subject_01,subject_01_angry_session_01
28.972,0.19130990188827623,angry,subject_01,subject_01_angry_session_01
28.976,0.16422078094374995,angry,subject_01,subject_01_angry_session_01
28.98,0.3326040474392358,angry,subject_01,subject_01_angry_session_01
28.984,0.245966049464006,angry,subject_01,subject_01_angry_session_01
28.988,0.26915000607226097,angry,subject_01,subject_01_angry_session_01
28.992,0.2468999002555302,angry,subject_01,subject_01_angry_session_01
28.996,0.2228304650372992,angry,subject_01,subject_01_angry_session_01
29.0,0.2183584066532261,angry,subject_01,subject_01_angry_session_01
29.004,0.3329348313885181,angry,subject_01,subject_01_angry_session_01
29.008,0.25420050280706025,angry,subject_01,subject_01_angry_session_01
29.012,0.30319569716472583,angry,subject_01,subject_01_angry_session_01
29.016,0.3075139708479949,angry,subject_01,subject_01_angry_session_01
29.02,0.2762641648467779,angry,subject_01,subject_01_angry_session_01
29.024,0.30088380781907065,angry,subject_01,subject_01_angry_session_01
29.028,0.2486533930323649,angry,subject_01,subject_01_angry_session_01
29.032,0.3241624874083647,angry,subject_01,subject_01_angry_session_01
29.036,0.2857560707552777,angry,subject_01,subject_01_angry_session_01
29.04,0.2872210514815301,angry,subject_01,subject_01_angry_session_01
29.044,0.16647436059913734,angry,subject_01,subject_01_angry_session_01
29.048,0.23101572509137336,angry,subject_01,subject_01_angry_session_01
29.052,0.09707263816227253,angry,subject_01,subject_01_angry_session_01
29.056,0.2827528477035772,angry,subject_01,subject_01_angry_session_01
29.06,0.15243449407795767,angry,subject_01,subject_01_angry_session_01
29.064,0.15159196715680323,angry,subject_01,subject_01_angry_session_01
29.068,0.08925092652826146,angry,subject_01,subject_01_angry_session_01
29.072,0.15960136192984287,angry,subject_01,subject_01_angry_session_01
29.076,0.1361249789918706,angry,subject_01,subject_01_angry_session_01
29.08,0.252073612355361,angry,subject_01,subject_01_angry_session_01
29.084,0.18489604435768733,angry,subject_01,subject_01_angry_session_01
29.088,0.09331589340958797,angry,subject_01,subject_01_angry_session_01
29.092,0.015373933413142693,angry,subject_01,subject_01_angry_session_01
29.096,-0.03015160086514143,angry,subject_01,subject_01_angry_session_01
29.1,0.03723919273288972,angry,subject_01,subject_01_angry_session_01
29.104,0.011357983552365197,angry,subject_01,subject_01_angry_session_01
29.108,0.10506910154621216,angry,subject_01,subject_01_angry_session_01
29.112,0.06890362854367267,angry,subject_01,subject_01_angry_session_01
29.116,0.0726258060034526,angry,subject_01,subject_01_angry_session_01
29.12,0.009174653705983929,angry,subject_01,subject_01_angry_session_01
29.124,0.07028461212120296,angry,subject_01,subject_01_angry_session_01
29.128,-0.028497068226476206,angry,subject_01,subject_01_angry_session_01
29.132,0.047482342838634985,angry,subject_01,subject_01_angry_session_01
29.136,0.09910785676148318,angry,subject_01,subject_01_angry_session_01
29.14,0.024307079417288265,angry,subject_01,subject_01_angry_session_01
29.144,0.07018441547039575,angry,subject_01,subject_01_angry_session_01
29.148,-0.07735626048221238,angry,subject_01,subject_01_angry_session_01
29.152,-0.08415823555565345,angry,subject_01,subject_01_angry_session_01
29.156,0.05719895490180976,angry,subject_01,subject_01_angry_session_01
29.16,0.09892640995481741,angry,subject_01,subject_01_angry_session_01
29.164,0.0205416127826114,angry,subject_01,subject_01_angry_session_01
29.168,0.16236460054942056,angry,subject_01,subject_01_angry_session_01
29.172,-0.054245971830244134,angry,subject_01,subject_01_angry_session_01
29.176,-0.010180951916927646,angry,subject_01,subject_01_angry_session_01
29.18,0.03640426668119409,angry,subject_01,subject_01_angry_session_01
29.184,0.05209231843240515,angry,subject_01,subject_01_angry_session_01
29.188,-0.015220817879745632,angry,subject_01,subject_01_angry_session_01
29.192,-0.046641754519856714,angry,subject_01,subject_01_angry_session_01
29.196,0.057346835354350756,angry,subject_01,subject_01_angry_session_01
29.2,0.044492933646521675,angry,subject_01,subject_01_angry_session_01
29.204,0.05356094682963637,angry,subject_01,subject_01_angry_session_01
29.208,0.17036478302767888,angry,subject_01,subject_01_angry_session_01
29.212,0.2303500221979958,angry,subject_01,subject_01_angry_session_01
29.216,0.3582883136776972,angry,subject_01,subject_01_angry_session_01
29.22,0.5068637364095749,angry,subject_01,subject_01_angry_session_01
29.224,0.6295542528111879,angry,subject_01,subject_01_angry_session_01
29.228,0.7801553381874599,angry,subject_01,subject_01_angry_session_01
29.232,0.9394547709084821,angry,subject_01,subject_01_angry_session_01
29.236,1.071415576401702,angry,subject_01,subject_01_angry_session_01
29.24,1.00620048822157,angry,subject_01,subject_01_angry_session_01
29.244,1.167627633011623,angry,subject_01,subject_01_angry_session_01
29.248,1.0479893395530355,angry,subject_01,subject_01_angry_session_01
29.252,0.8695582608568413,angry,subject_01,subject_01_angry_session_01
29.256,0.8807977996474611,angry,subject_01,subject_01_angry_session_01
29.26,0.6172288486620875,angry,subject_01,subject_01_angry_session_01
29.264,0.36394862435552916,angry,subject_01,subject_01_angry_session_01
29.268,0.38232715799125716,angry,subject_01,subject_01_angry_session_01
29.272,0.2402814421372392,angry,subject_01,subject_01_angry_session_01
29.276,0.009435962342102894,angry,subject_01,subject_01_angry_session_01
29.28,-0.015312553412937035,angry,subject_01,subject_01_angry_session_01
29.284,-0.052271934705227896,angry,subject_01,subject_01_angry_session_01
29.288,-0.14369248627175635,angry,subject_01,subject_01_angry_session_01
29.292,-0.001848215753007816,angry,subject_01,subject_01_angry_session_01
29.296,0.044899678845539595,angry,subject_01,subject_01_angry_session_01
29.3,0.0499220440776047,angry,subject_01,subject_01_angry_session_01
29.304,0.02645702875364452,angry,subject_01,subject_01_angry_session_01
29.308,0.09167791025681139,angry,subject_01,subject_01_angry_session_01
29.312,-0.025316411577023926,angry,subject_01,subject_01_angry_session_01
29.316,0.15742045855795223,angry,subject_01,subject_01_angry_session_01
29.32,0.006265647623514954,angry,subject_01,subject_01_angry_session_01
29.324,0.016618412204149828,angry,subject_01,subject_01_angry_session_01
29.328,0.0253032081268232,angry,subject_01,subject_01_angry_session_01
29.332,0.02455090569258265,angry,subject_01,subject_01_angry_session_01
29.336,0.0557047227657492,angry,subject_01,subject_01_angry_session_01
29.34,0.05747013771906482,angry,subject_01,subject_01_angry_session_01
29.344,0.0835093096281327,angry,subject_01,subject_01_angry_session_01
29.348,0.03128045943023817,angry,subject_01,subject_01_angry_session_01
29.352,0.09537296728439217,angry,subject_01,subject_01_angry_session_01
29.356,0.025230823023060248,angry,subject_01,subject_01_angry_session_01
29.36,0.14018966856228346,angry,subject_01,subject_01_angry_session_01
29.364,0.1453321686017051,angry,subject_01,subject_01_angry_session_01
29.368,0.10796401948261806,angry,subject_01,subject_01_angry_session_01
29.372,0.07580082234274188,angry,subject_01,subject_01_angry_session_01
29.376,0.14019894141619746,angry,subject_01,subject_01_angry_session_01
29.38,0.0752829840915829,angry,subject_01,subject_01_angry_session_01
29.384,0.1378702647085494,angry,subject_01,subject_01_angry_session_01
29.388,0.13416956491316798,angry,subject_01,subject_01_angry_session_01
29.392,0.30875447403476974,angry,subject_01,subject_01_angry_session_01
29.396,0.08519228609539821,angry,subject_01,subject_01_angry_session_01
29.4,0.0067763646468397,angry,subject_01,subject_01_angry_session_01
29.404,0.13667086030212866,angry,subject_01,subject_01_angry_session_01
29.408,0.0801801034747367,angry,subject_01,subject_01_angry_session_01
29.412,0.1477340702550419,angry,subject_01,subject_01_angry_session_01
29.416,0.12170032593675058,angry,subject_01,subject_01_angry_session_01
29.42,0.1534620719112216,angry,subject_01,subject_01_angry_session_01
29.424,0.15192391584067005,angry,subject_01,subject_01_angry_session_01
29.428,0.2815478072416057,angry,subject_01,subject_01_angry_session_01
29.432,0.228631348160285,angry,subject_01,subject_01_angry_session_01
29.436,0.30361705506388803,angry,subject_01,subject_01_angry_session_01
29.44,0.2487945287471552,angry,subject_01,subject_01_angry_session_01
29.444,0.30904138885536303,angry,subject_01,subject_01_angry_session_01
29.448,0.24179948869641688,angry,subject_01,subject_01_angry_session_01
29.452,0.3618048852267346,angry,subject_01,subject_01_angry_session_01
29.456,0.30015724032090496,angry,subject_01,subject_01_angry_session_01
29.46,0.23040713051935963,angry,subject_01,subject_01_angry_session_01
29.464,0.31914277605852953,angry,subject_01,subject_01_angry_session_01
29.468,0.28789243091610933,angry,subject_01,subject_01_angry_session_01
29.472,0.2778447604951978,angry,subject_01,subject_01_angry_session_01
29.476,0.29892780594908946,angry,subject_01,subject_01_angry_session_01
29.48,0.3408485374292366,angry,subject_01,subject_01_angry_session_01
29.484,0.17076545124120954,angry,subject_01,subject_01_angry_session_01
29.488,0.27824500224235765,angry,subject_01,subject_01_angry_session_01
29.492,0.3412035060327395,angry,subject_01,subject_01_angry_session_01
29.496,0.3155563777231275,angry,subject_01,subject_01_angry_session_01
29.5,0.23300472466908098,angry,subject_01,subject_01_angry_session_01
29.504,0.15798592829910868,angry,subject_01,subject_01_angry_session_01
29.508,0.40114989119304184,angry,subject_01,subject_01_angry_session_01
29.512,0.28653423672050277,angry,subject_01,subject_01_angry_session_01
29.516,0.38693617255679846,angry,subject_01,subject_01_angry_session_01
29.52,0.3418429024017471,angry,subject_01,subject_01_angry_session_01
29.524,0.2443470697473592,angry,subject_01,subject_01_angry_session_01
29.528,0.1395108021351592,angry,subject_01,subject_01_angry_session_01
29.532,0.259359078284561,angry,subject_01,subject_01_angry_session_01
29.536,0.28224193351035903,angry,subject_01,subject_01_angry_session_01
29.54,0.3088338462221578,angry,subject_01,subject_01_angry_session_01
29.544,0.21241238600390444,angry,subject_01,subject_01_angry_session_01
29.548,0.28698354481815636,angry,subject_01,subject_01_angry_session_01
29.552,0.2841704247050229,angry,subject_01,subject_01_angry_session_01
29.556,0.3298410128189019,angry,subject_01,subject_01_angry_session_01
29.56,0.24939180424695395,angry,subject_01,subject_01_angry_session_01
29.564,0.2913974257930619,angry,subject_01,subject_01_angry_session_01
29.568,0.2790461543163232,angry,subject_01,subject_01_angry_session_01
29.572,0.3110128907410079,angry,subject_01,subject_01_angry_session_01
29.576,0.20579782669034574,angry,subject_01,subject_01_angry_session_01
29.58,0.06697674608652268,angry,subject_01,subject_01_angry_session_01
29.584,0.2329160572977629,angry,subject_01,subject_01_angry_session_01
29.588,0.2287790958472218,angry,subject_01,subject_01_angry_session_01
29.592,0.16825526076129316,angry,subject_01,subject_01_angry_session_01
29.596,0.14181075994008377,angry,subject_01,subject_01_angry_session_01
29.6,0.19188816862631453,angry,subject_01,subject_01_angry_session_01
29.604,0.21302301370482435,angry,subject_01,subject_01_angry_session_01
29.608,0.21865236984846945,angry,subject_01,subject_01_angry_session_01
29.612,0.06829627051914336,angry,subject_01,subject_01_angry_session_01
29.616,0.09219368149510358,angry,subject_01,subject_01_angry_session_01
29.62,0.2567162433800759,angry,subject_01,subject_01_angry_session_01
29.624,0.16870437340280714,angry,subject_01,subject_01_angry_session_01
29.628,0.17074196119109958,angry,subject_01,subject_01_angry_session_01
29.632,0.0814469891484382,angry,subject_01,subject_01_angry_session_01
29.636,0.1515654563213078,angry,subject_01,subject_01_angry_session_01
29.64,0.11959978960148382,angry,subject_01,subject_01_angry_session_01
29.644,0.09535341928924793,angry,subject_01,subject_01_angry_session_01
29.648,0.035186092093035234,angry,subject_01,subject_01_angry_session_01
29.652,0.0614097454933766,angry,subject_01,subject_01_angry_session_01
29.656,0.2227349637880389,angry,subject_01,subject_01_angry_session_01
29.66,0.07468428804058018,angry,subject_01,subject_01_angry_session_01
29.664,0.1346734154948359,angry,subject_01,subject_01_angry_session_01
29.668,0.06761143451198369,angry,subject_01,subject_01_angry_session_01
29.672,0.053261206652104556,angry,subject_01,subject_01_angry_session_01
29.676,0.026941243787020668,angry,subject_01,subject_01_angry_session_01
29.68,0.13948794526857183,angry,subject_01,subject_01_angry_session_01
29.684,0.07532255671769805,angry,subject_01,subject_01_angry_session_01
29.688,0.0002839226700255479,angry,subject_01,subject_01_angry_session_01
29.692,0.019255985773942302,angry,subject_01,subject_01_angry_session_01
29.696,0.103197767453611,angry,subject_01,subject_01_angry_session_01
29.7,-0.13545647144768821,angry,subject_01,subject_01_angry_session_01
29.704,0.050139064561949206,angry,subject_01,subject_01_angry_session_01
29.708,0.060824831348019574,angry,subject_01,subject_01_angry_session_01
29.712,-0.01898488244497836,angry,subject_01,subject_01_angry_session_01
29.716,0.033042331935834536,angry,subject_01,subject_01_angry_session_01
29.72,0.051971909069558446,angry,subject_01,subject_01_angry_session_01
29.724,-0.05370665256294903,angry,subject_01,subject_01_angry_session_01
29.728,0.06922123238704124,angry,subject_01,subject_01_angry_session_01
29.732,0.035222405083217584,angry,subject_01,subject_01_angry_session_01
29.736,0.006860019242905741,angry,subject_01,subject_01_angry_session_01
29.74,0.020690262494320426,angry,subject_01,subject_01_angry_session_01
29.744,0.054470349312578985,angry,subject_01,subject_01_angry_session_01
29.748,0.1475541727639599,angry,subject_01,subject_01_angry_session_01
29.752,0.04074975106822708,angry,subject_01,subject_01_angry_session_01
29.756,0.04879216982905781,angry,subject_01,subject_01_angry_session_01
29.76,0.011826334368166052,angry,subject_01,subject_01_angry_session_01
29.764,0.12460578892672415,angry,subject_01,subject_01_angry_session_01
29.768,-0.04892802175467667,angry,subject_01,subject_01_angry_session_01
29.772,-0.010625365434857897,angry,subject_01,subject_01_angry_session_01
29.776,0.18853884566354062,angry,subject_01,subject_01_angry_session_01
29.78,0.33612707252921104,angry,subject_01,subject_01_angry_session_01
29.784,0.28528517435552125,angry,subject_01,subject_01_angry_session_01
29.788,0.5984347879969449,angry,subject_01,subject_01_angry_session_01
29.792,0.7480991434710139,angry,subject_01,subject_01_angry_session_01
29.796,0.9489814715397296,angry,subject_01,subject_01_angry_session_01
29.8,1.0442339350130911,angry,subject_01,subject_01_angry_session_01
29.804,0.9789214756955081,angry,subject_01,subject_01_angry_session_01
29.808,1.0368980457034898,angry,subject_01,subject_01_angry_session_01
29.812,1.010189034198612,angry,subject_01,subject_01_angry_session_01
29.816,1.0069435267507085,angry,subject_01,subject_01_angry_session_01
29.82,0.8472828232847448,angry,subject_01,subject_01_angry_session_01
29.824,0.6236616357627687,angry,subject_01,subject_01_angry_session_01
29.828,0.49735638413153,angry,subject_01,subject_01_angry_session_01
29.832,0.26178135853011353,angry,subject_01,subject_01_angry_session_01
29.836,0.3076747719609191,angry,subject_01,subject_01_angry_session_01
29.84,0.11062168663472366,angry,subject_01,subject_01_angry_session_01
29.844,0.05017724229694996,angry,subject_01,subject_01_angry_session_01
29.848,0.045572022899927074,angry,subject_01,subject_01_angry_session_01
29.852,0.010454804136708469,angry,subject_01,subject_01_angry_session_01
29.856,-0.04422989485302474,angry,subject_01,subject_01_angry_session_01
29.86,-0.043469515614465916,angry,subject_01,subject_01_angry_session_01
29.864,0.06134687453527424,angry,subject_01,subject_01_angry_session_01
29.868,0.000632479718394985,angry,subject_01,subject_01_angry_session_01
29.872,-0.03406071781243515,angry,subject_01,subject_01_angry_session_01
29.876,0.13749307537525385,angry,subject_01,subject_01_angry_session_01
29.88,-0.03053451639112239,angry,subject_01,subject_01_angry_session_01
29.884,-0.07390565299935614,angry,subject_01,subject_01_angry_session_01
29.888,0.0934943760208282,angry,subject_01,subject_01_angry_session_01
29.892,-0.00648257649805991,angry,subject_01,subject_01_angry_session_01
29.896,0.06697683494330779,angry,subject_01,subject_01_angry_session_01
29.9,0.15355302011891755,angry,subject_01,subject_01_angry_session_01
29.904,-0.034076195933864954,angry,subject_01,subject_01_angry_session_01
29.908,0.05013275494343455,angry,subject_01,subject_01_angry_session_01
29.912,0.14605990807024732,angry,subject_01,subject_01_angry_session_01
29.916,0.10273840886990165,angry,subject_01,subject_01_angry_session_01
29.92,0.056111487243968826,angry,subject_01,subject_01_angry_session_01
29.924,0.21564529098603624,angry,subject_01,subject_01_angry_session_01
29.928,0.07224957483906516,angry,subject_01,subject_01_angry_session_01
29.932,0.10776698276894457,angry,subject_01,subject_01_angry_session_01
29.936,0.18919418652993117,angry,subject_01,subject_01_angry_session_01
29.94,0.155645508360714,angry,subject_01,subject_01_angry_session_01
29.944,0.18292687807411995,angry,subject_01,subject_01_angry_session_01
29.948,0.05673433848558327,angry,subject_01,subject_01_angry_session_01
29.952,0.191713813143904,angry,subject_01,subject_01_angry_session_01
29.956,0.13572651409414285,angry,subject_01,subject_01_angry_session_01
29.96,0.08851722561183514,angry,subject_01,subject_01_angry_session_01
29.964,0.15445004776915572,angry,subject_01,subject_01_angry_session_01
29.968,0.16054219996109795,angry,subject_01,subject_01_angry_session_01
29.972,0.2692966226690768,angry,subject_01,subject_01_angry_session_01
29.976,0.18822538451016071,angry,subject_01,subject_01_angry_session_01
29.98,0.1266482530571365,angry,subject_01,subject_01_angry_session_01
29.984,0.12093030796023022,angry,subject_01,subject_01_angry_session_01
29.988,0.18681817098522388,angry,subject_01,subject_01_angry_session_01
29.992,0.1168073680015756,angry,subject_01,subject_01_angry_session_01
29.996,0.16243000433784197,angry,subject_01,subject_01_angry_session_01
