timestamp,sensor,emotion,subject_id,session_id
0.0,-0.021105157130574887,relaxed,subject_03,subject_03_relaxed_session_01
0.004,0.026944087801414017,relaxed,subject_03,subject_03_relaxed_session_01
0.008,0.005530210593188233,relaxed,subject_03,subject_03_relaxed_session_01
0.012,0.011325255649275123,relaxed,subject_03,subject_03_relaxed_session_01
0.016,0.01652028945545747,relaxed,subject_03,subject_03_relaxed_session_01
0.02,-0.0030259876242353357,relaxed,subject_03,subject_03_relaxed_session_01
0.024,-0.0109332342164881,relaxed,subject_03,subject_03_relaxed_session_01
0.028,0.041780563459938344,relaxed,subject_03,subject_03_relaxed_session_01
0.032,0.012217967126371708,relaxed,subject_03,subject_03_relaxed_session_01
0.036,-0.03146099192246662,relaxed,subject_03,subject_03_relaxed_session_01
0.04,-0.03304012502173979,relaxed,subject_03,subject_03_relaxed_session_01
0.044,0.017317824061184595,relaxed,subject_03,subject_03_relaxed_session_01
0.048,-0.015075983110884343,relaxed,subject_03,subject_03_relaxed_session_01
0.052,0.0002911118659558883,relaxed,subject_03,subject_03_relaxed_session_01
0.056,-0.040523318415569935,relaxed,subject_03,subject_03_relaxed_session_01
0.06,-0.005648764246501124,relaxed,subject_03,subject_03_relaxed_session_01
0.064,0.022294482123310158,relaxed,subject_03,subject_03_relaxed_session_01
0.068,-0.006153411340787471,relaxed,subject_03,subject_03_relaxed_session_01
0.072,-0.01826805807308323,relaxed,subject_03,subject_03_relaxed_session_01
0.076,0.000931558952093613,relaxed,subject_03,subject_03_relaxed_session_01
0.08,0.007312229294935003,relaxed,subject_03,subject_03_relaxed_session_01
0.084,0.0005061277421508758,relaxed,subject_03,subject_03_relaxed_session_01
0.088,-0.0229162825032115,relaxed,subject_03,subject_03_relaxed_session_01
0.092,0.017801125294137545,relaxed,subject_03,subject_03_relaxed_session_01
0.096,-4.910084895473274e-05,relaxed,subject_03,subject_03_relaxed_session_01
0.1,0.016645377922980868,relaxed,subject_03,subject_03_relaxed_session_01
0.104,-0.004374769744221383,relaxed,subject_03,subject_03_relaxed_session_01
0.108,0.04235305172452869,relaxed,subject_03,subject_03_relaxed_session_01
0.112,0.03427812490257191,relaxed,subject_03,subject_03_relaxed_session_01
0.116,0.015755827638367685,relaxed,subject_03,subject_03_relaxed_session_01
0.12,0.03229837229171289,relaxed,subject_03,subject_03_relaxed_session_01
0.124,0.06254390327032097,relaxed,subject_03,subject_03_relaxed_session_01
0.128,0.05729636523458836,relaxed,subject_03,subject_03_relaxed_session_01
0.132,0.06828753350234565,relaxed,subject_03,subject_03_relaxed_session_01
0.136,0.05483460812297761,relaxed,subject_03,subject_03_relaxed_session_01
0.14,0.03681594786653488,relaxed,subject_03,subject_03_relaxed_session_01
0.144,0.06459772047727155,relaxed,subject_03,subject_03_relaxed_session_01
0.148,0.09218721761507156,relaxed,subject_03,subject_03_relaxed_session_01
0.152,0.07582337671953224,relaxed,subject_03,subject_03_relaxed_session_01
0.156,0.05273723310297729,relaxed,subject_03,subject_03_relaxed_session_01
0.16,0.07614941637244671,relaxed,subject_03,subject_03_relaxed_session_01
0.164,0.09546619827065006,relaxed,subject_03,subject_03_relaxed_session_01
0.168,0.08892392284093976,relaxed,subject_03,subject_03_relaxed_session_01
0.172,0.10567375844302641,relaxed,subject_03,subject_03_relaxed_session_01
0.176,0.08254296548641629,relaxed,subject_03,subject_03_relaxed_session_01
0.18,0.09466618420498812,relaxed,subject_03,subject_03_relaxed_session_01
0.184,0.10924928833236114,relaxed,subject_03,subject_03_relaxed_session_01
0.188,0.113009613498652,relaxed,subject_03,subject_03_relaxed_session_01
0.192,0.09468571001682974,relaxed,subject_03,subject_03_relaxed_session_01
0.196,0.059703155102882766,relaxed,subject_03,subject_03_relaxed_session_01
0.2,0.051648825537478564,relaxed,subject_03,subject_03_relaxed_session_01
0.204,0.10811980730618317,relaxed,subject_03,subject_03_relaxed_session_01
0.208,0.11172154339954597,relaxed,subject_03,subject_03_relaxed_session_01
0.212,0.10217280893342048,relaxed,subject_03,subject_03_relaxed_session_01
0.216,0.10456224063581185,relaxed,subject_03,subject_03_relaxed_session_01
0.22,0.1327787969096064,relaxed,subject_03,subject_03_relaxed_session_01
0.224,0.08715275327733508,relaxed,subject_03,subject_03_relaxed_session_01
0.228,0.10021764130412524,relaxed,subject_03,subject_03_relaxed_session_01
0.232,0.12202966587180325,relaxed,subject_03,subject_03_relaxed_session_01
0.236,0.06275758118493015,relaxed,subject_03,subject_03_relaxed_session_01
0.24,0.11381488696903802,relaxed,subject_03,subject_03_relaxed_session_01
0.244,0.09264254828627339,relaxed,subject_03,subject_03_relaxed_session_01
0.248,0.06180469839514245,relaxed,subject_03,subject_03_relaxed_session_01
0.252,0.012160009361009562,relaxed,subject_03,subject_03_relaxed_session_01
0.256,0.08565617377763907,relaxed,subject_03,subject_03_relaxed_session_01
0.26,0.08843228830667324,relaxed,subject_03,subject_03_relaxed_session_01
0.264,0.034568271938258004,relaxed,subject_03,subject_03_relaxed_session_01
0.268,0.08085072189957612,relaxed,subject_03,subject_03_relaxed_session_01
0.272,0.006426615219022644,relaxed,subject_03,subject_03_relaxed_session_01
0.276,0.042462508401595496,relaxed,subject_03,subject_03_relaxed_session_01
0.28,0.02981879951170313,relaxed,subject_03,subject_03_relaxed_session_01
0.284,0.0037197202219200302,relaxed,subject_03,subject_03_relaxed_session_01
0.288,0.02289985666784132,relaxed,subject_03,subject_03_relaxed_session_01
0.292,0.025045542318361185,relaxed,subject_03,subject_03_relaxed_session_01
0.296,-5.638074754683517e-05,relaxed,subject_03,subject_03_relaxed_session_01
0.3,0.03560414951556968,relaxed,subject_03,subject_03_relaxed_session_01
0.304,0.007094301156019309,relaxed,subject_03,subject_03_relaxed_session_01
0.308,0.012407250635495692,relaxed,subject_03,subject_03_relaxed_session_01
0.312,0.04760548116610394,relaxed,subject_03,subject_03_relaxed_session_01
0.316,0.004835940752870738,relaxed,subject_03,subject_03_relaxed_session_01
0.32,-0.027908670303979897,relaxed,subject_03,subject_03_relaxed_session_01
0.324,0.011765029712984904,relaxed,subject_03,subject_03_relaxed_session_01
0.328,0.01837127336397685,relaxed,subject_03,subject_03_relaxed_session_01
0.332,0.010402750981815614,relaxed,subject_03,subject_03_relaxed_session_01
0.336,0.030664611912343487,relaxed,subject_03,subject_03_relaxed_session_01
0.34,0.018336298876856477,relaxed,subject_03,subject_03_relaxed_session_01
0.344,-0.006394458866313975,relaxed,subject_03,subject_03_relaxed_session_01
0.348,0.013911918443049285,relaxed,subject_03,subject_03_relaxed_session_01
0.352,0.005358603801666192,relaxed,subject_03,subject_03_relaxed_session_01
0.356,0.007533550856999249,relaxed,subject_03,subject_03_relaxed_session_01
0.36,0.011968682347719486,relaxed,subject_03,subject_03_relaxed_session_01
0.364,0.05774053979323435,relaxed,subject_03,subject_03_relaxed_session_01
0.368,0.11658869288919595,relaxed,subject_03,subject_03_relaxed_session_01
0.372,0.19712735649185062,relaxed,subject_03,subject_03_relaxed_session_01
0.376,0.32380852036918123,relaxed,subject_03,subject_03_relaxed_session_01
0.38,0.4505469094880723,relaxed,subject_03,subject_03_relaxed_session_01
0.384,0.5785834096490668,relaxed,subject_03,subject_03_relaxed_session_01
0.388,0.6978708892153742,relaxed,subject_03,subject_03_relaxed_session_01
0.392,0.7358715618198743,relaxed,subject_03,subject_03_relaxed_session_01
0.396,0.8602780665456015,relaxed,subject_03,subject_03_relaxed_session_01
0.4,0.8422390097671547,relaxed,subject_03,subject_03_relaxed_session_01
0.404,0.8580092367321369,relaxed,subject_03,subject_03_relaxed_session_01
0.408,0.7394927739533103,relaxed,subject_03,subject_03_relaxed_session_01
0.412,0.6939554526159778,relaxed,subject_03,subject_03_relaxed_session_01
0.416,0.490373312871478,relaxed,subject_03,subject_03_relaxed_session_01
0.42,0.4022632024881687,relaxed,subject_03,subject_03_relaxed_session_01
0.424,0.2544346744043105,relaxed,subject_03,subject_03_relaxed_session_01
0.428,0.1535970034678726,relaxed,subject_03,subject_03_relaxed_session_01
0.432,0.0869673725272663,relaxed,subject_03,subject_03_relaxed_session_01
0.436,-0.004936462896528502,relaxed,subject_03,subject_03_relaxed_session_01
0.44,-0.024081044674503848,relaxed,subject_03,subject_03_relaxed_session_01
0.444,-0.021474848638634914,relaxed,subject_03,subject_03_relaxed_session_01
0.448,-0.05738702263291076,relaxed,subject_03,subject_03_relaxed_session_01
0.452,-0.021936402060744,relaxed,subject_03,subject_03_relaxed_session_01
0.456,0.016315872827391935,relaxed,subject_03,subject_03_relaxed_session_01
0.46,0.012387702793989812,relaxed,subject_03,subject_03_relaxed_session_01
0.464,0.006466989649566468,relaxed,subject_03,subject_03_relaxed_session_01
0.468,0.03775143357816084,relaxed,subject_03,subject_03_relaxed_session_01
0.472,0.03615725900475804,relaxed,subject_03,subject_03_relaxed_session_01
0.476,0.04859742291423649,relaxed,subject_03,subject_03_relaxed_session_01
0.48,0.03137812528475288,relaxed,subject_03,subject_03_relaxed_session_01
0.484,0.04988861890372933,relaxed,subject_03,subject_03_relaxed_session_01
0.488,0.04525679530893781,relaxed,subject_03,subject_03_relaxed_session_01
0.492,0.04123737076478829,relaxed,subject_03,subject_03_relaxed_session_01
0.496,0.08058320939831864,relaxed,subject_03,subject_03_relaxed_session_01
0.5,0.047576032792538775,relaxed,subject_03,subject_03_relaxed_session_01
0.504,0.04643007669554686,relaxed,subject_03,subject_03_relaxed_session_01
0.508,0.04172374581521696,relaxed,subject_03,subject_03_relaxed_session_01
0.512,0.06831202973740978,relaxed,subject_03,subject_03_relaxed_session_01
0.516,0.0709488014122566,relaxed,subject_03,subject_03_relaxed_session_01
0.52,0.09306027129627105,relaxed,subject_03,subject_03_relaxed_session_01
0.524,0.058845514423123677,relaxed,subject_03,subject_03_relaxed_session_01
0.528,0.05486522893541673,relaxed,subject_03,subject_03_relaxed_session_01
0.532,0.056758556246691266,relaxed,subject_03,subject_03_relaxed_session_01
0.536,0.10848596953383334,relaxed,subject_03,subject_03_relaxed_session_01
0.54,0.12576381335910458,relaxed,subject_03,subject_03_relaxed_session_01
0.544,0.130023612515674,relaxed,subject_03,subject_03_relaxed_session_01
0.548,0.10698735790849605,relaxed,subject_03,subject_03_relaxed_session_01
0.552,0.12582170037328036,relaxed,subject_03,subject_03_relaxed_session_01
0.556,0.08460962428587315,relaxed,subject_03,subject_03_relaxed_session_01
0.56,0.1683311769648382,relaxed,subject_03,subject_03_relaxed_session_01
0.564,0.1656104371489676,relaxed,subject_03,subject_03_relaxed_session_01
0.568,0.16709926455609886,relaxed,subject_03,subject_03_relaxed_session_01
0.572,0.13762759834674188,relaxed,subject_03,subject_03_relaxed_session_01
0.576,0.1548534417907217,relaxed,subject_03,subject_03_relaxed_session_01
0.58,0.16481399079850875,relaxed,subject_03,subject_03_relaxed_session_01
0.584,0.2090295333857137,relaxed,subject_03,subject_03_relaxed_session_01
0.588,0.2013084413001153,relaxed,subject_03,subject_03_relaxed_session_01
0.592,0.1836957882680891,relaxed,subject_03,subject_03_relaxed_session_01
0.596,0.20505929935305728,relaxed,subject_03,subject_03_relaxed_session_01
0.6,0.18083439200178142,relaxed,subject_03,subject_03_relaxed_session_01
0.604,0.17680540218124824,relaxed,subject_03,subject_03_relaxed_session_01
0.608,0.20825734617569028,relaxed,subject_03,subject_03_relaxed_session_01
0.612,0.19168155579202484,relaxed,subject_03,subject_03_relaxed_session_01
0.616,0.18501892847387147,relaxed,subject_03,subject_03_relaxed_session_01
0.62,0.22354955752272213,relaxed,subject_03,subject_03_relaxed_session_01
0.624,0.2211912997034581,relaxed,subject_03,subject_03_relaxed_session_01
0.628,0.209463957538011,relaxed,subject_03,subject_03_relaxed_session_01
0.632,0.22430895485158717,relaxed,subject_03,subject_03_relaxed_session_01
0.636,0.24207367074651484,relaxed,subject_03,subject_03_relaxed_session_01
0.64,0.23166123831979937,relaxed,subject_03,subject_03_relaxed_session_01
0.644,0.24013423098719786,relaxed,subject_03,subject_03_relaxed_session_01
0.648,0.23456461763036351,relaxed,subject_03,subject_03_relaxed_session_01
0.652,0.27266284857753864,relaxed,subject_03,subject_03_relaxed_session_01
0.656,0.2642130261830114,relaxed,subject_03,subject_03_relaxed_session_01
0.66,0.23899336942683191,relaxed,subject_03,subject_03_relaxed_session_01
0.664,0.21880075089723292,relaxed,subject_03,subject_03_relaxed_session_01
0.668,0.22199261484935168,relaxed,subject_03,subject_03_relaxed_session_01
0.672,0.2048927595100152,relaxed,subject_03,subject_03_relaxed_session_01
0.676,0.21181649402888025,relaxed,subject_03,subject_03_relaxed_session_01
0.68,0.23772037837993576,relaxed,subject_03,subject_03_relaxed_session_01
0.684,0.20865636270285232,relaxed,subject_03,subject_03_relaxed_session_01
0.688,0.21279989096876606,relaxed,subject_03,subject_03_relaxed_session_01
0.692,0.23532895823226938,relaxed,subject_03,subject_03_relaxed_session_01
0.696,0.217825644516249,relaxed,subject_03,subject_03_relaxed_session_01
0.7,0.2029043071678547,relaxed,subject_03,subject_03_relaxed_session_01
0.704,0.1937393157133215,relaxed,subject_03,subject_03_relaxed_session_01
0.708,0.18632634690298755,relaxed,subject_03,subject_03_relaxed_session_01
0.712,0.20297965984642904,relaxed,subject_03,subject_03_relaxed_session_01
0.716,0.18422599649027718,relaxed,subject_03,subject_03_relaxed_session_01
0.72,0.1669265027732942,relaxed,subject_03,subject_03_relaxed_session_01
0.724,0.14028440177952778,relaxed,subject_03,subject_03_relaxed_session_01
0.728,0.16906653625702614,relaxed,subject_03,subject_03_relaxed_session_01
0.732,0.15989693694699256,relaxed,subject_03,subject_03_relaxed_session_01
0.736,0.1150508816198039,relaxed,subject_03,subject_03_relaxed_session_01
0.74,0.13729955963036042,relaxed,subject_03,subject_03_relaxed_session_01
0.744,0.14085792535646383,relaxed,subject_03,subject_03_relaxed_session_01
0.748,0.12279966462509798,relaxed,subject_03,subject_03_relaxed_session_01
0.752,0.15830165739700833,relaxed,subject_03,subject_03_relaxed_session_01
0.756,0.14669877508381968,relaxed,subject_03,subject_03_relaxed_session_01
0.76,0.08522119246700713,relaxed,subject_03,subject_03_relaxed_session_01
0.764,0.09998409449805191,relaxed,subject_03,subject_03_relaxed_session_01
0.768,0.11900898392225787,relaxed,subject_03,subject_03_relaxed_session_01
0.772,0.09285686883482808,relaxed,subject_03,subject_03_relaxed_session_01
0.776,0.10437436895723007,relaxed,subject_03,subject_03_relaxed_session_01
0.78,0.07201622309867925,relaxed,subject_03,subject_03_relaxed_session_01
0.784,0.04914656883233504,relaxed,subject_03,subject_03_relaxed_session_01
0.788,0.09021306723531014,relaxed,subject_03,subject_03_relaxed_session_01
0.792,0.06574335701714909,relaxed,subject_03,subject_03_relaxed_session_01
0.796,0.12022790743978713,relaxed,subject_03,subject_03_relaxed_session_01
0.8,0.0839748659777966,relaxed,subject_03,subject_03_relaxed_session_01
0.804,0.040707694690167884,relaxed,subject_03,subject_03_relaxed_session_01
0.808,0.07233947720395129,relaxed,subject_03,subject_03_relaxed_session_01
0.812,0.054636639207212796,relaxed,subject_03,subject_03_relaxed_session_01
0.816,0.06395254097502141,relaxed,subject_03,subject_03_relaxed_session_01
0.82,0.03656323276963804,relaxed,subject_03,subject_03_relaxed_session_01
0.824,0.05506080024831693,relaxed,subject_03,subject_03_relaxed_session_01
0.828,0.06797569454198488,relaxed,subject_03,subject_03_relaxed_session_01
0.832,0.06138628076015955,relaxed,subject_03,subject_03_relaxed_session_01
0.836,0.06514063242054868,relaxed,subject_03,subject_03_relaxed_session_01
0.84,0.10403385753192793,relaxed,subject_03,subject_03_relaxed_session_01
0.844,0.030997978474531212,relaxed,subject_03,subject_03_relaxed_session_01
0.848,0.07519313978511302,relaxed,subject_03,subject_03_relaxed_session_01
0.852,0.043873971733483313,relaxed,subject_03,subject_03_relaxed_session_01
0.856,0.029211457291558794,relaxed,subject_03,subject_03_relaxed_session_01
0.86,0.03590887626980965,relaxed,subject_03,subject_03_relaxed_session_01
0.864,0.053311241291914724,relaxed,subject_03,subject_03_relaxed_session_01
0.868,0.0271792141815468,relaxed,subject_03,subject_03_relaxed_session_01
0.872,-0.00528239446266697,relaxed,subject_03,subject_03_relaxed_session_01
0.876,0.05015755906501384,relaxed,subject_03,subject_03_relaxed_session_01
0.88,0.03742629929770164,relaxed,subject_03,subject_03_relaxed_session_01
0.884,0.022070824724650148,relaxed,subject_03,subject_03_relaxed_session_01
0.888,0.006861748392627265,relaxed,subject_03,subject_03_relaxed_session_01
0.892,0.039895065066580415,relaxed,subject_03,subject_03_relaxed_session_01
0.896,0.057299882330808655,relaxed,subject_03,subject_03_relaxed_session_01
0.9,0.013308352996300902,relaxed,subject_03,subject_03_relaxed_session_01
0.904,0.036675572815340285,relaxed,subject_03,subject_03_relaxed_session_01
0.908,0.07512952618670404,relaxed,subject_03,subject_03_relaxed_session_01
0.912,0.049687831361961414,relaxed,subject_03,subject_03_relaxed_session_01
0.916,0.030682065208843895,relaxed,subject_03,subject_03_relaxed_session_01
0.92,0.028565600163703526,relaxed,subject_03,subject_03_relaxed_session_01
0.924,0.021041573581496432,relaxed,subject_03,subject_03_relaxed_session_01
0.928,0.03197541168625019,relaxed,subject_03,subject_03_relaxed_session_01
0.932,0.022178719991846688,relaxed,subject_03,subject_03_relaxed_session_01
0.936,0.025077932185088556,relaxed,subject_03,subject_03_relaxed_session_01
0.94,0.028089953114990934,relaxed,subject_03,subject_03_relaxed_session_01
0.944,-0.0016958133331847446,relaxed,subject_03,subject_03_relaxed_session_01
0.948,0.027610289306163677,relaxed,subject_03,subject_03_relaxed_session_01
0.952,0.08483314741972625,relaxed,subject_03,subject_03_relaxed_session_01
0.956,0.0031837576141878696,relaxed,subject_03,subject_03_relaxed_session_01
0.96,0.06173801472802824,relaxed,subject_03,subject_03_relaxed_session_01
0.964,0.05222482097116205,relaxed,subject_03,subject_03_relaxed_session_01
0.968,0.04429116098680622,relaxed,subject_03,subject_03_relaxed_session_01
0.972,0.02093272951144785,relaxed,subject_03,subject_03_relaxed_session_01
0.976,0.0502243860447233,relaxed,subject_03,subject_03_relaxed_session_01
0.98,0.06885533388651115,relaxed,subject_03,subject_03_relaxed_session_01
0.984,0.05421732282091429,relaxed,subject_03,subject_03_relaxed_session_01
0.988,0.03797690899228793,relaxed,subject_03,subject_03_relaxed_session_01
0.992,0.03379823882009917,relaxed,subject_03,subject_03_relaxed_session_01
0.996,0.021127101911820347,relaxed,subject_03,subject_03_relaxed_session_01
1.0,0.03664927696043835,relaxed,subject_03,subject_03_relaxed_session_01
1.004,0.04617068597270635,relaxed,subject_03,subject_03_relaxed_session_01
1.008,0.03701922126945178,relaxed,subject_03,subject_03_relaxed_session_01
1.012,0.03569943460781368,relaxed,subject_03,subject_03_relaxed_session_01
1.016,0.037204340211196674,relaxed,subject_03,subject_03_relaxed_session_01
1.02,0.07665670538829154,relaxed,subject_03,subject_03_relaxed_session_01
1.024,0.04522771458443061,relaxed,subject_03,subject_03_relaxed_session_01
1.028,0.047965787037497355,relaxed,subject_03,subject_03_relaxed_session_01
1.032,-0.001963300258754963,relaxed,subject_03,subject_03_relaxed_session_01
1.036,0.0679419687762328,relaxed,subject_03,subject_03_relaxed_session_01
1.04,0.06331836418297068,relaxed,subject_03,subject_03_relaxed_session_01
1.044,0.06567574460734597,relaxed,subject_03,subject_03_relaxed_session_01
1.048,0.07068187702739376,relaxed,subject_03,subject_03_relaxed_session_01
1.052,0.043548352170809435,relaxed,subject_03,subject_03_relaxed_session_01
1.056,0.061049690255609995,relaxed,subject_03,subject_03_relaxed_session_01
1.06,0.10672696316374633,relaxed,subject_03,subject_03_relaxed_session_01
1.064,0.04836235278008873,relaxed,subject_03,subject_03_relaxed_session_01
1.068,0.054690091570737544,relaxed,subject_03,subject_03_relaxed_session_01
1.072,0.05737562747850078,relaxed,subject_03,subject_03_relaxed_session_01
1.076,0.08842312056366351,relaxed,subject_03,subject_03_relaxed_session_01
1.08,0.129363246293945,relaxed,subject_03,subject_03_relaxed_session_01
1.084,0.10829989953979846,relaxed,subject_03,subject_03_relaxed_session_01
1.088,0.12957827500476987,relaxed,subject_03,subject_03_relaxed_session_01
1.092,0.07268223065159576,relaxed,subject_03,subject_03_relaxed_session_01
1.096,0.10028084705604222,relaxed,subject_03,subject_03_relaxed_session_01
1.1,0.10746222325227667,relaxed,subject_03,subject_03_relaxed_session_01
1.104,0.15657436218585638,relaxed,subject_03,subject_03_relaxed_session_01
1.108,0.13022617199615996,relaxed,subject_03,subject_03_relaxed_session_01
1.112,0.12850176016556292,relaxed,subject_03,subject_03_relaxed_session_01
1.116,0.13478482911880219,relaxed,subject_03,subject_03_relaxed_session_01
1.12,0.12674411360746263,relaxed,subject_03,subject_03_relaxed_session_01
1.124,0.17110262742658103,relaxed,subject_03,subject_03_relaxed_session_01
1.128,0.16934442056860982,relaxed,subject_03,subject_03_relaxed_session_01
1.132,0.15104263270738114,relaxed,subject_03,subject_03_relaxed_session_01
1.136,0.14633697917844876,relaxed,subject_03,subject_03_relaxed_session_01
1.14,0.11285406914070926,relaxed,subject_03,subject_03_relaxed_session_01
1.144,0.12872786194765323,relaxed,subject_03,subject_03_relaxed_session_01
1.148,0.0750501797719647,relaxed,subject_03,subject_03_relaxed_session_01
1.152,0.10185583241938477,relaxed,subject_03,subject_03_relaxed_session_01
1.156,0.07438469282777953,relaxed,subject_03,subject_03_relaxed_session_01
1.16,0.110220990048189,relaxed,subject_03,subject_03_relaxed_session_01
1.164,0.09279940773818793,relaxed,subject_03,subject_03_relaxed_session_01
1.168,0.10473748953643791,relaxed,subject_03,subject_03_relaxed_session_01
1.172,0.09708858739783473,relaxed,subject_03,subject_03_relaxed_session_01
1.176,0.10119556207435772,relaxed,subject_03,subject_03_relaxed_session_01
1.18,0.05827107489380365,relaxed,subject_03,subject_03_relaxed_session_01
1.184,0.032765696017797864,relaxed,subject_03,subject_03_relaxed_session_01
1.188,0.10295345584072382,relaxed,subject_03,subject_03_relaxed_session_01
1.192,0.04895995540705212,relaxed,subject_03,subject_03_relaxed_session_01
1.196,0.05497786066629602,relaxed,subject_03,subject_03_relaxed_session_01
1.2,0.07372345915927217,relaxed,subject_03,subject_03_relaxed_session_01
1.204,0.043183204444798076,relaxed,subject_03,subject_03_relaxed_session_01
1.208,0.023260561325213203,relaxed,subject_03,subject_03_relaxed_session_01
1.212,0.08589701846446701,relaxed,subject_03,subject_03_relaxed_session_01
1.216,0.03033941910506143,relaxed,subject_03,subject_03_relaxed_session_01
1.22,0.07632799006068439,relaxed,subject_03,subject_03_relaxed_session_01
1.224,0.045091603727778685,relaxed,subject_03,subject_03_relaxed_session_01
1.228,0.05645142227717796,relaxed,subject_03,subject_03_relaxed_session_01
1.232,0.05484290685231787,relaxed,subject_03,subject_03_relaxed_session_01
1.236,0.025863734924979582,relaxed,subject_03,subject_03_relaxed_session_01
1.24,0.04524973876097017,relaxed,subject_03,subject_03_relaxed_session_01
1.244,0.07195561274326187,relaxed,subject_03,subject_03_relaxed_session_01
1.248,0.058111729770499665,relaxed,subject_03,subject_03_relaxed_session_01
1.252,0.0538076403130887,relaxed,subject_03,subject_03_relaxed_session_01
1.256,0.04276878703395972,relaxed,subject_03,subject_03_relaxed_session_01
1.26,0.0241459169254085,relaxed,subject_03,subject_03_relaxed_session_01
1.264,0.00457681236580245,relaxed,subject_03,subject_03_relaxed_session_01
1.268,0.04784871978915603,relaxed,subject_03,subject_03_relaxed_session_01
1.272,-0.0005283623077705964,relaxed,subject_03,subject_03_relaxed_session_01
1.276,0.0008074638926485033,relaxed,subject_03,subject_03_relaxed_session_01
1.28,0.021814475336159548,relaxed,subject_03,subject_03_relaxed_session_01
1.284,0.021479930981943788,relaxed,subject_03,subject_03_relaxed_session_01
1.288,0.09691448944210011,relaxed,subject_03,subject_03_relaxed_session_01
1.292,0.1694587697630634,relaxed,subject_03,subject_03_relaxed_session_01
1.296,0.26018583832776665,relaxed,subject_03,subject_03_relaxed_session_01
1.3,0.3853127001833343,relaxed,subject_03,subject_03_relaxed_session_01
1.304,0.5379464653831899,relaxed,subject_03,subject_03_relaxed_session_01
1.308,0.681431621568114,relaxed,subject_03,subject_03_relaxed_session_01
1.312,0.7628941402125943,relaxed,subject_03,subject_03_relaxed_session_01
1.316,0.8159408873778696,relaxed,subject_03,subject_03_relaxed_session_01
1.32,0.8578784703555998,relaxed,subject_03,subject_03_relaxed_session_01
1.324,0.8663563465544853,relaxed,subject_03,subject_03_relaxed_session_01
1.328,0.8265815367892151,relaxed,subject_03,subject_03_relaxed_session_01
1.332,0.728540284521997,relaxed,subject_03,subject_03_relaxed_session_01
1.336,0.5919150731502543,relaxed,subject_03,subject_03_relaxed_session_01
1.34,0.4805665331623978,relaxed,subject_03,subject_03_relaxed_session_01
1.344,0.3025381138854963,relaxed,subject_03,subject_03_relaxed_session_01
1.348,0.16541315213897104,relaxed,subject_03,subject_03_relaxed_session_01
1.352,0.08215257217478907,relaxed,subject_03,subject_03_relaxed_session_01
1.356,0.040985772740870015,relaxed,subject_03,subject_03_relaxed_session_01
1.36,-0.012644588041984116,relaxed,subject_03,subject_03_relaxed_session_01
1.364,-0.021339571625536104,relaxed,subject_03,subject_03_relaxed_session_01
1.368,-0.04243417473342865,relaxed,subject_03,subject_03_relaxed_session_01
1.372,-0.024153337081184518,relaxed,subject_03,subject_03_relaxed_session_01
1.376,-0.01356951672403714,relaxed,subject_03,subject_03_relaxed_session_01
1.38,-0.009525560369849834,relaxed,subject_03,subject_03_relaxed_session_01
1.384,0.02225687075583744,relaxed,subject_03,subject_03_relaxed_session_01
1.388,0.027225901523944065,relaxed,subject_03,subject_03_relaxed_session_01
1.392,0.029004119090718594,relaxed,subject_03,subject_03_relaxed_session_01
1.396,0.055589164069834156,relaxed,subject_03,subject_03_relaxed_session_01
1.4,0.04958844006448581,relaxed,subject_03,subject_03_relaxed_session_01
1.404,0.07699647247867843,relaxed,subject_03,subject_03_relaxed_session_01
1.408,0.035401490190270446,relaxed,subject_03,subject_03_relaxed_session_01
1.412,0.04739470724174844,relaxed,subject_03,subject_03_relaxed_session_01
1.416,0.023064154708455853,relaxed,subject_03,subject_03_relaxed_session_01
1.42,0.04178430944323158,relaxed,subject_03,subject_03_relaxed_session_01
1.424,0.07755952221595594,relaxed,subject_03,subject_03_relaxed_session_01
1.428,0.08484343753622284,relaxed,subject_03,subject_03_relaxed_session_01
1.432,0.08625940765603939,relaxed,subject_03,subject_03_relaxed_session_01
1.436,0.10242607898798446,relaxed,subject_03,subject_03_relaxed_session_01
1.44,0.09165342283407608,relaxed,subject_03,subject_03_relaxed_session_01
1.444,0.08661108421019162,relaxed,subject_03,subject_03_relaxed_session_01
1.448,0.10350057440483684,relaxed,subject_03,subject_03_relaxed_session_01
1.452,0.0799685947423551,relaxed,subject_03,subject_03_relaxed_session_01
1.456,0.0675121619324309,relaxed,subject_03,subject_03_relaxed_session_01
1.46,0.0979245150674455,relaxed,subject_03,subject_03_relaxed_session_01
1.464,0.10588690967881387,relaxed,subject_03,subject_03_relaxed_session_01
1.468,0.11937502918177792,relaxed,subject_03,subject_03_relaxed_session_01
1.472,0.10710181828466027,relaxed,subject_03,subject_03_relaxed_session_01
1.476,0.11707951557235148,relaxed,subject_03,subject_03_relaxed_session_01
1.48,0.15103831863196857,relaxed,subject_03,subject_03_relaxed_session_01
1.484,0.11714731188838565,relaxed,subject_03,subject_03_relaxed_session_01
1.488,0.1458825455124853,relaxed,subject_03,subject_03_relaxed_session_01
1.492,0.14176672887568129,relaxed,subject_03,subject_03_relaxed_session_01
1.496,0.12670740721302676,relaxed,subject_03,subject_03_relaxed_session_01
1.5,0.15860784126754168,relaxed,subject_03,subject_03_relaxed_session_01
1.504,0.1550179270330485,relaxed,subject_03,subject_03_relaxed_session_01
1.508,0.17064910107251516,relaxed,subject_03,subject_03_relaxed_session_01
1.512,0.1865886747386208,relaxed,subject_03,subject_03_relaxed_session_01
1.516,0.14723831587753627,relaxed,subject_03,subject_03_relaxed_session_01
1.52,0.21690831048022752,relaxed,subject_03,subject_03_relaxed_session_01
1.524,0.2616696905548437,relaxed,subject_03,subject_03_relaxed_session_01
1.528,0.18765781893574307,relaxed,subject_03,subject_03_relaxed_session_01
1.532,0.19940950725279802,relaxed,subject_03,subject_03_relaxed_session_01
1.536,0.19907075589317258,relaxed,subject_03,subject_03_relaxed_session_01
1.54,0.1977467842799866,relaxed,subject_03,subject_03_relaxed_session_01
1.544,0.26274097742910746,relaxed,subject_03,subject_03_relaxed_session_01
1.548,0.21971763998036908,relaxed,subject_03,subject_03_relaxed_session_01
1.552,0.2424275257499407,relaxed,subject_03,subject_03_relaxed_session_01
1.556,0.25416049072405783,relaxed,subject_03,subject_03_relaxed_session_01
1.56,0.2531378347102336,relaxed,subject_03,subject_03_relaxed_session_01
1.564,0.2557243078487629,relaxed,subject_03,subject_03_relaxed_session_01
1.568,0.20753126738703975,relaxed,subject_03,subject_03_relaxed_session_01
1.572,0.2521377472871844,relaxed,subject_03,subject_03_relaxed_session_01
1.576,0.22564221130463502,relaxed,subject_03,subject_03_relaxed_session_01
1.58,0.265201656688265,relaxed,subject_03,subject_03_relaxed_session_01
1.584,0.21311749093639093,relaxed,subject_03,subject_03_relaxed_session_01
1.588,0.2048040979763171,relaxed,subject_03,subject_03_relaxed_session_01
1.592,0.22506733306094842,relaxed,subject_03,subject_03_relaxed_session_01
1.596,0.23485743697905345,relaxed,subject_03,subject_03_relaxed_session_01
1.6,0.18261727824176066,relaxed,subject_03,subject_03_relaxed_session_01
1.604,0.20634607949996048,relaxed,subject_03,subject_03_relaxed_session_01
1.608,0.18816942807052084,relaxed,subject_03,subject_03_relaxed_session_01
1.612,0.22384766839386197,relaxed,subject_03,subject_03_relaxed_session_01
1.616,0.18898468304845642,relaxed,subject_03,subject_03_relaxed_session_01
1.62,0.2174370016565895,relaxed,subject_03,subject_03_relaxed_session_01
1.624,0.17491770910670257,relaxed,subject_03,subject_03_relaxed_session_01
1.628,0.18941582663113965,relaxed,subject_03,subject_03_relaxed_session_01
1.632,0.14960644690459202,relaxed,subject_03,subject_03_relaxed_session_01
1.636,0.16875779674774263,relaxed,subject_03,subject_03_relaxed_session_01
1.64,0.14261308208711773,relaxed,subject_03,subject_03_relaxed_session_01
1.644,0.1885720986203419,relaxed,subject_03,subject_03_relaxed_session_01
1.648,0.17290887784013753,relaxed,subject_03,subject_03_relaxed_session_01
1.652,0.14915863551284098,relaxed,subject_03,subject_03_relaxed_session_01
1.656,0.15871117865610923,relaxed,subject_03,subject_03_relaxed_session_01
1.66,0.12167146155543679,relaxed,subject_03,subject_03_relaxed_session_01
1.664,0.1374072414722763,relaxed,subject_03,subject_03_relaxed_session_01
1.668,0.11718152534643476,relaxed,subject_03,subject_03_relaxed_session_01
1.672,0.12279417873617827,relaxed,subject_03,subject_03_relaxed_session_01
1.676,0.10880420364814734,relaxed,subject_03,subject_03_relaxed_session_01
1.68,0.09923574222395638,relaxed,subject_03,subject_03_relaxed_session_01
1.684,0.058348372614731386,relaxed,subject_03,subject_03_relaxed_session_01
1.688,0.07602162434366022,relaxed,subject_03,subject_03_relaxed_session_01
1.692,0.11982096365685913,relaxed,subject_03,subject_03_relaxed_session_01
1.696,0.07603218484269306,relaxed,subject_03,subject_03_relaxed_session_01
1.7,0.05910822582633433,relaxed,subject_03,subject_03_relaxed_session_01
1.704,0.0696322974820744,relaxed,subject_03,subject_03_relaxed_session_01
1.708,0.033702833839281215,relaxed,subject_03,subject_03_relaxed_session_01
1.712,0.05044879919729377,relaxed,subject_03,subject_03_relaxed_session_01
1.716,0.05962993872844053,relaxed,subject_03,subject_03_relaxed_session_01
1.72,0.061978474809501805,relaxed,subject_03,subject_03_relaxed_session_01
1.724,0.05547137218682685,relaxed,subject_03,subject_03_relaxed_session_01
1.728,0.07547830198251734,relaxed,subject_03,subject_03_relaxed_session_01
1.732,0.02862599552886925,relaxed,subject_03,subject_03_relaxed_session_01
1.736,0.009134898371183402,relaxed,subject_03,subject_03_relaxed_session_01
1.74,0.0292979641948983,relaxed,subject_03,subject_03_relaxed_session_01
1.744,0.022679435008294453,relaxed,subject_03,subject_03_relaxed_session_01
1.748,0.035380264837888656,relaxed,subject_03,subject_03_relaxed_session_01
1.752,0.023749274792997287,relaxed,subject_03,subject_03_relaxed_session_01
1.756,0.030419048500911205,relaxed,subject_03,subject_03_relaxed_session_01
1.76,0.027803509500624195,relaxed,subject_03,subject_03_relaxed_session_01
1.764,0.04179017596492468,relaxed,subject_03,subject_03_relaxed_session_01
1.768,0.02229302571899348,relaxed,subject_03,subject_03_relaxed_session_01
1.772,0.025270983817245997,relaxed,subject_03,subject_03_relaxed_session_01
1.776,0.05553641222594753,relaxed,subject_03,subject_03_relaxed_session_01
1.78,-0.013994579857061363,relaxed,subject_03,subject_03_relaxed_session_01
1.784,0.021353029012028936,relaxed,subject_03,subject_03_relaxed_session_01
1.788,0.014424160281257032,relaxed,subject_03,subject_03_relaxed_session_01
1.792,0.016819884126066404,relaxed,subject_03,subject_03_relaxed_session_01
1.796,0.0266694172093727,relaxed,subject_03,subject_03_relaxed_session_01
1.8,-0.0023351888478941093,relaxed,subject_03,subject_03_relaxed_session_01
1.804,0.002270658363143104,relaxed,subject_03,subject_03_relaxed_session_01
1.808,0.027761927523215595,relaxed,subject_03,subject_03_relaxed_session_01
1.812,0.00941308426357637,relaxed,subject_03,subject_03_relaxed_session_01
1.816,-0.007171509335241671,relaxed,subject_03,subject_03_relaxed_session_01
1.82,0.027288200219234542,relaxed,subject_03,subject_03_relaxed_session_01
1.824,0.023784481982791428,relaxed,subject_03,subject_03_relaxed_session_01
1.828,0.013860593380031403,relaxed,subject_03,subject_03_relaxed_session_01
1.832,0.01851506308465136,relaxed,subject_03,subject_03_relaxed_session_01
1.836,0.021228866200384524,relaxed,subject_03,subject_03_relaxed_session_01
1.84,0.007773515289451308,relaxed,subject_03,subject_03_relaxed_session_01
1.844,0.015462097112518468,relaxed,subject_03,subject_03_relaxed_session_01
1.848,-0.014854972738988576,relaxed,subject_03,subject_03_relaxed_session_01
1.852,0.004575207453239753,relaxed,subject_03,subject_03_relaxed_session_01
1.856,0.027749693915423528,relaxed,subject_03,subject_03_relaxed_session_01
1.86,0.052174688395409535,relaxed,subject_03,subject_03_relaxed_session_01
1.864,0.010458736994040175,relaxed,subject_03,subject_03_relaxed_session_01
1.868,-0.010296965103831272,relaxed,subject_03,subject_03_relaxed_session_01
1.872,0.0004890526795807287,relaxed,subject_03,subject_03_relaxed_session_01
1.876,-0.021635425707415126,relaxed,subject_03,subject_03_relaxed_session_01
1.88,0.02064846235795672,relaxed,subject_03,subject_03_relaxed_session_01
1.884,0.00798963498590918,relaxed,subject_03,subject_03_relaxed_session_01
1.888,-0.012171292593487482,relaxed,subject_03,subject_03_relaxed_session_01
1.892,0.003014765868301087,relaxed,subject_03,subject_03_relaxed_session_01
1.896,0.02087731900517281,relaxed,subject_03,subject_03_relaxed_session_01
1.9,0.007747681090209743,relaxed,subject_03,subject_03_relaxed_session_01
1.904,-0.007014358271262389,relaxed,subject_03,subject_03_relaxed_session_01
1.908,0.02728717301863269,relaxed,subject_03,subject_03_relaxed_session_01
1.912,0.013847191386965938,relaxed,subject_03,subject_03_relaxed_session_01
1.916,-0.008085436405509266,relaxed,subject_03,subject_03_relaxed_session_01
1.92,0.00806814283538838,relaxed,subject_03,subject_03_relaxed_session_01
1.924,-0.03426151728018826,relaxed,subject_03,subject_03_relaxed_session_01
1.928,0.013842691081097327,relaxed,subject_03,subject_03_relaxed_session_01
1.932,0.06532861009663174,relaxed,subject_03,subject_03_relaxed_session_01
1.936,0.03223049782537523,relaxed,subject_03,subject_03_relaxed_session_01
1.94,0.008173385028297132,relaxed,subject_03,subject_03_relaxed_session_01
1.944,0.017958986029041304,relaxed,subject_03,subject_03_relaxed_session_01
1.948,0.02558075034716015,relaxed,subject_03,subject_03_relaxed_session_01
1.952,0.028893435009528075,relaxed,subject_03,subject_03_relaxed_session_01
1.956,0.01669539255295965,relaxed,subject_03,subject_03_relaxed_session_01
1.96,-0.02190812612720864,relaxed,subject_03,subject_03_relaxed_session_01
1.964,0.01769838763395057,relaxed,subject_03,subject_03_relaxed_session_01
1.968,0.016091063611407275,relaxed,subject_03,subject_03_relaxed_session_01
1.972,0.02975814493077546,relaxed,subject_03,subject_03_relaxed_session_01
1.976,0.020802449914091484,relaxed,subject_03,subject_03_relaxed_session_01
1.98,0.052293851605218655,relaxed,subject_03,subject_03_relaxed_session_01
1.984,0.08535620181591269,relaxed,subject_03,subject_03_relaxed_session_01
1.988,0.06918632992790702,relaxed,subject_03,subject_03_relaxed_session_01
1.992,0.05334477407528368,relaxed,subject_03,subject_03_relaxed_session_01
1.996,0.09018023996560914,relaxed,subject_03,subject_03_relaxed_session_01
2.0,0.08395239133290698,relaxed,subject_03,subject_03_relaxed_session_01
2.004,0.08480784138071495,relaxed,subject_03,subject_03_relaxed_session_01
2.008,0.06376428256410367,relaxed,subject_03,subject_03_relaxed_session_01
2.012,0.07706930985478115,relaxed,subject_03,subject_03_relaxed_session_01
2.016,0.09608611514523835,relaxed,subject_03,subject_03_relaxed_session_01
2.02,0.13151198224002986,relaxed,subject_03,subject_03_relaxed_session_01
2.024,0.12060012000227793,relaxed,subject_03,subject_03_relaxed_session_01
2.028,0.10656334180680752,relaxed,subject_03,subject_03_relaxed_session_01
2.032,0.10013197939509838,relaxed,subject_03,subject_03_relaxed_session_01
2.036,0.11364625937687835,relaxed,subject_03,subject_03_relaxed_session_01
2.04,0.10979396205148237,relaxed,subject_03,subject_03_relaxed_session_01
2.044,0.12967614684151055,relaxed,subject_03,subject_03_relaxed_session_01
2.048,0.07628459035353559,relaxed,subject_03,subject_03_relaxed_session_01
2.052,0.09722837403660085,relaxed,subject_03,subject_03_relaxed_session_01
2.056,0.10935344039632429,relaxed,subject_03,subject_03_relaxed_session_01
2.06,0.11963262237919113,relaxed,subject_03,subject_03_relaxed_session_01
2.064,0.1265092801823858,relaxed,subject_03,subject_03_relaxed_session_01
2.068,0.0540888680345121,relaxed,subject_03,subject_03_relaxed_session_01
2.072,0.0642136075688599,relaxed,subject_03,subject_03_relaxed_session_01
2.076,0.07214493013042812,relaxed,subject_03,subject_03_relaxed_session_01
2.08,0.04343416586527822,relaxed,subject_03,subject_03_relaxed_session_01
2.084,0.09606121824935912,relaxed,subject_03,subject_03_relaxed_session_01
2.088,0.059659328031878386,relaxed,subject_03,subject_03_relaxed_session_01
2.092,0.07509505123294041,relaxed,subject_03,subject_03_relaxed_session_01
2.096,0.04261831815720809,relaxed,subject_03,subject_03_relaxed_session_01
2.1,0.04901481904923789,relaxed,subject_03,subject_03_relaxed_session_01
2.104,0.008480123388681989,relaxed,subject_03,subject_03_relaxed_session_01
2.108,0.009753161113627715,relaxed,subject_03,subject_03_relaxed_session_01
2.112,0.005611184421615414,relaxed,subject_03,subject_03_relaxed_session_01
2.116,-0.012025712225348244,relaxed,subject_03,subject_03_relaxed_session_01
2.12,0.03890785563945959,relaxed,subject_03,subject_03_relaxed_session_01
2.124,0.01459980912663983,relaxed,subject_03,subject_03_relaxed_session_01
2.128,0.03289940406422636,relaxed,subject_03,subject_03_relaxed_session_01
2.132,0.006627898328725752,relaxed,subject_03,subject_03_relaxed_session_01
2.136,0.028999459062857096,relaxed,subject_03,subject_03_relaxed_session_01
2.14,0.023364283188180752,relaxed,subject_03,subject_03_relaxed_session_01
2.144,-3.792979583535673e-05,relaxed,subject_03,subject_03_relaxed_session_01
2.148,0.004732955592833096,relaxed,subject_03,subject_03_relaxed_session_01
2.152,0.006404683345200099,relaxed,subject_03,subject_03_relaxed_session_01
2.156,0.02046206867829714,relaxed,subject_03,subject_03_relaxed_session_01
2.16,-0.003535814710081271,relaxed,subject_03,subject_03_relaxed_session_01
2.164,0.0033427583302872814,relaxed,subject_03,subject_03_relaxed_session_01
2.168,-0.034198652610736874,relaxed,subject_03,subject_03_relaxed_session_01
2.172,-0.0233449727356789,relaxed,subject_03,subject_03_relaxed_session_01
2.176,-0.021933544478140547,relaxed,subject_03,subject_03_relaxed_session_01
2.18,0.0005381866004948166,relaxed,subject_03,subject_03_relaxed_session_01
2.184,-0.027922469077376236,relaxed,subject_03,subject_03_relaxed_session_01
2.188,-0.017123308743965022,relaxed,subject_03,subject_03_relaxed_session_01
2.192,-0.028444902976229446,relaxed,subject_03,subject_03_relaxed_session_01
2.196,-0.027657166529420654,relaxed,subject_03,subject_03_relaxed_session_01
2.2,-0.003965708258410656,relaxed,subject_03,subject_03_relaxed_session_01
2.204,0.004468144301070592,relaxed,subject_03,subject_03_relaxed_session_01
2.208,0.04137909963128282,relaxed,subject_03,subject_03_relaxed_session_01
2.212,0.12598737388349326,relaxed,subject_03,subject_03_relaxed_session_01
2.216,0.24726386534470834,relaxed,subject_03,subject_03_relaxed_session_01
2.22,0.33289399342969267,relaxed,subject_03,subject_03_relaxed_session_01
2.224,0.4334431679459997,relaxed,subject_03,subject_03_relaxed_session_01
2.228,0.5572779899526291,relaxed,subject_03,subject_03_relaxed_session_01
2.232,0.6890805594501469,relaxed,subject_03,subject_03_relaxed_session_01
2.236,0.7559684540749115,relaxed,subject_03,subject_03_relaxed_session_01
2.24,0.7777178425013136,relaxed,subject_03,subject_03_relaxed_session_01
2.244,0.8227454371725761,relaxed,subject_03,subject_03_relaxed_session_01
2.248,0.794165561658614,relaxed,subject_03,subject_03_relaxed_session_01
2.252,0.7313021800897213,relaxed,subject_03,subject_03_relaxed_session_01
2.256,0.5885959137748873,relaxed,subject_03,subject_03_relaxed_session_01
2.26,0.4613591230282492,relaxed,subject_03,subject_03_relaxed_session_01
2.264,0.3268211133273664,relaxed,subject_03,subject_03_relaxed_session_01
2.268,0.1884223228025618,relaxed,subject_03,subject_03_relaxed_session_01
2.272,0.06395164767688778,relaxed,subject_03,subject_03_relaxed_session_01
2.276,0.03887593721851865,relaxed,subject_03,subject_03_relaxed_session_01
2.28,-0.07614955522537208,relaxed,subject_03,subject_03_relaxed_session_01
2.284,-0.07234394804851677,relaxed,subject_03,subject_03_relaxed_session_01
2.288,-0.09912375643320381,relaxed,subject_03,subject_03_relaxed_session_01
2.292,-0.07049467879701785,relaxed,subject_03,subject_03_relaxed_session_01
2.296,-0.04760952580426912,relaxed,subject_03,subject_03_relaxed_session_01
2.3,-0.042304968243400076,relaxed,subject_03,subject_03_relaxed_session_01
2.304,-0.04761358249763252,relaxed,subject_03,subject_03_relaxed_session_01
2.308,-0.019066506927364932,relaxed,subject_03,subject_03_relaxed_session_01
2.312,0.01818994416500493,relaxed,subject_03,subject_03_relaxed_session_01
2.316,-0.0289994797653313,relaxed,subject_03,subject_03_relaxed_session_01
2.32,0.03746487095181473,relaxed,subject_03,subject_03_relaxed_session_01
2.324,0.009769130521993418,relaxed,subject_03,subject_03_relaxed_session_01
2.328,0.024900691136521987,relaxed,subject_03,subject_03_relaxed_session_01
2.332,-0.007756434666329484,relaxed,subject_03,subject_03_relaxed_session_01
2.336,0.013183933363744963,relaxed,subject_03,subject_03_relaxed_session_01
2.34,0.005873420761748101,relaxed,subject_03,subject_03_relaxed_session_01
2.344,0.02834499749856334,relaxed,subject_03,subject_03_relaxed_session_01
2.348,0.00407466156955074,relaxed,subject_03,subject_03_relaxed_session_01
2.352,0.017209673625697666,relaxed,subject_03,subject_03_relaxed_session_01
2.356,0.0749149318060797,relaxed,subject_03,subject_03_relaxed_session_01
2.36,0.050686132796713225,relaxed,subject_03,subject_03_relaxed_session_01
2.364,0.04976215557983281,relaxed,subject_03,subject_03_relaxed_session_01
2.368,0.05408914265247014,relaxed,subject_03,subject_03_relaxed_session_01
2.372,0.08086392713181972,relaxed,subject_03,subject_03_relaxed_session_01
2.376,0.05425293150904512,relaxed,subject_03,subject_03_relaxed_session_01
2.38,0.08081267323936421,relaxed,subject_03,subject_03_relaxed_session_01
2.384,0.02037561168728396,relaxed,subject_03,subject_03_relaxed_session_01
2.388,0.07085093554530825,relaxed,subject_03,subject_03_relaxed_session_01
2.392,0.07290144895866334,relaxed,subject_03,subject_03_relaxed_session_01
2.396,0.07456863672352528,relaxed,subject_03,subject_03_relaxed_session_01
2.4,0.10593370164945266,relaxed,subject_03,subject_03_relaxed_session_01
2.404,0.09463953834364108,relaxed,subject_03,subject_03_relaxed_session_01
2.408,0.10036378802808775,relaxed,subject_03,subject_03_relaxed_session_01
2.412,0.09418243013986806,relaxed,subject_03,subject_03_relaxed_session_01
2.416,0.10828401272384433,relaxed,subject_03,subject_03_relaxed_session_01
2.42,0.08228163240379135,relaxed,subject_03,subject_03_relaxed_session_01
2.424,0.12231129052035614,relaxed,subject_03,subject_03_relaxed_session_01
2.428,0.10642387062716373,relaxed,subject_03,subject_03_relaxed_session_01
2.432,0.17159152992879528,relaxed,subject_03,subject_03_relaxed_session_01
2.436,0.16117459467329873,relaxed,subject_03,subject_03_relaxed_session_01
2.44,0.17035746560511034,relaxed,subject_03,subject_03_relaxed_session_01
2.444,0.1310352925303136,relaxed,subject_03,subject_03_relaxed_session_01
2.448,0.1792900381167521,relaxed,subject_03,subject_03_relaxed_session_01
2.452,0.15394767867651243,relaxed,subject_03,subject_03_relaxed_session_01
2.456,0.17724542599382448,relaxed,subject_03,subject_03_relaxed_session_01
2.46,0.17201583358571418,relaxed,subject_03,subject_03_relaxed_session_01
2.464,0.15180994530423092,relaxed,subject_03,subject_03_relaxed_session_01
2.468,0.16183112049833426,relaxed,subject_03,subject_03_relaxed_session_01
2.472,0.19850960635268725,relaxed,subject_03,subject_03_relaxed_session_01
2.476,0.20013570442364545,relaxed,subject_03,subject_03_relaxed_session_01
2.48,0.16190457020524757,relaxed,subject_03,subject_03_relaxed_session_01
2.484,0.2133416630846352,relaxed,subject_03,subject_03_relaxed_session_01
2.488,0.1837097926511034,relaxed,subject_03,subject_03_relaxed_session_01
2.492,0.16590777241790788,relaxed,subject_03,subject_03_relaxed_session_01
2.496,0.180243056819983,relaxed,subject_03,subject_03_relaxed_session_01
2.5,0.16326597758333006,relaxed,subject_03,subject_03_relaxed_session_01
2.504,0.1744918415431001,relaxed,subject_03,subject_03_relaxed_session_01
2.508,0.1775457472569537,relaxed,subject_03,subject_03_relaxed_session_01
2.512,0.19503860990588828,relaxed,subject_03,subject_03_relaxed_session_01
2.516,0.1981006600335623,relaxed,subject_03,subject_03_relaxed_session_01
2.52,0.19976945350441053,relaxed,subject_03,subject_03_relaxed_session_01
2.524,0.19045287584679624,relaxed,subject_03,subject_03_relaxed_session_01
2.528,0.13246871888162476,relaxed,subject_03,subject_03_relaxed_session_01
2.532,0.13705665480822435,relaxed,subject_03,subject_03_relaxed_session_01
2.536,0.18297661020672498,relaxed,subject_03,subject_03_relaxed_session_01
2.54,0.14643847367825685,relaxed,subject_03,subject_03_relaxed_session_01
2.544,0.14744293583477702,relaxed,subject_03,subject_03_relaxed_session_01
2.548,0.1570674788398118,relaxed,subject_03,subject_03_relaxed_session_01
2.552,0.1642094800655507,relaxed,subject_03,subject_03_relaxed_session_01
2.556,0.14160652612399233,relaxed,subject_03,subject_03_relaxed_session_01
2.56,0.1086696560889112,relaxed,subject_03,subject_03_relaxed_session_01
2.564,0.09501499378186185,relaxed,subject_03,subject_03_relaxed_session_01
2.568,0.09149552913594686,relaxed,subject_03,subject_03_relaxed_session_01
2.572,0.1308417697603694,relaxed,subject_03,subject_03_relaxed_session_01
2.576,0.11700306761827295,relaxed,subject_03,subject_03_relaxed_session_01
2.58,0.0941827774017608,relaxed,subject_03,subject_03_relaxed_session_01
2.584,0.058285236894652814,relaxed,subject_03,subject_03_relaxed_session_01
2.588,0.09824086595296608,relaxed,subject_03,subject_03_relaxed_session_01
2.592,0.07791191526153318,relaxed,subject_03,subject_03_relaxed_session_01
2.596,0.05265140541322576,relaxed,subject_03,subject_03_relaxed_session_01
2.6,0.06091295555184297,relaxed,subject_03,subject_03_relaxed_session_01
2.604,0.06632434139146202,relaxed,subject_03,subject_03_relaxed_session_01
2.608,0.041650790343490576,relaxed,subject_03,subject_03_relaxed_session_01
2.612,0.024418717895089825,relaxed,subject_03,subject_03_relaxed_session_01
2.616,0.04371582554253815,relaxed,subject_03,subject_03_relaxed_session_01
2.62,0.03999868381606936,relaxed,subject_03,subject_03_relaxed_session_01
2.624,-0.007664867813599832,relaxed,subject_03,subject_03_relaxed_session_01
2.628,0.024253505672401348,relaxed,subject_03,subject_03_relaxed_session_01
2.632,0.004566155934189391,relaxed,subject_03,subject_03_relaxed_session_01
2.636,0.026909954955063334,relaxed,subject_03,subject_03_relaxed_session_01
2.64,-0.02049635698694527,relaxed,subject_03,subject_03_relaxed_session_01
2.644,-0.015470652662126659,relaxed,subject_03,subject_03_relaxed_session_01
2.648,-0.04020052190667933,relaxed,subject_03,subject_03_relaxed_session_01
2.652,0.011848473283387395,relaxed,subject_03,subject_03_relaxed_session_01
2.656,-0.02932437489170851,relaxed,subject_03,subject_03_relaxed_session_01
2.66,-0.02855978659378817,relaxed,subject_03,subject_03_relaxed_session_01
2.664,-0.006343730281637052,relaxed,subject_03,subject_03_relaxed_session_01
2.668,-0.009999979407895408,relaxed,subject_03,subject_03_relaxed_session_01
2.672,0.0038167419375380613,relaxed,subject_03,subject_03_relaxed_session_01
2.676,0.0038969624221230313,relaxed,subject_03,subject_03_relaxed_session_01
2.68,0.009978340837835376,relaxed,subject_03,subject_03_relaxed_session_01
2.684,0.018050994429687973,relaxed,subject_03,subject_03_relaxed_session_01
2.688,0.005140177237274994,relaxed,subject_03,subject_03_relaxed_session_01
2.692,-0.010398363177274805,relaxed,subject_03,subject_03_relaxed_session_01
2.696,-0.013914185450515044,relaxed,subject_03,subject_03_relaxed_session_01
2.7,-0.007024802031093732,relaxed,subject_03,subject_03_relaxed_session_01
2.704,-0.06076452430838846,relaxed,subject_03,subject_03_relaxed_session_01
2.708,-0.024332290296605805,relaxed,subject_03,subject_03_relaxed_session_01
2.712,-0.05858833265298062,relaxed,subject_03,subject_03_relaxed_session_01
2.716,-0.037459603505891156,relaxed,subject_03,subject_03_relaxed_session_01
2.72,-0.05292533662365402,relaxed,subject_03,subject_03_relaxed_session_01
2.724,-0.016208859813891783,relaxed,subject_03,subject_03_relaxed_session_01
2.728,-0.012482480106307647,relaxed,subject_03,subject_03_relaxed_session_01
2.732,-0.0006460849721495326,relaxed,subject_03,subject_03_relaxed_session_01
2.736,-0.04473011614754721,relaxed,subject_03,subject_03_relaxed_session_01
2.74,-0.038907905285363135,relaxed,subject_03,subject_03_relaxed_session_01
2.744,-0.004427979569525592,relaxed,subject_03,subject_03_relaxed_session_01
2.748,-0.036619988326360944,relaxed,subject_03,subject_03_relaxed_session_01
2.752,-0.04101759932385817,relaxed,subject_03,subject_03_relaxed_session_01
2.756,-0.012629711071549558,relaxed,subject_03,subject_03_relaxed_session_01
2.76,-0.016721487730029433,relaxed,subject_03,subject_03_relaxed_session_01
2.764,-0.008141740705878867,relaxed,subject_03,subject_03_relaxed_session_01
2.768,-0.01780855217481174,relaxed,subject_03,subject_03_relaxed_session_01
2.772,-0.0354913909186424,relaxed,subject_03,subject_03_relaxed_session_01
2.776,-0.00026055501563589795,relaxed,subject_03,subject_03_relaxed_session_01
2.78,-0.010203249025571147,relaxed,subject_03,subject_03_relaxed_session_01
2.784,-0.028319481621852202,relaxed,subject_03,subject_03_relaxed_session_01
2.788,-0.0103464143912031,relaxed,subject_03,subject_03_relaxed_session_01
2.792,-0.028419086654407427,relaxed,subject_03,subject_03_relaxed_session_01
2.796,-0.04676457708957113,relaxed,subject_03,subject_03_relaxed_session_01
2.8,-0.026053997352894195,relaxed,subject_03,subject_03_relaxed_session_01
2.804,0.010227399508825615,relaxed,subject_03,subject_03_relaxed_session_01
2.808,-0.007479043798746306,relaxed,subject_03,subject_03_relaxed_session_01
2.812,-0.01997303498056402,relaxed,subject_03,subject_03_relaxed_session_01
2.816,-0.046176056739270055,relaxed,subject_03,subject_03_relaxed_session_01
2.82,-0.051812414909193624,relaxed,subject_03,subject_03_relaxed_session_01
2.824,-0.03291075722625677,relaxed,subject_03,subject_03_relaxed_session_01
2.828,-0.0399808545201071,relaxed,subject_03,subject_03_relaxed_session_01
2.832,-0.02721519050727848,relaxed,subject_03,subject_03_relaxed_session_01
2.836,-0.024206492131793392,relaxed,subject_03,subject_03_relaxed_session_01
2.84,-0.05522883720241903,relaxed,subject_03,subject_03_relaxed_session_01
2.844,-0.04297077383016874,relaxed,subject_03,subject_03_relaxed_session_01
2.848,-0.032595866940490416,relaxed,subject_03,subject_03_relaxed_session_01
2.852,-0.01590907509569086,relaxed,subject_03,subject_03_relaxed_session_01
2.856,-0.014103277405125571,relaxed,subject_03,subject_03_relaxed_session_01
2.86,-0.042972717657143646,relaxed,subject_03,subject_03_relaxed_session_01
2.864,-0.04528840636030846,relaxed,subject_03,subject_03_relaxed_session_01
2.868,-0.037947521080443164,relaxed,subject_03,subject_03_relaxed_session_01
2.872,-0.0010193234394568866,relaxed,subject_03,subject_03_relaxed_session_01
2.876,-0.02404588146461397,relaxed,subject_03,subject_03_relaxed_session_01
2.88,-0.009731280184138942,relaxed,subject_03,subject_03_relaxed_session_01
2.884,-0.00046245191399363686,relaxed,subject_03,subject_03_relaxed_session_01
2.888,0.019155568041110932,relaxed,subject_03,subject_03_relaxed_session_01
2.892,-0.026046953454379605,relaxed,subject_03,subject_03_relaxed_session_01
2.896,0.026723295428730226,relaxed,subject_03,subject_03_relaxed_session_01
2.9,0.0184503489551563,relaxed,subject_03,subject_03_relaxed_session_01
2.904,0.04496297221969501,relaxed,subject_03,subject_03_relaxed_session_01
2.908,0.04468411478994362,relaxed,subject_03,subject_03_relaxed_session_01
2.912,0.023941712265071666,relaxed,subject_03,subject_03_relaxed_session_01
2.916,0.012084110519826156,relaxed,subject_03,subject_03_relaxed_session_01
2.92,0.04563120052879646,relaxed,subject_03,subject_03_relaxed_session_01
2.924,0.015361439735217312,relaxed,subject_03,subject_03_relaxed_session_01
2.928,0.04729880510316786,relaxed,subject_03,subject_03_relaxed_session_01
2.932,0.03311320645631732,relaxed,subject_03,subject_03_relaxed_session_01
2.936,0.04787498443066132,relaxed,subject_03,subject_03_relaxed_session_01
2.94,0.013374485020494972,relaxed,subject_03,subject_03_relaxed_session_01
2.944,0.05914580876851697,relaxed,subject_03,subject_03_relaxed_session_01
2.948,0.06647225154473967,relaxed,subject_03,subject_03_relaxed_session_01
2.952,0.0560128003581967,relaxed,subject_03,subject_03_relaxed_session_01
2.956,0.0668675560097188,relaxed,subject_03,subject_03_relaxed_session_01
2.96,0.048011207429972606,relaxed,subject_03,subject_03_relaxed_session_01
2.964,0.08563852531896016,relaxed,subject_03,subject_03_relaxed_session_01
2.968,0.07011579839325695,relaxed,subject_03,subject_03_relaxed_session_01
2.972,0.11318001554109348,relaxed,subject_03,subject_03_relaxed_session_01
2.976,0.07229884012948809,relaxed,subject_03,subject_03_relaxed_session_01
2.98,0.07144219527647723,relaxed,subject_03,subject_03_relaxed_session_01
2.984,0.05110193335656364,relaxed,subject_03,subject_03_relaxed_session_01
2.988,0.08045817476740366,relaxed,subject_03,subject_03_relaxed_session_01
2.992,0.043687260316306625,relaxed,subject_03,subject_03_relaxed_session_01
2.996,0.08207502872502959,relaxed,subject_03,subject_03_relaxed_session_01
3.0,0.07644286562226077,relaxed,subject_03,subject_03_relaxed_session_01
3.004,0.0269468105184493,relaxed,subject_03,subject_03_relaxed_session_01
3.008,0.026289824623767184,relaxed,subject_03,subject_03_relaxed_session_01
3.012,0.011936062785053995,relaxed,subject_03,subject_03_relaxed_session_01
3.016,-0.0056052139956028445,relaxed,subject_03,subject_03_relaxed_session_01
3.02,0.021827223989650167,relaxed,subject_03,subject_03_relaxed_session_01
3.024,0.011066715996025081,relaxed,subject_03,subject_03_relaxed_session_01
3.028,0.01947990163722578,relaxed,subject_03,subject_03_relaxed_session_01
3.032,0.0008250411087477949,relaxed,subject_03,subject_03_relaxed_session_01
3.036,0.015171815644659904,relaxed,subject_03,subject_03_relaxed_session_01
3.04,-0.006987667912132162,relaxed,subject_03,subject_03_relaxed_session_01
3.044,-0.013336088871534224,relaxed,subject_03,subject_03_relaxed_session_01
3.048,-0.010743592805469163,relaxed,subject_03,subject_03_relaxed_session_01
3.052,-1.128548362252721e-06,relaxed,subject_03,subject_03_relaxed_session_01
3.056,-0.024969117983816326,relaxed,subject_03,subject_03_relaxed_session_01
3.06,-0.0014781477729914165,relaxed,subject_03,subject_03_relaxed_session_01
3.064,-0.03616396904330396,relaxed,subject_03,subject_03_relaxed_session_01
3.068,-0.029217279116397973,relaxed,subject_03,subject_03_relaxed_session_01
3.072,-0.06151499139322,relaxed,subject_03,subject_03_relaxed_session_01
3.076,-0.03209787784743228,relaxed,subject_03,subject_03_relaxed_session_01
3.08,-0.04858957758880629,relaxed,subject_03,subject_03_relaxed_session_01
3.084,-0.015805839868235298,relaxed,subject_03,subject_03_relaxed_session_01
3.088,-0.017377931339599112,relaxed,subject_03,subject_03_relaxed_session_01
3.092,-0.00397167173010559,relaxed,subject_03,subject_03_relaxed_session_01
3.096,0.0038106846001752723,relaxed,subject_03,subject_03_relaxed_session_01
3.1,-0.03462076008447271,relaxed,subject_03,subject_03_relaxed_session_01
3.104,-0.04943110447429627,relaxed,subject_03,subject_03_relaxed_session_01
3.108,-0.030206218594574667,relaxed,subject_03,subject_03_relaxed_session_01
3.112,-0.05308908205588057,relaxed,subject_03,subject_03_relaxed_session_01
3.116,-0.06132085143876154,relaxed,subject_03,subject_03_relaxed_session_01
3.12,-0.04658803828142797,relaxed,subject_03,subject_03_relaxed_session_01
3.124,-0.04128293974820113,relaxed,subject_03,subject_03_relaxed_session_01
3.128,0.049194428438692074,relaxed,subject_03,subject_03_relaxed_session_01
3.132,0.06585110917415055,relaxed,subject_03,subject_03_relaxed_session_01
3.136,0.159934238148639,relaxed,subject_03,subject_03_relaxed_session_01
3.14,0.28831930899601543,relaxed,subject_03,subject_03_relaxed_session_01
3.144,0.4412848407054248,relaxed,subject_03,subject_03_relaxed_session_01
3.148,0.5207725547229564,relaxed,subject_03,subject_03_relaxed_session_01
3.152,0.6052798547355749,relaxed,subject_03,subject_03_relaxed_session_01
3.156,0.7354755324975389,relaxed,subject_03,subject_03_relaxed_session_01
3.16,0.7628472409253603,relaxed,subject_03,subject_03_relaxed_session_01
3.164,0.8044193104959968,relaxed,subject_03,subject_03_relaxed_session_01
3.168,0.8172172733133717,relaxed,subject_03,subject_03_relaxed_session_01
3.172,0.7009374168926434,relaxed,subject_03,subject_03_relaxed_session_01
3.176,0.5905853002724474,relaxed,subject_03,subject_03_relaxed_session_01
3.18,0.4997524404097555,relaxed,subject_03,subject_03_relaxed_session_01
3.184,0.33980034753885624,relaxed,subject_03,subject_03_relaxed_session_01
3.188,0.23457492026295207,relaxed,subject_03,subject_03_relaxed_session_01
3.192,0.08799243344165679,relaxed,subject_03,subject_03_relaxed_session_01
3.196,0.015446387731615049,relaxed,subject_03,subject_03_relaxed_session_01
3.2,-0.08954603717763333,relaxed,subject_03,subject_03_relaxed_session_01
3.204,-0.10981076427847627,relaxed,subject_03,subject_03_relaxed_session_01
3.208,-0.10353022080212108,relaxed,subject_03,subject_03_relaxed_session_01
3.212,-0.10043483265342373,relaxed,subject_03,subject_03_relaxed_session_01
3.216,-0.026482855016686013,relaxed,subject_03,subject_03_relaxed_session_01
3.22,-0.03808192331450873,relaxed,subject_03,subject_03_relaxed_session_01
3.224,-0.022408974882790537,relaxed,subject_03,subject_03_relaxed_session_01
3.228,-0.03294568528634026,relaxed,subject_03,subject_03_relaxed_session_01
3.232,-0.048317878572270226,relaxed,subject_03,subject_03_relaxed_session_01
3.236,0.019269959679748417,relaxed,subject_03,subject_03_relaxed_session_01
3.24,-0.042173866936319304,relaxed,subject_03,subject_03_relaxed_session_01
3.244,-0.017316675409445814,relaxed,subject_03,subject_03_relaxed_session_01
3.248,0.00817993412575559,relaxed,subject_03,subject_03_relaxed_session_01
3.252,0.051819362044276646,relaxed,subject_03,subject_03_relaxed_session_01
3.256,0.037488330576480135,relaxed,subject_03,subject_03_relaxed_session_01
3.26,0.01833889925593793,relaxed,subject_03,subject_03_relaxed_session_01
3.264,0.05227296928811091,relaxed,subject_03,subject_03_relaxed_session_01
3.268,0.003052590020746003,relaxed,subject_03,subject_03_relaxed_session_01
3.272,0.025815239406456893,relaxed,subject_03,subject_03_relaxed_session_01
3.276,0.0500879402303931,relaxed,subject_03,subject_03_relaxed_session_01
3.28,-0.002798017043909154,relaxed,subject_03,subject_03_relaxed_session_01
3.284,0.03735783790315151,relaxed,subject_03,subject_03_relaxed_session_01
3.288,0.043496730587975055,relaxed,subject_03,subject_03_relaxed_session_01
3.292,0.047909920544478665,relaxed,subject_03,subject_03_relaxed_session_01
3.296,0.024090594157609224,relaxed,subject_03,subject_03_relaxed_session_01
3.3,0.05915656107860855,relaxed,subject_03,subject_03_relaxed_session_01
3.304,0.061998585619111674,relaxed,subject_03,subject_03_relaxed_session_01
3.308,0.0509752277680291,relaxed,subject_03,subject_03_relaxed_session_01
3.312,0.08359521735897657,relaxed,subject_03,subject_03_relaxed_session_01
3.316,0.10117899695945728,relaxed,subject_03,subject_03_relaxed_session_01
3.32,0.06640189846880482,relaxed,subject_03,subject_03_relaxed_session_01
3.324,0.09676959811121047,relaxed,subject_03,subject_03_relaxed_session_01
3.328,0.12095762549932693,relaxed,subject_03,subject_03_relaxed_session_01
3.332,0.127849080515366,relaxed,subject_03,subject_03_relaxed_session_01
3.336,0.10330285369939154,relaxed,subject_03,subject_03_relaxed_session_01
3.34,0.13436415293243797,relaxed,subject_03,subject_03_relaxed_session_01
3.344,0.1145345233849136,relaxed,subject_03,subject_03_relaxed_session_01
3.348,0.14213015012771285,relaxed,subject_03,subject_03_relaxed_session_01
3.352,0.11726155157659095,relaxed,subject_03,subject_03_relaxed_session_01
3.356,0.10771602528506,relaxed,subject_03,subject_03_relaxed_session_01
3.36,0.15471890572688574,relaxed,subject_03,subject_03_relaxed_session_01
3.364,0.16733999376971898,relaxed,subject_03,subject_03_relaxed_session_01
3.368,0.16928807804535162,relaxed,subject_03,subject_03_relaxed_session_01
3.372,0.14393219241531988,relaxed,subject_03,subject_03_relaxed_session_01
3.376,0.11559740920216643,relaxed,subject_03,subject_03_relaxed_session_01
3.38,0.18694178651796034,relaxed,subject_03,subject_03_relaxed_session_01
3.384,0.20266009616486,relaxed,subject_03,subject_03_relaxed_session_01
3.388,0.1391816246851248,relaxed,subject_03,subject_03_relaxed_session_01
3.392,0.17410671428188962,relaxed,subject_03,subject_03_relaxed_session_01
3.396,0.16415476706288573,relaxed,subject_03,subject_03_relaxed_session_01
3.4,0.18998195947983512,relaxed,subject_03,subject_03_relaxed_session_01
3.404,0.21346406541484925,relaxed,subject_03,subject_03_relaxed_session_01
3.408,0.18322233981970487,relaxed,subject_03,subject_03_relaxed_session_01
3.412,0.1783837528193125,relaxed,subject_03,subject_03_relaxed_session_01
3.416,0.19642471298524122,relaxed,subject_03,subject_03_relaxed_session_01
3.42,0.14569193014344495,relaxed,subject_03,subject_03_relaxed_session_01
3.424,0.20397010294538626,relaxed,subject_03,subject_03_relaxed_session_01
3.428,0.20689441852085153,relaxed,subject_03,subject_03_relaxed_session_01
3.432,0.18385251250618992,relaxed,subject_03,subject_03_relaxed_session_01
3.436,0.1724926842761105,relaxed,subject_03,subject_03_relaxed_session_01
3.44,0.17271517380464607,relaxed,subject_03,subject_03_relaxed_session_01
3.444,0.16940860004275768,relaxed,subject_03,subject_03_relaxed_session_01
3.448,0.16999249097977223,relaxed,subject_03,subject_03_relaxed_session_01
3.452,0.13572368719963868,relaxed,subject_03,subject_03_relaxed_session_01
3.456,0.17063600088616224,relaxed,subject_03,subject_03_relaxed_session_01
3.46,0.15010464719617592,relaxed,subject_03,subject_03_relaxed_session_01
3.464,0.15265451458345394,relaxed,subject_03,subject_03_relaxed_session_01
3.468,0.1352102257101239,relaxed,subject_03,subject_03_relaxed_session_01
3.472,0.1486872743035682,relaxed,subject_03,subject_03_relaxed_session_01
3.476,0.1617664864342749,relaxed,subject_03,subject_03_relaxed_session_01
3.48,0.1333057672234364,relaxed,subject_03,subject_03_relaxed_session_01
3.484,0.09023100222380431,relaxed,subject_03,subject_03_relaxed_session_01
3.488,0.11680508041092645,relaxed,subject_03,subject_03_relaxed_session_01
3.492,0.11461804329744915,relaxed,subject_03,subject_03_relaxed_session_01
3.496,0.10301739126245918,relaxed,subject_03,subject_03_relaxed_session_01
3.5,0.08249825471602262,relaxed,subject_03,subject_03_relaxed_session_01
3.504,0.09065783150117783,relaxed,subject_03,subject_03_relaxed_session_01
3.508,0.10223525602340708,relaxed,subject_03,subject_03_relaxed_session_01
3.512,0.07341949549915806,relaxed,subject_03,subject_03_relaxed_session_01
3.516,0.10099625530531878,relaxed,subject_03,subject_03_relaxed_session_01
3.52,0.054602146038533035,relaxed,subject_03,subject_03_relaxed_session_01
3.524,0.04136369435780779,relaxed,subject_03,subject_03_relaxed_session_01
3.528,0.051913277623788265,relaxed,subject_03,subject_03_relaxed_session_01
3.532,0.01065210680989194,relaxed,subject_03,subject_03_relaxed_session_01
3.536,0.04611241017639454,relaxed,subject_03,subject_03_relaxed_session_01
3.54,0.034839642621241194,relaxed,subject_03,subject_03_relaxed_session_01
3.544,0.05064277381038024,relaxed,subject_03,subject_03_relaxed_session_01
3.548,-0.001627801217338784,relaxed,subject_03,subject_03_relaxed_session_01
3.552,0.043756302730213095,relaxed,subject_03,subject_03_relaxed_session_01
3.556,0.027669109992047112,relaxed,subject_03,subject_03_relaxed_session_01
3.56,0.05265444269969086,relaxed,subject_03,subject_03_relaxed_session_01
3.564,0.014152356137329023,relaxed,subject_03,subject_03_relaxed_session_01
3.568,0.02120852477838358,relaxed,subject_03,subject_03_relaxed_session_01
3.572,0.02413341801706189,relaxed,subject_03,subject_03_relaxed_session_01
3.576,-0.03195348100142372,relaxed,subject_03,subject_03_relaxed_session_01
3.58,0.028430518108746524,relaxed,subject_03,subject_03_relaxed_session_01
3.584,0.001327954918817052,relaxed,subject_03,subject_03_relaxed_session_01
3.588,-0.02362085071851346,relaxed,subject_03,subject_03_relaxed_session_01
3.592,-0.00162959268300129,relaxed,subject_03,subject_03_relaxed_session_01
3.596,0.0215545040892269,relaxed,subject_03,subject_03_relaxed_session_01
3.6,-0.010294225726765416,relaxed,subject_03,subject_03_relaxed_session_01
3.604,-0.002785264524844618,relaxed,subject_03,subject_03_relaxed_session_01
3.608,-0.04616509740599656,relaxed,subject_03,subject_03_relaxed_session_01
3.612,-0.02438844626439165,relaxed,subject_03,subject_03_relaxed_session_01
3.616,0.005870216900084494,relaxed,subject_03,subject_03_relaxed_session_01
3.62,0.011995868439005434,relaxed,subject_03,subject_03_relaxed_session_01
3.624,-0.005738160646943107,relaxed,subject_03,subject_03_relaxed_session_01
3.628,0.0010375288622098446,relaxed,subject_03,subject_03_relaxed_session_01
3.632,-0.01923610334643964,relaxed,subject_03,subject_03_relaxed_session_01
3.636,-0.011325031718407813,relaxed,subject_03,subject_03_relaxed_session_01
3.64,-0.03337550361370348,relaxed,subject_03,subject_03_relaxed_session_01
3.644,-0.02233774726179317,relaxed,subject_03,subject_03_relaxed_session_01
3.648,-0.013387629474742023,relaxed,subject_03,subject_03_relaxed_session_01
3.652,-0.044331316485610756,relaxed,subject_03,subject_03_relaxed_session_01
3.656,0.03463217536216362,relaxed,subject_03,subject_03_relaxed_session_01
3.66,-0.027490291935306846,relaxed,subject_03,subject_03_relaxed_session_01
3.664,-0.009301336039466361,relaxed,subject_03,subject_03_relaxed_session_01
3.668,-0.03858549104577744,relaxed,subject_03,subject_03_relaxed_session_01
3.672,-0.0740837363427483,relaxed,subject_03,subject_03_relaxed_session_01
3.676,0.02062384466554061,relaxed,subject_03,subject_03_relaxed_session_01
3.68,-0.012482855940868618,relaxed,subject_03,subject_03_relaxed_session_01
3.684,-0.057052732106495925,relaxed,subject_03,subject_03_relaxed_session_01
3.688,-0.03403888849995364,relaxed,subject_03,subject_03_relaxed_session_01
3.692,0.027930050784228173,relaxed,subject_03,subject_03_relaxed_session_01
3.696,-0.003703632578280382,relaxed,subject_03,subject_03_relaxed_session_01
3.7,-0.0648522228524598,relaxed,subject_03,subject_03_relaxed_session_01
3.704,-0.023365975396327787,relaxed,subject_03,subject_03_relaxed_session_01
3.708,-0.01665141032825212,relaxed,subject_03,subject_03_relaxed_session_01
3.712,-0.0023430156073439273,relaxed,subject_03,subject_03_relaxed_session_01
3.716,-0.012869944158236432,relaxed,subject_03,subject_03_relaxed_session_01
3.72,-0.04720236079387827,relaxed,subject_03,subject_03_relaxed_session_01
3.724,-0.024998773274507467,relaxed,subject_03,subject_03_relaxed_session_01
3.728,-0.030255172638982163,relaxed,subject_03,subject_03_relaxed_session_01
3.732,0.0030944709259559076,relaxed,subject_03,subject_03_relaxed_session_01
3.736,-0.02247170974289376,relaxed,subject_03,subject_03_relaxed_session_01
3.74,-0.02241066706909736,relaxed,subject_03,subject_03_relaxed_session_01
3.744,-0.016184535193789457,relaxed,subject_03,subject_03_relaxed_session_01
3.748,-0.027813301866675775,relaxed,subject_03,subject_03_relaxed_session_01
3.752,0.02006126177179908,relaxed,subject_03,subject_03_relaxed_session_01
3.756,0.012880530704030063,relaxed,subject_03,subject_03_relaxed_session_01
3.76,0.01445083127286272,relaxed,subject_03,subject_03_relaxed_session_01
3.764,-0.03285694399743522,relaxed,subject_03,subject_03_relaxed_session_01
3.768,-0.00026500265902830184,relaxed,subject_03,subject_03_relaxed_session_01
3.772,0.009492880405052551,relaxed,subject_03,subject_03_relaxed_session_01
3.776,-0.02558031410593858,relaxed,subject_03,subject_03_relaxed_session_01
3.78,-0.027105355304045745,relaxed,subject_03,subject_03_relaxed_session_01
3.784,-0.021829008000773448,relaxed,subject_03,subject_03_relaxed_session_01
3.788,-0.0293178071237559,relaxed,subject_03,subject_03_relaxed_session_01
3.792,0.02305478967184104,relaxed,subject_03,subject_03_relaxed_session_01
3.796,0.0236844947683108,relaxed,subject_03,subject_03_relaxed_session_01
3.8,0.0009408221727146464,relaxed,subject_03,subject_03_relaxed_session_01
3.804,0.009297176340611356,relaxed,subject_03,subject_03_relaxed_session_01
3.808,0.0004561945558220117,relaxed,subject_03,subject_03_relaxed_session_01
3.812,0.06422619165832327,relaxed,subject_03,subject_03_relaxed_session_01
3.816,0.013433830118185938,relaxed,subject_03,subject_03_relaxed_session_01
3.82,0.016101524148541678,relaxed,subject_03,subject_03_relaxed_session_01
3.824,0.02895951345018784,relaxed,subject_03,subject_03_relaxed_session_01
3.828,0.010327720836761412,relaxed,subject_03,subject_03_relaxed_session_01
3.832,0.04729511889602502,relaxed,subject_03,subject_03_relaxed_session_01
3.836,0.07593865844991259,relaxed,subject_03,subject_03_relaxed_session_01
3.84,0.04949322265980191,relaxed,subject_03,subject_03_relaxed_session_01
3.844,0.07456085363328756,relaxed,subject_03,subject_03_relaxed_session_01
3.848,0.024805948055374172,relaxed,subject_03,subject_03_relaxed_session_01
3.852,0.05025667308260801,relaxed,subject_03,subject_03_relaxed_session_01
3.856,0.07627005338856921,relaxed,subject_03,subject_03_relaxed_session_01
3.86,0.04202466399641527,relaxed,subject_03,subject_03_relaxed_session_01
3.864,0.0897377070600794,relaxed,subject_03,subject_03_relaxed_session_01
3.868,0.08064978206091515,relaxed,subject_03,subject_03_relaxed_session_01
3.872,0.09574778143600456,relaxed,subject_03,subject_03_relaxed_session_01
3.876,0.08749179764336973,relaxed,subject_03,subject_03_relaxed_session_01
3.88,0.09043934957090644,relaxed,subject_03,subject_03_relaxed_session_01
3.884,0.042426637433382895,relaxed,subject_03,subject_03_relaxed_session_01
3.888,0.0727126707406851,relaxed,subject_03,subject_03_relaxed_session_01
3.892,0.10393675140540147,relaxed,subject_03,subject_03_relaxed_session_01
3.896,0.06393923366309906,relaxed,subject_03,subject_03_relaxed_session_01
3.9,0.07038759228254243,relaxed,subject_03,subject_03_relaxed_session_01
3.904,0.07836419585081901,relaxed,subject_03,subject_03_relaxed_session_01
3.908,0.0766984262227413,relaxed,subject_03,subject_03_relaxed_session_01
3.912,0.09389400508359479,relaxed,subject_03,subject_03_relaxed_session_01
3.916,0.07971397728088021,relaxed,subject_03,subject_03_relaxed_session_01
3.92,0.05711878224355723,relaxed,subject_03,subject_03_relaxed_session_01
3.924,0.031046219905015077,relaxed,subject_03,subject_03_relaxed_session_01
3.928,0.12131894978274244,relaxed,subject_03,subject_03_relaxed_session_01
3.932,0.055733052564307314,relaxed,subject_03,subject_03_relaxed_session_01
3.936,0.06808871173006434,relaxed,subject_03,subject_03_relaxed_session_01
3.94,-0.0029069639670737044,relaxed,subject_03,subject_03_relaxed_session_01
3.944,0.03246982146279471,relaxed,subject_03,subject_03_relaxed_session_01
3.948,0.027081974102299435,relaxed,subject_03,subject_03_relaxed_session_01
3.952,0.02163751568254264,relaxed,subject_03,subject_03_relaxed_session_01
3.956,0.04246127101693135,relaxed,subject_03,subject_03_relaxed_session_01
3.96,0.017905786806398514,relaxed,subject_03,subject_03_relaxed_session_01
3.964,0.011270711178045272,relaxed,subject_03,subject_03_relaxed_session_01
3.968,0.016600850563543407,relaxed,subject_03,subject_03_relaxed_session_01
3.972,0.014730006349136708,relaxed,subject_03,subject_03_relaxed_session_01
3.976,-0.012299335333063297,relaxed,subject_03,subject_03_relaxed_session_01
3.98,0.02972053952030741,relaxed,subject_03,subject_03_relaxed_session_01
3.984,-0.0033428076940453227,relaxed,subject_03,subject_03_relaxed_session_01
3.988,0.004731629758284356,relaxed,subject_03,subject_03_relaxed_session_01
3.992,0.035551528976458927,relaxed,subject_03,subject_03_relaxed_session_01
3.996,0.06277480374940854,relaxed,subject_03,subject_03_relaxed_session_01
4.0,0.013246833506082651,relaxed,subject_03,subject_03_relaxed_session_01
4.004,-0.03156042630577902,relaxed,subject_03,subject_03_relaxed_session_01
4.008,-0.0029786046710317637,relaxed,subject_03,subject_03_relaxed_session_01
4.012,0.03653121614914992,relaxed,subject_03,subject_03_relaxed_session_01
4.016,-0.0031838054576294565,relaxed,subject_03,subject_03_relaxed_session_01
4.02,0.01662802207887035,relaxed,subject_03,subject_03_relaxed_session_01
4.024,0.013681572446624267,relaxed,subject_03,subject_03_relaxed_session_01
4.028,-0.02102422641582521,relaxed,subject_03,subject_03_relaxed_session_01
4.032,0.025405422069573882,relaxed,subject_03,subject_03_relaxed_session_01
4.036,-0.008639670301444732,relaxed,subject_03,subject_03_relaxed_session_01
4.04,-0.017521620259491697,relaxed,subject_03,subject_03_relaxed_session_01
4.044,-0.008619213050459268,relaxed,subject_03,subject_03_relaxed_session_01
4.048,0.0014964941685772087,relaxed,subject_03,subject_03_relaxed_session_01
4.052,0.06385945359766873,relaxed,subject_03,subject_03_relaxed_session_01
4.056,0.14049896139952026,relaxed,subject_03,subject_03_relaxed_session_01
4.06,0.3117545628328471,relaxed,subject_03,subject_03_relaxed_session_01
4.064,0.40920032556388164,relaxed,subject_03,subject_03_relaxed_session_01
4.068,0.496781675995663,relaxed,subject_03,subject_03_relaxed_session_01
4.072,0.6761891408771585,relaxed,subject_03,subject_03_relaxed_session_01
4.076,0.7698517472679106,relaxed,subject_03,subject_03_relaxed_session_01
4.08,0.8019218985405623,relaxed,subject_03,subject_03_relaxed_session_01
4.084,0.857509718550951,relaxed,subject_03,subject_03_relaxed_session_01
4.088,0.8205153291423304,relaxed,subject_03,subject_03_relaxed_session_01
4.092,0.797696068450674,relaxed,subject_03,subject_03_relaxed_session_01
4.096,0.6919369425955898,relaxed,subject_03,subject_03_relaxed_session_01
4.1,0.550949814397169,relaxed,subject_03,subject_03_relaxed_session_01
4.104,0.39786362042782103,relaxed,subject_03,subject_03_relaxed_session_01
4.108,0.2846952276784944,relaxed,subject_03,subject_03_relaxed_session_01
4.112,0.17251197895554202,relaxed,subject_03,subject_03_relaxed_session_01
4.116,0.08878924558771403,relaxed,subject_03,subject_03_relaxed_session_01
4.12,0.004515138544868742,relaxed,subject_03,subject_03_relaxed_session_01
4.124,-0.03073566914261661,relaxed,subject_03,subject_03_relaxed_session_01
4.128,-0.07978827359621435,relaxed,subject_03,subject_03_relaxed_session_01
4.132,-0.10106311955236372,relaxed,subject_03,subject_03_relaxed_session_01
4.136,-0.08124548344428281,relaxed,subject_03,subject_03_relaxed_session_01
4.14,-0.0352012684906243,relaxed,subject_03,subject_03_relaxed_session_01
4.144,-0.027626654461675892,relaxed,subject_03,subject_03_relaxed_session_01
4.148,-0.0006338011887519479,relaxed,subject_03,subject_03_relaxed_session_01
4.152,0.026793312683951413,relaxed,subject_03,subject_03_relaxed_session_01
4.156,0.0318443782065362,relaxed,subject_03,subject_03_relaxed_session_01
4.16,-0.02257494078218962,relaxed,subject_03,subject_03_relaxed_session_01
4.164,0.07973071928700423,relaxed,subject_03,subject_03_relaxed_session_01
4.168,0.039185324862641556,relaxed,subject_03,subject_03_relaxed_session_01
4.172,0.040198502236285176,relaxed,subject_03,subject_03_relaxed_session_01
4.176,0.034537344063872405,relaxed,subject_03,subject_03_relaxed_session_01
4.18,0.03515592438078289,relaxed,subject_03,subject_03_relaxed_session_01
4.184,0.06620454356045066,relaxed,subject_03,subject_03_relaxed_session_01
4.188,0.028395163188028028,relaxed,subject_03,subject_03_relaxed_session_01
4.192,0.05789837445526716,relaxed,subject_03,subject_03_relaxed_session_01
4.196,0.08621678451817108,relaxed,subject_03,subject_03_relaxed_session_01
4.2,0.06406349978730824,relaxed,subject_03,subject_03_relaxed_session_01
4.204,0.0751353016129301,relaxed,subject_03,subject_03_relaxed_session_01
4.208,0.041615053549570485,relaxed,subject_03,subject_03_relaxed_session_01
4.212,0.0913066311498062,relaxed,subject_03,subject_03_relaxed_session_01
4.216,0.08745128944696733,relaxed,subject_03,subject_03_relaxed_session_01
4.22,0.08356065565519029,relaxed,subject_03,subject_03_relaxed_session_01
4.224,0.10570594976038089,relaxed,subject_03,subject_03_relaxed_session_01
4.228,0.07429067983099796,relaxed,subject_03,subject_03_relaxed_session_01
4.232,0.13924680458346514,relaxed,subject_03,subject_03_relaxed_session_01
4.236,0.16728384428715481,relaxed,subject_03,subject_03_relaxed_session_01
4.24,0.1037620618904806,relaxed,subject_03,subject_03_relaxed_session_01
4.244,0.14575409500697842,relaxed,subject_03,subject_03_relaxed_session_01
4.248,0.12589891017542643,relaxed,subject_03,subject_03_relaxed_session_01
4.252,0.1107561177438059,relaxed,subject_03,subject_03_relaxed_session_01
4.256,0.16792565129020492,relaxed,subject_03,subject_03_relaxed_session_01
4.26,0.14291190273680593,relaxed,subject_03,subject_03_relaxed_session_01
4.264,0.1673933423826549,relaxed,subject_03,subject_03_relaxed_session_01
4.268,0.19985769402327258,relaxed,subject_03,subject_03_relaxed_session_01
4.272,0.17858631788897641,relaxed,subject_03,subject_03_relaxed_session_01
4.276,0.1784409004265927,relaxed,subject_03,subject_03_relaxed_session_01
4.28,0.16111572491271392,relaxed,subject_03,subject_03_relaxed_session_01
4.284,0.16701268996631746,relaxed,subject_03,subject_03_relaxed_session_01
4.288,0.1889947333764286,relaxed,subject_03,subject_03_relaxed_session_01
4.292,0.18942188070029894,relaxed,subject_03,subject_03_relaxed_session_01
4.296,0.21556151829168652,relaxed,subject_03,subject_03_relaxed_session_01
4.3,0.18477744027813636,relaxed,subject_03,subject_03_relaxed_session_01
4.304,0.19525895560565648,relaxed,subject_03,subject_03_relaxed_session_01
4.308,0.21152148948511867,relaxed,subject_03,subject_03_relaxed_session_01
4.312,0.21982665401853085,relaxed,subject_03,subject_03_relaxed_session_01
4.316,0.22194675103571104,relaxed,subject_03,subject_03_relaxed_session_01
4.32,0.21926240813345507,relaxed,subject_03,subject_03_relaxed_session_01
4.324,0.2093708152081395,relaxed,subject_03,subject_03_relaxed_session_01
4.328,0.23802137783731112,relaxed,subject_03,subject_03_relaxed_session_01
4.332,0.2509325583404977,relaxed,subject_03,subject_03_relaxed_session_01
4.336,0.23380229287452034,relaxed,subject_03,subject_03_relaxed_session_01
4.34,0.21578108399800422,relaxed,subject_03,subject_03_relaxed_session_01
4.344,0.18832732782452985,relaxed,subject_03,subject_03_relaxed_session_01
4.348,0.2585772612739141,relaxed,subject_03,subject_03_relaxed_session_01
4.352,0.2201036598801313,relaxed,subject_03,subject_03_relaxed_session_01
4.356,0.2477664692493461,relaxed,subject_03,subject_03_relaxed_session_01
4.36,0.25141224358653824,relaxed,subject_03,subject_03_relaxed_session_01
4.364,0.23143827871255296,relaxed,subject_03,subject_03_relaxed_session_01
4.368,0.23081595965345203,relaxed,subject_03,subject_03_relaxed_session_01
4.372,0.2251750347935745,relaxed,subject_03,subject_03_relaxed_session_01
4.376,0.19882212554794162,relaxed,subject_03,subject_03_relaxed_session_01
4.38,0.1755059179572243,relaxed,subject_03,subject_03_relaxed_session_01
4.384,0.209349231796721,relaxed,subject_03,subject_03_relaxed_session_01
4.388,0.1574349892816804,relaxed,subject_03,subject_03_relaxed_session_01
4.392,0.17457008592966944,relaxed,subject_03,subject_03_relaxed_session_01
4.396,0.1638257558728327,relaxed,subject_03,subject_03_relaxed_session_01
4.4,0.18210246167559518,relaxed,subject_03,subject_03_relaxed_session_01
4.404,0.16918952356152786,relaxed,subject_03,subject_03_relaxed_session_01
4.408,0.14549660560602737,relaxed,subject_03,subject_03_relaxed_session_01
4.412,0.14363465907362008,relaxed,subject_03,subject_03_relaxed_session_01
4.416,0.1849384578732306,relaxed,subject_03,subject_03_relaxed_session_01
4.42,0.1237953943481933,relaxed,subject_03,subject_03_relaxed_session_01
4.424,0.1295718964054143,relaxed,subject_03,subject_03_relaxed_session_01
4.428,0.13863532715278204,relaxed,subject_03,subject_03_relaxed_session_01
4.432,0.12237359306834171,relaxed,subject_03,subject_03_relaxed_session_01
4.436,0.1271743062263908,relaxed,subject_03,subject_03_relaxed_session_01
4.44,0.13113475169575337,relaxed,subject_03,subject_03_relaxed_session_01
4.444,0.13227618382375647,relaxed,subject_03,subject_03_relaxed_session_01
4.448,0.09889990578280342,relaxed,subject_03,subject_03_relaxed_session_01
4.452,0.10080371323206588,relaxed,subject_03,subject_03_relaxed_session_01
4.456,0.0918075957710027,relaxed,subject_03,subject_03_relaxed_session_01
4.46,0.06482325138866968,relaxed,subject_03,subject_03_relaxed_session_01
4.464,0.08197656522930444,relaxed,subject_03,subject_03_relaxed_session_01
4.468,0.040707225211159985,relaxed,subject_03,subject_03_relaxed_session_01
4.472,0.07696611203785056,relaxed,subject_03,subject_03_relaxed_session_01
4.476,0.022874632121698914,relaxed,subject_03,subject_03_relaxed_session_01
4.48,0.042012292596985086,relaxed,subject_03,subject_03_relaxed_session_01
4.484,0.07542675622388731,relaxed,subject_03,subject_03_relaxed_session_01
4.488,0.06437199906190016,relaxed,subject_03,subject_03_relaxed_session_01
4.492,0.05170029762374935,relaxed,subject_03,subject_03_relaxed_session_01
4.496,0.04022941715029807,relaxed,subject_03,subject_03_relaxed_session_01
4.5,0.029358679071889788,relaxed,subject_03,subject_03_relaxed_session_01
4.504,0.03283788369604666,relaxed,subject_03,subject_03_relaxed_session_01
4.508,0.05577759827154816,relaxed,subject_03,subject_03_relaxed_session_01
4.512,0.0349928618893501,relaxed,subject_03,subject_03_relaxed_session_01
4.516,-0.0034454579734169294,relaxed,subject_03,subject_03_relaxed_session_01
4.52,0.011967156933695385,relaxed,subject_03,subject_03_relaxed_session_01
4.524,0.018863505548300834,relaxed,subject_03,subject_03_relaxed_session_01
4.528,0.028470324597126652,relaxed,subject_03,subject_03_relaxed_session_01
4.532,0.026679737285602953,relaxed,subject_03,subject_03_relaxed_session_01
4.536,0.010354695007542426,relaxed,subject_03,subject_03_relaxed_session_01
4.54,0.04281272485767859,relaxed,subject_03,subject_03_relaxed_session_01
4.544,-0.009929423601741559,relaxed,subject_03,subject_03_relaxed_session_01
4.548,0.013998782827993305,relaxed,subject_03,subject_03_relaxed_session_01
4.552,0.04396146073286671,relaxed,subject_03,subject_03_relaxed_session_01
4.556,0.0384996946793669,relaxed,subject_03,subject_03_relaxed_session_01
4.56,0.021809381751323898,relaxed,subject_03,subject_03_relaxed_session_01
4.564,0.04556279503771539,relaxed,subject_03,subject_03_relaxed_session_01
4.568,0.03163939122564574,relaxed,subject_03,subject_03_relaxed_session_01
4.572,0.027538716560999266,relaxed,subject_03,subject_03_relaxed_session_01
4.576,0.03789159926116159,relaxed,subject_03,subject_03_relaxed_session_01
4.58,0.03379589182007992,relaxed,subject_03,subject_03_relaxed_session_01
4.584,0.05213817871654006,relaxed,subject_03,subject_03_relaxed_session_01
4.588,0.01985984607793092,relaxed,subject_03,subject_03_relaxed_session_01
4.592,0.020418827397729447,relaxed,subject_03,subject_03_relaxed_session_01
4.596,0.02914235009922874,relaxed,subject_03,subject_03_relaxed_session_01
4.6,0.025585978269324055,relaxed,subject_03,subject_03_relaxed_session_01
4.604,0.06227254948199985,relaxed,subject_03,subject_03_relaxed_session_01
4.608,0.035617606861492256,relaxed,subject_03,subject_03_relaxed_session_01
4.612,0.01067718518070464,relaxed,subject_03,subject_03_relaxed_session_01
4.616,-0.0046543224259837125,relaxed,subject_03,subject_03_relaxed_session_01
4.62,0.05662750853783671,relaxed,subject_03,subject_03_relaxed_session_01
4.624,0.017757440007572192,relaxed,subject_03,subject_03_relaxed_session_01
4.628,0.03193507971193629,relaxed,subject_03,subject_03_relaxed_session_01
4.632,0.02502658506700303,relaxed,subject_03,subject_03_relaxed_session_01
4.636,0.041615438266918534,relaxed,subject_03,subject_03_relaxed_session_01
4.64,0.014525902850078667,relaxed,subject_03,subject_03_relaxed_session_01
4.644,0.028078876130585247,relaxed,subject_03,subject_03_relaxed_session_01
4.648,0.014923090649492562,relaxed,subject_03,subject_03_relaxed_session_01
4.652,0.08161987725085254,relaxed,subject_03,subject_03_relaxed_session_01
4.656,0.01111415586994841,relaxed,subject_03,subject_03_relaxed_session_01
4.66,0.037582593900647054,relaxed,subject_03,subject_03_relaxed_session_01
4.664,0.08353809680014562,relaxed,subject_03,subject_03_relaxed_session_01
4.668,0.048901464759200555,relaxed,subject_03,subject_03_relaxed_session_01
4.672,0.026862499787859723,relaxed,subject_03,subject_03_relaxed_session_01
4.676,0.031058184980690292,relaxed,subject_03,subject_03_relaxed_session_01
4.68,0.01198320490418981,relaxed,subject_03,subject_03_relaxed_session_01
4.684,0.06245970172829514,relaxed,subject_03,subject_03_relaxed_session_01
4.688,0.025094807006953844,relaxed,subject_03,subject_03_relaxed_session_01
4.692,0.02903594116937083,relaxed,subject_03,subject_03_relaxed_session_01
4.696,0.014005794358844501,relaxed,subject_03,subject_03_relaxed_session_01
4.7,0.02658341509075013,relaxed,subject_03,subject_03_relaxed_session_01
4.704,0.03561694030688879,relaxed,subject_03,subject_03_relaxed_session_01
4.708,0.05782658133515664,relaxed,subject_03,subject_03_relaxed_session_01
4.712,0.04336118697660734,relaxed,subject_03,subject_03_relaxed_session_01
4.716,0.06222990294873734,relaxed,subject_03,subject_03_relaxed_session_01
4.72,-0.002750560859891081,relaxed,subject_03,subject_03_relaxed_session_01
4.724,0.07390453728547428,relaxed,subject_03,subject_03_relaxed_session_01
4.728,0.022355542794498983,relaxed,subject_03,subject_03_relaxed_session_01
4.732,0.06821137518541748,relaxed,subject_03,subject_03_relaxed_session_01
4.736,-0.005346186568344111,relaxed,subject_03,subject_03_relaxed_session_01
4.74,0.06245915955773134,relaxed,subject_03,subject_03_relaxed_session_01
4.744,0.08473548503153744,relaxed,subject_03,subject_03_relaxed_session_01
4.748,0.053871232989673404,relaxed,subject_03,subject_03_relaxed_session_01
4.752,0.07656201324663409,relaxed,subject_03,subject_03_relaxed_session_01
4.756,0.09969222643892268,relaxed,subject_03,subject_03_relaxed_session_01
4.76,0.10127844340112316,relaxed,subject_03,subject_03_relaxed_session_01
4.764,0.060855779152695785,relaxed,subject_03,subject_03_relaxed_session_01
4.768,0.11742472311132365,relaxed,subject_03,subject_03_relaxed_session_01
4.772,0.13686878371189626,relaxed,subject_03,subject_03_relaxed_session_01
4.776,0.13200056882715114,relaxed,subject_03,subject_03_relaxed_session_01
4.78,0.0877537962019409,relaxed,subject_03,subject_03_relaxed_session_01
4.784,0.09487743032556897,relaxed,subject_03,subject_03_relaxed_session_01
4.788,0.1218121279273721,relaxed,subject_03,subject_03_relaxed_session_01
4.792,0.1350978020039968,relaxed,subject_03,subject_03_relaxed_session_01
4.796,0.14323077039364523,relaxed,subject_03,subject_03_relaxed_session_01
4.8,0.11167182243711352,relaxed,subject_03,subject_03_relaxed_session_01
4.804,0.1269535671626802,relaxed,subject_03,subject_03_relaxed_session_01
4.808,0.11222235192564403,relaxed,subject_03,subject_03_relaxed_session_01
4.812,0.10780918518233631,relaxed,subject_03,subject_03_relaxed_session_01
4.816,0.13465653810061898,relaxed,subject_03,subject_03_relaxed_session_01
4.82,0.12290851842584921,relaxed,subject_03,subject_03_relaxed_session_01
4.824,0.13064699698140972,relaxed,subject_03,subject_03_relaxed_session_01
4.828,0.10664453980381357,relaxed,subject_03,subject_03_relaxed_session_01
4.832,0.1274688938071836,relaxed,subject_03,subject_03_relaxed_session_01
4.836,0.0870654125539646,relaxed,subject_03,subject_03_relaxed_session_01
4.84,0.0956850241757448,relaxed,subject_03,subject_03_relaxed_session_01
4.844,0.07756970765499997,relaxed,subject_03,subject_03_relaxed_session_01
4.848,0.1001341648267691,relaxed,subject_03,subject_03_relaxed_session_01
4.852,0.12535581901137527,relaxed,subject_03,subject_03_relaxed_session_01
4.856,0.09115105453329132,relaxed,subject_03,subject_03_relaxed_session_01
4.86,0.07650536397817487,relaxed,subject_03,subject_03_relaxed_session_01
4.864,0.06951166348184222,relaxed,subject_03,subject_03_relaxed_session_01
4.868,0.05700161005145592,relaxed,subject_03,subject_03_relaxed_session_01
4.872,0.08611466357626928,relaxed,subject_03,subject_03_relaxed_session_01
4.876,0.06796374386796855,relaxed,subject_03,subject_03_relaxed_session_01
4.88,0.022299052348097474,relaxed,subject_03,subject_03_relaxed_session_01
4.884,0.07392541005564285,relaxed,subject_03,subject_03_relaxed_session_01
4.888,0.031489148342441695,relaxed,subject_03,subject_03_relaxed_session_01
4.892,0.03287027106913077,relaxed,subject_03,subject_03_relaxed_session_01
4.896,0.051461150619326976,relaxed,subject_03,subject_03_relaxed_session_01
4.9,0.029198680365067228,relaxed,subject_03,subject_03_relaxed_session_01
4.904,0.08406971132179322,relaxed,subject_03,subject_03_relaxed_session_01
4.908,0.03277075670266867,relaxed,subject_03,subject_03_relaxed_session_01
4.912,0.048785233021984994,relaxed,subject_03,subject_03_relaxed_session_01
4.916,0.004040300244935364,relaxed,subject_03,subject_03_relaxed_session_01
4.92,0.021612331867416543,relaxed,subject_03,subject_03_relaxed_session_01
4.924,0.030495540446295086,relaxed,subject_03,subject_03_relaxed_session_01
4.928,0.05234553354020442,relaxed,subject_03,subject_03_relaxed_session_01
4.932,0.010206104634766774,relaxed,subject_03,subject_03_relaxed_session_01
4.936,0.05487507545342245,relaxed,subject_03,subject_03_relaxed_session_01
4.94,0.032075339054337695,relaxed,subject_03,subject_03_relaxed_session_01
4.944,0.033695099402363454,relaxed,subject_03,subject_03_relaxed_session_01
4.948,0.008338240624958162,relaxed,subject_03,subject_03_relaxed_session_01
4.952,-0.0014524935862190586,relaxed,subject_03,subject_03_relaxed_session_01
4.956,-0.03122576678705174,relaxed,subject_03,subject_03_relaxed_session_01
4.96,0.01614271637107636,relaxed,subject_03,subject_03_relaxed_session_01
4.964,0.029689764072896287,relaxed,subject_03,subject_03_relaxed_session_01
4.968,0.03325062331416266,relaxed,subject_03,subject_03_relaxed_session_01
4.972,0.05502463513162463,relaxed,subject_03,subject_03_relaxed_session_01
4.976,0.14816854129186863,relaxed,subject_03,subject_03_relaxed_session_01
4.98,0.2647239626234315,relaxed,subject_03,subject_03_relaxed_session_01
4.984,0.37852173806815753,relaxed,subject_03,subject_03_relaxed_session_01
4.988,0.5158685507287148,relaxed,subject_03,subject_03_relaxed_session_01
4.992,0.5956580365154556,relaxed,subject_03,subject_03_relaxed_session_01
4.996,0.7305003789900198,relaxed,subject_03,subject_03_relaxed_session_01
5.0,0.819797406219186,relaxed,subject_03,subject_03_relaxed_session_01
5.004,0.8800807228798633,relaxed,subject_03,subject_03_relaxed_session_01
5.008,0.857088185486618,relaxed,subject_03,subject_03_relaxed_session_01
5.012,0.8365584467064617,relaxed,subject_03,subject_03_relaxed_session_01
5.016,0.7229179216005313,relaxed,subject_03,subject_03_relaxed_session_01
5.02,0.6309049897362842,relaxed,subject_03,subject_03_relaxed_session_01
5.024,0.48669793307505166,relaxed,subject_03,subject_03_relaxed_session_01
5.028,0.3471236086273174,relaxed,subject_03,subject_03_relaxed_session_01
5.032,0.27333477363205716,relaxed,subject_03,subject_03_relaxed_session_01
5.036,0.10991717635540033,relaxed,subject_03,subject_03_relaxed_session_01
5.04,0.027395179246021424,relaxed,subject_03,subject_03_relaxed_session_01
5.044,-0.04336470757153386,relaxed,subject_03,subject_03_relaxed_session_01
5.048,-0.018395150762392596,relaxed,subject_03,subject_03_relaxed_session_01
5.052,-0.051199393283115326,relaxed,subject_03,subject_03_relaxed_session_01
5.056,-0.029731796968925903,relaxed,subject_03,subject_03_relaxed_session_01
5.06,-0.02877770763326468,relaxed,subject_03,subject_03_relaxed_session_01
5.064,0.014060688052813108,relaxed,subject_03,subject_03_relaxed_session_01
5.068,0.03934832603458867,relaxed,subject_03,subject_03_relaxed_session_01
5.072,0.05812538878531642,relaxed,subject_03,subject_03_relaxed_session_01
5.076,0.0374958810214127,relaxed,subject_03,subject_03_relaxed_session_01
5.08,0.03337288787084111,relaxed,subject_03,subject_03_relaxed_session_01
5.084,0.035979949821855754,relaxed,subject_03,subject_03_relaxed_session_01
5.088,0.05265279817031938,relaxed,subject_03,subject_03_relaxed_session_01
5.092,0.06024010650452001,relaxed,subject_03,subject_03_relaxed_session_01
5.096,0.06890941032873912,relaxed,subject_03,subject_03_relaxed_session_01
5.1,0.04406772214297835,relaxed,subject_03,subject_03_relaxed_session_01
5.104,0.06686049528586253,relaxed,subject_03,subject_03_relaxed_session_01
5.108,0.04716996440646601,relaxed,subject_03,subject_03_relaxed_session_01
5.112,0.06857537449989663,relaxed,subject_03,subject_03_relaxed_session_01
5.116,0.10292070739942392,relaxed,subject_03,subject_03_relaxed_session_01
5.12,0.0745262586944195,relaxed,subject_03,subject_03_relaxed_session_01
5.124,0.06571024628043166,relaxed,subject_03,subject_03_relaxed_session_01
5.128,0.09495799696402188,relaxed,subject_03,subject_03_relaxed_session_01
5.132,0.11061408075330263,relaxed,subject_03,subject_03_relaxed_session_01
5.136,0.08234950076025474,relaxed,subject_03,subject_03_relaxed_session_01
5.14,0.07584120294453207,relaxed,subject_03,subject_03_relaxed_session_01
5.144,0.09212237077440702,relaxed,subject_03,subject_03_relaxed_session_01
5.148,0.1051805259486381,relaxed,subject_03,subject_03_relaxed_session_01
5.152,0.1501256071693428,relaxed,subject_03,subject_03_relaxed_session_01
5.156,0.09762883149035138,relaxed,subject_03,subject_03_relaxed_session_01
5.16,0.09791077438789292,relaxed,subject_03,subject_03_relaxed_session_01
5.164,0.1434323639919471,relaxed,subject_03,subject_03_relaxed_session_01
5.168,0.13004820580575605,relaxed,subject_03,subject_03_relaxed_session_01
5.172,0.130808256755947,relaxed,subject_03,subject_03_relaxed_session_01
5.176,0.17001729050974396,relaxed,subject_03,subject_03_relaxed_session_01
5.18,0.16523528107023727,relaxed,subject_03,subject_03_relaxed_session_01
5.184,0.18987634655862376,relaxed,subject_03,subject_03_relaxed_session_01
5.188,0.19075370173315415,relaxed,subject_03,subject_03_relaxed_session_01
5.192,0.15809272851748718,relaxed,subject_03,subject_03_relaxed_session_01
5.196,0.15472929534417915,relaxed,subject_03,subject_03_relaxed_session_01
5.2,0.216581868537668,relaxed,subject_03,subject_03_relaxed_session_01
5.204,0.19738985797934444,relaxed,subject_03,subject_03_relaxed_session_01
5.208,0.26560179777084175,relaxed,subject_03,subject_03_relaxed_session_01
5.212,0.22979627482344317,relaxed,subject_03,subject_03_relaxed_session_01
5.216,0.24271490503312587,relaxed,subject_03,subject_03_relaxed_session_01
5.22,0.20088900708241836,relaxed,subject_03,subject_03_relaxed_session_01
5.224,0.22220402166407993,relaxed,subject_03,subject_03_relaxed_session_01
5.228,0.24374849307823396,relaxed,subject_03,subject_03_relaxed_session_01
5.232,0.2291497902168106,relaxed,subject_03,subject_03_relaxed_session_01
5.236,0.23475149379314786,relaxed,subject_03,subject_03_relaxed_session_01
5.24,0.24081676752372227,relaxed,subject_03,subject_03_relaxed_session_01
5.244,0.22328647590823308,relaxed,subject_03,subject_03_relaxed_session_01
5.248,0.2214006889754158,relaxed,subject_03,subject_03_relaxed_session_01
5.252,0.23618611372688794,relaxed,subject_03,subject_03_relaxed_session_01
5.256,0.23181283441992728,relaxed,subject_03,subject_03_relaxed_session_01
5.26,0.22227300618102716,relaxed,subject_03,subject_03_relaxed_session_01
5.264,0.23647780156571532,relaxed,subject_03,subject_03_relaxed_session_01
5.268,0.21155929629409523,relaxed,subject_03,subject_03_relaxed_session_01
5.272,0.2510749033065974,relaxed,subject_03,subject_03_relaxed_session_01
5.276,0.24526601884627777,relaxed,subject_03,subject_03_relaxed_session_01
5.28,0.2443081700962122,relaxed,subject_03,subject_03_relaxed_session_01
5.284,0.21055720393655092,relaxed,subject_03,subject_03_relaxed_session_01
5.288,0.20427666813956877,relaxed,subject_03,subject_03_relaxed_session_01
5.292,0.2458466151718637,relaxed,subject_03,subject_03_relaxed_session_01
5.296,0.21095778660618072,relaxed,subject_03,subject_03_relaxed_session_01
5.3,0.22136813779984918,relaxed,subject_03,subject_03_relaxed_session_01
5.304,0.18168682724783083,relaxed,subject_03,subject_03_relaxed_session_01
5.308,0.19350204318851577,relaxed,subject_03,subject_03_relaxed_session_01
5.312,0.21728366687990824,relaxed,subject_03,subject_03_relaxed_session_01
5.316,0.19013218800986653,relaxed,subject_03,subject_03_relaxed_session_01
5.32,0.17629411444491033,relaxed,subject_03,subject_03_relaxed_session_01
5.324,0.18630423302320545,relaxed,subject_03,subject_03_relaxed_session_01
5.328,0.17487651343775687,relaxed,subject_03,subject_03_relaxed_session_01
5.332,0.20375257653056736,relaxed,subject_03,subject_03_relaxed_session_01
5.336,0.15634862241091238,relaxed,subject_03,subject_03_relaxed_session_01
5.34,0.16194574442790588,relaxed,subject_03,subject_03_relaxed_session_01
5.344,0.13978900002108233,relaxed,subject_03,subject_03_relaxed_session_01
5.348,0.11625852630601748,relaxed,subject_03,subject_03_relaxed_session_01
5.352,0.13810022691114832,relaxed,subject_03,subject_03_relaxed_session_01
5.356,0.09407909512380966,relaxed,subject_03,subject_03_relaxed_session_01
5.36,0.13701140261605468,relaxed,subject_03,subject_03_relaxed_session_01
5.364,0.08497446639279409,relaxed,subject_03,subject_03_relaxed_session_01
5.368,0.08780032410153481,relaxed,subject_03,subject_03_relaxed_session_01
5.372,0.08052065733675405,relaxed,subject_03,subject_03_relaxed_session_01
5.376,0.1069084975341864,relaxed,subject_03,subject_03_relaxed_session_01
5.38,0.06690309993158901,relaxed,subject_03,subject_03_relaxed_session_01
5.384,0.09451078329455356,relaxed,subject_03,subject_03_relaxed_session_01
5.388,0.06610437508024088,relaxed,subject_03,subject_03_relaxed_session_01
5.392,0.07272636723903254,relaxed,subject_03,subject_03_relaxed_session_01
5.396,0.060057333216848544,relaxed,subject_03,subject_03_relaxed_session_01
5.4,0.11329243247745617,relaxed,subject_03,subject_03_relaxed_session_01
5.404,0.02966851780172114,relaxed,subject_03,subject_03_relaxed_session_01
5.408,0.06916488491817387,relaxed,subject_03,subject_03_relaxed_session_01
5.412,0.0558356430633496,relaxed,subject_03,subject_03_relaxed_session_01
5.416,0.03730917070130079,relaxed,subject_03,subject_03_relaxed_session_01
5.42,0.05789131313904222,relaxed,subject_03,subject_03_relaxed_session_01
5.424,0.028086425050747574,relaxed,subject_03,subject_03_relaxed_session_01
5.428,0.02332054586898291,relaxed,subject_03,subject_03_relaxed_session_01
5.432,0.019553614776983915,relaxed,subject_03,subject_03_relaxed_session_01
5.436,0.04200453281445997,relaxed,subject_03,subject_03_relaxed_session_01
5.44,0.02640933967731943,relaxed,subject_03,subject_03_relaxed_session_01
5.444,0.019269349540554717,relaxed,subject_03,subject_03_relaxed_session_01
5.448,0.04182394708726928,relaxed,subject_03,subject_03_relaxed_session_01
5.452,0.05502988277228498,relaxed,subject_03,subject_03_relaxed_session_01
5.456,0.003719942564725423,relaxed,subject_03,subject_03_relaxed_session_01
5.46,0.037469777201677934,relaxed,subject_03,subject_03_relaxed_session_01
5.464,0.04019518458805306,relaxed,subject_03,subject_03_relaxed_session_01
5.468,0.05416706825599453,relaxed,subject_03,subject_03_relaxed_session_01
5.472,0.021972224878345097,relaxed,subject_03,subject_03_relaxed_session_01
5.476,0.05781224922402116,relaxed,subject_03,subject_03_relaxed_session_01
5.48,0.0378271503380839,relaxed,subject_03,subject_03_relaxed_session_01
5.484,-0.012121842433723017,relaxed,subject_03,subject_03_relaxed_session_01
5.488,0.030838142270648947,relaxed,subject_03,subject_03_relaxed_session_01
5.492,0.023913542482053737,relaxed,subject_03,subject_03_relaxed_session_01
5.496,0.04342819382942263,relaxed,subject_03,subject_03_relaxed_session_01
5.5,0.046873832921255215,relaxed,subject_03,subject_03_relaxed_session_01
5.504,0.003418377659989206,relaxed,subject_03,subject_03_relaxed_session_01
5.508,0.0405859910584182,relaxed,subject_03,subject_03_relaxed_session_01
5.512,0.019519934059000273,relaxed,subject_03,subject_03_relaxed_session_01
5.516,0.007592570558629375,relaxed,subject_03,subject_03_relaxed_session_01
5.52,0.050451614196757893,relaxed,subject_03,subject_03_relaxed_session_01
5.524,0.01167338901054939,relaxed,subject_03,subject_03_relaxed_session_01
5.528,0.021577730739227804,relaxed,subject_03,subject_03_relaxed_session_01
5.532,0.0191983425287454,relaxed,subject_03,subject_03_relaxed_session_01
5.536,0.03076045410481268,relaxed,subject_03,subject_03_relaxed_session_01
5.54,0.04664592718851479,relaxed,subject_03,subject_03_relaxed_session_01
5.544,0.052243241744746524,relaxed,subject_03,subject_03_relaxed_session_01
5.548,0.037963512109042565,relaxed,subject_03,subject_03_relaxed_session_01
5.552,-0.014102331726873592,relaxed,subject_03,subject_03_relaxed_session_01
5.556,0.04867561142558102,relaxed,subject_03,subject_03_relaxed_session_01
5.56,0.03139274759639734,relaxed,subject_03,subject_03_relaxed_session_01
5.564,0.04118850499012612,relaxed,subject_03,subject_03_relaxed_session_01
5.568,0.013096088309191598,relaxed,subject_03,subject_03_relaxed_session_01
5.572,0.018774522612894466,relaxed,subject_03,subject_03_relaxed_session_01
5.576,0.037945129813721556,relaxed,subject_03,subject_03_relaxed_session_01
5.58,0.05913431534388846,relaxed,subject_03,subject_03_relaxed_session_01
5.584,0.022767480655252307,relaxed,subject_03,subject_03_relaxed_session_01
5.588,-0.006028033734776714,relaxed,subject_03,subject_03_relaxed_session_01
5.592,0.030961585188971873,relaxed,subject_03,subject_03_relaxed_session_01
5.596,0.015459265345340114,relaxed,subject_03,subject_03_relaxed_session_01
5.6,-0.0016818689324792878,relaxed,subject_03,subject_03_relaxed_session_01
5.604,0.017139695710437042,relaxed,subject_03,subject_03_relaxed_session_01
5.608,0.02978346436123048,relaxed,subject_03,subject_03_relaxed_session_01
5.612,0.041899644006394746,relaxed,subject_03,subject_03_relaxed_session_01
5.616,0.011949299345553078,relaxed,subject_03,subject_03_relaxed_session_01
5.62,0.013758584292764286,relaxed,subject_03,subject_03_relaxed_session_01
5.624,0.021692405478142635,relaxed,subject_03,subject_03_relaxed_session_01
5.628,0.06024917112116617,relaxed,subject_03,subject_03_relaxed_session_01
5.632,0.053640046272256034,relaxed,subject_03,subject_03_relaxed_session_01
5.636,0.04004417942670357,relaxed,subject_03,subject_03_relaxed_session_01
5.64,0.04155896859874279,relaxed,subject_03,subject_03_relaxed_session_01
5.644,0.02732109184666045,relaxed,subject_03,subject_03_relaxed_session_01
5.648,0.05200497144277664,relaxed,subject_03,subject_03_relaxed_session_01
5.652,0.0199783438225982,relaxed,subject_03,subject_03_relaxed_session_01
5.656,0.05307833960531369,relaxed,subject_03,subject_03_relaxed_session_01
5.66,0.006838871439172674,relaxed,subject_03,subject_03_relaxed_session_01
5.664,0.0189716314229773,relaxed,subject_03,subject_03_relaxed_session_01
5.668,0.017689654107781012,relaxed,subject_03,subject_03_relaxed_session_01
5.672,0.09885240977295712,relaxed,subject_03,subject_03_relaxed_session_01
5.676,0.06308584421135467,relaxed,subject_03,subject_03_relaxed_session_01
5.68,0.044365356926693265,relaxed,subject_03,subject_03_relaxed_session_01
5.684,0.12538512925363365,relaxed,subject_03,subject_03_relaxed_session_01
5.688,0.06632763910033955,relaxed,subject_03,subject_03_relaxed_session_01
5.692,0.09742323752937368,relaxed,subject_03,subject_03_relaxed_session_01
5.696,0.07609823401212146,relaxed,subject_03,subject_03_relaxed_session_01
5.7,0.11219116494224536,relaxed,subject_03,subject_03_relaxed_session_01
5.704,0.10016162470742614,relaxed,subject_03,subject_03_relaxed_session_01
5.708,0.08917291969451799,relaxed,subject_03,subject_03_relaxed_session_01
5.712,0.0804653190074077,relaxed,subject_03,subject_03_relaxed_session_01
5.716,0.09541088197265588,relaxed,subject_03,subject_03_relaxed_session_01
5.72,0.09120422743674976,relaxed,subject_03,subject_03_relaxed_session_01
5.724,0.07702764954476876,relaxed,subject_03,subject_03_relaxed_session_01
5.728,0.1271170303371304,relaxed,subject_03,subject_03_relaxed_session_01
5.732,0.134136985405227,relaxed,subject_03,subject_03_relaxed_session_01
5.736,0.0968019794957729,relaxed,subject_03,subject_03_relaxed_session_01
5.74,0.06661944345517883,relaxed,subject_03,subject_03_relaxed_session_01
5.744,0.11268304398932698,relaxed,subject_03,subject_03_relaxed_session_01
5.748,0.10503458788149922,relaxed,subject_03,subject_03_relaxed_session_01
5.752,0.07786026380194182,relaxed,subject_03,subject_03_relaxed_session_01
5.756,0.09213822631303539,relaxed,subject_03,subject_03_relaxed_session_01
5.76,0.03323197675418828,relaxed,subject_03,subject_03_relaxed_session_01
5.764,0.08331337252319893,relaxed,subject_03,subject_03_relaxed_session_01
5.768,0.07465081093129755,relaxed,subject_03,subject_03_relaxed_session_01
5.772,0.0987558840519312,relaxed,subject_03,subject_03_relaxed_session_01
5.776,0.07168497075738142,relaxed,subject_03,subject_03_relaxed_session_01
5.78,0.06292984899828769,relaxed,subject_03,subject_03_relaxed_session_01
5.784,0.0950396437603954,relaxed,subject_03,subject_03_relaxed_session_01
5.788,0.034731199245969534,relaxed,subject_03,subject_03_relaxed_session_01
5.792,0.015786207042348836,relaxed,subject_03,subject_03_relaxed_session_01
5.796,0.05936015914482354,relaxed,subject_03,subject_03_relaxed_session_01
5.8,0.05772809022885971,relaxed,subject_03,subject_03_relaxed_session_01
5.804,0.05426804812235513,relaxed,subject_03,subject_03_relaxed_session_01
5.808,0.024639882488602948,relaxed,subject_03,subject_03_relaxed_session_01
5.812,0.011840107794911741,relaxed,subject_03,subject_03_relaxed_session_01
5.816,-0.0016928222449776147,relaxed,subject_03,subject_03_relaxed_session_01
5.82,0.002856764328715164,relaxed,subject_03,subject_03_relaxed_session_01
5.824,-0.011751003104177728,relaxed,subject_03,subject_03_relaxed_session_01
5.828,0.007583805722866857,relaxed,subject_03,subject_03_relaxed_session_01
5.832,0.047858092250124315,relaxed,subject_03,subject_03_relaxed_session_01
5.836,0.0023082333931796484,relaxed,subject_03,subject_03_relaxed_session_01
5.84,0.014511071832643618,relaxed,subject_03,subject_03_relaxed_session_01
5.844,0.02180560783962219,relaxed,subject_03,subject_03_relaxed_session_01
5.848,0.002701656428555488,relaxed,subject_03,subject_03_relaxed_session_01
5.852,0.0016700493722732824,relaxed,subject_03,subject_03_relaxed_session_01
5.856,0.0337980526908416,relaxed,subject_03,subject_03_relaxed_session_01
5.86,0.010463293878461281,relaxed,subject_03,subject_03_relaxed_session_01
5.864,0.027127340677360598,relaxed,subject_03,subject_03_relaxed_session_01
5.868,0.0487230164782364,relaxed,subject_03,subject_03_relaxed_session_01
5.872,-0.021609213529188893,relaxed,subject_03,subject_03_relaxed_session_01
5.876,-0.013273878784465946,relaxed,subject_03,subject_03_relaxed_session_01
5.88,-0.01748597536514772,relaxed,subject_03,subject_03_relaxed_session_01
5.884,-0.020966602307049827,relaxed,subject_03,subject_03_relaxed_session_01
5.888,-0.0026028840526941465,relaxed,subject_03,subject_03_relaxed_session_01
5.892,0.07215143133430936,relaxed,subject_03,subject_03_relaxed_session_01
5.896,0.10984399910560307,relaxed,subject_03,subject_03_relaxed_session_01
5.9,0.24765401460159858,relaxed,subject_03,subject_03_relaxed_session_01
5.904,0.3016922149552517,relaxed,subject_03,subject_03_relaxed_session_01
5.908,0.4653359359301922,relaxed,subject_03,subject_03_relaxed_session_01
5.912,0.5978297905915625,relaxed,subject_03,subject_03_relaxed_session_01
5.916,0.6776440138950237,relaxed,subject_03,subject_03_relaxed_session_01
5.92,0.7813503617686849,relaxed,subject_03,subject_03_relaxed_session_01
5.924,0.8485209187843489,relaxed,subject_03,subject_03_relaxed_session_01
5.928,0.8358210732050946,relaxed,subject_03,subject_03_relaxed_session_01
5.932,0.8510625518502274,relaxed,subject_03,subject_03_relaxed_session_01
5.936,0.7297360463109391,relaxed,subject_03,subject_03_relaxed_session_01
5.94,0.6288894006940301,relaxed,subject_03,subject_03_relaxed_session_01
5.944,0.4994190529786029,relaxed,subject_03,subject_03_relaxed_session_01
5.948,0.3753821883132959,relaxed,subject_03,subject_03_relaxed_session_01
5.952,0.24377862971523034,relaxed,subject_03,subject_03_relaxed_session_01
5.956,0.10817196736647945,relaxed,subject_03,subject_03_relaxed_session_01
5.96,0.028288472534729544,relaxed,subject_03,subject_03_relaxed_session_01
5.964,-0.05224653374888677,relaxed,subject_03,subject_03_relaxed_session_01
5.968,-0.03846294350369313,relaxed,subject_03,subject_03_relaxed_session_01
5.972,-0.05617281336148042,relaxed,subject_03,subject_03_relaxed_session_01
5.976,-0.06939911762886801,relaxed,subject_03,subject_03_relaxed_session_01
5.98,-0.05047982085306093,relaxed,subject_03,subject_03_relaxed_session_01
5.984,-0.04211519696325103,relaxed,subject_03,subject_03_relaxed_session_01
5.988,-0.03158658428097981,relaxed,subject_03,subject_03_relaxed_session_01
5.992,-0.022327675072319506,relaxed,subject_03,subject_03_relaxed_session_01
5.996,-0.010516919884082342,relaxed,subject_03,subject_03_relaxed_session_01
6.0,0.03310228724014324,relaxed,subject_03,subject_03_relaxed_session_01
6.004,0.03878328746002937,relaxed,subject_03,subject_03_relaxed_session_01
6.008,-0.006155016413220495,relaxed,subject_03,subject_03_relaxed_session_01
6.012,0.03796525035101566,relaxed,subject_03,subject_03_relaxed_session_01
6.016,0.0022513684175988376,relaxed,subject_03,subject_03_relaxed_session_01
6.02,0.04473283163116535,relaxed,subject_03,subject_03_relaxed_session_01
6.024,0.03406833787889938,relaxed,subject_03,subject_03_relaxed_session_01
6.028,0.025125206946222195,relaxed,subject_03,subject_03_relaxed_session_01
6.032,0.04783805548385723,relaxed,subject_03,subject_03_relaxed_session_01
6.036,0.06950571825260046,relaxed,subject_03,subject_03_relaxed_session_01
6.04,0.008887806644183455,relaxed,subject_03,subject_03_relaxed_session_01
6.044,0.07322640834179635,relaxed,subject_03,subject_03_relaxed_session_01
6.048,0.038881515629322655,relaxed,subject_03,subject_03_relaxed_session_01
6.052,0.08781471387020373,relaxed,subject_03,subject_03_relaxed_session_01
6.056,0.08145363147591785,relaxed,subject_03,subject_03_relaxed_session_01
6.06,0.04669574375243926,relaxed,subject_03,subject_03_relaxed_session_01
6.064,0.06269083003143505,relaxed,subject_03,subject_03_relaxed_session_01
6.068,0.08934662317207809,relaxed,subject_03,subject_03_relaxed_session_01
6.072,0.10426654468772288,relaxed,subject_03,subject_03_relaxed_session_01
6.076,0.10060617666044229,relaxed,subject_03,subject_03_relaxed_session_01
6.08,0.10478688723903538,relaxed,subject_03,subject_03_relaxed_session_01
6.084,0.0902349131850846,relaxed,subject_03,subject_03_relaxed_session_01
6.088,0.10981226832956444,relaxed,subject_03,subject_03_relaxed_session_01
6.092,0.11386722973933673,relaxed,subject_03,subject_03_relaxed_session_01
6.096,0.09155401581785554,relaxed,subject_03,subject_03_relaxed_session_01
6.1,0.13454433025115634,relaxed,subject_03,subject_03_relaxed_session_01
6.104,0.12673225174001904,relaxed,subject_03,subject_03_relaxed_session_01
6.108,0.1677769120467935,relaxed,subject_03,subject_03_relaxed_session_01
6.112,0.16975266239468553,relaxed,subject_03,subject_03_relaxed_session_01
6.116,0.15601912052179312,relaxed,subject_03,subject_03_relaxed_session_01
6.12,0.1802349119362266,relaxed,subject_03,subject_03_relaxed_session_01
6.124,0.17607666458010152,relaxed,subject_03,subject_03_relaxed_session_01
6.128,0.1687127792885492,relaxed,subject_03,subject_03_relaxed_session_01
6.132,0.1459656353085454,relaxed,subject_03,subject_03_relaxed_session_01
6.136,0.17590651948764785,relaxed,subject_03,subject_03_relaxed_session_01
6.14,0.1769019577763313,relaxed,subject_03,subject_03_relaxed_session_01
6.144,0.18547628677438097,relaxed,subject_03,subject_03_relaxed_session_01
6.148,0.1868234166953967,relaxed,subject_03,subject_03_relaxed_session_01
6.152,0.2167530391223616,relaxed,subject_03,subject_03_relaxed_session_01
6.156,0.22179762498430158,relaxed,subject_03,subject_03_relaxed_session_01
6.16,0.19011539013817563,relaxed,subject_03,subject_03_relaxed_session_01
6.164,0.17525508703540754,relaxed,subject_03,subject_03_relaxed_session_01
6.168,0.18369133991404538,relaxed,subject_03,subject_03_relaxed_session_01
6.172,0.2287802305710048,relaxed,subject_03,subject_03_relaxed_session_01
6.176,0.2234008352268824,relaxed,subject_03,subject_03_relaxed_session_01
6.18,0.18125368972152392,relaxed,subject_03,subject_03_relaxed_session_01
6.184,0.17396341450773156,relaxed,subject_03,subject_03_relaxed_session_01
6.188,0.19020358907376164,relaxed,subject_03,subject_03_relaxed_session_01
6.192,0.23615599676002408,relaxed,subject_03,subject_03_relaxed_session_01
6.196,0.20632961686045787,relaxed,subject_03,subject_03_relaxed_session_01
6.2,0.19043338642781155,relaxed,subject_03,subject_03_relaxed_session_01
6.204,0.18939205254493496,relaxed,subject_03,subject_03_relaxed_session_01
6.208,0.1505750931194118,relaxed,subject_03,subject_03_relaxed_session_01
6.212,0.17823648756405938,relaxed,subject_03,subject_03_relaxed_session_01
6.216,0.20435570250452326,relaxed,subject_03,subject_03_relaxed_session_01
6.22,0.16677773007040467,relaxed,subject_03,subject_03_relaxed_session_01
6.224,0.16456269028211848,relaxed,subject_03,subject_03_relaxed_session_01
6.228,0.17050896749563577,relaxed,subject_03,subject_03_relaxed_session_01
6.232,0.13566328143559744,relaxed,subject_03,subject_03_relaxed_session_01
6.236,0.15879424766858521,relaxed,subject_03,subject_03_relaxed_session_01
6.24,0.12937934169338056,relaxed,subject_03,subject_03_relaxed_session_01
6.244,0.12959437163673115,relaxed,subject_03,subject_03_relaxed_session_01
6.248,0.12554273088562257,relaxed,subject_03,subject_03_relaxed_session_01
6.252,0.11900149145179896,relaxed,subject_03,subject_03_relaxed_session_01
6.256,0.12199297039618698,relaxed,subject_03,subject_03_relaxed_session_01
6.26,0.11186161721791786,relaxed,subject_03,subject_03_relaxed_session_01
6.264,0.10309707464095862,relaxed,subject_03,subject_03_relaxed_session_01
6.268,0.10262454007538097,relaxed,subject_03,subject_03_relaxed_session_01
6.272,0.07555962656055884,relaxed,subject_03,subject_03_relaxed_session_01
6.276,0.04419078620660723,relaxed,subject_03,subject_03_relaxed_session_01
6.28,0.08093138193773353,relaxed,subject_03,subject_03_relaxed_session_01
6.284,0.06126040743746762,relaxed,subject_03,subject_03_relaxed_session_01
6.288,0.07817985122303023,relaxed,subject_03,subject_03_relaxed_session_01
6.292,0.05230928922069504,relaxed,subject_03,subject_03_relaxed_session_01
6.296,0.019851418255479363,relaxed,subject_03,subject_03_relaxed_session_01
6.3,0.050083656449926336,relaxed,subject_03,subject_03_relaxed_session_01
6.304,0.06840484222264867,relaxed,subject_03,subject_03_relaxed_session_01
6.308,0.04875214175249443,relaxed,subject_03,subject_03_relaxed_session_01
6.312,0.009438536429015897,relaxed,subject_03,subject_03_relaxed_session_01
6.316,0.020933131619556372,relaxed,subject_03,subject_03_relaxed_session_01
6.32,0.019336252522927623,relaxed,subject_03,subject_03_relaxed_session_01
6.324,0.02165751847741442,relaxed,subject_03,subject_03_relaxed_session_01
6.328,0.009895524061365606,relaxed,subject_03,subject_03_relaxed_session_01
6.332,-0.016957849397773225,relaxed,subject_03,subject_03_relaxed_session_01
6.336,0.01217182573076824,relaxed,subject_03,subject_03_relaxed_session_01
6.34,0.04054377854381474,relaxed,subject_03,subject_03_relaxed_session_01
6.344,-0.003985005706061142,relaxed,subject_03,subject_03_relaxed_session_01
6.348,-0.018396105633148013,relaxed,subject_03,subject_03_relaxed_session_01
6.352,0.03255434626293914,relaxed,subject_03,subject_03_relaxed_session_01
6.356,0.04025373615535242,relaxed,subject_03,subject_03_relaxed_session_01
6.36,-0.008370593451935488,relaxed,subject_03,subject_03_relaxed_session_01
6.364,0.002653853502213282,relaxed,subject_03,subject_03_relaxed_session_01
6.368,0.0005879979014298212,relaxed,subject_03,subject_03_relaxed_session_01
6.372,0.012368851900276083,relaxed,subject_03,subject_03_relaxed_session_01
6.376,-0.029190227722832945,relaxed,subject_03,subject_03_relaxed_session_01
6.38,-0.008763250754242018,relaxed,subject_03,subject_03_relaxed_session_01
6.384,-0.031163480293314595,relaxed,subject_03,subject_03_relaxed_session_01
6.388,-0.003546520083469038,relaxed,subject_03,subject_03_relaxed_session_01
6.392,0.018818676240267777,relaxed,subject_03,subject_03_relaxed_session_01
6.396,-0.005672919156475887,relaxed,subject_03,subject_03_relaxed_session_01
6.4,-0.03015245308104987,relaxed,subject_03,subject_03_relaxed_session_01
6.404,0.006022303584470102,relaxed,subject_03,subject_03_relaxed_session_01
6.408,-0.026781974729187797,relaxed,subject_03,subject_03_relaxed_session_01
6.412,-0.005698569266319765,relaxed,subject_03,subject_03_relaxed_session_01
6.416,-0.031247272860908587,relaxed,subject_03,subject_03_relaxed_session_01
6.42,-0.04278953292899465,relaxed,subject_03,subject_03_relaxed_session_01
6.424,-0.03186945432278111,relaxed,subject_03,subject_03_relaxed_session_01
6.428,-0.07114130756934071,relaxed,subject_03,subject_03_relaxed_session_01
6.432,-0.03914480370762276,relaxed,subject_03,subject_03_relaxed_session_01
6.436,0.025010408489087452,relaxed,subject_03,subject_03_relaxed_session_01
6.44,-0.07451757884283589,relaxed,subject_03,subject_03_relaxed_session_01
6.444,-0.04984309864377859,relaxed,subject_03,subject_03_relaxed_session_01
6.448,0.01613231758919281,relaxed,subject_03,subject_03_relaxed_session_01
6.452,-0.038141544542236006,relaxed,subject_03,subject_03_relaxed_session_01
6.456,-0.027251780683265177,relaxed,subject_03,subject_03_relaxed_session_01
6.46,-0.019710165357616247,relaxed,subject_03,subject_03_relaxed_session_01
6.464,-0.05257059698493471,relaxed,subject_03,subject_03_relaxed_session_01
6.468,0.0010794649715348964,relaxed,subject_03,subject_03_relaxed_session_01
6.472,-0.022382194901313917,relaxed,subject_03,subject_03_relaxed_session_01
6.476,-0.032832075962642614,relaxed,subject_03,subject_03_relaxed_session_01
6.48,-0.0014009794992184549,relaxed,subject_03,subject_03_relaxed_session_01
6.484,-0.04702928225264222,relaxed,subject_03,subject_03_relaxed_session_01
6.488,-0.01976081878284259,relaxed,subject_03,subject_03_relaxed_session_01
6.492,-0.04092129605180708,relaxed,subject_03,subject_03_relaxed_session_01
6.496,-0.045805903959743814,relaxed,subject_03,subject_03_relaxed_session_01
6.5,0.019316050420597763,relaxed,subject_03,subject_03_relaxed_session_01
6.504,-0.018218438098211935,relaxed,subject_03,subject_03_relaxed_session_01
6.508,-0.0017472384788261575,relaxed,subject_03,subject_03_relaxed_session_01
6.512,-0.031002946014135346,relaxed,subject_03,subject_03_relaxed_session_01
6.516,-0.041026828916748845,relaxed,subject_03,subject_03_relaxed_session_01
6.52,-0.08254036643837981,relaxed,subject_03,subject_03_relaxed_session_01
6.524,-0.026212380785520677,relaxed,subject_03,subject_03_relaxed_session_01
6.528,-0.052590691218108734,relaxed,subject_03,subject_03_relaxed_session_01
6.532,-0.016952397544568783,relaxed,subject_03,subject_03_relaxed_session_01
6.536,-0.04395653270371375,relaxed,subject_03,subject_03_relaxed_session_01
6.54,-0.007826421818691793,relaxed,subject_03,subject_03_relaxed_session_01
6.544,0.02511147784344128,relaxed,subject_03,subject_03_relaxed_session_01
6.548,0.04181772690493393,relaxed,subject_03,subject_03_relaxed_session_01
6.552,-0.006676582105546669,relaxed,subject_03,subject_03_relaxed_session_01
6.556,-0.011417490483407127,relaxed,subject_03,subject_03_relaxed_session_01
6.56,-0.023007199007660434,relaxed,subject_03,subject_03_relaxed_session_01
6.564,-0.022088324731531613,relaxed,subject_03,subject_03_relaxed_session_01
6.568,-0.0219590785846191,relaxed,subject_03,subject_03_relaxed_session_01
6.572,0.02928554829360653,relaxed,subject_03,subject_03_relaxed_session_01
6.576,-0.004630560963171269,relaxed,subject_03,subject_03_relaxed_session_01
6.58,0.05033485441247817,relaxed,subject_03,subject_03_relaxed_session_01
6.584,-0.007196804660794056,relaxed,subject_03,subject_03_relaxed_session_01
6.588,0.013113848849010928,relaxed,subject_03,subject_03_relaxed_session_01
6.592,-0.004617869317289251,relaxed,subject_03,subject_03_relaxed_session_01
6.596,0.03642495758344309,relaxed,subject_03,subject_03_relaxed_session_01
6.6,0.026907586795732043,relaxed,subject_03,subject_03_relaxed_session_01
6.604,0.03556200066845314,relaxed,subject_03,subject_03_relaxed_session_01
6.608,0.03530148891694149,relaxed,subject_03,subject_03_relaxed_session_01
6.612,0.05781236860282267,relaxed,subject_03,subject_03_relaxed_session_01
6.616,0.06508829189747786,relaxed,subject_03,subject_03_relaxed_session_01
6.62,0.07302199345652853,relaxed,subject_03,subject_03_relaxed_session_01
6.624,0.04193564735116927,relaxed,subject_03,subject_03_relaxed_session_01
6.628,0.07105163316162405,relaxed,subject_03,subject_03_relaxed_session_01
6.632,0.05801515579368956,relaxed,subject_03,subject_03_relaxed_session_01
6.636,0.09723789838800845,relaxed,subject_03,subject_03_relaxed_session_01
6.64,0.07762419568428847,relaxed,subject_03,subject_03_relaxed_session_01
6.644,0.07995142110982147,relaxed,subject_03,subject_03_relaxed_session_01
6.648,0.06890776423998517,relaxed,subject_03,subject_03_relaxed_session_01
6.652,0.057884585222292034,relaxed,subject_03,subject_03_relaxed_session_01
6.656,0.0745510693926861,relaxed,subject_03,subject_03_relaxed_session_01
6.66,0.09574831218518892,relaxed,subject_03,subject_03_relaxed_session_01
6.664,0.05331056683721685,relaxed,subject_03,subject_03_relaxed_session_01
6.668,0.09188208044466108,relaxed,subject_03,subject_03_relaxed_session_01
6.672,0.07306776272694618,relaxed,subject_03,subject_03_relaxed_session_01
6.676,0.01675818373830691,relaxed,subject_03,subject_03_relaxed_session_01
6.68,0.034312301348066516,relaxed,subject_03,subject_03_relaxed_session_01
6.684,0.09332669061828806,relaxed,subject_03,subject_03_relaxed_session_01
6.688,0.039835370864644566,relaxed,subject_03,subject_03_relaxed_session_01
6.692,0.018751368838593775,relaxed,subject_03,subject_03_relaxed_session_01
6.696,0.013914717616564595,relaxed,subject_03,subject_03_relaxed_session_01
6.7,0.02320242897175131,relaxed,subject_03,subject_03_relaxed_session_01
6.704,0.03897038512103573,relaxed,subject_03,subject_03_relaxed_session_01
6.708,0.00872323336704259,relaxed,subject_03,subject_03_relaxed_session_01
6.712,-0.004924055899417957,relaxed,subject_03,subject_03_relaxed_session_01
6.716,-0.03932979828952564,relaxed,subject_03,subject_03_relaxed_session_01
6.72,-0.016505506231657918,relaxed,subject_03,subject_03_relaxed_session_01
6.724,-0.016222860224904354,relaxed,subject_03,subject_03_relaxed_session_01
6.728,0.000572207422096056,relaxed,subject_03,subject_03_relaxed_session_01
6.732,-0.00099169016600331,relaxed,subject_03,subject_03_relaxed_session_01
6.736,0.016776304130173524,relaxed,subject_03,subject_03_relaxed_session_01
6.74,-0.038371392006023075,relaxed,subject_03,subject_03_relaxed_session_01
6.744,-0.014140394737956762,relaxed,subject_03,subject_03_relaxed_session_01
6.748,-0.015549771696541577,relaxed,subject_03,subject_03_relaxed_session_01
6.752,-0.04043832291700605,relaxed,subject_03,subject_03_relaxed_session_01
6.756,-0.0036146808464181807,relaxed,subject_03,subject_03_relaxed_session_01
6.76,0.010999986296778848,relaxed,subject_03,subject_03_relaxed_session_01
6.764,-0.02362878420854961,relaxed,subject_03,subject_03_relaxed_session_01
6.768,-0.03451920763930268,relaxed,subject_03,subject_03_relaxed_session_01
6.772,0.004137653791411889,relaxed,subject_03,subject_03_relaxed_session_01
6.776,-0.01779982119203044,relaxed,subject_03,subject_03_relaxed_session_01
6.78,-0.05189621195659673,relaxed,subject_03,subject_03_relaxed_session_01
6.784,-0.03321078669968668,relaxed,subject_03,subject_03_relaxed_session_01
6.788,-0.03952956501941362,relaxed,subject_03,subject_03_relaxed_session_01
6.792,-0.05376639514136969,relaxed,subject_03,subject_03_relaxed_session_01
6.796,-0.05860216385359801,relaxed,subject_03,subject_03_relaxed_session_01
6.8,-0.06094195537191986,relaxed,subject_03,subject_03_relaxed_session_01
6.804,-0.031096383013436858,relaxed,subject_03,subject_03_relaxed_session_01
6.808,-0.04130503009115723,relaxed,subject_03,subject_03_relaxed_session_01
6.812,-0.0029404926470889257,relaxed,subject_03,subject_03_relaxed_session_01
6.816,0.07001187398192862,relaxed,subject_03,subject_03_relaxed_session_01
6.82,0.12659791826087768,relaxed,subject_03,subject_03_relaxed_session_01
6.824,0.21427978481473509,relaxed,subject_03,subject_03_relaxed_session_01
6.828,0.3795488311557923,relaxed,subject_03,subject_03_relaxed_session_01
6.832,0.48133341994473033,relaxed,subject_03,subject_03_relaxed_session_01
6.836,0.6462723369412217,relaxed,subject_03,subject_03_relaxed_session_01
6.84,0.7329781956063975,relaxed,subject_03,subject_03_relaxed_session_01
6.844,0.7942011257580239,relaxed,subject_03,subject_03_relaxed_session_01
6.848,0.8186144302769558,relaxed,subject_03,subject_03_relaxed_session_01
6.852,0.8220959316788364,relaxed,subject_03,subject_03_relaxed_session_01
6.856,0.7460840757230093,relaxed,subject_03,subject_03_relaxed_session_01
6.86,0.6012572955779315,relaxed,subject_03,subject_03_relaxed_session_01
6.864,0.5190752648414806,relaxed,subject_03,subject_03_relaxed_session_01
6.868,0.39529428678944295,relaxed,subject_03,subject_03_relaxed_session_01
6.872,0.22716778405571117,relaxed,subject_03,subject_03_relaxed_session_01
6.876,0.17618633955707116,relaxed,subject_03,subject_03_relaxed_session_01
6.88,0.022171263498011566,relaxed,subject_03,subject_03_relaxed_session_01
6.884,-0.033753915311443915,relaxed,subject_03,subject_03_relaxed_session_01
6.888,-0.06204167773903928,relaxed,subject_03,subject_03_relaxed_session_01
6.892,-0.08838275221234533,relaxed,subject_03,subject_03_relaxed_session_01
6.896,-0.09908682126473299,relaxed,subject_03,subject_03_relaxed_session_01
6.9,-0.07482726638980551,relaxed,subject_03,subject_03_relaxed_session_01
6.904,-0.06885316487692163,relaxed,subject_03,subject_03_relaxed_session_01
6.908,-0.04996260535744829,relaxed,subject_03,subject_03_relaxed_session_01
6.912,-0.05735893073800281,relaxed,subject_03,subject_03_relaxed_session_01
6.916,-0.029650526720367092,relaxed,subject_03,subject_03_relaxed_session_01
6.92,-0.041620406962950426,relaxed,subject_03,subject_03_relaxed_session_01
6.924,-0.012880227451609428,relaxed,subject_03,subject_03_relaxed_session_01
6.928,-0.017353612104628525,relaxed,subject_03,subject_03_relaxed_session_01
6.932,0.003832127025358829,relaxed,subject_03,subject_03_relaxed_session_01
6.936,-0.03326456459101915,relaxed,subject_03,subject_03_relaxed_session_01
6.94,-0.01901907130101585,relaxed,subject_03,subject_03_relaxed_session_01
6.944,-0.01580326465949987,relaxed,subject_03,subject_03_relaxed_session_01
6.948,0.005563974554499393,relaxed,subject_03,subject_03_relaxed_session_01
6.952,0.004436923406741771,relaxed,subject_03,subject_03_relaxed_session_01
6.956,0.03498034564944808,relaxed,subject_03,subject_03_relaxed_session_01
6.96,0.017833487415703293,relaxed,subject_03,subject_03_relaxed_session_01
6.964,0.021185032206865358,relaxed,subject_03,subject_03_relaxed_session_01
6.968,0.004503108067475101,relaxed,subject_03,subject_03_relaxed_session_01
6.972,0.024487841230428353,relaxed,subject_03,subject_03_relaxed_session_01
6.976,0.008463368407335237,relaxed,subject_03,subject_03_relaxed_session_01
6.98,0.050137736510951256,relaxed,subject_03,subject_03_relaxed_session_01
6.984,0.06220520109946126,relaxed,subject_03,subject_03_relaxed_session_01
6.988,0.020964812019954066,relaxed,subject_03,subject_03_relaxed_session_01
6.992,0.05772396534835416,relaxed,subject_03,subject_03_relaxed_session_01
6.996,0.06063421888778721,relaxed,subject_03,subject_03_relaxed_session_01
7.0,0.09285242779516024,relaxed,subject_03,subject_03_relaxed_session_01
7.004,0.0549504198925238,relaxed,subject_03,subject_03_relaxed_session_01
7.008,0.06603100787766866,relaxed,subject_03,subject_03_relaxed_session_01
7.012,0.09287474871459807,relaxed,subject_03,subject_03_relaxed_session_01
7.016,0.08425992958816575,relaxed,subject_03,subject_03_relaxed_session_01
7.02,0.09175749748019127,relaxed,subject_03,subject_03_relaxed_session_01
7.024,0.09782894379475437,relaxed,subject_03,subject_03_relaxed_session_01
7.028,0.12375691527972071,relaxed,subject_03,subject_03_relaxed_session_01
7.032,0.14235336584968453,relaxed,subject_03,subject_03_relaxed_session_01
7.036,0.12419718385112272,relaxed,subject_03,subject_03_relaxed_session_01
7.04,0.12650187699666127,relaxed,subject_03,subject_03_relaxed_session_01
7.044,0.1510891139365341,relaxed,subject_03,subject_03_relaxed_session_01
7.048,0.14760024506207342,relaxed,subject_03,subject_03_relaxed_session_01
7.052,0.1520534131996374,relaxed,subject_03,subject_03_relaxed_session_01
7.056,0.17666910383427653,relaxed,subject_03,subject_03_relaxed_session_01
7.06,0.13745564354564666,relaxed,subject_03,subject_03_relaxed_session_01
7.064,0.15795976206924547,relaxed,subject_03,subject_03_relaxed_session_01
7.068,0.1476544564566854,relaxed,subject_03,subject_03_relaxed_session_01
7.072,0.16017432944699514,relaxed,subject_03,subject_03_relaxed_session_01
7.076,0.14858995860733565,relaxed,subject_03,subject_03_relaxed_session_01
7.08,0.16924510810997292,relaxed,subject_03,subject_03_relaxed_session_01
7.084,0.18644567577818563,relaxed,subject_03,subject_03_relaxed_session_01
7.088,0.1281533314661292,relaxed,subject_03,subject_03_relaxed_session_01
7.092,0.1754650043101984,relaxed,subject_03,subject_03_relaxed_session_01
7.096,0.18089172659821923,relaxed,subject_03,subject_03_relaxed_session_01
7.1,0.17734168970294556,relaxed,subject_03,subject_03_relaxed_session_01
7.104,0.14897654439079983,relaxed,subject_03,subject_03_relaxed_session_01
7.108,0.20071072264844042,relaxed,subject_03,subject_03_relaxed_session_01
7.112,0.19903829991726393,relaxed,subject_03,subject_03_relaxed_session_01
7.116,0.20113963298927406,relaxed,subject_03,subject_03_relaxed_session_01
7.12,0.1646864889137785,relaxed,subject_03,subject_03_relaxed_session_01
7.124,0.17641383314998618,relaxed,subject_03,subject_03_relaxed_session_01
7.128,0.15502655879617386,relaxed,subject_03,subject_03_relaxed_session_01
7.132,0.14439404085505697,relaxed,subject_03,subject_03_relaxed_session_01
7.136,0.1391644848046703,relaxed,subject_03,subject_03_relaxed_session_01
7.14,0.1611194401549789,relaxed,subject_03,subject_03_relaxed_session_01
7.144,0.16892847014448076,relaxed,subject_03,subject_03_relaxed_session_01
7.148,0.17273028210152463,relaxed,subject_03,subject_03_relaxed_session_01
7.152,0.14053184155113774,relaxed,subject_03,subject_03_relaxed_session_01
7.156,0.12216021939904019,relaxed,subject_03,subject_03_relaxed_session_01
7.16,0.12794962201154225,relaxed,subject_03,subject_03_relaxed_session_01
7.164,0.1432220256305094,relaxed,subject_03,subject_03_relaxed_session_01
7.168,0.1500299865991347,relaxed,subject_03,subject_03_relaxed_session_01
7.172,0.13481651574307246,relaxed,subject_03,subject_03_relaxed_session_01
7.176,0.12648348348300362,relaxed,subject_03,subject_03_relaxed_session_01
7.18,0.12574710864448993,relaxed,subject_03,subject_03_relaxed_session_01
7.184,0.09360792062812014,relaxed,subject_03,subject_03_relaxed_session_01
7.188,0.09143026635014598,relaxed,subject_03,subject_03_relaxed_session_01
7.192,0.10072383658547969,relaxed,subject_03,subject_03_relaxed_session_01
7.196,0.08364429406794435,relaxed,subject_03,subject_03_relaxed_session_01
7.2,0.08462960512484079,relaxed,subject_03,subject_03_relaxed_session_01
7.204,0.04921910157599711,relaxed,subject_03,subject_03_relaxed_session_01
7.208,0.08359614264753927,relaxed,subject_03,subject_03_relaxed_session_01
7.212,0.040074462325947066,relaxed,subject_03,subject_03_relaxed_session_01
7.216,0.06692493601297067,relaxed,subject_03,subject_03_relaxed_session_01
7.22,0.03772370975428846,relaxed,subject_03,subject_03_relaxed_session_01
7.224,0.023898514949512145,relaxed,subject_03,subject_03_relaxed_session_01
7.228,-0.010023517736174516,relaxed,subject_03,subject_03_relaxed_session_01
7.232,0.021003505925010327,relaxed,subject_03,subject_03_relaxed_session_01
7.236,-0.003835518382444128,relaxed,subject_03,subject_03_relaxed_session_01
7.24,-0.0013599925119478773,relaxed,subject_03,subject_03_relaxed_session_01
7.244,0.023504113011846586,relaxed,subject_03,subject_03_relaxed_session_01
7.248,-0.02058202848337963,relaxed,subject_03,subject_03_relaxed_session_01
7.252,0.03108159677815496,relaxed,subject_03,subject_03_relaxed_session_01
7.256,0.053801195833717154,relaxed,subject_03,subject_03_relaxed_session_01
7.26,-0.009127372072365149,relaxed,subject_03,subject_03_relaxed_session_01
7.264,0.021983093299428127,relaxed,subject_03,subject_03_relaxed_session_01
7.268,-0.03248307781862716,relaxed,subject_03,subject_03_relaxed_session_01
7.272,0.0012219803137941973,relaxed,subject_03,subject_03_relaxed_session_01
7.276,-0.001726348805819196,relaxed,subject_03,subject_03_relaxed_session_01
7.28,0.050808306925698946,relaxed,subject_03,subject_03_relaxed_session_01
7.284,-0.019834992802797668,relaxed,subject_03,subject_03_relaxed_session_01
7.288,-0.004683212642457402,relaxed,subject_03,subject_03_relaxed_session_01
7.292,-0.019003840846155997,relaxed,subject_03,subject_03_relaxed_session_01
7.296,-0.023988106042384515,relaxed,subject_03,subject_03_relaxed_session_01
7.3,-0.02043603034464698,relaxed,subject_03,subject_03_relaxed_session_01
7.304,-0.022439250190280056,relaxed,subject_03,subject_03_relaxed_session_01
7.308,-0.03221245079414945,relaxed,subject_03,subject_03_relaxed_session_01
7.312,-0.014967204481373902,relaxed,subject_03,subject_03_relaxed_session_01
7.316,-0.03892219797994023,relaxed,subject_03,subject_03_relaxed_session_01
7.32,-0.02959274032892225,relaxed,subject_03,subject_03_relaxed_session_01
7.324,0.016307548852630145,relaxed,subject_03,subject_03_relaxed_session_01
7.328,-0.024887026152390423,relaxed,subject_03,subject_03_relaxed_session_01
7.332,-0.005218455302140743,relaxed,subject_03,subject_03_relaxed_session_01
7.336,-0.02479793729958363,relaxed,subject_03,subject_03_relaxed_session_01
7.34,-0.008178499824217143,relaxed,subject_03,subject_03_relaxed_session_01
7.344,-0.027265271105944216,relaxed,subject_03,subject_03_relaxed_session_01
7.348,-0.07566388639528346,relaxed,subject_03,subject_03_relaxed_session_01
7.352,-0.024715017543717646,relaxed,subject_03,subject_03_relaxed_session_01
7.356,-0.044238126208570976,relaxed,subject_03,subject_03_relaxed_session_01
7.36,-0.030291226643261934,relaxed,subject_03,subject_03_relaxed_session_01
7.364,-0.010578349438959297,relaxed,subject_03,subject_03_relaxed_session_01
7.368,0.011952239083702978,relaxed,subject_03,subject_03_relaxed_session_01
7.372,-0.05255414397768365,relaxed,subject_03,subject_03_relaxed_session_01
7.376,-0.02915759116179138,relaxed,subject_03,subject_03_relaxed_session_01
7.38,-0.024013520754157993,relaxed,subject_03,subject_03_relaxed_session_01
7.384,-0.023335943256334063,relaxed,subject_03,subject_03_relaxed_session_01
7.388,-0.023149429323335705,relaxed,subject_03,subject_03_relaxed_session_01
7.392,-0.01292497340941991,relaxed,subject_03,subject_03_relaxed_session_01
7.396,-0.03286402864562203,relaxed,subject_03,subject_03_relaxed_session_01
7.4,-0.02798382877886875,relaxed,subject_03,subject_03_relaxed_session_01
7.404,-0.016017914800983756,relaxed,subject_03,subject_03_relaxed_session_01
7.408,-0.03775120918763951,relaxed,subject_03,subject_03_relaxed_session_01
7.412,-0.03544984226942359,relaxed,subject_03,subject_03_relaxed_session_01
7.416,-0.024784965150568473,relaxed,subject_03,subject_03_relaxed_session_01
7.42,-0.03508072878080676,relaxed,subject_03,subject_03_relaxed_session_01
7.424,-0.04258362955956659,relaxed,subject_03,subject_03_relaxed_session_01
7.428,-0.04465050566432885,relaxed,subject_03,subject_03_relaxed_session_01
7.432,-0.023301074891282837,relaxed,subject_03,subject_03_relaxed_session_01
7.436,0.00536282676716511,relaxed,subject_03,subject_03_relaxed_session_01
7.44,-0.01373298607038607,relaxed,subject_03,subject_03_relaxed_session_01
7.444,-0.04007463870385649,relaxed,subject_03,subject_03_relaxed_session_01
7.448,0.01059525857006256,relaxed,subject_03,subject_03_relaxed_session_01
7.452,-0.029611585094204695,relaxed,subject_03,subject_03_relaxed_session_01
7.456,0.013092383532992247,relaxed,subject_03,subject_03_relaxed_session_01
7.46,-0.019024961259835275,relaxed,subject_03,subject_03_relaxed_session_01
7.464,-0.010914112622716375,relaxed,subject_03,subject_03_relaxed_session_01
7.468,-0.022020782569886665,relaxed,subject_03,subject_03_relaxed_session_01
7.472,-0.018903324580991313,relaxed,subject_03,subject_03_relaxed_session_01
7.476,0.016768325632724748,relaxed,subject_03,subject_03_relaxed_session_01
7.48,-0.012115604627718133,relaxed,subject_03,subject_03_relaxed_session_01
7.484,0.013004787804709256,relaxed,subject_03,subject_03_relaxed_session_01
7.488,-0.0018989906558201824,relaxed,subject_03,subject_03_relaxed_session_01
7.492,-0.0018025360161443545,relaxed,subject_03,subject_03_relaxed_session_01
7.496,0.016701556691006474,relaxed,subject_03,subject_03_relaxed_session_01
7.5,0.0059179152572058176,relaxed,subject_03,subject_03_relaxed_session_01
7.504,-0.003079762964887739,relaxed,subject_03,subject_03_relaxed_session_01
7.508,0.002213794275359414,relaxed,subject_03,subject_03_relaxed_session_01
7.512,0.033949967516424845,relaxed,subject_03,subject_03_relaxed_session_01
7.516,-0.016601581399544946,relaxed,subject_03,subject_03_relaxed_session_01
7.52,0.04050130522368924,relaxed,subject_03,subject_03_relaxed_session_01
7.524,0.00972071094908503,relaxed,subject_03,subject_03_relaxed_session_01
7.528,0.04749871531386781,relaxed,subject_03,subject_03_relaxed_session_01
7.532,0.07623879899139999,relaxed,subject_03,subject_03_relaxed_session_01
7.536,0.037101740401231195,relaxed,subject_03,subject_03_relaxed_session_01
7.54,0.07033311870771887,relaxed,subject_03,subject_03_relaxed_session_01
7.544,0.08706387422011304,relaxed,subject_03,subject_03_relaxed_session_01
7.548,0.05735406205119973,relaxed,subject_03,subject_03_relaxed_session_01
7.552,0.059693322791552345,relaxed,subject_03,subject_03_relaxed_session_01
7.556,0.08329563779513897,relaxed,subject_03,subject_03_relaxed_session_01
7.56,0.10328107471107088,relaxed,subject_03,subject_03_relaxed_session_01
7.564,0.125689489915572,relaxed,subject_03,subject_03_relaxed_session_01
7.568,0.06622756179402309,relaxed,subject_03,subject_03_relaxed_session_01
7.572,0.09419923811006113,relaxed,subject_03,subject_03_relaxed_session_01
7.576,0.07106474325049271,relaxed,subject_03,subject_03_relaxed_session_01
7.58,0.05674625013600304,relaxed,subject_03,subject_03_relaxed_session_01
7.584,0.0725699596991181,relaxed,subject_03,subject_03_relaxed_session_01
7.588,0.0698702327290896,relaxed,subject_03,subject_03_relaxed_session_01
7.592,0.07283467704435141,relaxed,subject_03,subject_03_relaxed_session_01
7.596,0.07556300106383676,relaxed,subject_03,subject_03_relaxed_session_01
7.6,0.06747109065376009,relaxed,subject_03,subject_03_relaxed_session_01
7.604,0.08239349236444665,relaxed,subject_03,subject_03_relaxed_session_01
7.608,0.0906678212724258,relaxed,subject_03,subject_03_relaxed_session_01
7.612,0.04825713346761862,relaxed,subject_03,subject_03_relaxed_session_01
7.616,0.03287536691016357,relaxed,subject_03,subject_03_relaxed_session_01
7.62,0.03351804403265599,relaxed,subject_03,subject_03_relaxed_session_01
7.624,0.027777680585087377,relaxed,subject_03,subject_03_relaxed_session_01
7.628,0.015602485066912898,relaxed,subject_03,subject_03_relaxed_session_01
7.632,-0.007277010134571757,relaxed,subject_03,subject_03_relaxed_session_01
7.636,-0.008716783164164348,relaxed,subject_03,subject_03_relaxed_session_01
7.64,0.02775795538027475,relaxed,subject_03,subject_03_relaxed_session_01
7.644,0.025259110515862923,relaxed,subject_03,subject_03_relaxed_session_01
7.648,0.013295623416449492,relaxed,subject_03,subject_03_relaxed_session_01
7.652,-0.0011728547694385863,relaxed,subject_03,subject_03_relaxed_session_01
7.656,-0.009205467011468066,relaxed,subject_03,subject_03_relaxed_session_01
7.66,-0.02898339231727638,relaxed,subject_03,subject_03_relaxed_session_01
7.664,-0.01667381367356368,relaxed,subject_03,subject_03_relaxed_session_01
7.668,-0.020091514449526175,relaxed,subject_03,subject_03_relaxed_session_01
7.672,-0.035265280586958325,relaxed,subject_03,subject_03_relaxed_session_01
7.676,-0.0038983180231613535,relaxed,subject_03,subject_03_relaxed_session_01
7.68,-0.02407521022345223,relaxed,subject_03,subject_03_relaxed_session_01
7.684,-0.00933287374902983,relaxed,subject_03,subject_03_relaxed_session_01
7.688,-0.04040403723631994,relaxed,subject_03,subject_03_relaxed_session_01
7.692,0.0003753770446687267,relaxed,subject_03,subject_03_relaxed_session_01
7.696,-0.0033246145093569993,relaxed,subject_03,subject_03_relaxed_session_01
7.7,-0.02288383469509232,relaxed,subject_03,subject_03_relaxed_session_01
7.704,0.013619580626810705,relaxed,subject_03,subject_03_relaxed_session_01
7.708,-0.017740002048449666,relaxed,subject_03,subject_03_relaxed_session_01
7.712,-0.017208405013727116,relaxed,subject_03,subject_03_relaxed_session_01
7.716,-0.05643728618744552,relaxed,subject_03,subject_03_relaxed_session_01
7.72,-0.04618295456920581,relaxed,subject_03,subject_03_relaxed_session_01
7.724,-0.04536634446503762,relaxed,subject_03,subject_03_relaxed_session_01
7.728,-0.009137559482951883,relaxed,subject_03,subject_03_relaxed_session_01
7.732,0.01865089591039888,relaxed,subject_03,subject_03_relaxed_session_01
7.736,0.03516582295233558,relaxed,subject_03,subject_03_relaxed_session_01
7.74,0.12360324153901511,relaxed,subject_03,subject_03_relaxed_session_01
7.744,0.23622027722409172,relaxed,subject_03,subject_03_relaxed_session_01
7.748,0.33052563201340796,relaxed,subject_03,subject_03_relaxed_session_01
7.752,0.4359722479368039,relaxed,subject_03,subject_03_relaxed_session_01
7.756,0.6049005693624319,relaxed,subject_03,subject_03_relaxed_session_01
7.76,0.7092464897977874,relaxed,subject_03,subject_03_relaxed_session_01
7.764,0.7888696328171438,relaxed,subject_03,subject_03_relaxed_session_01
7.768,0.8466841542095428,relaxed,subject_03,subject_03_relaxed_session_01
7.772,0.8487727592655546,relaxed,subject_03,subject_03_relaxed_session_01
7.776,0.7958259725375453,relaxed,subject_03,subject_03_relaxed_session_01
7.78,0.6750231530073372,relaxed,subject_03,subject_03_relaxed_session_01
7.784,0.5522107341483424,relaxed,subject_03,subject_03_relaxed_session_01
7.788,0.45528886728358053,relaxed,subject_03,subject_03_relaxed_session_01
7.792,0.31145758958367015,relaxed,subject_03,subject_03_relaxed_session_01
7.796,0.18457353427337994,relaxed,subject_03,subject_03_relaxed_session_01
7.8,0.10809060040487596,relaxed,subject_03,subject_03_relaxed_session_01
7.804,0.013057307247067624,relaxed,subject_03,subject_03_relaxed_session_01
7.808,-0.0585565292860941,relaxed,subject_03,subject_03_relaxed_session_01
7.812,-0.09192710080095308,relaxed,subject_03,subject_03_relaxed_session_01
7.816,-0.06568125092551914,relaxed,subject_03,subject_03_relaxed_session_01
7.82,-0.057595250539832235,relaxed,subject_03,subject_03_relaxed_session_01
7.824,-0.05366183452945381,relaxed,subject_03,subject_03_relaxed_session_01
7.828,-0.08628859261085359,relaxed,subject_03,subject_03_relaxed_session_01
7.832,-0.035696933202673406,relaxed,subject_03,subject_03_relaxed_session_01
7.836,0.011752901493994229,relaxed,subject_03,subject_03_relaxed_session_01
7.84,-0.023054491193941477,relaxed,subject_03,subject_03_relaxed_session_01
7.844,0.019928660947910175,relaxed,subject_03,subject_03_relaxed_session_01
7.848,0.021302219198422616,relaxed,subject_03,subject_03_relaxed_session_01
7.852,-0.0040502742454078845,relaxed,subject_03,subject_03_relaxed_session_01
7.856,0.03684255858696445,relaxed,subject_03,subject_03_relaxed_session_01
7.86,0.02032482132884068,relaxed,subject_03,subject_03_relaxed_session_01
7.864,0.022145185045288094,relaxed,subject_03,subject_03_relaxed_session_01
7.868,0.005511578486866203,relaxed,subject_03,subject_03_relaxed_session_01
7.872,0.05806119030187676,relaxed,subject_03,subject_03_relaxed_session_01
7.876,0.012101047265010812,relaxed,subject_03,subject_03_relaxed_session_01
7.88,0.015942833586938786,relaxed,subject_03,subject_03_relaxed_session_01
7.884,0.04714958854014493,relaxed,subject_03,subject_03_relaxed_session_01
7.888,0.02925522055338602,relaxed,subject_03,subject_03_relaxed_session_01
7.892,0.0949995000704027,relaxed,subject_03,subject_03_relaxed_session_01
7.896,0.038887727371408734,relaxed,subject_03,subject_03_relaxed_session_01
7.9,0.07974508704319189,relaxed,subject_03,subject_03_relaxed_session_01
7.904,0.10219008818072739,relaxed,subject_03,subject_03_relaxed_session_01
7.908,0.0892998449358045,relaxed,subject_03,subject_03_relaxed_session_01
7.912,0.06572936378374453,relaxed,subject_03,subject_03_relaxed_session_01
7.916,0.09372642536908167,relaxed,subject_03,subject_03_relaxed_session_01
7.92,0.12014840037546631,relaxed,subject_03,subject_03_relaxed_session_01
7.924,0.0693821765655904,relaxed,subject_03,subject_03_relaxed_session_01
7.928,0.12775445641801458,relaxed,subject_03,subject_03_relaxed_session_01
7.932,0.1221530218403083,relaxed,subject_03,subject_03_relaxed_session_01
7.936,0.15672276380555067,relaxed,subject_03,subject_03_relaxed_session_01
7.94,0.13411530832326518,relaxed,subject_03,subject_03_relaxed_session_01
7.944,0.1352195597869301,relaxed,subject_03,subject_03_relaxed_session_01
7.948,0.15244912785253245,relaxed,subject_03,subject_03_relaxed_session_01
7.952,0.12050750949243272,relaxed,subject_03,subject_03_relaxed_session_01
7.956,0.13542668072620997,relaxed,subject_03,subject_03_relaxed_session_01
7.96,0.1594240277186187,relaxed,subject_03,subject_03_relaxed_session_01
7.964,0.15368808265915787,relaxed,subject_03,subject_03_relaxed_session_01
7.968,0.15784713730099148,relaxed,subject_03,subject_03_relaxed_session_01
7.972,0.2165063381925898,relaxed,subject_03,subject_03_relaxed_session_01
7.976,0.21701695053195147,relaxed,subject_03,subject_03_relaxed_session_01
7.98,0.13538182633548734,relaxed,subject_03,subject_03_relaxed_session_01
7.984,0.19173802370843454,relaxed,subject_03,subject_03_relaxed_session_01
7.988,0.1714457838182552,relaxed,subject_03,subject_03_relaxed_session_01
7.992,0.2222286322613891,relaxed,subject_03,subject_03_relaxed_session_01
7.996,0.20716643105483937,relaxed,subject_03,subject_03_relaxed_session_01
8.0,0.23505663547534064,relaxed,subject_03,subject_03_relaxed_session_01
8.004,0.19108441592035927,relaxed,subject_03,subject_03_relaxed_session_01
8.008,0.19137033971883083,relaxed,subject_03,subject_03_relaxed_session_01
8.012,0.20753935737088927,relaxed,subject_03,subject_03_relaxed_session_01
8.016,0.20100014608318356,relaxed,subject_03,subject_03_relaxed_session_01
8.02,0.2115926614682075,relaxed,subject_03,subject_03_relaxed_session_01
8.024,0.2371453500608503,relaxed,subject_03,subject_03_relaxed_session_01
8.028,0.22218926736722136,relaxed,subject_03,subject_03_relaxed_session_01
8.032,0.20582505019710096,relaxed,subject_03,subject_03_relaxed_session_01
8.036,0.21123152834231423,relaxed,subject_03,subject_03_relaxed_session_01
8.04,0.176399890946424,relaxed,subject_03,subject_03_relaxed_session_01
8.044,0.16640570328917445,relaxed,subject_03,subject_03_relaxed_session_01
8.048,0.22663553183977342,relaxed,subject_03,subject_03_relaxed_session_01
8.052,0.18369607330853022,relaxed,subject_03,subject_03_relaxed_session_01
8.056,0.22369589986687755,relaxed,subject_03,subject_03_relaxed_session_01
8.06,0.1845988112782495,relaxed,subject_03,subject_03_relaxed_session_01
8.064,0.18877041358338745,relaxed,subject_03,subject_03_relaxed_session_01
8.068,0.19773071736175613,relaxed,subject_03,subject_03_relaxed_session_01
8.072,0.19481868563942517,relaxed,subject_03,subject_03_relaxed_session_01
8.076,0.16007811853025739,relaxed,subject_03,subject_03_relaxed_session_01
8.08,0.1660667800414548,relaxed,subject_03,subject_03_relaxed_session_01
8.084,0.15838407287023257,relaxed,subject_03,subject_03_relaxed_session_01
8.088,0.16027607903067706,relaxed,subject_03,subject_03_relaxed_session_01
8.092,0.15042725169917864,relaxed,subject_03,subject_03_relaxed_session_01
8.096,0.12574611570861027,relaxed,subject_03,subject_03_relaxed_session_01
8.1,0.13708681173788506,relaxed,subject_03,subject_03_relaxed_session_01
8.104,0.09857675014678324,relaxed,subject_03,subject_03_relaxed_session_01
8.108,0.12167879099224603,relaxed,subject_03,subject_03_relaxed_session_01
8.112,0.11781834172142962,relaxed,subject_03,subject_03_relaxed_session_01
8.116,0.0897582672929288,relaxed,subject_03,subject_03_relaxed_session_01
8.12,0.09775976512506424,relaxed,subject_03,subject_03_relaxed_session_01
8.124,0.08729456748273055,relaxed,subject_03,subject_03_relaxed_session_01
8.128,0.08199368469678495,relaxed,subject_03,subject_03_relaxed_session_01
8.132,0.10153041081742646,relaxed,subject_03,subject_03_relaxed_session_01
8.136,0.09030835821858535,relaxed,subject_03,subject_03_relaxed_session_01
8.14,0.09517454961737254,relaxed,subject_03,subject_03_relaxed_session_01
8.144,0.1126153539681875,relaxed,subject_03,subject_03_relaxed_session_01
8.148,0.08832159216455707,relaxed,subject_03,subject_03_relaxed_session_01
8.152,0.031204973146922853,relaxed,subject_03,subject_03_relaxed_session_01
8.156,0.04460531399925321,relaxed,subject_03,subject_03_relaxed_session_01
8.16,0.08058178078736147,relaxed,subject_03,subject_03_relaxed_session_01
8.164,0.04210281020182924,relaxed,subject_03,subject_03_relaxed_session_01
8.168,0.037269438847942524,relaxed,subject_03,subject_03_relaxed_session_01
8.172,0.04990735678216727,relaxed,subject_03,subject_03_relaxed_session_01
8.176,0.03448762104777655,relaxed,subject_03,subject_03_relaxed_session_01
8.18,0.07154736022371196,relaxed,subject_03,subject_03_relaxed_session_01
8.184,0.031527184819586065,relaxed,subject_03,subject_03_relaxed_session_01
8.188,0.08059340003167179,relaxed,subject_03,subject_03_relaxed_session_01
8.192,0.01895942139027044,relaxed,subject_03,subject_03_relaxed_session_01
8.196,0.015011236634732687,relaxed,subject_03,subject_03_relaxed_session_01
8.2,0.009624777250025751,relaxed,subject_03,subject_03_relaxed_session_01
8.204,0.008938183180747062,relaxed,subject_03,subject_03_relaxed_session_01
8.208,0.037657150706280784,relaxed,subject_03,subject_03_relaxed_session_01
8.212,-0.005028110383452654,relaxed,subject_03,subject_03_relaxed_session_01
8.216,0.0005683093034163991,relaxed,subject_03,subject_03_relaxed_session_01
8.22,0.02998519868986876,relaxed,subject_03,subject_03_relaxed_session_01
8.224,-0.024745757663419948,relaxed,subject_03,subject_03_relaxed_session_01
8.228,-0.011624738865433276,relaxed,subject_03,subject_03_relaxed_session_01
8.232,0.016065716496263257,relaxed,subject_03,subject_03_relaxed_session_01
8.236,0.024640829002767005,relaxed,subject_03,subject_03_relaxed_session_01
8.24,0.009216744050710626,relaxed,subject_03,subject_03_relaxed_session_01
8.244,0.02419510437717175,relaxed,subject_03,subject_03_relaxed_session_01
8.248,-0.0021159543973124743,relaxed,subject_03,subject_03_relaxed_session_01
8.252,0.04505318242037175,relaxed,subject_03,subject_03_relaxed_session_01
8.256,0.032732805394471313,relaxed,subject_03,subject_03_relaxed_session_01
8.26,-0.001981487771426302,relaxed,subject_03,subject_03_relaxed_session_01
8.264,0.010372772501580607,relaxed,subject_03,subject_03_relaxed_session_01
8.268,-0.025265587527782865,relaxed,subject_03,subject_03_relaxed_session_01
8.272,0.0325321120974847,relaxed,subject_03,subject_03_relaxed_session_01
8.276,-0.011697486354728849,relaxed,subject_03,subject_03_relaxed_session_01
8.28,0.00309731085929036,relaxed,subject_03,subject_03_relaxed_session_01
8.284,0.008015674870227944,relaxed,subject_03,subject_03_relaxed_session_01
8.288,-0.01362428350387829,relaxed,subject_03,subject_03_relaxed_session_01
8.292,-0.0027056838409382274,relaxed,subject_03,subject_03_relaxed_session_01
8.296,0.021468485025105503,relaxed,subject_03,subject_03_relaxed_session_01
8.3,0.00414239122165011,relaxed,subject_03,subject_03_relaxed_session_01
8.304,0.031634517236705004,relaxed,subject_03,subject_03_relaxed_session_01
8.308,0.02914279090296909,relaxed,subject_03,subject_03_relaxed_session_01
8.312,-0.00254541698759108,relaxed,subject_03,subject_03_relaxed_session_01
8.316,0.005493190502927389,relaxed,subject_03,subject_03_relaxed_session_01
8.32,0.005649798144968909,relaxed,subject_03,subject_03_relaxed_session_01
8.324,0.006793702321588465,relaxed,subject_03,subject_03_relaxed_session_01
8.328,0.044542761148287174,relaxed,subject_03,subject_03_relaxed_session_01
8.332,0.019071318807452834,relaxed,subject_03,subject_03_relaxed_session_01
8.336,-0.01773506270748996,relaxed,subject_03,subject_03_relaxed_session_01
8.34,0.00258997734444104,relaxed,subject_03,subject_03_relaxed_session_01
8.344,0.006710280938700099,relaxed,subject_03,subject_03_relaxed_session_01
8.348,0.02472754495467856,relaxed,subject_03,subject_03_relaxed_session_01
8.352,0.0526505535534135,relaxed,subject_03,subject_03_relaxed_session_01
8.356,0.032759852470261544,relaxed,subject_03,subject_03_relaxed_session_01
8.36,0.015447702498510924,relaxed,subject_03,subject_03_relaxed_session_01
8.364,0.0010332916653760342,relaxed,subject_03,subject_03_relaxed_session_01
8.368,0.047127639072359256,relaxed,subject_03,subject_03_relaxed_session_01
8.372,0.013550944063148117,relaxed,subject_03,subject_03_relaxed_session_01
8.376,-0.008005366705092113,relaxed,subject_03,subject_03_relaxed_session_01
8.38,0.02863963018620213,relaxed,subject_03,subject_03_relaxed_session_01
8.384,-0.0019584951016254,relaxed,subject_03,subject_03_relaxed_session_01
8.388,0.03743270935882462,relaxed,subject_03,subject_03_relaxed_session_01
8.392,0.018082326970657016,relaxed,subject_03,subject_03_relaxed_session_01
8.396,0.021834736154699524,relaxed,subject_03,subject_03_relaxed_session_01
8.4,-0.024684358537163578,relaxed,subject_03,subject_03_relaxed_session_01
8.404,0.054367005642874805,relaxed,subject_03,subject_03_relaxed_session_01
8.408,0.012154134865399568,relaxed,subject_03,subject_03_relaxed_session_01
8.412,0.024553554753817486,relaxed,subject_03,subject_03_relaxed_session_01
8.416,0.046432122308192283,relaxed,subject_03,subject_03_relaxed_session_01
8.42,0.04366072987418277,relaxed,subject_03,subject_03_relaxed_session_01
8.424,0.09680697253519185,relaxed,subject_03,subject_03_relaxed_session_01
8.428,0.021007140057499894,relaxed,subject_03,subject_03_relaxed_session_01
8.432,0.052756177788539846,relaxed,subject_03,subject_03_relaxed_session_01
8.436,0.08129992579199238,relaxed,subject_03,subject_03_relaxed_session_01
8.44,0.06206665130199329,relaxed,subject_03,subject_03_relaxed_session_01
8.444,0.07633930886966589,relaxed,subject_03,subject_03_relaxed_session_01
8.448,0.13363186377346656,relaxed,subject_03,subject_03_relaxed_session_01
8.452,0.08875329740315874,relaxed,subject_03,subject_03_relaxed_session_01
8.456,0.12082759939663806,relaxed,subject_03,subject_03_relaxed_session_01
8.46,0.11096827923279397,relaxed,subject_03,subject_03_relaxed_session_01
8.464,0.11757217112788562,relaxed,subject_03,subject_03_relaxed_session_01
8.468,0.10329303965759741,relaxed,subject_03,subject_03_relaxed_session_01
8.472,0.07862191759288664,relaxed,subject_03,subject_03_relaxed_session_01
8.476,0.13631206915803865,relaxed,subject_03,subject_03_relaxed_session_01
8.48,0.12839826457635806,relaxed,subject_03,subject_03_relaxed_session_01
8.484,0.1299665436109539,relaxed,subject_03,subject_03_relaxed_session_01
8.488,0.11748845850670285,relaxed,subject_03,subject_03_relaxed_session_01
8.492,0.1079785041447727,relaxed,subject_03,subject_03_relaxed_session_01
8.496,0.14705701197320362,relaxed,subject_03,subject_03_relaxed_session_01
8.5,0.12602485171367572,relaxed,subject_03,subject_03_relaxed_session_01
8.504,0.08105163140771462,relaxed,subject_03,subject_03_relaxed_session_01
8.508,0.11399119649715724,relaxed,subject_03,subject_03_relaxed_session_01
8.512,0.10577445200468188,relaxed,subject_03,subject_03_relaxed_session_01
8.516,0.05555240839280079,relaxed,subject_03,subject_03_relaxed_session_01
8.52,0.08886317368630624,relaxed,subject_03,subject_03_relaxed_session_01
8.524,0.15109991602261924,relaxed,subject_03,subject_03_relaxed_session_01
8.528,0.04703708000730916,relaxed,subject_03,subject_03_relaxed_session_01
8.532,0.0660143030254569,relaxed,subject_03,subject_03_relaxed_session_01
8.536,0.03519262725190059,relaxed,subject_03,subject_03_relaxed_session_01
8.54,0.04693871298439122,relaxed,subject_03,subject_03_relaxed_session_01
8.544,0.036640188623399225,relaxed,subject_03,subject_03_relaxed_session_01
8.548,0.04466886006111295,relaxed,subject_03,subject_03_relaxed_session_01
8.552,0.0978324558852524,relaxed,subject_03,subject_03_relaxed_session_01
8.556,0.07704213202042359,relaxed,subject_03,subject_03_relaxed_session_01
8.56,0.04944736465548813,relaxed,subject_03,subject_03_relaxed_session_01
8.564,0.08413533545167137,relaxed,subject_03,subject_03_relaxed_session_01
8.568,0.03750980928538779,relaxed,subject_03,subject_03_relaxed_session_01
8.572,0.024646660949162902,relaxed,subject_03,subject_03_relaxed_session_01
8.576,0.03216634098917634,relaxed,subject_03,subject_03_relaxed_session_01
8.58,0.006570166074391662,relaxed,subject_03,subject_03_relaxed_session_01
8.584,-0.0017397571543387447,relaxed,subject_03,subject_03_relaxed_session_01
8.588,0.047227401320128634,relaxed,subject_03,subject_03_relaxed_session_01
8.592,0.03899975224680322,relaxed,subject_03,subject_03_relaxed_session_01
8.596,0.005216983002584979,relaxed,subject_03,subject_03_relaxed_session_01
8.6,0.039139050987179104,relaxed,subject_03,subject_03_relaxed_session_01
8.604,0.03897713773534869,relaxed,subject_03,subject_03_relaxed_session_01
8.608,0.015960350903066734,relaxed,subject_03,subject_03_relaxed_session_01
8.612,0.008343808871183033,relaxed,subject_03,subject_03_relaxed_session_01
8.616,0.0426484501223948,relaxed,subject_03,subject_03_relaxed_session_01
8.62,0.035090234673460036,relaxed,subject_03,subject_03_relaxed_session_01
8.624,0.05985955574766788,relaxed,subject_03,subject_03_relaxed_session_01
8.628,0.031839289190650204,relaxed,subject_03,subject_03_relaxed_session_01
8.632,-0.015676111305032818,relaxed,subject_03,subject_03_relaxed_session_01
8.636,-0.01580334913860343,relaxed,subject_03,subject_03_relaxed_session_01
8.64,0.004832078011791406,relaxed,subject_03,subject_03_relaxed_session_01
8.644,0.021804152428891735,relaxed,subject_03,subject_03_relaxed_session_01
8.648,0.01575697249561989,relaxed,subject_03,subject_03_relaxed_session_01
8.652,0.014946559243121806,relaxed,subject_03,subject_03_relaxed_session_01
8.656,0.032756388492465933,relaxed,subject_03,subject_03_relaxed_session_01
8.66,0.1607037301559365,relaxed,subject_03,subject_03_relaxed_session_01
8.664,0.2508397654064554,relaxed,subject_03,subject_03_relaxed_session_01
8.668,0.30709717504256656,relaxed,subject_03,subject_03_relaxed_session_01
8.672,0.4744640627478102,relaxed,subject_03,subject_03_relaxed_session_01
8.676,0.593850235238863,relaxed,subject_03,subject_03_relaxed_session_01
8.68,0.7187915188590638,relaxed,subject_03,subject_03_relaxed_session_01
8.684,0.8278831065768891,relaxed,subject_03,subject_03_relaxed_session_01
8.688,0.8834876576986537,relaxed,subject_03,subject_03_relaxed_session_01
8.692,0.8800285080709584,relaxed,subject_03,subject_03_relaxed_session_01
8.696,0.8346748490645898,relaxed,subject_03,subject_03_relaxed_session_01
8.7,0.7607315124076168,relaxed,subject_03,subject_03_relaxed_session_01
8.704,0.6550077022939034,relaxed,subject_03,subject_03_relaxed_session_01
8.708,0.584043799067648,relaxed,subject_03,subject_03_relaxed_session_01
8.712,0.391832985479848,relaxed,subject_03,subject_03_relaxed_session_01
8.716,0.2735238393774126,relaxed,subject_03,subject_03_relaxed_session_01
8.72,0.1509269943605665,relaxed,subject_03,subject_03_relaxed_session_01
8.724,0.033673727826616415,relaxed,subject_03,subject_03_relaxed_session_01
8.728,0.00374905640732556,relaxed,subject_03,subject_03_relaxed_session_01
8.732,-0.04972134397968562,relaxed,subject_03,subject_03_relaxed_session_01
8.736,-0.06281824023797387,relaxed,subject_03,subject_03_relaxed_session_01
8.74,-0.023737571021908325,relaxed,subject_03,subject_03_relaxed_session_01
8.744,-0.044683348861875895,relaxed,subject_03,subject_03_relaxed_session_01
8.748,0.01618933586662832,relaxed,subject_03,subject_03_relaxed_session_01
8.752,0.02605400442102162,relaxed,subject_03,subject_03_relaxed_session_01
8.756,0.05237551289608168,relaxed,subject_03,subject_03_relaxed_session_01
8.76,0.04554159959756847,relaxed,subject_03,subject_03_relaxed_session_01
8.764,0.022945711698263364,relaxed,subject_03,subject_03_relaxed_session_01
8.768,0.06869087267635127,relaxed,subject_03,subject_03_relaxed_session_01
8.772,0.07312356493061635,relaxed,subject_03,subject_03_relaxed_session_01
8.776,0.07068159779631437,relaxed,subject_03,subject_03_relaxed_session_01
8.78,0.0704071237733101,relaxed,subject_03,subject_03_relaxed_session_01
8.784,0.029214763171482774,relaxed,subject_03,subject_03_relaxed_session_01
8.788,0.0790940873572117,relaxed,subject_03,subject_03_relaxed_session_01
8.792,0.04040233209924529,relaxed,subject_03,subject_03_relaxed_session_01
8.796,0.056588190471694645,relaxed,subject_03,subject_03_relaxed_session_01
8.8,0.05625444846682822,relaxed,subject_03,subject_03_relaxed_session_01
8.804,0.045617718593299945,relaxed,subject_03,subject_03_relaxed_session_01
8.808,0.08487491335861888,relaxed,subject_03,subject_03_relaxed_session_01
8.812,0.08527806234711553,relaxed,subject_03,subject_03_relaxed_session_01
8.816,0.11726734274010156,relaxed,subject_03,subject_03_relaxed_session_01
8.82,0.11983774434930677,relaxed,subject_03,subject_03_relaxed_session_01
8.824,0.10451605010459716,relaxed,subject_03,subject_03_relaxed_session_01
8.828,0.12219523263586402,relaxed,subject_03,subject_03_relaxed_session_01
8.832,0.10999900285424903,relaxed,subject_03,subject_03_relaxed_session_01
8.836,0.11570557872336937,relaxed,subject_03,subject_03_relaxed_session_01
8.84,0.12642178877429086,relaxed,subject_03,subject_03_relaxed_session_01
8.844,0.1270344605681315,relaxed,subject_03,subject_03_relaxed_session_01
8.848,0.14055153736681558,relaxed,subject_03,subject_03_relaxed_session_01
8.852,0.1559378352863858,relaxed,subject_03,subject_03_relaxed_session_01
8.856,0.12470531076051863,relaxed,subject_03,subject_03_relaxed_session_01
8.86,0.14740844704493278,relaxed,subject_03,subject_03_relaxed_session_01
8.864,0.17757153618141142,relaxed,subject_03,subject_03_relaxed_session_01
8.868,0.1574313331404579,relaxed,subject_03,subject_03_relaxed_session_01
8.872,0.16426044745076332,relaxed,subject_03,subject_03_relaxed_session_01
8.876,0.20155216839580303,relaxed,subject_03,subject_03_relaxed_session_01
8.88,0.1726370320893734,relaxed,subject_03,subject_03_relaxed_session_01
8.884,0.2021361567321724,relaxed,subject_03,subject_03_relaxed_session_01
8.888,0.20229601107078599,relaxed,subject_03,subject_03_relaxed_session_01
8.892,0.22264913303030437,relaxed,subject_03,subject_03_relaxed_session_01
8.896,0.2089022408989768,relaxed,subject_03,subject_03_relaxed_session_01
8.9,0.19943529196462223,relaxed,subject_03,subject_03_relaxed_session_01
8.904,0.20688277545182593,relaxed,subject_03,subject_03_relaxed_session_01
8.908,0.2573539719810972,relaxed,subject_03,subject_03_relaxed_session_01
8.912,0.21747247773675996,relaxed,subject_03,subject_03_relaxed_session_01
8.916,0.21964472263499424,relaxed,subject_03,subject_03_relaxed_session_01
8.92,0.22541654304100656,relaxed,subject_03,subject_03_relaxed_session_01
8.924,0.23178736972603856,relaxed,subject_03,subject_03_relaxed_session_01
8.928,0.2310928172183224,relaxed,subject_03,subject_03_relaxed_session_01
8.932,0.25209402921385876,relaxed,subject_03,subject_03_relaxed_session_01
8.936,0.24385898302537803,relaxed,subject_03,subject_03_relaxed_session_01
8.94,0.23051950035375135,relaxed,subject_03,subject_03_relaxed_session_01
8.944,0.256740131878766,relaxed,subject_03,subject_03_relaxed_session_01
8.948,0.24735698954337923,relaxed,subject_03,subject_03_relaxed_session_01
8.952,0.2671690250350833,relaxed,subject_03,subject_03_relaxed_session_01
8.956,0.24534629283715864,relaxed,subject_03,subject_03_relaxed_session_01
8.96,0.23433757140952924,relaxed,subject_03,subject_03_relaxed_session_01
8.964,0.23022057669212725,relaxed,subject_03,subject_03_relaxed_session_01
8.968,0.23411278358398926,relaxed,subject_03,subject_03_relaxed_session_01
8.972,0.23501939049936904,relaxed,subject_03,subject_03_relaxed_session_01
8.976,0.22368393601648975,relaxed,subject_03,subject_03_relaxed_session_01
8.98,0.21056013152781353,relaxed,subject_03,subject_03_relaxed_session_01
8.984,0.22719219328523604,relaxed,subject_03,subject_03_relaxed_session_01
8.988,0.21827167602130784,relaxed,subject_03,subject_03_relaxed_session_01
8.992,0.20463536436924695,relaxed,subject_03,subject_03_relaxed_session_01
8.996,0.21201905806061033,relaxed,subject_03,subject_03_relaxed_session_01
9.0,0.19128366182816683,relaxed,subject_03,subject_03_relaxed_session_01
9.004,0.18702310880702006,relaxed,subject_03,subject_03_relaxed_session_01
9.008,0.19322469155807673,relaxed,subject_03,subject_03_relaxed_session_01
9.012,0.19030775221519683,relaxed,subject_03,subject_03_relaxed_session_01
9.016,0.18096935356883576,relaxed,subject_03,subject_03_relaxed_session_01
9.02,0.14617620471099663,relaxed,subject_03,subject_03_relaxed_session_01
9.024,0.1625353300423111,relaxed,subject_03,subject_03_relaxed_session_01
9.028,0.14945660641856395,relaxed,subject_03,subject_03_relaxed_session_01
9.032,0.1500393793374509,relaxed,subject_03,subject_03_relaxed_session_01
9.036,0.172366337942927,relaxed,subject_03,subject_03_relaxed_session_01
9.04,0.12547963022920486,relaxed,subject_03,subject_03_relaxed_session_01
9.044,0.12405155340858628,relaxed,subject_03,subject_03_relaxed_session_01
9.048,0.10642625885241752,relaxed,subject_03,subject_03_relaxed_session_01
9.052,0.10808184642670726,relaxed,subject_03,subject_03_relaxed_session_01
9.056,0.09278969579496851,relaxed,subject_03,subject_03_relaxed_session_01
9.06,0.07949644324385935,relaxed,subject_03,subject_03_relaxed_session_01
9.064,0.05667234291466252,relaxed,subject_03,subject_03_relaxed_session_01
9.068,0.07692689024918295,relaxed,subject_03,subject_03_relaxed_session_01
9.072,0.0735798418502732,relaxed,subject_03,subject_03_relaxed_session_01
9.076,0.08044005397928845,relaxed,subject_03,subject_03_relaxed_session_01
9.08,0.0665730662477005,relaxed,subject_03,subject_03_relaxed_session_01
9.084,0.09398582506580547,relaxed,subject_03,subject_03_relaxed_session_01
9.088,0.07408353087895486,relaxed,subject_03,subject_03_relaxed_session_01
9.092,0.08083454767842012,relaxed,subject_03,subject_03_relaxed_session_01
9.096,0.08232839316424723,relaxed,subject_03,subject_03_relaxed_session_01
9.1,0.08730442153065096,relaxed,subject_03,subject_03_relaxed_session_01
9.104,0.0761398118115511,relaxed,subject_03,subject_03_relaxed_session_01
9.108,0.036328286027351164,relaxed,subject_03,subject_03_relaxed_session_01
9.112,0.06871543818208403,relaxed,subject_03,subject_03_relaxed_session_01
9.116,0.05565806235560973,relaxed,subject_03,subject_03_relaxed_session_01
9.12,0.0740850358653691,relaxed,subject_03,subject_03_relaxed_session_01
9.124,0.04574912362975557,relaxed,subject_03,subject_03_relaxed_session_01
9.128,0.0663666260166847,relaxed,subject_03,subject_03_relaxed_session_01
9.132,0.043871766089887784,relaxed,subject_03,subject_03_relaxed_session_01
9.136,0.04321162554810178,relaxed,subject_03,subject_03_relaxed_session_01
9.14,0.05241461653797324,relaxed,subject_03,subject_03_relaxed_session_01
9.144,0.03160531944889788,relaxed,subject_03,subject_03_relaxed_session_01
9.148,0.04786864720286721,relaxed,subject_03,subject_03_relaxed_session_01
9.152,0.005470127472886541,relaxed,subject_03,subject_03_relaxed_session_01
9.156,0.04463454958713656,relaxed,subject_03,subject_03_relaxed_session_01
9.16,0.008739886558925252,relaxed,subject_03,subject_03_relaxed_session_01
9.164,0.04455659679696105,relaxed,subject_03,subject_03_relaxed_session_01
9.168,-0.029575756490101128,relaxed,subject_03,subject_03_relaxed_session_01
9.172,-0.0040200486121250364,relaxed,subject_03,subject_03_relaxed_session_01
9.176,0.03282454253880055,relaxed,subject_03,subject_03_relaxed_session_01
9.18,0.03272429984352807,relaxed,subject_03,subject_03_relaxed_session_01
9.184,0.025859650178509386,relaxed,subject_03,subject_03_relaxed_session_01
9.188,0.04500179272342733,relaxed,subject_03,subject_03_relaxed_session_01
9.192,0.04888249664386041,relaxed,subject_03,subject_03_relaxed_session_01
9.196,0.08056256143687186,relaxed,subject_03,subject_03_relaxed_session_01
9.2,0.030565966438639736,relaxed,subject_03,subject_03_relaxed_session_01
9.204,0.050145085261369564,relaxed,subject_03,subject_03_relaxed_session_01
9.208,0.01267500188120425,relaxed,subject_03,subject_03_relaxed_session_01
9.212,0.01812122063435704,relaxed,subject_03,subject_03_relaxed_session_01
9.216,0.012471476957392175,relaxed,subject_03,subject_03_relaxed_session_01
9.22,0.02653304508589046,relaxed,subject_03,subject_03_relaxed_session_01
9.224,0.03305998738638339,relaxed,subject_03,subject_03_relaxed_session_01
9.228,0.04930626231468379,relaxed,subject_03,subject_03_relaxed_session_01
9.232,0.03526641500335608,relaxed,subject_03,subject_03_relaxed_session_01
9.236,0.054984813321335424,relaxed,subject_03,subject_03_relaxed_session_01
9.24,0.055221145347068915,relaxed,subject_03,subject_03_relaxed_session_01
9.244,0.028885216017809256,relaxed,subject_03,subject_03_relaxed_session_01
9.248,0.025927724359146913,relaxed,subject_03,subject_03_relaxed_session_01
9.252,-0.0025341554717571053,relaxed,subject_03,subject_03_relaxed_session_01
9.256,0.017073912299990154,relaxed,subject_03,subject_03_relaxed_session_01
9.26,0.01173791443186354,relaxed,subject_03,subject_03_relaxed_session_01
9.264,0.012628707063712328,relaxed,subject_03,subject_03_relaxed_session_01
9.268,0.01951713817637963,relaxed,subject_03,subject_03_relaxed_session_01
9.272,0.03861156370099034,relaxed,subject_03,subject_03_relaxed_session_01
9.276,0.03403647541554135,relaxed,subject_03,subject_03_relaxed_session_01
9.28,0.04821639690003222,relaxed,subject_03,subject_03_relaxed_session_01
9.284,0.03643410237501729,relaxed,subject_03,subject_03_relaxed_session_01
9.288,0.017295651567624828,relaxed,subject_03,subject_03_relaxed_session_01
9.292,0.044761224109901174,relaxed,subject_03,subject_03_relaxed_session_01
9.296,0.0028347541275541323,relaxed,subject_03,subject_03_relaxed_session_01
9.3,0.0505794486892256,relaxed,subject_03,subject_03_relaxed_session_01
9.304,0.016685575710001305,relaxed,subject_03,subject_03_relaxed_session_01
9.308,-0.012745765568227298,relaxed,subject_03,subject_03_relaxed_session_01
9.312,0.045459806157034904,relaxed,subject_03,subject_03_relaxed_session_01
9.316,0.030045241657357405,relaxed,subject_03,subject_03_relaxed_session_01
9.32,0.061658107348995406,relaxed,subject_03,subject_03_relaxed_session_01
9.324,0.05966238698172066,relaxed,subject_03,subject_03_relaxed_session_01
9.328,0.023250839463932537,relaxed,subject_03,subject_03_relaxed_session_01
9.332,0.0763429748587209,relaxed,subject_03,subject_03_relaxed_session_01
9.336,0.011451049880339487,relaxed,subject_03,subject_03_relaxed_session_01
9.34,0.06204244464414546,relaxed,subject_03,subject_03_relaxed_session_01
9.344,0.08518754109491983,relaxed,subject_03,subject_03_relaxed_session_01
9.348,0.04066055195175325,relaxed,subject_03,subject_03_relaxed_session_01
9.352,0.10778996948790825,relaxed,subject_03,subject_03_relaxed_session_01
9.356,0.0736312941112896,relaxed,subject_03,subject_03_relaxed_session_01
9.36,0.08289287026302807,relaxed,subject_03,subject_03_relaxed_session_01
9.364,0.10412685954529143,relaxed,subject_03,subject_03_relaxed_session_01
9.368,0.09427514938732764,relaxed,subject_03,subject_03_relaxed_session_01
9.372,0.06468741816541695,relaxed,subject_03,subject_03_relaxed_session_01
9.376,0.03203447313789916,relaxed,subject_03,subject_03_relaxed_session_01
9.38,0.08183936300993458,relaxed,subject_03,subject_03_relaxed_session_01
9.384,0.08832364878133292,relaxed,subject_03,subject_03_relaxed_session_01
9.388,0.09143512351830961,relaxed,subject_03,subject_03_relaxed_session_01
9.392,0.10161401133971705,relaxed,subject_03,subject_03_relaxed_session_01
9.396,0.06061795471959413,relaxed,subject_03,subject_03_relaxed_session_01
9.4,0.0964097981829525,relaxed,subject_03,subject_03_relaxed_session_01
9.404,0.13314820742446076,relaxed,subject_03,subject_03_relaxed_session_01
9.408,0.14429839551390067,relaxed,subject_03,subject_03_relaxed_session_01
9.412,0.10934030722960011,relaxed,subject_03,subject_03_relaxed_session_01
9.416,0.13739702389049668,relaxed,subject_03,subject_03_relaxed_session_01
9.42,0.07067983720370362,relaxed,subject_03,subject_03_relaxed_session_01
9.424,0.1259950909728888,relaxed,subject_03,subject_03_relaxed_session_01
9.428,0.14169195309766808,relaxed,subject_03,subject_03_relaxed_session_01
9.432,0.12505401999618565,relaxed,subject_03,subject_03_relaxed_session_01
9.436,0.1103612336883473,relaxed,subject_03,subject_03_relaxed_session_01
9.44,0.055524065541541635,relaxed,subject_03,subject_03_relaxed_session_01
9.444,0.1395607429086296,relaxed,subject_03,subject_03_relaxed_session_01
9.448,0.13546504254998096,relaxed,subject_03,subject_03_relaxed_session_01
9.452,0.10532871429638185,relaxed,subject_03,subject_03_relaxed_session_01
9.456,0.11247909803030481,relaxed,subject_03,subject_03_relaxed_session_01
9.46,0.08037115269426173,relaxed,subject_03,subject_03_relaxed_session_01
9.464,0.09008651776659836,relaxed,subject_03,subject_03_relaxed_session_01
9.468,0.08629254239845247,relaxed,subject_03,subject_03_relaxed_session_01
9.472,0.06307311667973274,relaxed,subject_03,subject_03_relaxed_session_01
9.476,0.04287879659863626,relaxed,subject_03,subject_03_relaxed_session_01
9.48,0.07227284986582029,relaxed,subject_03,subject_03_relaxed_session_01
9.484,0.08801931274254224,relaxed,subject_03,subject_03_relaxed_session_01
9.488,0.07129540725014853,relaxed,subject_03,subject_03_relaxed_session_01
9.492,0.04963395331244607,relaxed,subject_03,subject_03_relaxed_session_01
9.496,0.04480439934857921,relaxed,subject_03,subject_03_relaxed_session_01
9.5,0.04301026314534409,relaxed,subject_03,subject_03_relaxed_session_01
9.504,-0.011726862039830407,relaxed,subject_03,subject_03_relaxed_session_01
9.508,0.029548060632165408,relaxed,subject_03,subject_03_relaxed_session_01
9.512,0.025354436701302763,relaxed,subject_03,subject_03_relaxed_session_01
9.516,0.0037918797984029633,relaxed,subject_03,subject_03_relaxed_session_01
9.52,0.04753345493583294,relaxed,subject_03,subject_03_relaxed_session_01
9.524,0.030810749931439965,relaxed,subject_03,subject_03_relaxed_session_01
9.528,-0.028251998850248965,relaxed,subject_03,subject_03_relaxed_session_01
9.532,0.027852816412095967,relaxed,subject_03,subject_03_relaxed_session_01
9.536,0.04784319225041323,relaxed,subject_03,subject_03_relaxed_session_01
9.54,0.009525023022545218,relaxed,subject_03,subject_03_relaxed_session_01
9.544,-0.00020685284157688152,relaxed,subject_03,subject_03_relaxed_session_01
9.548,-0.007342246569414342,relaxed,subject_03,subject_03_relaxed_session_01
9.552,0.017350094545866505,relaxed,subject_03,subject_03_relaxed_session_01
9.556,-0.003863257680309753,relaxed,subject_03,subject_03_relaxed_session_01
9.56,-0.0246213460672699,relaxed,subject_03,subject_03_relaxed_session_01
9.564,0.03225586490945178,relaxed,subject_03,subject_03_relaxed_session_01
9.568,0.004352338899770909,relaxed,subject_03,subject_03_relaxed_session_01
9.572,0.0020950627456550967,relaxed,subject_03,subject_03_relaxed_session_01
9.576,0.0774392756675242,relaxed,subject_03,subject_03_relaxed_session_01
9.58,0.10553289396800283,relaxed,subject_03,subject_03_relaxed_session_01
9.584,0.1800119554687368,relaxed,subject_03,subject_03_relaxed_session_01
9.588,0.29340206153414256,relaxed,subject_03,subject_03_relaxed_session_01
9.592,0.4010752419711625,relaxed,subject_03,subject_03_relaxed_session_01
9.596,0.5370204390772889,relaxed,subject_03,subject_03_relaxed_session_01
9.6,0.6726554431960765,relaxed,subject_03,subject_03_relaxed_session_01
9.604,0.7958169192135498,relaxed,subject_03,subject_03_relaxed_session_01
9.608,0.8207250010563832,relaxed,subject_03,subject_03_relaxed_session_01
9.612,0.8732160279029927,relaxed,subject_03,subject_03_relaxed_session_01
9.616,0.8151303252221401,relaxed,subject_03,subject_03_relaxed_session_01
9.62,0.7947347528095466,relaxed,subject_03,subject_03_relaxed_session_01
9.624,0.7230975520448377,relaxed,subject_03,subject_03_relaxed_session_01
9.628,0.5631343400182256,relaxed,subject_03,subject_03_relaxed_session_01
9.632,0.413546276960659,relaxed,subject_03,subject_03_relaxed_session_01
9.636,0.2779834740914447,relaxed,subject_03,subject_03_relaxed_session_01
9.64,0.17589518721315822,relaxed,subject_03,subject_03_relaxed_session_01
9.644,0.06894183438239856,relaxed,subject_03,subject_03_relaxed_session_01
9.648,-0.009586918608242843,relaxed,subject_03,subject_03_relaxed_session_01
9.652,-0.02813946273188174,relaxed,subject_03,subject_03_relaxed_session_01
9.656,-0.07315285848799376,relaxed,subject_03,subject_03_relaxed_session_01
9.66,-0.034447191937999055,relaxed,subject_03,subject_03_relaxed_session_01
9.664,-0.043849937218032105,relaxed,subject_03,subject_03_relaxed_session_01
9.668,-0.006623132892343611,relaxed,subject_03,subject_03_relaxed_session_01
9.672,0.0136895230827212,relaxed,subject_03,subject_03_relaxed_session_01
9.676,-0.028549974506874472,relaxed,subject_03,subject_03_relaxed_session_01
9.68,0.018595657272552392,relaxed,subject_03,subject_03_relaxed_session_01
9.684,-0.003908780838385022,relaxed,subject_03,subject_03_relaxed_session_01
9.688,-0.003364334729620083,relaxed,subject_03,subject_03_relaxed_session_01
9.692,0.02996300467263364,relaxed,subject_03,subject_03_relaxed_session_01
9.696,0.043651608207349125,relaxed,subject_03,subject_03_relaxed_session_01
9.7,0.009311689390645105,relaxed,subject_03,subject_03_relaxed_session_01
9.704,0.04838868208220942,relaxed,subject_03,subject_03_relaxed_session_01
9.708,0.028384057760403054,relaxed,subject_03,subject_03_relaxed_session_01
9.712,0.05033943511604032,relaxed,subject_03,subject_03_relaxed_session_01
9.716,0.10290253040086109,relaxed,subject_03,subject_03_relaxed_session_01
9.72,0.049528543945907534,relaxed,subject_03,subject_03_relaxed_session_01
9.724,0.0369051889311794,relaxed,subject_03,subject_03_relaxed_session_01
9.728,0.06334814818344876,relaxed,subject_03,subject_03_relaxed_session_01
9.732,0.06417303406014009,relaxed,subject_03,subject_03_relaxed_session_01
9.736,0.06556633002344525,relaxed,subject_03,subject_03_relaxed_session_01
9.74,0.07789350532039013,relaxed,subject_03,subject_03_relaxed_session_01
9.744,0.0784631430864809,relaxed,subject_03,subject_03_relaxed_session_01
9.748,0.06257059609339105,relaxed,subject_03,subject_03_relaxed_session_01
9.752,0.1091759874498644,relaxed,subject_03,subject_03_relaxed_session_01
9.756,0.12450977937985971,relaxed,subject_03,subject_03_relaxed_session_01
9.76,0.09651851543719799,relaxed,subject_03,subject_03_relaxed_session_01
9.764,0.11684736811927537,relaxed,subject_03,subject_03_relaxed_session_01
9.768,0.07492570911317839,relaxed,subject_03,subject_03_relaxed_session_01
9.772,0.12157942908160313,relaxed,subject_03,subject_03_relaxed_session_01
9.776,0.16660498696979653,relaxed,subject_03,subject_03_relaxed_session_01
9.78,0.15037841022252527,relaxed,subject_03,subject_03_relaxed_session_01
9.784,0.14372393176918122,relaxed,subject_03,subject_03_relaxed_session_01
9.788,0.14601337469384884,relaxed,subject_03,subject_03_relaxed_session_01
9.792,0.14713172069714844,relaxed,subject_03,subject_03_relaxed_session_01
9.796,0.16764121540468266,relaxed,subject_03,subject_03_relaxed_session_01
9.8,0.1858367638753481,relaxed,subject_03,subject_03_relaxed_session_01
9.804,0.16110798620537103,relaxed,subject_03,subject_03_relaxed_session_01
9.808,0.19185001698481885,relaxed,subject_03,subject_03_relaxed_session_01
9.812,0.16612107706825502,relaxed,subject_03,subject_03_relaxed_session_01
9.816,0.17875512778759312,relaxed,subject_03,subject_03_relaxed_session_01
9.82,0.17017950621949254,relaxed,subject_03,subject_03_relaxed_session_01
9.824,0.20019965426122785,relaxed,subject_03,subject_03_relaxed_session_01
9.828,0.202887170357784,relaxed,subject_03,subject_03_relaxed_session_01
9.832,0.21298050136384386,relaxed,subject_03,subject_03_relaxed_session_01
9.836,0.21463382697781752,relaxed,subject_03,subject_03_relaxed_session_01
9.84,0.2258931416256734,relaxed,subject_03,subject_03_relaxed_session_01
9.844,0.2556269924531518,relaxed,subject_03,subject_03_relaxed_session_01
9.848,0.23059970825895498,relaxed,subject_03,subject_03_relaxed_session_01
9.852,0.177983612918954,relaxed,subject_03,subject_03_relaxed_session_01
9.856,0.2134803876614573,relaxed,subject_03,subject_03_relaxed_session_01
9.86,0.21819984535051332,relaxed,subject_03,subject_03_relaxed_session_01
9.864,0.18714770635755287,relaxed,subject_03,subject_03_relaxed_session_01
9.868,0.23484583478916324,relaxed,subject_03,subject_03_relaxed_session_01
9.872,0.2528928974096117,relaxed,subject_03,subject_03_relaxed_session_01
9.876,0.19814474493220544,relaxed,subject_03,subject_03_relaxed_session_01
9.88,0.23858560965631512,relaxed,subject_03,subject_03_relaxed_session_01
9.884,0.2321382355772041,relaxed,subject_03,subject_03_relaxed_session_01
9.888,0.21303017611092911,relaxed,subject_03,subject_03_relaxed_session_01
9.892,0.2205750021219062,relaxed,subject_03,subject_03_relaxed_session_01
9.896,0.18465769411748675,relaxed,subject_03,subject_03_relaxed_session_01
9.9,0.2185465640584622,relaxed,subject_03,subject_03_relaxed_session_01
9.904,0.2160564299342423,relaxed,subject_03,subject_03_relaxed_session_01
9.908,0.19514174774756493,relaxed,subject_03,subject_03_relaxed_session_01
9.912,0.186264229904963,relaxed,subject_03,subject_03_relaxed_session_01
9.916,0.15856856454402485,relaxed,subject_03,subject_03_relaxed_session_01
9.92,0.18740407447236376,relaxed,subject_03,subject_03_relaxed_session_01
9.924,0.16260285108743225,relaxed,subject_03,subject_03_relaxed_session_01
9.928,0.15326187444381043,relaxed,subject_03,subject_03_relaxed_session_01
9.932,0.16841956755981763,relaxed,subject_03,subject_03_relaxed_session_01
9.936,0.1372143023743743,relaxed,subject_03,subject_03_relaxed_session_01
9.94,0.12227282755814171,relaxed,subject_03,subject_03_relaxed_session_01
9.944,0.15150761863584566,relaxed,subject_03,subject_03_relaxed_session_01
9.948,0.09294489114858884,relaxed,subject_03,subject_03_relaxed_session_01
9.952,0.13110698463922005,relaxed,subject_03,subject_03_relaxed_session_01
9.956,0.0854135621083307,relaxed,subject_03,subject_03_relaxed_session_01
9.96,0.06740912663408112,relaxed,subject_03,subject_03_relaxed_session_01
9.964,0.11046111391565046,relaxed,subject_03,subject_03_relaxed_session_01
9.968,0.09765240426246918,relaxed,subject_03,subject_03_relaxed_session_01
9.972,0.07252888505556336,relaxed,subject_03,subject_03_relaxed_session_01
9.976,0.056243119652928775,relaxed,subject_03,subject_03_relaxed_session_01
9.98,0.08050740088850981,relaxed,subject_03,subject_03_relaxed_session_01
9.984,0.05896683698059706,relaxed,subject_03,subject_03_relaxed_session_01
9.988,0.07895635338631496,relaxed,subject_03,subject_03_relaxed_session_01
9.992,0.04665074796158396,relaxed,subject_03,subject_03_relaxed_session_01
9.996,0.044930774688121636,relaxed,subject_03,subject_03_relaxed_session_01
10.0,0.07111273575627818,relaxed,subject_03,subject_03_relaxed_session_01
10.004,0.02411815995727135,relaxed,subject_03,subject_03_relaxed_session_01
10.008,0.01153318766572746,relaxed,subject_03,subject_03_relaxed_session_01
10.012,0.01815723868012824,relaxed,subject_03,subject_03_relaxed_session_01
10.016,0.03813040496981679,relaxed,subject_03,subject_03_relaxed_session_01
10.02,0.06818532802226798,relaxed,subject_03,subject_03_relaxed_session_01
10.024,0.029890340499481874,relaxed,subject_03,subject_03_relaxed_session_01
10.028,0.006510062948684538,relaxed,subject_03,subject_03_relaxed_session_01
10.032,0.004673472662333859,relaxed,subject_03,subject_03_relaxed_session_01
10.036,0.02696460352876808,relaxed,subject_03,subject_03_relaxed_session_01
10.04,-0.018216308183189627,relaxed,subject_03,subject_03_relaxed_session_01
10.044,-0.023314412283155776,relaxed,subject_03,subject_03_relaxed_session_01
10.048,0.01628372962054412,relaxed,subject_03,subject_03_relaxed_session_01
10.052,0.02825120544113839,relaxed,subject_03,subject_03_relaxed_session_01
10.056,0.027102682669952305,relaxed,subject_03,subject_03_relaxed_session_01
10.06,0.014317652786739877,relaxed,subject_03,subject_03_relaxed_session_01
10.064,0.029948933660572514,relaxed,subject_03,subject_03_relaxed_session_01
10.068,0.0009700364274833331,relaxed,subject_03,subject_03_relaxed_session_01
10.072,-0.00397831139929385,relaxed,subject_03,subject_03_relaxed_session_01
10.076,0.0015149248799851034,relaxed,subject_03,subject_03_relaxed_session_01
10.08,0.007495074060095534,relaxed,subject_03,subject_03_relaxed_session_01
10.084,0.07853364823315302,relaxed,subject_03,subject_03_relaxed_session_01
10.088,-0.004014068557781304,relaxed,subject_03,subject_03_relaxed_session_01
10.092,0.002782796096081583,relaxed,subject_03,subject_03_relaxed_session_01
10.096,0.03328733884874449,relaxed,subject_03,subject_03_relaxed_session_01
10.1,0.009024528789164007,relaxed,subject_03,subject_03_relaxed_session_01
10.104,-0.03620708056248735,relaxed,subject_03,subject_03_relaxed_session_01
10.108,0.031262134491300476,relaxed,subject_03,subject_03_relaxed_session_01
10.112,0.0028996960497223107,relaxed,subject_03,subject_03_relaxed_session_01
10.116,-0.06076933378115683,relaxed,subject_03,subject_03_relaxed_session_01
10.12,-0.012544248164398286,relaxed,subject_03,subject_03_relaxed_session_01
10.124,-0.01917903925447994,relaxed,subject_03,subject_03_relaxed_session_01
10.128,-0.014602974617086907,relaxed,subject_03,subject_03_relaxed_session_01
10.132,-0.006133975661016394,relaxed,subject_03,subject_03_relaxed_session_01
10.136,0.008724246020869957,relaxed,subject_03,subject_03_relaxed_session_01
10.14,0.019335993777789433,relaxed,subject_03,subject_03_relaxed_session_01
10.144,0.01980100089816026,relaxed,subject_03,subject_03_relaxed_session_01
10.148,0.02553442689536265,relaxed,subject_03,subject_03_relaxed_session_01
10.152,-0.010759125608885492,relaxed,subject_03,subject_03_relaxed_session_01
10.156,-0.0487691393254255,relaxed,subject_03,subject_03_relaxed_session_01
10.16,-0.05724753908417245,relaxed,subject_03,subject_03_relaxed_session_01
10.164,0.008095354157139904,relaxed,subject_03,subject_03_relaxed_session_01
10.168,-0.008769102870934083,relaxed,subject_03,subject_03_relaxed_session_01
10.172,0.02221212417390405,relaxed,subject_03,subject_03_relaxed_session_01
10.176,0.001392125649804444,relaxed,subject_03,subject_03_relaxed_session_01
10.18,-0.04309115527311713,relaxed,subject_03,subject_03_relaxed_session_01
10.184,-0.020189843656134795,relaxed,subject_03,subject_03_relaxed_session_01
10.188,0.00039582575336612365,relaxed,subject_03,subject_03_relaxed_session_01
10.192,-0.03045651497736794,relaxed,subject_03,subject_03_relaxed_session_01
10.196,0.021944167568710114,relaxed,subject_03,subject_03_relaxed_session_01
10.2,-0.016879237200917767,relaxed,subject_03,subject_03_relaxed_session_01
10.204,-0.014340768099099888,relaxed,subject_03,subject_03_relaxed_session_01
10.208,-0.03973490935136461,relaxed,subject_03,subject_03_relaxed_session_01
10.212,0.03347075274939837,relaxed,subject_03,subject_03_relaxed_session_01
10.216,-0.010704425874032919,relaxed,subject_03,subject_03_relaxed_session_01
10.22,-0.0003437101461121481,relaxed,subject_03,subject_03_relaxed_session_01
10.224,-0.02079918801893657,relaxed,subject_03,subject_03_relaxed_session_01
10.228,-0.012226190967053071,relaxed,subject_03,subject_03_relaxed_session_01
10.232,0.003052384772497747,relaxed,subject_03,subject_03_relaxed_session_01
10.236,0.007058934762257319,relaxed,subject_03,subject_03_relaxed_session_01
10.24,0.011667425165986177,relaxed,subject_03,subject_03_relaxed_session_01
10.244,0.02242465634351967,relaxed,subject_03,subject_03_relaxed_session_01
10.248,0.018445640613556406,relaxed,subject_03,subject_03_relaxed_session_01
10.252,0.01820553352281795,relaxed,subject_03,subject_03_relaxed_session_01
10.256,-0.002797412445836263,relaxed,subject_03,subject_03_relaxed_session_01
10.26,0.009262776037288707,relaxed,subject_03,subject_03_relaxed_session_01
10.264,-0.007010032127123398,relaxed,subject_03,subject_03_relaxed_session_01
10.268,0.011643908084730098,relaxed,subject_03,subject_03_relaxed_session_01
10.272,0.034589023747871844,relaxed,subject_03,subject_03_relaxed_session_01
10.276,0.038759900509918246,relaxed,subject_03,subject_03_relaxed_session_01
10.28,0.04890767340894278,relaxed,subject_03,subject_03_relaxed_session_01
10.284,0.07016807774153899,relaxed,subject_03,subject_03_relaxed_session_01
10.288,0.019668612618992724,relaxed,subject_03,subject_03_relaxed_session_01
10.292,0.013813215428765888,relaxed,subject_03,subject_03_relaxed_session_01
10.296,0.051047348789197804,relaxed,subject_03,subject_03_relaxed_session_01
10.3,0.09080142898082437,relaxed,subject_03,subject_03_relaxed_session_01
10.304,0.09489833626402366,relaxed,subject_03,subject_03_relaxed_session_01
10.308,0.07443658082801113,relaxed,subject_03,subject_03_relaxed_session_01
10.312,0.06872630566975912,relaxed,subject_03,subject_03_relaxed_session_01
10.316,0.08309834899577956,relaxed,subject_03,subject_03_relaxed_session_01
10.32,0.10310377404066398,relaxed,subject_03,subject_03_relaxed_session_01
10.324,0.06726562334774593,relaxed,subject_03,subject_03_relaxed_session_01
10.328,0.07285699641463328,relaxed,subject_03,subject_03_relaxed_session_01
10.332,0.08684751614075276,relaxed,subject_03,subject_03_relaxed_session_01
10.336,0.10719836173692572,relaxed,subject_03,subject_03_relaxed_session_01
10.34,0.10060534144985352,relaxed,subject_03,subject_03_relaxed_session_01
10.344,0.042815714244106615,relaxed,subject_03,subject_03_relaxed_session_01
10.348,0.09655986810871287,relaxed,subject_03,subject_03_relaxed_session_01
10.352,0.0764246186986201,relaxed,subject_03,subject_03_relaxed_session_01
10.356,0.08573493575198947,relaxed,subject_03,subject_03_relaxed_session_01
10.36,0.06444741637568056,relaxed,subject_03,subject_03_relaxed_session_01
10.364,0.07405309110394576,relaxed,subject_03,subject_03_relaxed_session_01
10.368,0.05994914154865737,relaxed,subject_03,subject_03_relaxed_session_01
10.372,0.04282579797591134,relaxed,subject_03,subject_03_relaxed_session_01
10.376,0.03306900897801512,relaxed,subject_03,subject_03_relaxed_session_01
10.38,0.03887136145208671,relaxed,subject_03,subject_03_relaxed_session_01
10.384,0.011287489292227098,relaxed,subject_03,subject_03_relaxed_session_01
10.388,0.022897272152051167,relaxed,subject_03,subject_03_relaxed_session_01
10.392,0.020058649074978285,relaxed,subject_03,subject_03_relaxed_session_01
10.396,0.04218470120515361,relaxed,subject_03,subject_03_relaxed_session_01
10.4,0.02995890178744258,relaxed,subject_03,subject_03_relaxed_session_01
10.404,0.05249389435285874,relaxed,subject_03,subject_03_relaxed_session_01
10.408,-0.025437595538708897,relaxed,subject_03,subject_03_relaxed_session_01
10.412,-0.000788821208039945,relaxed,subject_03,subject_03_relaxed_session_01
10.416,0.0255809227936165,relaxed,subject_03,subject_03_relaxed_session_01
10.42,0.003342597255697936,relaxed,subject_03,subject_03_relaxed_session_01
10.424,-0.009239321215305008,relaxed,subject_03,subject_03_relaxed_session_01
10.428,-0.02593728337886991,relaxed,subject_03,subject_03_relaxed_session_01
10.432,0.004490095091678704,relaxed,subject_03,subject_03_relaxed_session_01
10.436,-0.007495017903681638,relaxed,subject_03,subject_03_relaxed_session_01
10.44,-0.019561003224647933,relaxed,subject_03,subject_03_relaxed_session_01
10.444,0.006021421885615594,relaxed,subject_03,subject_03_relaxed_session_01
10.448,0.029471212049934824,relaxed,subject_03,subject_03_relaxed_session_01
10.452,-0.03404679944083136,relaxed,subject_03,subject_03_relaxed_session_01
10.456,-0.00547719261293764,relaxed,subject_03,subject_03_relaxed_session_01
10.46,-0.015215294932560719,relaxed,subject_03,subject_03_relaxed_session_01
10.464,-0.00602111087488306,relaxed,subject_03,subject_03_relaxed_session_01
10.468,0.005833414026992018,relaxed,subject_03,subject_03_relaxed_session_01
10.472,0.005241215609030091,relaxed,subject_03,subject_03_relaxed_session_01
10.476,-0.03733353926256934,relaxed,subject_03,subject_03_relaxed_session_01
10.48,-0.06615147057027121,relaxed,subject_03,subject_03_relaxed_session_01
10.484,-0.040447200197953725,relaxed,subject_03,subject_03_relaxed_session_01
10.488,-0.04225146385936572,relaxed,subject_03,subject_03_relaxed_session_01
10.492,-0.08786640852094958,relaxed,subject_03,subject_03_relaxed_session_01
10.496,0.011954855765398892,relaxed,subject_03,subject_03_relaxed_session_01
10.5,0.028903880021391652,relaxed,subject_03,subject_03_relaxed_session_01
10.504,0.11255797433104775,relaxed,subject_03,subject_03_relaxed_session_01
10.508,0.20150227019732272,relaxed,subject_03,subject_03_relaxed_session_01
10.512,0.32718522810207706,relaxed,subject_03,subject_03_relaxed_session_01
10.516,0.4845665277446973,relaxed,subject_03,subject_03_relaxed_session_01
10.52,0.5855957921505529,relaxed,subject_03,subject_03_relaxed_session_01
10.524,0.7353878181827882,relaxed,subject_03,subject_03_relaxed_session_01
10.528,0.7864482147091888,relaxed,subject_03,subject_03_relaxed_session_01
10.532,0.8306791432351828,relaxed,subject_03,subject_03_relaxed_session_01
10.536,0.8112342132560662,relaxed,subject_03,subject_03_relaxed_session_01
10.54,0.7678718563768216,relaxed,subject_03,subject_03_relaxed_session_01
10.544,0.7032827273611968,relaxed,subject_03,subject_03_relaxed_session_01
10.548,0.5892953244563582,relaxed,subject_03,subject_03_relaxed_session_01
10.552,0.436037793313727,relaxed,subject_03,subject_03_relaxed_session_01
10.556,0.3035284985384425,relaxed,subject_03,subject_03_relaxed_session_01
10.56,0.16142946272048705,relaxed,subject_03,subject_03_relaxed_session_01
10.564,0.061657627182017706,relaxed,subject_03,subject_03_relaxed_session_01
10.568,-0.01989481518651595,relaxed,subject_03,subject_03_relaxed_session_01
10.572,-0.06977399622553712,relaxed,subject_03,subject_03_relaxed_session_01
10.576,-0.07236383469993701,relaxed,subject_03,subject_03_relaxed_session_01
10.58,-0.09452292769239133,relaxed,subject_03,subject_03_relaxed_session_01
10.584,-0.09436877924681482,relaxed,subject_03,subject_03_relaxed_session_01
10.588,-0.06990209169689462,relaxed,subject_03,subject_03_relaxed_session_01
10.592,-0.05280171859092407,relaxed,subject_03,subject_03_relaxed_session_01
10.596,-0.023621724855787566,relaxed,subject_03,subject_03_relaxed_session_01
10.6,-0.03268202041900946,relaxed,subject_03,subject_03_relaxed_session_01
10.604,0.008585381257198044,relaxed,subject_03,subject_03_relaxed_session_01
10.608,-0.014107051314668108,relaxed,subject_03,subject_03_relaxed_session_01
10.612,0.02641911051710157,relaxed,subject_03,subject_03_relaxed_session_01
10.616,-0.0014072315943675219,relaxed,subject_03,subject_03_relaxed_session_01
10.62,0.011419489266768506,relaxed,subject_03,subject_03_relaxed_session_01
10.624,0.023510957818729906,relaxed,subject_03,subject_03_relaxed_session_01
10.628,0.031024749023515114,relaxed,subject_03,subject_03_relaxed_session_01
10.632,0.022202512285000066,relaxed,subject_03,subject_03_relaxed_session_01
10.636,0.06542016951156873,relaxed,subject_03,subject_03_relaxed_session_01
10.64,0.016611913809154704,relaxed,subject_03,subject_03_relaxed_session_01
10.644,-0.009847116142416387,relaxed,subject_03,subject_03_relaxed_session_01
10.648,0.02366919459110812,relaxed,subject_03,subject_03_relaxed_session_01
10.652,0.044524928905407386,relaxed,subject_03,subject_03_relaxed_session_01
10.656,0.04222943190482476,relaxed,subject_03,subject_03_relaxed_session_01
10.66,0.017501307489077154,relaxed,subject_03,subject_03_relaxed_session_01
10.664,0.036064359065488945,relaxed,subject_03,subject_03_relaxed_session_01
10.668,0.03180649322130706,relaxed,subject_03,subject_03_relaxed_session_01
10.672,0.04010037452320372,relaxed,subject_03,subject_03_relaxed_session_01
10.676,0.05708725988715421,relaxed,subject_03,subject_03_relaxed_session_01
10.68,0.0740421093537468,relaxed,subject_03,subject_03_relaxed_session_01
10.684,0.05604271983326835,relaxed,subject_03,subject_03_relaxed_session_01
10.688,0.06398206019538923,relaxed,subject_03,subject_03_relaxed_session_01
10.692,0.09705087203593402,relaxed,subject_03,subject_03_relaxed_session_01
10.696,0.07196411520833774,relaxed,subject_03,subject_03_relaxed_session_01
10.7,0.07738271833361675,relaxed,subject_03,subject_03_relaxed_session_01
10.704,0.14573226768838599,relaxed,subject_03,subject_03_relaxed_session_01
10.708,0.09758511726623897,relaxed,subject_03,subject_03_relaxed_session_01
10.712,0.07793789839718124,relaxed,subject_03,subject_03_relaxed_session_01
10.716,0.09590948848780015,relaxed,subject_03,subject_03_relaxed_session_01
10.72,0.08700515799260797,relaxed,subject_03,subject_03_relaxed_session_01
10.724,0.1658818802900152,relaxed,subject_03,subject_03_relaxed_session_01
10.728,0.13729770641418873,relaxed,subject_03,subject_03_relaxed_session_01
10.732,0.12356609401498862,relaxed,subject_03,subject_03_relaxed_session_01
10.736,0.1610058263534327,relaxed,subject_03,subject_03_relaxed_session_01
10.74,0.189144825604661,relaxed,subject_03,subject_03_relaxed_session_01
10.744,0.15627823433310922,relaxed,subject_03,subject_03_relaxed_session_01
10.748,0.19681100809909557,relaxed,subject_03,subject_03_relaxed_session_01
10.752,0.1614979544479856,relaxed,subject_03,subject_03_relaxed_session_01
10.756,0.14835206900914275,relaxed,subject_03,subject_03_relaxed_session_01
10.76,0.21130907492698006,relaxed,subject_03,subject_03_relaxed_session_01
10.764,0.16345163714280977,relaxed,subject_03,subject_03_relaxed_session_01
10.768,0.16885370764770335,relaxed,subject_03,subject_03_relaxed_session_01
10.772,0.20273206201451896,relaxed,subject_03,subject_03_relaxed_session_01
10.776,0.1839369408958127,relaxed,subject_03,subject_03_relaxed_session_01
10.78,0.18177542900185467,relaxed,subject_03,subject_03_relaxed_session_01
10.784,0.17911938646206302,relaxed,subject_03,subject_03_relaxed_session_01
10.788,0.17058499432419277,relaxed,subject_03,subject_03_relaxed_session_01
10.792,0.18669510071396483,relaxed,subject_03,subject_03_relaxed_session_01
10.796,0.1914726655030103,relaxed,subject_03,subject_03_relaxed_session_01
10.8,0.1753942409952806,relaxed,subject_03,subject_03_relaxed_session_01
10.804,0.18882662600967937,relaxed,subject_03,subject_03_relaxed_session_01
10.808,0.1828931870405231,relaxed,subject_03,subject_03_relaxed_session_01
10.812,0.17908704460542169,relaxed,subject_03,subject_03_relaxed_session_01
10.816,0.1619110999283011,relaxed,subject_03,subject_03_relaxed_session_01
10.82,0.156005653382866,relaxed,subject_03,subject_03_relaxed_session_01
10.824,0.1663038945857691,relaxed,subject_03,subject_03_relaxed_session_01
10.828,0.13000748721161964,relaxed,subject_03,subject_03_relaxed_session_01
10.832,0.20678002072729995,relaxed,subject_03,subject_03_relaxed_session_01
10.836,0.09298959407998574,relaxed,subject_03,subject_03_relaxed_session_01
10.84,0.12632723342084187,relaxed,subject_03,subject_03_relaxed_session_01
10.844,0.14186924375158522,relaxed,subject_03,subject_03_relaxed_session_01
10.848,0.1400506410151725,relaxed,subject_03,subject_03_relaxed_session_01
10.852,0.1022849209216241,relaxed,subject_03,subject_03_relaxed_session_01
10.856,0.09979583868361179,relaxed,subject_03,subject_03_relaxed_session_01
10.86,0.10735392484429022,relaxed,subject_03,subject_03_relaxed_session_01
10.864,0.07271491046158868,relaxed,subject_03,subject_03_relaxed_session_01
10.868,0.06935253028776889,relaxed,subject_03,subject_03_relaxed_session_01
10.872,0.10448250804968047,relaxed,subject_03,subject_03_relaxed_session_01
10.876,0.09690421620842746,relaxed,subject_03,subject_03_relaxed_session_01
10.88,0.0744961696903244,relaxed,subject_03,subject_03_relaxed_session_01
10.884,0.08347278359319596,relaxed,subject_03,subject_03_relaxed_session_01
10.888,0.06389225818669059,relaxed,subject_03,subject_03_relaxed_session_01
10.892,0.04065503003322025,relaxed,subject_03,subject_03_relaxed_session_01
10.896,0.027250404228581795,relaxed,subject_03,subject_03_relaxed_session_01
10.9,0.05738632456890307,relaxed,subject_03,subject_03_relaxed_session_01
10.904,0.02608528825172466,relaxed,subject_03,subject_03_relaxed_session_01
10.908,0.050652698694885166,relaxed,subject_03,subject_03_relaxed_session_01
10.912,0.023484507217032283,relaxed,subject_03,subject_03_relaxed_session_01
10.916,0.05093275555109971,relaxed,subject_03,subject_03_relaxed_session_01
10.92,0.0014052649510487014,relaxed,subject_03,subject_03_relaxed_session_01
10.924,-0.00641883789214456,relaxed,subject_03,subject_03_relaxed_session_01
10.928,0.016547697212109594,relaxed,subject_03,subject_03_relaxed_session_01
10.932,0.0017638515856739706,relaxed,subject_03,subject_03_relaxed_session_01
10.936,0.008213784275827722,relaxed,subject_03,subject_03_relaxed_session_01
10.94,0.0005631099607364288,relaxed,subject_03,subject_03_relaxed_session_01
10.944,-0.011295079665743373,relaxed,subject_03,subject_03_relaxed_session_01
10.948,-0.009153047956818018,relaxed,subject_03,subject_03_relaxed_session_01
10.952,-0.050161305640448996,relaxed,subject_03,subject_03_relaxed_session_01
10.956,0.021045754529159105,relaxed,subject_03,subject_03_relaxed_session_01
10.96,-0.023776932527389195,relaxed,subject_03,subject_03_relaxed_session_01
10.964,-0.004243720986104959,relaxed,subject_03,subject_03_relaxed_session_01
10.968,-0.05639616538387907,relaxed,subject_03,subject_03_relaxed_session_01
10.972,-0.03420625205526313,relaxed,subject_03,subject_03_relaxed_session_01
10.976,-0.012983976994643213,relaxed,subject_03,subject_03_relaxed_session_01
10.98,0.016770100443368203,relaxed,subject_03,subject_03_relaxed_session_01
10.984,-0.011768554397470212,relaxed,subject_03,subject_03_relaxed_session_01
10.988,-0.010734232814159906,relaxed,subject_03,subject_03_relaxed_session_01
10.992,-0.032691410640588885,relaxed,subject_03,subject_03_relaxed_session_01
10.996,-0.02405077074594676,relaxed,subject_03,subject_03_relaxed_session_01
11.0,-0.028558972476499155,relaxed,subject_03,subject_03_relaxed_session_01
11.004,-0.019176886780162238,relaxed,subject_03,subject_03_relaxed_session_01
11.008,-0.0011462456161859605,relaxed,subject_03,subject_03_relaxed_session_01
11.012,-0.0335315485144069,relaxed,subject_03,subject_03_relaxed_session_01
11.016,-0.0264901692990917,relaxed,subject_03,subject_03_relaxed_session_01
11.02,-0.03531491447597532,relaxed,subject_03,subject_03_relaxed_session_01
11.024,-0.03300516444332329,relaxed,subject_03,subject_03_relaxed_session_01
11.028,-0.005460687465575303,relaxed,subject_03,subject_03_relaxed_session_01
11.032,-0.01946082837134828,relaxed,subject_03,subject_03_relaxed_session_01
11.036,-0.022290545760803002,relaxed,subject_03,subject_03_relaxed_session_01
11.04,-0.031386903258159786,relaxed,subject_03,subject_03_relaxed_session_01
11.044,-0.046304173764270186,relaxed,subject_03,subject_03_relaxed_session_01
11.048,-0.015258469663802636,relaxed,subject_03,subject_03_relaxed_session_01
11.052,-0.012522716950693041,relaxed,subject_03,subject_03_relaxed_session_01
11.056,-0.011774094450062146,relaxed,subject_03,subject_03_relaxed_session_01
11.06,-0.029782630725834692,relaxed,subject_03,subject_03_relaxed_session_01
11.064,-0.04509684363160571,relaxed,subject_03,subject_03_relaxed_session_01
11.068,-0.016773671276395077,relaxed,subject_03,subject_03_relaxed_session_01
11.072,-0.008019204977963771,relaxed,subject_03,subject_03_relaxed_session_01
11.076,-0.012854436614170343,relaxed,subject_03,subject_03_relaxed_session_01
11.08,-0.045250927662881746,relaxed,subject_03,subject_03_relaxed_session_01
11.084,-0.02210331571375284,relaxed,subject_03,subject_03_relaxed_session_01
11.088,-0.06852573591999604,relaxed,subject_03,subject_03_relaxed_session_01
11.092,-0.0027783028802113516,relaxed,subject_03,subject_03_relaxed_session_01
11.096,-0.02609536945703076,relaxed,subject_03,subject_03_relaxed_session_01
11.1,-0.025441300969649815,relaxed,subject_03,subject_03_relaxed_session_01
11.104,0.0016552463469565806,relaxed,subject_03,subject_03_relaxed_session_01
11.108,-0.04090865065900271,relaxed,subject_03,subject_03_relaxed_session_01
11.112,-0.026553713373252956,relaxed,subject_03,subject_03_relaxed_session_01
11.116,-0.045893988455552426,relaxed,subject_03,subject_03_relaxed_session_01
11.12,-0.0583054375254226,relaxed,subject_03,subject_03_relaxed_session_01
11.124,-0.022430039873915474,relaxed,subject_03,subject_03_relaxed_session_01
11.128,-0.0229060714050844,relaxed,subject_03,subject_03_relaxed_session_01
11.132,-0.06949629459552054,relaxed,subject_03,subject_03_relaxed_session_01
11.136,-0.011774013807738811,relaxed,subject_03,subject_03_relaxed_session_01
11.14,-0.02639431052648158,relaxed,subject_03,subject_03_relaxed_session_01
11.144,-0.00953309023100656,relaxed,subject_03,subject_03_relaxed_session_01
11.148,-0.01871338143651484,relaxed,subject_03,subject_03_relaxed_session_01
11.152,-0.0011214399670416778,relaxed,subject_03,subject_03_relaxed_session_01
11.156,0.0027928203943979185,relaxed,subject_03,subject_03_relaxed_session_01
11.16,-0.014539507547344947,relaxed,subject_03,subject_03_relaxed_session_01
11.164,0.002114450622157482,relaxed,subject_03,subject_03_relaxed_session_01
11.168,0.0038012527759567483,relaxed,subject_03,subject_03_relaxed_session_01
11.172,-0.03465236111186585,relaxed,subject_03,subject_03_relaxed_session_01
11.176,-0.025497502561953427,relaxed,subject_03,subject_03_relaxed_session_01
11.18,-0.024517915869471097,relaxed,subject_03,subject_03_relaxed_session_01
11.184,0.012841547330716886,relaxed,subject_03,subject_03_relaxed_session_01
11.188,-0.010362925135664686,relaxed,subject_03,subject_03_relaxed_session_01
11.192,-0.03232080124104043,relaxed,subject_03,subject_03_relaxed_session_01
11.196,-0.007020452055218122,relaxed,subject_03,subject_03_relaxed_session_01
11.2,0.01058212409684186,relaxed,subject_03,subject_03_relaxed_session_01
11.204,0.03269615710721213,relaxed,subject_03,subject_03_relaxed_session_01
11.208,0.054755215413878996,relaxed,subject_03,subject_03_relaxed_session_01
11.212,0.05339557299428721,relaxed,subject_03,subject_03_relaxed_session_01
11.216,0.043326480027353516,relaxed,subject_03,subject_03_relaxed_session_01
11.22,0.028518312557522255,relaxed,subject_03,subject_03_relaxed_session_01
11.224,0.010043320273103278,relaxed,subject_03,subject_03_relaxed_session_01
11.228,0.045151298314679046,relaxed,subject_03,subject_03_relaxed_session_01
11.232,0.05351393055478939,relaxed,subject_03,subject_03_relaxed_session_01
11.236,0.06509384521089917,relaxed,subject_03,subject_03_relaxed_session_01
11.24,0.08425724691746345,relaxed,subject_03,subject_03_relaxed_session_01
11.244,0.08240106910178387,relaxed,subject_03,subject_03_relaxed_session_01
11.248,0.07274448430360156,relaxed,subject_03,subject_03_relaxed_session_01
11.252,0.06405105645057121,relaxed,subject_03,subject_03_relaxed_session_01
11.256,0.041927622857725694,relaxed,subject_03,subject_03_relaxed_session_01
11.26,0.055954069720041494,relaxed,subject_03,subject_03_relaxed_session_01
11.264,0.05147073942274891,relaxed,subject_03,subject_03_relaxed_session_01
11.268,0.12067600191050981,relaxed,subject_03,subject_03_relaxed_session_01
11.272,0.10607820884166093,relaxed,subject_03,subject_03_relaxed_session_01
11.276,0.037725468150975876,relaxed,subject_03,subject_03_relaxed_session_01
11.28,0.0669159642593575,relaxed,subject_03,subject_03_relaxed_session_01
11.284,0.027722298216776728,relaxed,subject_03,subject_03_relaxed_session_01
11.288,0.05451071410297664,relaxed,subject_03,subject_03_relaxed_session_01
11.292,0.03523226899343771,relaxed,subject_03,subject_03_relaxed_session_01
11.296,0.03701934467763746,relaxed,subject_03,subject_03_relaxed_session_01
11.3,0.055601240113494585,relaxed,subject_03,subject_03_relaxed_session_01
11.304,0.03672473164103537,relaxed,subject_03,subject_03_relaxed_session_01
11.308,0.041451105094753624,relaxed,subject_03,subject_03_relaxed_session_01
11.312,0.02902570577693888,relaxed,subject_03,subject_03_relaxed_session_01
11.316,-0.0005441672669642354,relaxed,subject_03,subject_03_relaxed_session_01
11.32,-0.016731392029162177,relaxed,subject_03,subject_03_relaxed_session_01
11.324,-0.0008124631511645802,relaxed,subject_03,subject_03_relaxed_session_01
11.328,-0.004836153396557911,relaxed,subject_03,subject_03_relaxed_session_01
11.332,-0.012905166167321812,relaxed,subject_03,subject_03_relaxed_session_01
11.336,-0.019829883425605634,relaxed,subject_03,subject_03_relaxed_session_01
11.34,-0.007345723138407012,relaxed,subject_03,subject_03_relaxed_session_01
11.344,0.015153637152855065,relaxed,subject_03,subject_03_relaxed_session_01
11.348,-0.055536805530620154,relaxed,subject_03,subject_03_relaxed_session_01
11.352,-0.040350433325081134,relaxed,subject_03,subject_03_relaxed_session_01
11.356,-0.011936692387851298,relaxed,subject_03,subject_03_relaxed_session_01
11.36,-0.05572024313324561,relaxed,subject_03,subject_03_relaxed_session_01
11.364,-0.04861117918696542,relaxed,subject_03,subject_03_relaxed_session_01
11.368,0.021604805349833455,relaxed,subject_03,subject_03_relaxed_session_01
11.372,-0.010243829426174435,relaxed,subject_03,subject_03_relaxed_session_01
11.376,0.03125053681991205,relaxed,subject_03,subject_03_relaxed_session_01
11.38,-0.05688487356903156,relaxed,subject_03,subject_03_relaxed_session_01
11.384,0.01828412808251675,relaxed,subject_03,subject_03_relaxed_session_01
11.388,-0.050736586650201004,relaxed,subject_03,subject_03_relaxed_session_01
11.392,-0.00857474799837063,relaxed,subject_03,subject_03_relaxed_session_01
11.396,-0.07340054514481399,relaxed,subject_03,subject_03_relaxed_session_01
11.4,-0.029031253308196968,relaxed,subject_03,subject_03_relaxed_session_01
11.404,-0.033257496334469845,relaxed,subject_03,subject_03_relaxed_session_01
11.408,-0.05285182459036225,relaxed,subject_03,subject_03_relaxed_session_01
11.412,-0.06765768144913416,relaxed,subject_03,subject_03_relaxed_session_01
11.416,-0.02687794551263107,relaxed,subject_03,subject_03_relaxed_session_01
11.42,0.023461410696375196,relaxed,subject_03,subject_03_relaxed_session_01
11.424,0.06144349218719407,relaxed,subject_03,subject_03_relaxed_session_01
11.428,0.1722481019992074,relaxed,subject_03,subject_03_relaxed_session_01
11.432,0.288539003826382,relaxed,subject_03,subject_03_relaxed_session_01
11.436,0.4250481039494805,relaxed,subject_03,subject_03_relaxed_session_01
11.44,0.5116016568478363,relaxed,subject_03,subject_03_relaxed_session_01
11.444,0.6473617841431397,relaxed,subject_03,subject_03_relaxed_session_01
11.448,0.7542548112785263,relaxed,subject_03,subject_03_relaxed_session_01
11.452,0.798990046040423,relaxed,subject_03,subject_03_relaxed_session_01
11.456,0.7984718292731684,relaxed,subject_03,subject_03_relaxed_session_01
11.46,0.8073899713371099,relaxed,subject_03,subject_03_relaxed_session_01
11.464,0.733988146257661,relaxed,subject_03,subject_03_relaxed_session_01
11.468,0.6214463305958394,relaxed,subject_03,subject_03_relaxed_session_01
11.472,0.4686589442752647,relaxed,subject_03,subject_03_relaxed_session_01
11.476,0.33335449682835594,relaxed,subject_03,subject_03_relaxed_session_01
11.48,0.2298868694642537,relaxed,subject_03,subject_03_relaxed_session_01
11.484,0.10641602670772285,relaxed,subject_03,subject_03_relaxed_session_01
11.488,0.027507409704002908,relaxed,subject_03,subject_03_relaxed_session_01
11.492,-0.05433743725648135,relaxed,subject_03,subject_03_relaxed_session_01
11.496,-0.07358525624285304,relaxed,subject_03,subject_03_relaxed_session_01
11.5,-0.07921280458957589,relaxed,subject_03,subject_03_relaxed_session_01
11.504,-0.05494107254949811,relaxed,subject_03,subject_03_relaxed_session_01
11.508,-0.11295009245294958,relaxed,subject_03,subject_03_relaxed_session_01
11.512,-0.046832123286544146,relaxed,subject_03,subject_03_relaxed_session_01
11.516,-0.01424941815252467,relaxed,subject_03,subject_03_relaxed_session_01
11.52,0.00259059727881358,relaxed,subject_03,subject_03_relaxed_session_01
11.524,-0.02116986565660712,relaxed,subject_03,subject_03_relaxed_session_01
11.528,0.0017940583230992013,relaxed,subject_03,subject_03_relaxed_session_01
11.532,0.01308493603098333,relaxed,subject_03,subject_03_relaxed_session_01
11.536,0.02691912386686274,relaxed,subject_03,subject_03_relaxed_session_01
11.54,0.012019651022981848,relaxed,subject_03,subject_03_relaxed_session_01
11.544,0.013060641189599174,relaxed,subject_03,subject_03_relaxed_session_01
11.548,0.005612302618231589,relaxed,subject_03,subject_03_relaxed_session_01
11.552,0.036743489391998355,relaxed,subject_03,subject_03_relaxed_session_01
11.556,0.04268978507935155,relaxed,subject_03,subject_03_relaxed_session_01
11.56,0.04241641465933178,relaxed,subject_03,subject_03_relaxed_session_01
11.564,0.04034415032091791,relaxed,subject_03,subject_03_relaxed_session_01
11.568,0.03460638863046332,relaxed,subject_03,subject_03_relaxed_session_01
11.572,0.022392235510190886,relaxed,subject_03,subject_03_relaxed_session_01
11.576,0.02400636494691817,relaxed,subject_03,subject_03_relaxed_session_01
11.58,0.06431442322274614,relaxed,subject_03,subject_03_relaxed_session_01
11.584,0.07150167864463543,relaxed,subject_03,subject_03_relaxed_session_01
11.588,0.05911213771452748,relaxed,subject_03,subject_03_relaxed_session_01
11.592,0.06465611790317753,relaxed,subject_03,subject_03_relaxed_session_01
11.596,0.0697868151185452,relaxed,subject_03,subject_03_relaxed_session_01
11.6,0.09543267151147161,relaxed,subject_03,subject_03_relaxed_session_01
11.604,0.09269766245999234,relaxed,subject_03,subject_03_relaxed_session_01
11.608,0.07520520105069799,relaxed,subject_03,subject_03_relaxed_session_01
11.612,0.10037171250170165,relaxed,subject_03,subject_03_relaxed_session_01
11.616,0.06500421122931144,relaxed,subject_03,subject_03_relaxed_session_01
11.62,0.09085851458616676,relaxed,subject_03,subject_03_relaxed_session_01
11.624,0.07481383886697285,relaxed,subject_03,subject_03_relaxed_session_01
11.628,0.09926064524916436,relaxed,subject_03,subject_03_relaxed_session_01
11.632,0.10769738882457217,relaxed,subject_03,subject_03_relaxed_session_01
11.636,0.087840411504269,relaxed,subject_03,subject_03_relaxed_session_01
11.64,0.1593851885508747,relaxed,subject_03,subject_03_relaxed_session_01
11.644,0.13207435258535363,relaxed,subject_03,subject_03_relaxed_session_01
11.648,0.14193968765599332,relaxed,subject_03,subject_03_relaxed_session_01
11.652,0.1371328850576005,relaxed,subject_03,subject_03_relaxed_session_01
11.656,0.1713818555174196,relaxed,subject_03,subject_03_relaxed_session_01
11.66,0.1931348370339501,relaxed,subject_03,subject_03_relaxed_session_01
11.664,0.18111609660406944,relaxed,subject_03,subject_03_relaxed_session_01
11.668,0.1824266925393118,relaxed,subject_03,subject_03_relaxed_session_01
11.672,0.140410952805599,relaxed,subject_03,subject_03_relaxed_session_01
11.676,0.18190511876342788,relaxed,subject_03,subject_03_relaxed_session_01
11.68,0.20048199666943514,relaxed,subject_03,subject_03_relaxed_session_01
11.684,0.21467246630702852,relaxed,subject_03,subject_03_relaxed_session_01
11.688,0.2054963879075305,relaxed,subject_03,subject_03_relaxed_session_01
11.692,0.2373069360672062,relaxed,subject_03,subject_03_relaxed_session_01
11.696,0.1826575825917111,relaxed,subject_03,subject_03_relaxed_session_01
11.7,0.18381480065979675,relaxed,subject_03,subject_03_relaxed_session_01
11.704,0.20667907773962768,relaxed,subject_03,subject_03_relaxed_session_01
11.708,0.22466606656080682,relaxed,subject_03,subject_03_relaxed_session_01
11.712,0.22745920578018444,relaxed,subject_03,subject_03_relaxed_session_01
11.716,0.15701995008067393,relaxed,subject_03,subject_03_relaxed_session_01
11.72,0.19846432511922832,relaxed,subject_03,subject_03_relaxed_session_01
11.724,0.2133293291944765,relaxed,subject_03,subject_03_relaxed_session_01
11.728,0.21030702723992395,relaxed,subject_03,subject_03_relaxed_session_01
11.732,0.20017742667569052,relaxed,subject_03,subject_03_relaxed_session_01
11.736,0.18379460104859602,relaxed,subject_03,subject_03_relaxed_session_01
11.74,0.12099090109274097,relaxed,subject_03,subject_03_relaxed_session_01
11.744,0.21862594247143724,relaxed,subject_03,subject_03_relaxed_session_01
11.748,0.1851836417059485,relaxed,subject_03,subject_03_relaxed_session_01
11.752,0.15041788840904152,relaxed,subject_03,subject_03_relaxed_session_01
11.756,0.15639053653106647,relaxed,subject_03,subject_03_relaxed_session_01
11.76,0.16263404153023148,relaxed,subject_03,subject_03_relaxed_session_01
11.764,0.1612536572706844,relaxed,subject_03,subject_03_relaxed_session_01
11.768,0.1180940801481446,relaxed,subject_03,subject_03_relaxed_session_01
11.772,0.12005889375706728,relaxed,subject_03,subject_03_relaxed_session_01
11.776,0.1437550460514802,relaxed,subject_03,subject_03_relaxed_session_01
11.78,0.11600099492987774,relaxed,subject_03,subject_03_relaxed_session_01
11.784,0.0857165897914082,relaxed,subject_03,subject_03_relaxed_session_01
11.788,0.09919561468951164,relaxed,subject_03,subject_03_relaxed_session_01
11.792,0.10853323506845053,relaxed,subject_03,subject_03_relaxed_session_01
11.796,0.0698053348446531,relaxed,subject_03,subject_03_relaxed_session_01
11.8,0.1291684064152531,relaxed,subject_03,subject_03_relaxed_session_01
11.804,0.11422180812920311,relaxed,subject_03,subject_03_relaxed_session_01
11.808,0.10290623147931242,relaxed,subject_03,subject_03_relaxed_session_01
11.812,0.08066219618565644,relaxed,subject_03,subject_03_relaxed_session_01
11.816,0.04856835414116964,relaxed,subject_03,subject_03_relaxed_session_01
11.82,0.05112196359670154,relaxed,subject_03,subject_03_relaxed_session_01
11.824,0.0891926646239389,relaxed,subject_03,subject_03_relaxed_session_01
11.828,0.04189358452628017,relaxed,subject_03,subject_03_relaxed_session_01
11.832,0.052371327897125855,relaxed,subject_03,subject_03_relaxed_session_01
11.836,0.04271767229526744,relaxed,subject_03,subject_03_relaxed_session_01
11.84,0.041095328441946584,relaxed,subject_03,subject_03_relaxed_session_01
11.844,0.03766608658879482,relaxed,subject_03,subject_03_relaxed_session_01
11.848,0.031602053769383305,relaxed,subject_03,subject_03_relaxed_session_01
11.852,0.023775132286817525,relaxed,subject_03,subject_03_relaxed_session_01
11.856,0.023082600290138474,relaxed,subject_03,subject_03_relaxed_session_01
11.86,0.022186477426064506,relaxed,subject_03,subject_03_relaxed_session_01
11.864,0.004590041058202422,relaxed,subject_03,subject_03_relaxed_session_01
11.868,-0.007201294917155439,relaxed,subject_03,subject_03_relaxed_session_01
11.872,0.010955439060755523,relaxed,subject_03,subject_03_relaxed_session_01
11.876,-0.0013943408724130038,relaxed,subject_03,subject_03_relaxed_session_01
11.88,0.012736448248362573,relaxed,subject_03,subject_03_relaxed_session_01
11.884,-0.009152219340964905,relaxed,subject_03,subject_03_relaxed_session_01
11.888,-0.027357104754072718,relaxed,subject_03,subject_03_relaxed_session_01
11.892,0.038054781942309115,relaxed,subject_03,subject_03_relaxed_session_01
11.896,-0.00506208000284181,relaxed,subject_03,subject_03_relaxed_session_01
11.9,-0.038113327699995155,relaxed,subject_03,subject_03_relaxed_session_01
11.904,0.0201361182374661,relaxed,subject_03,subject_03_relaxed_session_01
11.908,-0.005535087199285694,relaxed,subject_03,subject_03_relaxed_session_01
11.912,0.0020954948731832486,relaxed,subject_03,subject_03_relaxed_session_01
11.916,0.00505983764100905,relaxed,subject_03,subject_03_relaxed_session_01
11.92,0.020477792697210777,relaxed,subject_03,subject_03_relaxed_session_01
11.924,0.0058069916356613465,relaxed,subject_03,subject_03_relaxed_session_01
11.928,-0.02878446728675649,relaxed,subject_03,subject_03_relaxed_session_01
11.932,-0.02509114149766554,relaxed,subject_03,subject_03_relaxed_session_01
11.936,-0.030223923053693962,relaxed,subject_03,subject_03_relaxed_session_01
11.94,-0.011704089859111422,relaxed,subject_03,subject_03_relaxed_session_01
11.944,0.005823968207360631,relaxed,subject_03,subject_03_relaxed_session_01
11.948,-0.018370335660150117,relaxed,subject_03,subject_03_relaxed_session_01
11.952,-0.01580214055171286,relaxed,subject_03,subject_03_relaxed_session_01
11.956,-0.016709322292882,relaxed,subject_03,subject_03_relaxed_session_01
11.96,-0.014037105243665067,relaxed,subject_03,subject_03_relaxed_session_01
11.964,0.011258270290165824,relaxed,subject_03,subject_03_relaxed_session_01
11.968,-0.008024696750972305,relaxed,subject_03,subject_03_relaxed_session_01
11.972,0.019986822405663872,relaxed,subject_03,subject_03_relaxed_session_01
11.976,-0.012693661238273719,relaxed,subject_03,subject_03_relaxed_session_01
11.98,-0.0013431397645144126,relaxed,subject_03,subject_03_relaxed_session_01
11.984,-0.005677594041260716,relaxed,subject_03,subject_03_relaxed_session_01
11.988,0.004102768033523832,relaxed,subject_03,subject_03_relaxed_session_01
11.992,0.009200687408408154,relaxed,subject_03,subject_03_relaxed_session_01
11.996,-0.000766112974256109,relaxed,subject_03,subject_03_relaxed_session_01
12.0,0.05277914439149672,relaxed,subject_03,subject_03_relaxed_session_01
12.004,0.029647049932790655,relaxed,subject_03,subject_03_relaxed_session_01
12.008,-0.011456726457002905,relaxed,subject_03,subject_03_relaxed_session_01
12.012,0.02658798952095929,relaxed,subject_03,subject_03_relaxed_session_01
12.016,0.024631029562529175,relaxed,subject_03,subject_03_relaxed_session_01
12.02,-0.025624878864380248,relaxed,subject_03,subject_03_relaxed_session_01
12.024,-0.041367034644159785,relaxed,subject_03,subject_03_relaxed_session_01
12.028,0.005546766304558691,relaxed,subject_03,subject_03_relaxed_session_01
12.032,-0.0010846050235472698,relaxed,subject_03,subject_03_relaxed_session_01
12.036,-0.047635543578847986,relaxed,subject_03,subject_03_relaxed_session_01
12.04,0.004931130896495478,relaxed,subject_03,subject_03_relaxed_session_01
12.044,0.003795257200266109,relaxed,subject_03,subject_03_relaxed_session_01
12.048,-0.008748775733939259,relaxed,subject_03,subject_03_relaxed_session_01
12.052,0.035647983204396945,relaxed,subject_03,subject_03_relaxed_session_01
12.056,0.00038405926181700814,relaxed,subject_03,subject_03_relaxed_session_01
12.06,-0.0021275058891521807,relaxed,subject_03,subject_03_relaxed_session_01
12.064,0.006836487142662003,relaxed,subject_03,subject_03_relaxed_session_01
12.068,-0.01918208785648646,relaxed,subject_03,subject_03_relaxed_session_01
12.072,-0.00879511989849496,relaxed,subject_03,subject_03_relaxed_session_01
12.076,-0.04515210512924715,relaxed,subject_03,subject_03_relaxed_session_01
12.08,0.020874056570041197,relaxed,subject_03,subject_03_relaxed_session_01
12.084,0.03369640527598207,relaxed,subject_03,subject_03_relaxed_session_01
12.088,0.023547779961495846,relaxed,subject_03,subject_03_relaxed_session_01
12.092,0.02484979052447963,relaxed,subject_03,subject_03_relaxed_session_01
12.096,0.02214158193071229,relaxed,subject_03,subject_03_relaxed_session_01
12.1,0.05749783359616832,relaxed,subject_03,subject_03_relaxed_session_01
12.104,0.028227840275767663,relaxed,subject_03,subject_03_relaxed_session_01
12.108,0.053302625626685904,relaxed,subject_03,subject_03_relaxed_session_01
12.112,0.0558327012930964,relaxed,subject_03,subject_03_relaxed_session_01
12.116,0.017250209786089293,relaxed,subject_03,subject_03_relaxed_session_01
12.12,0.06301514227544873,relaxed,subject_03,subject_03_relaxed_session_01
12.124,0.03292646185428266,relaxed,subject_03,subject_03_relaxed_session_01
12.128,0.049482068975916185,relaxed,subject_03,subject_03_relaxed_session_01
12.132,0.06266562282434403,relaxed,subject_03,subject_03_relaxed_session_01
12.136,0.09688840600834735,relaxed,subject_03,subject_03_relaxed_session_01
12.14,0.06298521090357677,relaxed,subject_03,subject_03_relaxed_session_01
12.144,0.08920837034476772,relaxed,subject_03,subject_03_relaxed_session_01
12.148,0.056365849312013536,relaxed,subject_03,subject_03_relaxed_session_01
12.152,0.08844894107118516,relaxed,subject_03,subject_03_relaxed_session_01
12.156,0.08676721860554477,relaxed,subject_03,subject_03_relaxed_session_01
12.16,0.1251404777371097,relaxed,subject_03,subject_03_relaxed_session_01
12.164,0.0878671781142436,relaxed,subject_03,subject_03_relaxed_session_01
12.168,0.0738465854232415,relaxed,subject_03,subject_03_relaxed_session_01
12.172,0.09799005840270957,relaxed,subject_03,subject_03_relaxed_session_01
12.176,0.09504349167001613,relaxed,subject_03,subject_03_relaxed_session_01
12.18,0.11219515949081592,relaxed,subject_03,subject_03_relaxed_session_01
12.184,0.13291140332054094,relaxed,subject_03,subject_03_relaxed_session_01
12.188,0.09819488569742718,relaxed,subject_03,subject_03_relaxed_session_01
12.192,0.10992333660831712,relaxed,subject_03,subject_03_relaxed_session_01
12.196,0.09765787808060677,relaxed,subject_03,subject_03_relaxed_session_01
12.2,0.10609600481121907,relaxed,subject_03,subject_03_relaxed_session_01
12.204,0.07247368405899043,relaxed,subject_03,subject_03_relaxed_session_01
12.208,0.0870745238941488,relaxed,subject_03,subject_03_relaxed_session_01
12.212,0.1016163033915568,relaxed,subject_03,subject_03_relaxed_session_01
12.216,0.06245176633715628,relaxed,subject_03,subject_03_relaxed_session_01
12.22,0.06904046155427145,relaxed,subject_03,subject_03_relaxed_session_01
12.224,0.06592013064502353,relaxed,subject_03,subject_03_relaxed_session_01
12.228,0.032459644759249257,relaxed,subject_03,subject_03_relaxed_session_01
12.232,0.07150414544078837,relaxed,subject_03,subject_03_relaxed_session_01
12.236,0.040821854768515305,relaxed,subject_03,subject_03_relaxed_session_01
12.24,0.046671710314687045,relaxed,subject_03,subject_03_relaxed_session_01
12.244,0.05555635878655002,relaxed,subject_03,subject_03_relaxed_session_01
12.248,0.053570227258579295,relaxed,subject_03,subject_03_relaxed_session_01
12.252,0.011817725633885102,relaxed,subject_03,subject_03_relaxed_session_01
12.256,0.040556541876401335,relaxed,subject_03,subject_03_relaxed_session_01
12.26,0.04898725419006798,relaxed,subject_03,subject_03_relaxed_session_01
12.264,0.013546996446128959,relaxed,subject_03,subject_03_relaxed_session_01
12.268,0.0402735999405673,relaxed,subject_03,subject_03_relaxed_session_01
12.272,0.030674545067570384,relaxed,subject_03,subject_03_relaxed_session_01
12.276,0.030604766863436356,relaxed,subject_03,subject_03_relaxed_session_01
12.28,0.03661605796344866,relaxed,subject_03,subject_03_relaxed_session_01
12.284,0.0005071684557023115,relaxed,subject_03,subject_03_relaxed_session_01
12.288,-0.0016425987870320562,relaxed,subject_03,subject_03_relaxed_session_01
12.292,0.03974486162442223,relaxed,subject_03,subject_03_relaxed_session_01
12.296,0.009755878148837358,relaxed,subject_03,subject_03_relaxed_session_01
12.3,-0.013554500403452067,relaxed,subject_03,subject_03_relaxed_session_01
12.304,0.011755090929946588,relaxed,subject_03,subject_03_relaxed_session_01
12.308,0.012024913009050831,relaxed,subject_03,subject_03_relaxed_session_01
12.312,0.017528180892617866,relaxed,subject_03,subject_03_relaxed_session_01
12.316,0.0021167362402739736,relaxed,subject_03,subject_03_relaxed_session_01
12.32,0.04013866706966224,relaxed,subject_03,subject_03_relaxed_session_01
12.324,-0.018098182431357645,relaxed,subject_03,subject_03_relaxed_session_01
12.328,-0.04353940732762087,relaxed,subject_03,subject_03_relaxed_session_01
12.332,-0.033057175665788835,relaxed,subject_03,subject_03_relaxed_session_01
12.336,-0.005328207223998176,relaxed,subject_03,subject_03_relaxed_session_01
12.34,0.051335543142825873,relaxed,subject_03,subject_03_relaxed_session_01
12.344,0.09495536320188654,relaxed,subject_03,subject_03_relaxed_session_01
12.348,0.18979669858056872,relaxed,subject_03,subject_03_relaxed_session_01
12.352,0.27674524610780543,relaxed,subject_03,subject_03_relaxed_session_01
12.356,0.4216570216440752,relaxed,subject_03,subject_03_relaxed_session_01
12.36,0.5101897470916088,relaxed,subject_03,subject_03_relaxed_session_01
12.364,0.6660650878877605,relaxed,subject_03,subject_03_relaxed_session_01
12.368,0.7754865102697027,relaxed,subject_03,subject_03_relaxed_session_01
12.372,0.8136996196739342,relaxed,subject_03,subject_03_relaxed_session_01
12.376,0.8936061050112752,relaxed,subject_03,subject_03_relaxed_session_01
12.38,0.8052777090927332,relaxed,subject_03,subject_03_relaxed_session_01
12.384,0.7957585468834988,relaxed,subject_03,subject_03_relaxed_session_01
12.388,0.7000967718282052,relaxed,subject_03,subject_03_relaxed_session_01
12.392,0.5413788509687054,relaxed,subject_03,subject_03_relaxed_session_01
12.396,0.427568750347393,relaxed,subject_03,subject_03_relaxed_session_01
12.4,0.26814874972400954,relaxed,subject_03,subject_03_relaxed_session_01
12.404,0.16974133352744572,relaxed,subject_03,subject_03_relaxed_session_01
12.408,0.062148288764519694,relaxed,subject_03,subject_03_relaxed_session_01
12.412,-0.0013322125117674413,relaxed,subject_03,subject_03_relaxed_session_01
12.416,-0.05154591205296984,relaxed,subject_03,subject_03_relaxed_session_01
12.42,-0.06480386189144566,relaxed,subject_03,subject_03_relaxed_session_01
12.424,-0.0640691996916231,relaxed,subject_03,subject_03_relaxed_session_01
12.428,-0.021028134570933506,relaxed,subject_03,subject_03_relaxed_session_01
12.432,0.017566719223312113,relaxed,subject_03,subject_03_relaxed_session_01
12.436,0.04667221401159294,relaxed,subject_03,subject_03_relaxed_session_01
12.44,0.03343508899516657,relaxed,subject_03,subject_03_relaxed_session_01
12.444,0.024542455105484764,relaxed,subject_03,subject_03_relaxed_session_01
12.448,0.05148318422470232,relaxed,subject_03,subject_03_relaxed_session_01
12.452,0.04341840188284782,relaxed,subject_03,subject_03_relaxed_session_01
12.456,0.03322193037650186,relaxed,subject_03,subject_03_relaxed_session_01
12.46,0.08270431854765609,relaxed,subject_03,subject_03_relaxed_session_01
12.464,0.06584140145186569,relaxed,subject_03,subject_03_relaxed_session_01
12.468,0.03451530916357001,relaxed,subject_03,subject_03_relaxed_session_01
12.472,0.07187796981941424,relaxed,subject_03,subject_03_relaxed_session_01
12.476,0.06759373388652465,relaxed,subject_03,subject_03_relaxed_session_01
12.48,0.04097968120374982,relaxed,subject_03,subject_03_relaxed_session_01
12.484,0.065111770329558,relaxed,subject_03,subject_03_relaxed_session_01
12.488,0.06660227735825872,relaxed,subject_03,subject_03_relaxed_session_01
12.492,0.020168399836056734,relaxed,subject_03,subject_03_relaxed_session_01
12.496,0.04851144447988957,relaxed,subject_03,subject_03_relaxed_session_01
12.5,0.10335332455672601,relaxed,subject_03,subject_03_relaxed_session_01
12.504,0.07224457091352729,relaxed,subject_03,subject_03_relaxed_session_01
12.508,0.10370497505644205,relaxed,subject_03,subject_03_relaxed_session_01
12.512,0.12279961143439269,relaxed,subject_03,subject_03_relaxed_session_01
12.516,0.06174680897399208,relaxed,subject_03,subject_03_relaxed_session_01
12.52,0.1412591852227495,relaxed,subject_03,subject_03_relaxed_session_01
12.524,0.1116450336217243,relaxed,subject_03,subject_03_relaxed_session_01
12.528,0.1290060042605827,relaxed,subject_03,subject_03_relaxed_session_01
12.532,0.16633892935737585,relaxed,subject_03,subject_03_relaxed_session_01
12.536,0.1532799197470936,relaxed,subject_03,subject_03_relaxed_session_01
12.54,0.13693835645937508,relaxed,subject_03,subject_03_relaxed_session_01
12.544,0.13636677027271518,relaxed,subject_03,subject_03_relaxed_session_01
12.548,0.1446250955649679,relaxed,subject_03,subject_03_relaxed_session_01
12.552,0.14885482044313358,relaxed,subject_03,subject_03_relaxed_session_01
12.556,0.1919273634996858,relaxed,subject_03,subject_03_relaxed_session_01
12.56,0.18391058092553061,relaxed,subject_03,subject_03_relaxed_session_01
12.564,0.18362065741940992,relaxed,subject_03,subject_03_relaxed_session_01
12.568,0.18121191525145888,relaxed,subject_03,subject_03_relaxed_session_01
12.572,0.2061378248200284,relaxed,subject_03,subject_03_relaxed_session_01
12.576,0.15963623097697263,relaxed,subject_03,subject_03_relaxed_session_01
12.58,0.2400742325000898,relaxed,subject_03,subject_03_relaxed_session_01
12.584,0.20266098459896748,relaxed,subject_03,subject_03_relaxed_session_01
12.588,0.19384386637383708,relaxed,subject_03,subject_03_relaxed_session_01
12.592,0.24032456720657444,relaxed,subject_03,subject_03_relaxed_session_01
12.596,0.2439713137410045,relaxed,subject_03,subject_03_relaxed_session_01
12.6,0.2237156741622883,relaxed,subject_03,subject_03_relaxed_session_01
12.604,0.2549945941229486,relaxed,subject_03,subject_03_relaxed_session_01
12.608,0.25127898066929155,relaxed,subject_03,subject_03_relaxed_session_01
12.612,0.24110385239032012,relaxed,subject_03,subject_03_relaxed_session_01
12.616,0.20248424253875663,relaxed,subject_03,subject_03_relaxed_session_01
12.62,0.2390807835804592,relaxed,subject_03,subject_03_relaxed_session_01
12.624,0.2374669857208846,relaxed,subject_03,subject_03_relaxed_session_01
12.628,0.2325218318459494,relaxed,subject_03,subject_03_relaxed_session_01
12.632,0.22975974123332657,relaxed,subject_03,subject_03_relaxed_session_01
12.636,0.25135049003742965,relaxed,subject_03,subject_03_relaxed_session_01
12.64,0.21004583994920978,relaxed,subject_03,subject_03_relaxed_session_01
12.644,0.2569391300998501,relaxed,subject_03,subject_03_relaxed_session_01
12.648,0.22967065505420906,relaxed,subject_03,subject_03_relaxed_session_01
12.652,0.21097770780559186,relaxed,subject_03,subject_03_relaxed_session_01
12.656,0.21870235141947056,relaxed,subject_03,subject_03_relaxed_session_01
12.66,0.22474077138925133,relaxed,subject_03,subject_03_relaxed_session_01
12.664,0.2454557383246885,relaxed,subject_03,subject_03_relaxed_session_01
12.668,0.22628963765958815,relaxed,subject_03,subject_03_relaxed_session_01
12.672,0.23084333606147078,relaxed,subject_03,subject_03_relaxed_session_01
12.676,0.20078006376397503,relaxed,subject_03,subject_03_relaxed_session_01
12.68,0.19234963075426792,relaxed,subject_03,subject_03_relaxed_session_01
12.684,0.2280438036187549,relaxed,subject_03,subject_03_relaxed_session_01
12.688,0.1822608920811873,relaxed,subject_03,subject_03_relaxed_session_01
12.692,0.16800622357738865,relaxed,subject_03,subject_03_relaxed_session_01
12.696,0.1597802986907628,relaxed,subject_03,subject_03_relaxed_session_01
12.7,0.17239748256081294,relaxed,subject_03,subject_03_relaxed_session_01
12.704,0.13848397537221513,relaxed,subject_03,subject_03_relaxed_session_01
12.708,0.1574692853044456,relaxed,subject_03,subject_03_relaxed_session_01
12.712,0.15073560839290517,relaxed,subject_03,subject_03_relaxed_session_01
12.716,0.1529701249559761,relaxed,subject_03,subject_03_relaxed_session_01
12.72,0.09990970784541059,relaxed,subject_03,subject_03_relaxed_session_01
12.724,0.0887889198222772,relaxed,subject_03,subject_03_relaxed_session_01
12.728,0.1139752376143531,relaxed,subject_03,subject_03_relaxed_session_01
12.732,0.11405741446657801,relaxed,subject_03,subject_03_relaxed_session_01
12.736,0.08878063478173219,relaxed,subject_03,subject_03_relaxed_session_01
12.74,0.07821202732041097,relaxed,subject_03,subject_03_relaxed_session_01
12.744,0.10887903116899429,relaxed,subject_03,subject_03_relaxed_session_01
12.748,0.0888514948431676,relaxed,subject_03,subject_03_relaxed_session_01
12.752,0.10633749841355832,relaxed,subject_03,subject_03_relaxed_session_01
12.756,0.057946372725841425,relaxed,subject_03,subject_03_relaxed_session_01
12.76,0.07883203269623146,relaxed,subject_03,subject_03_relaxed_session_01
12.764,0.11021056752205652,relaxed,subject_03,subject_03_relaxed_session_01
12.768,0.06681480305939785,relaxed,subject_03,subject_03_relaxed_session_01
12.772,0.0573296894085826,relaxed,subject_03,subject_03_relaxed_session_01
12.776,0.08370965636546338,relaxed,subject_03,subject_03_relaxed_session_01
12.78,0.08653966448756467,relaxed,subject_03,subject_03_relaxed_session_01
12.784,0.046388947946349346,relaxed,subject_03,subject_03_relaxed_session_01
12.788,0.045001901624026515,relaxed,subject_03,subject_03_relaxed_session_01
12.792,0.07090046816005978,relaxed,subject_03,subject_03_relaxed_session_01
12.796,0.0571552899047839,relaxed,subject_03,subject_03_relaxed_session_01
12.8,0.05536294797078756,relaxed,subject_03,subject_03_relaxed_session_01
12.804,0.051588618627951,relaxed,subject_03,subject_03_relaxed_session_01
12.808,0.043963462103838835,relaxed,subject_03,subject_03_relaxed_session_01
12.812,0.06331632141249953,relaxed,subject_03,subject_03_relaxed_session_01
12.816,0.06948159451670584,relaxed,subject_03,subject_03_relaxed_session_01
12.82,0.019708744898136732,relaxed,subject_03,subject_03_relaxed_session_01
12.824,0.05677830908031522,relaxed,subject_03,subject_03_relaxed_session_01
12.828,0.037017238628821836,relaxed,subject_03,subject_03_relaxed_session_01
12.832,0.011154662637745765,relaxed,subject_03,subject_03_relaxed_session_01
12.836,0.017474839803232767,relaxed,subject_03,subject_03_relaxed_session_01
12.84,0.026959361906764026,relaxed,subject_03,subject_03_relaxed_session_01
12.844,0.05559142673788792,relaxed,subject_03,subject_03_relaxed_session_01
12.848,0.013107793628559145,relaxed,subject_03,subject_03_relaxed_session_01
12.852,-0.002782406371547065,relaxed,subject_03,subject_03_relaxed_session_01
12.856,0.027443349213781193,relaxed,subject_03,subject_03_relaxed_session_01
12.86,0.022761465511997935,relaxed,subject_03,subject_03_relaxed_session_01
12.864,0.05334844689100421,relaxed,subject_03,subject_03_relaxed_session_01
12.868,0.036750059044791755,relaxed,subject_03,subject_03_relaxed_session_01
12.872,0.04558145345293502,relaxed,subject_03,subject_03_relaxed_session_01
12.876,0.023224256718177582,relaxed,subject_03,subject_03_relaxed_session_01
12.88,0.00653336740762173,relaxed,subject_03,subject_03_relaxed_session_01
12.884,0.05695675019924398,relaxed,subject_03,subject_03_relaxed_session_01
12.888,0.0187702369250799,relaxed,subject_03,subject_03_relaxed_session_01
12.892,0.04339228495805051,relaxed,subject_03,subject_03_relaxed_session_01
12.896,0.02298201992894684,relaxed,subject_03,subject_03_relaxed_session_01
12.9,0.04341164936284816,relaxed,subject_03,subject_03_relaxed_session_01
12.904,0.03623383114260072,relaxed,subject_03,subject_03_relaxed_session_01
12.908,0.03270401893688495,relaxed,subject_03,subject_03_relaxed_session_01
12.912,0.0383677707862001,relaxed,subject_03,subject_03_relaxed_session_01
12.916,0.02525407423536441,relaxed,subject_03,subject_03_relaxed_session_01
12.92,-0.004036786860704376,relaxed,subject_03,subject_03_relaxed_session_01
12.924,0.03583458899319342,relaxed,subject_03,subject_03_relaxed_session_01
12.928,0.05297392907915968,relaxed,subject_03,subject_03_relaxed_session_01
12.932,0.029199210804591664,relaxed,subject_03,subject_03_relaxed_session_01
12.936,0.02385095307429449,relaxed,subject_03,subject_03_relaxed_session_01
12.94,0.03539819691388996,relaxed,subject_03,subject_03_relaxed_session_01
12.944,0.04983557408155463,relaxed,subject_03,subject_03_relaxed_session_01
12.948,0.024730764521945985,relaxed,subject_03,subject_03_relaxed_session_01
12.952,0.0005936238910356911,relaxed,subject_03,subject_03_relaxed_session_01
12.956,0.03381724839229355,relaxed,subject_03,subject_03_relaxed_session_01
12.96,0.03817249807305088,relaxed,subject_03,subject_03_relaxed_session_01
12.964,0.03464615033678676,relaxed,subject_03,subject_03_relaxed_session_01
12.968,0.02162860886375288,relaxed,subject_03,subject_03_relaxed_session_01
12.972,0.038655829642733945,relaxed,subject_03,subject_03_relaxed_session_01
12.976,0.027903085508159797,relaxed,subject_03,subject_03_relaxed_session_01
12.98,0.024456251707593277,relaxed,subject_03,subject_03_relaxed_session_01
12.984,0.02831163095535525,relaxed,subject_03,subject_03_relaxed_session_01
12.988,0.03848715933478529,relaxed,subject_03,subject_03_relaxed_session_01
12.992,0.041839388295877473,relaxed,subject_03,subject_03_relaxed_session_01
12.996,0.027369301137663483,relaxed,subject_03,subject_03_relaxed_session_01
13.0,0.04329274559920982,relaxed,subject_03,subject_03_relaxed_session_01
13.004,0.048892054411672756,relaxed,subject_03,subject_03_relaxed_session_01
13.008,0.05464519651882349,relaxed,subject_03,subject_03_relaxed_session_01
13.012,0.055695157662143786,relaxed,subject_03,subject_03_relaxed_session_01
13.016,0.07500796673614421,relaxed,subject_03,subject_03_relaxed_session_01
13.02,0.0659212379324016,relaxed,subject_03,subject_03_relaxed_session_01
13.024,0.09587502698129279,relaxed,subject_03,subject_03_relaxed_session_01
13.028,0.08036276220902573,relaxed,subject_03,subject_03_relaxed_session_01
13.032,0.08399991765250123,relaxed,subject_03,subject_03_relaxed_session_01
13.036,0.04406152811590275,relaxed,subject_03,subject_03_relaxed_session_01
13.04,0.08856912709805251,relaxed,subject_03,subject_03_relaxed_session_01
13.044,0.09554579142768385,relaxed,subject_03,subject_03_relaxed_session_01
13.048,0.08289011483598731,relaxed,subject_03,subject_03_relaxed_session_01
13.052,0.048168550996301726,relaxed,subject_03,subject_03_relaxed_session_01
13.056,0.04790815445652016,relaxed,subject_03,subject_03_relaxed_session_01
13.06,0.09420489938370613,relaxed,subject_03,subject_03_relaxed_session_01
13.064,0.09418115994030012,relaxed,subject_03,subject_03_relaxed_session_01
13.068,0.08000215425849949,relaxed,subject_03,subject_03_relaxed_session_01
13.072,0.12211188397163787,relaxed,subject_03,subject_03_relaxed_session_01
13.076,0.09579372758399107,relaxed,subject_03,subject_03_relaxed_session_01
13.08,0.08870904020352935,relaxed,subject_03,subject_03_relaxed_session_01
13.084,0.16624136982409654,relaxed,subject_03,subject_03_relaxed_session_01
13.088,0.13733875856923078,relaxed,subject_03,subject_03_relaxed_session_01
13.092,0.12026683757029913,relaxed,subject_03,subject_03_relaxed_session_01
13.096,0.10130357513939876,relaxed,subject_03,subject_03_relaxed_session_01
13.1,0.1118249721010201,relaxed,subject_03,subject_03_relaxed_session_01
13.104,0.11628302091411173,relaxed,subject_03,subject_03_relaxed_session_01
13.108,0.11628714969724341,relaxed,subject_03,subject_03_relaxed_session_01
13.112,0.11839976755725412,relaxed,subject_03,subject_03_relaxed_session_01
13.116,0.09824505041741773,relaxed,subject_03,subject_03_relaxed_session_01
13.12,0.1007938044851811,relaxed,subject_03,subject_03_relaxed_session_01
13.124,0.07990515987995947,relaxed,subject_03,subject_03_relaxed_session_01
13.128,0.06994365828281515,relaxed,subject_03,subject_03_relaxed_session_01
13.132,0.07389257921936059,relaxed,subject_03,subject_03_relaxed_session_01
13.136,0.08721225378693874,relaxed,subject_03,subject_03_relaxed_session_01
13.14,0.08789113175053048,relaxed,subject_03,subject_03_relaxed_session_01
13.144,0.09793051957230905,relaxed,subject_03,subject_03_relaxed_session_01
13.148,0.09152057846991196,relaxed,subject_03,subject_03_relaxed_session_01
13.152,0.09038004372983353,relaxed,subject_03,subject_03_relaxed_session_01
13.156,0.06666009410237594,relaxed,subject_03,subject_03_relaxed_session_01
13.16,0.08094659342419151,relaxed,subject_03,subject_03_relaxed_session_01
13.164,0.02032472294597204,relaxed,subject_03,subject_03_relaxed_session_01
13.168,0.07092575185283628,relaxed,subject_03,subject_03_relaxed_session_01
13.172,0.05404650855578885,relaxed,subject_03,subject_03_relaxed_session_01
13.176,0.07041496832650085,relaxed,subject_03,subject_03_relaxed_session_01
13.18,-0.005729016143434129,relaxed,subject_03,subject_03_relaxed_session_01
13.184,0.06314889567612489,relaxed,subject_03,subject_03_relaxed_session_01
13.188,0.009755238913166188,relaxed,subject_03,subject_03_relaxed_session_01
13.192,0.06235684775145309,relaxed,subject_03,subject_03_relaxed_session_01
13.196,0.021104254348778727,relaxed,subject_03,subject_03_relaxed_session_01
13.2,0.04454286943728289,relaxed,subject_03,subject_03_relaxed_session_01
13.204,0.03302937789846544,relaxed,subject_03,subject_03_relaxed_session_01
13.208,0.053793484066593816,relaxed,subject_03,subject_03_relaxed_session_01
13.212,0.035461073012000584,relaxed,subject_03,subject_03_relaxed_session_01
13.216,0.06294865593263879,relaxed,subject_03,subject_03_relaxed_session_01
13.22,0.016359172792961958,relaxed,subject_03,subject_03_relaxed_session_01
13.224,0.009292437888069285,relaxed,subject_03,subject_03_relaxed_session_01
13.228,0.01595895923178894,relaxed,subject_03,subject_03_relaxed_session_01
13.232,0.04017895974718409,relaxed,subject_03,subject_03_relaxed_session_01
13.236,0.03841097215394977,relaxed,subject_03,subject_03_relaxed_session_01
13.24,-0.004973299613228701,relaxed,subject_03,subject_03_relaxed_session_01
13.244,-0.0017727094707514664,relaxed,subject_03,subject_03_relaxed_session_01
13.248,0.015477019288741975,relaxed,subject_03,subject_03_relaxed_session_01
13.252,0.03296301237528072,relaxed,subject_03,subject_03_relaxed_session_01
13.256,0.002188499079342675,relaxed,subject_03,subject_03_relaxed_session_01
13.26,0.01293364392226989,relaxed,subject_03,subject_03_relaxed_session_01
13.264,0.11012821270662057,relaxed,subject_03,subject_03_relaxed_session_01
13.268,0.13020601974770388,relaxed,subject_03,subject_03_relaxed_session_01
13.272,0.2760891394697183,relaxed,subject_03,subject_03_relaxed_session_01
13.276,0.3408600337926992,relaxed,subject_03,subject_03_relaxed_session_01
13.28,0.5096870093285933,relaxed,subject_03,subject_03_relaxed_session_01
13.284,0.6296379865816965,relaxed,subject_03,subject_03_relaxed_session_01
13.288,0.7294206633284862,relaxed,subject_03,subject_03_relaxed_session_01
13.292,0.8537165930347981,relaxed,subject_03,subject_03_relaxed_session_01
13.296,0.8647242219690539,relaxed,subject_03,subject_03_relaxed_session_01
13.3,0.8602599496627121,relaxed,subject_03,subject_03_relaxed_session_01
13.304,0.8108740491464896,relaxed,subject_03,subject_03_relaxed_session_01
13.308,0.7130821158789354,relaxed,subject_03,subject_03_relaxed_session_01
13.312,0.6471566582615016,relaxed,subject_03,subject_03_relaxed_session_01
13.316,0.46791851091162096,relaxed,subject_03,subject_03_relaxed_session_01
13.32,0.3743901926851657,relaxed,subject_03,subject_03_relaxed_session_01
13.324,0.19318315621355175,relaxed,subject_03,subject_03_relaxed_session_01
13.328,0.10394252144658395,relaxed,subject_03,subject_03_relaxed_session_01
13.332,0.016112835938965654,relaxed,subject_03,subject_03_relaxed_session_01
13.336,-0.038346985191727266,relaxed,subject_03,subject_03_relaxed_session_01
13.34,-0.04708610950646303,relaxed,subject_03,subject_03_relaxed_session_01
13.344,-0.010570783287913221,relaxed,subject_03,subject_03_relaxed_session_01
13.348,-0.00607462622741475,relaxed,subject_03,subject_03_relaxed_session_01
13.352,-0.013971211524026904,relaxed,subject_03,subject_03_relaxed_session_01
13.356,-0.024400700399395434,relaxed,subject_03,subject_03_relaxed_session_01
13.36,0.023904046249172868,relaxed,subject_03,subject_03_relaxed_session_01
13.364,0.017697326290801126,relaxed,subject_03,subject_03_relaxed_session_01
13.368,0.016486439818551912,relaxed,subject_03,subject_03_relaxed_session_01
13.372,0.05370892718363993,relaxed,subject_03,subject_03_relaxed_session_01
13.376,0.019048523687888872,relaxed,subject_03,subject_03_relaxed_session_01
13.38,0.04976392096107528,relaxed,subject_03,subject_03_relaxed_session_01
13.384,0.05939503121978166,relaxed,subject_03,subject_03_relaxed_session_01
13.388,0.06642751057975145,relaxed,subject_03,subject_03_relaxed_session_01
13.392,0.030513819273463708,relaxed,subject_03,subject_03_relaxed_session_01
13.396,0.09271314113185716,relaxed,subject_03,subject_03_relaxed_session_01
13.4,0.06793364450024394,relaxed,subject_03,subject_03_relaxed_session_01
13.404,0.06561694171286306,relaxed,subject_03,subject_03_relaxed_session_01
13.408,0.042884293445641736,relaxed,subject_03,subject_03_relaxed_session_01
13.412,0.05693437380742822,relaxed,subject_03,subject_03_relaxed_session_01
13.416,0.07050557948766716,relaxed,subject_03,subject_03_relaxed_session_01
13.42,0.08156689574146878,relaxed,subject_03,subject_03_relaxed_session_01
13.424,0.09372075299321696,relaxed,subject_03,subject_03_relaxed_session_01
13.428,0.08471902616826624,relaxed,subject_03,subject_03_relaxed_session_01
13.432,0.1259019131939399,relaxed,subject_03,subject_03_relaxed_session_01
13.436,0.09472722714003087,relaxed,subject_03,subject_03_relaxed_session_01
13.44,0.11172453186801191,relaxed,subject_03,subject_03_relaxed_session_01
13.444,0.136320889026379,relaxed,subject_03,subject_03_relaxed_session_01
13.448,0.10848288231965042,relaxed,subject_03,subject_03_relaxed_session_01
13.452,0.0981483226854516,relaxed,subject_03,subject_03_relaxed_session_01
13.456,0.12333033966329848,relaxed,subject_03,subject_03_relaxed_session_01
13.46,0.15609408593269614,relaxed,subject_03,subject_03_relaxed_session_01
13.464,0.14549567562795984,relaxed,subject_03,subject_03_relaxed_session_01
13.468,0.16396412581212785,relaxed,subject_03,subject_03_relaxed_session_01
13.472,0.13050111822475327,relaxed,subject_03,subject_03_relaxed_session_01
13.476,0.13075692451609594,relaxed,subject_03,subject_03_relaxed_session_01
13.48,0.18085531287063247,relaxed,subject_03,subject_03_relaxed_session_01
13.484,0.18236409988415814,relaxed,subject_03,subject_03_relaxed_session_01
13.488,0.16303453554566233,relaxed,subject_03,subject_03_relaxed_session_01
13.492,0.164214268679442,relaxed,subject_03,subject_03_relaxed_session_01
13.496,0.18942205432444822,relaxed,subject_03,subject_03_relaxed_session_01
13.5,0.19715203079442406,relaxed,subject_03,subject_03_relaxed_session_01
13.504,0.17871484282277414,relaxed,subject_03,subject_03_relaxed_session_01
13.508,0.2064455222192183,relaxed,subject_03,subject_03_relaxed_session_01
13.512,0.18320570163901534,relaxed,subject_03,subject_03_relaxed_session_01
13.516,0.20347644647533833,relaxed,subject_03,subject_03_relaxed_session_01
13.52,0.1935103958704192,relaxed,subject_03,subject_03_relaxed_session_01
13.524,0.22076969601835303,relaxed,subject_03,subject_03_relaxed_session_01
13.528,0.21283424400154777,relaxed,subject_03,subject_03_relaxed_session_01
13.532,0.2548291230271199,relaxed,subject_03,subject_03_relaxed_session_01
13.536,0.23563260910739445,relaxed,subject_03,subject_03_relaxed_session_01
13.54,0.20447152632286034,relaxed,subject_03,subject_03_relaxed_session_01
13.544,0.2496022897808006,relaxed,subject_03,subject_03_relaxed_session_01
13.548,0.2275560106657655,relaxed,subject_03,subject_03_relaxed_session_01
13.552,0.24622768026366537,relaxed,subject_03,subject_03_relaxed_session_01
13.556,0.2043038914842813,relaxed,subject_03,subject_03_relaxed_session_01
13.56,0.24073893427168075,relaxed,subject_03,subject_03_relaxed_session_01
13.564,0.26774885458462466,relaxed,subject_03,subject_03_relaxed_session_01
13.568,0.23596357339350893,relaxed,subject_03,subject_03_relaxed_session_01
13.572,0.20947474100044577,relaxed,subject_03,subject_03_relaxed_session_01
13.576,0.2409175303564518,relaxed,subject_03,subject_03_relaxed_session_01
13.58,0.20038996164355996,relaxed,subject_03,subject_03_relaxed_session_01
13.584,0.2194645276583788,relaxed,subject_03,subject_03_relaxed_session_01
13.588,0.25008683559212286,relaxed,subject_03,subject_03_relaxed_session_01
13.592,0.18858510961527403,relaxed,subject_03,subject_03_relaxed_session_01
13.596,0.20507860268571415,relaxed,subject_03,subject_03_relaxed_session_01
13.6,0.22934327358475987,relaxed,subject_03,subject_03_relaxed_session_01
13.604,0.2030616046147817,relaxed,subject_03,subject_03_relaxed_session_01
13.608,0.19157955293993903,relaxed,subject_03,subject_03_relaxed_session_01
13.612,0.13177376106051591,relaxed,subject_03,subject_03_relaxed_session_01
13.616,0.1454187406662538,relaxed,subject_03,subject_03_relaxed_session_01
13.62,0.17552213483712828,relaxed,subject_03,subject_03_relaxed_session_01
13.624,0.1454266401883288,relaxed,subject_03,subject_03_relaxed_session_01
13.628,0.13513911537828407,relaxed,subject_03,subject_03_relaxed_session_01
13.632,0.16196173918680962,relaxed,subject_03,subject_03_relaxed_session_01
13.636,0.14509445657290385,relaxed,subject_03,subject_03_relaxed_session_01
13.64,0.1089168565591023,relaxed,subject_03,subject_03_relaxed_session_01
13.644,0.13416678874022442,relaxed,subject_03,subject_03_relaxed_session_01
13.648,0.09338622414178696,relaxed,subject_03,subject_03_relaxed_session_01
13.652,0.07463009669848879,relaxed,subject_03,subject_03_relaxed_session_01
13.656,0.1067219712491173,relaxed,subject_03,subject_03_relaxed_session_01
13.66,0.06972018188209889,relaxed,subject_03,subject_03_relaxed_session_01
13.664,0.06372671912489056,relaxed,subject_03,subject_03_relaxed_session_01
13.668,0.0629516246473259,relaxed,subject_03,subject_03_relaxed_session_01
13.672,0.08137481190182956,relaxed,subject_03,subject_03_relaxed_session_01
13.676,0.08876157878744842,relaxed,subject_03,subject_03_relaxed_session_01
13.68,0.062376354631146214,relaxed,subject_03,subject_03_relaxed_session_01
13.684,0.03958467505952546,relaxed,subject_03,subject_03_relaxed_session_01
13.688,0.036817225867001535,relaxed,subject_03,subject_03_relaxed_session_01
13.692,0.024186160719797574,relaxed,subject_03,subject_03_relaxed_session_01
13.696,0.06574388265991117,relaxed,subject_03,subject_03_relaxed_session_01
13.7,0.02973393813048963,relaxed,subject_03,subject_03_relaxed_session_01
13.704,0.04891772879779671,relaxed,subject_03,subject_03_relaxed_session_01
13.708,0.005093645780633364,relaxed,subject_03,subject_03_relaxed_session_01
13.712,0.06367758871870756,relaxed,subject_03,subject_03_relaxed_session_01
13.716,0.035266577879897155,relaxed,subject_03,subject_03_relaxed_session_01
13.72,0.0015955500234715037,relaxed,subject_03,subject_03_relaxed_session_01
13.724,0.018524338359077193,relaxed,subject_03,subject_03_relaxed_session_01
13.728,0.03210271682403017,relaxed,subject_03,subject_03_relaxed_session_01
13.732,0.00874747010130586,relaxed,subject_03,subject_03_relaxed_session_01
13.736,0.03188658682221262,relaxed,subject_03,subject_03_relaxed_session_01
13.74,0.04850252285773246,relaxed,subject_03,subject_03_relaxed_session_01
13.744,0.039677187201188076,relaxed,subject_03,subject_03_relaxed_session_01
13.748,0.019485570089349473,relaxed,subject_03,subject_03_relaxed_session_01
13.752,0.04725987421627047,relaxed,subject_03,subject_03_relaxed_session_01
13.756,0.021414500391637767,relaxed,subject_03,subject_03_relaxed_session_01
13.76,0.013905343852819295,relaxed,subject_03,subject_03_relaxed_session_01
13.764,0.013462151196282177,relaxed,subject_03,subject_03_relaxed_session_01
13.768,0.01632716592481112,relaxed,subject_03,subject_03_relaxed_session_01
13.772,0.022457416129392227,relaxed,subject_03,subject_03_relaxed_session_01
13.776,-0.0048697762104831805,relaxed,subject_03,subject_03_relaxed_session_01
13.78,0.03501265413919177,relaxed,subject_03,subject_03_relaxed_session_01
13.784,0.03768400277846891,relaxed,subject_03,subject_03_relaxed_session_01
13.788,0.06060461285638112,relaxed,subject_03,subject_03_relaxed_session_01
13.792,-0.02365091231997233,relaxed,subject_03,subject_03_relaxed_session_01
13.796,0.010896689025438975,relaxed,subject_03,subject_03_relaxed_session_01
13.8,-0.006243002203971081,relaxed,subject_03,subject_03_relaxed_session_01
13.804,0.022369029468184302,relaxed,subject_03,subject_03_relaxed_session_01
13.808,0.03350264670836104,relaxed,subject_03,subject_03_relaxed_session_01
13.812,0.009526646165842291,relaxed,subject_03,subject_03_relaxed_session_01
13.816,0.0023125757959839115,relaxed,subject_03,subject_03_relaxed_session_01
13.82,-0.0014556642146977706,relaxed,subject_03,subject_03_relaxed_session_01
13.824,0.004101943636302615,relaxed,subject_03,subject_03_relaxed_session_01
13.828,0.015238424831113945,relaxed,subject_03,subject_03_relaxed_session_01
13.832,0.01485812573577134,relaxed,subject_03,subject_03_relaxed_session_01
13.836,0.03718207162580274,relaxed,subject_03,subject_03_relaxed_session_01
13.84,0.0038606077529083757,relaxed,subject_03,subject_03_relaxed_session_01
13.844,0.02516063273109399,relaxed,subject_03,subject_03_relaxed_session_01
13.848,-0.010998845648164765,relaxed,subject_03,subject_03_relaxed_session_01
13.852,-0.018687970945976726,relaxed,subject_03,subject_03_relaxed_session_01
13.856,0.02665152245534441,relaxed,subject_03,subject_03_relaxed_session_01
13.86,0.014698478842727753,relaxed,subject_03,subject_03_relaxed_session_01
13.864,-0.004097905499752417,relaxed,subject_03,subject_03_relaxed_session_01
13.868,-0.012037490182125217,relaxed,subject_03,subject_03_relaxed_session_01
13.872,-0.0031978496132306434,relaxed,subject_03,subject_03_relaxed_session_01
13.876,0.010641094896339007,relaxed,subject_03,subject_03_relaxed_session_01
13.88,0.009448208378216874,relaxed,subject_03,subject_03_relaxed_session_01
13.884,-0.022542741358029684,relaxed,subject_03,subject_03_relaxed_session_01
13.888,-0.018870736357883687,relaxed,subject_03,subject_03_relaxed_session_01
13.892,0.00951745388238271,relaxed,subject_03,subject_03_relaxed_session_01
13.896,0.01881616695330167,relaxed,subject_03,subject_03_relaxed_session_01
13.9,-0.008201551982157398,relaxed,subject_03,subject_03_relaxed_session_01
13.904,-0.020243301774619984,relaxed,subject_03,subject_03_relaxed_session_01
13.908,0.00959250899446094,relaxed,subject_03,subject_03_relaxed_session_01
13.912,-0.03420666505979983,relaxed,subject_03,subject_03_relaxed_session_01
13.916,0.0032987599549835454,relaxed,subject_03,subject_03_relaxed_session_01
13.92,0.024377308243411933,relaxed,subject_03,subject_03_relaxed_session_01
13.924,0.009237949918635874,relaxed,subject_03,subject_03_relaxed_session_01
13.928,-0.015230036186044078,relaxed,subject_03,subject_03_relaxed_session_01
13.932,0.04851853880119025,relaxed,subject_03,subject_03_relaxed_session_01
13.936,0.0211148513323171,relaxed,subject_03,subject_03_relaxed_session_01
13.94,0.02811475441217883,relaxed,subject_03,subject_03_relaxed_session_01
13.944,0.04480975734116514,relaxed,subject_03,subject_03_relaxed_session_01
13.948,0.02726629090920982,relaxed,subject_03,subject_03_relaxed_session_01
13.952,0.029377196114316585,relaxed,subject_03,subject_03_relaxed_session_01
13.956,0.06373416289147535,relaxed,subject_03,subject_03_relaxed_session_01
13.96,0.02742231491129782,relaxed,subject_03,subject_03_relaxed_session_01
13.964,0.06692092460409357,relaxed,subject_03,subject_03_relaxed_session_01
13.968,0.03104464251310374,relaxed,subject_03,subject_03_relaxed_session_01
13.972,0.04423544124388926,relaxed,subject_03,subject_03_relaxed_session_01
13.976,0.06983046869890959,relaxed,subject_03,subject_03_relaxed_session_01
13.98,0.09773472374977799,relaxed,subject_03,subject_03_relaxed_session_01
13.984,0.07715196431368977,relaxed,subject_03,subject_03_relaxed_session_01
13.988,0.0510140498849606,relaxed,subject_03,subject_03_relaxed_session_01
13.992,0.09773271356153586,relaxed,subject_03,subject_03_relaxed_session_01
13.996,0.07170609228932515,relaxed,subject_03,subject_03_relaxed_session_01
14.0,0.10382943927066816,relaxed,subject_03,subject_03_relaxed_session_01
14.004,0.09990856757967007,relaxed,subject_03,subject_03_relaxed_session_01
14.008,0.06646766561439488,relaxed,subject_03,subject_03_relaxed_session_01
14.012,0.10531415406343096,relaxed,subject_03,subject_03_relaxed_session_01
14.016,0.0742728271556248,relaxed,subject_03,subject_03_relaxed_session_01
14.02,0.12608947251319477,relaxed,subject_03,subject_03_relaxed_session_01
14.024,0.06688438410536843,relaxed,subject_03,subject_03_relaxed_session_01
14.028,0.09366232282774692,relaxed,subject_03,subject_03_relaxed_session_01
14.032,0.07569632220989121,relaxed,subject_03,subject_03_relaxed_session_01
14.036,0.11990634839625267,relaxed,subject_03,subject_03_relaxed_session_01
14.04,0.05714973395601372,relaxed,subject_03,subject_03_relaxed_session_01
14.044,0.13060806437961392,relaxed,subject_03,subject_03_relaxed_session_01
14.048,0.07217101441606309,relaxed,subject_03,subject_03_relaxed_session_01
14.052,0.06312562680866318,relaxed,subject_03,subject_03_relaxed_session_01
14.056,0.0845916410703453,relaxed,subject_03,subject_03_relaxed_session_01
14.06,0.0629911869194341,relaxed,subject_03,subject_03_relaxed_session_01
14.064,0.04111479553279575,relaxed,subject_03,subject_03_relaxed_session_01
14.068,0.037266810068179515,relaxed,subject_03,subject_03_relaxed_session_01
14.072,0.03711049897956171,relaxed,subject_03,subject_03_relaxed_session_01
14.076,0.027844822462362417,relaxed,subject_03,subject_03_relaxed_session_01
14.08,0.05277251454494157,relaxed,subject_03,subject_03_relaxed_session_01
14.084,0.033405747935171155,relaxed,subject_03,subject_03_relaxed_session_01
14.088,0.03635904827010635,relaxed,subject_03,subject_03_relaxed_session_01
14.092,0.014476031182361595,relaxed,subject_03,subject_03_relaxed_session_01
14.096,0.03182614496772249,relaxed,subject_03,subject_03_relaxed_session_01
14.1,0.0015037341003160502,relaxed,subject_03,subject_03_relaxed_session_01
14.104,-0.0062478004382514295,relaxed,subject_03,subject_03_relaxed_session_01
14.108,-0.000878742182769442,relaxed,subject_03,subject_03_relaxed_session_01
14.112,0.03526070886532363,relaxed,subject_03,subject_03_relaxed_session_01
14.116,-0.006980928830860252,relaxed,subject_03,subject_03_relaxed_session_01
14.12,-0.008024522707149418,relaxed,subject_03,subject_03_relaxed_session_01
14.124,0.005275710692770545,relaxed,subject_03,subject_03_relaxed_session_01
14.128,-0.0031572079090309017,relaxed,subject_03,subject_03_relaxed_session_01
14.132,-0.023536894794055397,relaxed,subject_03,subject_03_relaxed_session_01
14.136,-0.02648135084994502,relaxed,subject_03,subject_03_relaxed_session_01
14.14,0.011193028650471856,relaxed,subject_03,subject_03_relaxed_session_01
14.144,-0.028432896779339658,relaxed,subject_03,subject_03_relaxed_session_01
14.148,0.012036619551943599,relaxed,subject_03,subject_03_relaxed_session_01
14.152,-0.016395263099787036,relaxed,subject_03,subject_03_relaxed_session_01
14.156,-0.0558196928852085,relaxed,subject_03,subject_03_relaxed_session_01
14.16,-0.00014796206887728557,relaxed,subject_03,subject_03_relaxed_session_01
14.164,-0.002368822489857418,relaxed,subject_03,subject_03_relaxed_session_01
14.168,-0.012671150498526141,relaxed,subject_03,subject_03_relaxed_session_01
14.172,-0.03719093168526148,relaxed,subject_03,subject_03_relaxed_session_01
14.176,-0.03084281608600947,relaxed,subject_03,subject_03_relaxed_session_01
14.18,-0.01399235326083608,relaxed,subject_03,subject_03_relaxed_session_01
14.184,0.021108411041467802,relaxed,subject_03,subject_03_relaxed_session_01
14.188,0.10751856394169745,relaxed,subject_03,subject_03_relaxed_session_01
14.192,0.19021303090784145,relaxed,subject_03,subject_03_relaxed_session_01
14.196,0.2987289522916908,relaxed,subject_03,subject_03_relaxed_session_01
14.2,0.4199154594412051,relaxed,subject_03,subject_03_relaxed_session_01
14.204,0.5640761946011923,relaxed,subject_03,subject_03_relaxed_session_01
14.208,0.7013916760355733,relaxed,subject_03,subject_03_relaxed_session_01
14.212,0.768603624832105,relaxed,subject_03,subject_03_relaxed_session_01
14.216,0.7937381104075488,relaxed,subject_03,subject_03_relaxed_session_01
14.22,0.8320899915316043,relaxed,subject_03,subject_03_relaxed_session_01
14.224,0.8086892704539733,relaxed,subject_03,subject_03_relaxed_session_01
14.228,0.7376358226983274,relaxed,subject_03,subject_03_relaxed_session_01
14.232,0.6242991066282927,relaxed,subject_03,subject_03_relaxed_session_01
14.236,0.485465502471589,relaxed,subject_03,subject_03_relaxed_session_01
14.24,0.3981744100562585,relaxed,subject_03,subject_03_relaxed_session_01
14.244,0.18769761363408574,relaxed,subject_03,subject_03_relaxed_session_01
14.248,0.1272140479729446,relaxed,subject_03,subject_03_relaxed_session_01
14.252,0.020971077357163633,relaxed,subject_03,subject_03_relaxed_session_01
14.256,-0.0017953450495649878,relaxed,subject_03,subject_03_relaxed_session_01
14.26,-0.10586124924135035,relaxed,subject_03,subject_03_relaxed_session_01
14.264,-0.05255361478242061,relaxed,subject_03,subject_03_relaxed_session_01
14.268,-0.04176920392612414,relaxed,subject_03,subject_03_relaxed_session_01
14.272,-0.061409197522889675,relaxed,subject_03,subject_03_relaxed_session_01
14.276,-0.05752686013579084,relaxed,subject_03,subject_03_relaxed_session_01
14.28,0.01750122224926917,relaxed,subject_03,subject_03_relaxed_session_01
14.284,-0.029500819582351817,relaxed,subject_03,subject_03_relaxed_session_01
14.288,0.016334040674000315,relaxed,subject_03,subject_03_relaxed_session_01
14.292,0.031038209653461026,relaxed,subject_03,subject_03_relaxed_session_01
14.296,0.00195053562034394,relaxed,subject_03,subject_03_relaxed_session_01
14.3,0.004941674416751791,relaxed,subject_03,subject_03_relaxed_session_01
14.304,0.04635543460013579,relaxed,subject_03,subject_03_relaxed_session_01
14.308,0.0076067251598501695,relaxed,subject_03,subject_03_relaxed_session_01
14.312,0.005408772439087483,relaxed,subject_03,subject_03_relaxed_session_01
14.316,-0.034429509712545964,relaxed,subject_03,subject_03_relaxed_session_01
14.32,0.04517607049958929,relaxed,subject_03,subject_03_relaxed_session_01
14.324,0.01870123116870369,relaxed,subject_03,subject_03_relaxed_session_01
14.328,0.045486506821604544,relaxed,subject_03,subject_03_relaxed_session_01
14.332,0.030782594389920166,relaxed,subject_03,subject_03_relaxed_session_01
14.336,0.06456808216624255,relaxed,subject_03,subject_03_relaxed_session_01
14.34,0.06973115344678323,relaxed,subject_03,subject_03_relaxed_session_01
14.344,0.026920919325587194,relaxed,subject_03,subject_03_relaxed_session_01
14.348,0.04237943198177227,relaxed,subject_03,subject_03_relaxed_session_01
14.352,0.06832939700027393,relaxed,subject_03,subject_03_relaxed_session_01
14.356,0.09010813596101828,relaxed,subject_03,subject_03_relaxed_session_01
14.36,0.06967664676400877,relaxed,subject_03,subject_03_relaxed_session_01
14.364,0.0773375213346772,relaxed,subject_03,subject_03_relaxed_session_01
14.368,0.08582224457173969,relaxed,subject_03,subject_03_relaxed_session_01
14.372,0.06728052757908101,relaxed,subject_03,subject_03_relaxed_session_01
14.376,0.08179286631788292,relaxed,subject_03,subject_03_relaxed_session_01
14.38,0.09332154918020094,relaxed,subject_03,subject_03_relaxed_session_01
14.384,0.1232794746164871,relaxed,subject_03,subject_03_relaxed_session_01
14.388,0.1454365982641915,relaxed,subject_03,subject_03_relaxed_session_01
14.392,0.09762514625183198,relaxed,subject_03,subject_03_relaxed_session_01
14.396,0.13652513411612777,relaxed,subject_03,subject_03_relaxed_session_01
14.4,0.13267258847429153,relaxed,subject_03,subject_03_relaxed_session_01
14.404,0.12439419315885075,relaxed,subject_03,subject_03_relaxed_session_01
14.408,0.12122962998591463,relaxed,subject_03,subject_03_relaxed_session_01
14.412,0.15083118221790257,relaxed,subject_03,subject_03_relaxed_session_01
14.416,0.14019433505412768,relaxed,subject_03,subject_03_relaxed_session_01
14.42,0.16475297181486387,relaxed,subject_03,subject_03_relaxed_session_01
14.424,0.14237771985146006,relaxed,subject_03,subject_03_relaxed_session_01
14.428,0.14516693716164875,relaxed,subject_03,subject_03_relaxed_session_01
14.432,0.19323002882581083,relaxed,subject_03,subject_03_relaxed_session_01
14.436,0.17974301666718578,relaxed,subject_03,subject_03_relaxed_session_01
14.44,0.1829873898259853,relaxed,subject_03,subject_03_relaxed_session_01
14.444,0.1727059302414247,relaxed,subject_03,subject_03_relaxed_session_01
14.448,0.20081935680339272,relaxed,subject_03,subject_03_relaxed_session_01
14.452,0.18435164947234398,relaxed,subject_03,subject_03_relaxed_session_01
14.456,0.2054270197738968,relaxed,subject_03,subject_03_relaxed_session_01
14.46,0.18214475003865901,relaxed,subject_03,subject_03_relaxed_session_01
14.464,0.1707971526547,relaxed,subject_03,subject_03_relaxed_session_01
14.468,0.17781526424714783,relaxed,subject_03,subject_03_relaxed_session_01
14.472,0.20059035972891323,relaxed,subject_03,subject_03_relaxed_session_01
14.476,0.17160414942523938,relaxed,subject_03,subject_03_relaxed_session_01
14.48,0.22632426722130677,relaxed,subject_03,subject_03_relaxed_session_01
14.484,0.161077533599205,relaxed,subject_03,subject_03_relaxed_session_01
14.488,0.183000722194651,relaxed,subject_03,subject_03_relaxed_session_01
14.492,0.2070264312135154,relaxed,subject_03,subject_03_relaxed_session_01
14.496,0.1856634941856824,relaxed,subject_03,subject_03_relaxed_session_01
14.5,0.16919435336629599,relaxed,subject_03,subject_03_relaxed_session_01
14.504,0.1951393862324071,relaxed,subject_03,subject_03_relaxed_session_01
14.508,0.14904324530093555,relaxed,subject_03,subject_03_relaxed_session_01
14.512,0.15697304373451063,relaxed,subject_03,subject_03_relaxed_session_01
14.516,0.12519164546788045,relaxed,subject_03,subject_03_relaxed_session_01
14.52,0.16971716135659667,relaxed,subject_03,subject_03_relaxed_session_01
14.524,0.15748308553577364,relaxed,subject_03,subject_03_relaxed_session_01
14.528,0.15155105074728,relaxed,subject_03,subject_03_relaxed_session_01
14.532,0.1367351088859086,relaxed,subject_03,subject_03_relaxed_session_01
14.536,0.1294381705076507,relaxed,subject_03,subject_03_relaxed_session_01
14.54,0.12354106178264793,relaxed,subject_03,subject_03_relaxed_session_01
14.544,0.1209667669970533,relaxed,subject_03,subject_03_relaxed_session_01
14.548,0.11091776804479779,relaxed,subject_03,subject_03_relaxed_session_01
14.552,0.08311772659805844,relaxed,subject_03,subject_03_relaxed_session_01
14.556,0.0500410494030252,relaxed,subject_03,subject_03_relaxed_session_01
14.56,0.13047433113579493,relaxed,subject_03,subject_03_relaxed_session_01
14.564,0.06933420517539537,relaxed,subject_03,subject_03_relaxed_session_01
14.568,0.07248455190938295,relaxed,subject_03,subject_03_relaxed_session_01
14.572,0.09209200186344205,relaxed,subject_03,subject_03_relaxed_session_01
14.576,0.07053665093213601,relaxed,subject_03,subject_03_relaxed_session_01
14.58,0.029337429288501932,relaxed,subject_03,subject_03_relaxed_session_01
14.584,0.028983945124041982,relaxed,subject_03,subject_03_relaxed_session_01
14.588,0.06442053350480245,relaxed,subject_03,subject_03_relaxed_session_01
14.592,0.05350169741221749,relaxed,subject_03,subject_03_relaxed_session_01
14.596,0.026206915700548644,relaxed,subject_03,subject_03_relaxed_session_01
14.6,0.03090674519527087,relaxed,subject_03,subject_03_relaxed_session_01
14.604,0.027936769459406503,relaxed,subject_03,subject_03_relaxed_session_01
14.608,0.02778910642192407,relaxed,subject_03,subject_03_relaxed_session_01
14.612,0.027163335302676807,relaxed,subject_03,subject_03_relaxed_session_01
14.616,0.007115961453163921,relaxed,subject_03,subject_03_relaxed_session_01
14.62,0.025290771733283347,relaxed,subject_03,subject_03_relaxed_session_01
14.624,0.019762676579576817,relaxed,subject_03,subject_03_relaxed_session_01
14.628,0.022156987375196942,relaxed,subject_03,subject_03_relaxed_session_01
14.632,0.017189508714303893,relaxed,subject_03,subject_03_relaxed_session_01
14.636,0.013948587901104054,relaxed,subject_03,subject_03_relaxed_session_01
14.64,-0.012581660977863096,relaxed,subject_03,subject_03_relaxed_session_01
14.644,-0.008302814164186765,relaxed,subject_03,subject_03_relaxed_session_01
14.648,-0.024998957387856846,relaxed,subject_03,subject_03_relaxed_session_01
14.652,-0.005922507705392983,relaxed,subject_03,subject_03_relaxed_session_01
14.656,-0.02777981145352326,relaxed,subject_03,subject_03_relaxed_session_01
14.66,-0.004003777837543613,relaxed,subject_03,subject_03_relaxed_session_01
14.664,0.009083343539905793,relaxed,subject_03,subject_03_relaxed_session_01
14.668,-0.016288075565942518,relaxed,subject_03,subject_03_relaxed_session_01
14.672,-0.028343078212641478,relaxed,subject_03,subject_03_relaxed_session_01
14.676,-0.008758425695286008,relaxed,subject_03,subject_03_relaxed_session_01
14.68,0.0009911244733484502,relaxed,subject_03,subject_03_relaxed_session_01
14.684,-0.035525793311879494,relaxed,subject_03,subject_03_relaxed_session_01
14.688,-0.019084461678554713,relaxed,subject_03,subject_03_relaxed_session_01
14.692,-0.01586511798777609,relaxed,subject_03,subject_03_relaxed_session_01
14.696,-0.028363542201560493,relaxed,subject_03,subject_03_relaxed_session_01
14.7,-0.013143034237626385,relaxed,subject_03,subject_03_relaxed_session_01
14.704,-0.056688351925111125,relaxed,subject_03,subject_03_relaxed_session_01
14.708,-0.017538797739118026,relaxed,subject_03,subject_03_relaxed_session_01
14.712,0.011025281470679233,relaxed,subject_03,subject_03_relaxed_session_01
14.716,-0.014022014808128397,relaxed,subject_03,subject_03_relaxed_session_01
14.72,-0.024808753610011294,relaxed,subject_03,subject_03_relaxed_session_01
14.724,-0.05020610213119078,relaxed,subject_03,subject_03_relaxed_session_01
14.728,-0.03302167290300068,relaxed,subject_03,subject_03_relaxed_session_01
14.732,-0.020230049369545384,relaxed,subject_03,subject_03_relaxed_session_01
14.736,-0.024765288997388866,relaxed,subject_03,subject_03_relaxed_session_01
14.74,-0.05151563631569262,relaxed,subject_03,subject_03_relaxed_session_01
14.744,-0.022028057791364363,relaxed,subject_03,subject_03_relaxed_session_01
14.748,-0.044325940923747496,relaxed,subject_03,subject_03_relaxed_session_01
14.752,-0.03881411606132511,relaxed,subject_03,subject_03_relaxed_session_01
14.756,-0.009517068527590971,relaxed,subject_03,subject_03_relaxed_session_01
14.76,-0.03234460177779948,relaxed,subject_03,subject_03_relaxed_session_01
14.764,-0.040600194960290555,relaxed,subject_03,subject_03_relaxed_session_01
14.768,-0.04745961130229733,relaxed,subject_03,subject_03_relaxed_session_01
14.772,-0.04214661936997195,relaxed,subject_03,subject_03_relaxed_session_01
14.776,-0.03869152407317446,relaxed,subject_03,subject_03_relaxed_session_01
14.78,-0.010782702282379559,relaxed,subject_03,subject_03_relaxed_session_01
14.784,-0.028603532814536134,relaxed,subject_03,subject_03_relaxed_session_01
14.788,-0.003874522764398841,relaxed,subject_03,subject_03_relaxed_session_01
14.792,-0.05128868531146417,relaxed,subject_03,subject_03_relaxed_session_01
14.796,-0.002032988211568637,relaxed,subject_03,subject_03_relaxed_session_01
14.8,-0.030726472552028507,relaxed,subject_03,subject_03_relaxed_session_01
14.804,-0.032081939866544465,relaxed,subject_03,subject_03_relaxed_session_01
14.808,-0.03207092583713291,relaxed,subject_03,subject_03_relaxed_session_01
14.812,0.0181931401448764,relaxed,subject_03,subject_03_relaxed_session_01
14.816,-0.036113946358424895,relaxed,subject_03,subject_03_relaxed_session_01
14.82,0.015371799624877558,relaxed,subject_03,subject_03_relaxed_session_01
14.824,-0.00810362132603095,relaxed,subject_03,subject_03_relaxed_session_01
14.828,-0.04664651366367717,relaxed,subject_03,subject_03_relaxed_session_01
14.832,-0.042762647522891814,relaxed,subject_03,subject_03_relaxed_session_01
14.836,-0.018467709816339724,relaxed,subject_03,subject_03_relaxed_session_01
14.84,-0.0187759372858071,relaxed,subject_03,subject_03_relaxed_session_01
14.844,-0.027101472062687842,relaxed,subject_03,subject_03_relaxed_session_01
14.848,-0.027836938501115602,relaxed,subject_03,subject_03_relaxed_session_01
14.852,0.01615502714628999,relaxed,subject_03,subject_03_relaxed_session_01
14.856,-0.009104234132189642,relaxed,subject_03,subject_03_relaxed_session_01
14.86,0.00020443902477959922,relaxed,subject_03,subject_03_relaxed_session_01
14.864,-0.0035212902017136196,relaxed,subject_03,subject_03_relaxed_session_01
14.868,-0.0013154449556525274,relaxed,subject_03,subject_03_relaxed_session_01
14.872,0.04493847715553614,relaxed,subject_03,subject_03_relaxed_session_01
14.876,0.017669133844613487,relaxed,subject_03,subject_03_relaxed_session_01
14.88,0.06347094367782204,relaxed,subject_03,subject_03_relaxed_session_01
14.884,0.03135083776220068,relaxed,subject_03,subject_03_relaxed_session_01
14.888,0.007865239076119305,relaxed,subject_03,subject_03_relaxed_session_01
14.892,0.051062234727235215,relaxed,subject_03,subject_03_relaxed_session_01
14.896,0.02999975124915052,relaxed,subject_03,subject_03_relaxed_session_01
14.9,0.06737323665227485,relaxed,subject_03,subject_03_relaxed_session_01
14.904,0.02860385699696825,relaxed,subject_03,subject_03_relaxed_session_01
14.908,0.015482388942725307,relaxed,subject_03,subject_03_relaxed_session_01
14.912,0.053993424497832884,relaxed,subject_03,subject_03_relaxed_session_01
14.916,0.08569577126843139,relaxed,subject_03,subject_03_relaxed_session_01
14.92,0.04763875394020507,relaxed,subject_03,subject_03_relaxed_session_01
14.924,0.07520133751873749,relaxed,subject_03,subject_03_relaxed_session_01
14.928,0.052843259356094296,relaxed,subject_03,subject_03_relaxed_session_01
14.932,0.08722774227181615,relaxed,subject_03,subject_03_relaxed_session_01
14.936,0.06232076392390787,relaxed,subject_03,subject_03_relaxed_session_01
14.94,0.0754885452995653,relaxed,subject_03,subject_03_relaxed_session_01
14.944,0.06317517064071064,relaxed,subject_03,subject_03_relaxed_session_01
14.948,0.05376473419172945,relaxed,subject_03,subject_03_relaxed_session_01
14.952,0.028496582570516044,relaxed,subject_03,subject_03_relaxed_session_01
14.956,0.03841621882778599,relaxed,subject_03,subject_03_relaxed_session_01
14.96,0.055653088341477155,relaxed,subject_03,subject_03_relaxed_session_01
14.964,0.06641926883282463,relaxed,subject_03,subject_03_relaxed_session_01
14.968,0.09024387558696377,relaxed,subject_03,subject_03_relaxed_session_01
14.972,0.038075320630950156,relaxed,subject_03,subject_03_relaxed_session_01
14.976,0.030722412922542946,relaxed,subject_03,subject_03_relaxed_session_01
14.98,0.011730908966022371,relaxed,subject_03,subject_03_relaxed_session_01
14.984,0.049985422602952245,relaxed,subject_03,subject_03_relaxed_session_01
14.988,0.038912151375392466,relaxed,subject_03,subject_03_relaxed_session_01
14.992,0.031089804201096166,relaxed,subject_03,subject_03_relaxed_session_01
14.996,0.023816787649544098,relaxed,subject_03,subject_03_relaxed_session_01
15.0,0.004432203989054552,relaxed,subject_03,subject_03_relaxed_session_01
15.004,0.034284577316440086,relaxed,subject_03,subject_03_relaxed_session_01
15.008,-0.012910769029215364,relaxed,subject_03,subject_03_relaxed_session_01
15.012,-0.01102628747774218,relaxed,subject_03,subject_03_relaxed_session_01
15.016,-0.025707874426782008,relaxed,subject_03,subject_03_relaxed_session_01
15.02,-0.011439507072642094,relaxed,subject_03,subject_03_relaxed_session_01
15.024,-0.027497178676830818,relaxed,subject_03,subject_03_relaxed_session_01
15.028,-0.02735821502509107,relaxed,subject_03,subject_03_relaxed_session_01
15.032,-0.041215531174934664,relaxed,subject_03,subject_03_relaxed_session_01
15.036,-0.03851945095442223,relaxed,subject_03,subject_03_relaxed_session_01
15.04,-0.05336094275983463,relaxed,subject_03,subject_03_relaxed_session_01
15.044,-0.015596749936920923,relaxed,subject_03,subject_03_relaxed_session_01
15.048,-0.04132846452505398,relaxed,subject_03,subject_03_relaxed_session_01
15.052,0.007032066538987376,relaxed,subject_03,subject_03_relaxed_session_01
15.056,-0.007171866132408777,relaxed,subject_03,subject_03_relaxed_session_01
15.06,-0.02548553140048185,relaxed,subject_03,subject_03_relaxed_session_01
15.064,-0.016156833095323363,relaxed,subject_03,subject_03_relaxed_session_01
15.068,-0.011111002825412795,relaxed,subject_03,subject_03_relaxed_session_01
15.072,-0.03920045659249115,relaxed,subject_03,subject_03_relaxed_session_01
15.076,-0.03511830889674678,relaxed,subject_03,subject_03_relaxed_session_01
15.08,-0.012503977938741504,relaxed,subject_03,subject_03_relaxed_session_01
15.084,-0.01584020758880011,relaxed,subject_03,subject_03_relaxed_session_01
15.088,-0.059846326175139145,relaxed,subject_03,subject_03_relaxed_session_01
15.092,-0.0030782651485406834,relaxed,subject_03,subject_03_relaxed_session_01
15.096,-0.0748987441988443,relaxed,subject_03,subject_03_relaxed_session_01
15.1,-0.08005354294078759,relaxed,subject_03,subject_03_relaxed_session_01
15.104,0.033134455719487726,relaxed,subject_03,subject_03_relaxed_session_01
15.108,0.07123632217712297,relaxed,subject_03,subject_03_relaxed_session_01
15.112,0.14488968102569236,relaxed,subject_03,subject_03_relaxed_session_01
15.116,0.2652244263886554,relaxed,subject_03,subject_03_relaxed_session_01
15.12,0.3589474267834688,relaxed,subject_03,subject_03_relaxed_session_01
15.124,0.4660585508604865,relaxed,subject_03,subject_03_relaxed_session_01
15.128,0.612269314797372,relaxed,subject_03,subject_03_relaxed_session_01
15.132,0.7070041503137073,relaxed,subject_03,subject_03_relaxed_session_01
15.136,0.7684858677348783,relaxed,subject_03,subject_03_relaxed_session_01
15.14,0.802505795587861,relaxed,subject_03,subject_03_relaxed_session_01
15.144,0.7840098786465393,relaxed,subject_03,subject_03_relaxed_session_01
15.148,0.7238447169878517,relaxed,subject_03,subject_03_relaxed_session_01
15.152,0.6414076476032061,relaxed,subject_03,subject_03_relaxed_session_01
15.156,0.5194974942418037,relaxed,subject_03,subject_03_relaxed_session_01
15.16,0.37660717333042104,relaxed,subject_03,subject_03_relaxed_session_01
15.164,0.18406842752104804,relaxed,subject_03,subject_03_relaxed_session_01
15.168,0.0936455566624404,relaxed,subject_03,subject_03_relaxed_session_01
15.172,-0.0025614230000912085,relaxed,subject_03,subject_03_relaxed_session_01
15.176,-0.025615012417652645,relaxed,subject_03,subject_03_relaxed_session_01
15.18,-0.1042066807442953,relaxed,subject_03,subject_03_relaxed_session_01
15.184,-0.137938605644348,relaxed,subject_03,subject_03_relaxed_session_01
15.188,-0.08124090317620333,relaxed,subject_03,subject_03_relaxed_session_01
15.192,-0.0783626825507085,relaxed,subject_03,subject_03_relaxed_session_01
15.196,-0.011886349091513662,relaxed,subject_03,subject_03_relaxed_session_01
15.2,-0.07304918526825376,relaxed,subject_03,subject_03_relaxed_session_01
15.204,-0.036400279741016596,relaxed,subject_03,subject_03_relaxed_session_01
15.208,-0.04306978364679656,relaxed,subject_03,subject_03_relaxed_session_01
15.212,-0.03631014778493205,relaxed,subject_03,subject_03_relaxed_session_01
15.216,-0.02735132161226208,relaxed,subject_03,subject_03_relaxed_session_01
15.22,-0.029287168860259456,relaxed,subject_03,subject_03_relaxed_session_01
15.224,-0.0005346966627807785,relaxed,subject_03,subject_03_relaxed_session_01
15.228,-6.128629675278795e-05,relaxed,subject_03,subject_03_relaxed_session_01
15.232,0.0010443759065042137,relaxed,subject_03,subject_03_relaxed_session_01
15.236,0.030198031101989865,relaxed,subject_03,subject_03_relaxed_session_01
15.24,0.019357098469124673,relaxed,subject_03,subject_03_relaxed_session_01
15.244,0.028490377197161604,relaxed,subject_03,subject_03_relaxed_session_01
15.248,0.018828807766942852,relaxed,subject_03,subject_03_relaxed_session_01
15.252,0.02583952672860582,relaxed,subject_03,subject_03_relaxed_session_01
15.256,0.04250325204515888,relaxed,subject_03,subject_03_relaxed_session_01
15.26,0.005616004148913348,relaxed,subject_03,subject_03_relaxed_session_01
15.264,0.02016257342381998,relaxed,subject_03,subject_03_relaxed_session_01
15.268,0.039702124682083624,relaxed,subject_03,subject_03_relaxed_session_01
15.272,0.044285895557027694,relaxed,subject_03,subject_03_relaxed_session_01
15.276,0.02046073627710303,relaxed,subject_03,subject_03_relaxed_session_01
15.28,0.06975688978470033,relaxed,subject_03,subject_03_relaxed_session_01
15.284,0.08912349344191116,relaxed,subject_03,subject_03_relaxed_session_01
15.288,0.09359626493097471,relaxed,subject_03,subject_03_relaxed_session_01
15.292,0.05859829395281477,relaxed,subject_03,subject_03_relaxed_session_01
15.296,0.09573268294740528,relaxed,subject_03,subject_03_relaxed_session_01
15.3,0.07704752494700555,relaxed,subject_03,subject_03_relaxed_session_01
15.304,0.09297781052585138,relaxed,subject_03,subject_03_relaxed_session_01
15.308,0.12011801530651839,relaxed,subject_03,subject_03_relaxed_session_01
15.312,0.13142060673053035,relaxed,subject_03,subject_03_relaxed_session_01
15.316,0.10228852047301637,relaxed,subject_03,subject_03_relaxed_session_01
15.32,0.10721984844679525,relaxed,subject_03,subject_03_relaxed_session_01
15.324,0.15397094708499054,relaxed,subject_03,subject_03_relaxed_session_01
15.328,0.1282709803238953,relaxed,subject_03,subject_03_relaxed_session_01
15.332,0.07641029090713436,relaxed,subject_03,subject_03_relaxed_session_01
15.336,0.15117121175343887,relaxed,subject_03,subject_03_relaxed_session_01
15.34,0.13206921309478623,relaxed,subject_03,subject_03_relaxed_session_01
15.344,0.1478759083937097,relaxed,subject_03,subject_03_relaxed_session_01
15.348,0.1705946820938122,relaxed,subject_03,subject_03_relaxed_session_01
15.352,0.12659386239259263,relaxed,subject_03,subject_03_relaxed_session_01
15.356,0.18333779916183618,relaxed,subject_03,subject_03_relaxed_session_01
15.36,0.14183890355903556,relaxed,subject_03,subject_03_relaxed_session_01
15.364,0.1609537730425346,relaxed,subject_03,subject_03_relaxed_session_01
15.368,0.1853953587438898,relaxed,subject_03,subject_03_relaxed_session_01
15.372,0.15717766838878908,relaxed,subject_03,subject_03_relaxed_session_01
15.376,0.15951361038480139,relaxed,subject_03,subject_03_relaxed_session_01
15.38,0.1925156671753742,relaxed,subject_03,subject_03_relaxed_session_01
15.384,0.19764955437458068,relaxed,subject_03,subject_03_relaxed_session_01
15.388,0.18423196998218083,relaxed,subject_03,subject_03_relaxed_session_01
15.392,0.20037013227890704,relaxed,subject_03,subject_03_relaxed_session_01
15.396,0.26820991592284055,relaxed,subject_03,subject_03_relaxed_session_01
15.4,0.15698369651477787,relaxed,subject_03,subject_03_relaxed_session_01
15.404,0.1406110706153002,relaxed,subject_03,subject_03_relaxed_session_01
15.408,0.2059766121885473,relaxed,subject_03,subject_03_relaxed_session_01
15.412,0.15747449547012415,relaxed,subject_03,subject_03_relaxed_session_01
15.416,0.18565906132849685,relaxed,subject_03,subject_03_relaxed_session_01
15.42,0.18709988392269283,relaxed,subject_03,subject_03_relaxed_session_01
15.424,0.17052395163284514,relaxed,subject_03,subject_03_relaxed_session_01
15.428,0.17263331947219962,relaxed,subject_03,subject_03_relaxed_session_01
15.432,0.1967502284761405,relaxed,subject_03,subject_03_relaxed_session_01
15.436,0.14546845957035007,relaxed,subject_03,subject_03_relaxed_session_01
15.44,0.17809018491010975,relaxed,subject_03,subject_03_relaxed_session_01
15.444,0.12092695215052193,relaxed,subject_03,subject_03_relaxed_session_01
15.448,0.14848089758914262,relaxed,subject_03,subject_03_relaxed_session_01
15.452,0.14533535718608406,relaxed,subject_03,subject_03_relaxed_session_01
15.456,0.1280484696679668,relaxed,subject_03,subject_03_relaxed_session_01
15.46,0.14282853460321987,relaxed,subject_03,subject_03_relaxed_session_01
15.464,0.11804990234476435,relaxed,subject_03,subject_03_relaxed_session_01
15.468,0.11753933856155166,relaxed,subject_03,subject_03_relaxed_session_01
15.472,0.09045431239658369,relaxed,subject_03,subject_03_relaxed_session_01
15.476,0.07830464401445955,relaxed,subject_03,subject_03_relaxed_session_01
15.48,0.07154306397067106,relaxed,subject_03,subject_03_relaxed_session_01
15.484,0.0735564263775402,relaxed,subject_03,subject_03_relaxed_session_01
15.488,0.054100204395189005,relaxed,subject_03,subject_03_relaxed_session_01
15.492,0.11110818908817952,relaxed,subject_03,subject_03_relaxed_session_01
15.496,0.06176800399337217,relaxed,subject_03,subject_03_relaxed_session_01
15.5,0.06208589697349107,relaxed,subject_03,subject_03_relaxed_session_01
15.504,0.03383406911934647,relaxed,subject_03,subject_03_relaxed_session_01
15.508,0.09239461749847597,relaxed,subject_03,subject_03_relaxed_session_01
15.512,0.04133845017680764,relaxed,subject_03,subject_03_relaxed_session_01
15.516,0.029797353323831585,relaxed,subject_03,subject_03_relaxed_session_01
15.52,0.027013055509900248,relaxed,subject_03,subject_03_relaxed_session_01
15.524,0.028340832636234208,relaxed,subject_03,subject_03_relaxed_session_01
15.528,0.022327071999205948,relaxed,subject_03,subject_03_relaxed_session_01
15.532,-0.002435531948059226,relaxed,subject_03,subject_03_relaxed_session_01
15.536,0.038005084328856666,relaxed,subject_03,subject_03_relaxed_session_01
15.54,-0.004923455919846394,relaxed,subject_03,subject_03_relaxed_session_01
15.544,0.030327289745124705,relaxed,subject_03,subject_03_relaxed_session_01
15.548,-0.015457547577611207,relaxed,subject_03,subject_03_relaxed_session_01
15.552,0.011847316082686353,relaxed,subject_03,subject_03_relaxed_session_01
15.556,-0.014658309825164553,relaxed,subject_03,subject_03_relaxed_session_01
15.56,-0.011074463672975182,relaxed,subject_03,subject_03_relaxed_session_01
15.564,0.01095214081585116,relaxed,subject_03,subject_03_relaxed_session_01
15.568,0.022988725093263506,relaxed,subject_03,subject_03_relaxed_session_01
15.572,0.03403729726519753,relaxed,subject_03,subject_03_relaxed_session_01
15.576,0.0034344835101365314,relaxed,subject_03,subject_03_relaxed_session_01
15.58,-0.005591007981060407,relaxed,subject_03,subject_03_relaxed_session_01
15.584,-0.026053731180446155,relaxed,subject_03,subject_03_relaxed_session_01
15.588,-0.04374087926968499,relaxed,subject_03,subject_03_relaxed_session_01
15.592,0.0034166996991191814,relaxed,subject_03,subject_03_relaxed_session_01
15.596,-0.014974313891736542,relaxed,subject_03,subject_03_relaxed_session_01
15.6,-0.010530954262223679,relaxed,subject_03,subject_03_relaxed_session_01
15.604,-0.019379428132542315,relaxed,subject_03,subject_03_relaxed_session_01
15.608,-0.0263838519017961,relaxed,subject_03,subject_03_relaxed_session_01
15.612,0.000982205461076236,relaxed,subject_03,subject_03_relaxed_session_01
15.616,0.02110053108729846,relaxed,subject_03,subject_03_relaxed_session_01
15.62,-0.037371986844246606,relaxed,subject_03,subject_03_relaxed_session_01
15.624,-0.051168562238200724,relaxed,subject_03,subject_03_relaxed_session_01
15.628,-0.018643462856177566,relaxed,subject_03,subject_03_relaxed_session_01
15.632,-0.028503731363528816,relaxed,subject_03,subject_03_relaxed_session_01
15.636,0.0093668266747971,relaxed,subject_03,subject_03_relaxed_session_01
15.64,-0.004302288480964712,relaxed,subject_03,subject_03_relaxed_session_01
15.644,0.023408397595432298,relaxed,subject_03,subject_03_relaxed_session_01
15.648,0.0070047955440500406,relaxed,subject_03,subject_03_relaxed_session_01
15.652,-0.012474088832061933,relaxed,subject_03,subject_03_relaxed_session_01
15.656,-0.011611562699322377,relaxed,subject_03,subject_03_relaxed_session_01
15.66,-0.006707322021401152,relaxed,subject_03,subject_03_relaxed_session_01
15.664,-0.03268561611212202,relaxed,subject_03,subject_03_relaxed_session_01
15.668,-0.005710551205777861,relaxed,subject_03,subject_03_relaxed_session_01
15.672,0.013081770358011412,relaxed,subject_03,subject_03_relaxed_session_01
15.676,-0.026867413141881437,relaxed,subject_03,subject_03_relaxed_session_01
15.68,-0.018954627615869534,relaxed,subject_03,subject_03_relaxed_session_01
15.684,-0.0008570443065230079,relaxed,subject_03,subject_03_relaxed_session_01
15.688,0.016125880395745397,relaxed,subject_03,subject_03_relaxed_session_01
15.692,-0.028543459354163123,relaxed,subject_03,subject_03_relaxed_session_01
15.696,-0.008639375721977927,relaxed,subject_03,subject_03_relaxed_session_01
15.7,-0.013971479901594943,relaxed,subject_03,subject_03_relaxed_session_01
15.704,-0.018622295928883363,relaxed,subject_03,subject_03_relaxed_session_01
15.708,-0.05009380735845245,relaxed,subject_03,subject_03_relaxed_session_01
15.712,-0.027542080329755206,relaxed,subject_03,subject_03_relaxed_session_01
15.716,-0.036919671940728045,relaxed,subject_03,subject_03_relaxed_session_01
15.72,-0.014726675918683351,relaxed,subject_03,subject_03_relaxed_session_01
15.724,-0.02071558378060783,relaxed,subject_03,subject_03_relaxed_session_01
15.728,-0.03499386945555842,relaxed,subject_03,subject_03_relaxed_session_01
15.732,-0.016015031965059903,relaxed,subject_03,subject_03_relaxed_session_01
15.736,0.027237359135922918,relaxed,subject_03,subject_03_relaxed_session_01
15.74,-0.02261252605904294,relaxed,subject_03,subject_03_relaxed_session_01
15.744,-0.016257321188542728,relaxed,subject_03,subject_03_relaxed_session_01
15.748,-0.012024454747872584,relaxed,subject_03,subject_03_relaxed_session_01
15.752,-0.020893361440230438,relaxed,subject_03,subject_03_relaxed_session_01
15.756,-0.03650361600873274,relaxed,subject_03,subject_03_relaxed_session_01
15.76,0.032835528074616614,relaxed,subject_03,subject_03_relaxed_session_01
15.764,-0.03811616083176437,relaxed,subject_03,subject_03_relaxed_session_01
15.768,-0.03365294913208606,relaxed,subject_03,subject_03_relaxed_session_01
15.772,0.01803906208078517,relaxed,subject_03,subject_03_relaxed_session_01
15.776,-0.035172995355371224,relaxed,subject_03,subject_03_relaxed_session_01
15.78,0.02432174392358733,relaxed,subject_03,subject_03_relaxed_session_01
15.784,0.02956261684093307,relaxed,subject_03,subject_03_relaxed_session_01
15.788,9.781281414321039e-05,relaxed,subject_03,subject_03_relaxed_session_01
15.792,0.021097503266316882,relaxed,subject_03,subject_03_relaxed_session_01
15.796,0.023728350793175746,relaxed,subject_03,subject_03_relaxed_session_01
15.8,0.013415127290355187,relaxed,subject_03,subject_03_relaxed_session_01
15.804,0.02226852088461776,relaxed,subject_03,subject_03_relaxed_session_01
15.808,0.03671451740103255,relaxed,subject_03,subject_03_relaxed_session_01
15.812,0.03596124453213334,relaxed,subject_03,subject_03_relaxed_session_01
15.816,0.062360771823729455,relaxed,subject_03,subject_03_relaxed_session_01
15.82,0.053406221956378,relaxed,subject_03,subject_03_relaxed_session_01
15.824,0.07093724894552864,relaxed,subject_03,subject_03_relaxed_session_01
15.828,0.05949277886096915,relaxed,subject_03,subject_03_relaxed_session_01
15.832,0.08513246346880961,relaxed,subject_03,subject_03_relaxed_session_01
15.836,0.09473638502544035,relaxed,subject_03,subject_03_relaxed_session_01
15.84,0.041744669954403964,relaxed,subject_03,subject_03_relaxed_session_01
15.844,0.09265279012509867,relaxed,subject_03,subject_03_relaxed_session_01
15.848,0.07433346590244624,relaxed,subject_03,subject_03_relaxed_session_01
15.852,0.08190661551651529,relaxed,subject_03,subject_03_relaxed_session_01
15.856,0.09866695797848582,relaxed,subject_03,subject_03_relaxed_session_01
15.86,0.0958126879934545,relaxed,subject_03,subject_03_relaxed_session_01
15.864,0.08886181308592864,relaxed,subject_03,subject_03_relaxed_session_01
15.868,0.10614411264765906,relaxed,subject_03,subject_03_relaxed_session_01
15.872,0.09512192932524219,relaxed,subject_03,subject_03_relaxed_session_01
15.876,0.07425712280847722,relaxed,subject_03,subject_03_relaxed_session_01
15.88,0.10860768107854021,relaxed,subject_03,subject_03_relaxed_session_01
15.884,0.10452363196631775,relaxed,subject_03,subject_03_relaxed_session_01
15.888,0.07956827102205238,relaxed,subject_03,subject_03_relaxed_session_01
15.892,0.0637593437587287,relaxed,subject_03,subject_03_relaxed_session_01
15.896,0.05477536178679962,relaxed,subject_03,subject_03_relaxed_session_01
15.9,0.09868433404140126,relaxed,subject_03,subject_03_relaxed_session_01
15.904,0.05640665861174918,relaxed,subject_03,subject_03_relaxed_session_01
15.908,0.05780504384738776,relaxed,subject_03,subject_03_relaxed_session_01
15.912,0.058161115492215365,relaxed,subject_03,subject_03_relaxed_session_01
15.916,-0.01060775270186319,relaxed,subject_03,subject_03_relaxed_session_01
15.92,0.0214158286140163,relaxed,subject_03,subject_03_relaxed_session_01
15.924,0.07908653504475369,relaxed,subject_03,subject_03_relaxed_session_01
15.928,-0.025286191185049475,relaxed,subject_03,subject_03_relaxed_session_01
15.932,-0.003371033208674188,relaxed,subject_03,subject_03_relaxed_session_01
15.936,0.01380650416643238,relaxed,subject_03,subject_03_relaxed_session_01
15.94,-0.0004576082179323371,relaxed,subject_03,subject_03_relaxed_session_01
15.944,0.0013082405497601424,relaxed,subject_03,subject_03_relaxed_session_01
15.948,-0.009487442611518723,relaxed,subject_03,subject_03_relaxed_session_01
15.952,0.007802380969048192,relaxed,subject_03,subject_03_relaxed_session_01
15.956,0.016330679607406372,relaxed,subject_03,subject_03_relaxed_session_01
15.96,0.01544623651441675,relaxed,subject_03,subject_03_relaxed_session_01
15.964,-0.010480926293669979,relaxed,subject_03,subject_03_relaxed_session_01
15.968,0.024181905502815224,relaxed,subject_03,subject_03_relaxed_session_01
15.972,0.006589381914109052,relaxed,subject_03,subject_03_relaxed_session_01
15.976,0.024347408666368815,relaxed,subject_03,subject_03_relaxed_session_01
15.98,0.008050169643532851,relaxed,subject_03,subject_03_relaxed_session_01
15.984,-0.003473938386830476,relaxed,subject_03,subject_03_relaxed_session_01
15.988,-0.0034987139992201863,relaxed,subject_03,subject_03_relaxed_session_01
15.992,0.007566364471852724,relaxed,subject_03,subject_03_relaxed_session_01
15.996,0.024480474447164963,relaxed,subject_03,subject_03_relaxed_session_01
16.0,-0.0006503259587979501,relaxed,subject_03,subject_03_relaxed_session_01
16.004,-0.0029159363914260184,relaxed,subject_03,subject_03_relaxed_session_01
16.008,-0.001146390501822369,relaxed,subject_03,subject_03_relaxed_session_01
16.012,-0.05311686023437316,relaxed,subject_03,subject_03_relaxed_session_01
16.016,-0.04740271468666743,relaxed,subject_03,subject_03_relaxed_session_01
16.02,-0.005559278840017306,relaxed,subject_03,subject_03_relaxed_session_01
16.024,-0.002877435947036256,relaxed,subject_03,subject_03_relaxed_session_01
16.028,0.06066210555957052,relaxed,subject_03,subject_03_relaxed_session_01
16.032,0.14190902050871382,relaxed,subject_03,subject_03_relaxed_session_01
16.036,0.2915471785769387,relaxed,subject_03,subject_03_relaxed_session_01
16.04,0.35942807519292896,relaxed,subject_03,subject_03_relaxed_session_01
16.044,0.44890178917233076,relaxed,subject_03,subject_03_relaxed_session_01
16.048,0.6198194891951195,relaxed,subject_03,subject_03_relaxed_session_01
16.052,0.7439876001406613,relaxed,subject_03,subject_03_relaxed_session_01
16.056,0.8133044957971113,relaxed,subject_03,subject_03_relaxed_session_01
16.06,0.852318284562176,relaxed,subject_03,subject_03_relaxed_session_01
16.064,0.8243191843429122,relaxed,subject_03,subject_03_relaxed_session_01
16.068,0.7819041801710332,relaxed,subject_03,subject_03_relaxed_session_01
16.072,0.6848810880840343,relaxed,subject_03,subject_03_relaxed_session_01
16.076,0.568822324993537,relaxed,subject_03,subject_03_relaxed_session_01
16.08,0.44415927210576156,relaxed,subject_03,subject_03_relaxed_session_01
16.084,0.32898399729612243,relaxed,subject_03,subject_03_relaxed_session_01
16.088,0.24142182549906316,relaxed,subject_03,subject_03_relaxed_session_01
16.092,0.08173446512016522,relaxed,subject_03,subject_03_relaxed_session_01
16.096,0.012963117471788629,relaxed,subject_03,subject_03_relaxed_session_01
16.1,-0.09281998293756363,relaxed,subject_03,subject_03_relaxed_session_01
16.104,-0.07333819086044917,relaxed,subject_03,subject_03_relaxed_session_01
16.108,-0.033653324895873,relaxed,subject_03,subject_03_relaxed_session_01
16.112,-0.04981471997750459,relaxed,subject_03,subject_03_relaxed_session_01
16.116,-0.03606437395392956,relaxed,subject_03,subject_03_relaxed_session_01
16.12,0.041671346453111234,relaxed,subject_03,subject_03_relaxed_session_01
16.124,0.02214920828542736,relaxed,subject_03,subject_03_relaxed_session_01
16.128,0.024766676761757714,relaxed,subject_03,subject_03_relaxed_session_01
16.132,0.015767313571759936,relaxed,subject_03,subject_03_relaxed_session_01
16.136,0.027855366512254214,relaxed,subject_03,subject_03_relaxed_session_01
16.14,0.06915664677043912,relaxed,subject_03,subject_03_relaxed_session_01
16.144,0.07434475959399194,relaxed,subject_03,subject_03_relaxed_session_01
16.148,0.022014717419410558,relaxed,subject_03,subject_03_relaxed_session_01
16.152,0.0033631690404757747,relaxed,subject_03,subject_03_relaxed_session_01
16.156,0.04004341833103485,relaxed,subject_03,subject_03_relaxed_session_01
16.16,0.05773683755665824,relaxed,subject_03,subject_03_relaxed_session_01
16.164,0.08221340410956121,relaxed,subject_03,subject_03_relaxed_session_01
16.168,0.04784325714724053,relaxed,subject_03,subject_03_relaxed_session_01
16.172,0.04705881042215039,relaxed,subject_03,subject_03_relaxed_session_01
16.176,0.08059802186518619,relaxed,subject_03,subject_03_relaxed_session_01
16.18,0.04446001334994591,relaxed,subject_03,subject_03_relaxed_session_01
16.184,0.06296551294205877,relaxed,subject_03,subject_03_relaxed_session_01
16.188,0.07284983736917011,relaxed,subject_03,subject_03_relaxed_session_01
16.192,0.07655550431880975,relaxed,subject_03,subject_03_relaxed_session_01
16.196,0.10903670102106444,relaxed,subject_03,subject_03_relaxed_session_01
16.2,0.09983035639932447,relaxed,subject_03,subject_03_relaxed_session_01
16.204,0.08417122436228269,relaxed,subject_03,subject_03_relaxed_session_01
16.208,0.09630542235007776,relaxed,subject_03,subject_03_relaxed_session_01
16.212,0.163156193632089,relaxed,subject_03,subject_03_relaxed_session_01
16.216,0.08465296195423347,relaxed,subject_03,subject_03_relaxed_session_01
16.22,0.08239406906436779,relaxed,subject_03,subject_03_relaxed_session_01
16.224,0.10166435886470374,relaxed,subject_03,subject_03_relaxed_session_01
16.228,0.13915670546434586,relaxed,subject_03,subject_03_relaxed_session_01
16.232,0.16242948694516723,relaxed,subject_03,subject_03_relaxed_session_01
16.236,0.14400396753940503,relaxed,subject_03,subject_03_relaxed_session_01
16.24,0.14160617677273504,relaxed,subject_03,subject_03_relaxed_session_01
16.244,0.14470706277361298,relaxed,subject_03,subject_03_relaxed_session_01
16.248,0.13114583725548284,relaxed,subject_03,subject_03_relaxed_session_01
16.252,0.20406181355223468,relaxed,subject_03,subject_03_relaxed_session_01
16.256,0.17411556493953362,relaxed,subject_03,subject_03_relaxed_session_01
16.26,0.1884951959868511,relaxed,subject_03,subject_03_relaxed_session_01
16.264,0.20673142417871113,relaxed,subject_03,subject_03_relaxed_session_01
16.268,0.22275410769436765,relaxed,subject_03,subject_03_relaxed_session_01
16.272,0.19552493238098545,relaxed,subject_03,subject_03_relaxed_session_01
16.276,0.1864713923601174,relaxed,subject_03,subject_03_relaxed_session_01
16.28,0.2085707966299375,relaxed,subject_03,subject_03_relaxed_session_01
16.284,0.21024488942259187,relaxed,subject_03,subject_03_relaxed_session_01
16.288,0.20515927571623405,relaxed,subject_03,subject_03_relaxed_session_01
16.292,0.1940437346829845,relaxed,subject_03,subject_03_relaxed_session_01
16.296,0.2295610874618465,relaxed,subject_03,subject_03_relaxed_session_01
16.3,0.2502753803210693,relaxed,subject_03,subject_03_relaxed_session_01
16.304,0.2602805962002954,relaxed,subject_03,subject_03_relaxed_session_01
16.308,0.21106992736049232,relaxed,subject_03,subject_03_relaxed_session_01
16.312,0.26179468078539,relaxed,subject_03,subject_03_relaxed_session_01
16.316,0.20450048819383623,relaxed,subject_03,subject_03_relaxed_session_01
16.32,0.22885894523545539,relaxed,subject_03,subject_03_relaxed_session_01
16.324,0.2456242863382483,relaxed,subject_03,subject_03_relaxed_session_01
16.328,0.23408868679240916,relaxed,subject_03,subject_03_relaxed_session_01
16.332,0.2491027326813234,relaxed,subject_03,subject_03_relaxed_session_01
16.336,0.19771001075099387,relaxed,subject_03,subject_03_relaxed_session_01
16.34,0.21143409467474605,relaxed,subject_03,subject_03_relaxed_session_01
16.344,0.20746636496600834,relaxed,subject_03,subject_03_relaxed_session_01
16.348,0.23034190949054806,relaxed,subject_03,subject_03_relaxed_session_01
16.352,0.19857664102081346,relaxed,subject_03,subject_03_relaxed_session_01
16.356,0.20317566283039296,relaxed,subject_03,subject_03_relaxed_session_01
16.36,0.188312306102955,relaxed,subject_03,subject_03_relaxed_session_01
16.364,0.19541055872436422,relaxed,subject_03,subject_03_relaxed_session_01
16.368,0.16759280675778085,relaxed,subject_03,subject_03_relaxed_session_01
16.372,0.15445954331412226,relaxed,subject_03,subject_03_relaxed_session_01
16.376,0.1609334440180751,relaxed,subject_03,subject_03_relaxed_session_01
16.38,0.14646136964382808,relaxed,subject_03,subject_03_relaxed_session_01
16.384,0.15458512651333334,relaxed,subject_03,subject_03_relaxed_session_01
16.388,0.16802420890957007,relaxed,subject_03,subject_03_relaxed_session_01
16.392,0.11935328857187508,relaxed,subject_03,subject_03_relaxed_session_01
16.396,0.13154146118234752,relaxed,subject_03,subject_03_relaxed_session_01
16.4,0.17697173377738606,relaxed,subject_03,subject_03_relaxed_session_01
16.404,0.09147502237092886,relaxed,subject_03,subject_03_relaxed_session_01
16.408,0.0989267867884041,relaxed,subject_03,subject_03_relaxed_session_01
16.412,0.12131687496445243,relaxed,subject_03,subject_03_relaxed_session_01
16.416,0.07733866565630357,relaxed,subject_03,subject_03_relaxed_session_01
16.42,0.10109691828940513,relaxed,subject_03,subject_03_relaxed_session_01
16.424,0.13165460883925242,relaxed,subject_03,subject_03_relaxed_session_01
16.428,0.08034294384208396,relaxed,subject_03,subject_03_relaxed_session_01
16.432,0.06981986954281291,relaxed,subject_03,subject_03_relaxed_session_01
16.436,0.05025008624718417,relaxed,subject_03,subject_03_relaxed_session_01
16.44,0.060504746501794035,relaxed,subject_03,subject_03_relaxed_session_01
16.444,0.06885533003561994,relaxed,subject_03,subject_03_relaxed_session_01
16.448,0.11212836318315125,relaxed,subject_03,subject_03_relaxed_session_01
16.452,0.06170993836488627,relaxed,subject_03,subject_03_relaxed_session_01
16.456,0.05890129904607786,relaxed,subject_03,subject_03_relaxed_session_01
16.46,0.05719051355389752,relaxed,subject_03,subject_03_relaxed_session_01
16.464,0.03741915280688629,relaxed,subject_03,subject_03_relaxed_session_01
16.468,0.0046021562409305425,relaxed,subject_03,subject_03_relaxed_session_01
16.472,0.07783035880208232,relaxed,subject_03,subject_03_relaxed_session_01
16.476,0.05841371097832443,relaxed,subject_03,subject_03_relaxed_session_01
16.48,0.06613039268598014,relaxed,subject_03,subject_03_relaxed_session_01
16.484,0.04639663263730755,relaxed,subject_03,subject_03_relaxed_session_01
16.488,0.06284569867105952,relaxed,subject_03,subject_03_relaxed_session_01
16.492,0.006948898850064073,relaxed,subject_03,subject_03_relaxed_session_01
16.496,0.037152380392337314,relaxed,subject_03,subject_03_relaxed_session_01
16.5,0.044939074641481926,relaxed,subject_03,subject_03_relaxed_session_01
16.504,0.05962004648268597,relaxed,subject_03,subject_03_relaxed_session_01
16.508,0.04034626380061561,relaxed,subject_03,subject_03_relaxed_session_01
16.512,0.03926550680123003,relaxed,subject_03,subject_03_relaxed_session_01
16.516,0.03447243101498564,relaxed,subject_03,subject_03_relaxed_session_01
16.52,-0.00047799080611911696,relaxed,subject_03,subject_03_relaxed_session_01
16.524,0.01645656354017748,relaxed,subject_03,subject_03_relaxed_session_01
16.528,0.01757054873241322,relaxed,subject_03,subject_03_relaxed_session_01
16.532,0.04374750944710283,relaxed,subject_03,subject_03_relaxed_session_01
16.536,0.036860175188357776,relaxed,subject_03,subject_03_relaxed_session_01
16.54,0.05627736767536358,relaxed,subject_03,subject_03_relaxed_session_01
16.544,0.03555181032049265,relaxed,subject_03,subject_03_relaxed_session_01
16.548,0.021218798502721695,relaxed,subject_03,subject_03_relaxed_session_01
16.552,0.050878627584784765,relaxed,subject_03,subject_03_relaxed_session_01
16.556,0.00013354275239994481,relaxed,subject_03,subject_03_relaxed_session_01
16.56,0.019033735994489074,relaxed,subject_03,subject_03_relaxed_session_01
16.564,0.005779946353581096,relaxed,subject_03,subject_03_relaxed_session_01
16.568,0.002205032725560798,relaxed,subject_03,subject_03_relaxed_session_01
16.572,0.0028170196453472726,relaxed,subject_03,subject_03_relaxed_session_01
16.576,0.011276758467369514,relaxed,subject_03,subject_03_relaxed_session_01
16.58,0.028290259418435885,relaxed,subject_03,subject_03_relaxed_session_01
16.584,0.017466952770046097,relaxed,subject_03,subject_03_relaxed_session_01
16.588,0.029687998164387212,relaxed,subject_03,subject_03_relaxed_session_01
16.592,0.028946137276335434,relaxed,subject_03,subject_03_relaxed_session_01
16.596,-0.02217053057313782,relaxed,subject_03,subject_03_relaxed_session_01
16.6,0.027713671596861687,relaxed,subject_03,subject_03_relaxed_session_01
16.604,0.009687405638962678,relaxed,subject_03,subject_03_relaxed_session_01
16.608,-0.008084960704071591,relaxed,subject_03,subject_03_relaxed_session_01
16.612,0.029386863029524094,relaxed,subject_03,subject_03_relaxed_session_01
16.616,0.026234763461796918,relaxed,subject_03,subject_03_relaxed_session_01
16.62,0.02802331734982707,relaxed,subject_03,subject_03_relaxed_session_01
16.624,0.03908370548294117,relaxed,subject_03,subject_03_relaxed_session_01
16.628,0.011740188594713015,relaxed,subject_03,subject_03_relaxed_session_01
16.632,0.005700448504396667,relaxed,subject_03,subject_03_relaxed_session_01
16.636,0.024941996270825204,relaxed,subject_03,subject_03_relaxed_session_01
16.64,0.01676487365988043,relaxed,subject_03,subject_03_relaxed_session_01
16.644,0.08027361771556446,relaxed,subject_03,subject_03_relaxed_session_01
16.648,0.023466518372558,relaxed,subject_03,subject_03_relaxed_session_01
16.652,0.026444109325648536,relaxed,subject_03,subject_03_relaxed_session_01
16.656,0.009279561551850658,relaxed,subject_03,subject_03_relaxed_session_01
16.66,0.00652494420049278,relaxed,subject_03,subject_03_relaxed_session_01
16.664,-0.005433832757963435,relaxed,subject_03,subject_03_relaxed_session_01
16.668,0.021996181746327885,relaxed,subject_03,subject_03_relaxed_session_01
16.672,0.02535960849900298,relaxed,subject_03,subject_03_relaxed_session_01
16.676,0.05258764770363253,relaxed,subject_03,subject_03_relaxed_session_01
16.68,0.02700444588600385,relaxed,subject_03,subject_03_relaxed_session_01
16.684,0.02551375503768931,relaxed,subject_03,subject_03_relaxed_session_01
16.688,0.04022834918565426,relaxed,subject_03,subject_03_relaxed_session_01
16.692,0.03550175024452743,relaxed,subject_03,subject_03_relaxed_session_01
16.696,0.05925312422011378,relaxed,subject_03,subject_03_relaxed_session_01
16.7,0.07165836300909022,relaxed,subject_03,subject_03_relaxed_session_01
16.704,0.04536037585266919,relaxed,subject_03,subject_03_relaxed_session_01
16.708,0.030219027431318986,relaxed,subject_03,subject_03_relaxed_session_01
16.712,0.05065113576737759,relaxed,subject_03,subject_03_relaxed_session_01
16.716,0.06204798655702505,relaxed,subject_03,subject_03_relaxed_session_01
16.72,0.03540854161010275,relaxed,subject_03,subject_03_relaxed_session_01
16.724,0.0614306831075537,relaxed,subject_03,subject_03_relaxed_session_01
16.728,0.04239813367450399,relaxed,subject_03,subject_03_relaxed_session_01
16.732,0.08602416865684658,relaxed,subject_03,subject_03_relaxed_session_01
16.736,0.06093730566532204,relaxed,subject_03,subject_03_relaxed_session_01
16.74,0.08206060167607541,relaxed,subject_03,subject_03_relaxed_session_01
16.744,0.09090127733501385,relaxed,subject_03,subject_03_relaxed_session_01
16.748,0.07353171102178761,relaxed,subject_03,subject_03_relaxed_session_01
16.752,0.1052420380619133,relaxed,subject_03,subject_03_relaxed_session_01
16.756,0.08752771444882876,relaxed,subject_03,subject_03_relaxed_session_01
16.76,0.1431986120636013,relaxed,subject_03,subject_03_relaxed_session_01
16.764,0.1439894799180519,relaxed,subject_03,subject_03_relaxed_session_01
16.768,0.14413601876462254,relaxed,subject_03,subject_03_relaxed_session_01
16.772,0.12615287745636095,relaxed,subject_03,subject_03_relaxed_session_01
16.776,0.13184909982326565,relaxed,subject_03,subject_03_relaxed_session_01
16.78,0.12262734440173251,relaxed,subject_03,subject_03_relaxed_session_01
16.784,0.13720396345407498,relaxed,subject_03,subject_03_relaxed_session_01
16.788,0.158738937314135,relaxed,subject_03,subject_03_relaxed_session_01
16.792,0.10514616766870073,relaxed,subject_03,subject_03_relaxed_session_01
16.796,0.13153458646895652,relaxed,subject_03,subject_03_relaxed_session_01
16.8,0.0857703216401469,relaxed,subject_03,subject_03_relaxed_session_01
16.804,0.10843529635495189,relaxed,subject_03,subject_03_relaxed_session_01
16.808,0.11153642646608444,relaxed,subject_03,subject_03_relaxed_session_01
16.812,0.11477120823361747,relaxed,subject_03,subject_03_relaxed_session_01
16.816,0.1171964678527386,relaxed,subject_03,subject_03_relaxed_session_01
16.82,0.12482016140456666,relaxed,subject_03,subject_03_relaxed_session_01
16.824,0.06538249975723517,relaxed,subject_03,subject_03_relaxed_session_01
16.828,0.10546939119786762,relaxed,subject_03,subject_03_relaxed_session_01
16.832,0.11882615786612086,relaxed,subject_03,subject_03_relaxed_session_01
16.836,0.07001962443322934,relaxed,subject_03,subject_03_relaxed_session_01
16.84,0.062412793677089774,relaxed,subject_03,subject_03_relaxed_session_01
16.844,0.07166897333488338,relaxed,subject_03,subject_03_relaxed_session_01
16.848,0.06161295541795638,relaxed,subject_03,subject_03_relaxed_session_01
16.852,0.0559332458270904,relaxed,subject_03,subject_03_relaxed_session_01
16.856,0.08497816328081007,relaxed,subject_03,subject_03_relaxed_session_01
16.86,0.10014633585238783,relaxed,subject_03,subject_03_relaxed_session_01
16.864,0.04278019688292873,relaxed,subject_03,subject_03_relaxed_session_01
16.868,0.0925617885620324,relaxed,subject_03,subject_03_relaxed_session_01
16.872,0.036575182449223725,relaxed,subject_03,subject_03_relaxed_session_01
16.876,0.0565144762883205,relaxed,subject_03,subject_03_relaxed_session_01
16.88,0.018461376000210375,relaxed,subject_03,subject_03_relaxed_session_01
16.884,0.019995343474500698,relaxed,subject_03,subject_03_relaxed_session_01
16.888,0.0296968268663228,relaxed,subject_03,subject_03_relaxed_session_01
16.892,0.05160560469586287,relaxed,subject_03,subject_03_relaxed_session_01
16.896,0.038110937688487175,relaxed,subject_03,subject_03_relaxed_session_01
16.9,0.00021531961174891395,relaxed,subject_03,subject_03_relaxed_session_01
16.904,0.005726097589604587,relaxed,subject_03,subject_03_relaxed_session_01
16.908,-0.002838667585731154,relaxed,subject_03,subject_03_relaxed_session_01
16.912,0.037287873513037216,relaxed,subject_03,subject_03_relaxed_session_01
16.916,0.03266863562685622,relaxed,subject_03,subject_03_relaxed_session_01
16.92,0.030150439173221383,relaxed,subject_03,subject_03_relaxed_session_01
16.924,0.02636136375980579,relaxed,subject_03,subject_03_relaxed_session_01
16.928,0.003685962871614582,relaxed,subject_03,subject_03_relaxed_session_01
16.932,0.016539037804179067,relaxed,subject_03,subject_03_relaxed_session_01
16.936,0.03862675092321648,relaxed,subject_03,subject_03_relaxed_session_01
16.94,0.02603091251041097,relaxed,subject_03,subject_03_relaxed_session_01
16.944,0.010891120467638744,relaxed,subject_03,subject_03_relaxed_session_01
16.948,0.06900590604915512,relaxed,subject_03,subject_03_relaxed_session_01
16.952,0.13057996663841775,relaxed,subject_03,subject_03_relaxed_session_01
16.956,0.2541761838345525,relaxed,subject_03,subject_03_relaxed_session_01
16.96,0.3298492004729504,relaxed,subject_03,subject_03_relaxed_session_01
16.964,0.4811722692147459,relaxed,subject_03,subject_03_relaxed_session_01
16.968,0.5976446679099442,relaxed,subject_03,subject_03_relaxed_session_01
16.972,0.7034468499152718,relaxed,subject_03,subject_03_relaxed_session_01
16.976,0.8125278443745213,relaxed,subject_03,subject_03_relaxed_session_01
16.98,0.8574502409213732,relaxed,subject_03,subject_03_relaxed_session_01
16.984,0.8872303459985077,relaxed,subject_03,subject_03_relaxed_session_01
16.988,0.8278049042476824,relaxed,subject_03,subject_03_relaxed_session_01
16.992,0.7372152276430403,relaxed,subject_03,subject_03_relaxed_session_01
16.996,0.6465431827840045,relaxed,subject_03,subject_03_relaxed_session_01
17.0,0.5242024220633247,relaxed,subject_03,subject_03_relaxed_session_01
17.004,0.3927434842633603,relaxed,subject_03,subject_03_relaxed_session_01
17.008,0.24495903845260478,relaxed,subject_03,subject_03_relaxed_session_01
17.012,0.152384912694262,relaxed,subject_03,subject_03_relaxed_session_01
17.016,0.02229580387203532,relaxed,subject_03,subject_03_relaxed_session_01
17.02,0.012281511419770547,relaxed,subject_03,subject_03_relaxed_session_01
17.024,-0.024135106477731053,relaxed,subject_03,subject_03_relaxed_session_01
17.028,-0.0500063745937208,relaxed,subject_03,subject_03_relaxed_session_01
17.032,-0.010891606161450712,relaxed,subject_03,subject_03_relaxed_session_01
17.036,-0.009072850142952758,relaxed,subject_03,subject_03_relaxed_session_01
17.04,0.028125722303643966,relaxed,subject_03,subject_03_relaxed_session_01
17.044,0.0026568958255699417,relaxed,subject_03,subject_03_relaxed_session_01
17.048,0.01651870143134711,relaxed,subject_03,subject_03_relaxed_session_01
17.052,0.04963644778973321,relaxed,subject_03,subject_03_relaxed_session_01
17.056,0.04580474119529916,relaxed,subject_03,subject_03_relaxed_session_01
17.06,0.019804688229601717,relaxed,subject_03,subject_03_relaxed_session_01
17.064,0.0892577878111944,relaxed,subject_03,subject_03_relaxed_session_01
17.068,0.08979467368256033,relaxed,subject_03,subject_03_relaxed_session_01
17.072,0.06143848876437242,relaxed,subject_03,subject_03_relaxed_session_01
17.076,0.04682862560155769,relaxed,subject_03,subject_03_relaxed_session_01
17.08,0.05041737356801723,relaxed,subject_03,subject_03_relaxed_session_01
17.084,0.07478519882487444,relaxed,subject_03,subject_03_relaxed_session_01
17.088,0.09935217679194233,relaxed,subject_03,subject_03_relaxed_session_01
17.092,0.1273313122831665,relaxed,subject_03,subject_03_relaxed_session_01
17.096,0.0724382827806629,relaxed,subject_03,subject_03_relaxed_session_01
17.1,0.07562151624030705,relaxed,subject_03,subject_03_relaxed_session_01
17.104,0.08394307969252139,relaxed,subject_03,subject_03_relaxed_session_01
17.108,0.10016257644660345,relaxed,subject_03,subject_03_relaxed_session_01
17.112,0.07986252484483732,relaxed,subject_03,subject_03_relaxed_session_01
17.116,0.07488287860064997,relaxed,subject_03,subject_03_relaxed_session_01
17.12,0.10286848982942369,relaxed,subject_03,subject_03_relaxed_session_01
17.124,0.11930775011120319,relaxed,subject_03,subject_03_relaxed_session_01
17.128,0.15315743562644912,relaxed,subject_03,subject_03_relaxed_session_01
17.132,0.10320893395371122,relaxed,subject_03,subject_03_relaxed_session_01
17.136,0.153451446889172,relaxed,subject_03,subject_03_relaxed_session_01
17.14,0.13500543671399584,relaxed,subject_03,subject_03_relaxed_session_01
17.144,0.13845107710224022,relaxed,subject_03,subject_03_relaxed_session_01
17.148,0.11864316734937755,relaxed,subject_03,subject_03_relaxed_session_01
17.152,0.16390733815442737,relaxed,subject_03,subject_03_relaxed_session_01
17.156,0.16796480903942115,relaxed,subject_03,subject_03_relaxed_session_01
17.16,0.21419482933536155,relaxed,subject_03,subject_03_relaxed_session_01
17.164,0.1699937778249892,relaxed,subject_03,subject_03_relaxed_session_01
17.168,0.21244808307297472,relaxed,subject_03,subject_03_relaxed_session_01
17.172,0.18137431629534212,relaxed,subject_03,subject_03_relaxed_session_01
17.176,0.18656356222357745,relaxed,subject_03,subject_03_relaxed_session_01
17.18,0.16551546542415368,relaxed,subject_03,subject_03_relaxed_session_01
17.184,0.2276070875574425,relaxed,subject_03,subject_03_relaxed_session_01
17.188,0.21257993502706973,relaxed,subject_03,subject_03_relaxed_session_01
17.192,0.21463193670548292,relaxed,subject_03,subject_03_relaxed_session_01
17.196,0.21348597325524302,relaxed,subject_03,subject_03_relaxed_session_01
17.2,0.22818640879280958,relaxed,subject_03,subject_03_relaxed_session_01
17.204,0.21303639029428126,relaxed,subject_03,subject_03_relaxed_session_01
17.208,0.23960454555315286,relaxed,subject_03,subject_03_relaxed_session_01
17.212,0.2144136061513256,relaxed,subject_03,subject_03_relaxed_session_01
17.216,0.23324412152584223,relaxed,subject_03,subject_03_relaxed_session_01
17.22,0.24779172733835278,relaxed,subject_03,subject_03_relaxed_session_01
17.224,0.2674072624058035,relaxed,subject_03,subject_03_relaxed_session_01
17.228,0.24434142668411438,relaxed,subject_03,subject_03_relaxed_session_01
17.232,0.2664380239258006,relaxed,subject_03,subject_03_relaxed_session_01
17.236,0.24008295615164651,relaxed,subject_03,subject_03_relaxed_session_01
17.24,0.2209297340314879,relaxed,subject_03,subject_03_relaxed_session_01
17.244,0.28003523524949653,relaxed,subject_03,subject_03_relaxed_session_01
17.248,0.23434605472562134,relaxed,subject_03,subject_03_relaxed_session_01
17.252,0.25334153447890867,relaxed,subject_03,subject_03_relaxed_session_01
17.256,0.21925010074514278,relaxed,subject_03,subject_03_relaxed_session_01
17.26,0.23886998651395625,relaxed,subject_03,subject_03_relaxed_session_01
17.264,0.23168861896916212,relaxed,subject_03,subject_03_relaxed_session_01
17.268,0.22071615351165533,relaxed,subject_03,subject_03_relaxed_session_01
17.272,0.2568295890730403,relaxed,subject_03,subject_03_relaxed_session_01
17.276,0.21999049413075678,relaxed,subject_03,subject_03_relaxed_session_01
17.28,0.1988314454669215,relaxed,subject_03,subject_03_relaxed_session_01
17.284,0.23227430140755725,relaxed,subject_03,subject_03_relaxed_session_01
17.288,0.15884837081667125,relaxed,subject_03,subject_03_relaxed_session_01
17.292,0.1599696466040768,relaxed,subject_03,subject_03_relaxed_session_01
17.296,0.20060092151573045,relaxed,subject_03,subject_03_relaxed_session_01
17.3,0.18125282373332746,relaxed,subject_03,subject_03_relaxed_session_01
17.304,0.15939272966843096,relaxed,subject_03,subject_03_relaxed_session_01
17.308,0.17168939085359347,relaxed,subject_03,subject_03_relaxed_session_01
17.312,0.17865176706316022,relaxed,subject_03,subject_03_relaxed_session_01
17.316,0.12965857090528476,relaxed,subject_03,subject_03_relaxed_session_01
17.32,0.14253034933646885,relaxed,subject_03,subject_03_relaxed_session_01
17.324,0.13859149515089902,relaxed,subject_03,subject_03_relaxed_session_01
17.328,0.1375657909180008,relaxed,subject_03,subject_03_relaxed_session_01
17.332,0.13804940397616683,relaxed,subject_03,subject_03_relaxed_session_01
17.336,0.07965751270032542,relaxed,subject_03,subject_03_relaxed_session_01
17.34,0.12374422020635699,relaxed,subject_03,subject_03_relaxed_session_01
17.344,0.06902089442491899,relaxed,subject_03,subject_03_relaxed_session_01
17.348,0.1008105688298797,relaxed,subject_03,subject_03_relaxed_session_01
17.352,0.07500340664665835,relaxed,subject_03,subject_03_relaxed_session_01
17.356,0.0948090720869256,relaxed,subject_03,subject_03_relaxed_session_01
17.36,0.09917913538193568,relaxed,subject_03,subject_03_relaxed_session_01
17.364,0.08222746813986535,relaxed,subject_03,subject_03_relaxed_session_01
17.368,0.06346969705278876,relaxed,subject_03,subject_03_relaxed_session_01
17.372,0.045899500298256,relaxed,subject_03,subject_03_relaxed_session_01
17.376,0.06739853674778788,relaxed,subject_03,subject_03_relaxed_session_01
17.38,0.056151481356742444,relaxed,subject_03,subject_03_relaxed_session_01
17.384,0.06741127597849438,relaxed,subject_03,subject_03_relaxed_session_01
17.388,0.04868466145588084,relaxed,subject_03,subject_03_relaxed_session_01
17.392,0.08217989124799446,relaxed,subject_03,subject_03_relaxed_session_01
17.396,0.05212718367749051,relaxed,subject_03,subject_03_relaxed_session_01
17.4,0.06684793615033663,relaxed,subject_03,subject_03_relaxed_session_01
17.404,0.035944294458662845,relaxed,subject_03,subject_03_relaxed_session_01
17.408,0.05828725898645186,relaxed,subject_03,subject_03_relaxed_session_01
17.412,0.0539075574743878,relaxed,subject_03,subject_03_relaxed_session_01
17.416,0.0258320918408712,relaxed,subject_03,subject_03_relaxed_session_01
17.42,0.007676979545508684,relaxed,subject_03,subject_03_relaxed_session_01
17.424,0.0613262449213801,relaxed,subject_03,subject_03_relaxed_session_01
17.428,0.026040911471479095,relaxed,subject_03,subject_03_relaxed_session_01
17.432,0.02013056379799192,relaxed,subject_03,subject_03_relaxed_session_01
17.436,0.025783554269678204,relaxed,subject_03,subject_03_relaxed_session_01
17.44,0.011708356359873474,relaxed,subject_03,subject_03_relaxed_session_01
17.444,0.042201384648011556,relaxed,subject_03,subject_03_relaxed_session_01
17.448,0.028477716513401804,relaxed,subject_03,subject_03_relaxed_session_01
17.452,0.028848652901942374,relaxed,subject_03,subject_03_relaxed_session_01
17.456,0.04979559470385453,relaxed,subject_03,subject_03_relaxed_session_01
17.46,0.028321678843835952,relaxed,subject_03,subject_03_relaxed_session_01
17.464,0.057203487671872694,relaxed,subject_03,subject_03_relaxed_session_01
17.468,0.02472140081694464,relaxed,subject_03,subject_03_relaxed_session_01
17.472,-0.005521156356006619,relaxed,subject_03,subject_03_relaxed_session_01
17.476,0.006392127952037745,relaxed,subject_03,subject_03_relaxed_session_01
17.48,0.009147675675589382,relaxed,subject_03,subject_03_relaxed_session_01
17.484,0.02555735585562511,relaxed,subject_03,subject_03_relaxed_session_01
17.488,0.053385242717722804,relaxed,subject_03,subject_03_relaxed_session_01
17.492,0.026387952699385573,relaxed,subject_03,subject_03_relaxed_session_01
17.496,0.017741822410437005,relaxed,subject_03,subject_03_relaxed_session_01
17.5,0.01596993345390884,relaxed,subject_03,subject_03_relaxed_session_01
17.504,0.03268453221276522,relaxed,subject_03,subject_03_relaxed_session_01
17.508,0.02984476574583938,relaxed,subject_03,subject_03_relaxed_session_01
17.512,0.037264532784156104,relaxed,subject_03,subject_03_relaxed_session_01
17.516,0.007026484361362613,relaxed,subject_03,subject_03_relaxed_session_01
17.52,0.06591946264665403,relaxed,subject_03,subject_03_relaxed_session_01
17.524,0.013827910247151503,relaxed,subject_03,subject_03_relaxed_session_01
17.528,0.007838012610219238,relaxed,subject_03,subject_03_relaxed_session_01
17.532,0.044276683765359676,relaxed,subject_03,subject_03_relaxed_session_01
17.536,0.03828593554864483,relaxed,subject_03,subject_03_relaxed_session_01
17.54,0.007223717451229322,relaxed,subject_03,subject_03_relaxed_session_01
17.544,0.033539395531341026,relaxed,subject_03,subject_03_relaxed_session_01
17.548,0.011363151679193268,relaxed,subject_03,subject_03_relaxed_session_01
17.552,0.028186016100669488,relaxed,subject_03,subject_03_relaxed_session_01
17.556,0.024454264465881517,relaxed,subject_03,subject_03_relaxed_session_01
17.56,0.07066459298931024,relaxed,subject_03,subject_03_relaxed_session_01
17.564,0.04758861621318247,relaxed,subject_03,subject_03_relaxed_session_01
17.568,0.04120026778473923,relaxed,subject_03,subject_03_relaxed_session_01
17.572,0.03533133530396455,relaxed,subject_03,subject_03_relaxed_session_01
17.576,-0.004814572225616161,relaxed,subject_03,subject_03_relaxed_session_01
17.58,0.024280761169081528,relaxed,subject_03,subject_03_relaxed_session_01
17.584,0.012245274631019487,relaxed,subject_03,subject_03_relaxed_session_01
17.588,0.02057527331763128,relaxed,subject_03,subject_03_relaxed_session_01
17.592,0.024056559370546324,relaxed,subject_03,subject_03_relaxed_session_01
17.596,-0.011041523710607383,relaxed,subject_03,subject_03_relaxed_session_01
17.6,0.01870306951355725,relaxed,subject_03,subject_03_relaxed_session_01
17.604,0.028280624526891385,relaxed,subject_03,subject_03_relaxed_session_01
17.608,0.045865555271370026,relaxed,subject_03,subject_03_relaxed_session_01
17.612,0.01358844144572774,relaxed,subject_03,subject_03_relaxed_session_01
17.616,0.015664715742055812,relaxed,subject_03,subject_03_relaxed_session_01
17.62,0.01687478203749295,relaxed,subject_03,subject_03_relaxed_session_01
17.624,0.030523972719610628,relaxed,subject_03,subject_03_relaxed_session_01
17.628,0.017561356099361613,relaxed,subject_03,subject_03_relaxed_session_01
17.632,0.07023119982301695,relaxed,subject_03,subject_03_relaxed_session_01
17.636,0.06313342732052377,relaxed,subject_03,subject_03_relaxed_session_01
17.64,0.10616337264843079,relaxed,subject_03,subject_03_relaxed_session_01
17.644,0.04577767004744311,relaxed,subject_03,subject_03_relaxed_session_01
17.648,0.0784164022779169,relaxed,subject_03,subject_03_relaxed_session_01
17.652,0.04194313813742889,relaxed,subject_03,subject_03_relaxed_session_01
17.656,0.10075376949205304,relaxed,subject_03,subject_03_relaxed_session_01
17.66,0.07229155250215433,relaxed,subject_03,subject_03_relaxed_session_01
17.664,0.08010610458985655,relaxed,subject_03,subject_03_relaxed_session_01
17.668,0.11240729577577588,relaxed,subject_03,subject_03_relaxed_session_01
17.672,0.11610253166914544,relaxed,subject_03,subject_03_relaxed_session_01
17.676,0.07683262098265056,relaxed,subject_03,subject_03_relaxed_session_01
17.68,0.09854541778115278,relaxed,subject_03,subject_03_relaxed_session_01
17.684,0.13291893145745365,relaxed,subject_03,subject_03_relaxed_session_01
17.688,0.10025277164675304,relaxed,subject_03,subject_03_relaxed_session_01
17.692,0.11628192575249155,relaxed,subject_03,subject_03_relaxed_session_01
17.696,0.12277563853298462,relaxed,subject_03,subject_03_relaxed_session_01
17.7,0.14129739370790212,relaxed,subject_03,subject_03_relaxed_session_01
17.704,0.12680073669728428,relaxed,subject_03,subject_03_relaxed_session_01
17.708,0.10811314429133358,relaxed,subject_03,subject_03_relaxed_session_01
17.712,0.07247032474695728,relaxed,subject_03,subject_03_relaxed_session_01
17.716,0.12380825747798503,relaxed,subject_03,subject_03_relaxed_session_01
17.72,0.1104692966425212,relaxed,subject_03,subject_03_relaxed_session_01
17.724,0.13916849880590776,relaxed,subject_03,subject_03_relaxed_session_01
17.728,0.11121103786266481,relaxed,subject_03,subject_03_relaxed_session_01
17.732,0.08390669500961664,relaxed,subject_03,subject_03_relaxed_session_01
17.736,0.06544564226436558,relaxed,subject_03,subject_03_relaxed_session_01
17.74,0.08173836137343043,relaxed,subject_03,subject_03_relaxed_session_01
17.744,0.08704079779814537,relaxed,subject_03,subject_03_relaxed_session_01
17.748,0.07635177192050119,relaxed,subject_03,subject_03_relaxed_session_01
17.752,0.04345393019831112,relaxed,subject_03,subject_03_relaxed_session_01
17.756,0.00744900274766902,relaxed,subject_03,subject_03_relaxed_session_01
17.76,0.038660665952372095,relaxed,subject_03,subject_03_relaxed_session_01
17.764,0.003820830631485042,relaxed,subject_03,subject_03_relaxed_session_01
17.768,0.028025470853814044,relaxed,subject_03,subject_03_relaxed_session_01
17.772,0.04782580460656182,relaxed,subject_03,subject_03_relaxed_session_01
17.776,0.06757641062348652,relaxed,subject_03,subject_03_relaxed_session_01
17.78,-0.014299941786817968,relaxed,subject_03,subject_03_relaxed_session_01
17.784,0.010495311078218446,relaxed,subject_03,subject_03_relaxed_session_01
17.788,0.03560636292273716,relaxed,subject_03,subject_03_relaxed_session_01
17.792,0.01573281737155602,relaxed,subject_03,subject_03_relaxed_session_01
17.796,0.02537164681358999,relaxed,subject_03,subject_03_relaxed_session_01
17.8,0.027352016480213168,relaxed,subject_03,subject_03_relaxed_session_01
17.804,0.009551143653919118,relaxed,subject_03,subject_03_relaxed_session_01
17.808,0.04012804423867117,relaxed,subject_03,subject_03_relaxed_session_01
17.812,0.06310197093865401,relaxed,subject_03,subject_03_relaxed_session_01
17.816,-0.008118463157840188,relaxed,subject_03,subject_03_relaxed_session_01
17.82,0.030653370599585776,relaxed,subject_03,subject_03_relaxed_session_01
17.824,0.05330940533041881,relaxed,subject_03,subject_03_relaxed_session_01
17.828,0.03921731845765619,relaxed,subject_03,subject_03_relaxed_session_01
17.832,-0.004435223471688196,relaxed,subject_03,subject_03_relaxed_session_01
17.836,0.0015433399160908,relaxed,subject_03,subject_03_relaxed_session_01
17.84,-0.028529268533936118,relaxed,subject_03,subject_03_relaxed_session_01
17.844,-0.008549427081708137,relaxed,subject_03,subject_03_relaxed_session_01
17.848,-0.012830827765642849,relaxed,subject_03,subject_03_relaxed_session_01
17.852,0.0011693644036605121,relaxed,subject_03,subject_03_relaxed_session_01
17.856,-0.03539129091486871,relaxed,subject_03,subject_03_relaxed_session_01
17.86,-0.009994676588000219,relaxed,subject_03,subject_03_relaxed_session_01
17.864,0.006541332684574921,relaxed,subject_03,subject_03_relaxed_session_01
17.868,0.026610518699923966,relaxed,subject_03,subject_03_relaxed_session_01
17.872,0.11131862289447184,relaxed,subject_03,subject_03_relaxed_session_01
17.876,0.17064653962173762,relaxed,subject_03,subject_03_relaxed_session_01
17.88,0.2944685440873126,relaxed,subject_03,subject_03_relaxed_session_01
17.884,0.38560241623175295,relaxed,subject_03,subject_03_relaxed_session_01
17.888,0.5240316530401549,relaxed,subject_03,subject_03_relaxed_session_01
17.892,0.6785560429561069,relaxed,subject_03,subject_03_relaxed_session_01
17.896,0.7245116567844209,relaxed,subject_03,subject_03_relaxed_session_01
17.9,0.8388502522534321,relaxed,subject_03,subject_03_relaxed_session_01
17.904,0.8418999936222824,relaxed,subject_03,subject_03_relaxed_session_01
17.908,0.787336123997331,relaxed,subject_03,subject_03_relaxed_session_01
17.912,0.7550159249426586,relaxed,subject_03,subject_03_relaxed_session_01
17.916,0.6778330501284897,relaxed,subject_03,subject_03_relaxed_session_01
17.92,0.5829876792783775,relaxed,subject_03,subject_03_relaxed_session_01
17.924,0.4360487680732923,relaxed,subject_03,subject_03_relaxed_session_01
17.928,0.2444542126452961,relaxed,subject_03,subject_03_relaxed_session_01
17.932,0.15857956366040746,relaxed,subject_03,subject_03_relaxed_session_01
17.936,0.037828109620963196,relaxed,subject_03,subject_03_relaxed_session_01
17.94,-0.03176515736667512,relaxed,subject_03,subject_03_relaxed_session_01
17.944,-0.03644694049865207,relaxed,subject_03,subject_03_relaxed_session_01
17.948,-0.06432215424553667,relaxed,subject_03,subject_03_relaxed_session_01
17.952,-0.05907482394610412,relaxed,subject_03,subject_03_relaxed_session_01
17.956,-0.0824547249892845,relaxed,subject_03,subject_03_relaxed_session_01
17.96,-0.05044858790262531,relaxed,subject_03,subject_03_relaxed_session_01
17.964,-0.032721543112432305,relaxed,subject_03,subject_03_relaxed_session_01
17.968,0.00856142394005481,relaxed,subject_03,subject_03_relaxed_session_01
17.972,0.02229978350955677,relaxed,subject_03,subject_03_relaxed_session_01
17.976,0.04876117563961988,relaxed,subject_03,subject_03_relaxed_session_01
17.98,-0.00035889108378910073,relaxed,subject_03,subject_03_relaxed_session_01
17.984,0.05694760012484716,relaxed,subject_03,subject_03_relaxed_session_01
17.988,0.019362766631672454,relaxed,subject_03,subject_03_relaxed_session_01
17.992,0.02882601829885055,relaxed,subject_03,subject_03_relaxed_session_01
17.996,0.027652976624046737,relaxed,subject_03,subject_03_relaxed_session_01
18.0,0.037966873152208154,relaxed,subject_03,subject_03_relaxed_session_01
18.004,0.04995485430539229,relaxed,subject_03,subject_03_relaxed_session_01
18.008,0.06009658649703109,relaxed,subject_03,subject_03_relaxed_session_01
18.012,0.03802470556012383,relaxed,subject_03,subject_03_relaxed_session_01
18.016,0.04849004888734007,relaxed,subject_03,subject_03_relaxed_session_01
18.02,0.03253270067904544,relaxed,subject_03,subject_03_relaxed_session_01
18.024,0.06858657890568734,relaxed,subject_03,subject_03_relaxed_session_01
18.028,0.06485946412245111,relaxed,subject_03,subject_03_relaxed_session_01
18.032,0.048731741809110246,relaxed,subject_03,subject_03_relaxed_session_01
18.036,0.044365324784880616,relaxed,subject_03,subject_03_relaxed_session_01
18.04,0.07761883796507713,relaxed,subject_03,subject_03_relaxed_session_01
18.044,0.10590286518361985,relaxed,subject_03,subject_03_relaxed_session_01
18.048,0.11705081493173736,relaxed,subject_03,subject_03_relaxed_session_01
18.052,0.0651806040348946,relaxed,subject_03,subject_03_relaxed_session_01
18.056,0.11561566384688764,relaxed,subject_03,subject_03_relaxed_session_01
18.06,0.11887866246090642,relaxed,subject_03,subject_03_relaxed_session_01
18.064,0.13673301827089296,relaxed,subject_03,subject_03_relaxed_session_01
18.068,0.12473238233442008,relaxed,subject_03,subject_03_relaxed_session_01
18.072,0.11476967172802469,relaxed,subject_03,subject_03_relaxed_session_01
18.076,0.1434310118517621,relaxed,subject_03,subject_03_relaxed_session_01
18.08,0.08241939659318331,relaxed,subject_03,subject_03_relaxed_session_01
18.084,0.12032298745449325,relaxed,subject_03,subject_03_relaxed_session_01
18.088,0.12888136848997309,relaxed,subject_03,subject_03_relaxed_session_01
18.092,0.138819520361367,relaxed,subject_03,subject_03_relaxed_session_01
18.096,0.1277209519908061,relaxed,subject_03,subject_03_relaxed_session_01
18.1,0.15249582155092187,relaxed,subject_03,subject_03_relaxed_session_01
18.104,0.1581452559677241,relaxed,subject_03,subject_03_relaxed_session_01
18.108,0.16912115788445917,relaxed,subject_03,subject_03_relaxed_session_01
18.112,0.18494491664286483,relaxed,subject_03,subject_03_relaxed_session_01
18.116,0.15878964823133104,relaxed,subject_03,subject_03_relaxed_session_01
18.12,0.17894188057261262,relaxed,subject_03,subject_03_relaxed_session_01
18.124,0.18995677625940838,relaxed,subject_03,subject_03_relaxed_session_01
18.128,0.1580764059622162,relaxed,subject_03,subject_03_relaxed_session_01
18.132,0.19660196032136312,relaxed,subject_03,subject_03_relaxed_session_01
18.136,0.20530082042883524,relaxed,subject_03,subject_03_relaxed_session_01
18.14,0.217649211700798,relaxed,subject_03,subject_03_relaxed_session_01
18.144,0.17754773488418987,relaxed,subject_03,subject_03_relaxed_session_01
18.148,0.20185377938900126,relaxed,subject_03,subject_03_relaxed_session_01
18.152,0.23009578951037668,relaxed,subject_03,subject_03_relaxed_session_01
18.156,0.17046717108998893,relaxed,subject_03,subject_03_relaxed_session_01
18.16,0.20440452030225728,relaxed,subject_03,subject_03_relaxed_session_01
18.164,0.17291718131230224,relaxed,subject_03,subject_03_relaxed_session_01
18.168,0.19308505283125732,relaxed,subject_03,subject_03_relaxed_session_01
18.172,0.18337561240281675,relaxed,subject_03,subject_03_relaxed_session_01
18.176,0.2042676421704022,relaxed,subject_03,subject_03_relaxed_session_01
18.18,0.18770918521981986,relaxed,subject_03,subject_03_relaxed_session_01
18.184,0.164460377614916,relaxed,subject_03,subject_03_relaxed_session_01
18.188,0.21640737994797238,relaxed,subject_03,subject_03_relaxed_session_01
18.192,0.18505334027389203,relaxed,subject_03,subject_03_relaxed_session_01
18.196,0.19640770936743515,relaxed,subject_03,subject_03_relaxed_session_01
18.2,0.14960568181997488,relaxed,subject_03,subject_03_relaxed_session_01
18.204,0.15818123938899567,relaxed,subject_03,subject_03_relaxed_session_01
18.208,0.18029031328995343,relaxed,subject_03,subject_03_relaxed_session_01
18.212,0.13933801666023782,relaxed,subject_03,subject_03_relaxed_session_01
18.216,0.14806712633719038,relaxed,subject_03,subject_03_relaxed_session_01
18.22,0.14052915758462614,relaxed,subject_03,subject_03_relaxed_session_01
18.224,0.08812413542799011,relaxed,subject_03,subject_03_relaxed_session_01
18.228,0.1274635791517941,relaxed,subject_03,subject_03_relaxed_session_01
18.232,0.11386311412999503,relaxed,subject_03,subject_03_relaxed_session_01
18.236,0.1123038944518969,relaxed,subject_03,subject_03_relaxed_session_01
18.24,0.09462552590403396,relaxed,subject_03,subject_03_relaxed_session_01
18.244,0.07667338847941438,relaxed,subject_03,subject_03_relaxed_session_01
18.248,0.07968884846518254,relaxed,subject_03,subject_03_relaxed_session_01
18.252,0.07903036065471203,relaxed,subject_03,subject_03_relaxed_session_01
18.256,0.09543394582288077,relaxed,subject_03,subject_03_relaxed_session_01
18.26,0.06597316509909769,relaxed,subject_03,subject_03_relaxed_session_01
18.264,0.07340726013932455,relaxed,subject_03,subject_03_relaxed_session_01
18.268,0.06945263171154505,relaxed,subject_03,subject_03_relaxed_session_01
18.272,0.04903025310397658,relaxed,subject_03,subject_03_relaxed_session_01
18.276,0.07390378188789842,relaxed,subject_03,subject_03_relaxed_session_01
18.28,0.04182140833807302,relaxed,subject_03,subject_03_relaxed_session_01
18.284,0.03317456178435727,relaxed,subject_03,subject_03_relaxed_session_01
18.288,0.061800153197034,relaxed,subject_03,subject_03_relaxed_session_01
18.292,0.03798472068108331,relaxed,subject_03,subject_03_relaxed_session_01
18.296,-0.016810213504795706,relaxed,subject_03,subject_03_relaxed_session_01
18.3,-0.026134304578481884,relaxed,subject_03,subject_03_relaxed_session_01
18.304,0.055162122949030126,relaxed,subject_03,subject_03_relaxed_session_01
18.308,0.021434475928267475,relaxed,subject_03,subject_03_relaxed_session_01
18.312,0.013008606788276164,relaxed,subject_03,subject_03_relaxed_session_01
18.316,-0.030954367017837457,relaxed,subject_03,subject_03_relaxed_session_01
18.32,0.00763466428617696,relaxed,subject_03,subject_03_relaxed_session_01
18.324,-0.01318449724943149,relaxed,subject_03,subject_03_relaxed_session_01
18.328,-0.0008564994292263343,relaxed,subject_03,subject_03_relaxed_session_01
18.332,-0.011378389903317509,relaxed,subject_03,subject_03_relaxed_session_01
18.336,-0.004689610554978704,relaxed,subject_03,subject_03_relaxed_session_01
18.34,0.003054090510267214,relaxed,subject_03,subject_03_relaxed_session_01
18.344,0.004878281580639837,relaxed,subject_03,subject_03_relaxed_session_01
18.348,-0.00549530517041155,relaxed,subject_03,subject_03_relaxed_session_01
18.352,-0.003529199640595643,relaxed,subject_03,subject_03_relaxed_session_01
18.356,-0.042693361777070296,relaxed,subject_03,subject_03_relaxed_session_01
18.36,-0.009906708672369655,relaxed,subject_03,subject_03_relaxed_session_01
18.364,-0.00520302272315689,relaxed,subject_03,subject_03_relaxed_session_01
18.368,-0.01193888429970932,relaxed,subject_03,subject_03_relaxed_session_01
18.372,0.018445794940945767,relaxed,subject_03,subject_03_relaxed_session_01
18.376,-0.01738994390289694,relaxed,subject_03,subject_03_relaxed_session_01
18.38,-0.03934771883529122,relaxed,subject_03,subject_03_relaxed_session_01
18.384,-0.013556378697679741,relaxed,subject_03,subject_03_relaxed_session_01
18.388,-0.025654588872267577,relaxed,subject_03,subject_03_relaxed_session_01
18.392,-0.04923233008359164,relaxed,subject_03,subject_03_relaxed_session_01
18.396,-0.021339682875110653,relaxed,subject_03,subject_03_relaxed_session_01
18.4,0.013800369099289781,relaxed,subject_03,subject_03_relaxed_session_01
18.404,-0.023521050560843276,relaxed,subject_03,subject_03_relaxed_session_01
18.408,0.005132675723609606,relaxed,subject_03,subject_03_relaxed_session_01
18.412,-0.0025390587498447005,relaxed,subject_03,subject_03_relaxed_session_01
18.416,0.030118821138905235,relaxed,subject_03,subject_03_relaxed_session_01
18.42,-0.008443599178108201,relaxed,subject_03,subject_03_relaxed_session_01
18.424,-0.016272726402667515,relaxed,subject_03,subject_03_relaxed_session_01
18.428,-0.016273407183947212,relaxed,subject_03,subject_03_relaxed_session_01
18.432,-0.012733175692330392,relaxed,subject_03,subject_03_relaxed_session_01
18.436,-0.023726042323920275,relaxed,subject_03,subject_03_relaxed_session_01
18.44,-0.028906846938763234,relaxed,subject_03,subject_03_relaxed_session_01
18.444,-0.009713453621155761,relaxed,subject_03,subject_03_relaxed_session_01
18.448,-0.031769649093345106,relaxed,subject_03,subject_03_relaxed_session_01
18.452,-0.056624374582156856,relaxed,subject_03,subject_03_relaxed_session_01
18.456,-0.045647388079048536,relaxed,subject_03,subject_03_relaxed_session_01
18.46,0.013355884641546238,relaxed,subject_03,subject_03_relaxed_session_01
18.464,-0.026085429644850958,relaxed,subject_03,subject_03_relaxed_session_01
18.468,-0.004442006323959141,relaxed,subject_03,subject_03_relaxed_session_01
18.472,-0.03384464390927188,relaxed,subject_03,subject_03_relaxed_session_01
18.476,-0.0021550505122487768,relaxed,subject_03,subject_03_relaxed_session_01
18.48,-0.011910429019204033,relaxed,subject_03,subject_03_relaxed_session_01
18.484,0.019889307239223407,relaxed,subject_03,subject_03_relaxed_session_01
18.488,0.006478095219048862,relaxed,subject_03,subject_03_relaxed_session_01
18.492,-0.0049993008798242256,relaxed,subject_03,subject_03_relaxed_session_01
18.496,-0.03127028376830335,relaxed,subject_03,subject_03_relaxed_session_01
18.5,-0.04270067792460646,relaxed,subject_03,subject_03_relaxed_session_01
18.504,-0.021570902381173523,relaxed,subject_03,subject_03_relaxed_session_01
18.508,-0.017834971782340666,relaxed,subject_03,subject_03_relaxed_session_01
18.512,-0.025692615262026243,relaxed,subject_03,subject_03_relaxed_session_01
18.516,-0.0025338540904450146,relaxed,subject_03,subject_03_relaxed_session_01
18.52,-0.014008271855699542,relaxed,subject_03,subject_03_relaxed_session_01
18.524,-0.014302124771589823,relaxed,subject_03,subject_03_relaxed_session_01
18.528,0.01778607106465374,relaxed,subject_03,subject_03_relaxed_session_01
18.532,-0.008767229209279732,relaxed,subject_03,subject_03_relaxed_session_01
18.536,-0.03582764996490663,relaxed,subject_03,subject_03_relaxed_session_01
18.54,0.014216027601413512,relaxed,subject_03,subject_03_relaxed_session_01
18.544,0.0007265328410829895,relaxed,subject_03,subject_03_relaxed_session_01
18.548,-0.00576573321104436,relaxed,subject_03,subject_03_relaxed_session_01
18.552,-0.015933883649960998,relaxed,subject_03,subject_03_relaxed_session_01
18.556,0.03225830433053882,relaxed,subject_03,subject_03_relaxed_session_01
18.56,0.045022753659478956,relaxed,subject_03,subject_03_relaxed_session_01
18.564,0.002260334924098042,relaxed,subject_03,subject_03_relaxed_session_01
18.568,0.02642413071532667,relaxed,subject_03,subject_03_relaxed_session_01
18.572,0.03424153627163369,relaxed,subject_03,subject_03_relaxed_session_01
18.576,-0.004254110585179771,relaxed,subject_03,subject_03_relaxed_session_01
18.58,0.0349943257173842,relaxed,subject_03,subject_03_relaxed_session_01
18.584,0.0063129232514086905,relaxed,subject_03,subject_03_relaxed_session_01
18.588,0.04597069056662013,relaxed,subject_03,subject_03_relaxed_session_01
18.592,0.09663237639111169,relaxed,subject_03,subject_03_relaxed_session_01
18.596,0.027166549506314558,relaxed,subject_03,subject_03_relaxed_session_01
18.6,0.09809694516594952,relaxed,subject_03,subject_03_relaxed_session_01
18.604,0.10007331252192146,relaxed,subject_03,subject_03_relaxed_session_01
18.608,0.06787204656712191,relaxed,subject_03,subject_03_relaxed_session_01
18.612,0.08111017098723966,relaxed,subject_03,subject_03_relaxed_session_01
18.616,0.06728156477464721,relaxed,subject_03,subject_03_relaxed_session_01
18.62,0.06541640667727415,relaxed,subject_03,subject_03_relaxed_session_01
18.624,0.07906863010357862,relaxed,subject_03,subject_03_relaxed_session_01
18.628,0.05936353661237246,relaxed,subject_03,subject_03_relaxed_session_01
18.632,0.08339217505286116,relaxed,subject_03,subject_03_relaxed_session_01
18.636,0.0730663862010458,relaxed,subject_03,subject_03_relaxed_session_01
18.64,0.04846759321770598,relaxed,subject_03,subject_03_relaxed_session_01
18.644,0.08090851725617919,relaxed,subject_03,subject_03_relaxed_session_01
18.648,0.07772831933943235,relaxed,subject_03,subject_03_relaxed_session_01
18.652,0.08124310864907647,relaxed,subject_03,subject_03_relaxed_session_01
18.656,0.04451844009735556,relaxed,subject_03,subject_03_relaxed_session_01
18.66,0.06967507358367961,relaxed,subject_03,subject_03_relaxed_session_01
18.664,0.0871648473403912,relaxed,subject_03,subject_03_relaxed_session_01
18.668,0.0390061919401247,relaxed,subject_03,subject_03_relaxed_session_01
18.672,0.035306916187390826,relaxed,subject_03,subject_03_relaxed_session_01
18.676,0.04105286701837114,relaxed,subject_03,subject_03_relaxed_session_01
18.68,-0.021183889438281443,relaxed,subject_03,subject_03_relaxed_session_01
18.684,-0.010369743389603954,relaxed,subject_03,subject_03_relaxed_session_01
18.688,0.0009910328361548131,relaxed,subject_03,subject_03_relaxed_session_01
18.692,0.0005149070257438508,relaxed,subject_03,subject_03_relaxed_session_01
18.696,0.005221681224693223,relaxed,subject_03,subject_03_relaxed_session_01
18.7,0.00430096307512848,relaxed,subject_03,subject_03_relaxed_session_01
18.704,-0.03217712179890693,relaxed,subject_03,subject_03_relaxed_session_01
18.708,0.01500820273937595,relaxed,subject_03,subject_03_relaxed_session_01
18.712,-0.0043451974010949015,relaxed,subject_03,subject_03_relaxed_session_01
18.716,-0.012444656000855148,relaxed,subject_03,subject_03_relaxed_session_01
18.72,-0.0061420576779925695,relaxed,subject_03,subject_03_relaxed_session_01
18.724,-0.03027163199812087,relaxed,subject_03,subject_03_relaxed_session_01
18.728,-0.024470865245126736,relaxed,subject_03,subject_03_relaxed_session_01
18.732,-0.04283848922434311,relaxed,subject_03,subject_03_relaxed_session_01
18.736,-0.06652434315039292,relaxed,subject_03,subject_03_relaxed_session_01
18.74,-0.028233726220299286,relaxed,subject_03,subject_03_relaxed_session_01
18.744,0.010088176284693981,relaxed,subject_03,subject_03_relaxed_session_01
18.748,-0.0365646993991695,relaxed,subject_03,subject_03_relaxed_session_01
18.752,-0.05710661966727523,relaxed,subject_03,subject_03_relaxed_session_01
18.756,-0.015667394252711055,relaxed,subject_03,subject_03_relaxed_session_01
18.76,-0.03811025624573276,relaxed,subject_03,subject_03_relaxed_session_01
18.764,-0.022475553074039877,relaxed,subject_03,subject_03_relaxed_session_01
18.768,-0.0222592481454821,relaxed,subject_03,subject_03_relaxed_session_01
18.772,-0.05124377705309861,relaxed,subject_03,subject_03_relaxed_session_01
18.776,-0.038182171547830934,relaxed,subject_03,subject_03_relaxed_session_01
18.78,-0.04839838899946209,relaxed,subject_03,subject_03_relaxed_session_01
18.784,-0.07797273756635897,relaxed,subject_03,subject_03_relaxed_session_01
18.788,-0.022517449221710867,relaxed,subject_03,subject_03_relaxed_session_01
18.792,0.02166379988716122,relaxed,subject_03,subject_03_relaxed_session_01
18.796,0.08493920931584936,relaxed,subject_03,subject_03_relaxed_session_01
18.8,0.19975083998492454,relaxed,subject_03,subject_03_relaxed_session_01
18.804,0.34999465237579724,relaxed,subject_03,subject_03_relaxed_session_01
18.808,0.46491181198972886,relaxed,subject_03,subject_03_relaxed_session_01
18.812,0.5514905949761666,relaxed,subject_03,subject_03_relaxed_session_01
18.816,0.6732882236738267,relaxed,subject_03,subject_03_relaxed_session_01
18.82,0.7734693859181164,relaxed,subject_03,subject_03_relaxed_session_01
18.824,0.8118587532076781,relaxed,subject_03,subject_03_relaxed_session_01
18.828,0.7998262486568243,relaxed,subject_03,subject_03_relaxed_session_01
18.832,0.770926762453423,relaxed,subject_03,subject_03_relaxed_session_01
18.836,0.6734071969292712,relaxed,subject_03,subject_03_relaxed_session_01
18.84,0.5352608365986878,relaxed,subject_03,subject_03_relaxed_session_01
18.844,0.3974455815880016,relaxed,subject_03,subject_03_relaxed_session_01
18.848,0.2690969662714985,relaxed,subject_03,subject_03_relaxed_session_01
18.852,0.10500585980939145,relaxed,subject_03,subject_03_relaxed_session_01
18.856,0.048129542174750725,relaxed,subject_03,subject_03_relaxed_session_01
18.86,-0.05874658915126021,relaxed,subject_03,subject_03_relaxed_session_01
18.864,-0.05544181660516598,relaxed,subject_03,subject_03_relaxed_session_01
18.868,-0.13329435761427208,relaxed,subject_03,subject_03_relaxed_session_01
18.872,-0.09110435368523101,relaxed,subject_03,subject_03_relaxed_session_01
18.876,-0.12567176174244668,relaxed,subject_03,subject_03_relaxed_session_01
18.88,-0.08119486394500074,relaxed,subject_03,subject_03_relaxed_session_01
18.884,-0.04303537825741806,relaxed,subject_03,subject_03_relaxed_session_01
18.888,-0.01823334534233883,relaxed,subject_03,subject_03_relaxed_session_01
18.892,-0.008595182926370733,relaxed,subject_03,subject_03_relaxed_session_01
18.896,-0.0047910323925693995,relaxed,subject_03,subject_03_relaxed_session_01
18.9,0.002529684299539616,relaxed,subject_03,subject_03_relaxed_session_01
18.904,0.00795836933520639,relaxed,subject_03,subject_03_relaxed_session_01
18.908,-0.01794254965329891,relaxed,subject_03,subject_03_relaxed_session_01
18.912,-0.011535534244553933,relaxed,subject_03,subject_03_relaxed_session_01
18.916,0.012494525430562472,relaxed,subject_03,subject_03_relaxed_session_01
18.92,0.023856631321267967,relaxed,subject_03,subject_03_relaxed_session_01
18.924,0.0019414399735790174,relaxed,subject_03,subject_03_relaxed_session_01
18.928,-0.00238474065898474,relaxed,subject_03,subject_03_relaxed_session_01
18.932,0.0006051000707140309,relaxed,subject_03,subject_03_relaxed_session_01
18.936,-0.0007486926642945903,relaxed,subject_03,subject_03_relaxed_session_01
18.94,0.029324409602804205,relaxed,subject_03,subject_03_relaxed_session_01
18.944,0.04696221923072074,relaxed,subject_03,subject_03_relaxed_session_01
18.948,0.03860181044293687,relaxed,subject_03,subject_03_relaxed_session_01
18.952,0.03337474346807736,relaxed,subject_03,subject_03_relaxed_session_01
18.956,0.07715676849520056,relaxed,subject_03,subject_03_relaxed_session_01
18.96,0.04422153496983903,relaxed,subject_03,subject_03_relaxed_session_01
18.964,0.07746731869728699,relaxed,subject_03,subject_03_relaxed_session_01
18.968,0.03379139070441062,relaxed,subject_03,subject_03_relaxed_session_01
18.972,0.06577883586852003,relaxed,subject_03,subject_03_relaxed_session_01
18.976,0.04782653796625139,relaxed,subject_03,subject_03_relaxed_session_01
18.98,0.05521283601650402,relaxed,subject_03,subject_03_relaxed_session_01
18.984,0.06373605052315166,relaxed,subject_03,subject_03_relaxed_session_01
18.988,0.08758424726349769,relaxed,subject_03,subject_03_relaxed_session_01
18.992,0.08348842839988181,relaxed,subject_03,subject_03_relaxed_session_01
18.996,0.05778906647565485,relaxed,subject_03,subject_03_relaxed_session_01
19.0,0.09692545775202054,relaxed,subject_03,subject_03_relaxed_session_01
19.004,0.09953104223506004,relaxed,subject_03,subject_03_relaxed_session_01
19.008,0.0834054843521048,relaxed,subject_03,subject_03_relaxed_session_01
19.012,0.13367225375624453,relaxed,subject_03,subject_03_relaxed_session_01
19.016,0.14401429166135457,relaxed,subject_03,subject_03_relaxed_session_01
19.02,0.14896206774114157,relaxed,subject_03,subject_03_relaxed_session_01
19.024,0.17639661749661434,relaxed,subject_03,subject_03_relaxed_session_01
19.028,0.12534668242255564,relaxed,subject_03,subject_03_relaxed_session_01
19.032,0.13101030615766043,relaxed,subject_03,subject_03_relaxed_session_01
19.036,0.15712240200425956,relaxed,subject_03,subject_03_relaxed_session_01
19.04,0.1599295761362038,relaxed,subject_03,subject_03_relaxed_session_01
19.044,0.1690995257171047,relaxed,subject_03,subject_03_relaxed_session_01
19.048,0.18685233990903996,relaxed,subject_03,subject_03_relaxed_session_01
19.052,0.16828343874305066,relaxed,subject_03,subject_03_relaxed_session_01
19.056,0.19686225276225383,relaxed,subject_03,subject_03_relaxed_session_01
19.06,0.16310169327955196,relaxed,subject_03,subject_03_relaxed_session_01
19.064,0.17021202610955807,relaxed,subject_03,subject_03_relaxed_session_01
19.068,0.15944096748576886,relaxed,subject_03,subject_03_relaxed_session_01
19.072,0.11422223301735485,relaxed,subject_03,subject_03_relaxed_session_01
19.076,0.14770985033129452,relaxed,subject_03,subject_03_relaxed_session_01
19.08,0.20034291602251109,relaxed,subject_03,subject_03_relaxed_session_01
19.084,0.20369880137810545,relaxed,subject_03,subject_03_relaxed_session_01
19.088,0.15474794233436306,relaxed,subject_03,subject_03_relaxed_session_01
19.092,0.19712999572897785,relaxed,subject_03,subject_03_relaxed_session_01
19.096,0.127605901728182,relaxed,subject_03,subject_03_relaxed_session_01
19.1,0.1527372571779524,relaxed,subject_03,subject_03_relaxed_session_01
19.104,0.16074871963108794,relaxed,subject_03,subject_03_relaxed_session_01
19.108,0.18747221083270077,relaxed,subject_03,subject_03_relaxed_session_01
19.112,0.19841454412939089,relaxed,subject_03,subject_03_relaxed_session_01
19.116,0.14853170733749665,relaxed,subject_03,subject_03_relaxed_session_01
19.12,0.15158518973881016,relaxed,subject_03,subject_03_relaxed_session_01
19.124,0.16861194274048516,relaxed,subject_03,subject_03_relaxed_session_01
19.128,0.18731688046198533,relaxed,subject_03,subject_03_relaxed_session_01
19.132,0.16043712174604458,relaxed,subject_03,subject_03_relaxed_session_01
19.136,0.10658380621270769,relaxed,subject_03,subject_03_relaxed_session_01
19.14,0.1422407195672526,relaxed,subject_03,subject_03_relaxed_session_01
19.144,0.105602363643723,relaxed,subject_03,subject_03_relaxed_session_01
19.148,0.14024275489628638,relaxed,subject_03,subject_03_relaxed_session_01
19.152,0.11851865377942034,relaxed,subject_03,subject_03_relaxed_session_01
19.156,0.07900745848149845,relaxed,subject_03,subject_03_relaxed_session_01
19.16,0.11517544050641462,relaxed,subject_03,subject_03_relaxed_session_01
19.164,0.0972933697374762,relaxed,subject_03,subject_03_relaxed_session_01
19.168,0.08838786804823921,relaxed,subject_03,subject_03_relaxed_session_01
19.172,0.07481513990391786,relaxed,subject_03,subject_03_relaxed_session_01
19.176,0.057654096398813,relaxed,subject_03,subject_03_relaxed_session_01
19.18,0.07452383522763933,relaxed,subject_03,subject_03_relaxed_session_01
19.184,0.10041971417217205,relaxed,subject_03,subject_03_relaxed_session_01
19.188,0.08893970851421343,relaxed,subject_03,subject_03_relaxed_session_01
19.192,0.041668255247705566,relaxed,subject_03,subject_03_relaxed_session_01
19.196,-0.001935288317233698,relaxed,subject_03,subject_03_relaxed_session_01
19.2,0.024194919437411453,relaxed,subject_03,subject_03_relaxed_session_01
19.204,0.03329750873004228,relaxed,subject_03,subject_03_relaxed_session_01
19.208,0.031541317878502735,relaxed,subject_03,subject_03_relaxed_session_01
19.212,0.03950226888554271,relaxed,subject_03,subject_03_relaxed_session_01
19.216,0.03199053682785897,relaxed,subject_03,subject_03_relaxed_session_01
19.22,0.028458209276363007,relaxed,subject_03,subject_03_relaxed_session_01
19.224,-0.0026204912981231416,relaxed,subject_03,subject_03_relaxed_session_01
19.228,-0.003770762690304192,relaxed,subject_03,subject_03_relaxed_session_01
19.232,-0.018068684164402715,relaxed,subject_03,subject_03_relaxed_session_01
19.236,0.005853167110929996,relaxed,subject_03,subject_03_relaxed_session_01
19.24,0.015267713837463812,relaxed,subject_03,subject_03_relaxed_session_01
19.244,0.016863668012542264,relaxed,subject_03,subject_03_relaxed_session_01
19.248,-0.05696308886701396,relaxed,subject_03,subject_03_relaxed_session_01
19.252,0.0005229364885317965,relaxed,subject_03,subject_03_relaxed_session_01
19.256,-0.03163549194700065,relaxed,subject_03,subject_03_relaxed_session_01
19.26,-0.0007257725806930834,relaxed,subject_03,subject_03_relaxed_session_01
19.264,-0.035075981412614754,relaxed,subject_03,subject_03_relaxed_session_01
19.268,-0.0008326630858490943,relaxed,subject_03,subject_03_relaxed_session_01
19.272,-0.029748907530479353,relaxed,subject_03,subject_03_relaxed_session_01
19.276,-0.030469839124351812,relaxed,subject_03,subject_03_relaxed_session_01
19.28,-0.002897211066617684,relaxed,subject_03,subject_03_relaxed_session_01
19.284,-0.03090751654140263,relaxed,subject_03,subject_03_relaxed_session_01
19.288,-0.0015026124456054384,relaxed,subject_03,subject_03_relaxed_session_01
19.292,-0.006547067253652441,relaxed,subject_03,subject_03_relaxed_session_01
19.296,-0.024229823345834307,relaxed,subject_03,subject_03_relaxed_session_01
19.3,-0.03161313677381053,relaxed,subject_03,subject_03_relaxed_session_01
19.304,0.002515503129922065,relaxed,subject_03,subject_03_relaxed_session_01
19.308,-0.006809262135948603,relaxed,subject_03,subject_03_relaxed_session_01
19.312,0.009100451964022795,relaxed,subject_03,subject_03_relaxed_session_01
19.316,-0.05889163694134179,relaxed,subject_03,subject_03_relaxed_session_01
19.32,-0.030056781196662864,relaxed,subject_03,subject_03_relaxed_session_01
19.324,-0.03357789104688666,relaxed,subject_03,subject_03_relaxed_session_01
19.328,-0.01438436045782444,relaxed,subject_03,subject_03_relaxed_session_01
19.332,-0.043732878183266086,relaxed,subject_03,subject_03_relaxed_session_01
19.336,-0.041006769746664215,relaxed,subject_03,subject_03_relaxed_session_01
19.34,-0.024090270051972656,relaxed,subject_03,subject_03_relaxed_session_01
19.344,-0.062464710061937385,relaxed,subject_03,subject_03_relaxed_session_01
19.348,-0.0652039596910714,relaxed,subject_03,subject_03_relaxed_session_01
19.352,-0.02727640271007769,relaxed,subject_03,subject_03_relaxed_session_01
19.356,0.02812494311551626,relaxed,subject_03,subject_03_relaxed_session_01
19.36,-0.02265541211070638,relaxed,subject_03,subject_03_relaxed_session_01
19.364,-0.032410615147792726,relaxed,subject_03,subject_03_relaxed_session_01
19.368,-0.016192302805665075,relaxed,subject_03,subject_03_relaxed_session_01
19.372,-0.013179032787605138,relaxed,subject_03,subject_03_relaxed_session_01
19.376,-0.027223179686531804,relaxed,subject_03,subject_03_relaxed_session_01
19.38,-0.03808028755652261,relaxed,subject_03,subject_03_relaxed_session_01
19.384,-0.05580616968846014,relaxed,subject_03,subject_03_relaxed_session_01
19.388,-0.006288497168331696,relaxed,subject_03,subject_03_relaxed_session_01
19.392,-0.03355480210667631,relaxed,subject_03,subject_03_relaxed_session_01
19.396,-0.01446910777255276,relaxed,subject_03,subject_03_relaxed_session_01
19.4,-0.0026012892911867307,relaxed,subject_03,subject_03_relaxed_session_01
19.404,-0.029612731237462553,relaxed,subject_03,subject_03_relaxed_session_01
19.408,-0.05247490298302423,relaxed,subject_03,subject_03_relaxed_session_01
19.412,-0.027328369817099803,relaxed,subject_03,subject_03_relaxed_session_01
19.416,-0.025468538152053823,relaxed,subject_03,subject_03_relaxed_session_01
19.42,-0.011928787961916522,relaxed,subject_03,subject_03_relaxed_session_01
19.424,-0.03263769138810419,relaxed,subject_03,subject_03_relaxed_session_01
19.428,-0.03290368578586714,relaxed,subject_03,subject_03_relaxed_session_01
19.432,-0.027256224171103346,relaxed,subject_03,subject_03_relaxed_session_01
19.436,-0.011039732125076737,relaxed,subject_03,subject_03_relaxed_session_01
19.44,0.0007814212950807246,relaxed,subject_03,subject_03_relaxed_session_01
19.444,0.030927201332223847,relaxed,subject_03,subject_03_relaxed_session_01
19.448,0.02456135173108529,relaxed,subject_03,subject_03_relaxed_session_01
19.452,-0.014696117477928398,relaxed,subject_03,subject_03_relaxed_session_01
19.456,-0.024112486878161064,relaxed,subject_03,subject_03_relaxed_session_01
19.46,-0.019601090032008172,relaxed,subject_03,subject_03_relaxed_session_01
19.464,-0.030447672231965074,relaxed,subject_03,subject_03_relaxed_session_01
19.468,0.0015752387360531976,relaxed,subject_03,subject_03_relaxed_session_01
19.472,-0.017081788632956105,relaxed,subject_03,subject_03_relaxed_session_01
19.476,-0.015425292911438647,relaxed,subject_03,subject_03_relaxed_session_01
19.48,-0.009779407187027259,relaxed,subject_03,subject_03_relaxed_session_01
19.484,0.03345428356810476,relaxed,subject_03,subject_03_relaxed_session_01
19.488,0.018963612279922534,relaxed,subject_03,subject_03_relaxed_session_01
19.492,-0.001467396762601745,relaxed,subject_03,subject_03_relaxed_session_01
19.496,0.04876860099554267,relaxed,subject_03,subject_03_relaxed_session_01
19.5,0.06044714140965653,relaxed,subject_03,subject_03_relaxed_session_01
19.504,0.03294935764721375,relaxed,subject_03,subject_03_relaxed_session_01
19.508,0.031953520719443046,relaxed,subject_03,subject_03_relaxed_session_01
19.512,0.03552533154507924,relaxed,subject_03,subject_03_relaxed_session_01
19.516,0.06339756531090492,relaxed,subject_03,subject_03_relaxed_session_01
19.52,0.08111974784864799,relaxed,subject_03,subject_03_relaxed_session_01
19.524,0.07063621709421383,relaxed,subject_03,subject_03_relaxed_session_01
19.528,0.04421989209417038,relaxed,subject_03,subject_03_relaxed_session_01
19.532,0.09569429259755878,relaxed,subject_03,subject_03_relaxed_session_01
19.536,0.0759416345115805,relaxed,subject_03,subject_03_relaxed_session_01
19.54,0.07490709452324598,relaxed,subject_03,subject_03_relaxed_session_01
19.544,0.08868725768027412,relaxed,subject_03,subject_03_relaxed_session_01
19.548,0.10129267581437122,relaxed,subject_03,subject_03_relaxed_session_01
19.552,0.05722231862458027,relaxed,subject_03,subject_03_relaxed_session_01
19.556,0.051961126366570715,relaxed,subject_03,subject_03_relaxed_session_01
19.56,0.07588755615458898,relaxed,subject_03,subject_03_relaxed_session_01
19.564,0.0734839679705759,relaxed,subject_03,subject_03_relaxed_session_01
19.568,0.08898417255982227,relaxed,subject_03,subject_03_relaxed_session_01
19.572,0.09246998755684922,relaxed,subject_03,subject_03_relaxed_session_01
19.576,0.05275901624697576,relaxed,subject_03,subject_03_relaxed_session_01
19.58,0.06471670247417369,relaxed,subject_03,subject_03_relaxed_session_01
19.584,0.06238828847414845,relaxed,subject_03,subject_03_relaxed_session_01
19.588,0.05920092184751561,relaxed,subject_03,subject_03_relaxed_session_01
19.592,0.01041648104033678,relaxed,subject_03,subject_03_relaxed_session_01
19.596,0.04804698286777284,relaxed,subject_03,subject_03_relaxed_session_01
19.6,0.015836796886689965,relaxed,subject_03,subject_03_relaxed_session_01
19.604,0.038907759473858466,relaxed,subject_03,subject_03_relaxed_session_01
19.608,-0.00044908180272151474,relaxed,subject_03,subject_03_relaxed_session_01
19.612,0.01933685599206031,relaxed,subject_03,subject_03_relaxed_session_01
19.616,0.007752931508219011,relaxed,subject_03,subject_03_relaxed_session_01
19.62,0.05264841645446185,relaxed,subject_03,subject_03_relaxed_session_01
19.624,-0.011426662953131009,relaxed,subject_03,subject_03_relaxed_session_01
19.628,-0.016121484605552062,relaxed,subject_03,subject_03_relaxed_session_01
19.632,0.029756288073492516,relaxed,subject_03,subject_03_relaxed_session_01
19.636,0.014925516201963801,relaxed,subject_03,subject_03_relaxed_session_01
19.64,0.0005536670983737847,relaxed,subject_03,subject_03_relaxed_session_01
19.644,-0.016458795074021856,relaxed,subject_03,subject_03_relaxed_session_01
19.648,-0.03150218218528957,relaxed,subject_03,subject_03_relaxed_session_01
19.652,-0.018449785657720735,relaxed,subject_03,subject_03_relaxed_session_01
19.656,-0.021653735507387403,relaxed,subject_03,subject_03_relaxed_session_01
19.66,-0.025852596494302146,relaxed,subject_03,subject_03_relaxed_session_01
19.664,-0.02279094884386014,relaxed,subject_03,subject_03_relaxed_session_01
19.668,-0.024300804382854372,relaxed,subject_03,subject_03_relaxed_session_01
19.672,0.0056428846370564865,relaxed,subject_03,subject_03_relaxed_session_01
19.676,-0.0421370078078799,relaxed,subject_03,subject_03_relaxed_session_01
19.68,-0.007493263597148198,relaxed,subject_03,subject_03_relaxed_session_01
19.684,-0.012019199630653548,relaxed,subject_03,subject_03_relaxed_session_01
19.688,-0.022179604029747956,relaxed,subject_03,subject_03_relaxed_session_01
19.692,-0.012563897541689566,relaxed,subject_03,subject_03_relaxed_session_01
19.696,-0.022843212755948406,relaxed,subject_03,subject_03_relaxed_session_01
19.7,-0.03229844042205341,relaxed,subject_03,subject_03_relaxed_session_01
19.704,-0.007028165295289417,relaxed,subject_03,subject_03_relaxed_session_01
19.708,-0.057813581424824456,relaxed,subject_03,subject_03_relaxed_session_01
19.712,0.07749159822788672,relaxed,subject_03,subject_03_relaxed_session_01
19.716,0.12561432872888761,relaxed,subject_03,subject_03_relaxed_session_01
19.72,0.23101438031778562,relaxed,subject_03,subject_03_relaxed_session_01
19.724,0.2942170310950971,relaxed,subject_03,subject_03_relaxed_session_01
19.728,0.4401189073490621,relaxed,subject_03,subject_03_relaxed_session_01
19.732,0.5718884042328387,relaxed,subject_03,subject_03_relaxed_session_01
19.736,0.672295129586654,relaxed,subject_03,subject_03_relaxed_session_01
19.74,0.7718619010788023,relaxed,subject_03,subject_03_relaxed_session_01
19.744,0.8259041773754313,relaxed,subject_03,subject_03_relaxed_session_01
19.748,0.8058435991138799,relaxed,subject_03,subject_03_relaxed_session_01
19.752,0.8086309585745118,relaxed,subject_03,subject_03_relaxed_session_01
19.756,0.7292125799811066,relaxed,subject_03,subject_03_relaxed_session_01
19.76,0.5915878038479876,relaxed,subject_03,subject_03_relaxed_session_01
19.764,0.4473853367558809,relaxed,subject_03,subject_03_relaxed_session_01
19.768,0.3374741078414435,relaxed,subject_03,subject_03_relaxed_session_01
19.772,0.1872665887227972,relaxed,subject_03,subject_03_relaxed_session_01
19.776,0.09731366121384655,relaxed,subject_03,subject_03_relaxed_session_01
19.78,-0.009202393171626444,relaxed,subject_03,subject_03_relaxed_session_01
19.784,-0.01866779198298887,relaxed,subject_03,subject_03_relaxed_session_01
19.788,-0.08954923099516053,relaxed,subject_03,subject_03_relaxed_session_01
19.792,-0.09850276072299174,relaxed,subject_03,subject_03_relaxed_session_01
19.796,-0.07032602246878367,relaxed,subject_03,subject_03_relaxed_session_01
19.8,-0.08590698161947373,relaxed,subject_03,subject_03_relaxed_session_01
19.804,-0.053213081922100725,relaxed,subject_03,subject_03_relaxed_session_01
19.808,-0.053318091452606756,relaxed,subject_03,subject_03_relaxed_session_01
19.812,-0.0039021079832779384,relaxed,subject_03,subject_03_relaxed_session_01
19.816,0.0189704614869863,relaxed,subject_03,subject_03_relaxed_session_01
19.82,-0.0022324797819995423,relaxed,subject_03,subject_03_relaxed_session_01
19.824,0.03574655754740119,relaxed,subject_03,subject_03_relaxed_session_01
19.828,-0.002905537548385592,relaxed,subject_03,subject_03_relaxed_session_01
19.832,0.007868770992450654,relaxed,subject_03,subject_03_relaxed_session_01
19.836,0.03814941775911315,relaxed,subject_03,subject_03_relaxed_session_01
19.84,0.037741085588936976,relaxed,subject_03,subject_03_relaxed_session_01
19.844,0.035894380098713034,relaxed,subject_03,subject_03_relaxed_session_01
19.848,0.052527312448969535,relaxed,subject_03,subject_03_relaxed_session_01
19.852,0.03308776403522564,relaxed,subject_03,subject_03_relaxed_session_01
19.856,0.04419879247339124,relaxed,subject_03,subject_03_relaxed_session_01
19.86,0.028774982025443978,relaxed,subject_03,subject_03_relaxed_session_01
19.864,0.08541513112878715,relaxed,subject_03,subject_03_relaxed_session_01
19.868,0.0426234396586896,relaxed,subject_03,subject_03_relaxed_session_01
19.872,0.05232936271989514,relaxed,subject_03,subject_03_relaxed_session_01
19.876,0.06597002688728427,relaxed,subject_03,subject_03_relaxed_session_01
19.88,0.08052873509593483,relaxed,subject_03,subject_03_relaxed_session_01
19.884,0.08593853544143376,relaxed,subject_03,subject_03_relaxed_session_01
19.888,0.02442838221653866,relaxed,subject_03,subject_03_relaxed_session_01
19.892,0.1199429826697,relaxed,subject_03,subject_03_relaxed_session_01
19.896,0.12295289479562678,relaxed,subject_03,subject_03_relaxed_session_01
19.9,0.12209996543448097,relaxed,subject_03,subject_03_relaxed_session_01
19.904,0.10639960050399655,relaxed,subject_03,subject_03_relaxed_session_01
19.908,0.1349350331268267,relaxed,subject_03,subject_03_relaxed_session_01
19.912,0.12180325728105311,relaxed,subject_03,subject_03_relaxed_session_01
19.916,0.12817418956604387,relaxed,subject_03,subject_03_relaxed_session_01
19.92,0.1437749772312975,relaxed,subject_03,subject_03_relaxed_session_01
19.924,0.14728497952788827,relaxed,subject_03,subject_03_relaxed_session_01
19.928,0.16344441390102588,relaxed,subject_03,subject_03_relaxed_session_01
19.932,0.10638441803543276,relaxed,subject_03,subject_03_relaxed_session_01
19.936,0.1539693046611098,relaxed,subject_03,subject_03_relaxed_session_01
19.94,0.13748622647661163,relaxed,subject_03,subject_03_relaxed_session_01
19.944,0.18648242470863752,relaxed,subject_03,subject_03_relaxed_session_01
19.948,0.1553385438525887,relaxed,subject_03,subject_03_relaxed_session_01
19.952,0.17337069675573405,relaxed,subject_03,subject_03_relaxed_session_01
19.956,0.20289144023441133,relaxed,subject_03,subject_03_relaxed_session_01
19.96,0.2151265359673777,relaxed,subject_03,subject_03_relaxed_session_01
19.964,0.2110387418240566,relaxed,subject_03,subject_03_relaxed_session_01
19.968,0.21245743506075546,relaxed,subject_03,subject_03_relaxed_session_01
19.972,0.17723596919309154,relaxed,subject_03,subject_03_relaxed_session_01
19.976,0.18376808627904725,relaxed,subject_03,subject_03_relaxed_session_01
19.98,0.17995505662330435,relaxed,subject_03,subject_03_relaxed_session_01
19.984,0.1877998402079139,relaxed,subject_03,subject_03_relaxed_session_01
19.988,0.2137304564635514,relaxed,subject_03,subject_03_relaxed_session_01
19.992,0.23180363339238985,relaxed,subject_03,subject_03_relaxed_session_01
19.996,0.23233052494405038,relaxed,subject_03,subject_03_relaxed_session_01
20.0,0.1753284885162755,relaxed,subject_03,subject_03_relaxed_session_01
20.004,0.21117083167954684,relaxed,subject_03,subject_03_relaxed_session_01
20.008,0.2054302230141508,relaxed,subject_03,subject_03_relaxed_session_01
20.012,0.1630626821943602,relaxed,subject_03,subject_03_relaxed_session_01
20.016,0.22399808498674728,relaxed,subject_03,subject_03_relaxed_session_01
20.02,0.2209459226657714,relaxed,subject_03,subject_03_relaxed_session_01
20.024,0.18979003242455852,relaxed,subject_03,subject_03_relaxed_session_01
20.028,0.1923459985066212,relaxed,subject_03,subject_03_relaxed_session_01
20.032,0.19761977455895408,relaxed,subject_03,subject_03_relaxed_session_01
20.036,0.1987682773177423,relaxed,subject_03,subject_03_relaxed_session_01
20.04,0.17294058937291604,relaxed,subject_03,subject_03_relaxed_session_01
20.044,0.16382810847468493,relaxed,subject_03,subject_03_relaxed_session_01
20.048,0.15409305013431088,relaxed,subject_03,subject_03_relaxed_session_01
20.052,0.20013166343564814,relaxed,subject_03,subject_03_relaxed_session_01
20.056,0.18906532203216028,relaxed,subject_03,subject_03_relaxed_session_01
20.06,0.13696136749896615,relaxed,subject_03,subject_03_relaxed_session_01
20.064,0.1348793978537319,relaxed,subject_03,subject_03_relaxed_session_01
20.068,0.12545686450190296,relaxed,subject_03,subject_03_relaxed_session_01
20.072,0.11076541036849569,relaxed,subject_03,subject_03_relaxed_session_01
20.076,0.17324043316716967,relaxed,subject_03,subject_03_relaxed_session_01
20.08,0.11327723203188307,relaxed,subject_03,subject_03_relaxed_session_01
20.084,0.13692290786735012,relaxed,subject_03,subject_03_relaxed_session_01
20.088,0.10877982456972128,relaxed,subject_03,subject_03_relaxed_session_01
20.092,0.10506285668813689,relaxed,subject_03,subject_03_relaxed_session_01
20.096,0.09768184248732487,relaxed,subject_03,subject_03_relaxed_session_01
20.1,0.10494901081912056,relaxed,subject_03,subject_03_relaxed_session_01
20.104,0.08819193527967803,relaxed,subject_03,subject_03_relaxed_session_01
20.108,0.10125765855378056,relaxed,subject_03,subject_03_relaxed_session_01
20.112,0.1041064064727399,relaxed,subject_03,subject_03_relaxed_session_01
20.116,0.06343842866359305,relaxed,subject_03,subject_03_relaxed_session_01
20.12,0.07498961010998238,relaxed,subject_03,subject_03_relaxed_session_01
20.124,0.03351478904882204,relaxed,subject_03,subject_03_relaxed_session_01
20.128,0.05125757929197769,relaxed,subject_03,subject_03_relaxed_session_01
20.132,0.05780751406888263,relaxed,subject_03,subject_03_relaxed_session_01
20.136,0.04944241720656994,relaxed,subject_03,subject_03_relaxed_session_01
20.14,0.04746180676407823,relaxed,subject_03,subject_03_relaxed_session_01
20.144,0.056424483126639016,relaxed,subject_03,subject_03_relaxed_session_01
20.148,0.05728475121368373,relaxed,subject_03,subject_03_relaxed_session_01
20.152,-0.0028280107960590925,relaxed,subject_03,subject_03_relaxed_session_01
20.156,0.04048956040152829,relaxed,subject_03,subject_03_relaxed_session_01
20.16,0.027889258035212916,relaxed,subject_03,subject_03_relaxed_session_01
20.164,0.022114643174704476,relaxed,subject_03,subject_03_relaxed_session_01
20.168,0.05743633633201237,relaxed,subject_03,subject_03_relaxed_session_01
20.172,-0.007658142983908614,relaxed,subject_03,subject_03_relaxed_session_01
20.176,0.024556894092545915,relaxed,subject_03,subject_03_relaxed_session_01
20.18,0.052718173038553334,relaxed,subject_03,subject_03_relaxed_session_01
20.184,0.023859346813384554,relaxed,subject_03,subject_03_relaxed_session_01
20.188,0.0020580503607225686,relaxed,subject_03,subject_03_relaxed_session_01
20.192,0.015508315362967581,relaxed,subject_03,subject_03_relaxed_session_01
20.196,0.05417321289392593,relaxed,subject_03,subject_03_relaxed_session_01
20.2,0.04122892130563818,relaxed,subject_03,subject_03_relaxed_session_01
20.204,0.006585043633001723,relaxed,subject_03,subject_03_relaxed_session_01
20.208,0.04690409315273199,relaxed,subject_03,subject_03_relaxed_session_01
20.212,0.02831033971000061,relaxed,subject_03,subject_03_relaxed_session_01
20.216,-0.035833538304237036,relaxed,subject_03,subject_03_relaxed_session_01
20.22,0.01241920137765917,relaxed,subject_03,subject_03_relaxed_session_01
20.224,0.050649026373196925,relaxed,subject_03,subject_03_relaxed_session_01
20.228,0.010680295145789593,relaxed,subject_03,subject_03_relaxed_session_01
20.232,0.04395698230158338,relaxed,subject_03,subject_03_relaxed_session_01
20.236,-0.01536249842488259,relaxed,subject_03,subject_03_relaxed_session_01
20.24,-0.01301834112312966,relaxed,subject_03,subject_03_relaxed_session_01
20.244,0.03568571340862545,relaxed,subject_03,subject_03_relaxed_session_01
20.248,0.029989790035523697,relaxed,subject_03,subject_03_relaxed_session_01
20.252,0.01237252005608166,relaxed,subject_03,subject_03_relaxed_session_01
20.256,0.03024971523497242,relaxed,subject_03,subject_03_relaxed_session_01
20.26,0.0010231289693452342,relaxed,subject_03,subject_03_relaxed_session_01
20.264,-0.00962304694289286,relaxed,subject_03,subject_03_relaxed_session_01
20.268,0.020685728296100214,relaxed,subject_03,subject_03_relaxed_session_01
20.272,0.007279975732432844,relaxed,subject_03,subject_03_relaxed_session_01
20.276,0.021434529813794546,relaxed,subject_03,subject_03_relaxed_session_01
20.28,0.017326644370109858,relaxed,subject_03,subject_03_relaxed_session_01
20.284,0.0066056074637681015,relaxed,subject_03,subject_03_relaxed_session_01
20.288,0.051115991829162585,relaxed,subject_03,subject_03_relaxed_session_01
20.292,-0.007187246610541861,relaxed,subject_03,subject_03_relaxed_session_01
20.296,0.01677524321017624,relaxed,subject_03,subject_03_relaxed_session_01
20.3,0.012009842005329282,relaxed,subject_03,subject_03_relaxed_session_01
20.304,0.020196240328994884,relaxed,subject_03,subject_03_relaxed_session_01
20.308,0.015173725213518566,relaxed,subject_03,subject_03_relaxed_session_01
20.312,0.036045919192111434,relaxed,subject_03,subject_03_relaxed_session_01
20.316,0.020939181368786995,relaxed,subject_03,subject_03_relaxed_session_01
20.32,0.0019364651248294472,relaxed,subject_03,subject_03_relaxed_session_01
20.324,-0.0052869042525852325,relaxed,subject_03,subject_03_relaxed_session_01
20.328,0.00020551777997259747,relaxed,subject_03,subject_03_relaxed_session_01
20.332,-0.0002738073430136982,relaxed,subject_03,subject_03_relaxed_session_01
20.336,0.030028145891893582,relaxed,subject_03,subject_03_relaxed_session_01
20.34,0.01534961628983101,relaxed,subject_03,subject_03_relaxed_session_01
20.344,0.025553241365126222,relaxed,subject_03,subject_03_relaxed_session_01
20.348,-0.009150897418408074,relaxed,subject_03,subject_03_relaxed_session_01
20.352,0.012976939819265607,relaxed,subject_03,subject_03_relaxed_session_01
20.356,0.03000977429361419,relaxed,subject_03,subject_03_relaxed_session_01
20.36,0.04238221814889437,relaxed,subject_03,subject_03_relaxed_session_01
20.364,-0.006681182719621228,relaxed,subject_03,subject_03_relaxed_session_01
20.368,0.05606242255133012,relaxed,subject_03,subject_03_relaxed_session_01
20.372,0.055462033598798116,relaxed,subject_03,subject_03_relaxed_session_01
20.376,0.04922076345863252,relaxed,subject_03,subject_03_relaxed_session_01
20.38,0.05670649870907663,relaxed,subject_03,subject_03_relaxed_session_01
20.384,0.02669075984969222,relaxed,subject_03,subject_03_relaxed_session_01
20.388,0.021504847067723667,relaxed,subject_03,subject_03_relaxed_session_01
20.392,0.042706553909349944,relaxed,subject_03,subject_03_relaxed_session_01
20.396,0.05093054589140404,relaxed,subject_03,subject_03_relaxed_session_01
20.4,0.03664935956483254,relaxed,subject_03,subject_03_relaxed_session_01
20.404,0.06550656791985904,relaxed,subject_03,subject_03_relaxed_session_01
20.408,0.08677608311449547,relaxed,subject_03,subject_03_relaxed_session_01
20.412,0.08161208822442811,relaxed,subject_03,subject_03_relaxed_session_01
20.416,0.06997155538455417,relaxed,subject_03,subject_03_relaxed_session_01
20.42,0.025682021717529,relaxed,subject_03,subject_03_relaxed_session_01
20.424,0.04930371916421074,relaxed,subject_03,subject_03_relaxed_session_01
20.428,0.08365872520151604,relaxed,subject_03,subject_03_relaxed_session_01
20.432,0.10379404543988997,relaxed,subject_03,subject_03_relaxed_session_01
20.436,0.06772424091726562,relaxed,subject_03,subject_03_relaxed_session_01
20.44,0.10300422089710554,relaxed,subject_03,subject_03_relaxed_session_01
20.444,0.11984294629582312,relaxed,subject_03,subject_03_relaxed_session_01
20.448,0.10836557010713085,relaxed,subject_03,subject_03_relaxed_session_01
20.452,0.1007193842304725,relaxed,subject_03,subject_03_relaxed_session_01
20.456,0.08633148010871255,relaxed,subject_03,subject_03_relaxed_session_01
20.46,0.13357064322474024,relaxed,subject_03,subject_03_relaxed_session_01
20.464,0.10641842135439152,relaxed,subject_03,subject_03_relaxed_session_01
20.468,0.15304326661901946,relaxed,subject_03,subject_03_relaxed_session_01
20.472,0.12347855788271515,relaxed,subject_03,subject_03_relaxed_session_01
20.476,0.12636079071870446,relaxed,subject_03,subject_03_relaxed_session_01
20.48,0.1339115676215039,relaxed,subject_03,subject_03_relaxed_session_01
20.484,0.10754018779593677,relaxed,subject_03,subject_03_relaxed_session_01
20.488,0.1211421532704885,relaxed,subject_03,subject_03_relaxed_session_01
20.492,0.09516696499690479,relaxed,subject_03,subject_03_relaxed_session_01
20.496,0.0879011090218911,relaxed,subject_03,subject_03_relaxed_session_01
20.5,0.08111103160808601,relaxed,subject_03,subject_03_relaxed_session_01
20.504,0.08466882087607004,relaxed,subject_03,subject_03_relaxed_session_01
20.508,0.13051943606931327,relaxed,subject_03,subject_03_relaxed_session_01
20.512,0.06604940384676627,relaxed,subject_03,subject_03_relaxed_session_01
20.516,0.09114390550495632,relaxed,subject_03,subject_03_relaxed_session_01
20.52,0.06912469760444671,relaxed,subject_03,subject_03_relaxed_session_01
20.524,0.04586771862596971,relaxed,subject_03,subject_03_relaxed_session_01
20.528,0.07953296871905868,relaxed,subject_03,subject_03_relaxed_session_01
20.532,0.048998002670098066,relaxed,subject_03,subject_03_relaxed_session_01
20.536,0.04579208415702429,relaxed,subject_03,subject_03_relaxed_session_01
20.54,0.07235010237006771,relaxed,subject_03,subject_03_relaxed_session_01
20.544,0.0417574041340456,relaxed,subject_03,subject_03_relaxed_session_01
20.548,0.048138017279226064,relaxed,subject_03,subject_03_relaxed_session_01
20.552,0.04011572650302964,relaxed,subject_03,subject_03_relaxed_session_01
20.556,0.03614707233041493,relaxed,subject_03,subject_03_relaxed_session_01
20.56,0.009318087890312462,relaxed,subject_03,subject_03_relaxed_session_01
20.564,0.050866730509261285,relaxed,subject_03,subject_03_relaxed_session_01
20.568,0.036434852695140824,relaxed,subject_03,subject_03_relaxed_session_01
20.572,0.04682353776314101,relaxed,subject_03,subject_03_relaxed_session_01
20.576,0.03164700676714913,relaxed,subject_03,subject_03_relaxed_session_01
20.58,0.0494693202910535,relaxed,subject_03,subject_03_relaxed_session_01
20.584,0.030569685271714254,relaxed,subject_03,subject_03_relaxed_session_01
20.588,0.0543188102912943,relaxed,subject_03,subject_03_relaxed_session_01
20.592,0.008181087246976432,relaxed,subject_03,subject_03_relaxed_session_01
20.596,0.009840390006495177,relaxed,subject_03,subject_03_relaxed_session_01
20.6,0.06043188063198051,relaxed,subject_03,subject_03_relaxed_session_01
20.604,0.03950625970631815,relaxed,subject_03,subject_03_relaxed_session_01
20.608,0.057246504506596074,relaxed,subject_03,subject_03_relaxed_session_01
20.612,0.027547380888138497,relaxed,subject_03,subject_03_relaxed_session_01
20.616,0.0040672738137518495,relaxed,subject_03,subject_03_relaxed_session_01
20.62,0.042685106910080865,relaxed,subject_03,subject_03_relaxed_session_01
20.624,-0.029218135914725545,relaxed,subject_03,subject_03_relaxed_session_01
20.628,0.03778322861947023,relaxed,subject_03,subject_03_relaxed_session_01
20.632,0.005574197326967373,relaxed,subject_03,subject_03_relaxed_session_01
20.636,0.14627060980954265,relaxed,subject_03,subject_03_relaxed_session_01
20.64,0.18184436787811314,relaxed,subject_03,subject_03_relaxed_session_01
20.644,0.305471986619425,relaxed,subject_03,subject_03_relaxed_session_01
20.648,0.4164923292612437,relaxed,subject_03,subject_03_relaxed_session_01
20.652,0.5759132426688399,relaxed,subject_03,subject_03_relaxed_session_01
20.656,0.6799191722561272,relaxed,subject_03,subject_03_relaxed_session_01
20.66,0.8092293570094774,relaxed,subject_03,subject_03_relaxed_session_01
20.664,0.8333286450219259,relaxed,subject_03,subject_03_relaxed_session_01
20.668,0.8463947307422786,relaxed,subject_03,subject_03_relaxed_session_01
20.672,0.8389304393819276,relaxed,subject_03,subject_03_relaxed_session_01
20.676,0.8159974227068945,relaxed,subject_03,subject_03_relaxed_session_01
20.68,0.7025921950623625,relaxed,subject_03,subject_03_relaxed_session_01
20.684,0.5782373326415509,relaxed,subject_03,subject_03_relaxed_session_01
20.688,0.4061008955127937,relaxed,subject_03,subject_03_relaxed_session_01
20.692,0.25563906897698696,relaxed,subject_03,subject_03_relaxed_session_01
20.696,0.1909461353084194,relaxed,subject_03,subject_03_relaxed_session_01
20.7,0.04033237714280364,relaxed,subject_03,subject_03_relaxed_session_01
20.704,0.0029368662056548675,relaxed,subject_03,subject_03_relaxed_session_01
20.708,-0.04635222750146408,relaxed,subject_03,subject_03_relaxed_session_01
20.712,-0.04288029111234086,relaxed,subject_03,subject_03_relaxed_session_01
20.716,-0.07269845565991,relaxed,subject_03,subject_03_relaxed_session_01
20.72,-0.0062536360215887515,relaxed,subject_03,subject_03_relaxed_session_01
20.724,0.022205009925559963,relaxed,subject_03,subject_03_relaxed_session_01
20.728,0.03228018127676295,relaxed,subject_03,subject_03_relaxed_session_01
20.732,0.0022912380404554802,relaxed,subject_03,subject_03_relaxed_session_01
20.736,0.04274006484283865,relaxed,subject_03,subject_03_relaxed_session_01
20.74,0.037203558057316274,relaxed,subject_03,subject_03_relaxed_session_01
20.744,0.04524092462059137,relaxed,subject_03,subject_03_relaxed_session_01
20.748,0.08197984742908496,relaxed,subject_03,subject_03_relaxed_session_01
20.752,0.043145588218612335,relaxed,subject_03,subject_03_relaxed_session_01
20.756,0.0683717540215895,relaxed,subject_03,subject_03_relaxed_session_01
20.76,0.0228916337059415,relaxed,subject_03,subject_03_relaxed_session_01
20.764,0.062403378497309085,relaxed,subject_03,subject_03_relaxed_session_01
20.768,0.08295831500602725,relaxed,subject_03,subject_03_relaxed_session_01
20.772,0.06493259351010365,relaxed,subject_03,subject_03_relaxed_session_01
20.776,0.08406199752757745,relaxed,subject_03,subject_03_relaxed_session_01
20.78,0.05961760645362334,relaxed,subject_03,subject_03_relaxed_session_01
20.784,0.07080314039965899,relaxed,subject_03,subject_03_relaxed_session_01
20.788,0.08196801326969623,relaxed,subject_03,subject_03_relaxed_session_01
20.792,0.07857712916579325,relaxed,subject_03,subject_03_relaxed_session_01
20.796,0.1123868845152548,relaxed,subject_03,subject_03_relaxed_session_01
20.8,0.12149379646822216,relaxed,subject_03,subject_03_relaxed_session_01
20.804,0.11800660971606163,relaxed,subject_03,subject_03_relaxed_session_01
20.808,0.06004191581315984,relaxed,subject_03,subject_03_relaxed_session_01
20.812,0.1101161745369777,relaxed,subject_03,subject_03_relaxed_session_01
20.816,0.1392916116100543,relaxed,subject_03,subject_03_relaxed_session_01
20.82,0.1252975525470639,relaxed,subject_03,subject_03_relaxed_session_01
20.824,0.1303617288067556,relaxed,subject_03,subject_03_relaxed_session_01
20.828,0.15986782289867685,relaxed,subject_03,subject_03_relaxed_session_01
20.832,0.16731928523917644,relaxed,subject_03,subject_03_relaxed_session_01
20.836,0.16603230109812847,relaxed,subject_03,subject_03_relaxed_session_01
20.84,0.130783443422514,relaxed,subject_03,subject_03_relaxed_session_01
20.844,0.14464840568421683,relaxed,subject_03,subject_03_relaxed_session_01
20.848,0.18132152573311136,relaxed,subject_03,subject_03_relaxed_session_01
20.852,0.13819694776412955,relaxed,subject_03,subject_03_relaxed_session_01
20.856,0.21882359928324777,relaxed,subject_03,subject_03_relaxed_session_01
20.86,0.1948224987874909,relaxed,subject_03,subject_03_relaxed_session_01
20.864,0.18389905521395614,relaxed,subject_03,subject_03_relaxed_session_01
20.868,0.1930016600759861,relaxed,subject_03,subject_03_relaxed_session_01
20.872,0.233161728455773,relaxed,subject_03,subject_03_relaxed_session_01
20.876,0.1889177176380204,relaxed,subject_03,subject_03_relaxed_session_01
20.88,0.1804068745001751,relaxed,subject_03,subject_03_relaxed_session_01
20.884,0.20339245750686666,relaxed,subject_03,subject_03_relaxed_session_01
20.888,0.2331593322490218,relaxed,subject_03,subject_03_relaxed_session_01
20.892,0.2628639211831815,relaxed,subject_03,subject_03_relaxed_session_01
20.896,0.25828992931926453,relaxed,subject_03,subject_03_relaxed_session_01
20.9,0.2278669883014744,relaxed,subject_03,subject_03_relaxed_session_01
20.904,0.2444153918945825,relaxed,subject_03,subject_03_relaxed_session_01
20.908,0.24736461327725498,relaxed,subject_03,subject_03_relaxed_session_01
20.912,0.24597145466974005,relaxed,subject_03,subject_03_relaxed_session_01
20.916,0.20275759396527654,relaxed,subject_03,subject_03_relaxed_session_01
20.92,0.23594417030711873,relaxed,subject_03,subject_03_relaxed_session_01
20.924,0.2575664786369699,relaxed,subject_03,subject_03_relaxed_session_01
20.928,0.27809178135039575,relaxed,subject_03,subject_03_relaxed_session_01
20.932,0.24722690384965676,relaxed,subject_03,subject_03_relaxed_session_01
20.936,0.2591155527292568,relaxed,subject_03,subject_03_relaxed_session_01
20.94,0.25240415983854825,relaxed,subject_03,subject_03_relaxed_session_01
20.944,0.22416464887789003,relaxed,subject_03,subject_03_relaxed_session_01
20.948,0.20161205330981996,relaxed,subject_03,subject_03_relaxed_session_01
20.952,0.24709004245966382,relaxed,subject_03,subject_03_relaxed_session_01
20.956,0.2572361152450673,relaxed,subject_03,subject_03_relaxed_session_01
20.96,0.20710081564608596,relaxed,subject_03,subject_03_relaxed_session_01
20.964,0.23439709316411367,relaxed,subject_03,subject_03_relaxed_session_01
20.968,0.20828792880972868,relaxed,subject_03,subject_03_relaxed_session_01
20.972,0.17212716950420148,relaxed,subject_03,subject_03_relaxed_session_01
20.976,0.19486826394647927,relaxed,subject_03,subject_03_relaxed_session_01
20.98,0.1765745425839712,relaxed,subject_03,subject_03_relaxed_session_01
20.984,0.19064495318923796,relaxed,subject_03,subject_03_relaxed_session_01
20.988,0.183499440402825,relaxed,subject_03,subject_03_relaxed_session_01
20.992,0.15624368895729354,relaxed,subject_03,subject_03_relaxed_session_01
20.996,0.13656302166041312,relaxed,subject_03,subject_03_relaxed_session_01
21.0,0.1471183433089761,relaxed,subject_03,subject_03_relaxed_session_01
21.004,0.18084600194171718,relaxed,subject_03,subject_03_relaxed_session_01
21.008,0.11998555538519337,relaxed,subject_03,subject_03_relaxed_session_01
21.012,0.15163641059578736,relaxed,subject_03,subject_03_relaxed_session_01
21.016,0.1428948393869974,relaxed,subject_03,subject_03_relaxed_session_01
21.02,0.11379164604100635,relaxed,subject_03,subject_03_relaxed_session_01
21.024,0.10201259646694222,relaxed,subject_03,subject_03_relaxed_session_01
21.028,0.12496105579973826,relaxed,subject_03,subject_03_relaxed_session_01
21.032,0.10691272551455372,relaxed,subject_03,subject_03_relaxed_session_01
21.036,0.09199151398523128,relaxed,subject_03,subject_03_relaxed_session_01
21.04,0.10628631861550453,relaxed,subject_03,subject_03_relaxed_session_01
21.044,0.12438679974875916,relaxed,subject_03,subject_03_relaxed_session_01
21.048,0.1118976155375769,relaxed,subject_03,subject_03_relaxed_session_01
21.052,0.08514342737697794,relaxed,subject_03,subject_03_relaxed_session_01
21.056,0.010671858329202477,relaxed,subject_03,subject_03_relaxed_session_01
21.06,0.06943974230715143,relaxed,subject_03,subject_03_relaxed_session_01
21.064,0.05031560764096094,relaxed,subject_03,subject_03_relaxed_session_01
21.068,0.06272729625189656,relaxed,subject_03,subject_03_relaxed_session_01
21.072,0.056449742821062326,relaxed,subject_03,subject_03_relaxed_session_01
21.076,0.053979529557343364,relaxed,subject_03,subject_03_relaxed_session_01
21.08,0.07890516910829667,relaxed,subject_03,subject_03_relaxed_session_01
21.084,0.05011347064416288,relaxed,subject_03,subject_03_relaxed_session_01
21.088,0.04673855428629683,relaxed,subject_03,subject_03_relaxed_session_01
21.092,0.05938513557035935,relaxed,subject_03,subject_03_relaxed_session_01
21.096,0.026579100958484637,relaxed,subject_03,subject_03_relaxed_session_01
21.1,0.039026760420743066,relaxed,subject_03,subject_03_relaxed_session_01
21.104,0.01659521660747825,relaxed,subject_03,subject_03_relaxed_session_01
21.108,0.05482959859514035,relaxed,subject_03,subject_03_relaxed_session_01
21.112,0.04552869093402131,relaxed,subject_03,subject_03_relaxed_session_01
21.116,0.08093027472963626,relaxed,subject_03,subject_03_relaxed_session_01
21.12,0.005669439693245196,relaxed,subject_03,subject_03_relaxed_session_01
21.124,0.056648465638000536,relaxed,subject_03,subject_03_relaxed_session_01
21.128,0.001189847942659597,relaxed,subject_03,subject_03_relaxed_session_01
21.132,0.015453994037883938,relaxed,subject_03,subject_03_relaxed_session_01
21.136,-0.008341181740185132,relaxed,subject_03,subject_03_relaxed_session_01
21.14,0.03523884429825906,relaxed,subject_03,subject_03_relaxed_session_01
21.144,0.0386727386115747,relaxed,subject_03,subject_03_relaxed_session_01
21.148,0.026204116995735154,relaxed,subject_03,subject_03_relaxed_session_01
21.152,-0.011561887378663906,relaxed,subject_03,subject_03_relaxed_session_01
21.156,0.021033511235570124,relaxed,subject_03,subject_03_relaxed_session_01
21.16,0.033863102344374334,relaxed,subject_03,subject_03_relaxed_session_01
21.164,0.01262590167956077,relaxed,subject_03,subject_03_relaxed_session_01
21.168,0.030031337078551445,relaxed,subject_03,subject_03_relaxed_session_01
21.172,0.05192309843061207,relaxed,subject_03,subject_03_relaxed_session_01
21.176,0.018574675714992578,relaxed,subject_03,subject_03_relaxed_session_01
21.18,0.00808047576891354,relaxed,subject_03,subject_03_relaxed_session_01
21.184,0.027998945064570086,relaxed,subject_03,subject_03_relaxed_session_01
21.188,0.06574278213924485,relaxed,subject_03,subject_03_relaxed_session_01
21.192,0.03936662135346242,relaxed,subject_03,subject_03_relaxed_session_01
21.196,-0.001072699930503778,relaxed,subject_03,subject_03_relaxed_session_01
21.2,0.0560970771961781,relaxed,subject_03,subject_03_relaxed_session_01
21.204,0.02057307500485,relaxed,subject_03,subject_03_relaxed_session_01
21.208,0.024069860262275228,relaxed,subject_03,subject_03_relaxed_session_01
21.212,0.0028682144137107783,relaxed,subject_03,subject_03_relaxed_session_01
21.216,0.0315245143438619,relaxed,subject_03,subject_03_relaxed_session_01
21.22,-0.010600718511725494,relaxed,subject_03,subject_03_relaxed_session_01
21.224,0.0058883113869704524,relaxed,subject_03,subject_03_relaxed_session_01
21.228,0.040531688897929505,relaxed,subject_03,subject_03_relaxed_session_01
21.232,0.030877151677403937,relaxed,subject_03,subject_03_relaxed_session_01
21.236,0.013260329916322873,relaxed,subject_03,subject_03_relaxed_session_01
21.24,0.024474784060586594,relaxed,subject_03,subject_03_relaxed_session_01
21.244,0.0423515456889939,relaxed,subject_03,subject_03_relaxed_session_01
21.248,0.036158347728909565,relaxed,subject_03,subject_03_relaxed_session_01
21.252,0.041886357698629,relaxed,subject_03,subject_03_relaxed_session_01
21.256,0.005088459871414958,relaxed,subject_03,subject_03_relaxed_session_01
21.26,0.014977815006061284,relaxed,subject_03,subject_03_relaxed_session_01
21.264,0.0682087974922208,relaxed,subject_03,subject_03_relaxed_session_01
21.268,0.02204777137071066,relaxed,subject_03,subject_03_relaxed_session_01
21.272,0.02139821656291995,relaxed,subject_03,subject_03_relaxed_session_01
21.276,0.03380435094922577,relaxed,subject_03,subject_03_relaxed_session_01
21.28,0.03669458181054244,relaxed,subject_03,subject_03_relaxed_session_01
21.284,0.013468160496536253,relaxed,subject_03,subject_03_relaxed_session_01
21.288,-0.015008126766853605,relaxed,subject_03,subject_03_relaxed_session_01
21.292,0.029954567563799876,relaxed,subject_03,subject_03_relaxed_session_01
21.296,0.037889949039369285,relaxed,subject_03,subject_03_relaxed_session_01
21.3,0.005079979689259696,relaxed,subject_03,subject_03_relaxed_session_01
21.304,0.04830784890592579,relaxed,subject_03,subject_03_relaxed_session_01
21.308,0.05253209145570362,relaxed,subject_03,subject_03_relaxed_session_01
21.312,0.06846944088152769,relaxed,subject_03,subject_03_relaxed_session_01
21.316,0.030606121783961878,relaxed,subject_03,subject_03_relaxed_session_01
21.32,0.06380030338591496,relaxed,subject_03,subject_03_relaxed_session_01
21.324,0.07170864663581851,relaxed,subject_03,subject_03_relaxed_session_01
21.328,0.09475828391996657,relaxed,subject_03,subject_03_relaxed_session_01
21.332,0.08703733511006334,relaxed,subject_03,subject_03_relaxed_session_01
21.336,0.09614338447593583,relaxed,subject_03,subject_03_relaxed_session_01
21.34,0.08324739296457008,relaxed,subject_03,subject_03_relaxed_session_01
21.344,0.07643739001434724,relaxed,subject_03,subject_03_relaxed_session_01
21.348,0.11615420869016552,relaxed,subject_03,subject_03_relaxed_session_01
21.352,0.0705854166113182,relaxed,subject_03,subject_03_relaxed_session_01
21.356,0.13152377365362705,relaxed,subject_03,subject_03_relaxed_session_01
21.36,0.12162634201440951,relaxed,subject_03,subject_03_relaxed_session_01
21.364,0.1034851639509119,relaxed,subject_03,subject_03_relaxed_session_01
21.368,0.08238941647742798,relaxed,subject_03,subject_03_relaxed_session_01
21.372,0.11619434882148474,relaxed,subject_03,subject_03_relaxed_session_01
21.376,0.10770591710952054,relaxed,subject_03,subject_03_relaxed_session_01
21.38,0.09087790232581575,relaxed,subject_03,subject_03_relaxed_session_01
21.384,0.11248418699566799,relaxed,subject_03,subject_03_relaxed_session_01
21.388,0.14259064198434734,relaxed,subject_03,subject_03_relaxed_session_01
21.392,0.12415782665340101,relaxed,subject_03,subject_03_relaxed_session_01
21.396,0.11857020746063085,relaxed,subject_03,subject_03_relaxed_session_01
21.4,0.0903060510915529,relaxed,subject_03,subject_03_relaxed_session_01
21.404,0.11556778074816886,relaxed,subject_03,subject_03_relaxed_session_01
21.408,0.14756129594389084,relaxed,subject_03,subject_03_relaxed_session_01
21.412,0.11310496482689497,relaxed,subject_03,subject_03_relaxed_session_01
21.416,0.10085868775279923,relaxed,subject_03,subject_03_relaxed_session_01
21.42,0.11834305768389253,relaxed,subject_03,subject_03_relaxed_session_01
21.424,0.12365122771862183,relaxed,subject_03,subject_03_relaxed_session_01
21.428,0.12065895073780597,relaxed,subject_03,subject_03_relaxed_session_01
21.432,0.09449201054775416,relaxed,subject_03,subject_03_relaxed_session_01
21.436,0.04925915868846161,relaxed,subject_03,subject_03_relaxed_session_01
21.44,0.09646081865639484,relaxed,subject_03,subject_03_relaxed_session_01
21.444,0.06339619307427943,relaxed,subject_03,subject_03_relaxed_session_01
21.448,0.055513762178173984,relaxed,subject_03,subject_03_relaxed_session_01
21.452,0.04159212924452757,relaxed,subject_03,subject_03_relaxed_session_01
21.456,0.06722356666348364,relaxed,subject_03,subject_03_relaxed_session_01
21.46,0.07113289136933001,relaxed,subject_03,subject_03_relaxed_session_01
21.464,0.03458765141854232,relaxed,subject_03,subject_03_relaxed_session_01
21.468,0.05709614809565935,relaxed,subject_03,subject_03_relaxed_session_01
21.472,0.0628741218257409,relaxed,subject_03,subject_03_relaxed_session_01
21.476,0.04520502420940182,relaxed,subject_03,subject_03_relaxed_session_01
21.48,0.03522604328384321,relaxed,subject_03,subject_03_relaxed_session_01
21.484,0.02981661732180599,relaxed,subject_03,subject_03_relaxed_session_01
21.488,0.017686657341928275,relaxed,subject_03,subject_03_relaxed_session_01
21.492,0.044254186332815554,relaxed,subject_03,subject_03_relaxed_session_01
21.496,0.05028971553193304,relaxed,subject_03,subject_03_relaxed_session_01
21.5,0.028823040247610402,relaxed,subject_03,subject_03_relaxed_session_01
21.504,0.016181218555465157,relaxed,subject_03,subject_03_relaxed_session_01
21.508,0.033959098609534916,relaxed,subject_03,subject_03_relaxed_session_01
21.512,0.0052145226150520155,relaxed,subject_03,subject_03_relaxed_session_01
21.516,0.04757731559818647,relaxed,subject_03,subject_03_relaxed_session_01
21.52,0.04418814105849411,relaxed,subject_03,subject_03_relaxed_session_01
21.524,0.02963064586708638,relaxed,subject_03,subject_03_relaxed_session_01
21.528,0.008325505469500224,relaxed,subject_03,subject_03_relaxed_session_01
21.532,0.008680598266406957,relaxed,subject_03,subject_03_relaxed_session_01
21.536,-0.0280299080861477,relaxed,subject_03,subject_03_relaxed_session_01
21.54,-0.013927412194251369,relaxed,subject_03,subject_03_relaxed_session_01
21.544,0.015028478272245762,relaxed,subject_03,subject_03_relaxed_session_01
21.548,-0.0056836221117783445,relaxed,subject_03,subject_03_relaxed_session_01
21.552,0.08471354032669111,relaxed,subject_03,subject_03_relaxed_session_01
21.556,0.07808508781868653,relaxed,subject_03,subject_03_relaxed_session_01
21.56,0.14707639359049407,relaxed,subject_03,subject_03_relaxed_session_01
21.564,0.2745978731035215,relaxed,subject_03,subject_03_relaxed_session_01
21.568,0.39571895403572677,relaxed,subject_03,subject_03_relaxed_session_01
21.572,0.5434232896209368,relaxed,subject_03,subject_03_relaxed_session_01
21.576,0.6345248382355773,relaxed,subject_03,subject_03_relaxed_session_01
21.58,0.7279210403398811,relaxed,subject_03,subject_03_relaxed_session_01
21.584,0.8104622869885997,relaxed,subject_03,subject_03_relaxed_session_01
21.588,0.8834634051339587,relaxed,subject_03,subject_03_relaxed_session_01
21.592,0.8849597835481205,relaxed,subject_03,subject_03_relaxed_session_01
21.596,0.7883425888717676,relaxed,subject_03,subject_03_relaxed_session_01
21.6,0.706201429903197,relaxed,subject_03,subject_03_relaxed_session_01
21.604,0.6166652706314993,relaxed,subject_03,subject_03_relaxed_session_01
21.608,0.46757559652255154,relaxed,subject_03,subject_03_relaxed_session_01
21.612,0.30333341077304543,relaxed,subject_03,subject_03_relaxed_session_01
21.616,0.16536892995983024,relaxed,subject_03,subject_03_relaxed_session_01
21.62,0.07192434105737647,relaxed,subject_03,subject_03_relaxed_session_01
21.624,0.026873758046943294,relaxed,subject_03,subject_03_relaxed_session_01
21.628,-0.06516961013321855,relaxed,subject_03,subject_03_relaxed_session_01
21.632,-0.05003189688330691,relaxed,subject_03,subject_03_relaxed_session_01
21.636,-0.060456161302530884,relaxed,subject_03,subject_03_relaxed_session_01
21.64,-0.054991564246735264,relaxed,subject_03,subject_03_relaxed_session_01
21.644,-0.032587090682384495,relaxed,subject_03,subject_03_relaxed_session_01
21.648,0.01179724501225656,relaxed,subject_03,subject_03_relaxed_session_01
21.652,0.01906663369095876,relaxed,subject_03,subject_03_relaxed_session_01
21.656,0.03951500792714698,relaxed,subject_03,subject_03_relaxed_session_01
21.66,0.009723047398014748,relaxed,subject_03,subject_03_relaxed_session_01
21.664,-0.0026691117213383797,relaxed,subject_03,subject_03_relaxed_session_01
21.668,0.03815180669638799,relaxed,subject_03,subject_03_relaxed_session_01
21.672,0.037132438536531115,relaxed,subject_03,subject_03_relaxed_session_01
21.676,0.03030376721749564,relaxed,subject_03,subject_03_relaxed_session_01
21.68,0.003247500889735966,relaxed,subject_03,subject_03_relaxed_session_01
21.684,0.06295318588139379,relaxed,subject_03,subject_03_relaxed_session_01
21.688,-0.010227408664715311,relaxed,subject_03,subject_03_relaxed_session_01
21.692,0.06630851878503782,relaxed,subject_03,subject_03_relaxed_session_01
21.696,0.06891851885870194,relaxed,subject_03,subject_03_relaxed_session_01
21.7,0.07142401737768234,relaxed,subject_03,subject_03_relaxed_session_01
21.704,0.062014994796333135,relaxed,subject_03,subject_03_relaxed_session_01
21.708,0.022071731999623097,relaxed,subject_03,subject_03_relaxed_session_01
21.712,0.039897211647941945,relaxed,subject_03,subject_03_relaxed_session_01
21.716,0.059989797302598596,relaxed,subject_03,subject_03_relaxed_session_01
21.72,0.11857997862708733,relaxed,subject_03,subject_03_relaxed_session_01
21.724,0.10583580705259739,relaxed,subject_03,subject_03_relaxed_session_01
21.728,0.08841954523205892,relaxed,subject_03,subject_03_relaxed_session_01
21.732,0.08530239777538108,relaxed,subject_03,subject_03_relaxed_session_01
21.736,0.10591438917491117,relaxed,subject_03,subject_03_relaxed_session_01
21.74,0.12604141797636897,relaxed,subject_03,subject_03_relaxed_session_01
21.744,0.12110534375269734,relaxed,subject_03,subject_03_relaxed_session_01
21.748,0.09336891576337267,relaxed,subject_03,subject_03_relaxed_session_01
21.752,0.15606907111940094,relaxed,subject_03,subject_03_relaxed_session_01
21.756,0.14322956438647927,relaxed,subject_03,subject_03_relaxed_session_01
21.76,0.12974880081712645,relaxed,subject_03,subject_03_relaxed_session_01
21.764,0.15318827263489931,relaxed,subject_03,subject_03_relaxed_session_01
21.768,0.17664374101199273,relaxed,subject_03,subject_03_relaxed_session_01
21.772,0.16622387663663066,relaxed,subject_03,subject_03_relaxed_session_01
21.776,0.17339143228196222,relaxed,subject_03,subject_03_relaxed_session_01
21.78,0.20114062585998485,relaxed,subject_03,subject_03_relaxed_session_01
21.784,0.1637324609309535,relaxed,subject_03,subject_03_relaxed_session_01
21.788,0.16259105908992677,relaxed,subject_03,subject_03_relaxed_session_01
21.792,0.17816886646139674,relaxed,subject_03,subject_03_relaxed_session_01
21.796,0.20938244974041428,relaxed,subject_03,subject_03_relaxed_session_01
21.8,0.21634681233879202,relaxed,subject_03,subject_03_relaxed_session_01
21.804,0.2047119138826722,relaxed,subject_03,subject_03_relaxed_session_01
21.808,0.1884528069495323,relaxed,subject_03,subject_03_relaxed_session_01
21.812,0.2444945001487028,relaxed,subject_03,subject_03_relaxed_session_01
21.816,0.18872243433850788,relaxed,subject_03,subject_03_relaxed_session_01
21.82,0.2053797523531857,relaxed,subject_03,subject_03_relaxed_session_01
21.824,0.20256443515167533,relaxed,subject_03,subject_03_relaxed_session_01
21.828,0.23948160152448786,relaxed,subject_03,subject_03_relaxed_session_01
21.832,0.21580805173641376,relaxed,subject_03,subject_03_relaxed_session_01
21.836,0.25282494727884536,relaxed,subject_03,subject_03_relaxed_session_01
21.84,0.23597409723733503,relaxed,subject_03,subject_03_relaxed_session_01
21.844,0.2008501414918571,relaxed,subject_03,subject_03_relaxed_session_01
21.848,0.2121101336857224,relaxed,subject_03,subject_03_relaxed_session_01
21.852,0.20622541214197368,relaxed,subject_03,subject_03_relaxed_session_01
21.856,0.24252583345168835,relaxed,subject_03,subject_03_relaxed_session_01
21.86,0.22921594576100857,relaxed,subject_03,subject_03_relaxed_session_01
21.864,0.17753447650652243,relaxed,subject_03,subject_03_relaxed_session_01
21.868,0.21626388205501954,relaxed,subject_03,subject_03_relaxed_session_01
21.872,0.20057407397761776,relaxed,subject_03,subject_03_relaxed_session_01
21.876,0.17198230361578434,relaxed,subject_03,subject_03_relaxed_session_01
21.88,0.1762296086578317,relaxed,subject_03,subject_03_relaxed_session_01
21.884,0.1833748189764682,relaxed,subject_03,subject_03_relaxed_session_01
21.888,0.13804032773365077,relaxed,subject_03,subject_03_relaxed_session_01
21.892,0.18106602255299262,relaxed,subject_03,subject_03_relaxed_session_01
21.896,0.17242467747637227,relaxed,subject_03,subject_03_relaxed_session_01
21.9,0.15951859672701202,relaxed,subject_03,subject_03_relaxed_session_01
21.904,0.1590283870523458,relaxed,subject_03,subject_03_relaxed_session_01
21.908,0.14735610449028094,relaxed,subject_03,subject_03_relaxed_session_01
21.912,0.12286351021287091,relaxed,subject_03,subject_03_relaxed_session_01
21.916,0.12593485064776055,relaxed,subject_03,subject_03_relaxed_session_01
21.92,0.1165784500824715,relaxed,subject_03,subject_03_relaxed_session_01
21.924,0.13809045196448058,relaxed,subject_03,subject_03_relaxed_session_01
21.928,0.09759329527203175,relaxed,subject_03,subject_03_relaxed_session_01
21.932,0.10132300130935781,relaxed,subject_03,subject_03_relaxed_session_01
21.936,0.10646824506776591,relaxed,subject_03,subject_03_relaxed_session_01
21.94,0.06913199772352432,relaxed,subject_03,subject_03_relaxed_session_01
21.944,0.08431564730318103,relaxed,subject_03,subject_03_relaxed_session_01
21.948,0.08786335964295594,relaxed,subject_03,subject_03_relaxed_session_01
21.952,0.08464322039589948,relaxed,subject_03,subject_03_relaxed_session_01
21.956,0.08265887787622896,relaxed,subject_03,subject_03_relaxed_session_01
21.96,0.054983661528033675,relaxed,subject_03,subject_03_relaxed_session_01
21.964,0.04311563755020047,relaxed,subject_03,subject_03_relaxed_session_01
21.968,0.0506162703233583,relaxed,subject_03,subject_03_relaxed_session_01
21.972,0.05908011346793679,relaxed,subject_03,subject_03_relaxed_session_01
21.976,0.04484334772952573,relaxed,subject_03,subject_03_relaxed_session_01
21.98,0.02400974424177257,relaxed,subject_03,subject_03_relaxed_session_01
21.984,0.08657096847867116,relaxed,subject_03,subject_03_relaxed_session_01
21.988,0.022631842182260845,relaxed,subject_03,subject_03_relaxed_session_01
21.992,0.008310931389037882,relaxed,subject_03,subject_03_relaxed_session_01
21.996,0.01758300401972842,relaxed,subject_03,subject_03_relaxed_session_01
22.0,0.04578990799608926,relaxed,subject_03,subject_03_relaxed_session_01
22.004,0.03697276110539063,relaxed,subject_03,subject_03_relaxed_session_01
22.008,0.05853425946097363,relaxed,subject_03,subject_03_relaxed_session_01
22.012,8.303315967859298e-05,relaxed,subject_03,subject_03_relaxed_session_01
22.016,0.011924372686447795,relaxed,subject_03,subject_03_relaxed_session_01
22.02,0.036068944899373255,relaxed,subject_03,subject_03_relaxed_session_01
22.024,-0.007172759402174966,relaxed,subject_03,subject_03_relaxed_session_01
22.028,0.03517435979069265,relaxed,subject_03,subject_03_relaxed_session_01
22.032,0.010997904095762422,relaxed,subject_03,subject_03_relaxed_session_01
22.036,-0.007205949779825568,relaxed,subject_03,subject_03_relaxed_session_01
22.04,-0.026962610016975756,relaxed,subject_03,subject_03_relaxed_session_01
22.044,0.01651755762962865,relaxed,subject_03,subject_03_relaxed_session_01
22.048,0.03442508497855346,relaxed,subject_03,subject_03_relaxed_session_01
22.052,0.010629621502202646,relaxed,subject_03,subject_03_relaxed_session_01
22.056,0.010785676032807666,relaxed,subject_03,subject_03_relaxed_session_01
22.06,0.007238350815233793,relaxed,subject_03,subject_03_relaxed_session_01
22.064,0.019603505935267825,relaxed,subject_03,subject_03_relaxed_session_01
22.068,0.02495026567207614,relaxed,subject_03,subject_03_relaxed_session_01
22.072,-0.05794236671751174,relaxed,subject_03,subject_03_relaxed_session_01
22.076,-0.007264959020392151,relaxed,subject_03,subject_03_relaxed_session_01
22.08,-0.01379537410254042,relaxed,subject_03,subject_03_relaxed_session_01
22.084,0.001831965245339302,relaxed,subject_03,subject_03_relaxed_session_01
22.088,-0.010343685732699451,relaxed,subject_03,subject_03_relaxed_session_01
22.092,0.00605425657386671,relaxed,subject_03,subject_03_relaxed_session_01
22.096,0.0034258807007068928,relaxed,subject_03,subject_03_relaxed_session_01
22.1,-0.04194620057390373,relaxed,subject_03,subject_03_relaxed_session_01
22.104,-0.04750278279844859,relaxed,subject_03,subject_03_relaxed_session_01
22.108,0.010831424387105538,relaxed,subject_03,subject_03_relaxed_session_01
22.112,-0.02121940286738561,relaxed,subject_03,subject_03_relaxed_session_01
22.116,0.029491240930668305,relaxed,subject_03,subject_03_relaxed_session_01
22.12,0.01189641542444365,relaxed,subject_03,subject_03_relaxed_session_01
22.124,-0.04115701919562351,relaxed,subject_03,subject_03_relaxed_session_01
22.128,-0.0215915162361405,relaxed,subject_03,subject_03_relaxed_session_01
22.132,-0.0010776086508687468,relaxed,subject_03,subject_03_relaxed_session_01
22.136,-0.015010134832111418,relaxed,subject_03,subject_03_relaxed_session_01
22.14,-0.009750421429183219,relaxed,subject_03,subject_03_relaxed_session_01
22.144,-0.02863262250641032,relaxed,subject_03,subject_03_relaxed_session_01
22.148,0.0002661966489460148,relaxed,subject_03,subject_03_relaxed_session_01
22.152,-0.006403564282961303,relaxed,subject_03,subject_03_relaxed_session_01
22.156,0.008187087263982068,relaxed,subject_03,subject_03_relaxed_session_01
22.16,-0.007996765309228986,relaxed,subject_03,subject_03_relaxed_session_01
22.164,-0.01967756264238628,relaxed,subject_03,subject_03_relaxed_session_01
22.168,-0.004394656233887545,relaxed,subject_03,subject_03_relaxed_session_01
22.172,0.00013858270455753725,relaxed,subject_03,subject_03_relaxed_session_01
22.176,-0.0070052294112419485,relaxed,subject_03,subject_03_relaxed_session_01
22.18,0.017666978520455998,relaxed,subject_03,subject_03_relaxed_session_01
22.184,-0.02837655711624677,relaxed,subject_03,subject_03_relaxed_session_01
22.188,0.011848759488577372,relaxed,subject_03,subject_03_relaxed_session_01
22.192,-0.03024942570615406,relaxed,subject_03,subject_03_relaxed_session_01
22.196,0.00780517046181897,relaxed,subject_03,subject_03_relaxed_session_01
22.2,-0.04557920503908767,relaxed,subject_03,subject_03_relaxed_session_01
22.204,-0.009492459828096642,relaxed,subject_03,subject_03_relaxed_session_01
22.208,0.016749734588953697,relaxed,subject_03,subject_03_relaxed_session_01
22.212,-0.009183785622954561,relaxed,subject_03,subject_03_relaxed_session_01
22.216,-0.0012734476012682492,relaxed,subject_03,subject_03_relaxed_session_01
22.22,0.008069890552476979,relaxed,subject_03,subject_03_relaxed_session_01
22.224,-0.04162913119572283,relaxed,subject_03,subject_03_relaxed_session_01
22.228,0.013404797513727935,relaxed,subject_03,subject_03_relaxed_session_01
22.232,-0.008658901891645518,relaxed,subject_03,subject_03_relaxed_session_01
22.236,0.032554239035037666,relaxed,subject_03,subject_03_relaxed_session_01
22.24,0.015311724514387143,relaxed,subject_03,subject_03_relaxed_session_01
22.244,0.02669771197392341,relaxed,subject_03,subject_03_relaxed_session_01
22.248,0.0017534175596608664,relaxed,subject_03,subject_03_relaxed_session_01
22.252,0.046070058566166486,relaxed,subject_03,subject_03_relaxed_session_01
22.256,0.034297857713402255,relaxed,subject_03,subject_03_relaxed_session_01
22.26,0.009708154587997644,relaxed,subject_03,subject_03_relaxed_session_01
22.264,0.034765992031091604,relaxed,subject_03,subject_03_relaxed_session_01
22.268,0.06354854021035089,relaxed,subject_03,subject_03_relaxed_session_01
22.272,0.0579676699993234,relaxed,subject_03,subject_03_relaxed_session_01
22.276,0.07449546807645516,relaxed,subject_03,subject_03_relaxed_session_01
22.28,0.057820371910599425,relaxed,subject_03,subject_03_relaxed_session_01
22.284,0.09376914526593377,relaxed,subject_03,subject_03_relaxed_session_01
22.288,0.10179148015512302,relaxed,subject_03,subject_03_relaxed_session_01
22.292,0.04206062051340782,relaxed,subject_03,subject_03_relaxed_session_01
22.296,0.09186696062716933,relaxed,subject_03,subject_03_relaxed_session_01
22.3,0.11263942138626827,relaxed,subject_03,subject_03_relaxed_session_01
22.304,0.09350537988459706,relaxed,subject_03,subject_03_relaxed_session_01
22.308,0.08391270000209314,relaxed,subject_03,subject_03_relaxed_session_01
22.312,0.05826190984436842,relaxed,subject_03,subject_03_relaxed_session_01
22.316,0.07779447926399201,relaxed,subject_03,subject_03_relaxed_session_01
22.32,0.07227676816412472,relaxed,subject_03,subject_03_relaxed_session_01
22.324,0.09780238064716952,relaxed,subject_03,subject_03_relaxed_session_01
22.328,0.09714245281550184,relaxed,subject_03,subject_03_relaxed_session_01
22.332,0.07029512265560148,relaxed,subject_03,subject_03_relaxed_session_01
22.336,0.050477377763838635,relaxed,subject_03,subject_03_relaxed_session_01
22.34,0.022290047227960567,relaxed,subject_03,subject_03_relaxed_session_01
22.344,0.0716334840333644,relaxed,subject_03,subject_03_relaxed_session_01
22.348,0.06466490085841102,relaxed,subject_03,subject_03_relaxed_session_01
22.352,0.007377151960013394,relaxed,subject_03,subject_03_relaxed_session_01
22.356,0.0540131787033019,relaxed,subject_03,subject_03_relaxed_session_01
22.36,0.055516328111278976,relaxed,subject_03,subject_03_relaxed_session_01
22.364,-0.022426202984965025,relaxed,subject_03,subject_03_relaxed_session_01
22.368,0.007151790801674451,relaxed,subject_03,subject_03_relaxed_session_01
22.372,0.07198831229932492,relaxed,subject_03,subject_03_relaxed_session_01
22.376,0.018939737472109926,relaxed,subject_03,subject_03_relaxed_session_01
22.38,0.05888890007413824,relaxed,subject_03,subject_03_relaxed_session_01
22.384,0.013636315095410748,relaxed,subject_03,subject_03_relaxed_session_01
22.388,0.027425474725662084,relaxed,subject_03,subject_03_relaxed_session_01
22.392,-0.00418406770960713,relaxed,subject_03,subject_03_relaxed_session_01
22.396,-0.014534064924851707,relaxed,subject_03,subject_03_relaxed_session_01
22.4,-0.03590197581468744,relaxed,subject_03,subject_03_relaxed_session_01
22.404,0.004418138733695232,relaxed,subject_03,subject_03_relaxed_session_01
22.408,-0.025522173348898655,relaxed,subject_03,subject_03_relaxed_session_01
22.412,-0.029572121792091614,relaxed,subject_03,subject_03_relaxed_session_01
22.416,-0.04318399396993546,relaxed,subject_03,subject_03_relaxed_session_01
22.42,-0.0126588074223398,relaxed,subject_03,subject_03_relaxed_session_01
22.424,0.0007500295684670904,relaxed,subject_03,subject_03_relaxed_session_01
22.428,-0.020231553861494757,relaxed,subject_03,subject_03_relaxed_session_01
22.432,-0.02285569848538719,relaxed,subject_03,subject_03_relaxed_session_01
22.436,0.013439344623705655,relaxed,subject_03,subject_03_relaxed_session_01
22.44,-0.05038861014012144,relaxed,subject_03,subject_03_relaxed_session_01
22.444,0.01667733296175524,relaxed,subject_03,subject_03_relaxed_session_01
22.448,-0.04887636394035799,relaxed,subject_03,subject_03_relaxed_session_01
22.452,-0.02809691835050265,relaxed,subject_03,subject_03_relaxed_session_01
22.456,-0.023712546827100382,relaxed,subject_03,subject_03_relaxed_session_01
22.46,-0.017295233234415088,relaxed,subject_03,subject_03_relaxed_session_01
22.464,-0.07189962505565975,relaxed,subject_03,subject_03_relaxed_session_01
22.468,-0.03131334364506037,relaxed,subject_03,subject_03_relaxed_session_01
22.472,-0.026214686604203116,relaxed,subject_03,subject_03_relaxed_session_01
22.476,0.048830792793304836,relaxed,subject_03,subject_03_relaxed_session_01
22.48,0.08542352480748391,relaxed,subject_03,subject_03_relaxed_session_01
22.484,0.15402587122775602,relaxed,subject_03,subject_03_relaxed_session_01
22.488,0.31550309022350165,relaxed,subject_03,subject_03_relaxed_session_01
22.492,0.4343675686179034,relaxed,subject_03,subject_03_relaxed_session_01
22.496,0.5969128579361197,relaxed,subject_03,subject_03_relaxed_session_01
22.5,0.6937444713029725,relaxed,subject_03,subject_03_relaxed_session_01
22.504,0.7441363891208279,relaxed,subject_03,subject_03_relaxed_session_01
22.508,0.8319051930454269,relaxed,subject_03,subject_03_relaxed_session_01
22.512,0.8217905026222107,relaxed,subject_03,subject_03_relaxed_session_01
22.516,0.7963212627304053,relaxed,subject_03,subject_03_relaxed_session_01
22.52,0.6875945699765998,relaxed,subject_03,subject_03_relaxed_session_01
22.524,0.5830692621810856,relaxed,subject_03,subject_03_relaxed_session_01
22.528,0.4711387724164107,relaxed,subject_03,subject_03_relaxed_session_01
22.532,0.33397390884140205,relaxed,subject_03,subject_03_relaxed_session_01
22.536,0.14614214146438792,relaxed,subject_03,subject_03_relaxed_session_01
22.54,0.08812118937396612,relaxed,subject_03,subject_03_relaxed_session_01
22.544,-0.024970578200084168,relaxed,subject_03,subject_03_relaxed_session_01
22.548,-0.058001381742421095,relaxed,subject_03,subject_03_relaxed_session_01
22.552,-0.12242502665085322,relaxed,subject_03,subject_03_relaxed_session_01
22.556,-0.0762016477376325,relaxed,subject_03,subject_03_relaxed_session_01
22.56,-0.07049025755255792,relaxed,subject_03,subject_03_relaxed_session_01
22.564,-0.08381953003708455,relaxed,subject_03,subject_03_relaxed_session_01
22.568,-0.04157166080203849,relaxed,subject_03,subject_03_relaxed_session_01
22.572,-0.03504900825048126,relaxed,subject_03,subject_03_relaxed_session_01
22.576,-0.010584944070981596,relaxed,subject_03,subject_03_relaxed_session_01
22.58,-0.042191961425841876,relaxed,subject_03,subject_03_relaxed_session_01
22.584,-0.03318445031232637,relaxed,subject_03,subject_03_relaxed_session_01
22.588,-0.019606031036862873,relaxed,subject_03,subject_03_relaxed_session_01
22.592,-0.002869587192400904,relaxed,subject_03,subject_03_relaxed_session_01
22.596,0.03359061463530791,relaxed,subject_03,subject_03_relaxed_session_01
22.6,0.007166476973491084,relaxed,subject_03,subject_03_relaxed_session_01
22.604,0.025506089252953962,relaxed,subject_03,subject_03_relaxed_session_01
22.608,-0.007866641467736298,relaxed,subject_03,subject_03_relaxed_session_01
22.612,0.0014905550653561504,relaxed,subject_03,subject_03_relaxed_session_01
22.616,0.002925464172879276,relaxed,subject_03,subject_03_relaxed_session_01
22.62,0.01621851756750095,relaxed,subject_03,subject_03_relaxed_session_01
22.624,0.03749308470620147,relaxed,subject_03,subject_03_relaxed_session_01
22.628,0.02166352086015264,relaxed,subject_03,subject_03_relaxed_session_01
22.632,0.026771810382165095,relaxed,subject_03,subject_03_relaxed_session_01
22.636,0.04912619135174086,relaxed,subject_03,subject_03_relaxed_session_01
22.64,0.03228722963012763,relaxed,subject_03,subject_03_relaxed_session_01
22.644,0.032064515131427135,relaxed,subject_03,subject_03_relaxed_session_01
22.648,0.0461768297236695,relaxed,subject_03,subject_03_relaxed_session_01
22.652,0.09491932841098003,relaxed,subject_03,subject_03_relaxed_session_01
22.656,0.08174467933068029,relaxed,subject_03,subject_03_relaxed_session_01
22.66,0.10796338539417209,relaxed,subject_03,subject_03_relaxed_session_01
22.664,0.04998029380164562,relaxed,subject_03,subject_03_relaxed_session_01
22.668,0.08996899976106597,relaxed,subject_03,subject_03_relaxed_session_01
22.672,0.08095352438602088,relaxed,subject_03,subject_03_relaxed_session_01
22.676,0.08845427685788582,relaxed,subject_03,subject_03_relaxed_session_01
22.68,0.07023564926272713,relaxed,subject_03,subject_03_relaxed_session_01
22.684,0.13340453373063846,relaxed,subject_03,subject_03_relaxed_session_01
22.688,0.08128388079446557,relaxed,subject_03,subject_03_relaxed_session_01
22.692,0.13778909158681968,relaxed,subject_03,subject_03_relaxed_session_01
22.696,0.11829265961793063,relaxed,subject_03,subject_03_relaxed_session_01
22.7,0.11399856066331256,relaxed,subject_03,subject_03_relaxed_session_01
22.704,0.11899717496248507,relaxed,subject_03,subject_03_relaxed_session_01
22.708,0.1447853923225317,relaxed,subject_03,subject_03_relaxed_session_01
22.712,0.14189759979691474,relaxed,subject_03,subject_03_relaxed_session_01
22.716,0.15448117096179662,relaxed,subject_03,subject_03_relaxed_session_01
22.72,0.11953411662149073,relaxed,subject_03,subject_03_relaxed_session_01
22.724,0.12246510359169127,relaxed,subject_03,subject_03_relaxed_session_01
22.728,0.13148894721639634,relaxed,subject_03,subject_03_relaxed_session_01
22.732,0.18768720234534422,relaxed,subject_03,subject_03_relaxed_session_01
22.736,0.20391098587592124,relaxed,subject_03,subject_03_relaxed_session_01
22.74,0.17252361841626696,relaxed,subject_03,subject_03_relaxed_session_01
22.744,0.19505153699177338,relaxed,subject_03,subject_03_relaxed_session_01
22.748,0.18898209383202855,relaxed,subject_03,subject_03_relaxed_session_01
22.752,0.206795780268157,relaxed,subject_03,subject_03_relaxed_session_01
22.756,0.20837309357248537,relaxed,subject_03,subject_03_relaxed_session_01
22.76,0.15986742023207504,relaxed,subject_03,subject_03_relaxed_session_01
22.764,0.1882370153984971,relaxed,subject_03,subject_03_relaxed_session_01
22.768,0.20078290534287685,relaxed,subject_03,subject_03_relaxed_session_01
22.772,0.19960385861519517,relaxed,subject_03,subject_03_relaxed_session_01
22.776,0.195953332145509,relaxed,subject_03,subject_03_relaxed_session_01
22.78,0.17768538013472723,relaxed,subject_03,subject_03_relaxed_session_01
22.784,0.1891084350809935,relaxed,subject_03,subject_03_relaxed_session_01
22.788,0.1439395889299824,relaxed,subject_03,subject_03_relaxed_session_01
22.792,0.14124918943426162,relaxed,subject_03,subject_03_relaxed_session_01
22.796,0.19476413924754316,relaxed,subject_03,subject_03_relaxed_session_01
22.8,0.18188430733525288,relaxed,subject_03,subject_03_relaxed_session_01
22.804,0.18693483160736438,relaxed,subject_03,subject_03_relaxed_session_01
22.808,0.1470457933179374,relaxed,subject_03,subject_03_relaxed_session_01
22.812,0.12511649888672108,relaxed,subject_03,subject_03_relaxed_session_01
22.816,0.13522414597249235,relaxed,subject_03,subject_03_relaxed_session_01
22.82,0.17179588309140686,relaxed,subject_03,subject_03_relaxed_session_01
22.824,0.11015581095096495,relaxed,subject_03,subject_03_relaxed_session_01
22.828,0.11720081804039001,relaxed,subject_03,subject_03_relaxed_session_01
22.832,0.13865718218475104,relaxed,subject_03,subject_03_relaxed_session_01
22.836,0.10947084308546436,relaxed,subject_03,subject_03_relaxed_session_01
22.84,0.0936232411345124,relaxed,subject_03,subject_03_relaxed_session_01
22.844,0.11000260212656766,relaxed,subject_03,subject_03_relaxed_session_01
22.848,0.07888880317542084,relaxed,subject_03,subject_03_relaxed_session_01
22.852,0.09156641613634146,relaxed,subject_03,subject_03_relaxed_session_01
22.856,0.027410355711594697,relaxed,subject_03,subject_03_relaxed_session_01
22.86,0.03445062089120592,relaxed,subject_03,subject_03_relaxed_session_01
22.864,0.05872034907040575,relaxed,subject_03,subject_03_relaxed_session_01
22.868,0.08414858642938067,relaxed,subject_03,subject_03_relaxed_session_01
22.872,0.04842866590144116,relaxed,subject_03,subject_03_relaxed_session_01
22.876,0.04509426548653946,relaxed,subject_03,subject_03_relaxed_session_01
22.88,0.04576595867574669,relaxed,subject_03,subject_03_relaxed_session_01
22.884,0.02738489890103174,relaxed,subject_03,subject_03_relaxed_session_01
22.888,-0.0014932623551063944,relaxed,subject_03,subject_03_relaxed_session_01
22.892,0.03976392922769529,relaxed,subject_03,subject_03_relaxed_session_01
22.896,0.026842631307305326,relaxed,subject_03,subject_03_relaxed_session_01
22.9,0.02415447109035681,relaxed,subject_03,subject_03_relaxed_session_01
22.904,-0.008977564923571114,relaxed,subject_03,subject_03_relaxed_session_01
22.908,0.04008955133658063,relaxed,subject_03,subject_03_relaxed_session_01
22.912,-0.002548464159941988,relaxed,subject_03,subject_03_relaxed_session_01
22.916,0.03136416779069143,relaxed,subject_03,subject_03_relaxed_session_01
22.92,-0.042499730667800585,relaxed,subject_03,subject_03_relaxed_session_01
22.924,-0.011678668374460015,relaxed,subject_03,subject_03_relaxed_session_01
22.928,0.024675312585840718,relaxed,subject_03,subject_03_relaxed_session_01
22.932,-0.011059215846066279,relaxed,subject_03,subject_03_relaxed_session_01
22.936,-0.05955667239856996,relaxed,subject_03,subject_03_relaxed_session_01
22.94,-0.03169634251816943,relaxed,subject_03,subject_03_relaxed_session_01
22.944,-0.008766865765381208,relaxed,subject_03,subject_03_relaxed_session_01
22.948,0.012628855573036224,relaxed,subject_03,subject_03_relaxed_session_01
22.952,-0.02339099930149269,relaxed,subject_03,subject_03_relaxed_session_01
22.956,0.0028612622550023177,relaxed,subject_03,subject_03_relaxed_session_01
22.96,-0.012421354617039526,relaxed,subject_03,subject_03_relaxed_session_01
22.964,-0.02970427944155663,relaxed,subject_03,subject_03_relaxed_session_01
22.968,-0.006757290931899581,relaxed,subject_03,subject_03_relaxed_session_01
22.972,-0.004211475861682468,relaxed,subject_03,subject_03_relaxed_session_01
22.976,-0.02999342480076125,relaxed,subject_03,subject_03_relaxed_session_01
22.98,-0.03936768331774828,relaxed,subject_03,subject_03_relaxed_session_01
22.984,-0.0579728889398625,relaxed,subject_03,subject_03_relaxed_session_01
22.988,-0.01785111815403316,relaxed,subject_03,subject_03_relaxed_session_01
22.992,-0.03824119221445105,relaxed,subject_03,subject_03_relaxed_session_01
22.996,-0.016715197909512716,relaxed,subject_03,subject_03_relaxed_session_01
23.0,-0.02169754495545425,relaxed,subject_03,subject_03_relaxed_session_01
23.004,-0.020851159638204487,relaxed,subject_03,subject_03_relaxed_session_01
23.008,-0.031476123964697705,relaxed,subject_03,subject_03_relaxed_session_01
23.012,-0.05395891914261089,relaxed,subject_03,subject_03_relaxed_session_01
23.016,-0.01921426782285248,relaxed,subject_03,subject_03_relaxed_session_01
23.02,-0.012100193906438666,relaxed,subject_03,subject_03_relaxed_session_01
23.024,0.017480092344440538,relaxed,subject_03,subject_03_relaxed_session_01
23.028,-0.04103800070297458,relaxed,subject_03,subject_03_relaxed_session_01
23.032,-0.050219925000275355,relaxed,subject_03,subject_03_relaxed_session_01
23.036,-0.05271736446991217,relaxed,subject_03,subject_03_relaxed_session_01
23.04,-0.03044547222530362,relaxed,subject_03,subject_03_relaxed_session_01
23.044,-0.01345068538481186,relaxed,subject_03,subject_03_relaxed_session_01
23.048,-0.011734379510458578,relaxed,subject_03,subject_03_relaxed_session_01
23.052,0.0017944579603733114,relaxed,subject_03,subject_03_relaxed_session_01
23.056,-0.021892155733861395,relaxed,subject_03,subject_03_relaxed_session_01
23.06,-0.053594721024088555,relaxed,subject_03,subject_03_relaxed_session_01
23.064,-0.024797450804830187,relaxed,subject_03,subject_03_relaxed_session_01
23.068,-0.07154934156997403,relaxed,subject_03,subject_03_relaxed_session_01
23.072,-0.036447710063213554,relaxed,subject_03,subject_03_relaxed_session_01
23.076,-0.037945215389171616,relaxed,subject_03,subject_03_relaxed_session_01
23.08,-0.020159575191571105,relaxed,subject_03,subject_03_relaxed_session_01
23.084,-0.020441715290195266,relaxed,subject_03,subject_03_relaxed_session_01
23.088,-0.04386468645225676,relaxed,subject_03,subject_03_relaxed_session_01
23.092,-0.04306342487444344,relaxed,subject_03,subject_03_relaxed_session_01
23.096,-0.027315916612901295,relaxed,subject_03,subject_03_relaxed_session_01
23.1,-0.01874351084014344,relaxed,subject_03,subject_03_relaxed_session_01
23.104,-0.013143169394363568,relaxed,subject_03,subject_03_relaxed_session_01
23.108,-0.037056037619035254,relaxed,subject_03,subject_03_relaxed_session_01
23.112,-0.02769173938063471,relaxed,subject_03,subject_03_relaxed_session_01
23.116,-0.04677244154421261,relaxed,subject_03,subject_03_relaxed_session_01
23.12,-0.04557796628099584,relaxed,subject_03,subject_03_relaxed_session_01
23.124,-0.06254911752294544,relaxed,subject_03,subject_03_relaxed_session_01
23.128,-0.03521152027754881,relaxed,subject_03,subject_03_relaxed_session_01
23.132,0.0045851344415885655,relaxed,subject_03,subject_03_relaxed_session_01
23.136,0.009175972608857122,relaxed,subject_03,subject_03_relaxed_session_01
23.14,-0.00569756608526286,relaxed,subject_03,subject_03_relaxed_session_01
23.144,0.005494291278810001,relaxed,subject_03,subject_03_relaxed_session_01
23.148,0.004339671506839615,relaxed,subject_03,subject_03_relaxed_session_01
23.152,-0.005290480881745925,relaxed,subject_03,subject_03_relaxed_session_01
23.156,-0.05402758341959672,relaxed,subject_03,subject_03_relaxed_session_01
23.16,0.04381101753543378,relaxed,subject_03,subject_03_relaxed_session_01
23.164,-0.0014968693654271621,relaxed,subject_03,subject_03_relaxed_session_01
23.168,0.0028765198108224085,relaxed,subject_03,subject_03_relaxed_session_01
23.172,0.04110860634001028,relaxed,subject_03,subject_03_relaxed_session_01
23.176,0.020115406121835575,relaxed,subject_03,subject_03_relaxed_session_01
23.18,0.07251354972712501,relaxed,subject_03,subject_03_relaxed_session_01
23.184,0.010901384625531585,relaxed,subject_03,subject_03_relaxed_session_01
23.188,0.05368777316702318,relaxed,subject_03,subject_03_relaxed_session_01
23.192,0.03347641244312983,relaxed,subject_03,subject_03_relaxed_session_01
23.196,0.04570778898983558,relaxed,subject_03,subject_03_relaxed_session_01
23.2,0.03120297837088717,relaxed,subject_03,subject_03_relaxed_session_01
23.204,0.041044861969181244,relaxed,subject_03,subject_03_relaxed_session_01
23.208,0.08387703821593574,relaxed,subject_03,subject_03_relaxed_session_01
23.212,0.07237593266007598,relaxed,subject_03,subject_03_relaxed_session_01
23.216,0.0738627798930213,relaxed,subject_03,subject_03_relaxed_session_01
23.22,0.03548695328930186,relaxed,subject_03,subject_03_relaxed_session_01
23.224,0.03808577747452718,relaxed,subject_03,subject_03_relaxed_session_01
23.228,0.053004025418039016,relaxed,subject_03,subject_03_relaxed_session_01
23.232,0.06404824443480035,relaxed,subject_03,subject_03_relaxed_session_01
23.236,0.06963658563503523,relaxed,subject_03,subject_03_relaxed_session_01
23.24,0.07696225205821708,relaxed,subject_03,subject_03_relaxed_session_01
23.244,0.08927302271989772,relaxed,subject_03,subject_03_relaxed_session_01
23.248,0.09571274821826836,relaxed,subject_03,subject_03_relaxed_session_01
23.252,0.06702734551521546,relaxed,subject_03,subject_03_relaxed_session_01
23.256,0.04247583458751341,relaxed,subject_03,subject_03_relaxed_session_01
23.26,0.06974456906543101,relaxed,subject_03,subject_03_relaxed_session_01
23.264,0.0541960054251825,relaxed,subject_03,subject_03_relaxed_session_01
23.268,0.05489381917917479,relaxed,subject_03,subject_03_relaxed_session_01
23.272,0.06451671981090834,relaxed,subject_03,subject_03_relaxed_session_01
23.276,0.027364652974838866,relaxed,subject_03,subject_03_relaxed_session_01
23.28,0.058932746367415446,relaxed,subject_03,subject_03_relaxed_session_01
23.284,-0.00393431944673826,relaxed,subject_03,subject_03_relaxed_session_01
23.288,0.03401185393183587,relaxed,subject_03,subject_03_relaxed_session_01
23.292,0.001505122848889602,relaxed,subject_03,subject_03_relaxed_session_01
23.296,0.014341568072780359,relaxed,subject_03,subject_03_relaxed_session_01
23.3,0.01204592258942231,relaxed,subject_03,subject_03_relaxed_session_01
23.304,-0.005602752468608989,relaxed,subject_03,subject_03_relaxed_session_01
23.308,-0.015128103745048662,relaxed,subject_03,subject_03_relaxed_session_01
23.312,-0.0226565611317204,relaxed,subject_03,subject_03_relaxed_session_01
23.316,-0.0029375469313624317,relaxed,subject_03,subject_03_relaxed_session_01
23.32,0.0013436595725989132,relaxed,subject_03,subject_03_relaxed_session_01
23.324,0.022736096753108073,relaxed,subject_03,subject_03_relaxed_session_01
23.328,-0.020813394304107165,relaxed,subject_03,subject_03_relaxed_session_01
23.332,-0.04813310589819068,relaxed,subject_03,subject_03_relaxed_session_01
23.336,-0.009439071533302252,relaxed,subject_03,subject_03_relaxed_session_01
23.34,-0.05489710967429529,relaxed,subject_03,subject_03_relaxed_session_01
23.344,0.010917949498218026,relaxed,subject_03,subject_03_relaxed_session_01
23.348,-0.006778018181006538,relaxed,subject_03,subject_03_relaxed_session_01
23.352,-0.04278179387217962,relaxed,subject_03,subject_03_relaxed_session_01
23.356,-0.05490988464859224,relaxed,subject_03,subject_03_relaxed_session_01
23.36,-0.04110183076768617,relaxed,subject_03,subject_03_relaxed_session_01
23.364,-0.014231058659121406,relaxed,subject_03,subject_03_relaxed_session_01
23.368,-0.0420046058157342,relaxed,subject_03,subject_03_relaxed_session_01
23.372,-0.01483874839297087,relaxed,subject_03,subject_03_relaxed_session_01
23.376,-0.0156452814255486,relaxed,subject_03,subject_03_relaxed_session_01
23.38,-0.05150489889152691,relaxed,subject_03,subject_03_relaxed_session_01
23.384,-0.02658036541089967,relaxed,subject_03,subject_03_relaxed_session_01
23.388,-0.017974318703285475,relaxed,subject_03,subject_03_relaxed_session_01
23.392,-0.01564258239943946,relaxed,subject_03,subject_03_relaxed_session_01
23.396,0.01929223418984589,relaxed,subject_03,subject_03_relaxed_session_01
23.4,0.05778605859835012,relaxed,subject_03,subject_03_relaxed_session_01
23.404,0.19673343894424933,relaxed,subject_03,subject_03_relaxed_session_01
23.408,0.24632614337233497,relaxed,subject_03,subject_03_relaxed_session_01
23.412,0.38167529199071104,relaxed,subject_03,subject_03_relaxed_session_01
23.416,0.5374753108444958,relaxed,subject_03,subject_03_relaxed_session_01
23.42,0.6302432805509219,relaxed,subject_03,subject_03_relaxed_session_01
23.424,0.728851188705021,relaxed,subject_03,subject_03_relaxed_session_01
23.428,0.771338976566338,relaxed,subject_03,subject_03_relaxed_session_01
23.432,0.8112684857186766,relaxed,subject_03,subject_03_relaxed_session_01
23.436,0.845838546317031,relaxed,subject_03,subject_03_relaxed_session_01
23.44,0.7239552742101756,relaxed,subject_03,subject_03_relaxed_session_01
23.444,0.6542413658786528,relaxed,subject_03,subject_03_relaxed_session_01
23.448,0.49148772013357095,relaxed,subject_03,subject_03_relaxed_session_01
23.452,0.3420831466579193,relaxed,subject_03,subject_03_relaxed_session_01
23.456,0.2130760659006582,relaxed,subject_03,subject_03_relaxed_session_01
23.46,0.12437025468724117,relaxed,subject_03,subject_03_relaxed_session_01
23.464,-0.027464018941158016,relaxed,subject_03,subject_03_relaxed_session_01
23.468,-0.013769190114181214,relaxed,subject_03,subject_03_relaxed_session_01
23.472,-0.07325120834354566,relaxed,subject_03,subject_03_relaxed_session_01
23.476,-0.1008837132913868,relaxed,subject_03,subject_03_relaxed_session_01
23.48,-0.10293234611942333,relaxed,subject_03,subject_03_relaxed_session_01
23.484,-0.08201648295588396,relaxed,subject_03,subject_03_relaxed_session_01
23.488,-0.030450924657806373,relaxed,subject_03,subject_03_relaxed_session_01
23.492,-0.06846780931023433,relaxed,subject_03,subject_03_relaxed_session_01
23.496,-0.024922128946168656,relaxed,subject_03,subject_03_relaxed_session_01
23.5,0.008216904501259812,relaxed,subject_03,subject_03_relaxed_session_01
23.504,-0.04833018314938174,relaxed,subject_03,subject_03_relaxed_session_01
23.508,-0.015738309662823708,relaxed,subject_03,subject_03_relaxed_session_01
23.512,-0.029864935971622528,relaxed,subject_03,subject_03_relaxed_session_01
23.516,-0.022259851038973547,relaxed,subject_03,subject_03_relaxed_session_01
23.52,0.010849687638508111,relaxed,subject_03,subject_03_relaxed_session_01
23.524,0.02258329535907734,relaxed,subject_03,subject_03_relaxed_session_01
23.528,0.004648131279124428,relaxed,subject_03,subject_03_relaxed_session_01
23.532,-0.013687154107500547,relaxed,subject_03,subject_03_relaxed_session_01
23.536,0.002663828800561551,relaxed,subject_03,subject_03_relaxed_session_01
23.54,0.03182907669048554,relaxed,subject_03,subject_03_relaxed_session_01
23.544,0.02732606429879945,relaxed,subject_03,subject_03_relaxed_session_01
23.548,0.008818977560079752,relaxed,subject_03,subject_03_relaxed_session_01
23.552,0.02728840468545691,relaxed,subject_03,subject_03_relaxed_session_01
23.556,0.05749959306764478,relaxed,subject_03,subject_03_relaxed_session_01
23.56,0.051004915820115446,relaxed,subject_03,subject_03_relaxed_session_01
23.564,0.03138528632627282,relaxed,subject_03,subject_03_relaxed_session_01
23.568,0.06291782346788756,relaxed,subject_03,subject_03_relaxed_session_01
23.572,0.05228920463764789,relaxed,subject_03,subject_03_relaxed_session_01
23.576,0.05651109137642445,relaxed,subject_03,subject_03_relaxed_session_01
23.58,0.07814199124609363,relaxed,subject_03,subject_03_relaxed_session_01
23.584,0.059759476008982404,relaxed,subject_03,subject_03_relaxed_session_01
23.588,0.07926288433587689,relaxed,subject_03,subject_03_relaxed_session_01
23.592,0.11546108934219118,relaxed,subject_03,subject_03_relaxed_session_01
23.596,0.15044173831937102,relaxed,subject_03,subject_03_relaxed_session_01
23.6,0.07336056454901574,relaxed,subject_03,subject_03_relaxed_session_01
23.604,0.09666341076354906,relaxed,subject_03,subject_03_relaxed_session_01
23.608,0.1434104663571916,relaxed,subject_03,subject_03_relaxed_session_01
23.612,0.10222906247596603,relaxed,subject_03,subject_03_relaxed_session_01
23.616,0.13123646056309457,relaxed,subject_03,subject_03_relaxed_session_01
23.62,0.1760698467276719,relaxed,subject_03,subject_03_relaxed_session_01
23.624,0.1317501064427456,relaxed,subject_03,subject_03_relaxed_session_01
23.628,0.14727195695836315,relaxed,subject_03,subject_03_relaxed_session_01
23.632,0.13230845346410913,relaxed,subject_03,subject_03_relaxed_session_01
23.636,0.17728641342808615,relaxed,subject_03,subject_03_relaxed_session_01
23.64,0.1329836698231019,relaxed,subject_03,subject_03_relaxed_session_01
23.644,0.15980412442635136,relaxed,subject_03,subject_03_relaxed_session_01
23.648,0.15218167295787968,relaxed,subject_03,subject_03_relaxed_session_01
23.652,0.17581688016792718,relaxed,subject_03,subject_03_relaxed_session_01
23.656,0.22304007653990782,relaxed,subject_03,subject_03_relaxed_session_01
23.66,0.19688643343158557,relaxed,subject_03,subject_03_relaxed_session_01
23.664,0.19670575592615647,relaxed,subject_03,subject_03_relaxed_session_01
23.668,0.20012144335730575,relaxed,subject_03,subject_03_relaxed_session_01
23.672,0.19551997860007103,relaxed,subject_03,subject_03_relaxed_session_01
23.676,0.22291260472803825,relaxed,subject_03,subject_03_relaxed_session_01
23.68,0.21343858457249232,relaxed,subject_03,subject_03_relaxed_session_01
23.684,0.17213849723538702,relaxed,subject_03,subject_03_relaxed_session_01
23.688,0.21732768275614922,relaxed,subject_03,subject_03_relaxed_session_01
23.692,0.20167910370785072,relaxed,subject_03,subject_03_relaxed_session_01
23.696,0.20469601506326482,relaxed,subject_03,subject_03_relaxed_session_01
23.7,0.15353256911593538,relaxed,subject_03,subject_03_relaxed_session_01
23.704,0.1913547811273676,relaxed,subject_03,subject_03_relaxed_session_01
23.708,0.18571242166864915,relaxed,subject_03,subject_03_relaxed_session_01
23.712,0.1713316490339795,relaxed,subject_03,subject_03_relaxed_session_01
23.716,0.20292787149279298,relaxed,subject_03,subject_03_relaxed_session_01
23.72,0.1446254969627578,relaxed,subject_03,subject_03_relaxed_session_01
23.724,0.2333862738380675,relaxed,subject_03,subject_03_relaxed_session_01
23.728,0.1456612788470418,relaxed,subject_03,subject_03_relaxed_session_01
23.732,0.17228474811601666,relaxed,subject_03,subject_03_relaxed_session_01
23.736,0.16176723464383136,relaxed,subject_03,subject_03_relaxed_session_01
23.74,0.17521237447751697,relaxed,subject_03,subject_03_relaxed_session_01
23.744,0.1794413820268903,relaxed,subject_03,subject_03_relaxed_session_01
23.748,0.1313259267503299,relaxed,subject_03,subject_03_relaxed_session_01
23.752,0.13743484136407988,relaxed,subject_03,subject_03_relaxed_session_01
23.756,0.1191775052995453,relaxed,subject_03,subject_03_relaxed_session_01
23.76,0.10213373584473218,relaxed,subject_03,subject_03_relaxed_session_01
23.764,0.1158860234150161,relaxed,subject_03,subject_03_relaxed_session_01
23.768,0.10840746518479998,relaxed,subject_03,subject_03_relaxed_session_01
23.772,0.10296477612711988,relaxed,subject_03,subject_03_relaxed_session_01
23.776,0.08904080198521923,relaxed,subject_03,subject_03_relaxed_session_01
23.78,0.09737757580306391,relaxed,subject_03,subject_03_relaxed_session_01
23.784,0.1002971722352901,relaxed,subject_03,subject_03_relaxed_session_01
23.788,0.05477774755079747,relaxed,subject_03,subject_03_relaxed_session_01
23.792,0.08563610427143456,relaxed,subject_03,subject_03_relaxed_session_01
23.796,0.09911278199381597,relaxed,subject_03,subject_03_relaxed_session_01
23.8,0.03715070943587791,relaxed,subject_03,subject_03_relaxed_session_01
23.804,0.060751778352816976,relaxed,subject_03,subject_03_relaxed_session_01
23.808,0.06195809568534069,relaxed,subject_03,subject_03_relaxed_session_01
23.812,0.06397516341488657,relaxed,subject_03,subject_03_relaxed_session_01
23.816,0.061910490503613504,relaxed,subject_03,subject_03_relaxed_session_01
23.82,0.06397575281438118,relaxed,subject_03,subject_03_relaxed_session_01
23.824,0.03875201625437934,relaxed,subject_03,subject_03_relaxed_session_01
23.828,0.012468617653809761,relaxed,subject_03,subject_03_relaxed_session_01
23.832,0.021871815861710907,relaxed,subject_03,subject_03_relaxed_session_01
23.836,0.054745455646856026,relaxed,subject_03,subject_03_relaxed_session_01
23.84,0.00535809200440077,relaxed,subject_03,subject_03_relaxed_session_01
23.844,0.030621966755248854,relaxed,subject_03,subject_03_relaxed_session_01
23.848,0.034653099615343456,relaxed,subject_03,subject_03_relaxed_session_01
23.852,0.027702593600180205,relaxed,subject_03,subject_03_relaxed_session_01
23.856,0.03195531756535202,relaxed,subject_03,subject_03_relaxed_session_01
23.86,0.010825588903950288,relaxed,subject_03,subject_03_relaxed_session_01
23.864,0.007702926788745351,relaxed,subject_03,subject_03_relaxed_session_01
23.868,0.04448859854691316,relaxed,subject_03,subject_03_relaxed_session_01
23.872,0.04621496042753255,relaxed,subject_03,subject_03_relaxed_session_01
23.876,0.03443841147351342,relaxed,subject_03,subject_03_relaxed_session_01
23.88,0.015376087466019258,relaxed,subject_03,subject_03_relaxed_session_01
23.884,-0.008118209283841112,relaxed,subject_03,subject_03_relaxed_session_01
23.888,0.005262638080109807,relaxed,subject_03,subject_03_relaxed_session_01
23.892,-0.0008168581675970412,relaxed,subject_03,subject_03_relaxed_session_01
23.896,0.023122810070298233,relaxed,subject_03,subject_03_relaxed_session_01
23.9,0.008346642610497048,relaxed,subject_03,subject_03_relaxed_session_01
23.904,0.011728894583910725,relaxed,subject_03,subject_03_relaxed_session_01
23.908,-0.0010211625760883274,relaxed,subject_03,subject_03_relaxed_session_01
23.912,-0.05058543712191068,relaxed,subject_03,subject_03_relaxed_session_01
23.916,0.025276100689522452,relaxed,subject_03,subject_03_relaxed_session_01
23.92,-0.0024809625547503205,relaxed,subject_03,subject_03_relaxed_session_01
23.924,0.01800000645377603,relaxed,subject_03,subject_03_relaxed_session_01
23.928,-0.008251449612796445,relaxed,subject_03,subject_03_relaxed_session_01
23.932,0.03087215489588617,relaxed,subject_03,subject_03_relaxed_session_01
23.936,-0.012318405906099198,relaxed,subject_03,subject_03_relaxed_session_01
23.94,-0.0030592766380995694,relaxed,subject_03,subject_03_relaxed_session_01
23.944,-0.0013079173212134268,relaxed,subject_03,subject_03_relaxed_session_01
23.948,-0.03175769069385755,relaxed,subject_03,subject_03_relaxed_session_01
23.952,0.00667541306520781,relaxed,subject_03,subject_03_relaxed_session_01
23.956,0.015092284749279134,relaxed,subject_03,subject_03_relaxed_session_01
23.96,0.007033110417802072,relaxed,subject_03,subject_03_relaxed_session_01
23.964,0.04509806847595852,relaxed,subject_03,subject_03_relaxed_session_01
23.968,-0.0189480677242976,relaxed,subject_03,subject_03_relaxed_session_01
23.972,-0.03548183316126491,relaxed,subject_03,subject_03_relaxed_session_01
23.976,-0.024662601966785002,relaxed,subject_03,subject_03_relaxed_session_01
23.98,0.0010075619054173333,relaxed,subject_03,subject_03_relaxed_session_01
23.984,0.023479618903358382,relaxed,subject_03,subject_03_relaxed_session_01
23.988,0.0031834029064514973,relaxed,subject_03,subject_03_relaxed_session_01
23.992,-0.009964770657982014,relaxed,subject_03,subject_03_relaxed_session_01
23.996,0.030068978182531486,relaxed,subject_03,subject_03_relaxed_session_01
24.0,-0.0019377845827949927,relaxed,subject_03,subject_03_relaxed_session_01
24.004,-0.026821622288753098,relaxed,subject_03,subject_03_relaxed_session_01
24.008,0.02094017879776296,relaxed,subject_03,subject_03_relaxed_session_01
24.012,0.014221551598625077,relaxed,subject_03,subject_03_relaxed_session_01
24.016,0.006477323911092578,relaxed,subject_03,subject_03_relaxed_session_01
24.02,0.03462575594741374,relaxed,subject_03,subject_03_relaxed_session_01
24.024,0.0006539195856213771,relaxed,subject_03,subject_03_relaxed_session_01
24.028,0.008976967790107747,relaxed,subject_03,subject_03_relaxed_session_01
24.032,-0.015386272525404686,relaxed,subject_03,subject_03_relaxed_session_01
24.036,-0.009069637400480179,relaxed,subject_03,subject_03_relaxed_session_01
24.04,-0.0034384286773323667,relaxed,subject_03,subject_03_relaxed_session_01
24.044,0.021108412707579165,relaxed,subject_03,subject_03_relaxed_session_01
24.048,-0.004865996381797922,relaxed,subject_03,subject_03_relaxed_session_01
24.052,0.008361760018666068,relaxed,subject_03,subject_03_relaxed_session_01
24.056,0.0077252554201191585,relaxed,subject_03,subject_03_relaxed_session_01
24.06,0.01329941993337555,relaxed,subject_03,subject_03_relaxed_session_01
24.064,0.0015378163315345472,relaxed,subject_03,subject_03_relaxed_session_01
24.068,0.015477777794189181,relaxed,subject_03,subject_03_relaxed_session_01
24.072,-0.0003001619113502593,relaxed,subject_03,subject_03_relaxed_session_01
24.076,0.025438835626335827,relaxed,subject_03,subject_03_relaxed_session_01
24.08,0.02950199114418905,relaxed,subject_03,subject_03_relaxed_session_01
24.084,0.03569691131673287,relaxed,subject_03,subject_03_relaxed_session_01
24.088,0.04994490215296336,relaxed,subject_03,subject_03_relaxed_session_01
24.092,0.07975673606901998,relaxed,subject_03,subject_03_relaxed_session_01
24.096,0.015483095538886112,relaxed,subject_03,subject_03_relaxed_session_01
24.1,0.04654496919018945,relaxed,subject_03,subject_03_relaxed_session_01
24.104,0.041168916962802754,relaxed,subject_03,subject_03_relaxed_session_01
24.108,0.0712211483123195,relaxed,subject_03,subject_03_relaxed_session_01
24.112,0.0847141501711665,relaxed,subject_03,subject_03_relaxed_session_01
24.116,0.051780351737158614,relaxed,subject_03,subject_03_relaxed_session_01
24.12,0.0877297884784934,relaxed,subject_03,subject_03_relaxed_session_01
24.124,0.10372894681524691,relaxed,subject_03,subject_03_relaxed_session_01
24.128,0.09961321146463213,relaxed,subject_03,subject_03_relaxed_session_01
24.132,0.08859635274037224,relaxed,subject_03,subject_03_relaxed_session_01
24.136,0.11256312017456443,relaxed,subject_03,subject_03_relaxed_session_01
24.14,0.09701675666947793,relaxed,subject_03,subject_03_relaxed_session_01
24.144,0.12261506911765159,relaxed,subject_03,subject_03_relaxed_session_01
24.148,0.11320808448307319,relaxed,subject_03,subject_03_relaxed_session_01
24.152,0.10327007941878195,relaxed,subject_03,subject_03_relaxed_session_01
24.156,0.08197056568051737,relaxed,subject_03,subject_03_relaxed_session_01
24.16,0.10677963174252211,relaxed,subject_03,subject_03_relaxed_session_01
24.164,0.08354613075238768,relaxed,subject_03,subject_03_relaxed_session_01
24.168,0.08105427457443166,relaxed,subject_03,subject_03_relaxed_session_01
24.172,0.09297839550815046,relaxed,subject_03,subject_03_relaxed_session_01
24.176,0.09495831059365935,relaxed,subject_03,subject_03_relaxed_session_01
24.18,0.06860849798648677,relaxed,subject_03,subject_03_relaxed_session_01
24.184,0.08477416458698218,relaxed,subject_03,subject_03_relaxed_session_01
24.188,0.07856608735365586,relaxed,subject_03,subject_03_relaxed_session_01
24.192,0.0663216108364866,relaxed,subject_03,subject_03_relaxed_session_01
24.196,0.0680334981122709,relaxed,subject_03,subject_03_relaxed_session_01
24.2,0.08085241611459665,relaxed,subject_03,subject_03_relaxed_session_01
24.204,0.05502850817439997,relaxed,subject_03,subject_03_relaxed_session_01
24.208,0.06934036426787368,relaxed,subject_03,subject_03_relaxed_session_01
24.212,0.05122163162183533,relaxed,subject_03,subject_03_relaxed_session_01
24.216,0.06852237500082128,relaxed,subject_03,subject_03_relaxed_session_01
24.22,0.060002306562473864,relaxed,subject_03,subject_03_relaxed_session_01
24.224,0.035445930683452885,relaxed,subject_03,subject_03_relaxed_session_01
24.228,0.022342679941666978,relaxed,subject_03,subject_03_relaxed_session_01
24.232,0.042270262196048694,relaxed,subject_03,subject_03_relaxed_session_01
24.236,0.019041053013153404,relaxed,subject_03,subject_03_relaxed_session_01
24.24,-0.004502537516397818,relaxed,subject_03,subject_03_relaxed_session_01
24.244,0.03919824494380148,relaxed,subject_03,subject_03_relaxed_session_01
24.248,0.010206796475557943,relaxed,subject_03,subject_03_relaxed_session_01
24.252,-0.02069144392525585,relaxed,subject_03,subject_03_relaxed_session_01
24.256,0.017717069519797592,relaxed,subject_03,subject_03_relaxed_session_01
24.26,0.03674816632141804,relaxed,subject_03,subject_03_relaxed_session_01
24.264,0.0052367370163717685,relaxed,subject_03,subject_03_relaxed_session_01
24.268,0.009267541383584023,relaxed,subject_03,subject_03_relaxed_session_01
24.272,0.02555842825765104,relaxed,subject_03,subject_03_relaxed_session_01
24.276,0.005946578150198917,relaxed,subject_03,subject_03_relaxed_session_01
24.28,0.012425554396767412,relaxed,subject_03,subject_03_relaxed_session_01
24.284,0.03163134573973787,relaxed,subject_03,subject_03_relaxed_session_01
24.288,0.025890457875603137,relaxed,subject_03,subject_03_relaxed_session_01
24.292,0.014325675583405698,relaxed,subject_03,subject_03_relaxed_session_01
24.296,-0.027662396373941904,relaxed,subject_03,subject_03_relaxed_session_01
24.3,0.011903670212600645,relaxed,subject_03,subject_03_relaxed_session_01
24.304,-0.012687749911937964,relaxed,subject_03,subject_03_relaxed_session_01
24.308,0.004489108529659206,relaxed,subject_03,subject_03_relaxed_session_01
24.312,-0.02542090383433277,relaxed,subject_03,subject_03_relaxed_session_01
24.316,0.051862887616676304,relaxed,subject_03,subject_03_relaxed_session_01
24.32,0.06849276135442038,relaxed,subject_03,subject_03_relaxed_session_01
24.324,0.17270484841162465,relaxed,subject_03,subject_03_relaxed_session_01
24.328,0.28599455090774706,relaxed,subject_03,subject_03_relaxed_session_01
24.332,0.39610855118553,relaxed,subject_03,subject_03_relaxed_session_01
24.336,0.5244197303296524,relaxed,subject_03,subject_03_relaxed_session_01
24.34,0.6419390697340164,relaxed,subject_03,subject_03_relaxed_session_01
24.344,0.7213496225141361,relaxed,subject_03,subject_03_relaxed_session_01
24.348,0.8478601083948731,relaxed,subject_03,subject_03_relaxed_session_01
24.352,0.8794584707396184,relaxed,subject_03,subject_03_relaxed_session_01
24.356,0.8414719194344776,relaxed,subject_03,subject_03_relaxed_session_01
24.36,0.7276227939950551,relaxed,subject_03,subject_03_relaxed_session_01
24.364,0.7244315164896737,relaxed,subject_03,subject_03_relaxed_session_01
24.368,0.5472637386335002,relaxed,subject_03,subject_03_relaxed_session_01
24.372,0.45821769460420686,relaxed,subject_03,subject_03_relaxed_session_01
24.376,0.2957313036579535,relaxed,subject_03,subject_03_relaxed_session_01
24.38,0.19480295227517336,relaxed,subject_03,subject_03_relaxed_session_01
24.384,0.06256688165449345,relaxed,subject_03,subject_03_relaxed_session_01
24.388,0.009068070346388745,relaxed,subject_03,subject_03_relaxed_session_01
24.392,-0.06912011542155155,relaxed,subject_03,subject_03_relaxed_session_01
24.396,-0.05239603833453019,relaxed,subject_03,subject_03_relaxed_session_01
24.4,-0.051014475411228305,relaxed,subject_03,subject_03_relaxed_session_01
24.404,-0.023208247490325476,relaxed,subject_03,subject_03_relaxed_session_01
24.408,-0.029267293767480936,relaxed,subject_03,subject_03_relaxed_session_01
24.412,0.003346210633799894,relaxed,subject_03,subject_03_relaxed_session_01
24.416,0.004067939000963928,relaxed,subject_03,subject_03_relaxed_session_01
24.42,0.031663837157003355,relaxed,subject_03,subject_03_relaxed_session_01
24.424,0.03781375924486012,relaxed,subject_03,subject_03_relaxed_session_01
24.428,0.05274911977669424,relaxed,subject_03,subject_03_relaxed_session_01
24.432,0.015555009283570443,relaxed,subject_03,subject_03_relaxed_session_01
24.436,0.040403656637126265,relaxed,subject_03,subject_03_relaxed_session_01
24.44,0.05092795192442771,relaxed,subject_03,subject_03_relaxed_session_01
24.444,0.08468783892194964,relaxed,subject_03,subject_03_relaxed_session_01
24.448,0.09114750747817792,relaxed,subject_03,subject_03_relaxed_session_01
24.452,0.027694107593774366,relaxed,subject_03,subject_03_relaxed_session_01
24.456,0.046193086383061605,relaxed,subject_03,subject_03_relaxed_session_01
24.46,0.012351274537552429,relaxed,subject_03,subject_03_relaxed_session_01
24.464,0.11032331594280344,relaxed,subject_03,subject_03_relaxed_session_01
24.468,0.07705731054677162,relaxed,subject_03,subject_03_relaxed_session_01
24.472,0.08686080410094597,relaxed,subject_03,subject_03_relaxed_session_01
24.476,0.07370074438674158,relaxed,subject_03,subject_03_relaxed_session_01
24.48,0.08495190700474936,relaxed,subject_03,subject_03_relaxed_session_01
24.484,0.11284190162652381,relaxed,subject_03,subject_03_relaxed_session_01
24.488,0.07477212782128616,relaxed,subject_03,subject_03_relaxed_session_01
24.492,0.07875781378953767,relaxed,subject_03,subject_03_relaxed_session_01
24.496,0.10235666389146006,relaxed,subject_03,subject_03_relaxed_session_01
24.5,0.11337334942972645,relaxed,subject_03,subject_03_relaxed_session_01
24.504,0.13044108300446677,relaxed,subject_03,subject_03_relaxed_session_01
24.508,0.1260180288941305,relaxed,subject_03,subject_03_relaxed_session_01
24.512,0.11512806358871691,relaxed,subject_03,subject_03_relaxed_session_01
24.516,0.13089701666904738,relaxed,subject_03,subject_03_relaxed_session_01
24.52,0.14859334710872463,relaxed,subject_03,subject_03_relaxed_session_01
24.524,0.16483515965590115,relaxed,subject_03,subject_03_relaxed_session_01
24.528,0.17817579030847802,relaxed,subject_03,subject_03_relaxed_session_01
24.532,0.1592226124223485,relaxed,subject_03,subject_03_relaxed_session_01
24.536,0.1570196861231712,relaxed,subject_03,subject_03_relaxed_session_01
24.54,0.15955322433910274,relaxed,subject_03,subject_03_relaxed_session_01
24.544,0.20705433808525442,relaxed,subject_03,subject_03_relaxed_session_01
24.548,0.1810150898660217,relaxed,subject_03,subject_03_relaxed_session_01
24.552,0.1802721053234286,relaxed,subject_03,subject_03_relaxed_session_01
24.556,0.20444095485278965,relaxed,subject_03,subject_03_relaxed_session_01
24.56,0.23864686351510841,relaxed,subject_03,subject_03_relaxed_session_01
24.564,0.19281351766413443,relaxed,subject_03,subject_03_relaxed_session_01
24.568,0.22770899344628326,relaxed,subject_03,subject_03_relaxed_session_01
24.572,0.21098092587230496,relaxed,subject_03,subject_03_relaxed_session_01
24.576,0.22608300562453704,relaxed,subject_03,subject_03_relaxed_session_01
24.58,0.24342304052889485,relaxed,subject_03,subject_03_relaxed_session_01
24.584,0.25439322362482436,relaxed,subject_03,subject_03_relaxed_session_01
24.588,0.22186921690624312,relaxed,subject_03,subject_03_relaxed_session_01
24.592,0.24935473762417273,relaxed,subject_03,subject_03_relaxed_session_01
24.596,0.2404660965827286,relaxed,subject_03,subject_03_relaxed_session_01
24.6,0.24461797543244612,relaxed,subject_03,subject_03_relaxed_session_01
24.604,0.26159030820498197,relaxed,subject_03,subject_03_relaxed_session_01
24.608,0.2224486887091823,relaxed,subject_03,subject_03_relaxed_session_01
24.612,0.2514114850824597,relaxed,subject_03,subject_03_relaxed_session_01
24.616,0.23778234831626605,relaxed,subject_03,subject_03_relaxed_session_01
24.62,0.25653959946890037,relaxed,subject_03,subject_03_relaxed_session_01
24.624,0.23878351514830934,relaxed,subject_03,subject_03_relaxed_session_01
24.628,0.22479779731996793,relaxed,subject_03,subject_03_relaxed_session_01
24.632,0.24202214900354477,relaxed,subject_03,subject_03_relaxed_session_01
24.636,0.209582143457883,relaxed,subject_03,subject_03_relaxed_session_01
24.64,0.20886257649166165,relaxed,subject_03,subject_03_relaxed_session_01
24.644,0.19739886171798707,relaxed,subject_03,subject_03_relaxed_session_01
24.648,0.1950889545881242,relaxed,subject_03,subject_03_relaxed_session_01
24.652,0.14780837700659302,relaxed,subject_03,subject_03_relaxed_session_01
24.656,0.18690418519802468,relaxed,subject_03,subject_03_relaxed_session_01
24.66,0.19000903699178343,relaxed,subject_03,subject_03_relaxed_session_01
24.664,0.20083816649470973,relaxed,subject_03,subject_03_relaxed_session_01
24.668,0.16119304494925507,relaxed,subject_03,subject_03_relaxed_session_01
24.672,0.1634460053849697,relaxed,subject_03,subject_03_relaxed_session_01
24.676,0.16367365322831406,relaxed,subject_03,subject_03_relaxed_session_01
24.68,0.17618940300026587,relaxed,subject_03,subject_03_relaxed_session_01
24.684,0.15812860990726105,relaxed,subject_03,subject_03_relaxed_session_01
24.688,0.15567134816660827,relaxed,subject_03,subject_03_relaxed_session_01
24.692,0.15951021989120884,relaxed,subject_03,subject_03_relaxed_session_01
24.696,0.14567406250168952,relaxed,subject_03,subject_03_relaxed_session_01
24.7,0.11739941194074315,relaxed,subject_03,subject_03_relaxed_session_01
24.704,0.15761773396658724,relaxed,subject_03,subject_03_relaxed_session_01
24.708,0.0794648984910713,relaxed,subject_03,subject_03_relaxed_session_01
24.712,0.12971881016491169,relaxed,subject_03,subject_03_relaxed_session_01
24.716,0.114980182886915,relaxed,subject_03,subject_03_relaxed_session_01
24.72,0.12568302939742526,relaxed,subject_03,subject_03_relaxed_session_01
24.724,0.09095899263661969,relaxed,subject_03,subject_03_relaxed_session_01
24.728,0.08073531895403066,relaxed,subject_03,subject_03_relaxed_session_01
24.732,0.06388417300174373,relaxed,subject_03,subject_03_relaxed_session_01
24.736,0.0601469304047922,relaxed,subject_03,subject_03_relaxed_session_01
24.74,0.07380257970224531,relaxed,subject_03,subject_03_relaxed_session_01
24.744,0.05626251386518269,relaxed,subject_03,subject_03_relaxed_session_01
24.748,0.05507309097792075,relaxed,subject_03,subject_03_relaxed_session_01
24.752,0.044528474151193126,relaxed,subject_03,subject_03_relaxed_session_01
24.756,0.08307387789431794,relaxed,subject_03,subject_03_relaxed_session_01
24.76,0.044832136951612554,relaxed,subject_03,subject_03_relaxed_session_01
24.764,0.06442731620034471,relaxed,subject_03,subject_03_relaxed_session_01
24.768,0.05119217664724058,relaxed,subject_03,subject_03_relaxed_session_01
24.772,0.058184757286223514,relaxed,subject_03,subject_03_relaxed_session_01
24.776,0.043724252679065496,relaxed,subject_03,subject_03_relaxed_session_01
24.78,0.06238322611557153,relaxed,subject_03,subject_03_relaxed_session_01
24.784,0.0572503437887572,relaxed,subject_03,subject_03_relaxed_session_01
24.788,0.06743073998890958,relaxed,subject_03,subject_03_relaxed_session_01
24.792,0.028448675206722902,relaxed,subject_03,subject_03_relaxed_session_01
24.796,0.02330308239566319,relaxed,subject_03,subject_03_relaxed_session_01
24.8,0.031174355105222946,relaxed,subject_03,subject_03_relaxed_session_01
24.804,0.04006229137521589,relaxed,subject_03,subject_03_relaxed_session_01
24.808,0.04729484509992879,relaxed,subject_03,subject_03_relaxed_session_01
24.812,0.023294658549841918,relaxed,subject_03,subject_03_relaxed_session_01
24.816,0.03900341346263299,relaxed,subject_03,subject_03_relaxed_session_01
24.82,0.03062108892750207,relaxed,subject_03,subject_03_relaxed_session_01
24.824,0.02830524015753238,relaxed,subject_03,subject_03_relaxed_session_01
24.828,0.03288597783174347,relaxed,subject_03,subject_03_relaxed_session_01
24.832,0.06258238437244205,relaxed,subject_03,subject_03_relaxed_session_01
24.836,0.047939911244712516,relaxed,subject_03,subject_03_relaxed_session_01
24.84,0.052732118802971975,relaxed,subject_03,subject_03_relaxed_session_01
24.844,0.03867323644557335,relaxed,subject_03,subject_03_relaxed_session_01
24.848,0.06636660315687147,relaxed,subject_03,subject_03_relaxed_session_01
24.852,0.048700150418856676,relaxed,subject_03,subject_03_relaxed_session_01
24.856,0.0021888566105955527,relaxed,subject_03,subject_03_relaxed_session_01
24.86,0.04507739075041969,relaxed,subject_03,subject_03_relaxed_session_01
24.864,0.0371491923054996,relaxed,subject_03,subject_03_relaxed_session_01
24.868,0.04270405801861515,relaxed,subject_03,subject_03_relaxed_session_01
24.872,0.00016230858735514705,relaxed,subject_03,subject_03_relaxed_session_01
24.876,0.000808300642086552,relaxed,subject_03,subject_03_relaxed_session_01
24.88,0.028118276755162253,relaxed,subject_03,subject_03_relaxed_session_01
24.884,-0.005145463826299712,relaxed,subject_03,subject_03_relaxed_session_01
24.888,0.044003218357275005,relaxed,subject_03,subject_03_relaxed_session_01
24.892,0.03287108622339938,relaxed,subject_03,subject_03_relaxed_session_01
24.896,0.06885924841451223,relaxed,subject_03,subject_03_relaxed_session_01
24.9,0.03739579167127448,relaxed,subject_03,subject_03_relaxed_session_01
24.904,0.04379477381769484,relaxed,subject_03,subject_03_relaxed_session_01
24.908,0.04152259877795101,relaxed,subject_03,subject_03_relaxed_session_01
24.912,0.03155311369389904,relaxed,subject_03,subject_03_relaxed_session_01
24.916,0.03239232465310653,relaxed,subject_03,subject_03_relaxed_session_01
24.92,0.028988885203392857,relaxed,subject_03,subject_03_relaxed_session_01
24.924,-0.017511509677637562,relaxed,subject_03,subject_03_relaxed_session_01
24.928,0.052797335733211756,relaxed,subject_03,subject_03_relaxed_session_01
24.932,0.053168267282923606,relaxed,subject_03,subject_03_relaxed_session_01
24.936,0.048019748757524267,relaxed,subject_03,subject_03_relaxed_session_01
24.94,0.03279628485418517,relaxed,subject_03,subject_03_relaxed_session_01
24.944,0.02866793583720416,relaxed,subject_03,subject_03_relaxed_session_01
24.948,0.009114799407711784,relaxed,subject_03,subject_03_relaxed_session_01
24.952,0.007299212825211041,relaxed,subject_03,subject_03_relaxed_session_01
24.956,0.021121725558939354,relaxed,subject_03,subject_03_relaxed_session_01
24.96,0.03787074937229171,relaxed,subject_03,subject_03_relaxed_session_01
24.964,0.04224665254502448,relaxed,subject_03,subject_03_relaxed_session_01
24.968,0.025640278940578173,relaxed,subject_03,subject_03_relaxed_session_01
24.972,0.011249933724965074,relaxed,subject_03,subject_03_relaxed_session_01
24.976,0.025616882202241592,relaxed,subject_03,subject_03_relaxed_session_01
24.98,0.03845800398419241,relaxed,subject_03,subject_03_relaxed_session_01
24.984,0.011799446456528612,relaxed,subject_03,subject_03_relaxed_session_01
24.988,0.04919698224851807,relaxed,subject_03,subject_03_relaxed_session_01
24.992,0.08061740379557308,relaxed,subject_03,subject_03_relaxed_session_01
24.996,0.03549278316126043,relaxed,subject_03,subject_03_relaxed_session_01
25.0,0.09747720299439232,relaxed,subject_03,subject_03_relaxed_session_01
25.004,0.04488167465918201,relaxed,subject_03,subject_03_relaxed_session_01
25.008,0.05873235781944212,relaxed,subject_03,subject_03_relaxed_session_01
25.012,0.07738725264818892,relaxed,subject_03,subject_03_relaxed_session_01
25.016,0.07160912768763919,relaxed,subject_03,subject_03_relaxed_session_01
25.02,0.04367799079396936,relaxed,subject_03,subject_03_relaxed_session_01
25.024,0.08781935188794168,relaxed,subject_03,subject_03_relaxed_session_01
25.028,0.08971109881895743,relaxed,subject_03,subject_03_relaxed_session_01
25.032,0.08827783315250161,relaxed,subject_03,subject_03_relaxed_session_01
25.036,0.100298633802808,relaxed,subject_03,subject_03_relaxed_session_01
25.04,0.11289913940307983,relaxed,subject_03,subject_03_relaxed_session_01
25.044,0.0912722625479916,relaxed,subject_03,subject_03_relaxed_session_01
25.048,0.12434638634433404,relaxed,subject_03,subject_03_relaxed_session_01
25.052,0.10563598859557992,relaxed,subject_03,subject_03_relaxed_session_01
25.056,0.15220635376503455,relaxed,subject_03,subject_03_relaxed_session_01
25.06,0.14538282199285948,relaxed,subject_03,subject_03_relaxed_session_01
25.064,0.10706102159509397,relaxed,subject_03,subject_03_relaxed_session_01
25.068,0.15328247355300517,relaxed,subject_03,subject_03_relaxed_session_01
25.072,0.13775927224608878,relaxed,subject_03,subject_03_relaxed_session_01
25.076,0.1403565604901082,relaxed,subject_03,subject_03_relaxed_session_01
25.08,0.12547739486195036,relaxed,subject_03,subject_03_relaxed_session_01
25.084,0.12082878901603764,relaxed,subject_03,subject_03_relaxed_session_01
25.088,0.12011412780043249,relaxed,subject_03,subject_03_relaxed_session_01
25.092,0.10360645463476678,relaxed,subject_03,subject_03_relaxed_session_01
25.096,0.08176621623583546,relaxed,subject_03,subject_03_relaxed_session_01
25.1,0.10239508556612041,relaxed,subject_03,subject_03_relaxed_session_01
25.104,0.09780023044833804,relaxed,subject_03,subject_03_relaxed_session_01
25.108,0.08398572030387391,relaxed,subject_03,subject_03_relaxed_session_01
25.112,0.11227696406203591,relaxed,subject_03,subject_03_relaxed_session_01
25.116,0.10019086438815913,relaxed,subject_03,subject_03_relaxed_session_01
25.12,0.07804631585875398,relaxed,subject_03,subject_03_relaxed_session_01
25.124,0.07825512828635993,relaxed,subject_03,subject_03_relaxed_session_01
25.128,0.08361733917883081,relaxed,subject_03,subject_03_relaxed_session_01
25.132,0.05944269847428531,relaxed,subject_03,subject_03_relaxed_session_01
25.136,0.01793394266585354,relaxed,subject_03,subject_03_relaxed_session_01
25.14,0.08825067537351101,relaxed,subject_03,subject_03_relaxed_session_01
25.144,0.05763484435275423,relaxed,subject_03,subject_03_relaxed_session_01
25.148,0.061264973355713945,relaxed,subject_03,subject_03_relaxed_session_01
25.152,0.05557833962349503,relaxed,subject_03,subject_03_relaxed_session_01
25.156,0.019906863758473094,relaxed,subject_03,subject_03_relaxed_session_01
25.16,0.03200379045878547,relaxed,subject_03,subject_03_relaxed_session_01
25.164,0.04279248500262952,relaxed,subject_03,subject_03_relaxed_session_01
25.168,0.036715116498971447,relaxed,subject_03,subject_03_relaxed_session_01
25.172,0.015952122414015776,relaxed,subject_03,subject_03_relaxed_session_01
25.176,0.043717002644527894,relaxed,subject_03,subject_03_relaxed_session_01
25.18,0.04673016154718745,relaxed,subject_03,subject_03_relaxed_session_01
25.184,0.026439929168356583,relaxed,subject_03,subject_03_relaxed_session_01
25.188,0.053014789421917626,relaxed,subject_03,subject_03_relaxed_session_01
25.192,0.04270563988877381,relaxed,subject_03,subject_03_relaxed_session_01
25.196,0.038987447558217564,relaxed,subject_03,subject_03_relaxed_session_01
25.2,0.020513719486217934,relaxed,subject_03,subject_03_relaxed_session_01
25.204,0.026213950606871154,relaxed,subject_03,subject_03_relaxed_session_01
25.208,0.044907027977634274,relaxed,subject_03,subject_03_relaxed_session_01
25.212,-0.0030837472797633388,relaxed,subject_03,subject_03_relaxed_session_01
25.216,-0.005607318549658246,relaxed,subject_03,subject_03_relaxed_session_01
25.22,0.008564426871332086,relaxed,subject_03,subject_03_relaxed_session_01
25.224,0.010608414871642862,relaxed,subject_03,subject_03_relaxed_session_01
25.228,0.0062740547495850115,relaxed,subject_03,subject_03_relaxed_session_01
25.232,0.02440717707937375,relaxed,subject_03,subject_03_relaxed_session_01
25.236,0.04019330736325902,relaxed,subject_03,subject_03_relaxed_session_01
25.24,0.0795110043976705,relaxed,subject_03,subject_03_relaxed_session_01
25.244,0.14302419162440058,relaxed,subject_03,subject_03_relaxed_session_01
25.248,0.26104431167672,relaxed,subject_03,subject_03_relaxed_session_01
25.252,0.3847072647839414,relaxed,subject_03,subject_03_relaxed_session_01
25.256,0.48182918936763947,relaxed,subject_03,subject_03_relaxed_session_01
25.26,0.6217849521393615,relaxed,subject_03,subject_03_relaxed_session_01
25.264,0.7213486884779997,relaxed,subject_03,subject_03_relaxed_session_01
25.268,0.7885343962762075,relaxed,subject_03,subject_03_relaxed_session_01
25.272,0.8288554575273368,relaxed,subject_03,subject_03_relaxed_session_01
25.276,0.8917026220639407,relaxed,subject_03,subject_03_relaxed_session_01
25.28,0.8450001875955444,relaxed,subject_03,subject_03_relaxed_session_01
25.284,0.756571406896883,relaxed,subject_03,subject_03_relaxed_session_01
25.288,0.6555577410479122,relaxed,subject_03,subject_03_relaxed_session_01
25.292,0.4866707492414773,relaxed,subject_03,subject_03_relaxed_session_01
25.296,0.3818203207276263,relaxed,subject_03,subject_03_relaxed_session_01
25.3,0.24039021228096874,relaxed,subject_03,subject_03_relaxed_session_01
25.304,0.11388144680276875,relaxed,subject_03,subject_03_relaxed_session_01
25.308,-0.007214301901374787,relaxed,subject_03,subject_03_relaxed_session_01
25.312,-0.04334605429202696,relaxed,subject_03,subject_03_relaxed_session_01
25.316,-0.006145740416743192,relaxed,subject_03,subject_03_relaxed_session_01
25.32,-0.010732357665291563,relaxed,subject_03,subject_03_relaxed_session_01
25.324,-0.06257472588447502,relaxed,subject_03,subject_03_relaxed_session_01
25.328,-0.05732070220480453,relaxed,subject_03,subject_03_relaxed_session_01
25.332,0.026368400418159396,relaxed,subject_03,subject_03_relaxed_session_01
25.336,0.013898049990662291,relaxed,subject_03,subject_03_relaxed_session_01
25.34,0.012639729066363285,relaxed,subject_03,subject_03_relaxed_session_01
25.344,0.010458420087609083,relaxed,subject_03,subject_03_relaxed_session_01
25.348,0.01582670455592903,relaxed,subject_03,subject_03_relaxed_session_01
25.352,0.07070015755354632,relaxed,subject_03,subject_03_relaxed_session_01
25.356,0.0527173122606519,relaxed,subject_03,subject_03_relaxed_session_01
25.36,0.014690796176034589,relaxed,subject_03,subject_03_relaxed_session_01
25.364,0.03927173761823618,relaxed,subject_03,subject_03_relaxed_session_01
25.368,0.08785702982559859,relaxed,subject_03,subject_03_relaxed_session_01
25.372,0.06531004392565277,relaxed,subject_03,subject_03_relaxed_session_01
25.376,0.03462872234134322,relaxed,subject_03,subject_03_relaxed_session_01
25.38,0.053088840932036405,relaxed,subject_03,subject_03_relaxed_session_01
25.384,0.06764031413951113,relaxed,subject_03,subject_03_relaxed_session_01
25.388,0.09280312825521717,relaxed,subject_03,subject_03_relaxed_session_01
25.392,0.07606234001412243,relaxed,subject_03,subject_03_relaxed_session_01
25.396,0.1100308684474548,relaxed,subject_03,subject_03_relaxed_session_01
25.4,0.09241905209968619,relaxed,subject_03,subject_03_relaxed_session_01
25.404,0.04624508221987575,relaxed,subject_03,subject_03_relaxed_session_01
25.408,0.10789713236016671,relaxed,subject_03,subject_03_relaxed_session_01
25.412,0.09888191271256686,relaxed,subject_03,subject_03_relaxed_session_01
25.416,0.09794183892976518,relaxed,subject_03,subject_03_relaxed_session_01
25.42,0.12164157616520396,relaxed,subject_03,subject_03_relaxed_session_01
25.424,0.11464202404987073,relaxed,subject_03,subject_03_relaxed_session_01
25.428,0.12964251369778165,relaxed,subject_03,subject_03_relaxed_session_01
25.432,0.1212698396938987,relaxed,subject_03,subject_03_relaxed_session_01
25.436,0.1266893909108962,relaxed,subject_03,subject_03_relaxed_session_01
25.44,0.16637136521187043,relaxed,subject_03,subject_03_relaxed_session_01
25.444,0.15282544449715116,relaxed,subject_03,subject_03_relaxed_session_01
25.448,0.1650528708255172,relaxed,subject_03,subject_03_relaxed_session_01
25.452,0.15160042264261447,relaxed,subject_03,subject_03_relaxed_session_01
25.456,0.1906697060454366,relaxed,subject_03,subject_03_relaxed_session_01
25.46,0.17964061127551778,relaxed,subject_03,subject_03_relaxed_session_01
25.464,0.17477004057339843,relaxed,subject_03,subject_03_relaxed_session_01
25.468,0.2126938284572169,relaxed,subject_03,subject_03_relaxed_session_01
25.472,0.18622664101967795,relaxed,subject_03,subject_03_relaxed_session_01
25.476,0.20199176782553124,relaxed,subject_03,subject_03_relaxed_session_01
25.48,0.1794384382684422,relaxed,subject_03,subject_03_relaxed_session_01
25.484,0.19577494320320515,relaxed,subject_03,subject_03_relaxed_session_01
25.488,0.22827192673265922,relaxed,subject_03,subject_03_relaxed_session_01
25.492,0.21580517458952556,relaxed,subject_03,subject_03_relaxed_session_01
25.496,0.2223272494776816,relaxed,subject_03,subject_03_relaxed_session_01
25.5,0.22192163204337112,relaxed,subject_03,subject_03_relaxed_session_01
25.504,0.2255172535546079,relaxed,subject_03,subject_03_relaxed_session_01
25.508,0.21798745360419342,relaxed,subject_03,subject_03_relaxed_session_01
25.512,0.22117944998108413,relaxed,subject_03,subject_03_relaxed_session_01
25.516,0.22600241753541075,relaxed,subject_03,subject_03_relaxed_session_01
25.52,0.22684872811369422,relaxed,subject_03,subject_03_relaxed_session_01
25.524,0.24213289633310606,relaxed,subject_03,subject_03_relaxed_session_01
25.528,0.24117427734039584,relaxed,subject_03,subject_03_relaxed_session_01
25.532,0.2581226207719054,relaxed,subject_03,subject_03_relaxed_session_01
25.536,0.24427174045340408,relaxed,subject_03,subject_03_relaxed_session_01
25.54,0.21083359240922334,relaxed,subject_03,subject_03_relaxed_session_01
25.544,0.21278743918866422,relaxed,subject_03,subject_03_relaxed_session_01
25.548,0.24193861244895473,relaxed,subject_03,subject_03_relaxed_session_01
25.552,0.23320679252066276,relaxed,subject_03,subject_03_relaxed_session_01
25.556,0.23701988142143804,relaxed,subject_03,subject_03_relaxed_session_01
25.56,0.21197085779781083,relaxed,subject_03,subject_03_relaxed_session_01
25.564,0.20227903505295175,relaxed,subject_03,subject_03_relaxed_session_01
25.568,0.20939078688499918,relaxed,subject_03,subject_03_relaxed_session_01
25.572,0.16979680339906345,relaxed,subject_03,subject_03_relaxed_session_01
25.576,0.18777328419354353,relaxed,subject_03,subject_03_relaxed_session_01
25.58,0.2251028450866149,relaxed,subject_03,subject_03_relaxed_session_01
25.584,0.17328740539276777,relaxed,subject_03,subject_03_relaxed_session_01
25.588,0.17336388281683587,relaxed,subject_03,subject_03_relaxed_session_01
25.592,0.1632518391940974,relaxed,subject_03,subject_03_relaxed_session_01
25.596,0.19089967551315787,relaxed,subject_03,subject_03_relaxed_session_01
25.6,0.13060394994792252,relaxed,subject_03,subject_03_relaxed_session_01
25.604,0.1612013882728606,relaxed,subject_03,subject_03_relaxed_session_01
25.608,0.13311990095748544,relaxed,subject_03,subject_03_relaxed_session_01
25.612,0.12154489123292062,relaxed,subject_03,subject_03_relaxed_session_01
25.616,0.09450660448699115,relaxed,subject_03,subject_03_relaxed_session_01
25.62,0.15588014126409674,relaxed,subject_03,subject_03_relaxed_session_01
25.624,0.12973327698691023,relaxed,subject_03,subject_03_relaxed_session_01
25.628,0.08253116850088464,relaxed,subject_03,subject_03_relaxed_session_01
25.632,0.07784105524593271,relaxed,subject_03,subject_03_relaxed_session_01
25.636,0.08423782299687498,relaxed,subject_03,subject_03_relaxed_session_01
25.64,0.1014541275845057,relaxed,subject_03,subject_03_relaxed_session_01
25.644,0.0834187716202208,relaxed,subject_03,subject_03_relaxed_session_01
25.648,0.062451189460364674,relaxed,subject_03,subject_03_relaxed_session_01
25.652,0.07405039694363924,relaxed,subject_03,subject_03_relaxed_session_01
25.656,0.09620345300558047,relaxed,subject_03,subject_03_relaxed_session_01
25.66,0.07815854835623948,relaxed,subject_03,subject_03_relaxed_session_01
25.664,0.025778234766429604,relaxed,subject_03,subject_03_relaxed_session_01
25.668,0.03675155880737119,relaxed,subject_03,subject_03_relaxed_session_01
25.672,0.051293936270390084,relaxed,subject_03,subject_03_relaxed_session_01
25.676,0.05294371841739158,relaxed,subject_03,subject_03_relaxed_session_01
25.68,0.07302485692193407,relaxed,subject_03,subject_03_relaxed_session_01
25.684,0.04344652545011681,relaxed,subject_03,subject_03_relaxed_session_01
25.688,0.05145349223387204,relaxed,subject_03,subject_03_relaxed_session_01
25.692,-0.005844982416777125,relaxed,subject_03,subject_03_relaxed_session_01
25.696,0.027378469444040012,relaxed,subject_03,subject_03_relaxed_session_01
25.7,0.04692942859189926,relaxed,subject_03,subject_03_relaxed_session_01
25.704,0.06852727060874993,relaxed,subject_03,subject_03_relaxed_session_01
25.708,0.0019430023162150777,relaxed,subject_03,subject_03_relaxed_session_01
25.712,0.023445112883653897,relaxed,subject_03,subject_03_relaxed_session_01
25.716,-0.010059297783168952,relaxed,subject_03,subject_03_relaxed_session_01
25.72,0.019534746709517655,relaxed,subject_03,subject_03_relaxed_session_01
25.724,0.04301824437859042,relaxed,subject_03,subject_03_relaxed_session_01
25.728,0.03934380074709139,relaxed,subject_03,subject_03_relaxed_session_01
25.732,0.018717169362264738,relaxed,subject_03,subject_03_relaxed_session_01
25.736,0.013440910579310421,relaxed,subject_03,subject_03_relaxed_session_01
25.74,0.06963928873895145,relaxed,subject_03,subject_03_relaxed_session_01
25.744,0.012368237031878188,relaxed,subject_03,subject_03_relaxed_session_01
25.748,0.004889532545752513,relaxed,subject_03,subject_03_relaxed_session_01
25.752,0.003887600342656188,relaxed,subject_03,subject_03_relaxed_session_01
25.756,-0.01488903580788795,relaxed,subject_03,subject_03_relaxed_session_01
25.76,0.02262975473212444,relaxed,subject_03,subject_03_relaxed_session_01
25.764,0.026257765998850838,relaxed,subject_03,subject_03_relaxed_session_01
25.768,0.025037630092030944,relaxed,subject_03,subject_03_relaxed_session_01
25.772,0.027782588701389083,relaxed,subject_03,subject_03_relaxed_session_01
25.776,-6.473066656937677e-05,relaxed,subject_03,subject_03_relaxed_session_01
25.78,0.008157947354530086,relaxed,subject_03,subject_03_relaxed_session_01
25.784,0.03411205902763575,relaxed,subject_03,subject_03_relaxed_session_01
25.788,0.0013267383102485656,relaxed,subject_03,subject_03_relaxed_session_01
25.792,-0.0008302288264799215,relaxed,subject_03,subject_03_relaxed_session_01
25.796,0.03000244120592776,relaxed,subject_03,subject_03_relaxed_session_01
25.8,-0.006100013606434817,relaxed,subject_03,subject_03_relaxed_session_01
25.804,-0.013333204593585972,relaxed,subject_03,subject_03_relaxed_session_01
25.808,-0.011692881126509925,relaxed,subject_03,subject_03_relaxed_session_01
25.812,0.06311148138063219,relaxed,subject_03,subject_03_relaxed_session_01
25.816,0.028970615418310915,relaxed,subject_03,subject_03_relaxed_session_01
25.82,0.0210588681000818,relaxed,subject_03,subject_03_relaxed_session_01
25.824,-0.010351348659273242,relaxed,subject_03,subject_03_relaxed_session_01
25.828,0.01821402782094206,relaxed,subject_03,subject_03_relaxed_session_01
25.832,0.04195865445095574,relaxed,subject_03,subject_03_relaxed_session_01
25.836,0.015140187272802738,relaxed,subject_03,subject_03_relaxed_session_01
25.84,-0.014333794024571939,relaxed,subject_03,subject_03_relaxed_session_01
25.844,0.018358989842785403,relaxed,subject_03,subject_03_relaxed_session_01
25.848,0.004388513962194423,relaxed,subject_03,subject_03_relaxed_session_01
25.852,0.010289854487292478,relaxed,subject_03,subject_03_relaxed_session_01
25.856,-0.011769865049114248,relaxed,subject_03,subject_03_relaxed_session_01
25.86,-0.007633838375351133,relaxed,subject_03,subject_03_relaxed_session_01
25.864,-0.001729259376762748,relaxed,subject_03,subject_03_relaxed_session_01
25.868,-0.00762695708612849,relaxed,subject_03,subject_03_relaxed_session_01
25.872,0.007055414774404748,relaxed,subject_03,subject_03_relaxed_session_01
25.876,-0.005020792015429338,relaxed,subject_03,subject_03_relaxed_session_01
25.88,0.041949355582620154,relaxed,subject_03,subject_03_relaxed_session_01
25.884,0.019764495424685204,relaxed,subject_03,subject_03_relaxed_session_01
25.888,0.025998233219613434,relaxed,subject_03,subject_03_relaxed_session_01
25.892,0.009167401546245044,relaxed,subject_03,subject_03_relaxed_session_01
25.896,-0.026806399874855252,relaxed,subject_03,subject_03_relaxed_session_01
25.9,0.03169809093888502,relaxed,subject_03,subject_03_relaxed_session_01
25.904,0.014619381196087942,relaxed,subject_03,subject_03_relaxed_session_01
25.908,0.027351732804126706,relaxed,subject_03,subject_03_relaxed_session_01
25.912,0.02013406247498117,relaxed,subject_03,subject_03_relaxed_session_01
25.916,-0.020091669189948966,relaxed,subject_03,subject_03_relaxed_session_01
25.92,0.01906563071520198,relaxed,subject_03,subject_03_relaxed_session_01
25.924,0.014728934724650797,relaxed,subject_03,subject_03_relaxed_session_01
25.928,0.03933459570397327,relaxed,subject_03,subject_03_relaxed_session_01
25.932,0.04859552967875433,relaxed,subject_03,subject_03_relaxed_session_01
25.936,0.08706742529231709,relaxed,subject_03,subject_03_relaxed_session_01
25.94,0.05810415033214183,relaxed,subject_03,subject_03_relaxed_session_01
25.944,0.0425579618906613,relaxed,subject_03,subject_03_relaxed_session_01
25.948,0.05044063983117891,relaxed,subject_03,subject_03_relaxed_session_01
25.952,0.07440955695871936,relaxed,subject_03,subject_03_relaxed_session_01
25.956,0.08617065538704333,relaxed,subject_03,subject_03_relaxed_session_01
25.96,0.04942590959354501,relaxed,subject_03,subject_03_relaxed_session_01
25.964,0.07425822530070599,relaxed,subject_03,subject_03_relaxed_session_01
25.968,0.08067278213011157,relaxed,subject_03,subject_03_relaxed_session_01
25.972,0.05562581659761397,relaxed,subject_03,subject_03_relaxed_session_01
25.976,0.10602011303749503,relaxed,subject_03,subject_03_relaxed_session_01
25.98,0.0992281898293587,relaxed,subject_03,subject_03_relaxed_session_01
25.984,0.0932626313081973,relaxed,subject_03,subject_03_relaxed_session_01
25.988,0.10381869310309097,relaxed,subject_03,subject_03_relaxed_session_01
25.992,0.11302506940711603,relaxed,subject_03,subject_03_relaxed_session_01
25.996,0.13886843512690988,relaxed,subject_03,subject_03_relaxed_session_01
26.0,0.11272566527475748,relaxed,subject_03,subject_03_relaxed_session_01
26.004,0.07539048251423691,relaxed,subject_03,subject_03_relaxed_session_01
26.008,0.15260057789739628,relaxed,subject_03,subject_03_relaxed_session_01
26.012,0.07095220436286323,relaxed,subject_03,subject_03_relaxed_session_01
26.016,0.09774515151773663,relaxed,subject_03,subject_03_relaxed_session_01
26.02,0.0817883280869506,relaxed,subject_03,subject_03_relaxed_session_01
26.024,0.07903903836855619,relaxed,subject_03,subject_03_relaxed_session_01
26.028,0.08407401028359045,relaxed,subject_03,subject_03_relaxed_session_01
26.032,0.08036682921107947,relaxed,subject_03,subject_03_relaxed_session_01
26.036,0.09343898334072123,relaxed,subject_03,subject_03_relaxed_session_01
26.04,0.047117295811201505,relaxed,subject_03,subject_03_relaxed_session_01
26.044,0.06270248455540028,relaxed,subject_03,subject_03_relaxed_session_01
26.048,0.061348673673044266,relaxed,subject_03,subject_03_relaxed_session_01
26.052,0.09087867759989866,relaxed,subject_03,subject_03_relaxed_session_01
26.056,0.048619307057640136,relaxed,subject_03,subject_03_relaxed_session_01
26.06,0.010686380811401264,relaxed,subject_03,subject_03_relaxed_session_01
26.064,0.05653783362759955,relaxed,subject_03,subject_03_relaxed_session_01
26.068,0.015865269578741126,relaxed,subject_03,subject_03_relaxed_session_01
26.072,0.0035300246121765903,relaxed,subject_03,subject_03_relaxed_session_01
26.076,0.043654286429928614,relaxed,subject_03,subject_03_relaxed_session_01
26.08,0.016499293933639768,relaxed,subject_03,subject_03_relaxed_session_01
26.084,0.006928476977360584,relaxed,subject_03,subject_03_relaxed_session_01
26.088,0.0420329240528503,relaxed,subject_03,subject_03_relaxed_session_01
26.092,-0.004227650195824726,relaxed,subject_03,subject_03_relaxed_session_01
26.096,-0.006372386504579676,relaxed,subject_03,subject_03_relaxed_session_01
26.1,0.012221379206660858,relaxed,subject_03,subject_03_relaxed_session_01
26.104,-0.044345934697311344,relaxed,subject_03,subject_03_relaxed_session_01
26.108,0.0027341435139614247,relaxed,subject_03,subject_03_relaxed_session_01
26.112,2.9898695053640935e-06,relaxed,subject_03,subject_03_relaxed_session_01
26.116,-0.01961775898372286,relaxed,subject_03,subject_03_relaxed_session_01
26.12,-0.0037635375662214386,relaxed,subject_03,subject_03_relaxed_session_01
26.124,0.0008187228063677981,relaxed,subject_03,subject_03_relaxed_session_01
26.128,-0.006527990711388895,relaxed,subject_03,subject_03_relaxed_session_01
26.132,0.008575705056057089,relaxed,subject_03,subject_03_relaxed_session_01
26.136,-0.005777116730043015,relaxed,subject_03,subject_03_relaxed_session_01
26.14,-0.01959960893199422,relaxed,subject_03,subject_03_relaxed_session_01
26.144,-0.008142385605593378,relaxed,subject_03,subject_03_relaxed_session_01
26.148,-0.021155972341949016,relaxed,subject_03,subject_03_relaxed_session_01
26.152,0.035641842670236665,relaxed,subject_03,subject_03_relaxed_session_01
26.156,0.011511357077002312,relaxed,subject_03,subject_03_relaxed_session_01
26.16,0.01626531633037473,relaxed,subject_03,subject_03_relaxed_session_01
26.164,0.05368517151942838,relaxed,subject_03,subject_03_relaxed_session_01
26.168,0.16212965088246245,relaxed,subject_03,subject_03_relaxed_session_01
26.172,0.24501992325650368,relaxed,subject_03,subject_03_relaxed_session_01
26.176,0.42373877934877546,relaxed,subject_03,subject_03_relaxed_session_01
26.18,0.5324078685342988,relaxed,subject_03,subject_03_relaxed_session_01
26.184,0.6411044145940408,relaxed,subject_03,subject_03_relaxed_session_01
26.188,0.7643121663417083,relaxed,subject_03,subject_03_relaxed_session_01
26.192,0.8071353439843961,relaxed,subject_03,subject_03_relaxed_session_01
26.196,0.8427594948109636,relaxed,subject_03,subject_03_relaxed_session_01
26.2,0.8046863192692197,relaxed,subject_03,subject_03_relaxed_session_01
26.204,0.7435399315144433,relaxed,subject_03,subject_03_relaxed_session_01
26.208,0.6640216626971448,relaxed,subject_03,subject_03_relaxed_session_01
26.212,0.5284459483243078,relaxed,subject_03,subject_03_relaxed_session_01
26.216,0.40032086234639663,relaxed,subject_03,subject_03_relaxed_session_01
26.22,0.24384520500060444,relaxed,subject_03,subject_03_relaxed_session_01
26.224,0.0823590012008816,relaxed,subject_03,subject_03_relaxed_session_01
26.228,0.01180274341633321,relaxed,subject_03,subject_03_relaxed_session_01
26.232,-0.07018863661202776,relaxed,subject_03,subject_03_relaxed_session_01
26.236,-0.05386013819073889,relaxed,subject_03,subject_03_relaxed_session_01
26.24,-0.0821664511382882,relaxed,subject_03,subject_03_relaxed_session_01
26.244,-0.05082796837491786,relaxed,subject_03,subject_03_relaxed_session_01
26.248,-0.03990767956262648,relaxed,subject_03,subject_03_relaxed_session_01
26.252,-0.04536494927596674,relaxed,subject_03,subject_03_relaxed_session_01
26.256,0.008220221926737797,relaxed,subject_03,subject_03_relaxed_session_01
26.26,0.005155279739665768,relaxed,subject_03,subject_03_relaxed_session_01
26.264,-0.0033601720042676503,relaxed,subject_03,subject_03_relaxed_session_01
26.268,0.009878089154460479,relaxed,subject_03,subject_03_relaxed_session_01
26.272,0.033743756586705004,relaxed,subject_03,subject_03_relaxed_session_01
26.276,0.017664249684649136,relaxed,subject_03,subject_03_relaxed_session_01
26.28,-0.001811041648013153,relaxed,subject_03,subject_03_relaxed_session_01
26.284,-0.009325793782095346,relaxed,subject_03,subject_03_relaxed_session_01
26.288,0.011689424672814612,relaxed,subject_03,subject_03_relaxed_session_01
26.292,0.006311857521416745,relaxed,subject_03,subject_03_relaxed_session_01
26.296,0.02716400792483084,relaxed,subject_03,subject_03_relaxed_session_01
26.3,0.01615398696446336,relaxed,subject_03,subject_03_relaxed_session_01
26.304,0.022397863737627838,relaxed,subject_03,subject_03_relaxed_session_01
26.308,0.058167767918208796,relaxed,subject_03,subject_03_relaxed_session_01
26.312,0.07111900001338006,relaxed,subject_03,subject_03_relaxed_session_01
26.316,0.02677233092518537,relaxed,subject_03,subject_03_relaxed_session_01
26.32,0.03969168957756048,relaxed,subject_03,subject_03_relaxed_session_01
26.324,0.04705900780628602,relaxed,subject_03,subject_03_relaxed_session_01
26.328,0.06293506175395033,relaxed,subject_03,subject_03_relaxed_session_01
26.332,0.06875482168486466,relaxed,subject_03,subject_03_relaxed_session_01
26.336,0.057134444094674226,relaxed,subject_03,subject_03_relaxed_session_01
26.34,0.08308017831095066,relaxed,subject_03,subject_03_relaxed_session_01
26.344,0.06941375451581866,relaxed,subject_03,subject_03_relaxed_session_01
26.348,0.07709669153650371,relaxed,subject_03,subject_03_relaxed_session_01
26.352,0.07242301204064522,relaxed,subject_03,subject_03_relaxed_session_01
26.356,0.11745790094831127,relaxed,subject_03,subject_03_relaxed_session_01
26.36,0.12114642939450512,relaxed,subject_03,subject_03_relaxed_session_01
26.364,0.11617070553647504,relaxed,subject_03,subject_03_relaxed_session_01
26.368,0.12877936144076232,relaxed,subject_03,subject_03_relaxed_session_01
26.372,0.14396102283756268,relaxed,subject_03,subject_03_relaxed_session_01
26.376,0.1430526590485473,relaxed,subject_03,subject_03_relaxed_session_01
26.38,0.1487074162376062,relaxed,subject_03,subject_03_relaxed_session_01
26.384,0.13159194730344242,relaxed,subject_03,subject_03_relaxed_session_01
26.388,0.11596955762867434,relaxed,subject_03,subject_03_relaxed_session_01
26.392,0.13589618328323858,relaxed,subject_03,subject_03_relaxed_session_01
26.396,0.20104883915671248,relaxed,subject_03,subject_03_relaxed_session_01
26.4,0.15758157689129348,relaxed,subject_03,subject_03_relaxed_session_01
26.404,0.19922265428507668,relaxed,subject_03,subject_03_relaxed_session_01
26.408,0.18258533827563628,relaxed,subject_03,subject_03_relaxed_session_01
26.412,0.17533616986989042,relaxed,subject_03,subject_03_relaxed_session_01
26.416,0.16167445052104007,relaxed,subject_03,subject_03_relaxed_session_01
26.42,0.1690158163828434,relaxed,subject_03,subject_03_relaxed_session_01
26.424,0.18335800497973573,relaxed,subject_03,subject_03_relaxed_session_01
26.428,0.1857413338492999,relaxed,subject_03,subject_03_relaxed_session_01
26.432,0.20131154815116495,relaxed,subject_03,subject_03_relaxed_session_01
26.436,0.17826195830035466,relaxed,subject_03,subject_03_relaxed_session_01
26.44,0.1799197118226208,relaxed,subject_03,subject_03_relaxed_session_01
26.444,0.21060634368350933,relaxed,subject_03,subject_03_relaxed_session_01
26.448,0.23100181376929607,relaxed,subject_03,subject_03_relaxed_session_01
26.452,0.19408186764898694,relaxed,subject_03,subject_03_relaxed_session_01
26.456,0.2000576669077273,relaxed,subject_03,subject_03_relaxed_session_01
26.46,0.18655252938113884,relaxed,subject_03,subject_03_relaxed_session_01
26.464,0.18599493943599127,relaxed,subject_03,subject_03_relaxed_session_01
26.468,0.1803446213863398,relaxed,subject_03,subject_03_relaxed_session_01
26.472,0.17441328802226638,relaxed,subject_03,subject_03_relaxed_session_01
26.476,0.18888741633976158,relaxed,subject_03,subject_03_relaxed_session_01
26.48,0.18607885556149312,relaxed,subject_03,subject_03_relaxed_session_01
26.484,0.1644162979827896,relaxed,subject_03,subject_03_relaxed_session_01
26.488,0.1529971933257061,relaxed,subject_03,subject_03_relaxed_session_01
26.492,0.1497894712678056,relaxed,subject_03,subject_03_relaxed_session_01
26.496,0.16691924404848507,relaxed,subject_03,subject_03_relaxed_session_01
26.5,0.13212111038926944,relaxed,subject_03,subject_03_relaxed_session_01
26.504,0.12188895621770413,relaxed,subject_03,subject_03_relaxed_session_01
26.508,0.14172937615116568,relaxed,subject_03,subject_03_relaxed_session_01
26.512,0.12844749291226293,relaxed,subject_03,subject_03_relaxed_session_01
26.516,0.12058583587326221,relaxed,subject_03,subject_03_relaxed_session_01
26.52,0.13352935388204246,relaxed,subject_03,subject_03_relaxed_session_01
26.524,0.1092740324456753,relaxed,subject_03,subject_03_relaxed_session_01
26.528,0.09064271908685641,relaxed,subject_03,subject_03_relaxed_session_01
26.532,0.10059757373934704,relaxed,subject_03,subject_03_relaxed_session_01
26.536,0.07763002699934768,relaxed,subject_03,subject_03_relaxed_session_01
26.54,0.10194293569236751,relaxed,subject_03,subject_03_relaxed_session_01
26.544,0.07835649585435163,relaxed,subject_03,subject_03_relaxed_session_01
26.548,0.05112645127106607,relaxed,subject_03,subject_03_relaxed_session_01
26.552,0.06875128430791637,relaxed,subject_03,subject_03_relaxed_session_01
26.556,0.04384613294716903,relaxed,subject_03,subject_03_relaxed_session_01
26.56,0.07458782364844758,relaxed,subject_03,subject_03_relaxed_session_01
26.564,0.046552131646362974,relaxed,subject_03,subject_03_relaxed_session_01
26.568,0.05582144728658435,relaxed,subject_03,subject_03_relaxed_session_01
26.572,0.025787552999497164,relaxed,subject_03,subject_03_relaxed_session_01
26.576,0.029431994310590806,relaxed,subject_03,subject_03_relaxed_session_01
26.58,0.036975613821045014,relaxed,subject_03,subject_03_relaxed_session_01
26.584,0.021156898452720542,relaxed,subject_03,subject_03_relaxed_session_01
26.588,0.0023254307112642106,relaxed,subject_03,subject_03_relaxed_session_01
26.592,0.030614437999869785,relaxed,subject_03,subject_03_relaxed_session_01
26.596,0.018236325361785988,relaxed,subject_03,subject_03_relaxed_session_01
26.6,-0.012355204881549902,relaxed,subject_03,subject_03_relaxed_session_01
26.604,-0.0013202081798749403,relaxed,subject_03,subject_03_relaxed_session_01
26.608,-0.013456217866420126,relaxed,subject_03,subject_03_relaxed_session_01
26.612,-0.009552827261176663,relaxed,subject_03,subject_03_relaxed_session_01
26.616,-0.011444408464206461,relaxed,subject_03,subject_03_relaxed_session_01
26.62,-0.009535905391330434,relaxed,subject_03,subject_03_relaxed_session_01
26.624,-0.03535995700281554,relaxed,subject_03,subject_03_relaxed_session_01
26.628,-0.017306406765990018,relaxed,subject_03,subject_03_relaxed_session_01
26.632,0.00843383928444839,relaxed,subject_03,subject_03_relaxed_session_01
26.636,0.021962059138045997,relaxed,subject_03,subject_03_relaxed_session_01
26.64,-0.0368681195589619,relaxed,subject_03,subject_03_relaxed_session_01
26.644,0.00611533549238273,relaxed,subject_03,subject_03_relaxed_session_01
26.648,0.027990361033181442,relaxed,subject_03,subject_03_relaxed_session_01
26.652,-0.02180405264793412,relaxed,subject_03,subject_03_relaxed_session_01
26.656,-0.008705286909548875,relaxed,subject_03,subject_03_relaxed_session_01
26.66,0.00043376714879163336,relaxed,subject_03,subject_03_relaxed_session_01
26.664,-0.02942561538239659,relaxed,subject_03,subject_03_relaxed_session_01
26.668,-0.002461144617072201,relaxed,subject_03,subject_03_relaxed_session_01
26.672,-0.025979556160547423,relaxed,subject_03,subject_03_relaxed_session_01
26.676,-0.0036179684568481037,relaxed,subject_03,subject_03_relaxed_session_01
26.68,0.007007300918960426,relaxed,subject_03,subject_03_relaxed_session_01
26.684,0.0013465232900401088,relaxed,subject_03,subject_03_relaxed_session_01
26.688,-0.030543032918855954,relaxed,subject_03,subject_03_relaxed_session_01
26.692,-0.01269603357645766,relaxed,subject_03,subject_03_relaxed_session_01
26.696,-0.03439684179552796,relaxed,subject_03,subject_03_relaxed_session_01
26.7,-0.04814177748724228,relaxed,subject_03,subject_03_relaxed_session_01
26.704,-0.030058455751801747,relaxed,subject_03,subject_03_relaxed_session_01
26.708,-0.009538358586744143,relaxed,subject_03,subject_03_relaxed_session_01
26.712,-0.03157077087443324,relaxed,subject_03,subject_03_relaxed_session_01
26.716,0.002775077135837318,relaxed,subject_03,subject_03_relaxed_session_01
26.72,-0.02497926398707387,relaxed,subject_03,subject_03_relaxed_session_01
26.724,-0.048109201332785456,relaxed,subject_03,subject_03_relaxed_session_01
26.728,-0.03234129043095587,relaxed,subject_03,subject_03_relaxed_session_01
26.732,-0.03979615383039027,relaxed,subject_03,subject_03_relaxed_session_01
26.736,-0.0007775831112746129,relaxed,subject_03,subject_03_relaxed_session_01
26.74,-0.017136616559630617,relaxed,subject_03,subject_03_relaxed_session_01
26.744,-0.028575102687948543,relaxed,subject_03,subject_03_relaxed_session_01
26.748,-0.012527855148561919,relaxed,subject_03,subject_03_relaxed_session_01
26.752,-0.04294900534149852,relaxed,subject_03,subject_03_relaxed_session_01
26.756,-0.050253746676397384,relaxed,subject_03,subject_03_relaxed_session_01
26.76,-0.052700775427239936,relaxed,subject_03,subject_03_relaxed_session_01
26.764,-0.06414551721312273,relaxed,subject_03,subject_03_relaxed_session_01
26.768,-0.04878204858761412,relaxed,subject_03,subject_03_relaxed_session_01
26.772,-0.016211534503537982,relaxed,subject_03,subject_03_relaxed_session_01
26.776,-0.01279364959621245,relaxed,subject_03,subject_03_relaxed_session_01
26.78,-0.044609180742524374,relaxed,subject_03,subject_03_relaxed_session_01
26.784,-0.06720398836137575,relaxed,subject_03,subject_03_relaxed_session_01
26.788,-0.03482478485163201,relaxed,subject_03,subject_03_relaxed_session_01
26.792,-0.016343045870776302,relaxed,subject_03,subject_03_relaxed_session_01
26.796,-0.009159757826829242,relaxed,subject_03,subject_03_relaxed_session_01
26.8,-0.020327796583423735,relaxed,subject_03,subject_03_relaxed_session_01
26.804,-0.04453355127091758,relaxed,subject_03,subject_03_relaxed_session_01
26.808,-0.008872699262939529,relaxed,subject_03,subject_03_relaxed_session_01
26.812,-0.014370212737489393,relaxed,subject_03,subject_03_relaxed_session_01
26.816,-0.006067188979133728,relaxed,subject_03,subject_03_relaxed_session_01
26.82,-0.03701744175867698,relaxed,subject_03,subject_03_relaxed_session_01
26.824,-0.0069939405396080585,relaxed,subject_03,subject_03_relaxed_session_01
26.828,0.0023493691731444714,relaxed,subject_03,subject_03_relaxed_session_01
26.832,-0.03946860251486625,relaxed,subject_03,subject_03_relaxed_session_01
26.836,-0.021855954247195712,relaxed,subject_03,subject_03_relaxed_session_01
26.84,-0.036707219377190126,relaxed,subject_03,subject_03_relaxed_session_01
26.844,-0.018920305572929674,relaxed,subject_03,subject_03_relaxed_session_01
26.848,-0.0007872721881441078,relaxed,subject_03,subject_03_relaxed_session_01
26.852,-0.02337595729527956,relaxed,subject_03,subject_03_relaxed_session_01
26.856,0.03241598012935035,relaxed,subject_03,subject_03_relaxed_session_01
26.86,0.03757045037527236,relaxed,subject_03,subject_03_relaxed_session_01
26.864,0.01751435395578832,relaxed,subject_03,subject_03_relaxed_session_01
26.868,0.012231568534389827,relaxed,subject_03,subject_03_relaxed_session_01
26.872,0.029824356735366705,relaxed,subject_03,subject_03_relaxed_session_01
26.876,0.06522765081940644,relaxed,subject_03,subject_03_relaxed_session_01
26.88,0.05380583428580572,relaxed,subject_03,subject_03_relaxed_session_01
26.884,0.01041885769406263,relaxed,subject_03,subject_03_relaxed_session_01
26.888,0.0061547655129119555,relaxed,subject_03,subject_03_relaxed_session_01
26.892,0.03757246452385885,relaxed,subject_03,subject_03_relaxed_session_01
26.896,0.058834076644685526,relaxed,subject_03,subject_03_relaxed_session_01
26.9,0.029108284866888656,relaxed,subject_03,subject_03_relaxed_session_01
26.904,0.06187480225325031,relaxed,subject_03,subject_03_relaxed_session_01
26.908,0.034621764211574056,relaxed,subject_03,subject_03_relaxed_session_01
26.912,0.06972553718717235,relaxed,subject_03,subject_03_relaxed_session_01
26.916,0.07456229838500189,relaxed,subject_03,subject_03_relaxed_session_01
26.92,0.10415525138143694,relaxed,subject_03,subject_03_relaxed_session_01
26.924,0.06650515661833928,relaxed,subject_03,subject_03_relaxed_session_01
26.928,0.060358204964064,relaxed,subject_03,subject_03_relaxed_session_01
26.932,0.09172444281676324,relaxed,subject_03,subject_03_relaxed_session_01
26.936,0.07503783145617304,relaxed,subject_03,subject_03_relaxed_session_01
26.94,0.05914975989840523,relaxed,subject_03,subject_03_relaxed_session_01
26.944,0.04801571431024765,relaxed,subject_03,subject_03_relaxed_session_01
26.948,0.08349070446542001,relaxed,subject_03,subject_03_relaxed_session_01
26.952,0.029867147400582595,relaxed,subject_03,subject_03_relaxed_session_01
26.956,0.009761510860800397,relaxed,subject_03,subject_03_relaxed_session_01
26.96,0.03012726819500763,relaxed,subject_03,subject_03_relaxed_session_01
26.964,0.02223632885338616,relaxed,subject_03,subject_03_relaxed_session_01
26.968,0.047307624660396064,relaxed,subject_03,subject_03_relaxed_session_01
26.972,0.021057787485994933,relaxed,subject_03,subject_03_relaxed_session_01
26.976,0.03117314514785031,relaxed,subject_03,subject_03_relaxed_session_01
26.98,-0.04317756374233703,relaxed,subject_03,subject_03_relaxed_session_01
26.984,-0.0032119388076593115,relaxed,subject_03,subject_03_relaxed_session_01
26.988,0.02874445851293658,relaxed,subject_03,subject_03_relaxed_session_01
26.992,-0.02625419610534453,relaxed,subject_03,subject_03_relaxed_session_01
26.996,-0.013815645330122927,relaxed,subject_03,subject_03_relaxed_session_01
27.0,0.005347528744215577,relaxed,subject_03,subject_03_relaxed_session_01
27.004,-0.024382189875746335,relaxed,subject_03,subject_03_relaxed_session_01
27.008,-0.001156544073008508,relaxed,subject_03,subject_03_relaxed_session_01
27.012,-0.031086220654017435,relaxed,subject_03,subject_03_relaxed_session_01
27.016,-0.0216513376007797,relaxed,subject_03,subject_03_relaxed_session_01
27.02,-0.009109555052189066,relaxed,subject_03,subject_03_relaxed_session_01
27.024,-0.045741283205190594,relaxed,subject_03,subject_03_relaxed_session_01
27.028,-0.04134401329759976,relaxed,subject_03,subject_03_relaxed_session_01
27.032,-0.007737330014130923,relaxed,subject_03,subject_03_relaxed_session_01
27.036,-0.042579423321985305,relaxed,subject_03,subject_03_relaxed_session_01
27.04,-0.024990565640649696,relaxed,subject_03,subject_03_relaxed_session_01
27.044,-0.008747427848780246,relaxed,subject_03,subject_03_relaxed_session_01
27.048,-0.02732362751102096,relaxed,subject_03,subject_03_relaxed_session_01
27.052,-0.02528320014106587,relaxed,subject_03,subject_03_relaxed_session_01
27.056,-0.0024886237711552878,relaxed,subject_03,subject_03_relaxed_session_01
27.06,0.008207457591250265,relaxed,subject_03,subject_03_relaxed_session_01
27.064,-0.04071350389541184,relaxed,subject_03,subject_03_relaxed_session_01
27.068,-0.057003101188398034,relaxed,subject_03,subject_03_relaxed_session_01
27.072,-0.03228119075229498,relaxed,subject_03,subject_03_relaxed_session_01
27.076,-0.053939306069266724,relaxed,subject_03,subject_03_relaxed_session_01
27.08,0.01660489754827963,relaxed,subject_03,subject_03_relaxed_session_01
27.084,0.0322975362617975,relaxed,subject_03,subject_03_relaxed_session_01
27.088,0.11427107420065497,relaxed,subject_03,subject_03_relaxed_session_01
27.092,0.20602796507976834,relaxed,subject_03,subject_03_relaxed_session_01
27.096,0.33081067966808086,relaxed,subject_03,subject_03_relaxed_session_01
27.1,0.4997126616422478,relaxed,subject_03,subject_03_relaxed_session_01
27.104,0.6059215220516085,relaxed,subject_03,subject_03_relaxed_session_01
27.108,0.7026675288680919,relaxed,subject_03,subject_03_relaxed_session_01
27.112,0.8190553621539577,relaxed,subject_03,subject_03_relaxed_session_01
27.116,0.8150926993280282,relaxed,subject_03,subject_03_relaxed_session_01
27.12,0.8023481455449996,relaxed,subject_03,subject_03_relaxed_session_01
27.124,0.7259993768771081,relaxed,subject_03,subject_03_relaxed_session_01
27.128,0.6389534308703863,relaxed,subject_03,subject_03_relaxed_session_01
27.132,0.5149630431236705,relaxed,subject_03,subject_03_relaxed_session_01
27.136,0.383477737565358,relaxed,subject_03,subject_03_relaxed_session_01
27.14,0.25064059380829545,relaxed,subject_03,subject_03_relaxed_session_01
27.144,0.12966621391563746,relaxed,subject_03,subject_03_relaxed_session_01
27.148,0.04762385432179046,relaxed,subject_03,subject_03_relaxed_session_01
27.152,-0.03975875792190867,relaxed,subject_03,subject_03_relaxed_session_01
27.156,-0.04662265743202874,relaxed,subject_03,subject_03_relaxed_session_01
27.16,-0.08684456090057362,relaxed,subject_03,subject_03_relaxed_session_01
27.164,-0.11141136955571938,relaxed,subject_03,subject_03_relaxed_session_01
27.168,-0.07473480357540123,relaxed,subject_03,subject_03_relaxed_session_01
27.172,-0.06293771753432784,relaxed,subject_03,subject_03_relaxed_session_01
27.176,-0.020816291005799164,relaxed,subject_03,subject_03_relaxed_session_01
27.18,-0.018225901276251524,relaxed,subject_03,subject_03_relaxed_session_01
27.184,-0.022914529700873994,relaxed,subject_03,subject_03_relaxed_session_01
27.188,0.017918461145008634,relaxed,subject_03,subject_03_relaxed_session_01
27.192,-0.0008908800183333836,relaxed,subject_03,subject_03_relaxed_session_01
27.196,0.0037194458332852533,relaxed,subject_03,subject_03_relaxed_session_01
27.2,0.02488106889097983,relaxed,subject_03,subject_03_relaxed_session_01
27.204,0.014885170089987205,relaxed,subject_03,subject_03_relaxed_session_01
27.208,0.0050357466277805825,relaxed,subject_03,subject_03_relaxed_session_01
27.212,0.002273705903629418,relaxed,subject_03,subject_03_relaxed_session_01
27.216,-0.033234710750868035,relaxed,subject_03,subject_03_relaxed_session_01
27.22,-0.026231612027376658,relaxed,subject_03,subject_03_relaxed_session_01
27.224,0.012101783351144273,relaxed,subject_03,subject_03_relaxed_session_01
27.228,0.007348107333937478,relaxed,subject_03,subject_03_relaxed_session_01
27.232,0.023070805597007676,relaxed,subject_03,subject_03_relaxed_session_01
27.236,0.04751416598293225,relaxed,subject_03,subject_03_relaxed_session_01
27.24,0.01643455576103378,relaxed,subject_03,subject_03_relaxed_session_01
27.244,0.005303941405494554,relaxed,subject_03,subject_03_relaxed_session_01
27.248,0.016016057358138762,relaxed,subject_03,subject_03_relaxed_session_01
27.252,0.02769847083336213,relaxed,subject_03,subject_03_relaxed_session_01
27.256,0.03016588320232169,relaxed,subject_03,subject_03_relaxed_session_01
27.26,0.05961002647525019,relaxed,subject_03,subject_03_relaxed_session_01
27.264,0.09547720383239822,relaxed,subject_03,subject_03_relaxed_session_01
27.268,0.08310022694785667,relaxed,subject_03,subject_03_relaxed_session_01
27.272,0.09082044137250188,relaxed,subject_03,subject_03_relaxed_session_01
27.276,0.08777960273770212,relaxed,subject_03,subject_03_relaxed_session_01
27.28,0.06505874206242344,relaxed,subject_03,subject_03_relaxed_session_01
27.284,0.14114277928396998,relaxed,subject_03,subject_03_relaxed_session_01
27.288,0.09649330469687112,relaxed,subject_03,subject_03_relaxed_session_01
27.292,0.12489043206225403,relaxed,subject_03,subject_03_relaxed_session_01
27.296,0.07109503638663442,relaxed,subject_03,subject_03_relaxed_session_01
27.3,0.12048376532575353,relaxed,subject_03,subject_03_relaxed_session_01
27.304,0.12513032579554365,relaxed,subject_03,subject_03_relaxed_session_01
27.308,0.12938597650441036,relaxed,subject_03,subject_03_relaxed_session_01
27.312,0.11267926988643676,relaxed,subject_03,subject_03_relaxed_session_01
27.316,0.1504398356582684,relaxed,subject_03,subject_03_relaxed_session_01
27.32,0.17638212720324675,relaxed,subject_03,subject_03_relaxed_session_01
27.324,0.19920505118812207,relaxed,subject_03,subject_03_relaxed_session_01
27.328,0.195086925244144,relaxed,subject_03,subject_03_relaxed_session_01
27.332,0.1919484905124541,relaxed,subject_03,subject_03_relaxed_session_01
27.336,0.20499373133043133,relaxed,subject_03,subject_03_relaxed_session_01
27.34,0.21108203253055896,relaxed,subject_03,subject_03_relaxed_session_01
27.344,0.1593927252923559,relaxed,subject_03,subject_03_relaxed_session_01
27.348,0.18573933853900113,relaxed,subject_03,subject_03_relaxed_session_01
27.352,0.15753400069117995,relaxed,subject_03,subject_03_relaxed_session_01
27.356,0.19569116507508444,relaxed,subject_03,subject_03_relaxed_session_01
27.36,0.1813383241350755,relaxed,subject_03,subject_03_relaxed_session_01
27.364,0.18398664279953914,relaxed,subject_03,subject_03_relaxed_session_01
27.368,0.18189622460589114,relaxed,subject_03,subject_03_relaxed_session_01
27.372,0.13721594132896564,relaxed,subject_03,subject_03_relaxed_session_01
27.376,0.14818355430879723,relaxed,subject_03,subject_03_relaxed_session_01
27.38,0.20219010814940463,relaxed,subject_03,subject_03_relaxed_session_01
27.384,0.1697986945269931,relaxed,subject_03,subject_03_relaxed_session_01
27.388,0.20143798430456,relaxed,subject_03,subject_03_relaxed_session_01
27.392,0.17498190669622932,relaxed,subject_03,subject_03_relaxed_session_01
27.396,0.14325260144413954,relaxed,subject_03,subject_03_relaxed_session_01
27.4,0.14329936209933702,relaxed,subject_03,subject_03_relaxed_session_01
27.404,0.15380690661824017,relaxed,subject_03,subject_03_relaxed_session_01
27.408,0.14423750999631282,relaxed,subject_03,subject_03_relaxed_session_01
27.412,0.15622784146451052,relaxed,subject_03,subject_03_relaxed_session_01
27.416,0.1579318425209897,relaxed,subject_03,subject_03_relaxed_session_01
27.42,0.15430749890922982,relaxed,subject_03,subject_03_relaxed_session_01
27.424,0.14644228006044233,relaxed,subject_03,subject_03_relaxed_session_01
27.428,0.15372665256695459,relaxed,subject_03,subject_03_relaxed_session_01
27.432,0.15009922267707643,relaxed,subject_03,subject_03_relaxed_session_01
27.436,0.10531917352391251,relaxed,subject_03,subject_03_relaxed_session_01
27.44,0.08038499881059138,relaxed,subject_03,subject_03_relaxed_session_01
27.444,0.0978167819111696,relaxed,subject_03,subject_03_relaxed_session_01
27.448,0.10673560577026463,relaxed,subject_03,subject_03_relaxed_session_01
27.452,0.08824434656766567,relaxed,subject_03,subject_03_relaxed_session_01
27.456,0.10513637730007054,relaxed,subject_03,subject_03_relaxed_session_01
27.46,0.05962151484389267,relaxed,subject_03,subject_03_relaxed_session_01
27.464,0.11175311285736259,relaxed,subject_03,subject_03_relaxed_session_01
27.468,0.08983275625804069,relaxed,subject_03,subject_03_relaxed_session_01
27.472,0.060581033989955894,relaxed,subject_03,subject_03_relaxed_session_01
27.476,0.04731460425082884,relaxed,subject_03,subject_03_relaxed_session_01
27.48,0.054027563015627916,relaxed,subject_03,subject_03_relaxed_session_01
27.484,0.0746957718546242,relaxed,subject_03,subject_03_relaxed_session_01
27.488,0.038638535158892304,relaxed,subject_03,subject_03_relaxed_session_01
27.492,0.030089165317670016,relaxed,subject_03,subject_03_relaxed_session_01
27.496,0.03694595943695073,relaxed,subject_03,subject_03_relaxed_session_01
27.5,0.007493652803402598,relaxed,subject_03,subject_03_relaxed_session_01
27.504,0.04990536560667132,relaxed,subject_03,subject_03_relaxed_session_01
27.508,0.03685101328940225,relaxed,subject_03,subject_03_relaxed_session_01
27.512,0.038804724028386126,relaxed,subject_03,subject_03_relaxed_session_01
27.516,0.04490356547322716,relaxed,subject_03,subject_03_relaxed_session_01
27.52,-0.0018840251608905206,relaxed,subject_03,subject_03_relaxed_session_01
27.524,0.011202429242529432,relaxed,subject_03,subject_03_relaxed_session_01
27.528,0.00618584707500245,relaxed,subject_03,subject_03_relaxed_session_01
27.532,0.03716559555034463,relaxed,subject_03,subject_03_relaxed_session_01
27.536,-0.0051993234711885175,relaxed,subject_03,subject_03_relaxed_session_01
27.54,-0.03490651950054938,relaxed,subject_03,subject_03_relaxed_session_01
27.544,-0.01030603674280189,relaxed,subject_03,subject_03_relaxed_session_01
27.548,0.014793834127223696,relaxed,subject_03,subject_03_relaxed_session_01
27.552,0.006083539341583888,relaxed,subject_03,subject_03_relaxed_session_01
27.556,-0.007936249021162528,relaxed,subject_03,subject_03_relaxed_session_01
27.56,-0.015005359915744568,relaxed,subject_03,subject_03_relaxed_session_01
27.564,-0.0017798165254201892,relaxed,subject_03,subject_03_relaxed_session_01
27.568,0.0016594167261761057,relaxed,subject_03,subject_03_relaxed_session_01
27.572,-0.006266611650568901,relaxed,subject_03,subject_03_relaxed_session_01
27.576,-0.0184163508995513,relaxed,subject_03,subject_03_relaxed_session_01
27.58,-0.012784400406817244,relaxed,subject_03,subject_03_relaxed_session_01
27.584,-0.023733442398415204,relaxed,subject_03,subject_03_relaxed_session_01
27.588,0.007337323240199816,relaxed,subject_03,subject_03_relaxed_session_01
27.592,-0.016439961275665486,relaxed,subject_03,subject_03_relaxed_session_01
27.596,-0.03289995869056774,relaxed,subject_03,subject_03_relaxed_session_01
27.6,0.030658688144918903,relaxed,subject_03,subject_03_relaxed_session_01
27.604,-0.02936809282847963,relaxed,subject_03,subject_03_relaxed_session_01
27.608,-0.032882276150864934,relaxed,subject_03,subject_03_relaxed_session_01
27.612,-0.03925891346656015,relaxed,subject_03,subject_03_relaxed_session_01
27.616,-0.02905913100300512,relaxed,subject_03,subject_03_relaxed_session_01
27.62,-0.0004829119246058146,relaxed,subject_03,subject_03_relaxed_session_01
27.624,-0.04708580932979646,relaxed,subject_03,subject_03_relaxed_session_01
27.628,-0.012271148843539026,relaxed,subject_03,subject_03_relaxed_session_01
27.632,-0.027151591318073317,relaxed,subject_03,subject_03_relaxed_session_01
27.636,-0.031701724928618245,relaxed,subject_03,subject_03_relaxed_session_01
27.64,-0.0502072734455002,relaxed,subject_03,subject_03_relaxed_session_01
27.644,-0.016253063198339135,relaxed,subject_03,subject_03_relaxed_session_01
27.648,-0.04956295785592753,relaxed,subject_03,subject_03_relaxed_session_01
27.652,-0.0208092966377694,relaxed,subject_03,subject_03_relaxed_session_01
27.656,-0.00826160215990177,relaxed,subject_03,subject_03_relaxed_session_01
27.66,-0.060148357828143546,relaxed,subject_03,subject_03_relaxed_session_01
27.664,-0.0009577346043101193,relaxed,subject_03,subject_03_relaxed_session_01
27.668,-0.05423409134225732,relaxed,subject_03,subject_03_relaxed_session_01
27.672,0.02179255202483065,relaxed,subject_03,subject_03_relaxed_session_01
27.676,-0.01823191379143864,relaxed,subject_03,subject_03_relaxed_session_01
27.68,-0.031410354019558495,relaxed,subject_03,subject_03_relaxed_session_01
27.684,-0.00983360495921443,relaxed,subject_03,subject_03_relaxed_session_01
27.688,-0.031707353917595105,relaxed,subject_03,subject_03_relaxed_session_01
27.692,-0.061989912196646166,relaxed,subject_03,subject_03_relaxed_session_01
27.696,0.00968177593990293,relaxed,subject_03,subject_03_relaxed_session_01
27.7,-0.019663413382224652,relaxed,subject_03,subject_03_relaxed_session_01
27.704,-0.010773762881398991,relaxed,subject_03,subject_03_relaxed_session_01
27.708,-0.015091401972489564,relaxed,subject_03,subject_03_relaxed_session_01
27.712,-0.02780435793922039,relaxed,subject_03,subject_03_relaxed_session_01
27.716,-0.03283783250728109,relaxed,subject_03,subject_03_relaxed_session_01
27.72,0.004912651570674052,relaxed,subject_03,subject_03_relaxed_session_01
27.724,0.0015377705368341526,relaxed,subject_03,subject_03_relaxed_session_01
27.728,-0.008438377538582608,relaxed,subject_03,subject_03_relaxed_session_01
27.732,0.014194697559965656,relaxed,subject_03,subject_03_relaxed_session_01
27.736,-0.006175150350263334,relaxed,subject_03,subject_03_relaxed_session_01
27.74,0.01946512722788225,relaxed,subject_03,subject_03_relaxed_session_01
27.744,0.02870227012884306,relaxed,subject_03,subject_03_relaxed_session_01
27.748,0.023202056557169785,relaxed,subject_03,subject_03_relaxed_session_01
27.752,0.01244572724757501,relaxed,subject_03,subject_03_relaxed_session_01
27.756,-0.012936957643588157,relaxed,subject_03,subject_03_relaxed_session_01
27.76,0.019493230307842814,relaxed,subject_03,subject_03_relaxed_session_01
27.764,0.004863298351075924,relaxed,subject_03,subject_03_relaxed_session_01
27.768,0.032816203056493895,relaxed,subject_03,subject_03_relaxed_session_01
27.772,0.05512527885043082,relaxed,subject_03,subject_03_relaxed_session_01
27.776,0.025737422303662404,relaxed,subject_03,subject_03_relaxed_session_01
27.78,0.010148703131443868,relaxed,subject_03,subject_03_relaxed_session_01
27.784,0.05180971736064163,relaxed,subject_03,subject_03_relaxed_session_01
27.788,0.0430338657970514,relaxed,subject_03,subject_03_relaxed_session_01
27.792,0.07945852525817336,relaxed,subject_03,subject_03_relaxed_session_01
27.796,0.055380138834205596,relaxed,subject_03,subject_03_relaxed_session_01
27.8,0.058407815712038826,relaxed,subject_03,subject_03_relaxed_session_01
27.804,0.06710549734657027,relaxed,subject_03,subject_03_relaxed_session_01
27.808,0.07648474606004985,relaxed,subject_03,subject_03_relaxed_session_01
27.812,0.035493100747716826,relaxed,subject_03,subject_03_relaxed_session_01
27.816,0.06326784370214902,relaxed,subject_03,subject_03_relaxed_session_01
27.82,0.10549666742861226,relaxed,subject_03,subject_03_relaxed_session_01
27.824,0.07357283657917489,relaxed,subject_03,subject_03_relaxed_session_01
27.828,0.0886224269436858,relaxed,subject_03,subject_03_relaxed_session_01
27.832,0.08648898140037085,relaxed,subject_03,subject_03_relaxed_session_01
27.836,0.07843995414070601,relaxed,subject_03,subject_03_relaxed_session_01
27.84,0.08927624701475786,relaxed,subject_03,subject_03_relaxed_session_01
27.844,0.0715972933909193,relaxed,subject_03,subject_03_relaxed_session_01
27.848,0.061174331328688186,relaxed,subject_03,subject_03_relaxed_session_01
27.852,0.0929373902603771,relaxed,subject_03,subject_03_relaxed_session_01
27.856,0.11838562608040377,relaxed,subject_03,subject_03_relaxed_session_01
27.86,0.09780336397341542,relaxed,subject_03,subject_03_relaxed_session_01
27.864,0.09438405057572496,relaxed,subject_03,subject_03_relaxed_session_01
27.868,0.09581257477100268,relaxed,subject_03,subject_03_relaxed_session_01
27.872,0.0741713021276425,relaxed,subject_03,subject_03_relaxed_session_01
27.876,0.06559605360014416,relaxed,subject_03,subject_03_relaxed_session_01
27.88,0.0428262359268866,relaxed,subject_03,subject_03_relaxed_session_01
27.884,0.07058003154059685,relaxed,subject_03,subject_03_relaxed_session_01
27.888,0.05516966059416217,relaxed,subject_03,subject_03_relaxed_session_01
27.892,0.030761215085051655,relaxed,subject_03,subject_03_relaxed_session_01
27.896,0.033281528971345016,relaxed,subject_03,subject_03_relaxed_session_01
27.9,0.012322372592345567,relaxed,subject_03,subject_03_relaxed_session_01
27.904,0.04089682253036917,relaxed,subject_03,subject_03_relaxed_session_01
27.908,0.057131014608520256,relaxed,subject_03,subject_03_relaxed_session_01
27.912,-0.00018317284348879498,relaxed,subject_03,subject_03_relaxed_session_01
27.916,0.039828922372793216,relaxed,subject_03,subject_03_relaxed_session_01
27.92,0.03998297357654293,relaxed,subject_03,subject_03_relaxed_session_01
27.924,-0.010236589369704991,relaxed,subject_03,subject_03_relaxed_session_01
27.928,-0.0307658132804009,relaxed,subject_03,subject_03_relaxed_session_01
27.932,0.009727207440027598,relaxed,subject_03,subject_03_relaxed_session_01
27.936,0.00318461804003625,relaxed,subject_03,subject_03_relaxed_session_01
27.94,0.0007252507199933559,relaxed,subject_03,subject_03_relaxed_session_01
27.944,0.026389951554459588,relaxed,subject_03,subject_03_relaxed_session_01
27.948,-0.0042259879654880875,relaxed,subject_03,subject_03_relaxed_session_01
27.952,0.05035992134775299,relaxed,subject_03,subject_03_relaxed_session_01
27.956,-0.02941131075780172,relaxed,subject_03,subject_03_relaxed_session_01
27.96,-0.016586651112361038,relaxed,subject_03,subject_03_relaxed_session_01
27.964,-0.017199052143272685,relaxed,subject_03,subject_03_relaxed_session_01
27.968,-0.004150499579787562,relaxed,subject_03,subject_03_relaxed_session_01
27.972,0.02686180560852699,relaxed,subject_03,subject_03_relaxed_session_01
27.976,-0.026013250585796333,relaxed,subject_03,subject_03_relaxed_session_01
27.98,-0.025371745898191467,relaxed,subject_03,subject_03_relaxed_session_01
27.984,-0.02514338769835052,relaxed,subject_03,subject_03_relaxed_session_01
27.988,-0.019668753670107484,relaxed,subject_03,subject_03_relaxed_session_01
27.992,-0.016998750814975965,relaxed,subject_03,subject_03_relaxed_session_01
27.996,-0.021645860834430725,relaxed,subject_03,subject_03_relaxed_session_01
28.0,-0.017337979530363444,relaxed,subject_03,subject_03_relaxed_session_01
28.004,0.051293752504980916,relaxed,subject_03,subject_03_relaxed_session_01
28.008,0.15300286495291385,relaxed,subject_03,subject_03_relaxed_session_01
28.012,0.23931889829853076,relaxed,subject_03,subject_03_relaxed_session_01
28.016,0.32864860935211604,relaxed,subject_03,subject_03_relaxed_session_01
28.02,0.46669475009455247,relaxed,subject_03,subject_03_relaxed_session_01
28.024,0.6015209683356503,relaxed,subject_03,subject_03_relaxed_session_01
28.028,0.7213392546169278,relaxed,subject_03,subject_03_relaxed_session_01
28.032,0.8197767128044382,relaxed,subject_03,subject_03_relaxed_session_01
28.036,0.8428655761056,relaxed,subject_03,subject_03_relaxed_session_01
28.04,0.8188261472735314,relaxed,subject_03,subject_03_relaxed_session_01
28.044,0.7713272537680224,relaxed,subject_03,subject_03_relaxed_session_01
28.048,0.73256485413382,relaxed,subject_03,subject_03_relaxed_session_01
28.052,0.5780395376965527,relaxed,subject_03,subject_03_relaxed_session_01
28.056,0.49025572575170623,relaxed,subject_03,subject_03_relaxed_session_01
28.06,0.3236574240266104,relaxed,subject_03,subject_03_relaxed_session_01
28.064,0.1814397774108771,relaxed,subject_03,subject_03_relaxed_session_01
28.068,0.10615168557134744,relaxed,subject_03,subject_03_relaxed_session_01
28.072,-0.0069668623348811305,relaxed,subject_03,subject_03_relaxed_session_01
28.076,-0.0294481930476273,relaxed,subject_03,subject_03_relaxed_session_01
28.08,-0.05993393631219263,relaxed,subject_03,subject_03_relaxed_session_01
28.084,-0.10465402187667294,relaxed,subject_03,subject_03_relaxed_session_01
28.088,-0.02747355256439184,relaxed,subject_03,subject_03_relaxed_session_01
28.092,-0.012708059288388914,relaxed,subject_03,subject_03_relaxed_session_01
28.096,-0.001618188646860988,relaxed,subject_03,subject_03_relaxed_session_01
28.1,0.014187231042206186,relaxed,subject_03,subject_03_relaxed_session_01
28.104,-0.008153343930329649,relaxed,subject_03,subject_03_relaxed_session_01
28.108,0.037875345569981206,relaxed,subject_03,subject_03_relaxed_session_01
28.112,0.03559997067562208,relaxed,subject_03,subject_03_relaxed_session_01
28.116,-0.017213200462528125,relaxed,subject_03,subject_03_relaxed_session_01
28.12,0.008710668338391129,relaxed,subject_03,subject_03_relaxed_session_01
28.124,0.015946880762513847,relaxed,subject_03,subject_03_relaxed_session_01
28.128,0.06372667212427659,relaxed,subject_03,subject_03_relaxed_session_01
28.132,0.018038685201144235,relaxed,subject_03,subject_03_relaxed_session_01
28.136,0.028991800529819513,relaxed,subject_03,subject_03_relaxed_session_01
28.14,0.018628431918404877,relaxed,subject_03,subject_03_relaxed_session_01
28.144,0.03856976375951782,relaxed,subject_03,subject_03_relaxed_session_01
28.148,0.07285336517831632,relaxed,subject_03,subject_03_relaxed_session_01
28.152,0.027979625498377476,relaxed,subject_03,subject_03_relaxed_session_01
28.156,0.07040166775617054,relaxed,subject_03,subject_03_relaxed_session_01
28.16,0.04817825626928951,relaxed,subject_03,subject_03_relaxed_session_01
28.164,0.1083716562849262,relaxed,subject_03,subject_03_relaxed_session_01
28.168,0.07820681813357133,relaxed,subject_03,subject_03_relaxed_session_01
28.172,0.07965227306547758,relaxed,subject_03,subject_03_relaxed_session_01
28.176,0.0753466782765228,relaxed,subject_03,subject_03_relaxed_session_01
28.18,0.09708846816822657,relaxed,subject_03,subject_03_relaxed_session_01
28.184,0.0693737387399713,relaxed,subject_03,subject_03_relaxed_session_01
28.188,0.10690247655466545,relaxed,subject_03,subject_03_relaxed_session_01
28.192,0.09952248406933487,relaxed,subject_03,subject_03_relaxed_session_01
28.196,0.1050763720555796,relaxed,subject_03,subject_03_relaxed_session_01
28.2,0.16538622689744337,relaxed,subject_03,subject_03_relaxed_session_01
28.204,0.15884858963767298,relaxed,subject_03,subject_03_relaxed_session_01
28.208,0.16658955005296755,relaxed,subject_03,subject_03_relaxed_session_01
28.212,0.16100942726745632,relaxed,subject_03,subject_03_relaxed_session_01
28.216,0.15875675833108577,relaxed,subject_03,subject_03_relaxed_session_01
28.22,0.18648177421063958,relaxed,subject_03,subject_03_relaxed_session_01
28.224,0.17012228157774364,relaxed,subject_03,subject_03_relaxed_session_01
28.228,0.1822263374003977,relaxed,subject_03,subject_03_relaxed_session_01
28.232,0.20372824837248563,relaxed,subject_03,subject_03_relaxed_session_01
28.236,0.19823922282539755,relaxed,subject_03,subject_03_relaxed_session_01
28.24,0.19646768950377314,relaxed,subject_03,subject_03_relaxed_session_01
28.244,0.20891659252075567,relaxed,subject_03,subject_03_relaxed_session_01
28.248,0.20031540270604137,relaxed,subject_03,subject_03_relaxed_session_01
28.252,0.2129981566300223,relaxed,subject_03,subject_03_relaxed_session_01
28.256,0.2192901210444973,relaxed,subject_03,subject_03_relaxed_session_01
28.26,0.18647907405506597,relaxed,subject_03,subject_03_relaxed_session_01
28.264,0.19996779724643934,relaxed,subject_03,subject_03_relaxed_session_01
28.268,0.23232030030325976,relaxed,subject_03,subject_03_relaxed_session_01
28.272,0.2229863992959799,relaxed,subject_03,subject_03_relaxed_session_01
28.276,0.22208722406237322,relaxed,subject_03,subject_03_relaxed_session_01
28.28,0.2298905497033472,relaxed,subject_03,subject_03_relaxed_session_01
28.284,0.18542249212085338,relaxed,subject_03,subject_03_relaxed_session_01
28.288,0.22221682377965304,relaxed,subject_03,subject_03_relaxed_session_01
28.292,0.22238570369048213,relaxed,subject_03,subject_03_relaxed_session_01
28.296,0.22866929572724867,relaxed,subject_03,subject_03_relaxed_session_01
28.3,0.24111026491203758,relaxed,subject_03,subject_03_relaxed_session_01
28.304,0.2151332231539164,relaxed,subject_03,subject_03_relaxed_session_01
28.308,0.24724728009424757,relaxed,subject_03,subject_03_relaxed_session_01
28.312,0.1983294985505607,relaxed,subject_03,subject_03_relaxed_session_01
28.316,0.22864475326959802,relaxed,subject_03,subject_03_relaxed_session_01
28.32,0.20091618717492035,relaxed,subject_03,subject_03_relaxed_session_01
28.324,0.23076443619417183,relaxed,subject_03,subject_03_relaxed_session_01
28.328,0.20754741861530818,relaxed,subject_03,subject_03_relaxed_session_01
28.332,0.17437270822327633,relaxed,subject_03,subject_03_relaxed_session_01
28.336,0.19559933801649107,relaxed,subject_03,subject_03_relaxed_session_01
28.34,0.19629470891040962,relaxed,subject_03,subject_03_relaxed_session_01
28.344,0.1872854153512171,relaxed,subject_03,subject_03_relaxed_session_01
28.348,0.1836287489725847,relaxed,subject_03,subject_03_relaxed_session_01
28.352,0.16664557598812585,relaxed,subject_03,subject_03_relaxed_session_01
28.356,0.15390714022952465,relaxed,subject_03,subject_03_relaxed_session_01
28.36,0.1260484504435505,relaxed,subject_03,subject_03_relaxed_session_01
28.364,0.16434820505566328,relaxed,subject_03,subject_03_relaxed_session_01
28.368,0.1565648685001048,relaxed,subject_03,subject_03_relaxed_session_01
28.372,0.17832825998081656,relaxed,subject_03,subject_03_relaxed_session_01
28.376,0.13303977832056627,relaxed,subject_03,subject_03_relaxed_session_01
28.38,0.13321542192049754,relaxed,subject_03,subject_03_relaxed_session_01
28.384,0.12456400500521132,relaxed,subject_03,subject_03_relaxed_session_01
28.388,0.1328600757738461,relaxed,subject_03,subject_03_relaxed_session_01
28.392,0.09936487156555847,relaxed,subject_03,subject_03_relaxed_session_01
28.396,0.10693784899163097,relaxed,subject_03,subject_03_relaxed_session_01
28.4,0.09891493423497795,relaxed,subject_03,subject_03_relaxed_session_01
28.404,0.10787440397622466,relaxed,subject_03,subject_03_relaxed_session_01
28.408,0.13227279565599054,relaxed,subject_03,subject_03_relaxed_session_01
28.412,0.08950454101586411,relaxed,subject_03,subject_03_relaxed_session_01
28.416,0.04925983777823623,relaxed,subject_03,subject_03_relaxed_session_01
28.42,0.05020977358061558,relaxed,subject_03,subject_03_relaxed_session_01
28.424,0.09048641057717528,relaxed,subject_03,subject_03_relaxed_session_01
28.428,0.03207188183575344,relaxed,subject_03,subject_03_relaxed_session_01
28.432,0.06788220127587404,relaxed,subject_03,subject_03_relaxed_session_01
28.436,0.04337731090437212,relaxed,subject_03,subject_03_relaxed_session_01
28.44,0.10861995253154769,relaxed,subject_03,subject_03_relaxed_session_01
28.444,0.027313110837345528,relaxed,subject_03,subject_03_relaxed_session_01
28.448,0.03543994120653742,relaxed,subject_03,subject_03_relaxed_session_01
28.452,0.061642299079188945,relaxed,subject_03,subject_03_relaxed_session_01
28.456,0.038924844527591776,relaxed,subject_03,subject_03_relaxed_session_01
28.46,0.026922703847113857,relaxed,subject_03,subject_03_relaxed_session_01
28.464,0.019933922189019033,relaxed,subject_03,subject_03_relaxed_session_01
28.468,0.02422549881376395,relaxed,subject_03,subject_03_relaxed_session_01
28.472,0.017531010132137845,relaxed,subject_03,subject_03_relaxed_session_01
28.476,0.03385705474336219,relaxed,subject_03,subject_03_relaxed_session_01
28.48,0.07122076091669163,relaxed,subject_03,subject_03_relaxed_session_01
28.484,0.07271914675707165,relaxed,subject_03,subject_03_relaxed_session_01
28.488,0.07125758734198723,relaxed,subject_03,subject_03_relaxed_session_01
28.492,0.02675644916771207,relaxed,subject_03,subject_03_relaxed_session_01
28.496,0.04279835584690142,relaxed,subject_03,subject_03_relaxed_session_01
28.5,0.03024692466990355,relaxed,subject_03,subject_03_relaxed_session_01
28.504,0.01061834914447497,relaxed,subject_03,subject_03_relaxed_session_01
28.508,-0.009643985508843038,relaxed,subject_03,subject_03_relaxed_session_01
28.512,-0.00931144264286837,relaxed,subject_03,subject_03_relaxed_session_01
28.516,0.028595167362466378,relaxed,subject_03,subject_03_relaxed_session_01
28.52,-0.002150554818852686,relaxed,subject_03,subject_03_relaxed_session_01
28.524,0.008899618287277783,relaxed,subject_03,subject_03_relaxed_session_01
28.528,0.03192913375379551,relaxed,subject_03,subject_03_relaxed_session_01
28.532,-0.022308172957987094,relaxed,subject_03,subject_03_relaxed_session_01
28.536,0.05352384296935984,relaxed,subject_03,subject_03_relaxed_session_01
28.54,0.02509120950861806,relaxed,subject_03,subject_03_relaxed_session_01
28.544,0.01640608266229781,relaxed,subject_03,subject_03_relaxed_session_01
28.548,0.011096811853373795,relaxed,subject_03,subject_03_relaxed_session_01
28.552,0.03327819539178241,relaxed,subject_03,subject_03_relaxed_session_01
28.556,0.004503666732422473,relaxed,subject_03,subject_03_relaxed_session_01
28.56,0.05021104102871091,relaxed,subject_03,subject_03_relaxed_session_01
28.564,0.041164305002549854,relaxed,subject_03,subject_03_relaxed_session_01
28.568,0.009354878178457872,relaxed,subject_03,subject_03_relaxed_session_01
28.572,0.019966940456313836,relaxed,subject_03,subject_03_relaxed_session_01
28.576,0.048208283703375834,relaxed,subject_03,subject_03_relaxed_session_01
28.58,0.03213419152979053,relaxed,subject_03,subject_03_relaxed_session_01
28.584,0.019577077622445756,relaxed,subject_03,subject_03_relaxed_session_01
28.588,0.009306845032119305,relaxed,subject_03,subject_03_relaxed_session_01
28.592,0.022054823977029975,relaxed,subject_03,subject_03_relaxed_session_01
28.596,0.01615198927931049,relaxed,subject_03,subject_03_relaxed_session_01
28.6,0.0307407722050858,relaxed,subject_03,subject_03_relaxed_session_01
28.604,0.018439267061193747,relaxed,subject_03,subject_03_relaxed_session_01
28.608,0.005548463629449715,relaxed,subject_03,subject_03_relaxed_session_01
28.612,0.04705693093490301,relaxed,subject_03,subject_03_relaxed_session_01
28.616,0.03622179744110022,relaxed,subject_03,subject_03_relaxed_session_01
28.62,0.005692031728802768,relaxed,subject_03,subject_03_relaxed_session_01
28.624,0.01419675065923709,relaxed,subject_03,subject_03_relaxed_session_01
28.628,0.040600590889084937,relaxed,subject_03,subject_03_relaxed_session_01
28.632,0.01012316581204755,relaxed,subject_03,subject_03_relaxed_session_01
28.636,0.02408787419123721,relaxed,subject_03,subject_03_relaxed_session_01
28.64,0.022385267869546487,relaxed,subject_03,subject_03_relaxed_session_01
28.644,0.014582569485482763,relaxed,subject_03,subject_03_relaxed_session_01
28.648,0.008825857887311155,relaxed,subject_03,subject_03_relaxed_session_01
28.652,0.03015541088277813,relaxed,subject_03,subject_03_relaxed_session_01
28.656,0.014046605651978704,relaxed,subject_03,subject_03_relaxed_session_01
28.66,0.02236668577471909,relaxed,subject_03,subject_03_relaxed_session_01
28.664,0.05318778307709926,relaxed,subject_03,subject_03_relaxed_session_01
28.668,0.024047388825966555,relaxed,subject_03,subject_03_relaxed_session_01
28.672,0.05003652664414454,relaxed,subject_03,subject_03_relaxed_session_01
28.676,0.062863506563769,relaxed,subject_03,subject_03_relaxed_session_01
28.68,0.044746810749330526,relaxed,subject_03,subject_03_relaxed_session_01
28.684,0.06060679307328904,relaxed,subject_03,subject_03_relaxed_session_01
28.688,0.037141630580877355,relaxed,subject_03,subject_03_relaxed_session_01
28.692,0.07331604099438842,relaxed,subject_03,subject_03_relaxed_session_01
28.696,0.07592702327879705,relaxed,subject_03,subject_03_relaxed_session_01
28.7,0.09695100236666085,relaxed,subject_03,subject_03_relaxed_session_01
28.704,0.09636551119596354,relaxed,subject_03,subject_03_relaxed_session_01
28.708,0.08348940798261636,relaxed,subject_03,subject_03_relaxed_session_01
28.712,0.13881491224830436,relaxed,subject_03,subject_03_relaxed_session_01
28.716,0.10675040604261103,relaxed,subject_03,subject_03_relaxed_session_01
28.72,0.11997657888812874,relaxed,subject_03,subject_03_relaxed_session_01
28.724,0.09062755561869157,relaxed,subject_03,subject_03_relaxed_session_01
28.728,0.09759684063453788,relaxed,subject_03,subject_03_relaxed_session_01
28.732,0.11123616830808944,relaxed,subject_03,subject_03_relaxed_session_01
28.736,0.09416080556435506,relaxed,subject_03,subject_03_relaxed_session_01
28.74,0.11889193703507914,relaxed,subject_03,subject_03_relaxed_session_01
28.744,0.1207017441940715,relaxed,subject_03,subject_03_relaxed_session_01
28.748,0.1460758441789022,relaxed,subject_03,subject_03_relaxed_session_01
28.752,0.1495315105305681,relaxed,subject_03,subject_03_relaxed_session_01
28.756,0.12985189530583724,relaxed,subject_03,subject_03_relaxed_session_01
28.76,0.12043885170195506,relaxed,subject_03,subject_03_relaxed_session_01
28.764,0.16337648313904918,relaxed,subject_03,subject_03_relaxed_session_01
28.768,0.09605140684978522,relaxed,subject_03,subject_03_relaxed_session_01
28.772,0.0935636882426382,relaxed,subject_03,subject_03_relaxed_session_01
28.776,0.13164501201707585,relaxed,subject_03,subject_03_relaxed_session_01
28.78,0.11742828180102821,relaxed,subject_03,subject_03_relaxed_session_01
28.784,0.10888042104019617,relaxed,subject_03,subject_03_relaxed_session_01
28.788,0.07415932459153132,relaxed,subject_03,subject_03_relaxed_session_01
28.792,0.08849768016915845,relaxed,subject_03,subject_03_relaxed_session_01
28.796,0.1306378211656703,relaxed,subject_03,subject_03_relaxed_session_01
28.8,0.1220347072045424,relaxed,subject_03,subject_03_relaxed_session_01
28.804,0.1063927492097503,relaxed,subject_03,subject_03_relaxed_session_01
28.808,0.06892906348212222,relaxed,subject_03,subject_03_relaxed_session_01
28.812,0.07332099905316276,relaxed,subject_03,subject_03_relaxed_session_01
28.816,0.06679988609527673,relaxed,subject_03,subject_03_relaxed_session_01
28.82,0.05637534966122565,relaxed,subject_03,subject_03_relaxed_session_01
28.824,0.05434356255264096,relaxed,subject_03,subject_03_relaxed_session_01
28.828,0.0588144886835016,relaxed,subject_03,subject_03_relaxed_session_01
28.832,0.027247312926235265,relaxed,subject_03,subject_03_relaxed_session_01
28.836,0.07664610720343751,relaxed,subject_03,subject_03_relaxed_session_01
28.84,0.046937967057803315,relaxed,subject_03,subject_03_relaxed_session_01
28.844,0.03657393620031387,relaxed,subject_03,subject_03_relaxed_session_01
28.848,0.01240234192819499,relaxed,subject_03,subject_03_relaxed_session_01
28.852,0.05722387107827563,relaxed,subject_03,subject_03_relaxed_session_01
28.856,0.018676305304818976,relaxed,subject_03,subject_03_relaxed_session_01
28.86,0.047393990982113346,relaxed,subject_03,subject_03_relaxed_session_01
28.864,0.018637561384212176,relaxed,subject_03,subject_03_relaxed_session_01
28.868,0.037273827223014123,relaxed,subject_03,subject_03_relaxed_session_01
28.872,0.008292136024373054,relaxed,subject_03,subject_03_relaxed_session_01
28.876,0.029663557922140454,relaxed,subject_03,subject_03_relaxed_session_01
28.88,0.030786070472267814,relaxed,subject_03,subject_03_relaxed_session_01
28.884,0.03491273161871841,relaxed,subject_03,subject_03_relaxed_session_01
28.888,0.04861385593101853,relaxed,subject_03,subject_03_relaxed_session_01
28.892,0.04018207331596759,relaxed,subject_03,subject_03_relaxed_session_01
28.896,0.05920545008298567,relaxed,subject_03,subject_03_relaxed_session_01
28.9,-0.003925537243468849,relaxed,subject_03,subject_03_relaxed_session_01
28.904,0.06163762698729407,relaxed,subject_03,subject_03_relaxed_session_01
28.908,0.03286843904162808,relaxed,subject_03,subject_03_relaxed_session_01
28.912,0.0011945718055115847,relaxed,subject_03,subject_03_relaxed_session_01
28.916,0.032486523435688835,relaxed,subject_03,subject_03_relaxed_session_01
28.92,0.0642297384188828,relaxed,subject_03,subject_03_relaxed_session_01
28.924,0.08792976150749499,relaxed,subject_03,subject_03_relaxed_session_01
28.928,0.10821802575098989,relaxed,subject_03,subject_03_relaxed_session_01
28.932,0.2174235412361581,relaxed,subject_03,subject_03_relaxed_session_01
28.936,0.34268851377024157,relaxed,subject_03,subject_03_relaxed_session_01
28.94,0.4520301328775813,relaxed,subject_03,subject_03_relaxed_session_01
28.944,0.5893401136614415,relaxed,subject_03,subject_03_relaxed_session_01
28.948,0.7086572333573413,relaxed,subject_03,subject_03_relaxed_session_01
28.952,0.7738721697417061,relaxed,subject_03,subject_03_relaxed_session_01
28.956,0.8798903537626587,relaxed,subject_03,subject_03_relaxed_session_01
28.96,0.8756532545690077,relaxed,subject_03,subject_03_relaxed_session_01
28.964,0.8467859077310192,relaxed,subject_03,subject_03_relaxed_session_01
28.968,0.7605693832167016,relaxed,subject_03,subject_03_relaxed_session_01
28.972,0.6691376608920632,relaxed,subject_03,subject_03_relaxed_session_01
28.976,0.5642663394584605,relaxed,subject_03,subject_03_relaxed_session_01
28.98,0.4119292440171998,relaxed,subject_03,subject_03_relaxed_session_01
28.984,0.2871143257169612,relaxed,subject_03,subject_03_relaxed_session_01
28.988,0.15476064231775227,relaxed,subject_03,subject_03_relaxed_session_01
28.992,0.0652395600146092,relaxed,subject_03,subject_03_relaxed_session_01
28.996,-0.03157089962419728,relaxed,subject_03,subject_03_relaxed_session_01
29.0,-0.024207202409230175,relaxed,subject_03,subject_03_relaxed_session_01
29.004,-0.045333537860466955,relaxed,subject_03,subject_03_relaxed_session_01
29.008,-0.02805019138958309,relaxed,subject_03,subject_03_relaxed_session_01
29.012,-0.061720423200288844,relaxed,subject_03,subject_03_relaxed_session_01
29.016,0.049946410806919216,relaxed,subject_03,subject_03_relaxed_session_01
29.02,0.016976517791802627,relaxed,subject_03,subject_03_relaxed_session_01
29.024,0.037450167688740196,relaxed,subject_03,subject_03_relaxed_session_01
29.028,0.045060409986773686,relaxed,subject_03,subject_03_relaxed_session_01
29.032,0.037251423780679624,relaxed,subject_03,subject_03_relaxed_session_01
29.036,0.056405988325925444,relaxed,subject_03,subject_03_relaxed_session_01
29.04,0.07510072141211216,relaxed,subject_03,subject_03_relaxed_session_01
29.044,0.057871072042996574,relaxed,subject_03,subject_03_relaxed_session_01
29.048,0.07432331783593621,relaxed,subject_03,subject_03_relaxed_session_01
29.052,0.07547432212853399,relaxed,subject_03,subject_03_relaxed_session_01
29.056,0.07732640011584807,relaxed,subject_03,subject_03_relaxed_session_01
29.06,0.10352768253776445,relaxed,subject_03,subject_03_relaxed_session_01
29.064,0.07709795838876667,relaxed,subject_03,subject_03_relaxed_session_01
29.068,0.07227483809978419,relaxed,subject_03,subject_03_relaxed_session_01
29.072,0.0769616734043845,relaxed,subject_03,subject_03_relaxed_session_01
29.076,0.0902213426686493,relaxed,subject_03,subject_03_relaxed_session_01
29.08,0.0594766572913598,relaxed,subject_03,subject_03_relaxed_session_01
29.084,0.11921223675219061,relaxed,subject_03,subject_03_relaxed_session_01
29.088,0.09127519306780278,relaxed,subject_03,subject_03_relaxed_session_01
29.092,0.09945968445513453,relaxed,subject_03,subject_03_relaxed_session_01
29.096,0.08059217396307453,relaxed,subject_03,subject_03_relaxed_session_01
29.1,0.114399289467689,relaxed,subject_03,subject_03_relaxed_session_01
29.104,0.09083540999438613,relaxed,subject_03,subject_03_relaxed_session_01
29.108,0.0901978973261717,relaxed,subject_03,subject_03_relaxed_session_01
29.112,0.11529182327265208,relaxed,subject_03,subject_03_relaxed_session_01
29.116,0.13113569934294841,relaxed,subject_03,subject_03_relaxed_session_01
29.12,0.12518622568548976,relaxed,subject_03,subject_03_relaxed_session_01
29.124,0.15440032751631796,relaxed,subject_03,subject_03_relaxed_session_01
29.128,0.17959854846102563,relaxed,subject_03,subject_03_relaxed_session_01
29.132,0.16584324146136498,relaxed,subject_03,subject_03_relaxed_session_01
29.136,0.12353629825798712,relaxed,subject_03,subject_03_relaxed_session_01
29.14,0.17383318270855103,relaxed,subject_03,subject_03_relaxed_session_01
29.144,0.19206664803894216,relaxed,subject_03,subject_03_relaxed_session_01
29.148,0.17917414853863511,relaxed,subject_03,subject_03_relaxed_session_01
29.152,0.1988589543428762,relaxed,subject_03,subject_03_relaxed_session_01
29.156,0.20361987853150615,relaxed,subject_03,subject_03_relaxed_session_01
29.16,0.18187077641916857,relaxed,subject_03,subject_03_relaxed_session_01
29.164,0.23323140152375407,relaxed,subject_03,subject_03_relaxed_session_01
29.168,0.2083232242203876,relaxed,subject_03,subject_03_relaxed_session_01
29.172,0.2121732802434549,relaxed,subject_03,subject_03_relaxed_session_01
29.176,0.2320584403554855,relaxed,subject_03,subject_03_relaxed_session_01
29.18,0.19478608336714437,relaxed,subject_03,subject_03_relaxed_session_01
29.184,0.255650301692388,relaxed,subject_03,subject_03_relaxed_session_01
29.188,0.21367380861569862,relaxed,subject_03,subject_03_relaxed_session_01
29.192,0.27202328662411007,relaxed,subject_03,subject_03_relaxed_session_01
29.196,0.260393295807053,relaxed,subject_03,subject_03_relaxed_session_01
29.2,0.21917212859902716,relaxed,subject_03,subject_03_relaxed_session_01
29.204,0.24704322578589213,relaxed,subject_03,subject_03_relaxed_session_01
29.208,0.22172692715037248,relaxed,subject_03,subject_03_relaxed_session_01
29.212,0.21891681486186892,relaxed,subject_03,subject_03_relaxed_session_01
29.216,0.1902340106850076,relaxed,subject_03,subject_03_relaxed_session_01
29.22,0.2517561066206395,relaxed,subject_03,subject_03_relaxed_session_01
29.224,0.22829928764505045,relaxed,subject_03,subject_03_relaxed_session_01
29.228,0.25098123518807464,relaxed,subject_03,subject_03_relaxed_session_01
29.232,0.2371493641182508,relaxed,subject_03,subject_03_relaxed_session_01
29.236,0.20517651626267688,relaxed,subject_03,subject_03_relaxed_session_01
29.24,0.2427787484682421,relaxed,subject_03,subject_03_relaxed_session_01
29.244,0.23235032373608658,relaxed,subject_03,subject_03_relaxed_session_01
29.248,0.20798221680096568,relaxed,subject_03,subject_03_relaxed_session_01
29.252,0.2323168422422664,relaxed,subject_03,subject_03_relaxed_session_01
29.256,0.20230898546234785,relaxed,subject_03,subject_03_relaxed_session_01
29.26,0.18659747781840474,relaxed,subject_03,subject_03_relaxed_session_01
29.264,0.19284067021759327,relaxed,subject_03,subject_03_relaxed_session_01
29.268,0.18336386996953322,relaxed,subject_03,subject_03_relaxed_session_01
29.272,0.15498668288807635,relaxed,subject_03,subject_03_relaxed_session_01
29.276,0.12568636638244524,relaxed,subject_03,subject_03_relaxed_session_01
29.28,0.20498219700355969,relaxed,subject_03,subject_03_relaxed_session_01
29.284,0.18823345345208306,relaxed,subject_03,subject_03_relaxed_session_01
29.288,0.18864121515042725,relaxed,subject_03,subject_03_relaxed_session_01
29.292,0.17059244680704838,relaxed,subject_03,subject_03_relaxed_session_01
29.296,0.1377646642526251,relaxed,subject_03,subject_03_relaxed_session_01
29.3,0.1360562353590641,relaxed,subject_03,subject_03_relaxed_session_01
29.304,0.12086342588359691,relaxed,subject_03,subject_03_relaxed_session_01
29.308,0.13771450186621303,relaxed,subject_03,subject_03_relaxed_session_01
29.312,0.13018306065263657,relaxed,subject_03,subject_03_relaxed_session_01
29.316,0.10784568321419698,relaxed,subject_03,subject_03_relaxed_session_01
29.32,0.11760976580630823,relaxed,subject_03,subject_03_relaxed_session_01
29.324,0.12637625644275616,relaxed,subject_03,subject_03_relaxed_session_01
29.328,0.09764030554411143,relaxed,subject_03,subject_03_relaxed_session_01
29.332,0.06915727352345175,relaxed,subject_03,subject_03_relaxed_session_01
29.336,0.09651383244372702,relaxed,subject_03,subject_03_relaxed_session_01
29.34,0.058101335431757835,relaxed,subject_03,subject_03_relaxed_session_01
29.344,0.061795071873398645,relaxed,subject_03,subject_03_relaxed_session_01
29.348,0.07914079420894253,relaxed,subject_03,subject_03_relaxed_session_01
29.352,0.08187121494488077,relaxed,subject_03,subject_03_relaxed_session_01
29.356,0.06752043687431462,relaxed,subject_03,subject_03_relaxed_session_01
29.36,0.04170401457235237,relaxed,subject_03,subject_03_relaxed_session_01
29.364,0.11424331251541629,relaxed,subject_03,subject_03_relaxed_session_01
29.368,0.044909300582364975,relaxed,subject_03,subject_03_relaxed_session_01
29.372,0.061463779632343285,relaxed,subject_03,subject_03_relaxed_session_01
29.376,0.03791293223768989,relaxed,subject_03,subject_03_relaxed_session_01
29.38,0.028233994381558436,relaxed,subject_03,subject_03_relaxed_session_01
29.384,0.045699723914551064,relaxed,subject_03,subject_03_relaxed_session_01
29.388,0.0336286660557936,relaxed,subject_03,subject_03_relaxed_session_01
29.392,0.042368441282464184,relaxed,subject_03,subject_03_relaxed_session_01
29.396,0.025500289599133377,relaxed,subject_03,subject_03_relaxed_session_01
29.4,0.039623783581553614,relaxed,subject_03,subject_03_relaxed_session_01
29.404,0.020380820868290475,relaxed,subject_03,subject_03_relaxed_session_01
29.408,0.05550998906733379,relaxed,subject_03,subject_03_relaxed_session_01
29.412,0.03865798152005499,relaxed,subject_03,subject_03_relaxed_session_01
29.416,0.029028603944759535,relaxed,subject_03,subject_03_relaxed_session_01
29.42,0.030151097982671102,relaxed,subject_03,subject_03_relaxed_session_01
29.424,0.021984277060957125,relaxed,subject_03,subject_03_relaxed_session_01
29.428,0.031044617569773093,relaxed,subject_03,subject_03_relaxed_session_01
29.432,0.05782564429706578,relaxed,subject_03,subject_03_relaxed_session_01
29.436,0.015738650439364968,relaxed,subject_03,subject_03_relaxed_session_01
29.44,0.029730719664846212,relaxed,subject_03,subject_03_relaxed_session_01
29.444,0.010591066897571062,relaxed,subject_03,subject_03_relaxed_session_01
29.448,-0.024221727735293564,relaxed,subject_03,subject_03_relaxed_session_01
29.452,0.03719774055904894,relaxed,subject_03,subject_03_relaxed_session_01
29.456,0.0460748004444827,relaxed,subject_03,subject_03_relaxed_session_01
29.46,0.03282553608920176,relaxed,subject_03,subject_03_relaxed_session_01
29.464,0.07044742744882145,relaxed,subject_03,subject_03_relaxed_session_01
29.468,0.016230331889538353,relaxed,subject_03,subject_03_relaxed_session_01
29.472,0.005212849755988298,relaxed,subject_03,subject_03_relaxed_session_01
29.476,0.046523744811159354,relaxed,subject_03,subject_03_relaxed_session_01
29.48,0.04750828589150129,relaxed,subject_03,subject_03_relaxed_session_01
29.484,0.04431176641175967,relaxed,subject_03,subject_03_relaxed_session_01
29.488,0.0005107493579432909,relaxed,subject_03,subject_03_relaxed_session_01
29.492,0.007941394013529354,relaxed,subject_03,subject_03_relaxed_session_01
29.496,-0.011129223843691909,relaxed,subject_03,subject_03_relaxed_session_01
29.5,0.061001233778421815,relaxed,subject_03,subject_03_relaxed_session_01
29.504,0.002965885400831852,relaxed,subject_03,subject_03_relaxed_session_01
29.508,-0.002919320432431472,relaxed,subject_03,subject_03_relaxed_session_01
29.512,0.018980427373003424,relaxed,subject_03,subject_03_relaxed_session_01
29.516,0.023279456130077144,relaxed,subject_03,subject_03_relaxed_session_01
29.52,0.034140245667416254,relaxed,subject_03,subject_03_relaxed_session_01
29.524,0.01811168740523778,relaxed,subject_03,subject_03_relaxed_session_01
29.528,0.007053891762468395,relaxed,subject_03,subject_03_relaxed_session_01
29.532,0.012677909167861181,relaxed,subject_03,subject_03_relaxed_session_01
29.536,0.008507510080961202,relaxed,subject_03,subject_03_relaxed_session_01
29.54,0.04847756198510786,relaxed,subject_03,subject_03_relaxed_session_01
29.544,0.020558781195711983,relaxed,subject_03,subject_03_relaxed_session_01
29.548,0.033523753000802514,relaxed,subject_03,subject_03_relaxed_session_01
29.552,0.01686249841395543,relaxed,subject_03,subject_03_relaxed_session_01
29.556,-0.015176345261186035,relaxed,subject_03,subject_03_relaxed_session_01
29.56,0.05464348234728556,relaxed,subject_03,subject_03_relaxed_session_01
29.564,0.033947683675268264,relaxed,subject_03,subject_03_relaxed_session_01
29.568,0.03080293936613716,relaxed,subject_03,subject_03_relaxed_session_01
29.572,-0.018476263976401938,relaxed,subject_03,subject_03_relaxed_session_01
29.576,0.022237000358050124,relaxed,subject_03,subject_03_relaxed_session_01
29.58,0.05718331420096258,relaxed,subject_03,subject_03_relaxed_session_01
29.584,0.053818882704889506,relaxed,subject_03,subject_03_relaxed_session_01
29.588,0.025403110434695134,relaxed,subject_03,subject_03_relaxed_session_01
29.592,0.05629703041831462,relaxed,subject_03,subject_03_relaxed_session_01
29.596,0.06579129979090445,relaxed,subject_03,subject_03_relaxed_session_01
29.6,0.03411153402047303,relaxed,subject_03,subject_03_relaxed_session_01
29.604,0.06672671091193212,relaxed,subject_03,subject_03_relaxed_session_01
29.608,0.06934371812585671,relaxed,subject_03,subject_03_relaxed_session_01
29.612,0.0645188259049772,relaxed,subject_03,subject_03_relaxed_session_01
29.616,0.07064608969472574,relaxed,subject_03,subject_03_relaxed_session_01
29.62,0.038961257491784515,relaxed,subject_03,subject_03_relaxed_session_01
29.624,0.07688171806668026,relaxed,subject_03,subject_03_relaxed_session_01
29.628,0.0636476153317753,relaxed,subject_03,subject_03_relaxed_session_01
29.632,0.05320616583085264,relaxed,subject_03,subject_03_relaxed_session_01
29.636,0.1069189185174634,relaxed,subject_03,subject_03_relaxed_session_01
29.64,0.07937009824529309,relaxed,subject_03,subject_03_relaxed_session_01
29.644,0.09155434548287987,relaxed,subject_03,subject_03_relaxed_session_01
29.648,0.09464395460192272,relaxed,subject_03,subject_03_relaxed_session_01
29.652,0.06538268230236773,relaxed,subject_03,subject_03_relaxed_session_01
29.656,0.09491978252401945,relaxed,subject_03,subject_03_relaxed_session_01
29.66,0.12016276733964319,relaxed,subject_03,subject_03_relaxed_session_01
29.664,0.10828671928004219,relaxed,subject_03,subject_03_relaxed_session_01
29.668,0.1036241862570129,relaxed,subject_03,subject_03_relaxed_session_01
29.672,0.11934705709311536,relaxed,subject_03,subject_03_relaxed_session_01
29.676,0.13541254855446344,relaxed,subject_03,subject_03_relaxed_session_01
29.68,0.08172499376912742,relaxed,subject_03,subject_03_relaxed_session_01
29.684,0.11201181167797059,relaxed,subject_03,subject_03_relaxed_session_01
29.688,0.11339857621287373,relaxed,subject_03,subject_03_relaxed_session_01
29.692,0.146547048775693,relaxed,subject_03,subject_03_relaxed_session_01
29.696,0.13270817966563017,relaxed,subject_03,subject_03_relaxed_session_01
29.7,0.07772247916233896,relaxed,subject_03,subject_03_relaxed_session_01
29.704,0.12828367490210815,relaxed,subject_03,subject_03_relaxed_session_01
29.708,0.09410838077233151,relaxed,subject_03,subject_03_relaxed_session_01
29.712,0.06014176141101164,relaxed,subject_03,subject_03_relaxed_session_01
29.716,0.06033844109807095,relaxed,subject_03,subject_03_relaxed_session_01
29.72,0.1091437819886361,relaxed,subject_03,subject_03_relaxed_session_01
29.724,0.08542079510139867,relaxed,subject_03,subject_03_relaxed_session_01
29.728,0.05111043847466107,relaxed,subject_03,subject_03_relaxed_session_01
29.732,0.09690605227509563,relaxed,subject_03,subject_03_relaxed_session_01
29.736,0.07403186858918258,relaxed,subject_03,subject_03_relaxed_session_01
29.74,0.049480925579491686,relaxed,subject_03,subject_03_relaxed_session_01
29.744,0.05558462599188269,relaxed,subject_03,subject_03_relaxed_session_01
29.748,0.027349747161564252,relaxed,subject_03,subject_03_relaxed_session_01
29.752,0.08046771015752341,relaxed,subject_03,subject_03_relaxed_session_01
29.756,0.012694206478323904,relaxed,subject_03,subject_03_relaxed_session_01
29.76,0.006934689603312963,relaxed,subject_03,subject_03_relaxed_session_01
29.764,0.03323001627107167,relaxed,subject_03,subject_03_relaxed_session_01
29.768,0.0839327184147444,relaxed,subject_03,subject_03_relaxed_session_01
29.772,-0.004483182547676212,relaxed,subject_03,subject_03_relaxed_session_01
29.776,0.03756923795966874,relaxed,subject_03,subject_03_relaxed_session_01
29.78,0.020587490067620274,relaxed,subject_03,subject_03_relaxed_session_01
29.784,0.025379797418997752,relaxed,subject_03,subject_03_relaxed_session_01
29.788,0.038678262310940625,relaxed,subject_03,subject_03_relaxed_session_01
29.792,0.0007943027578655743,relaxed,subject_03,subject_03_relaxed_session_01
29.796,0.008207685707533795,relaxed,subject_03,subject_03_relaxed_session_01
29.8,-0.0014107923108270422,relaxed,subject_03,subject_03_relaxed_session_01
29.804,0.03952424302045859,relaxed,subject_03,subject_03_relaxed_session_01
29.808,0.03603448984280084,relaxed,subject_03,subject_03_relaxed_session_01
29.812,-0.013040644406488708,relaxed,subject_03,subject_03_relaxed_session_01
29.816,0.015261950191443371,relaxed,subject_03,subject_03_relaxed_session_01
29.82,0.025634372438434645,relaxed,subject_03,subject_03_relaxed_session_01
29.824,-0.031723275527299644,relaxed,subject_03,subject_03_relaxed_session_01
29.828,0.02199222609026987,relaxed,subject_03,subject_03_relaxed_session_01
29.832,-0.012287046332859559,relaxed,subject_03,subject_03_relaxed_session_01
29.836,-0.02043438235045999,relaxed,subject_03,subject_03_relaxed_session_01
29.84,0.027387403580276106,relaxed,subject_03,subject_03_relaxed_session_01
29.844,0.0513134834306582,relaxed,subject_03,subject_03_relaxed_session_01
29.848,0.05486294805736339,relaxed,subject_03,subject_03_relaxed_session_01
29.852,0.1767952001619303,relaxed,subject_03,subject_03_relaxed_session_01
29.856,0.28028588105569724,relaxed,subject_03,subject_03_relaxed_session_01
29.86,0.3445039084063707,relaxed,subject_03,subject_03_relaxed_session_01
29.864,0.5274615385314902,relaxed,subject_03,subject_03_relaxed_session_01
29.868,0.6303563134751837,relaxed,subject_03,subject_03_relaxed_session_01
29.872,0.7648056489253904,relaxed,subject_03,subject_03_relaxed_session_01
29.876,0.7980722913206014,relaxed,subject_03,subject_03_relaxed_session_01
29.88,0.8506923631477119,relaxed,subject_03,subject_03_relaxed_session_01
29.884,0.8258103787450255,relaxed,subject_03,subject_03_relaxed_session_01
29.888,0.7677643547541662,relaxed,subject_03,subject_03_relaxed_session_01
29.892,0.6422726983883303,relaxed,subject_03,subject_03_relaxed_session_01
29.896,0.5849519825651359,relaxed,subject_03,subject_03_relaxed_session_01
29.9,0.4498973825062464,relaxed,subject_03,subject_03_relaxed_session_01
29.904,0.2909175507066203,relaxed,subject_03,subject_03_relaxed_session_01
29.908,0.17263177172441285,relaxed,subject_03,subject_03_relaxed_session_01
29.912,0.04945044797051183,relaxed,subject_03,subject_03_relaxed_session_01
29.916,0.013478923906466258,relaxed,subject_03,subject_03_relaxed_session_01
29.92,-0.0455251446109516,relaxed,subject_03,subject_03_relaxed_session_01
29.924,-0.06576364325157241,relaxed,subject_03,subject_03_relaxed_session_01
29.928,-0.035157483974414816,relaxed,subject_03,subject_03_relaxed_session_01
29.932,-0.07709941325970865,relaxed,subject_03,subject_03_relaxed_session_01
29.936,-0.07229299234416496,relaxed,subject_03,subject_03_relaxed_session_01
29.94,-0.007656321498066743,relaxed,subject_03,subject_03_relaxed_session_01
29.944,-0.006989123946110073,relaxed,subject_03,subject_03_relaxed_session_01
29.948,-0.015491523139736866,relaxed,subject_03,subject_03_relaxed_session_01
29.952,0.01753847800406225,relaxed,subject_03,subject_03_relaxed_session_01
29.956,0.026082861901515722,relaxed,subject_03,subject_03_relaxed_session_01
29.96,0.03985980683684172,relaxed,subject_03,subject_03_relaxed_session_01
29.964,0.0030809231868041305,relaxed,subject_03,subject_03_relaxed_session_01
29.968,0.019637746497494703,relaxed,subject_03,subject_03_relaxed_session_01
29.972,0.03652767539557855,relaxed,subject_03,subject_03_relaxed_session_01
29.976,0.055586469995286075,relaxed,subject_03,subject_03_relaxed_session_01
29.98,0.05468647842587705,relaxed,subject_03,subject_03_relaxed_session_01
29.984,0.029921694761785148,relaxed,subject_03,subject_03_relaxed_session_01
29.988,0.053685537825437946,relaxed,subject_03,subject_03_relaxed_session_01
29.992,0.03664638231020648,relaxed,subject_03,subject_03_relaxed_session_01
29.996,0.04279847149442323,relaxed,subject_03,subject_03_relaxed_session_01
