timestamp,sensor,emotion,subject_id,session_id
0.0,-0.019271085780516378,sad,subject_03,subject_03_sad_session_01
0.004,0.02224252765107316,sad,subject_03,subject_03_sad_session_01
0.008,0.02831333420850903,sad,subject_03,subject_03_sad_session_01
0.012,-0.011428702833130003,sad,subject_03,subject_03_sad_session_01
0.016,0.005991928116449629,sad,subject_03,subject_03_sad_session_01
0.02,-0.010559506914673205,sad,subject_03,subject_03_sad_session_01
0.024,-0.026940424517542385,sad,subject_03,subject_03_sad_session_01
0.028,-0.031334021732930185,sad,subject_03,subject_03_sad_session_01
0.032,0.054050452654246774,sad,subject_03,subject_03_sad_session_01
0.036,-0.02049122584750386,sad,subject_03,subject_03_sad_session_01
0.04,0.021117509628785468,sad,subject_03,subject_03_sad_session_01
0.044,0.01402197131824577,sad,subject_03,subject_03_sad_session_01
0.048,-0.03314293214305079,sad,subject_03,subject_03_sad_session_01
0.052,0.015616471862891322,sad,subject_03,subject_03_sad_session_01
0.056,0.012089703633514085,sad,subject_03,subject_03_sad_session_01
0.06,0.0028914422357573166,sad,subject_03,subject_03_sad_session_01
0.064,-0.009025230255908403,sad,subject_03,subject_03_sad_session_01
0.068,0.004471221225916364,sad,subject_03,subject_03_sad_session_01
0.072,0.01932276968259783,sad,subject_03,subject_03_sad_session_01
0.076,-0.020016321602965063,sad,subject_03,subject_03_sad_session_01
0.08,0.049730494935678035,sad,subject_03,subject_03_sad_session_01
0.084,0.028167809121880747,sad,subject_03,subject_03_sad_session_01
0.088,-0.06351293217202483,sad,subject_03,subject_03_sad_session_01
0.092,0.0032091792775891664,sad,subject_03,subject_03_sad_session_01
0.096,0.07531565293341799,sad,subject_03,subject_03_sad_session_01
0.1,0.02388429992373723,sad,subject_03,subject_03_sad_session_01
0.104,-0.006592739452350411,sad,subject_03,subject_03_sad_session_01
0.108,0.036625046628263436,sad,subject_03,subject_03_sad_session_01
0.112,-0.04351681242073217,sad,subject_03,subject_03_sad_session_01
0.116,0.031015791895139404,sad,subject_03,subject_03_sad_session_01
0.12,0.011169969037996958,sad,subject_03,subject_03_sad_session_01
0.124,0.03111568903188059,sad,subject_03,subject_03_sad_session_01
0.128,-0.006109486141838018,sad,subject_03,subject_03_sad_session_01
0.132,0.025189999146832114,sad,subject_03,subject_03_sad_session_01
0.136,-0.035612935506471044,sad,subject_03,subject_03_sad_session_01
0.14,0.029091056385801218,sad,subject_03,subject_03_sad_session_01
0.144,0.0564643477590759,sad,subject_03,subject_03_sad_session_01
0.148,0.09161629560585036,sad,subject_03,subject_03_sad_session_01
0.152,0.1376405413384493,sad,subject_03,subject_03_sad_session_01
0.156,0.044708621850044525,sad,subject_03,subject_03_sad_session_01
0.16,0.089996202880916,sad,subject_03,subject_03_sad_session_01
0.164,0.07017967595640551,sad,subject_03,subject_03_sad_session_01
0.168,0.07650975585213719,sad,subject_03,subject_03_sad_session_01
0.172,0.09307325307862094,sad,subject_03,subject_03_sad_session_01
0.176,0.09017199351624412,sad,subject_03,subject_03_sad_session_01
0.18,0.15498527777425183,sad,subject_03,subject_03_sad_session_01
0.184,0.0934738715414325,sad,subject_03,subject_03_sad_session_01
0.188,0.07092969458900916,sad,subject_03,subject_03_sad_session_01
0.192,0.11284992492249088,sad,subject_03,subject_03_sad_session_01
0.196,0.0764762545923534,sad,subject_03,subject_03_sad_session_01
0.2,0.09820472425674465,sad,subject_03,subject_03_sad_session_01
0.204,0.14084909054385097,sad,subject_03,subject_03_sad_session_01
0.208,0.10061495178065122,sad,subject_03,subject_03_sad_session_01
0.212,0.12192606310853865,sad,subject_03,subject_03_sad_session_01
0.216,0.09757644139111733,sad,subject_03,subject_03_sad_session_01
0.22,0.10858845673865947,sad,subject_03,subject_03_sad_session_01
0.224,0.0761911351502759,sad,subject_03,subject_03_sad_session_01
0.228,0.11725764069180845,sad,subject_03,subject_03_sad_session_01
0.232,0.04881705078983828,sad,subject_03,subject_03_sad_session_01
0.236,0.05946081166955639,sad,subject_03,subject_03_sad_session_01
0.24,0.08084922750889192,sad,subject_03,subject_03_sad_session_01
0.244,0.09795943450652056,sad,subject_03,subject_03_sad_session_01
0.248,0.07435451525114917,sad,subject_03,subject_03_sad_session_01
0.252,0.078234730791098,sad,subject_03,subject_03_sad_session_01
0.256,0.02129217269365004,sad,subject_03,subject_03_sad_session_01
0.26,0.04354064093509371,sad,subject_03,subject_03_sad_session_01
0.264,0.055618737441935046,sad,subject_03,subject_03_sad_session_01
0.268,0.04586521065866863,sad,subject_03,subject_03_sad_session_01
0.272,0.007792416046323872,sad,subject_03,subject_03_sad_session_01
0.276,0.011334866182525296,sad,subject_03,subject_03_sad_session_01
0.28,0.029425601398091215,sad,subject_03,subject_03_sad_session_01
0.284,0.05286012486865462,sad,subject_03,subject_03_sad_session_01
0.288,0.09090326674680442,sad,subject_03,subject_03_sad_session_01
0.292,-0.007050634300382302,sad,subject_03,subject_03_sad_session_01
0.296,0.025249254925691342,sad,subject_03,subject_03_sad_session_01
0.3,-0.008481934882432842,sad,subject_03,subject_03_sad_session_01
0.304,0.019999761980290146,sad,subject_03,subject_03_sad_session_01
0.308,0.008034637945686608,sad,subject_03,subject_03_sad_session_01
0.312,0.030912648757696233,sad,subject_03,subject_03_sad_session_01
0.316,-0.04172084851114724,sad,subject_03,subject_03_sad_session_01
0.32,0.007344567948684587,sad,subject_03,subject_03_sad_session_01
0.324,0.020032343779420547,sad,subject_03,subject_03_sad_session_01
0.328,0.022292391946198222,sad,subject_03,subject_03_sad_session_01
0.332,0.024987924056760032,sad,subject_03,subject_03_sad_session_01
0.336,0.018013327975456843,sad,subject_03,subject_03_sad_session_01
0.34,0.04764104051944661,sad,subject_03,subject_03_sad_session_01
0.344,0.04468431580450087,sad,subject_03,subject_03_sad_session_01
0.348,-0.007853041914642832,sad,subject_03,subject_03_sad_session_01
0.352,-0.022409546253806797,sad,subject_03,subject_03_sad_session_01
0.356,-0.00018257062532289498,sad,subject_03,subject_03_sad_session_01
0.36,0.030893668315709617,sad,subject_03,subject_03_sad_session_01
0.364,0.03970111621295647,sad,subject_03,subject_03_sad_session_01
0.368,0.06110422180918525,sad,subject_03,subject_03_sad_session_01
0.372,0.20202924758740265,sad,subject_03,subject_03_sad_session_01
0.376,0.28489335549345113,sad,subject_03,subject_03_sad_session_01
0.38,0.43815230560281815,sad,subject_03,subject_03_sad_session_01
0.384,0.4775470226304137,sad,subject_03,subject_03_sad_session_01
0.388,0.612470851511696,sad,subject_03,subject_03_sad_session_01
0.392,0.7031149373740366,sad,subject_03,subject_03_sad_session_01
0.396,0.7377606554676018,sad,subject_03,subject_03_sad_session_01
0.4,0.7329043683177534,sad,subject_03,subject_03_sad_session_01
0.404,0.746262250741373,sad,subject_03,subject_03_sad_session_01
0.408,0.6629590928492362,sad,subject_03,subject_03_sad_session_01
0.412,0.5827768151719616,sad,subject_03,subject_03_sad_session_01
0.416,0.4675782243752342,sad,subject_03,subject_03_sad_session_01
0.42,0.30972757119848787,sad,subject_03,subject_03_sad_session_01
0.424,0.20714879620138466,sad,subject_03,subject_03_sad_session_01
0.428,0.10170169177295364,sad,subject_03,subject_03_sad_session_01
0.432,0.03326891421845068,sad,subject_03,subject_03_sad_session_01
0.436,-0.009651654949757676,sad,subject_03,subject_03_sad_session_01
0.44,-0.04249642090349591,sad,subject_03,subject_03_sad_session_01
0.444,-0.03197535554269367,sad,subject_03,subject_03_sad_session_01
0.448,-0.04419725522884636,sad,subject_03,subject_03_sad_session_01
0.452,0.028040029841770196,sad,subject_03,subject_03_sad_session_01
0.456,-0.0014479538373249733,sad,subject_03,subject_03_sad_session_01
0.46,-0.03654639762348437,sad,subject_03,subject_03_sad_session_01
0.464,0.004710813301116943,sad,subject_03,subject_03_sad_session_01
0.468,0.12130670314749253,sad,subject_03,subject_03_sad_session_01
0.472,-0.008480008800527801,sad,subject_03,subject_03_sad_session_01
0.476,0.0503990002700223,sad,subject_03,subject_03_sad_session_01
0.48,0.1071072995973418,sad,subject_03,subject_03_sad_session_01
0.484,0.0053651058254633385,sad,subject_03,subject_03_sad_session_01
0.488,0.09247472778008373,sad,subject_03,subject_03_sad_session_01
0.492,0.09517477694956103,sad,subject_03,subject_03_sad_session_01
0.496,0.04253494198301708,sad,subject_03,subject_03_sad_session_01
0.5,-0.002447816909231626,sad,subject_03,subject_03_sad_session_01
0.504,0.07566646248732672,sad,subject_03,subject_03_sad_session_01
0.508,0.05823676379472472,sad,subject_03,subject_03_sad_session_01
0.512,0.05898514323746723,sad,subject_03,subject_03_sad_session_01
0.516,0.08862711083621637,sad,subject_03,subject_03_sad_session_01
0.52,0.07295619936709986,sad,subject_03,subject_03_sad_session_01
0.524,0.02934430323765004,sad,subject_03,subject_03_sad_session_01
0.528,0.0779311478016453,sad,subject_03,subject_03_sad_session_01
0.532,0.09697865432473361,sad,subject_03,subject_03_sad_session_01
0.536,0.10576443465244299,sad,subject_03,subject_03_sad_session_01
0.54,0.13435368586667762,sad,subject_03,subject_03_sad_session_01
0.544,0.043002134201536805,sad,subject_03,subject_03_sad_session_01
0.548,0.13686517788646613,sad,subject_03,subject_03_sad_session_01
0.552,0.10056866839144643,sad,subject_03,subject_03_sad_session_01
0.556,0.12322731053621806,sad,subject_03,subject_03_sad_session_01
0.56,0.14936659516446954,sad,subject_03,subject_03_sad_session_01
0.564,0.1062605143771409,sad,subject_03,subject_03_sad_session_01
0.568,0.1233220501134687,sad,subject_03,subject_03_sad_session_01
0.572,0.1575438497944383,sad,subject_03,subject_03_sad_session_01
0.576,0.12865671921278418,sad,subject_03,subject_03_sad_session_01
0.58,0.16208429860669857,sad,subject_03,subject_03_sad_session_01
0.584,0.125500657485699,sad,subject_03,subject_03_sad_session_01
0.588,0.19967324535196426,sad,subject_03,subject_03_sad_session_01
0.592,0.19135994520678656,sad,subject_03,subject_03_sad_session_01
0.596,0.15107190605507537,sad,subject_03,subject_03_sad_session_01
0.6,0.2117538980283772,sad,subject_03,subject_03_sad_session_01
0.604,0.19648898990534513,sad,subject_03,subject_03_sad_session_01
0.608,0.1597396332708393,sad,subject_03,subject_03_sad_session_01
0.612,0.21318942053431644,sad,subject_03,subject_03_sad_session_01
0.616,0.21788956061456188,sad,subject_03,subject_03_sad_session_01
0.62,0.1525097003820489,sad,subject_03,subject_03_sad_session_01
0.624,0.13031739524569488,sad,subject_03,subject_03_sad_session_01
0.628,0.19386641713769817,sad,subject_03,subject_03_sad_session_01
0.632,0.1862381484280167,sad,subject_03,subject_03_sad_session_01
0.636,0.22936100253119251,sad,subject_03,subject_03_sad_session_01
0.64,0.19180560296709648,sad,subject_03,subject_03_sad_session_01
0.644,0.1947571292748451,sad,subject_03,subject_03_sad_session_01
0.648,0.26778136835794647,sad,subject_03,subject_03_sad_session_01
0.652,0.2512977715734852,sad,subject_03,subject_03_sad_session_01
0.656,0.1674566204067933,sad,subject_03,subject_03_sad_session_01
0.66,0.252863527657054,sad,subject_03,subject_03_sad_session_01
0.664,0.2581385145199424,sad,subject_03,subject_03_sad_session_01
0.668,0.20520536191763905,sad,subject_03,subject_03_sad_session_01
0.672,0.19549578240749096,sad,subject_03,subject_03_sad_session_01
0.676,0.14793778569169821,sad,subject_03,subject_03_sad_session_01
0.68,0.16136017457898189,sad,subject_03,subject_03_sad_session_01
0.684,0.19498329920586333,sad,subject_03,subject_03_sad_session_01
0.688,0.18047011528240914,sad,subject_03,subject_03_sad_session_01
0.692,0.18025902982342207,sad,subject_03,subject_03_sad_session_01
0.696,0.1969429011148636,sad,subject_03,subject_03_sad_session_01
0.7,0.23488285785170265,sad,subject_03,subject_03_sad_session_01
0.704,0.15907006325823259,sad,subject_03,subject_03_sad_session_01
0.708,0.15407161305812428,sad,subject_03,subject_03_sad_session_01
0.712,0.16249236728090172,sad,subject_03,subject_03_sad_session_01
0.716,0.15328066222932352,sad,subject_03,subject_03_sad_session_01
0.72,0.20650259744223115,sad,subject_03,subject_03_sad_session_01
0.724,0.14422625921021656,sad,subject_03,subject_03_sad_session_01
0.728,0.17184060030644557,sad,subject_03,subject_03_sad_session_01
0.732,0.21657387266299938,sad,subject_03,subject_03_sad_session_01
0.736,0.18544184091011193,sad,subject_03,subject_03_sad_session_01
0.74,0.12232469164477719,sad,subject_03,subject_03_sad_session_01
0.744,0.10828587168734714,sad,subject_03,subject_03_sad_session_01
0.748,0.08819951897235948,sad,subject_03,subject_03_sad_session_01
0.752,0.11471613165483421,sad,subject_03,subject_03_sad_session_01
0.756,0.05911081261518149,sad,subject_03,subject_03_sad_session_01
0.76,0.16860026484660076,sad,subject_03,subject_03_sad_session_01
0.764,0.08019741522820226,sad,subject_03,subject_03_sad_session_01
0.768,0.09304860924756947,sad,subject_03,subject_03_sad_session_01
0.772,0.0955596289254726,sad,subject_03,subject_03_sad_session_01
0.776,0.04711495079228304,sad,subject_03,subject_03_sad_session_01
0.78,0.10902466536713255,sad,subject_03,subject_03_sad_session_01
0.784,0.08930823271065227,sad,subject_03,subject_03_sad_session_01
0.788,0.06321027139353022,sad,subject_03,subject_03_sad_session_01
0.792,0.07936266787219767,sad,subject_03,subject_03_sad_session_01
0.796,0.06218500248934262,sad,subject_03,subject_03_sad_session_01
0.8,0.061199324173828624,sad,subject_03,subject_03_sad_session_01
0.804,0.03867277133606817,sad,subject_03,subject_03_sad_session_01
0.808,0.05969862763594819,sad,subject_03,subject_03_sad_session_01
0.812,0.06622886464879638,sad,subject_03,subject_03_sad_session_01
0.816,0.02656263443539258,sad,subject_03,subject_03_sad_session_01
0.82,0.05781243460305496,sad,subject_03,subject_03_sad_session_01
0.824,-0.010573536149147779,sad,subject_03,subject_03_sad_session_01
0.828,0.08272491511253739,sad,subject_03,subject_03_sad_session_01
0.832,0.007119422510495542,sad,subject_03,subject_03_sad_session_01
0.836,-0.009374721847277272,sad,subject_03,subject_03_sad_session_01
0.84,0.025987627973936514,sad,subject_03,subject_03_sad_session_01
0.844,0.04669256276230002,sad,subject_03,subject_03_sad_session_01
0.848,0.029891551356810632,sad,subject_03,subject_03_sad_session_01
0.852,0.06224130581946856,sad,subject_03,subject_03_sad_session_01
0.856,0.0298592561218928,sad,subject_03,subject_03_sad_session_01
0.86,0.030293333124271384,sad,subject_03,subject_03_sad_session_01
0.864,0.03169517144827001,sad,subject_03,subject_03_sad_session_01
0.868,0.08648534991192092,sad,subject_03,subject_03_sad_session_01
0.872,0.02238583781226626,sad,subject_03,subject_03_sad_session_01
0.876,0.10984076715396698,sad,subject_03,subject_03_sad_session_01
0.88,0.09365811669474325,sad,subject_03,subject_03_sad_session_01
0.884,-0.0017535103739035607,sad,subject_03,subject_03_sad_session_01
0.888,0.06138665353013963,sad,subject_03,subject_03_sad_session_01
0.892,0.014833149355806392,sad,subject_03,subject_03_sad_session_01
0.896,0.03753526143028861,sad,subject_03,subject_03_sad_session_01
0.9,-0.015078260924700413,sad,subject_03,subject_03_sad_session_01
0.904,0.030234185158966437,sad,subject_03,subject_03_sad_session_01
0.908,0.11638588625031358,sad,subject_03,subject_03_sad_session_01
0.912,0.009290491429902702,sad,subject_03,subject_03_sad_session_01
0.916,0.055523117803689875,sad,subject_03,subject_03_sad_session_01
0.92,0.03696486975390183,sad,subject_03,subject_03_sad_session_01
0.924,0.017276305358239145,sad,subject_03,subject_03_sad_session_01
0.928,0.0696560340967769,sad,subject_03,subject_03_sad_session_01
0.932,0.019382381268860063,sad,subject_03,subject_03_sad_session_01
0.936,0.032004523453675694,sad,subject_03,subject_03_sad_session_01
0.94,0.040256351590904724,sad,subject_03,subject_03_sad_session_01
0.944,0.06969860103047389,sad,subject_03,subject_03_sad_session_01
0.948,0.021400202927271954,sad,subject_03,subject_03_sad_session_01
0.952,0.10090444722585785,sad,subject_03,subject_03_sad_session_01
0.956,-0.020735591149574222,sad,subject_03,subject_03_sad_session_01
0.96,0.01503078146226186,sad,subject_03,subject_03_sad_session_01
0.964,0.07012577576335412,sad,subject_03,subject_03_sad_session_01
0.968,0.0159426984702135,sad,subject_03,subject_03_sad_session_01
0.972,0.03815383415226299,sad,subject_03,subject_03_sad_session_01
0.976,0.004085732037423205,sad,subject_03,subject_03_sad_session_01
0.98,-0.009640179450977011,sad,subject_03,subject_03_sad_session_01
0.984,0.01745813581027012,sad,subject_03,subject_03_sad_session_01
0.988,0.05562551705483401,sad,subject_03,subject_03_sad_session_01
0.992,0.014842518044169334,sad,subject_03,subject_03_sad_session_01
0.996,0.030257728237656892,sad,subject_03,subject_03_sad_session_01
1.0,0.017913151753110264,sad,subject_03,subject_03_sad_session_01
1.004,0.053406949188037234,sad,subject_03,subject_03_sad_session_01
1.008,-0.015080558995295347,sad,subject_03,subject_03_sad_session_01
1.012,0.029646648775341684,sad,subject_03,subject_03_sad_session_01
1.016,0.022590573861353214,sad,subject_03,subject_03_sad_session_01
1.02,0.005800103441638758,sad,subject_03,subject_03_sad_session_01
1.024,0.06967536957780623,sad,subject_03,subject_03_sad_session_01
1.028,-0.018772494225162254,sad,subject_03,subject_03_sad_session_01
1.032,0.044273044428667786,sad,subject_03,subject_03_sad_session_01
1.036,0.04718329883160495,sad,subject_03,subject_03_sad_session_01
1.04,0.021972686654310333,sad,subject_03,subject_03_sad_session_01
1.044,0.09241927433240293,sad,subject_03,subject_03_sad_session_01
1.048,0.04732510657344707,sad,subject_03,subject_03_sad_session_01
1.052,0.01329330022746299,sad,subject_03,subject_03_sad_session_01
1.056,0.05380886581214504,sad,subject_03,subject_03_sad_session_01
1.06,0.021892380859322012,sad,subject_03,subject_03_sad_session_01
1.064,0.024714585224939228,sad,subject_03,subject_03_sad_session_01
1.068,0.0716729109190534,sad,subject_03,subject_03_sad_session_01
1.072,0.055340607308692856,sad,subject_03,subject_03_sad_session_01
1.076,0.07272619021991263,sad,subject_03,subject_03_sad_session_01
1.08,-0.03232943088185303,sad,subject_03,subject_03_sad_session_01
1.084,0.054899594995915436,sad,subject_03,subject_03_sad_session_01
1.088,0.0921112538781318,sad,subject_03,subject_03_sad_session_01
1.092,0.015530082399401571,sad,subject_03,subject_03_sad_session_01
1.096,0.05726910224369879,sad,subject_03,subject_03_sad_session_01
1.1,0.04869752076463646,sad,subject_03,subject_03_sad_session_01
1.104,0.08065682176059585,sad,subject_03,subject_03_sad_session_01
1.108,0.046705817784931054,sad,subject_03,subject_03_sad_session_01
1.112,0.09121994421928999,sad,subject_03,subject_03_sad_session_01
1.116,0.06334022453812849,sad,subject_03,subject_03_sad_session_01
1.12,0.15842606501550682,sad,subject_03,subject_03_sad_session_01
1.124,0.09291552454587776,sad,subject_03,subject_03_sad_session_01
1.128,0.15595375313454507,sad,subject_03,subject_03_sad_session_01
1.132,0.11207454008259622,sad,subject_03,subject_03_sad_session_01
1.136,0.08659657724223954,sad,subject_03,subject_03_sad_session_01
1.14,0.10450558675563443,sad,subject_03,subject_03_sad_session_01
1.144,0.11998996532927488,sad,subject_03,subject_03_sad_session_01
1.148,0.044334800691161094,sad,subject_03,subject_03_sad_session_01
1.152,0.1465200438704824,sad,subject_03,subject_03_sad_session_01
1.156,0.12674459638772717,sad,subject_03,subject_03_sad_session_01
1.16,0.14150993031882045,sad,subject_03,subject_03_sad_session_01
1.164,0.14653668404148054,sad,subject_03,subject_03_sad_session_01
1.168,0.09130880803822083,sad,subject_03,subject_03_sad_session_01
1.172,0.13417088232999735,sad,subject_03,subject_03_sad_session_01
1.176,0.13240113892519628,sad,subject_03,subject_03_sad_session_01
1.18,0.09469299089786215,sad,subject_03,subject_03_sad_session_01
1.184,0.17464599462183955,sad,subject_03,subject_03_sad_session_01
1.188,0.18558378900912492,sad,subject_03,subject_03_sad_session_01
1.192,0.11535087970013637,sad,subject_03,subject_03_sad_session_01
1.196,0.13916159211054513,sad,subject_03,subject_03_sad_session_01
1.2,0.11831807809769546,sad,subject_03,subject_03_sad_session_01
1.204,0.10499353709758477,sad,subject_03,subject_03_sad_session_01
1.208,0.0977027593151015,sad,subject_03,subject_03_sad_session_01
1.212,0.06821992119779516,sad,subject_03,subject_03_sad_session_01
1.216,0.11168400362733698,sad,subject_03,subject_03_sad_session_01
1.22,0.076203306403339,sad,subject_03,subject_03_sad_session_01
1.224,0.10781445274672535,sad,subject_03,subject_03_sad_session_01
1.228,0.07086462514321207,sad,subject_03,subject_03_sad_session_01
1.232,0.04356601736245168,sad,subject_03,subject_03_sad_session_01
1.236,0.05300781696952729,sad,subject_03,subject_03_sad_session_01
1.24,0.07925424029101973,sad,subject_03,subject_03_sad_session_01
1.244,0.05344485377967277,sad,subject_03,subject_03_sad_session_01
1.248,0.03169451229276821,sad,subject_03,subject_03_sad_session_01
1.252,0.10363555878857827,sad,subject_03,subject_03_sad_session_01
1.256,0.010949887873251643,sad,subject_03,subject_03_sad_session_01
1.26,0.08749554707952041,sad,subject_03,subject_03_sad_session_01
1.264,0.07924707702916099,sad,subject_03,subject_03_sad_session_01
1.268,0.06937617661466391,sad,subject_03,subject_03_sad_session_01
1.272,0.06345129674860396,sad,subject_03,subject_03_sad_session_01
1.276,0.015390561199137114,sad,subject_03,subject_03_sad_session_01
1.28,0.02025056319514385,sad,subject_03,subject_03_sad_session_01
1.284,0.0930604291099974,sad,subject_03,subject_03_sad_session_01
1.288,0.06582826815238907,sad,subject_03,subject_03_sad_session_01
1.292,0.04814286484733503,sad,subject_03,subject_03_sad_session_01
1.296,0.01519901094590146,sad,subject_03,subject_03_sad_session_01
1.3,0.0049219138534664884,sad,subject_03,subject_03_sad_session_01
1.304,-0.004131438750256958,sad,subject_03,subject_03_sad_session_01
1.308,0.008864086602009727,sad,subject_03,subject_03_sad_session_01
1.312,0.019974858089909783,sad,subject_03,subject_03_sad_session_01
1.316,0.030128877768684975,sad,subject_03,subject_03_sad_session_01
1.32,0.05655632074995952,sad,subject_03,subject_03_sad_session_01
1.324,0.07829789130509363,sad,subject_03,subject_03_sad_session_01
1.328,0.05300075286642185,sad,subject_03,subject_03_sad_session_01
1.332,-0.03265670433781262,sad,subject_03,subject_03_sad_session_01
1.336,-0.010555747016710346,sad,subject_03,subject_03_sad_session_01
1.34,0.006965298382311937,sad,subject_03,subject_03_sad_session_01
1.344,0.11412105519405516,sad,subject_03,subject_03_sad_session_01
1.348,0.1749611902500313,sad,subject_03,subject_03_sad_session_01
1.352,0.22912857576097598,sad,subject_03,subject_03_sad_session_01
1.356,0.349002280872486,sad,subject_03,subject_03_sad_session_01
1.36,0.47390288993088237,sad,subject_03,subject_03_sad_session_01
1.364,0.5940116945711261,sad,subject_03,subject_03_sad_session_01
1.368,0.7087393376329715,sad,subject_03,subject_03_sad_session_01
1.372,0.7448181464598334,sad,subject_03,subject_03_sad_session_01
1.376,0.7643237527701514,sad,subject_03,subject_03_sad_session_01
1.38,0.7750663746095806,sad,subject_03,subject_03_sad_session_01
1.384,0.7087912045100502,sad,subject_03,subject_03_sad_session_01
1.388,0.6444360645519512,sad,subject_03,subject_03_sad_session_01
1.392,0.5181136364185355,sad,subject_03,subject_03_sad_session_01
1.396,0.4364166294497468,sad,subject_03,subject_03_sad_session_01
1.4,0.31454369781152897,sad,subject_03,subject_03_sad_session_01
1.404,0.1566867270151666,sad,subject_03,subject_03_sad_session_01
1.408,0.1319902635501363,sad,subject_03,subject_03_sad_session_01
1.412,0.009297725923720634,sad,subject_03,subject_03_sad_session_01
1.416,-0.022890557721967374,sad,subject_03,subject_03_sad_session_01
1.42,-0.006627895010123959,sad,subject_03,subject_03_sad_session_01
1.424,0.014813195416561169,sad,subject_03,subject_03_sad_session_01
1.428,0.003960887602106118,sad,subject_03,subject_03_sad_session_01
1.432,-0.00311956355229674,sad,subject_03,subject_03_sad_session_01
1.436,-0.006864605821654787,sad,subject_03,subject_03_sad_session_01
1.44,0.02812876901072803,sad,subject_03,subject_03_sad_session_01
1.444,0.04690772318249438,sad,subject_03,subject_03_sad_session_01
1.448,0.048432819163034976,sad,subject_03,subject_03_sad_session_01
1.452,0.03375728070353855,sad,subject_03,subject_03_sad_session_01
1.456,0.021186412989498696,sad,subject_03,subject_03_sad_session_01
1.46,0.05256837831957882,sad,subject_03,subject_03_sad_session_01
1.464,0.028968044596336954,sad,subject_03,subject_03_sad_session_01
1.468,0.000554467763858757,sad,subject_03,subject_03_sad_session_01
1.472,0.02670364376934564,sad,subject_03,subject_03_sad_session_01
1.476,0.042423860325843735,sad,subject_03,subject_03_sad_session_01
1.48,0.03503055809514112,sad,subject_03,subject_03_sad_session_01
1.484,0.06813916215031389,sad,subject_03,subject_03_sad_session_01
1.488,0.026894185181537363,sad,subject_03,subject_03_sad_session_01
1.492,0.03359414373089554,sad,subject_03,subject_03_sad_session_01
1.496,0.10950017053510752,sad,subject_03,subject_03_sad_session_01
1.5,0.10360480755328683,sad,subject_03,subject_03_sad_session_01
1.504,0.08888323162862972,sad,subject_03,subject_03_sad_session_01
1.508,0.12598145618730827,sad,subject_03,subject_03_sad_session_01
1.512,0.06705309443047217,sad,subject_03,subject_03_sad_session_01
1.516,0.11522339845611362,sad,subject_03,subject_03_sad_session_01
1.52,0.09212648425924728,sad,subject_03,subject_03_sad_session_01
1.524,0.1474594563319846,sad,subject_03,subject_03_sad_session_01
1.528,0.11488797396078497,sad,subject_03,subject_03_sad_session_01
1.532,0.08674906230496557,sad,subject_03,subject_03_sad_session_01
1.536,0.15946245419180008,sad,subject_03,subject_03_sad_session_01
1.54,0.11207867924928498,sad,subject_03,subject_03_sad_session_01
1.544,0.09412720998932769,sad,subject_03,subject_03_sad_session_01
1.548,0.18067409128850517,sad,subject_03,subject_03_sad_session_01
1.552,0.15964905662279733,sad,subject_03,subject_03_sad_session_01
1.556,0.1200260053598597,sad,subject_03,subject_03_sad_session_01
1.56,0.14827873108068484,sad,subject_03,subject_03_sad_session_01
1.564,0.15275537464708064,sad,subject_03,subject_03_sad_session_01
1.568,0.1351286870722779,sad,subject_03,subject_03_sad_session_01
1.572,0.14126206711453315,sad,subject_03,subject_03_sad_session_01
1.576,0.16887904958457606,sad,subject_03,subject_03_sad_session_01
1.58,0.20599051734951818,sad,subject_03,subject_03_sad_session_01
1.584,0.20591040291557472,sad,subject_03,subject_03_sad_session_01
1.588,0.16848795211907325,sad,subject_03,subject_03_sad_session_01
1.592,0.21376017155809546,sad,subject_03,subject_03_sad_session_01
1.596,0.2369336499244059,sad,subject_03,subject_03_sad_session_01
1.6,0.16955104262490678,sad,subject_03,subject_03_sad_session_01
1.604,0.22002365985312783,sad,subject_03,subject_03_sad_session_01
1.608,0.20071461507556904,sad,subject_03,subject_03_sad_session_01
1.612,0.19394665308635337,sad,subject_03,subject_03_sad_session_01
1.616,0.20401826044848728,sad,subject_03,subject_03_sad_session_01
1.62,0.22885158477841397,sad,subject_03,subject_03_sad_session_01
1.624,0.1671300567664652,sad,subject_03,subject_03_sad_session_01
1.628,0.20505097923109494,sad,subject_03,subject_03_sad_session_01
1.632,0.19359288283213485,sad,subject_03,subject_03_sad_session_01
1.636,0.20429488270534554,sad,subject_03,subject_03_sad_session_01
1.64,0.19673998414940508,sad,subject_03,subject_03_sad_session_01
1.644,0.17792797986148937,sad,subject_03,subject_03_sad_session_01
1.648,0.2547717492538552,sad,subject_03,subject_03_sad_session_01
1.652,0.11699729032580763,sad,subject_03,subject_03_sad_session_01
1.656,0.20953829482453906,sad,subject_03,subject_03_sad_session_01
1.66,0.206301682795151,sad,subject_03,subject_03_sad_session_01
1.664,0.18745852001523183,sad,subject_03,subject_03_sad_session_01
1.668,0.1892701143854671,sad,subject_03,subject_03_sad_session_01
1.672,0.19552917669497744,sad,subject_03,subject_03_sad_session_01
1.676,0.15590738319767675,sad,subject_03,subject_03_sad_session_01
1.68,0.15571878251822907,sad,subject_03,subject_03_sad_session_01
1.684,0.15199817751644118,sad,subject_03,subject_03_sad_session_01
1.688,0.17040660986560885,sad,subject_03,subject_03_sad_session_01
1.692,0.16595829087871275,sad,subject_03,subject_03_sad_session_01
1.696,0.1133778424956599,sad,subject_03,subject_03_sad_session_01
1.7,0.13732859905928854,sad,subject_03,subject_03_sad_session_01
1.704,0.11501658725474453,sad,subject_03,subject_03_sad_session_01
1.708,0.09949590887999381,sad,subject_03,subject_03_sad_session_01
1.712,0.1076042490605087,sad,subject_03,subject_03_sad_session_01
1.716,0.0824347541992142,sad,subject_03,subject_03_sad_session_01
1.72,0.0561358796006361,sad,subject_03,subject_03_sad_session_01
1.724,0.10708983753048129,sad,subject_03,subject_03_sad_session_01
1.728,0.12722816482542243,sad,subject_03,subject_03_sad_session_01
1.732,0.08428993438456953,sad,subject_03,subject_03_sad_session_01
1.736,0.11588692119848562,sad,subject_03,subject_03_sad_session_01
1.74,0.10617450444447593,sad,subject_03,subject_03_sad_session_01
1.744,0.051948213731094484,sad,subject_03,subject_03_sad_session_01
1.748,0.04844625898462008,sad,subject_03,subject_03_sad_session_01
1.752,0.025559725267288863,sad,subject_03,subject_03_sad_session_01
1.756,0.07122697069391971,sad,subject_03,subject_03_sad_session_01
1.76,0.07517808554031126,sad,subject_03,subject_03_sad_session_01
1.764,0.0556727262305514,sad,subject_03,subject_03_sad_session_01
1.768,0.028768577558942375,sad,subject_03,subject_03_sad_session_01
1.772,0.04593217232046021,sad,subject_03,subject_03_sad_session_01
1.776,0.0656969410713076,sad,subject_03,subject_03_sad_session_01
1.78,0.05942678691796088,sad,subject_03,subject_03_sad_session_01
1.784,0.05409250225169606,sad,subject_03,subject_03_sad_session_01
1.788,0.04528883118336611,sad,subject_03,subject_03_sad_session_01
1.792,0.06757656736884321,sad,subject_03,subject_03_sad_session_01
1.796,0.0014337088235813825,sad,subject_03,subject_03_sad_session_01
1.8,0.010317792388261072,sad,subject_03,subject_03_sad_session_01
1.804,-0.0016679403554655733,sad,subject_03,subject_03_sad_session_01
1.808,0.012257762365216387,sad,subject_03,subject_03_sad_session_01
1.812,0.06657555004843871,sad,subject_03,subject_03_sad_session_01
1.816,-0.001784206445424482,sad,subject_03,subject_03_sad_session_01
1.82,-0.0027547902073496583,sad,subject_03,subject_03_sad_session_01
1.824,-0.033015884245548396,sad,subject_03,subject_03_sad_session_01
1.828,0.03587838917610915,sad,subject_03,subject_03_sad_session_01
1.832,0.014491610394276912,sad,subject_03,subject_03_sad_session_01
1.836,0.05611407977953675,sad,subject_03,subject_03_sad_session_01
1.84,0.055347902939908794,sad,subject_03,subject_03_sad_session_01
1.844,-0.020997890971270056,sad,subject_03,subject_03_sad_session_01
1.848,0.009518320985227986,sad,subject_03,subject_03_sad_session_01
1.852,0.048944476989823765,sad,subject_03,subject_03_sad_session_01
1.856,-0.011880170233504985,sad,subject_03,subject_03_sad_session_01
1.86,0.03903381313507327,sad,subject_03,subject_03_sad_session_01
1.864,-0.06562818892367533,sad,subject_03,subject_03_sad_session_01
1.868,0.006674698177254911,sad,subject_03,subject_03_sad_session_01
1.872,-0.010826378259637403,sad,subject_03,subject_03_sad_session_01
1.876,0.03943908819357676,sad,subject_03,subject_03_sad_session_01
1.88,-0.004229427131333394,sad,subject_03,subject_03_sad_session_01
1.884,0.03133527383890071,sad,subject_03,subject_03_sad_session_01
1.888,0.022114971986238036,sad,subject_03,subject_03_sad_session_01
1.892,-0.016556469981490945,sad,subject_03,subject_03_sad_session_01
1.896,0.03243442479091883,sad,subject_03,subject_03_sad_session_01
1.9,0.021819645155973875,sad,subject_03,subject_03_sad_session_01
1.904,-0.040072625385418933,sad,subject_03,subject_03_sad_session_01
1.908,0.020647546507418294,sad,subject_03,subject_03_sad_session_01
1.912,-0.009440398607403488,sad,subject_03,subject_03_sad_session_01
1.916,0.018457122585019935,sad,subject_03,subject_03_sad_session_01
1.92,0.011853512490662998,sad,subject_03,subject_03_sad_session_01
1.924,0.034366481439654664,sad,subject_03,subject_03_sad_session_01
1.928,0.03226812909062494,sad,subject_03,subject_03_sad_session_01
1.932,-0.019906428257016787,sad,subject_03,subject_03_sad_session_01
1.936,-0.012087113895255885,sad,subject_03,subject_03_sad_session_01
1.94,-0.004392060131880551,sad,subject_03,subject_03_sad_session_01
1.944,0.0349752419973104,sad,subject_03,subject_03_sad_session_01
1.948,-0.009330432816087465,sad,subject_03,subject_03_sad_session_01
1.952,0.01219693262820478,sad,subject_03,subject_03_sad_session_01
1.956,0.02949705979207249,sad,subject_03,subject_03_sad_session_01
1.96,0.0035633736204179834,sad,subject_03,subject_03_sad_session_01
1.964,0.0538905177412617,sad,subject_03,subject_03_sad_session_01
1.968,-0.014537561314152604,sad,subject_03,subject_03_sad_session_01
1.972,0.01769710046637213,sad,subject_03,subject_03_sad_session_01
1.976,0.013188876274871985,sad,subject_03,subject_03_sad_session_01
1.98,0.004934083599488155,sad,subject_03,subject_03_sad_session_01
1.984,-0.0630610085497614,sad,subject_03,subject_03_sad_session_01
1.988,-0.007470622801057763,sad,subject_03,subject_03_sad_session_01
1.992,-0.05165342736101982,sad,subject_03,subject_03_sad_session_01
1.996,-0.014424845566560603,sad,subject_03,subject_03_sad_session_01
2.0,-0.0019348462991479918,sad,subject_03,subject_03_sad_session_01
2.004,0.0693007955492628,sad,subject_03,subject_03_sad_session_01
2.008,0.02278714581512092,sad,subject_03,subject_03_sad_session_01
2.012,-0.030807239066203765,sad,subject_03,subject_03_sad_session_01
2.016,0.006106982018704648,sad,subject_03,subject_03_sad_session_01
2.02,0.01281765335989738,sad,subject_03,subject_03_sad_session_01
2.024,0.003325804098646871,sad,subject_03,subject_03_sad_session_01
2.028,0.001082936581792178,sad,subject_03,subject_03_sad_session_01
2.032,-0.015773842532512853,sad,subject_03,subject_03_sad_session_01
2.036,0.012138195574486674,sad,subject_03,subject_03_sad_session_01
2.04,0.009744492022501538,sad,subject_03,subject_03_sad_session_01
2.044,0.023049245905149292,sad,subject_03,subject_03_sad_session_01
2.048,0.028795080042688857,sad,subject_03,subject_03_sad_session_01
2.052,0.028985039912413624,sad,subject_03,subject_03_sad_session_01
2.056,0.00941112472027387,sad,subject_03,subject_03_sad_session_01
2.06,0.0030144886123679255,sad,subject_03,subject_03_sad_session_01
2.064,0.03209376122481208,sad,subject_03,subject_03_sad_session_01
2.068,-0.012522038172604982,sad,subject_03,subject_03_sad_session_01
2.072,-0.059424790821607655,sad,subject_03,subject_03_sad_session_01
2.076,-0.034401367989394006,sad,subject_03,subject_03_sad_session_01
2.08,-0.035186958278479355,sad,subject_03,subject_03_sad_session_01
2.084,0.041581116166521596,sad,subject_03,subject_03_sad_session_01
2.088,0.03269717342398791,sad,subject_03,subject_03_sad_session_01
2.092,0.056666341095968784,sad,subject_03,subject_03_sad_session_01
2.096,0.053179591726702606,sad,subject_03,subject_03_sad_session_01
2.1,0.0736391769228544,sad,subject_03,subject_03_sad_session_01
2.104,0.08145123326376424,sad,subject_03,subject_03_sad_session_01
2.108,0.08105954512559532,sad,subject_03,subject_03_sad_session_01
2.112,0.08689998533139695,sad,subject_03,subject_03_sad_session_01
2.116,0.11221114422020319,sad,subject_03,subject_03_sad_session_01
2.12,0.1305556263031389,sad,subject_03,subject_03_sad_session_01
2.124,0.07513846211518455,sad,subject_03,subject_03_sad_session_01
2.128,0.1234760935737052,sad,subject_03,subject_03_sad_session_01
2.132,0.06394534965670898,sad,subject_03,subject_03_sad_session_01
2.136,0.06914592779464512,sad,subject_03,subject_03_sad_session_01
2.14,0.1376951984968966,sad,subject_03,subject_03_sad_session_01
2.144,0.09330701794685803,sad,subject_03,subject_03_sad_session_01
2.148,0.04186648765573736,sad,subject_03,subject_03_sad_session_01
2.152,0.05670995869903305,sad,subject_03,subject_03_sad_session_01
2.156,0.06951478346178278,sad,subject_03,subject_03_sad_session_01
2.16,0.05670995513502575,sad,subject_03,subject_03_sad_session_01
2.164,0.10651175489324201,sad,subject_03,subject_03_sad_session_01
2.168,0.06227759217246784,sad,subject_03,subject_03_sad_session_01
2.172,0.07683004544954625,sad,subject_03,subject_03_sad_session_01
2.176,0.06341204155758275,sad,subject_03,subject_03_sad_session_01
2.18,0.036521662794250245,sad,subject_03,subject_03_sad_session_01
2.184,0.033359194527955084,sad,subject_03,subject_03_sad_session_01
2.188,0.09521436045993943,sad,subject_03,subject_03_sad_session_01
2.192,0.07240085695288823,sad,subject_03,subject_03_sad_session_01
2.196,-0.038805317603666935,sad,subject_03,subject_03_sad_session_01
2.2,0.0325318873418563,sad,subject_03,subject_03_sad_session_01
2.204,0.07280167174356786,sad,subject_03,subject_03_sad_session_01
2.208,0.057484671580207064,sad,subject_03,subject_03_sad_session_01
2.212,0.09896454944398331,sad,subject_03,subject_03_sad_session_01
2.216,0.02235851831511709,sad,subject_03,subject_03_sad_session_01
2.22,0.03650189534104268,sad,subject_03,subject_03_sad_session_01
2.224,-0.005811309165788557,sad,subject_03,subject_03_sad_session_01
2.228,-0.029946077251524098,sad,subject_03,subject_03_sad_session_01
2.232,0.02350493105846689,sad,subject_03,subject_03_sad_session_01
2.236,-0.002747103289096938,sad,subject_03,subject_03_sad_session_01
2.24,0.08582192426371268,sad,subject_03,subject_03_sad_session_01
2.244,-0.014622402932427085,sad,subject_03,subject_03_sad_session_01
2.248,-0.012119098107062224,sad,subject_03,subject_03_sad_session_01
2.252,0.0007381292371276267,sad,subject_03,subject_03_sad_session_01
2.256,0.024603660347750043,sad,subject_03,subject_03_sad_session_01
2.26,0.020403072608703967,sad,subject_03,subject_03_sad_session_01
2.264,-0.05652817492386612,sad,subject_03,subject_03_sad_session_01
2.268,0.03128981364922301,sad,subject_03,subject_03_sad_session_01
2.272,-0.013874842342589497,sad,subject_03,subject_03_sad_session_01
2.276,-0.0902529604713479,sad,subject_03,subject_03_sad_session_01
2.28,-0.01068982121030146,sad,subject_03,subject_03_sad_session_01
2.284,-0.0423297198864111,sad,subject_03,subject_03_sad_session_01
2.288,0.02223736154601192,sad,subject_03,subject_03_sad_session_01
2.292,-0.005383653976277826,sad,subject_03,subject_03_sad_session_01
2.296,0.01250245185007082,sad,subject_03,subject_03_sad_session_01
2.3,0.01020939248296197,sad,subject_03,subject_03_sad_session_01
2.304,-0.046036902284558895,sad,subject_03,subject_03_sad_session_01
2.308,-0.02960644953510818,sad,subject_03,subject_03_sad_session_01
2.312,-0.0006895682515902501,sad,subject_03,subject_03_sad_session_01
2.316,-0.012048053351902129,sad,subject_03,subject_03_sad_session_01
2.32,-0.007202185520270521,sad,subject_03,subject_03_sad_session_01
2.324,0.12109730739124544,sad,subject_03,subject_03_sad_session_01
2.328,0.16250814314852213,sad,subject_03,subject_03_sad_session_01
2.332,0.24105398708497314,sad,subject_03,subject_03_sad_session_01
2.336,0.4355725553642144,sad,subject_03,subject_03_sad_session_01
2.34,0.43422270084313164,sad,subject_03,subject_03_sad_session_01
2.344,0.5729505076601014,sad,subject_03,subject_03_sad_session_01
2.348,0.6544522609181045,sad,subject_03,subject_03_sad_session_01
2.352,0.7444562560528224,sad,subject_03,subject_03_sad_session_01
2.356,0.7156092851464113,sad,subject_03,subject_03_sad_session_01
2.36,0.6731973293188485,sad,subject_03,subject_03_sad_session_01
2.364,0.6552347861368354,sad,subject_03,subject_03_sad_session_01
2.368,0.547558957871607,sad,subject_03,subject_03_sad_session_01
2.372,0.39649246933384835,sad,subject_03,subject_03_sad_session_01
2.376,0.2866425766648197,sad,subject_03,subject_03_sad_session_01
2.38,0.12658209069200024,sad,subject_03,subject_03_sad_session_01
2.384,0.05147786424450434,sad,subject_03,subject_03_sad_session_01
2.388,-0.02105602291755403,sad,subject_03,subject_03_sad_session_01
2.392,-0.10728294047442011,sad,subject_03,subject_03_sad_session_01
2.396,-0.14131124626269764,sad,subject_03,subject_03_sad_session_01
2.4,-0.10605299520485549,sad,subject_03,subject_03_sad_session_01
2.404,-0.05124119785365107,sad,subject_03,subject_03_sad_session_01
2.408,-0.04797129232150123,sad,subject_03,subject_03_sad_session_01
2.412,-0.0651372320784969,sad,subject_03,subject_03_sad_session_01
2.416,0.04626804346899755,sad,subject_03,subject_03_sad_session_01
2.42,-0.0519648073789742,sad,subject_03,subject_03_sad_session_01
2.424,0.004843032573533603,sad,subject_03,subject_03_sad_session_01
2.428,-0.022061114159920372,sad,subject_03,subject_03_sad_session_01
2.432,0.033969693204807874,sad,subject_03,subject_03_sad_session_01
2.436,-0.003001647406238888,sad,subject_03,subject_03_sad_session_01
2.44,-0.004276301532814389,sad,subject_03,subject_03_sad_session_01
2.444,0.03421689504020189,sad,subject_03,subject_03_sad_session_01
2.448,0.002838101046379794,sad,subject_03,subject_03_sad_session_01
2.452,0.032607051038069726,sad,subject_03,subject_03_sad_session_01
2.456,0.009993529636652163,sad,subject_03,subject_03_sad_session_01
2.46,-0.0624786431212752,sad,subject_03,subject_03_sad_session_01
2.464,0.08424413179783337,sad,subject_03,subject_03_sad_session_01
2.468,0.03856661031828099,sad,subject_03,subject_03_sad_session_01
2.472,0.01741415988185907,sad,subject_03,subject_03_sad_session_01
2.476,0.07147730381554188,sad,subject_03,subject_03_sad_session_01
2.48,0.005617708726975406,sad,subject_03,subject_03_sad_session_01
2.484,0.011561767088698546,sad,subject_03,subject_03_sad_session_01
2.488,0.000929807814139122,sad,subject_03,subject_03_sad_session_01
2.492,0.042014429984195384,sad,subject_03,subject_03_sad_session_01
2.496,0.033010611619983976,sad,subject_03,subject_03_sad_session_01
2.5,0.049125695042357545,sad,subject_03,subject_03_sad_session_01
2.504,0.01888704320920409,sad,subject_03,subject_03_sad_session_01
2.508,0.04764682789299967,sad,subject_03,subject_03_sad_session_01
2.512,0.08724850499065712,sad,subject_03,subject_03_sad_session_01
2.516,0.12000908370674274,sad,subject_03,subject_03_sad_session_01
2.52,0.0858923693734028,sad,subject_03,subject_03_sad_session_01
2.524,0.0751621346270746,sad,subject_03,subject_03_sad_session_01
2.528,0.11455704667173115,sad,subject_03,subject_03_sad_session_01
2.532,0.13651809733525222,sad,subject_03,subject_03_sad_session_01
2.536,0.1403638605548691,sad,subject_03,subject_03_sad_session_01
2.54,0.1274313512262665,sad,subject_03,subject_03_sad_session_01
2.544,0.0947683032582475,sad,subject_03,subject_03_sad_session_01
2.548,0.12087560846433706,sad,subject_03,subject_03_sad_session_01
2.552,0.13478006739244833,sad,subject_03,subject_03_sad_session_01
2.556,0.0586383852925553,sad,subject_03,subject_03_sad_session_01
2.56,0.13761056555529994,sad,subject_03,subject_03_sad_session_01
2.564,0.19277553187227306,sad,subject_03,subject_03_sad_session_01
2.568,0.1257918934539907,sad,subject_03,subject_03_sad_session_01
2.572,0.09415625467029363,sad,subject_03,subject_03_sad_session_01
2.576,0.1318986350366548,sad,subject_03,subject_03_sad_session_01
2.58,0.13370782794158204,sad,subject_03,subject_03_sad_session_01
2.584,0.19029940941621126,sad,subject_03,subject_03_sad_session_01
2.588,0.23832062421485464,sad,subject_03,subject_03_sad_session_01
2.592,0.16561150255062,sad,subject_03,subject_03_sad_session_01
2.596,0.1365418571774264,sad,subject_03,subject_03_sad_session_01
2.6,0.12653084409815346,sad,subject_03,subject_03_sad_session_01
2.604,0.19403569652144767,sad,subject_03,subject_03_sad_session_01
2.608,0.1845965380544241,sad,subject_03,subject_03_sad_session_01
2.612,0.1973627466967222,sad,subject_03,subject_03_sad_session_01
2.616,0.14522428996816425,sad,subject_03,subject_03_sad_session_01
2.62,0.2084266137374881,sad,subject_03,subject_03_sad_session_01
2.624,0.16267366116290471,sad,subject_03,subject_03_sad_session_01
2.628,0.13359229767969238,sad,subject_03,subject_03_sad_session_01
2.632,0.09051546210117883,sad,subject_03,subject_03_sad_session_01
2.636,0.13341007768069157,sad,subject_03,subject_03_sad_session_01
2.64,0.12942631018696388,sad,subject_03,subject_03_sad_session_01
2.644,0.10907959984385919,sad,subject_03,subject_03_sad_session_01
2.648,0.15032393193227667,sad,subject_03,subject_03_sad_session_01
2.652,0.11154063212183346,sad,subject_03,subject_03_sad_session_01
2.656,0.09892293177830014,sad,subject_03,subject_03_sad_session_01
2.66,0.09488389148317407,sad,subject_03,subject_03_sad_session_01
2.664,0.07454906622220459,sad,subject_03,subject_03_sad_session_01
2.668,0.094561434468651,sad,subject_03,subject_03_sad_session_01
2.672,0.08976996035802952,sad,subject_03,subject_03_sad_session_01
2.676,0.09312054087660626,sad,subject_03,subject_03_sad_session_01
2.68,0.10619871679443146,sad,subject_03,subject_03_sad_session_01
2.684,0.13490006554671422,sad,subject_03,subject_03_sad_session_01
2.688,0.11350677583671676,sad,subject_03,subject_03_sad_session_01
2.692,0.03053870415278495,sad,subject_03,subject_03_sad_session_01
2.696,0.09854580783005876,sad,subject_03,subject_03_sad_session_01
2.7,0.09858920755465582,sad,subject_03,subject_03_sad_session_01
2.704,0.08329704094273355,sad,subject_03,subject_03_sad_session_01
2.708,0.04159852026268933,sad,subject_03,subject_03_sad_session_01
2.712,0.09379145193188577,sad,subject_03,subject_03_sad_session_01
2.716,0.01778623367701555,sad,subject_03,subject_03_sad_session_01
2.72,0.07175541696574919,sad,subject_03,subject_03_sad_session_01
2.724,0.06605758302380703,sad,subject_03,subject_03_sad_session_01
2.728,0.04534225472426776,sad,subject_03,subject_03_sad_session_01
2.732,-0.027989580431561287,sad,subject_03,subject_03_sad_session_01
2.736,0.027811673731283678,sad,subject_03,subject_03_sad_session_01
2.74,0.04272767580348144,sad,subject_03,subject_03_sad_session_01
2.744,0.01541193610496706,sad,subject_03,subject_03_sad_session_01
2.748,0.007923603889185407,sad,subject_03,subject_03_sad_session_01
2.752,-0.004197550509448442,sad,subject_03,subject_03_sad_session_01
2.756,-0.011955005921552823,sad,subject_03,subject_03_sad_session_01
2.76,-0.0019507815839763906,sad,subject_03,subject_03_sad_session_01
2.764,0.03409631605471933,sad,subject_03,subject_03_sad_session_01
2.768,-0.025519379041410394,sad,subject_03,subject_03_sad_session_01
2.772,0.00497738746925058,sad,subject_03,subject_03_sad_session_01
2.776,-0.08967949207735094,sad,subject_03,subject_03_sad_session_01
2.78,-0.026786019474893834,sad,subject_03,subject_03_sad_session_01
2.784,0.008521998025310359,sad,subject_03,subject_03_sad_session_01
2.788,0.01557219004651184,sad,subject_03,subject_03_sad_session_01
2.792,-0.04953526840433282,sad,subject_03,subject_03_sad_session_01
2.796,-0.009088054436793632,sad,subject_03,subject_03_sad_session_01
2.8,0.004487431644545601,sad,subject_03,subject_03_sad_session_01
2.804,-0.044346259160863606,sad,subject_03,subject_03_sad_session_01
2.808,-0.0714223941114929,sad,subject_03,subject_03_sad_session_01
2.812,-0.06270711800741229,sad,subject_03,subject_03_sad_session_01
2.816,-0.07099444608903825,sad,subject_03,subject_03_sad_session_01
2.82,-0.002649905646345367,sad,subject_03,subject_03_sad_session_01
2.824,-0.021617833871125366,sad,subject_03,subject_03_sad_session_01
2.828,-0.03823670420064236,sad,subject_03,subject_03_sad_session_01
2.832,-0.052635596737460974,sad,subject_03,subject_03_sad_session_01
2.836,0.006629515163747959,sad,subject_03,subject_03_sad_session_01
2.84,-0.03325907685988733,sad,subject_03,subject_03_sad_session_01
2.844,-0.01773454779823982,sad,subject_03,subject_03_sad_session_01
2.848,-0.054960955958645835,sad,subject_03,subject_03_sad_session_01
2.852,-0.06336430091580497,sad,subject_03,subject_03_sad_session_01
2.856,0.002139491894962771,sad,subject_03,subject_03_sad_session_01
2.86,-0.026008093145313067,sad,subject_03,subject_03_sad_session_01
2.864,-0.023614740057156594,sad,subject_03,subject_03_sad_session_01
2.868,-0.019159294161282387,sad,subject_03,subject_03_sad_session_01
2.872,0.0005595279874738394,sad,subject_03,subject_03_sad_session_01
2.876,0.005718992355467408,sad,subject_03,subject_03_sad_session_01
2.88,-0.06289200239965062,sad,subject_03,subject_03_sad_session_01
2.884,-0.03727636960278824,sad,subject_03,subject_03_sad_session_01
2.888,-0.06050103361303824,sad,subject_03,subject_03_sad_session_01
2.892,-0.02432022045538404,sad,subject_03,subject_03_sad_session_01
2.896,-0.04141335229417294,sad,subject_03,subject_03_sad_session_01
2.9,-0.03916249694235842,sad,subject_03,subject_03_sad_session_01
2.904,-0.03659606585944836,sad,subject_03,subject_03_sad_session_01
2.908,-0.03822038280863897,sad,subject_03,subject_03_sad_session_01
2.912,0.04573191100678779,sad,subject_03,subject_03_sad_session_01
2.916,-0.08801238441269901,sad,subject_03,subject_03_sad_session_01
2.92,-0.03460701893249068,sad,subject_03,subject_03_sad_session_01
2.924,-0.07498266375061398,sad,subject_03,subject_03_sad_session_01
2.928,-0.02515346624649315,sad,subject_03,subject_03_sad_session_01
2.932,-0.07259576463231271,sad,subject_03,subject_03_sad_session_01
2.936,-0.03207940529731045,sad,subject_03,subject_03_sad_session_01
2.94,-0.052097638201552506,sad,subject_03,subject_03_sad_session_01
2.944,0.0021305251409280065,sad,subject_03,subject_03_sad_session_01
2.948,-0.07479360515604583,sad,subject_03,subject_03_sad_session_01
2.952,-0.07086102565087948,sad,subject_03,subject_03_sad_session_01
2.956,-0.06455758930851298,sad,subject_03,subject_03_sad_session_01
2.96,-0.018978789653591118,sad,subject_03,subject_03_sad_session_01
2.964,-0.02400374830357336,sad,subject_03,subject_03_sad_session_01
2.968,-0.03917178533770186,sad,subject_03,subject_03_sad_session_01
2.972,-0.011073764110294676,sad,subject_03,subject_03_sad_session_01
2.976,-0.09820997837550456,sad,subject_03,subject_03_sad_session_01
2.98,-0.03748068502575475,sad,subject_03,subject_03_sad_session_01
2.984,-0.030629939992595237,sad,subject_03,subject_03_sad_session_01
2.988,-0.02459374663590289,sad,subject_03,subject_03_sad_session_01
2.992,-0.027789752822759434,sad,subject_03,subject_03_sad_session_01
2.996,-0.021966639393663317,sad,subject_03,subject_03_sad_session_01
3.0,-0.015744536484566758,sad,subject_03,subject_03_sad_session_01
3.004,0.02961102703862761,sad,subject_03,subject_03_sad_session_01
3.008,-0.006858509723878067,sad,subject_03,subject_03_sad_session_01
3.012,-0.07289090799537054,sad,subject_03,subject_03_sad_session_01
3.016,-0.00180408831514808,sad,subject_03,subject_03_sad_session_01
3.02,-0.0305520809237884,sad,subject_03,subject_03_sad_session_01
3.024,-0.042149472956306486,sad,subject_03,subject_03_sad_session_01
3.028,-0.06716896612923404,sad,subject_03,subject_03_sad_session_01
3.032,-0.031048656312873537,sad,subject_03,subject_03_sad_session_01
3.036,-0.014511575285819377,sad,subject_03,subject_03_sad_session_01
3.04,0.004103540323443157,sad,subject_03,subject_03_sad_session_01
3.044,-0.04907919445867999,sad,subject_03,subject_03_sad_session_01
3.048,-0.025827521692845894,sad,subject_03,subject_03_sad_session_01
3.052,-0.025167732859410222,sad,subject_03,subject_03_sad_session_01
3.056,-0.024004873317996486,sad,subject_03,subject_03_sad_session_01
3.06,-0.04884758618661289,sad,subject_03,subject_03_sad_session_01
3.064,-0.030975057311762904,sad,subject_03,subject_03_sad_session_01
3.068,-0.0037353540378288067,sad,subject_03,subject_03_sad_session_01
3.072,0.028871963906590047,sad,subject_03,subject_03_sad_session_01
3.076,0.008054163551163916,sad,subject_03,subject_03_sad_session_01
3.08,-0.015708184764163698,sad,subject_03,subject_03_sad_session_01
3.084,0.017672324471730734,sad,subject_03,subject_03_sad_session_01
3.088,-0.006317892355071325,sad,subject_03,subject_03_sad_session_01
3.092,0.058623037766958,sad,subject_03,subject_03_sad_session_01
3.096,0.08656923876444447,sad,subject_03,subject_03_sad_session_01
3.1,0.04958426785023547,sad,subject_03,subject_03_sad_session_01
3.104,0.07180173021963002,sad,subject_03,subject_03_sad_session_01
3.108,0.03460564782961181,sad,subject_03,subject_03_sad_session_01
3.112,0.06690185610900262,sad,subject_03,subject_03_sad_session_01
3.116,0.06155206245855233,sad,subject_03,subject_03_sad_session_01
3.12,0.09513002789764041,sad,subject_03,subject_03_sad_session_01
3.124,0.049466174051629924,sad,subject_03,subject_03_sad_session_01
3.128,0.06614299624761472,sad,subject_03,subject_03_sad_session_01
3.132,0.03603106062625007,sad,subject_03,subject_03_sad_session_01
3.136,0.08805900258717922,sad,subject_03,subject_03_sad_session_01
3.14,0.04870197057739924,sad,subject_03,subject_03_sad_session_01
3.144,0.056385770811364144,sad,subject_03,subject_03_sad_session_01
3.148,0.03664993260845196,sad,subject_03,subject_03_sad_session_01
3.152,0.054560664672059625,sad,subject_03,subject_03_sad_session_01
3.156,0.07798453639301559,sad,subject_03,subject_03_sad_session_01
3.16,0.06297416773180232,sad,subject_03,subject_03_sad_session_01
3.164,0.08596990351269487,sad,subject_03,subject_03_sad_session_01
3.168,0.023061690020343632,sad,subject_03,subject_03_sad_session_01
3.172,0.0377577987224402,sad,subject_03,subject_03_sad_session_01
3.176,0.06671456901205705,sad,subject_03,subject_03_sad_session_01
3.18,-0.0012183363281491125,sad,subject_03,subject_03_sad_session_01
3.184,0.05772491498045799,sad,subject_03,subject_03_sad_session_01
3.188,0.062372968991822944,sad,subject_03,subject_03_sad_session_01
3.192,-0.021389218748346497,sad,subject_03,subject_03_sad_session_01
3.196,0.0801106130449617,sad,subject_03,subject_03_sad_session_01
3.2,-0.0056501781013291105,sad,subject_03,subject_03_sad_session_01
3.204,-0.052172955717833404,sad,subject_03,subject_03_sad_session_01
3.208,-0.03825800598980135,sad,subject_03,subject_03_sad_session_01
3.212,-0.013439783733993616,sad,subject_03,subject_03_sad_session_01
3.216,-0.024141633508805813,sad,subject_03,subject_03_sad_session_01
3.22,-0.03820505168658124,sad,subject_03,subject_03_sad_session_01
3.224,-0.054144253554643154,sad,subject_03,subject_03_sad_session_01
3.228,-0.0611834537330795,sad,subject_03,subject_03_sad_session_01
3.232,0.028771130187457715,sad,subject_03,subject_03_sad_session_01
3.236,-0.011655326520488018,sad,subject_03,subject_03_sad_session_01
3.24,0.006492249463155918,sad,subject_03,subject_03_sad_session_01
3.244,-0.05270637881473166,sad,subject_03,subject_03_sad_session_01
3.248,-0.03731004098884598,sad,subject_03,subject_03_sad_session_01
3.252,-0.056611341491613516,sad,subject_03,subject_03_sad_session_01
3.256,-0.04171889041225859,sad,subject_03,subject_03_sad_session_01
3.26,0.004513787340175782,sad,subject_03,subject_03_sad_session_01
3.264,-0.04139964535253389,sad,subject_03,subject_03_sad_session_01
3.268,-0.033214613329346915,sad,subject_03,subject_03_sad_session_01
3.272,-0.05332719568895189,sad,subject_03,subject_03_sad_session_01
3.276,-0.014955516414909227,sad,subject_03,subject_03_sad_session_01
3.28,-0.06142367818833956,sad,subject_03,subject_03_sad_session_01
3.284,-0.012104120045770175,sad,subject_03,subject_03_sad_session_01
3.288,-0.06157514736943069,sad,subject_03,subject_03_sad_session_01
3.292,0.032895386993766464,sad,subject_03,subject_03_sad_session_01
3.296,0.024047408702724392,sad,subject_03,subject_03_sad_session_01
3.3,0.0373874521557736,sad,subject_03,subject_03_sad_session_01
3.304,0.11625340371658094,sad,subject_03,subject_03_sad_session_01
3.308,0.2518872786331693,sad,subject_03,subject_03_sad_session_01
3.312,0.3312751278351327,sad,subject_03,subject_03_sad_session_01
3.316,0.4544433637861038,sad,subject_03,subject_03_sad_session_01
3.32,0.6076725187555706,sad,subject_03,subject_03_sad_session_01
3.324,0.6396374540351214,sad,subject_03,subject_03_sad_session_01
3.328,0.6307537247614243,sad,subject_03,subject_03_sad_session_01
3.332,0.7228167469397988,sad,subject_03,subject_03_sad_session_01
3.336,0.7364799894396997,sad,subject_03,subject_03_sad_session_01
3.34,0.6552319365410871,sad,subject_03,subject_03_sad_session_01
3.344,0.5221435924226661,sad,subject_03,subject_03_sad_session_01
3.348,0.44168284881086595,sad,subject_03,subject_03_sad_session_01
3.352,0.3645259937583695,sad,subject_03,subject_03_sad_session_01
3.356,0.15456741662798062,sad,subject_03,subject_03_sad_session_01
3.36,0.035833676909105244,sad,subject_03,subject_03_sad_session_01
3.364,-0.025061990533016578,sad,subject_03,subject_03_sad_session_01
3.368,-0.025770389147504777,sad,subject_03,subject_03_sad_session_01
3.372,-0.15444468515577922,sad,subject_03,subject_03_sad_session_01
3.376,-0.0989152575513102,sad,subject_03,subject_03_sad_session_01
3.38,-0.08063044138053158,sad,subject_03,subject_03_sad_session_01
3.384,-0.07938698680554392,sad,subject_03,subject_03_sad_session_01
3.388,-0.10513248113907206,sad,subject_03,subject_03_sad_session_01
3.392,-0.03964509003878109,sad,subject_03,subject_03_sad_session_01
3.396,-0.06271045233009967,sad,subject_03,subject_03_sad_session_01
3.4,-0.0158974826964224,sad,subject_03,subject_03_sad_session_01
3.404,-0.04034085417147394,sad,subject_03,subject_03_sad_session_01
3.408,0.000907868617409725,sad,subject_03,subject_03_sad_session_01
3.412,-0.007148396213095,sad,subject_03,subject_03_sad_session_01
3.416,-0.040724194077715124,sad,subject_03,subject_03_sad_session_01
3.42,0.016431341158541942,sad,subject_03,subject_03_sad_session_01
3.424,-0.0018375294827070168,sad,subject_03,subject_03_sad_session_01
3.428,0.014951181516695139,sad,subject_03,subject_03_sad_session_01
3.432,0.014310076264736567,sad,subject_03,subject_03_sad_session_01
3.436,0.041705103385418385,sad,subject_03,subject_03_sad_session_01
3.44,0.03233296390983057,sad,subject_03,subject_03_sad_session_01
3.444,0.030830470482834604,sad,subject_03,subject_03_sad_session_01
3.448,-0.034538875363969185,sad,subject_03,subject_03_sad_session_01
3.452,0.013461302059416352,sad,subject_03,subject_03_sad_session_01
3.456,-0.048311006827239586,sad,subject_03,subject_03_sad_session_01
3.46,-0.009738244777058855,sad,subject_03,subject_03_sad_session_01
3.464,0.0712949129686606,sad,subject_03,subject_03_sad_session_01
3.468,0.027278690194051224,sad,subject_03,subject_03_sad_session_01
3.472,0.0804521287998622,sad,subject_03,subject_03_sad_session_01
3.476,0.02769620069989228,sad,subject_03,subject_03_sad_session_01
3.48,0.05246770611093799,sad,subject_03,subject_03_sad_session_01
3.484,0.06653439877459916,sad,subject_03,subject_03_sad_session_01
3.488,0.11407156427264273,sad,subject_03,subject_03_sad_session_01
3.492,0.10344439242787323,sad,subject_03,subject_03_sad_session_01
3.496,0.06425261674670273,sad,subject_03,subject_03_sad_session_01
3.5,0.07024351453497701,sad,subject_03,subject_03_sad_session_01
3.504,0.09656908039824331,sad,subject_03,subject_03_sad_session_01
3.508,0.1683982574538384,sad,subject_03,subject_03_sad_session_01
3.512,0.10508810126824156,sad,subject_03,subject_03_sad_session_01
3.516,0.08390919706670665,sad,subject_03,subject_03_sad_session_01
3.52,0.09097929699317424,sad,subject_03,subject_03_sad_session_01
3.524,0.1142395731605454,sad,subject_03,subject_03_sad_session_01
3.528,0.13464395997956943,sad,subject_03,subject_03_sad_session_01
3.532,0.10306443697590759,sad,subject_03,subject_03_sad_session_01
3.536,0.16360753496113872,sad,subject_03,subject_03_sad_session_01
3.54,0.12010365187104234,sad,subject_03,subject_03_sad_session_01
3.544,0.18306942095591794,sad,subject_03,subject_03_sad_session_01
3.548,0.15592969428485862,sad,subject_03,subject_03_sad_session_01
3.552,0.1418404845124425,sad,subject_03,subject_03_sad_session_01
3.556,0.07074418455650201,sad,subject_03,subject_03_sad_session_01
3.56,0.14745827574444392,sad,subject_03,subject_03_sad_session_01
3.564,0.16115231539638597,sad,subject_03,subject_03_sad_session_01
3.568,0.1645522416225659,sad,subject_03,subject_03_sad_session_01
3.572,0.18243443886704508,sad,subject_03,subject_03_sad_session_01
3.576,0.15431532004351867,sad,subject_03,subject_03_sad_session_01
3.58,0.18469364222792103,sad,subject_03,subject_03_sad_session_01
3.584,0.13967352121836885,sad,subject_03,subject_03_sad_session_01
3.588,0.19690240495816577,sad,subject_03,subject_03_sad_session_01
3.592,0.19662605567301797,sad,subject_03,subject_03_sad_session_01
3.596,0.17503007920329164,sad,subject_03,subject_03_sad_session_01
3.6,0.18669596269196245,sad,subject_03,subject_03_sad_session_01
3.604,0.15272468561793534,sad,subject_03,subject_03_sad_session_01
3.608,0.15399184415071607,sad,subject_03,subject_03_sad_session_01
3.612,0.14933551586371527,sad,subject_03,subject_03_sad_session_01
3.616,0.1922602988732078,sad,subject_03,subject_03_sad_session_01
3.62,0.15569895658251512,sad,subject_03,subject_03_sad_session_01
3.624,0.12281849896382996,sad,subject_03,subject_03_sad_session_01
3.628,0.13980094041091745,sad,subject_03,subject_03_sad_session_01
3.632,0.12282217857249064,sad,subject_03,subject_03_sad_session_01
3.636,0.13770987859101722,sad,subject_03,subject_03_sad_session_01
3.64,0.12247872804639615,sad,subject_03,subject_03_sad_session_01
3.644,0.0816930950812294,sad,subject_03,subject_03_sad_session_01
3.648,0.08487159354484097,sad,subject_03,subject_03_sad_session_01
3.652,0.10053198240055404,sad,subject_03,subject_03_sad_session_01
3.656,0.1476206774820873,sad,subject_03,subject_03_sad_session_01
3.66,0.04584891581745334,sad,subject_03,subject_03_sad_session_01
3.664,0.10721976799098709,sad,subject_03,subject_03_sad_session_01
3.668,0.13802334013577613,sad,subject_03,subject_03_sad_session_01
3.672,0.11476320586478996,sad,subject_03,subject_03_sad_session_01
3.676,0.0796304869156207,sad,subject_03,subject_03_sad_session_01
3.68,0.06824456861029018,sad,subject_03,subject_03_sad_session_01
3.684,0.08907072182097134,sad,subject_03,subject_03_sad_session_01
3.688,0.10999092373643074,sad,subject_03,subject_03_sad_session_01
3.692,0.08134207157294969,sad,subject_03,subject_03_sad_session_01
3.696,0.060581886212515035,sad,subject_03,subject_03_sad_session_01
3.7,0.08670234674242469,sad,subject_03,subject_03_sad_session_01
3.704,0.05131261632399629,sad,subject_03,subject_03_sad_session_01
3.708,0.04449298647931985,sad,subject_03,subject_03_sad_session_01
3.712,0.05673723092815608,sad,subject_03,subject_03_sad_session_01
3.716,0.014713987080447893,sad,subject_03,subject_03_sad_session_01
3.72,0.11995699363507799,sad,subject_03,subject_03_sad_session_01
3.724,0.03155709777074292,sad,subject_03,subject_03_sad_session_01
3.728,0.01806915307052752,sad,subject_03,subject_03_sad_session_01
3.732,0.045941506780776464,sad,subject_03,subject_03_sad_session_01
3.736,0.050712454214096155,sad,subject_03,subject_03_sad_session_01
3.74,-0.005313910330378679,sad,subject_03,subject_03_sad_session_01
3.744,-0.03844351500443313,sad,subject_03,subject_03_sad_session_01
3.748,0.0006927327387351925,sad,subject_03,subject_03_sad_session_01
3.752,0.017130989738221587,sad,subject_03,subject_03_sad_session_01
3.756,-0.01551216677090483,sad,subject_03,subject_03_sad_session_01
3.76,0.00428829344026754,sad,subject_03,subject_03_sad_session_01
3.764,-0.00032763788759480926,sad,subject_03,subject_03_sad_session_01
3.768,-0.046937987748927525,sad,subject_03,subject_03_sad_session_01
3.772,0.020732020071685345,sad,subject_03,subject_03_sad_session_01
3.776,0.026734698254001252,sad,subject_03,subject_03_sad_session_01
3.78,0.004704753907525933,sad,subject_03,subject_03_sad_session_01
3.784,0.00956868447021588,sad,subject_03,subject_03_sad_session_01
3.788,-0.022435818443556438,sad,subject_03,subject_03_sad_session_01
3.792,-0.007090877303524873,sad,subject_03,subject_03_sad_session_01
3.796,0.016098973912641715,sad,subject_03,subject_03_sad_session_01
3.8,-0.045584986552886834,sad,subject_03,subject_03_sad_session_01
3.804,-0.035662769703246874,sad,subject_03,subject_03_sad_session_01
3.808,-0.048130155425116596,sad,subject_03,subject_03_sad_session_01
3.812,0.04487808142862758,sad,subject_03,subject_03_sad_session_01
3.816,-0.01419539609214498,sad,subject_03,subject_03_sad_session_01
3.82,0.03704037155593991,sad,subject_03,subject_03_sad_session_01
3.824,-0.008426969358531426,sad,subject_03,subject_03_sad_session_01
3.828,0.04751174190184554,sad,subject_03,subject_03_sad_session_01
3.832,0.030606363797378425,sad,subject_03,subject_03_sad_session_01
3.836,-0.026930532557060384,sad,subject_03,subject_03_sad_session_01
3.84,-0.002993571562982139,sad,subject_03,subject_03_sad_session_01
3.844,-0.03648938501140723,sad,subject_03,subject_03_sad_session_01
3.848,0.01353297393982189,sad,subject_03,subject_03_sad_session_01
3.852,0.0260700061405805,sad,subject_03,subject_03_sad_session_01
3.856,0.05020839641081939,sad,subject_03,subject_03_sad_session_01
3.86,0.03525063724993855,sad,subject_03,subject_03_sad_session_01
3.864,0.007009828785656008,sad,subject_03,subject_03_sad_session_01
3.868,0.004761396407205276,sad,subject_03,subject_03_sad_session_01
3.872,-0.013112132192403748,sad,subject_03,subject_03_sad_session_01
3.876,0.049130244506270675,sad,subject_03,subject_03_sad_session_01
3.88,-0.03135488135101279,sad,subject_03,subject_03_sad_session_01
3.884,-0.03641606315719865,sad,subject_03,subject_03_sad_session_01
3.888,-0.03804014207816643,sad,subject_03,subject_03_sad_session_01
3.892,0.027281465607673958,sad,subject_03,subject_03_sad_session_01
3.896,0.024098595411718087,sad,subject_03,subject_03_sad_session_01
3.9,0.008725221509957068,sad,subject_03,subject_03_sad_session_01
3.904,0.004945958852715523,sad,subject_03,subject_03_sad_session_01
3.908,-0.03976055613324053,sad,subject_03,subject_03_sad_session_01
3.912,0.004053799326148935,sad,subject_03,subject_03_sad_session_01
3.916,0.03308859022198385,sad,subject_03,subject_03_sad_session_01
3.92,-0.03618036609030683,sad,subject_03,subject_03_sad_session_01
3.924,-0.04015017362657106,sad,subject_03,subject_03_sad_session_01
3.928,0.006002966783676343,sad,subject_03,subject_03_sad_session_01
3.932,0.019840748552355923,sad,subject_03,subject_03_sad_session_01
3.936,0.02152789206102176,sad,subject_03,subject_03_sad_session_01
3.94,0.033577603077680346,sad,subject_03,subject_03_sad_session_01
3.944,0.002293554758283044,sad,subject_03,subject_03_sad_session_01
3.948,-0.05200443310762954,sad,subject_03,subject_03_sad_session_01
3.952,0.013434594278183417,sad,subject_03,subject_03_sad_session_01
3.956,0.033867511254619766,sad,subject_03,subject_03_sad_session_01
3.96,-0.020153019920543455,sad,subject_03,subject_03_sad_session_01
3.964,-0.005301193507565252,sad,subject_03,subject_03_sad_session_01
3.968,-0.06613115017671398,sad,subject_03,subject_03_sad_session_01
3.972,-0.008826894971322552,sad,subject_03,subject_03_sad_session_01
3.976,0.04796786121164353,sad,subject_03,subject_03_sad_session_01
3.98,-0.01276193758501859,sad,subject_03,subject_03_sad_session_01
3.984,-0.030487158929851734,sad,subject_03,subject_03_sad_session_01
3.988,0.06072894736553243,sad,subject_03,subject_03_sad_session_01
3.992,0.021232540654112817,sad,subject_03,subject_03_sad_session_01
3.996,0.01806854459484237,sad,subject_03,subject_03_sad_session_01
4.0,0.009638544070418573,sad,subject_03,subject_03_sad_session_01
4.004,-0.013895091307920973,sad,subject_03,subject_03_sad_session_01
4.008,2.5480734856416637e-05,sad,subject_03,subject_03_sad_session_01
4.012,0.059612759519907466,sad,subject_03,subject_03_sad_session_01
4.016,-0.008708712539307604,sad,subject_03,subject_03_sad_session_01
4.02,0.055264025341349624,sad,subject_03,subject_03_sad_session_01
4.024,0.027510604225056825,sad,subject_03,subject_03_sad_session_01
4.028,0.03074036330902377,sad,subject_03,subject_03_sad_session_01
4.032,-0.026579513598452998,sad,subject_03,subject_03_sad_session_01
4.036,0.04004797806469461,sad,subject_03,subject_03_sad_session_01
4.04,0.029475815270919366,sad,subject_03,subject_03_sad_session_01
4.044,-0.012530593918940965,sad,subject_03,subject_03_sad_session_01
4.048,0.04187895841793092,sad,subject_03,subject_03_sad_session_01
4.052,0.032898838199987415,sad,subject_03,subject_03_sad_session_01
4.056,0.058885672280213394,sad,subject_03,subject_03_sad_session_01
4.06,0.030765766611599018,sad,subject_03,subject_03_sad_session_01
4.064,0.031475268584873956,sad,subject_03,subject_03_sad_session_01
4.068,0.07035163363891024,sad,subject_03,subject_03_sad_session_01
4.072,0.061157075061625876,sad,subject_03,subject_03_sad_session_01
4.076,0.06825383538562213,sad,subject_03,subject_03_sad_session_01
4.08,0.04687843792440683,sad,subject_03,subject_03_sad_session_01
4.084,0.08654001047237711,sad,subject_03,subject_03_sad_session_01
4.088,0.11182204257665328,sad,subject_03,subject_03_sad_session_01
4.092,0.10463025167855707,sad,subject_03,subject_03_sad_session_01
4.096,0.08853401575846256,sad,subject_03,subject_03_sad_session_01
4.1,0.05286214871027377,sad,subject_03,subject_03_sad_session_01
4.104,0.07835004877619317,sad,subject_03,subject_03_sad_session_01
4.108,0.08260767709757308,sad,subject_03,subject_03_sad_session_01
4.112,0.1303466588672677,sad,subject_03,subject_03_sad_session_01
4.116,0.12871082614350263,sad,subject_03,subject_03_sad_session_01
4.12,0.11265948204345011,sad,subject_03,subject_03_sad_session_01
4.124,0.09086939111386658,sad,subject_03,subject_03_sad_session_01
4.128,0.13763849740565484,sad,subject_03,subject_03_sad_session_01
4.132,0.11405711910059721,sad,subject_03,subject_03_sad_session_01
4.136,0.029033604659495227,sad,subject_03,subject_03_sad_session_01
4.14,0.13441907031557448,sad,subject_03,subject_03_sad_session_01
4.144,0.07738556163740601,sad,subject_03,subject_03_sad_session_01
4.148,0.10551359966234927,sad,subject_03,subject_03_sad_session_01
4.152,0.08628819179356545,sad,subject_03,subject_03_sad_session_01
4.156,0.0282660363119508,sad,subject_03,subject_03_sad_session_01
4.16,0.04776423778406608,sad,subject_03,subject_03_sad_session_01
4.164,-0.0010969872762053579,sad,subject_03,subject_03_sad_session_01
4.168,0.028543481561642544,sad,subject_03,subject_03_sad_session_01
4.172,0.05131354288773387,sad,subject_03,subject_03_sad_session_01
4.176,0.044674155920060674,sad,subject_03,subject_03_sad_session_01
4.18,0.01839373675565263,sad,subject_03,subject_03_sad_session_01
4.184,0.02710648955766466,sad,subject_03,subject_03_sad_session_01
4.188,0.03454973836586422,sad,subject_03,subject_03_sad_session_01
4.192,0.048290698667374794,sad,subject_03,subject_03_sad_session_01
4.196,0.006604495092936865,sad,subject_03,subject_03_sad_session_01
4.2,0.018469987533542363,sad,subject_03,subject_03_sad_session_01
4.204,-0.016723986242062037,sad,subject_03,subject_03_sad_session_01
4.208,-0.017450918076557687,sad,subject_03,subject_03_sad_session_01
4.212,0.051498048052398326,sad,subject_03,subject_03_sad_session_01
4.216,0.06220976938875464,sad,subject_03,subject_03_sad_session_01
4.22,0.021467847355339437,sad,subject_03,subject_03_sad_session_01
4.224,0.00471275717588404,sad,subject_03,subject_03_sad_session_01
4.228,-0.0003239205448243507,sad,subject_03,subject_03_sad_session_01
4.232,0.049871635456380334,sad,subject_03,subject_03_sad_session_01
4.236,-0.1039316029065685,sad,subject_03,subject_03_sad_session_01
4.24,0.08019806568724172,sad,subject_03,subject_03_sad_session_01
4.244,0.013108181288835449,sad,subject_03,subject_03_sad_session_01
4.248,-0.06805185203391334,sad,subject_03,subject_03_sad_session_01
4.252,0.07799137852325916,sad,subject_03,subject_03_sad_session_01
4.256,-0.07374908525831061,sad,subject_03,subject_03_sad_session_01
4.26,-0.07562700223496492,sad,subject_03,subject_03_sad_session_01
4.264,-0.038225841034130466,sad,subject_03,subject_03_sad_session_01
4.268,-0.011060776509668973,sad,subject_03,subject_03_sad_session_01
4.272,0.04994804722219255,sad,subject_03,subject_03_sad_session_01
4.276,0.04507027922015676,sad,subject_03,subject_03_sad_session_01
4.28,0.09710545867049898,sad,subject_03,subject_03_sad_session_01
4.284,0.20094577740093594,sad,subject_03,subject_03_sad_session_01
4.288,0.3070948291404735,sad,subject_03,subject_03_sad_session_01
4.292,0.4743527021997159,sad,subject_03,subject_03_sad_session_01
4.296,0.574913497834842,sad,subject_03,subject_03_sad_session_01
4.3,0.6230481734916057,sad,subject_03,subject_03_sad_session_01
4.304,0.7036725888487234,sad,subject_03,subject_03_sad_session_01
4.308,0.6971786214667162,sad,subject_03,subject_03_sad_session_01
4.312,0.7715884393813897,sad,subject_03,subject_03_sad_session_01
4.316,0.7106072591017543,sad,subject_03,subject_03_sad_session_01
4.32,0.6471135324630602,sad,subject_03,subject_03_sad_session_01
4.324,0.5498364935487002,sad,subject_03,subject_03_sad_session_01
4.328,0.4564130926015103,sad,subject_03,subject_03_sad_session_01
4.332,0.2731774144685791,sad,subject_03,subject_03_sad_session_01
4.336,0.17041656560431379,sad,subject_03,subject_03_sad_session_01
4.34,0.11885665068923076,sad,subject_03,subject_03_sad_session_01
4.344,-0.004468193047000025,sad,subject_03,subject_03_sad_session_01
4.348,-0.04524382991412461,sad,subject_03,subject_03_sad_session_01
4.352,0.018715044778268485,sad,subject_03,subject_03_sad_session_01
4.356,-0.06034847133438257,sad,subject_03,subject_03_sad_session_01
4.36,0.006492809294759198,sad,subject_03,subject_03_sad_session_01
4.364,-0.04394320193293265,sad,subject_03,subject_03_sad_session_01
4.368,-0.02263588332172885,sad,subject_03,subject_03_sad_session_01
4.372,-0.054076612670118054,sad,subject_03,subject_03_sad_session_01
4.376,0.03569462517249712,sad,subject_03,subject_03_sad_session_01
4.38,0.04665305950692138,sad,subject_03,subject_03_sad_session_01
4.384,0.033133573907988254,sad,subject_03,subject_03_sad_session_01
4.388,0.048014329320659174,sad,subject_03,subject_03_sad_session_01
4.392,0.06354700404799948,sad,subject_03,subject_03_sad_session_01
4.396,-0.004416099952118946,sad,subject_03,subject_03_sad_session_01
4.4,0.04486063223889738,sad,subject_03,subject_03_sad_session_01
4.404,0.09534146965404194,sad,subject_03,subject_03_sad_session_01
4.408,0.040074094743392304,sad,subject_03,subject_03_sad_session_01
4.412,0.01045455006028552,sad,subject_03,subject_03_sad_session_01
4.416,0.08755592022616435,sad,subject_03,subject_03_sad_session_01
4.42,0.06313524319332611,sad,subject_03,subject_03_sad_session_01
4.424,0.061651523045307126,sad,subject_03,subject_03_sad_session_01
4.428,0.054251294726286155,sad,subject_03,subject_03_sad_session_01
4.432,0.09827356546534473,sad,subject_03,subject_03_sad_session_01
4.436,0.058565237888831584,sad,subject_03,subject_03_sad_session_01
4.44,0.1230472176039747,sad,subject_03,subject_03_sad_session_01
4.444,0.08700060586552623,sad,subject_03,subject_03_sad_session_01
4.448,0.11982563606422351,sad,subject_03,subject_03_sad_session_01
4.452,0.12145406083220624,sad,subject_03,subject_03_sad_session_01
4.456,0.0644286523879645,sad,subject_03,subject_03_sad_session_01
4.46,0.11962971696929647,sad,subject_03,subject_03_sad_session_01
4.464,0.1028033802093862,sad,subject_03,subject_03_sad_session_01
4.468,0.1362062333615226,sad,subject_03,subject_03_sad_session_01
4.472,0.1204318954094343,sad,subject_03,subject_03_sad_session_01
4.476,0.07155392108145983,sad,subject_03,subject_03_sad_session_01
4.48,0.15756724930411622,sad,subject_03,subject_03_sad_session_01
4.484,0.07270875254051436,sad,subject_03,subject_03_sad_session_01
4.488,0.14971027804899747,sad,subject_03,subject_03_sad_session_01
4.492,0.20804551868981672,sad,subject_03,subject_03_sad_session_01
4.496,0.19887378125365196,sad,subject_03,subject_03_sad_session_01
4.5,0.17443344626763382,sad,subject_03,subject_03_sad_session_01
4.504,0.15239462645207696,sad,subject_03,subject_03_sad_session_01
4.508,0.17103554683036712,sad,subject_03,subject_03_sad_session_01
4.512,0.2094252895107397,sad,subject_03,subject_03_sad_session_01
4.516,0.1589250035019586,sad,subject_03,subject_03_sad_session_01
4.52,0.19957986376252604,sad,subject_03,subject_03_sad_session_01
4.524,0.16564251173926978,sad,subject_03,subject_03_sad_session_01
4.528,0.1865133649680238,sad,subject_03,subject_03_sad_session_01
4.532,0.18423309476922758,sad,subject_03,subject_03_sad_session_01
4.536,0.21386159595872686,sad,subject_03,subject_03_sad_session_01
4.54,0.22052671276495744,sad,subject_03,subject_03_sad_session_01
4.544,0.2708865915160305,sad,subject_03,subject_03_sad_session_01
4.548,0.2034719684415834,sad,subject_03,subject_03_sad_session_01
4.552,0.21905151419915778,sad,subject_03,subject_03_sad_session_01
4.556,0.24548030767986204,sad,subject_03,subject_03_sad_session_01
4.56,0.20986248579363195,sad,subject_03,subject_03_sad_session_01
4.564,0.21345403078652295,sad,subject_03,subject_03_sad_session_01
4.568,0.22826260991970462,sad,subject_03,subject_03_sad_session_01
4.572,0.18867991238063614,sad,subject_03,subject_03_sad_session_01
4.576,0.21353415277703927,sad,subject_03,subject_03_sad_session_01
4.58,0.18126237423677846,sad,subject_03,subject_03_sad_session_01
4.584,0.1937009340693154,sad,subject_03,subject_03_sad_session_01
4.588,0.26491591469174625,sad,subject_03,subject_03_sad_session_01
4.592,0.19304622349197184,sad,subject_03,subject_03_sad_session_01
4.596,0.20052950931286023,sad,subject_03,subject_03_sad_session_01
4.6,0.110646757810608,sad,subject_03,subject_03_sad_session_01
4.604,0.1990984544694043,sad,subject_03,subject_03_sad_session_01
4.608,0.24071978570320987,sad,subject_03,subject_03_sad_session_01
4.612,0.15129280799997522,sad,subject_03,subject_03_sad_session_01
4.616,0.2043512567490201,sad,subject_03,subject_03_sad_session_01
4.62,0.14812847666683562,sad,subject_03,subject_03_sad_session_01
4.624,0.11179696262775929,sad,subject_03,subject_03_sad_session_01
4.628,0.14294677343985207,sad,subject_03,subject_03_sad_session_01
4.632,0.13008986118210605,sad,subject_03,subject_03_sad_session_01
4.636,0.14850115514723905,sad,subject_03,subject_03_sad_session_01
4.64,0.1303822606801729,sad,subject_03,subject_03_sad_session_01
4.644,0.10392324587392564,sad,subject_03,subject_03_sad_session_01
4.648,0.14430511708738453,sad,subject_03,subject_03_sad_session_01
4.652,0.15802346787734928,sad,subject_03,subject_03_sad_session_01
4.656,0.1368690392397041,sad,subject_03,subject_03_sad_session_01
4.66,0.11739457625091415,sad,subject_03,subject_03_sad_session_01
4.664,0.1045125156151888,sad,subject_03,subject_03_sad_session_01
4.668,0.11932260791344601,sad,subject_03,subject_03_sad_session_01
4.672,0.08031777414016748,sad,subject_03,subject_03_sad_session_01
4.676,0.117313454287051,sad,subject_03,subject_03_sad_session_01
4.68,0.04904907843195767,sad,subject_03,subject_03_sad_session_01
4.684,0.030757664284529362,sad,subject_03,subject_03_sad_session_01
4.688,0.09730943970069322,sad,subject_03,subject_03_sad_session_01
4.692,0.042709027570767374,sad,subject_03,subject_03_sad_session_01
4.696,0.048450179339085846,sad,subject_03,subject_03_sad_session_01
4.7,0.03639925306090387,sad,subject_03,subject_03_sad_session_01
4.704,0.08205658797151423,sad,subject_03,subject_03_sad_session_01
4.708,0.037071338832847966,sad,subject_03,subject_03_sad_session_01
4.712,0.09973517081676866,sad,subject_03,subject_03_sad_session_01
4.716,0.07831313860310768,sad,subject_03,subject_03_sad_session_01
4.72,0.06063413519800055,sad,subject_03,subject_03_sad_session_01
4.724,0.09830729794394003,sad,subject_03,subject_03_sad_session_01
4.728,0.020102502969065905,sad,subject_03,subject_03_sad_session_01
4.732,0.05001596955020267,sad,subject_03,subject_03_sad_session_01
4.736,-0.024418896034073913,sad,subject_03,subject_03_sad_session_01
4.74,0.02673724714362534,sad,subject_03,subject_03_sad_session_01
4.744,0.0015193204600476365,sad,subject_03,subject_03_sad_session_01
4.748,0.0669317085693463,sad,subject_03,subject_03_sad_session_01
4.752,0.07618634553912038,sad,subject_03,subject_03_sad_session_01
4.756,0.029086831289414954,sad,subject_03,subject_03_sad_session_01
4.76,0.10477276071722633,sad,subject_03,subject_03_sad_session_01
4.764,0.00995000588175907,sad,subject_03,subject_03_sad_session_01
4.768,-0.0011515154502245648,sad,subject_03,subject_03_sad_session_01
4.772,0.017533489250444675,sad,subject_03,subject_03_sad_session_01
4.776,0.04457061384156017,sad,subject_03,subject_03_sad_session_01
4.78,0.060932206685323155,sad,subject_03,subject_03_sad_session_01
4.784,0.05584050998833785,sad,subject_03,subject_03_sad_session_01
4.788,0.02144402546806201,sad,subject_03,subject_03_sad_session_01
4.792,0.06493493616125436,sad,subject_03,subject_03_sad_session_01
4.796,0.015341583559394937,sad,subject_03,subject_03_sad_session_01
4.8,0.11790862769459452,sad,subject_03,subject_03_sad_session_01
4.804,0.06262540807583987,sad,subject_03,subject_03_sad_session_01
4.808,-0.030250203171103097,sad,subject_03,subject_03_sad_session_01
4.812,0.015416508485719028,sad,subject_03,subject_03_sad_session_01
4.816,0.007209716870997685,sad,subject_03,subject_03_sad_session_01
4.82,0.09335373339525127,sad,subject_03,subject_03_sad_session_01
4.824,0.0017097075861577209,sad,subject_03,subject_03_sad_session_01
4.828,-0.03793810832049483,sad,subject_03,subject_03_sad_session_01
4.832,0.060072085690652574,sad,subject_03,subject_03_sad_session_01
4.836,-0.056721538772079694,sad,subject_03,subject_03_sad_session_01
4.84,0.019007274430616623,sad,subject_03,subject_03_sad_session_01
4.844,0.05387718360734281,sad,subject_03,subject_03_sad_session_01
4.848,0.01811613843633996,sad,subject_03,subject_03_sad_session_01
4.852,0.07248519590990982,sad,subject_03,subject_03_sad_session_01
4.856,0.041602830832241075,sad,subject_03,subject_03_sad_session_01
4.86,0.0024436271345648734,sad,subject_03,subject_03_sad_session_01
4.864,0.03637585013339372,sad,subject_03,subject_03_sad_session_01
4.868,0.082225715752511,sad,subject_03,subject_03_sad_session_01
4.872,0.03725777134257769,sad,subject_03,subject_03_sad_session_01
4.876,0.04574007280811287,sad,subject_03,subject_03_sad_session_01
4.88,0.04391640917117939,sad,subject_03,subject_03_sad_session_01
4.884,0.008331825955660031,sad,subject_03,subject_03_sad_session_01
4.888,-0.019827461587756178,sad,subject_03,subject_03_sad_session_01
4.892,0.04164059061383145,sad,subject_03,subject_03_sad_session_01
4.896,0.07368739939099762,sad,subject_03,subject_03_sad_session_01
4.9,0.04801856858479055,sad,subject_03,subject_03_sad_session_01
4.904,-0.010175548084204632,sad,subject_03,subject_03_sad_session_01
4.908,0.042931139818885765,sad,subject_03,subject_03_sad_session_01
4.912,0.05857004602204184,sad,subject_03,subject_03_sad_session_01
4.916,0.06612154592826014,sad,subject_03,subject_03_sad_session_01
4.92,0.04897897872450086,sad,subject_03,subject_03_sad_session_01
4.924,0.03819747864593699,sad,subject_03,subject_03_sad_session_01
4.928,0.01143408033906591,sad,subject_03,subject_03_sad_session_01
4.932,0.025131649621496027,sad,subject_03,subject_03_sad_session_01
4.936,0.06072817422456687,sad,subject_03,subject_03_sad_session_01
4.94,0.005565951966850214,sad,subject_03,subject_03_sad_session_01
4.944,0.004599287310313234,sad,subject_03,subject_03_sad_session_01
4.948,0.0527584441131103,sad,subject_03,subject_03_sad_session_01
4.952,0.04288979374523677,sad,subject_03,subject_03_sad_session_01
4.956,0.07578271595471495,sad,subject_03,subject_03_sad_session_01
4.96,0.05956573220491529,sad,subject_03,subject_03_sad_session_01
4.964,0.01620694021658832,sad,subject_03,subject_03_sad_session_01
4.968,0.07984829647087041,sad,subject_03,subject_03_sad_session_01
4.972,0.04335050267811326,sad,subject_03,subject_03_sad_session_01
4.976,0.05631237639157499,sad,subject_03,subject_03_sad_session_01
4.98,0.02571763364196837,sad,subject_03,subject_03_sad_session_01
4.984,0.053008295008404746,sad,subject_03,subject_03_sad_session_01
4.988,0.02360397803980952,sad,subject_03,subject_03_sad_session_01
4.992,-0.022655626488121486,sad,subject_03,subject_03_sad_session_01
4.996,0.09774165505412692,sad,subject_03,subject_03_sad_session_01
5.0,0.0196901071491825,sad,subject_03,subject_03_sad_session_01
5.004,0.03167118892351486,sad,subject_03,subject_03_sad_session_01
5.008,0.032838690316595934,sad,subject_03,subject_03_sad_session_01
5.012,0.1096052007582421,sad,subject_03,subject_03_sad_session_01
5.016,0.07342527363527436,sad,subject_03,subject_03_sad_session_01
5.02,0.08207239575438002,sad,subject_03,subject_03_sad_session_01
5.024,0.09652874902546554,sad,subject_03,subject_03_sad_session_01
5.028,0.09496428910824703,sad,subject_03,subject_03_sad_session_01
5.032,0.08391547667406635,sad,subject_03,subject_03_sad_session_01
5.036,0.08811873298749677,sad,subject_03,subject_03_sad_session_01
5.04,0.13273199948167047,sad,subject_03,subject_03_sad_session_01
5.044,0.05680574094901171,sad,subject_03,subject_03_sad_session_01
5.048,0.0719823284175636,sad,subject_03,subject_03_sad_session_01
5.052,0.12319582001429664,sad,subject_03,subject_03_sad_session_01
5.056,0.11864949875628639,sad,subject_03,subject_03_sad_session_01
5.06,0.1030434728947696,sad,subject_03,subject_03_sad_session_01
5.064,0.18906676867015856,sad,subject_03,subject_03_sad_session_01
5.068,0.08594330710088117,sad,subject_03,subject_03_sad_session_01
5.072,0.12618003169443104,sad,subject_03,subject_03_sad_session_01
5.076,0.13571973481215155,sad,subject_03,subject_03_sad_session_01
5.08,0.11692471715612895,sad,subject_03,subject_03_sad_session_01
5.084,0.11019642259890525,sad,subject_03,subject_03_sad_session_01
5.088,0.12131193579715781,sad,subject_03,subject_03_sad_session_01
5.092,0.1777429968851667,sad,subject_03,subject_03_sad_session_01
5.096,0.11731857088616228,sad,subject_03,subject_03_sad_session_01
5.1,0.138526761408453,sad,subject_03,subject_03_sad_session_01
5.104,0.10587115451843557,sad,subject_03,subject_03_sad_session_01
5.108,0.14207056564728637,sad,subject_03,subject_03_sad_session_01
5.112,0.1491164695756566,sad,subject_03,subject_03_sad_session_01
5.116,0.10666613662171585,sad,subject_03,subject_03_sad_session_01
5.12,0.12818111498566576,sad,subject_03,subject_03_sad_session_01
5.124,0.09857028999735869,sad,subject_03,subject_03_sad_session_01
5.128,0.09800410810421771,sad,subject_03,subject_03_sad_session_01
5.132,0.10479916329213615,sad,subject_03,subject_03_sad_session_01
5.136,0.09527134771070797,sad,subject_03,subject_03_sad_session_01
5.14,0.08755433644833678,sad,subject_03,subject_03_sad_session_01
5.144,0.03098729192803696,sad,subject_03,subject_03_sad_session_01
5.148,0.0330837291217393,sad,subject_03,subject_03_sad_session_01
5.152,0.013491506548597307,sad,subject_03,subject_03_sad_session_01
5.156,0.01884812409490754,sad,subject_03,subject_03_sad_session_01
5.16,0.07052818876005111,sad,subject_03,subject_03_sad_session_01
5.164,0.04231892908915272,sad,subject_03,subject_03_sad_session_01
5.168,0.030489764737057518,sad,subject_03,subject_03_sad_session_01
5.172,0.10040600339661443,sad,subject_03,subject_03_sad_session_01
5.176,0.07962757357634663,sad,subject_03,subject_03_sad_session_01
5.18,-0.006589676181062168,sad,subject_03,subject_03_sad_session_01
5.184,0.012931797890923424,sad,subject_03,subject_03_sad_session_01
5.188,0.00866576851403163,sad,subject_03,subject_03_sad_session_01
5.192,0.03740485479835255,sad,subject_03,subject_03_sad_session_01
5.196,-0.0045638431210993854,sad,subject_03,subject_03_sad_session_01
5.2,0.012606078301041618,sad,subject_03,subject_03_sad_session_01
5.204,0.044603824596218526,sad,subject_03,subject_03_sad_session_01
5.208,0.02723964060427717,sad,subject_03,subject_03_sad_session_01
5.212,-0.008817210995074747,sad,subject_03,subject_03_sad_session_01
5.216,0.03267388857560957,sad,subject_03,subject_03_sad_session_01
5.22,0.03225325426949725,sad,subject_03,subject_03_sad_session_01
5.224,0.03266610572566725,sad,subject_03,subject_03_sad_session_01
5.228,-0.019627202825084972,sad,subject_03,subject_03_sad_session_01
5.232,0.046595431890826614,sad,subject_03,subject_03_sad_session_01
5.236,-0.004360036553198703,sad,subject_03,subject_03_sad_session_01
5.24,-0.029311733192094406,sad,subject_03,subject_03_sad_session_01
5.244,0.008005262761461112,sad,subject_03,subject_03_sad_session_01
5.248,0.038971636381061894,sad,subject_03,subject_03_sad_session_01
5.252,0.06931510981533665,sad,subject_03,subject_03_sad_session_01
5.256,0.14598110217499344,sad,subject_03,subject_03_sad_session_01
5.26,0.1683743856625714,sad,subject_03,subject_03_sad_session_01
5.264,0.23899384004509802,sad,subject_03,subject_03_sad_session_01
5.268,0.39012605787912386,sad,subject_03,subject_03_sad_session_01
5.272,0.4293684274410029,sad,subject_03,subject_03_sad_session_01
5.276,0.5937687287139091,sad,subject_03,subject_03_sad_session_01
5.28,0.6923762860789424,sad,subject_03,subject_03_sad_session_01
5.284,0.7405027814779422,sad,subject_03,subject_03_sad_session_01
5.288,0.7858233317233974,sad,subject_03,subject_03_sad_session_01
5.292,0.7447429635812665,sad,subject_03,subject_03_sad_session_01
5.296,0.6953382478578735,sad,subject_03,subject_03_sad_session_01
5.3,0.5952495225921618,sad,subject_03,subject_03_sad_session_01
5.304,0.4258969414273343,sad,subject_03,subject_03_sad_session_01
5.308,0.3632687397221341,sad,subject_03,subject_03_sad_session_01
5.312,0.20786381808884907,sad,subject_03,subject_03_sad_session_01
5.316,0.12477708092125343,sad,subject_03,subject_03_sad_session_01
5.32,0.05014582692782243,sad,subject_03,subject_03_sad_session_01
5.324,-0.041977463796559686,sad,subject_03,subject_03_sad_session_01
5.328,-0.06643970071823391,sad,subject_03,subject_03_sad_session_01
5.332,-0.05025211733018559,sad,subject_03,subject_03_sad_session_01
5.336,-0.0563321740710627,sad,subject_03,subject_03_sad_session_01
5.34,0.02662893010897057,sad,subject_03,subject_03_sad_session_01
5.344,-0.006195356561819087,sad,subject_03,subject_03_sad_session_01
5.348,-0.025109966765225013,sad,subject_03,subject_03_sad_session_01
5.352,0.08481175420698742,sad,subject_03,subject_03_sad_session_01
5.356,0.041595243432287946,sad,subject_03,subject_03_sad_session_01
5.36,0.035850629613054553,sad,subject_03,subject_03_sad_session_01
5.364,0.08653978212541086,sad,subject_03,subject_03_sad_session_01
5.368,0.05325996515327047,sad,subject_03,subject_03_sad_session_01
5.372,0.044126840903149105,sad,subject_03,subject_03_sad_session_01
5.376,0.001049768743648427,sad,subject_03,subject_03_sad_session_01
5.38,-0.01719223771901529,sad,subject_03,subject_03_sad_session_01
5.384,0.09080817533614807,sad,subject_03,subject_03_sad_session_01
5.388,0.06601046922667697,sad,subject_03,subject_03_sad_session_01
5.392,0.05403425912612527,sad,subject_03,subject_03_sad_session_01
5.396,0.059071525121295654,sad,subject_03,subject_03_sad_session_01
5.4,0.07594566044018676,sad,subject_03,subject_03_sad_session_01
5.404,0.08944594521012789,sad,subject_03,subject_03_sad_session_01
5.408,0.05092895885300973,sad,subject_03,subject_03_sad_session_01
5.412,0.08411435646338712,sad,subject_03,subject_03_sad_session_01
5.416,0.09838052796470596,sad,subject_03,subject_03_sad_session_01
5.42,0.07200812828457048,sad,subject_03,subject_03_sad_session_01
5.424,0.02492362352367232,sad,subject_03,subject_03_sad_session_01
5.428,0.07340493562870054,sad,subject_03,subject_03_sad_session_01
5.432,0.06237452268028507,sad,subject_03,subject_03_sad_session_01
5.436,0.1421548067465622,sad,subject_03,subject_03_sad_session_01
5.44,0.08297864880634427,sad,subject_03,subject_03_sad_session_01
5.444,0.08729783505305178,sad,subject_03,subject_03_sad_session_01
5.448,0.10320232268653148,sad,subject_03,subject_03_sad_session_01
5.452,0.15321417692110564,sad,subject_03,subject_03_sad_session_01
5.456,0.16008167661531522,sad,subject_03,subject_03_sad_session_01
5.46,0.11511647060756364,sad,subject_03,subject_03_sad_session_01
5.464,0.1312934124422769,sad,subject_03,subject_03_sad_session_01
5.468,0.1450286671469497,sad,subject_03,subject_03_sad_session_01
5.472,0.1974622297129523,sad,subject_03,subject_03_sad_session_01
5.476,0.0994858184718449,sad,subject_03,subject_03_sad_session_01
5.48,0.12362143221567698,sad,subject_03,subject_03_sad_session_01
5.484,0.24414885132303943,sad,subject_03,subject_03_sad_session_01
5.488,0.2113448058613588,sad,subject_03,subject_03_sad_session_01
5.492,0.1358576609076667,sad,subject_03,subject_03_sad_session_01
5.496,0.2789287327971092,sad,subject_03,subject_03_sad_session_01
5.5,0.20799368884529387,sad,subject_03,subject_03_sad_session_01
5.504,0.19590977579665875,sad,subject_03,subject_03_sad_session_01
5.508,0.24015561750785114,sad,subject_03,subject_03_sad_session_01
5.512,0.17254172525414274,sad,subject_03,subject_03_sad_session_01
5.516,0.18673633923063107,sad,subject_03,subject_03_sad_session_01
5.52,0.205720879432214,sad,subject_03,subject_03_sad_session_01
5.524,0.2202507568725493,sad,subject_03,subject_03_sad_session_01
5.528,0.2164673873956454,sad,subject_03,subject_03_sad_session_01
5.532,0.21327199157322083,sad,subject_03,subject_03_sad_session_01
5.536,0.19554728700026297,sad,subject_03,subject_03_sad_session_01
5.54,0.21785705931132096,sad,subject_03,subject_03_sad_session_01
5.544,0.2147144889157702,sad,subject_03,subject_03_sad_session_01
5.548,0.20524789207853975,sad,subject_03,subject_03_sad_session_01
5.552,0.19605484657667702,sad,subject_03,subject_03_sad_session_01
5.556,0.18642863780229388,sad,subject_03,subject_03_sad_session_01
5.56,0.15565972528899163,sad,subject_03,subject_03_sad_session_01
5.564,0.23944542603631883,sad,subject_03,subject_03_sad_session_01
5.568,0.21598310934710505,sad,subject_03,subject_03_sad_session_01
5.572,0.22006990944765425,sad,subject_03,subject_03_sad_session_01
5.576,0.1511328105786908,sad,subject_03,subject_03_sad_session_01
5.58,0.16660201453825693,sad,subject_03,subject_03_sad_session_01
5.584,0.17490250041048006,sad,subject_03,subject_03_sad_session_01
5.588,0.182871765637719,sad,subject_03,subject_03_sad_session_01
5.592,0.14397862858329327,sad,subject_03,subject_03_sad_session_01
5.596,0.21378890554421406,sad,subject_03,subject_03_sad_session_01
5.6,0.1827047423317632,sad,subject_03,subject_03_sad_session_01
5.604,0.15613765549923225,sad,subject_03,subject_03_sad_session_01
5.608,0.15408896772992062,sad,subject_03,subject_03_sad_session_01
5.612,0.13258412025383534,sad,subject_03,subject_03_sad_session_01
5.616,0.1129415799795777,sad,subject_03,subject_03_sad_session_01
5.62,0.055216518670524656,sad,subject_03,subject_03_sad_session_01
5.624,0.1480069557196691,sad,subject_03,subject_03_sad_session_01
5.628,0.11768908062259993,sad,subject_03,subject_03_sad_session_01
5.632,0.14571950032352857,sad,subject_03,subject_03_sad_session_01
5.636,0.12203498849530894,sad,subject_03,subject_03_sad_session_01
5.64,0.09821385586051906,sad,subject_03,subject_03_sad_session_01
5.644,0.096384284121451,sad,subject_03,subject_03_sad_session_01
5.648,0.06636525790349598,sad,subject_03,subject_03_sad_session_01
5.652,0.04750672932833292,sad,subject_03,subject_03_sad_session_01
5.656,0.0487533888374814,sad,subject_03,subject_03_sad_session_01
5.66,0.044920308046930826,sad,subject_03,subject_03_sad_session_01
5.664,0.06337829605318426,sad,subject_03,subject_03_sad_session_01
5.668,0.08836473606813455,sad,subject_03,subject_03_sad_session_01
5.672,0.08129347895200471,sad,subject_03,subject_03_sad_session_01
5.676,0.011287809226917779,sad,subject_03,subject_03_sad_session_01
5.68,0.07894248625054681,sad,subject_03,subject_03_sad_session_01
5.684,0.05388582294669465,sad,subject_03,subject_03_sad_session_01
5.688,0.06735781258677229,sad,subject_03,subject_03_sad_session_01
5.692,0.05869054342459798,sad,subject_03,subject_03_sad_session_01
5.696,-0.009865299026642148,sad,subject_03,subject_03_sad_session_01
5.7,0.043609621438958114,sad,subject_03,subject_03_sad_session_01
5.704,0.07929447519840382,sad,subject_03,subject_03_sad_session_01
5.708,-0.0027870840088994805,sad,subject_03,subject_03_sad_session_01
5.712,0.002926084331272241,sad,subject_03,subject_03_sad_session_01
5.716,-0.031018286266011046,sad,subject_03,subject_03_sad_session_01
5.72,0.01330064692026757,sad,subject_03,subject_03_sad_session_01
5.724,-0.019035582404557893,sad,subject_03,subject_03_sad_session_01
5.728,-0.002260072643913112,sad,subject_03,subject_03_sad_session_01
5.732,0.029519376457062284,sad,subject_03,subject_03_sad_session_01
5.736,0.04528749147072622,sad,subject_03,subject_03_sad_session_01
5.74,-0.03858716056757805,sad,subject_03,subject_03_sad_session_01
5.744,0.004724734228563444,sad,subject_03,subject_03_sad_session_01
5.748,0.010531956873656347,sad,subject_03,subject_03_sad_session_01
5.752,0.012710119503535629,sad,subject_03,subject_03_sad_session_01
5.756,0.03975604427378025,sad,subject_03,subject_03_sad_session_01
5.76,0.03907278021633269,sad,subject_03,subject_03_sad_session_01
5.764,0.04089182866760836,sad,subject_03,subject_03_sad_session_01
5.768,0.020968610990932807,sad,subject_03,subject_03_sad_session_01
5.772,0.005568625275013997,sad,subject_03,subject_03_sad_session_01
5.776,-0.0027101976635849744,sad,subject_03,subject_03_sad_session_01
5.78,0.030190515819574985,sad,subject_03,subject_03_sad_session_01
5.784,-0.01363287633968199,sad,subject_03,subject_03_sad_session_01
5.788,-0.013849843456514785,sad,subject_03,subject_03_sad_session_01
5.792,0.02580293498705018,sad,subject_03,subject_03_sad_session_01
5.796,0.032906662077781194,sad,subject_03,subject_03_sad_session_01
5.8,0.010192128257130917,sad,subject_03,subject_03_sad_session_01
5.804,0.028876061186488153,sad,subject_03,subject_03_sad_session_01
5.808,0.0015081741878695924,sad,subject_03,subject_03_sad_session_01
5.812,0.004793758202699223,sad,subject_03,subject_03_sad_session_01
5.816,0.019995719482769538,sad,subject_03,subject_03_sad_session_01
5.82,-0.01478837634821681,sad,subject_03,subject_03_sad_session_01
5.824,0.03004752781269865,sad,subject_03,subject_03_sad_session_01
5.828,0.0010169121650909956,sad,subject_03,subject_03_sad_session_01
5.832,0.002719209393954057,sad,subject_03,subject_03_sad_session_01
5.836,0.010469200518020296,sad,subject_03,subject_03_sad_session_01
5.84,0.03254632103681007,sad,subject_03,subject_03_sad_session_01
5.844,-0.05877272154141298,sad,subject_03,subject_03_sad_session_01
5.848,-0.03082627015917868,sad,subject_03,subject_03_sad_session_01
5.852,0.03779466668008113,sad,subject_03,subject_03_sad_session_01
5.856,0.021457395184370266,sad,subject_03,subject_03_sad_session_01
5.86,-0.006613888074130893,sad,subject_03,subject_03_sad_session_01
5.864,0.008452274983080507,sad,subject_03,subject_03_sad_session_01
5.868,0.024130488889953935,sad,subject_03,subject_03_sad_session_01
5.872,0.052623035960418375,sad,subject_03,subject_03_sad_session_01
5.876,-0.006738728313868119,sad,subject_03,subject_03_sad_session_01
5.88,0.045175930804966166,sad,subject_03,subject_03_sad_session_01
5.884,0.022517357909350458,sad,subject_03,subject_03_sad_session_01
5.888,-0.02240610945753771,sad,subject_03,subject_03_sad_session_01
5.892,-0.01309415816432017,sad,subject_03,subject_03_sad_session_01
5.896,0.04125415776951609,sad,subject_03,subject_03_sad_session_01
5.9,0.047251472345552284,sad,subject_03,subject_03_sad_session_01
5.904,0.003201416856923432,sad,subject_03,subject_03_sad_session_01
5.908,0.03755337200246827,sad,subject_03,subject_03_sad_session_01
5.912,0.015064789638146035,sad,subject_03,subject_03_sad_session_01
5.916,0.0023480365261461375,sad,subject_03,subject_03_sad_session_01
5.92,0.009990111081827291,sad,subject_03,subject_03_sad_session_01
5.924,-0.03754070978260189,sad,subject_03,subject_03_sad_session_01
5.928,-0.0038013464506474956,sad,subject_03,subject_03_sad_session_01
5.932,-0.011339033261732898,sad,subject_03,subject_03_sad_session_01
5.936,0.03467032734357736,sad,subject_03,subject_03_sad_session_01
5.94,0.012355895647785532,sad,subject_03,subject_03_sad_session_01
5.944,-0.0018475724580432435,sad,subject_03,subject_03_sad_session_01
5.948,0.039166665664164144,sad,subject_03,subject_03_sad_session_01
5.952,-0.038916099652123726,sad,subject_03,subject_03_sad_session_01
5.956,-0.021334226279913066,sad,subject_03,subject_03_sad_session_01
5.96,0.04623195621502225,sad,subject_03,subject_03_sad_session_01
5.964,0.02883227931805958,sad,subject_03,subject_03_sad_session_01
5.968,-0.036411092717986815,sad,subject_03,subject_03_sad_session_01
5.972,0.01944840913779365,sad,subject_03,subject_03_sad_session_01
5.976,-0.022997819944073336,sad,subject_03,subject_03_sad_session_01
5.98,0.00465422216455556,sad,subject_03,subject_03_sad_session_01
5.984,0.03393777374799093,sad,subject_03,subject_03_sad_session_01
5.988,0.02230156507349699,sad,subject_03,subject_03_sad_session_01
5.992,0.024719742403861995,sad,subject_03,subject_03_sad_session_01
5.996,0.005901945421258607,sad,subject_03,subject_03_sad_session_01
6.0,0.0693592056173586,sad,subject_03,subject_03_sad_session_01
6.004,0.054095410020037336,sad,subject_03,subject_03_sad_session_01
6.008,0.0197602376412312,sad,subject_03,subject_03_sad_session_01
6.012,0.0525195456044586,sad,subject_03,subject_03_sad_session_01
6.016,0.04464997360826045,sad,subject_03,subject_03_sad_session_01
6.02,0.04269211205922281,sad,subject_03,subject_03_sad_session_01
6.024,0.06865316637139306,sad,subject_03,subject_03_sad_session_01
6.028,0.11959725347406308,sad,subject_03,subject_03_sad_session_01
6.032,0.04836413035006824,sad,subject_03,subject_03_sad_session_01
6.036,0.09592034463733198,sad,subject_03,subject_03_sad_session_01
6.04,0.10901373161487686,sad,subject_03,subject_03_sad_session_01
6.044,0.10184812289361056,sad,subject_03,subject_03_sad_session_01
6.048,0.1178950373613933,sad,subject_03,subject_03_sad_session_01
6.052,0.09113879732416688,sad,subject_03,subject_03_sad_session_01
6.056,0.10993609452271165,sad,subject_03,subject_03_sad_session_01
6.06,0.1001354236900571,sad,subject_03,subject_03_sad_session_01
6.064,0.058441823487989736,sad,subject_03,subject_03_sad_session_01
6.068,0.06541043911227411,sad,subject_03,subject_03_sad_session_01
6.072,0.12719912983283008,sad,subject_03,subject_03_sad_session_01
6.076,0.07993271804319892,sad,subject_03,subject_03_sad_session_01
6.08,0.0813948783451687,sad,subject_03,subject_03_sad_session_01
6.084,0.11085202292584077,sad,subject_03,subject_03_sad_session_01
6.088,0.08035779273928555,sad,subject_03,subject_03_sad_session_01
6.092,0.10100430470820712,sad,subject_03,subject_03_sad_session_01
6.096,0.07168645664476339,sad,subject_03,subject_03_sad_session_01
6.1,0.03885735889091401,sad,subject_03,subject_03_sad_session_01
6.104,0.0948850352584788,sad,subject_03,subject_03_sad_session_01
6.108,0.034158688271163445,sad,subject_03,subject_03_sad_session_01
6.112,0.0911344293387506,sad,subject_03,subject_03_sad_session_01
6.116,0.0649361679945136,sad,subject_03,subject_03_sad_session_01
6.12,0.026660176593785324,sad,subject_03,subject_03_sad_session_01
6.124,0.054899007749501294,sad,subject_03,subject_03_sad_session_01
6.128,0.018117482238787716,sad,subject_03,subject_03_sad_session_01
6.132,0.0043747661608373595,sad,subject_03,subject_03_sad_session_01
6.136,0.02923364414677778,sad,subject_03,subject_03_sad_session_01
6.14,0.04213558748743661,sad,subject_03,subject_03_sad_session_01
6.144,0.02337062746396857,sad,subject_03,subject_03_sad_session_01
6.148,-0.01043080910836565,sad,subject_03,subject_03_sad_session_01
6.152,-0.0318002781498554,sad,subject_03,subject_03_sad_session_01
6.156,0.0006412530953385162,sad,subject_03,subject_03_sad_session_01
6.16,-0.02930755512617101,sad,subject_03,subject_03_sad_session_01
6.164,-0.0015123320289031318,sad,subject_03,subject_03_sad_session_01
6.168,-0.0013919642033170332,sad,subject_03,subject_03_sad_session_01
6.172,0.01942965789341582,sad,subject_03,subject_03_sad_session_01
6.176,0.016100137408334124,sad,subject_03,subject_03_sad_session_01
6.18,0.02504414752988686,sad,subject_03,subject_03_sad_session_01
6.184,-0.005956487654014218,sad,subject_03,subject_03_sad_session_01
6.188,-0.018374081528572297,sad,subject_03,subject_03_sad_session_01
6.192,0.005940789620093063,sad,subject_03,subject_03_sad_session_01
6.196,0.004297674765932838,sad,subject_03,subject_03_sad_session_01
6.2,0.0011243755922002892,sad,subject_03,subject_03_sad_session_01
6.204,0.04396240216262857,sad,subject_03,subject_03_sad_session_01
6.208,0.001764539992692351,sad,subject_03,subject_03_sad_session_01
6.212,0.010896621607463557,sad,subject_03,subject_03_sad_session_01
6.216,-0.06350860185874878,sad,subject_03,subject_03_sad_session_01
6.22,-0.06269638148585584,sad,subject_03,subject_03_sad_session_01
6.224,-0.04937300994905159,sad,subject_03,subject_03_sad_session_01
6.228,-0.0016902627533854902,sad,subject_03,subject_03_sad_session_01
6.232,0.039817982971092514,sad,subject_03,subject_03_sad_session_01
6.236,0.12272566701060542,sad,subject_03,subject_03_sad_session_01
6.24,0.25730355550229866,sad,subject_03,subject_03_sad_session_01
6.244,0.31364111675152617,sad,subject_03,subject_03_sad_session_01
6.248,0.4455938628293136,sad,subject_03,subject_03_sad_session_01
6.252,0.5430429579035723,sad,subject_03,subject_03_sad_session_01
6.256,0.6662783871639302,sad,subject_03,subject_03_sad_session_01
6.26,0.7188205528004836,sad,subject_03,subject_03_sad_session_01
6.264,0.7287136255926525,sad,subject_03,subject_03_sad_session_01
6.268,0.7497063382501523,sad,subject_03,subject_03_sad_session_01
6.272,0.6901236259236937,sad,subject_03,subject_03_sad_session_01
6.276,0.6139109684967353,sad,subject_03,subject_03_sad_session_01
6.28,0.47982203532104817,sad,subject_03,subject_03_sad_session_01
6.284,0.3750538466692822,sad,subject_03,subject_03_sad_session_01
6.288,0.22397551074460587,sad,subject_03,subject_03_sad_session_01
6.292,0.08720508261811938,sad,subject_03,subject_03_sad_session_01
6.296,0.011818101696837426,sad,subject_03,subject_03_sad_session_01
6.3,-0.021563518886167785,sad,subject_03,subject_03_sad_session_01
6.304,-0.061736322946877295,sad,subject_03,subject_03_sad_session_01
6.308,-0.11187704173467616,sad,subject_03,subject_03_sad_session_01
6.312,-0.04565737351713039,sad,subject_03,subject_03_sad_session_01
6.316,-0.10203526596435046,sad,subject_03,subject_03_sad_session_01
6.32,-0.04891886947802104,sad,subject_03,subject_03_sad_session_01
6.324,-0.04891567009014911,sad,subject_03,subject_03_sad_session_01
6.328,-0.01667522488778134,sad,subject_03,subject_03_sad_session_01
6.332,-0.04995349507924292,sad,subject_03,subject_03_sad_session_01
6.336,-0.055558925047967334,sad,subject_03,subject_03_sad_session_01
6.34,-0.019226195754366415,sad,subject_03,subject_03_sad_session_01
6.344,0.022687457841510068,sad,subject_03,subject_03_sad_session_01
6.348,0.010565616519316312,sad,subject_03,subject_03_sad_session_01
6.352,-0.03329103307492541,sad,subject_03,subject_03_sad_session_01
6.356,0.0388037245847778,sad,subject_03,subject_03_sad_session_01
6.36,0.01894005162584421,sad,subject_03,subject_03_sad_session_01
6.364,0.0376271009116806,sad,subject_03,subject_03_sad_session_01
6.368,0.007779419283014276,sad,subject_03,subject_03_sad_session_01
6.372,-0.032744477432892063,sad,subject_03,subject_03_sad_session_01
6.376,0.0689751830729893,sad,subject_03,subject_03_sad_session_01
6.38,0.02273832155093399,sad,subject_03,subject_03_sad_session_01
6.384,0.061265439789016524,sad,subject_03,subject_03_sad_session_01
6.388,0.024025104414393917,sad,subject_03,subject_03_sad_session_01
6.392,0.04248588749455834,sad,subject_03,subject_03_sad_session_01
6.396,-0.0047648702343382685,sad,subject_03,subject_03_sad_session_01
6.4,0.02374433377639438,sad,subject_03,subject_03_sad_session_01
6.404,0.09775184828383465,sad,subject_03,subject_03_sad_session_01
6.408,0.08435513374879984,sad,subject_03,subject_03_sad_session_01
6.412,0.09873008429795534,sad,subject_03,subject_03_sad_session_01
6.416,0.08296340695055318,sad,subject_03,subject_03_sad_session_01
6.42,0.08119408609556183,sad,subject_03,subject_03_sad_session_01
6.424,0.10768711529207683,sad,subject_03,subject_03_sad_session_01
6.428,0.11195106409394795,sad,subject_03,subject_03_sad_session_01
6.432,0.09908211353821322,sad,subject_03,subject_03_sad_session_01
6.436,0.09843042907944943,sad,subject_03,subject_03_sad_session_01
6.44,0.12982825756990787,sad,subject_03,subject_03_sad_session_01
6.444,0.07550570213174246,sad,subject_03,subject_03_sad_session_01
6.448,0.10301150615966885,sad,subject_03,subject_03_sad_session_01
6.452,0.07552833210904841,sad,subject_03,subject_03_sad_session_01
6.456,0.09404108836842842,sad,subject_03,subject_03_sad_session_01
6.46,0.13395011846151614,sad,subject_03,subject_03_sad_session_01
6.464,0.1557476155736695,sad,subject_03,subject_03_sad_session_01
6.468,0.1919166381494162,sad,subject_03,subject_03_sad_session_01
6.472,0.1381797551412048,sad,subject_03,subject_03_sad_session_01
6.476,0.13355192043389083,sad,subject_03,subject_03_sad_session_01
6.48,0.14723618456446858,sad,subject_03,subject_03_sad_session_01
6.484,0.16015913085612102,sad,subject_03,subject_03_sad_session_01
6.488,0.21005559316601563,sad,subject_03,subject_03_sad_session_01
6.492,0.15893585462408666,sad,subject_03,subject_03_sad_session_01
6.496,0.12814437628150457,sad,subject_03,subject_03_sad_session_01
6.5,0.1744184220545909,sad,subject_03,subject_03_sad_session_01
6.504,0.16678989933232527,sad,subject_03,subject_03_sad_session_01
6.508,0.1640848841029747,sad,subject_03,subject_03_sad_session_01
6.512,0.1576964804002669,sad,subject_03,subject_03_sad_session_01
6.516,0.2278829848484844,sad,subject_03,subject_03_sad_session_01
6.52,0.15018694385127407,sad,subject_03,subject_03_sad_session_01
6.524,0.11837636140459415,sad,subject_03,subject_03_sad_session_01
6.528,0.14508397796573508,sad,subject_03,subject_03_sad_session_01
6.532,0.14656573677387882,sad,subject_03,subject_03_sad_session_01
6.536,0.12104965474036078,sad,subject_03,subject_03_sad_session_01
6.54,0.1506951097970942,sad,subject_03,subject_03_sad_session_01
6.544,0.20168771963591162,sad,subject_03,subject_03_sad_session_01
6.548,0.1117181463860548,sad,subject_03,subject_03_sad_session_01
6.552,0.10445711843352075,sad,subject_03,subject_03_sad_session_01
6.556,0.16425148636625894,sad,subject_03,subject_03_sad_session_01
6.56,0.13140924196126275,sad,subject_03,subject_03_sad_session_01
6.564,0.12125815346954542,sad,subject_03,subject_03_sad_session_01
6.568,0.16013745031319623,sad,subject_03,subject_03_sad_session_01
6.572,0.10592085378021339,sad,subject_03,subject_03_sad_session_01
6.576,0.07021996834992522,sad,subject_03,subject_03_sad_session_01
6.58,0.13569261509690816,sad,subject_03,subject_03_sad_session_01
6.584,0.10421996708422268,sad,subject_03,subject_03_sad_session_01
6.588,0.0968971643271527,sad,subject_03,subject_03_sad_session_01
6.592,0.036071812150469666,sad,subject_03,subject_03_sad_session_01
6.596,0.058740963791674386,sad,subject_03,subject_03_sad_session_01
6.6,0.0769951428452039,sad,subject_03,subject_03_sad_session_01
6.604,0.04527091364838314,sad,subject_03,subject_03_sad_session_01
6.608,0.10017401447354192,sad,subject_03,subject_03_sad_session_01
6.612,0.06396068477332491,sad,subject_03,subject_03_sad_session_01
6.616,0.05317239374582615,sad,subject_03,subject_03_sad_session_01
6.62,0.08422302769651235,sad,subject_03,subject_03_sad_session_01
6.624,0.032241409535003616,sad,subject_03,subject_03_sad_session_01
6.628,0.056219714021562506,sad,subject_03,subject_03_sad_session_01
6.632,0.039755192636073286,sad,subject_03,subject_03_sad_session_01
6.636,0.060181724405056175,sad,subject_03,subject_03_sad_session_01
6.64,0.043592393753084005,sad,subject_03,subject_03_sad_session_01
6.644,0.04491284699213792,sad,subject_03,subject_03_sad_session_01
6.648,0.0066931149214618235,sad,subject_03,subject_03_sad_session_01
6.652,0.0012504847839913055,sad,subject_03,subject_03_sad_session_01
6.656,0.011623612863411428,sad,subject_03,subject_03_sad_session_01
6.66,0.029433495720653187,sad,subject_03,subject_03_sad_session_01
6.664,0.018950393767374053,sad,subject_03,subject_03_sad_session_01
6.668,0.027796526072746314,sad,subject_03,subject_03_sad_session_01
6.672,-0.023682782072368107,sad,subject_03,subject_03_sad_session_01
6.676,-0.0410673585059465,sad,subject_03,subject_03_sad_session_01
6.68,-0.018021606720124563,sad,subject_03,subject_03_sad_session_01
6.684,-0.025497757720084148,sad,subject_03,subject_03_sad_session_01
6.688,-0.03640741871148137,sad,subject_03,subject_03_sad_session_01
6.692,-0.01639508196277367,sad,subject_03,subject_03_sad_session_01
6.696,-0.05024471915440809,sad,subject_03,subject_03_sad_session_01
6.7,-0.030304618278278024,sad,subject_03,subject_03_sad_session_01
6.704,-0.044133194849312524,sad,subject_03,subject_03_sad_session_01
6.708,-0.05156762393521777,sad,subject_03,subject_03_sad_session_01
6.712,-0.05470953326091338,sad,subject_03,subject_03_sad_session_01
6.716,-0.04836200765109426,sad,subject_03,subject_03_sad_session_01
6.72,-0.004546783969415168,sad,subject_03,subject_03_sad_session_01
6.724,-0.02943315825885979,sad,subject_03,subject_03_sad_session_01
6.728,-0.018475132577815932,sad,subject_03,subject_03_sad_session_01
6.732,-0.028723367608610516,sad,subject_03,subject_03_sad_session_01
6.736,-0.004190628671371797,sad,subject_03,subject_03_sad_session_01
6.74,-0.008844350315167605,sad,subject_03,subject_03_sad_session_01
6.744,-0.008524710956165988,sad,subject_03,subject_03_sad_session_01
6.748,-0.03051692191282447,sad,subject_03,subject_03_sad_session_01
6.752,-0.026472262708367722,sad,subject_03,subject_03_sad_session_01
6.756,-0.06117561420522993,sad,subject_03,subject_03_sad_session_01
6.76,-0.04721317756784374,sad,subject_03,subject_03_sad_session_01
6.764,-0.004408884408779734,sad,subject_03,subject_03_sad_session_01
6.768,-0.043332127876195156,sad,subject_03,subject_03_sad_session_01
6.772,-0.03466449345601782,sad,subject_03,subject_03_sad_session_01
6.776,-0.009328606346297567,sad,subject_03,subject_03_sad_session_01
6.78,-0.020388329123703502,sad,subject_03,subject_03_sad_session_01
6.784,-0.027499702120179596,sad,subject_03,subject_03_sad_session_01
6.788,-0.03522246910137767,sad,subject_03,subject_03_sad_session_01
6.792,-0.003745948197167101,sad,subject_03,subject_03_sad_session_01
6.796,-0.04806828334501191,sad,subject_03,subject_03_sad_session_01
6.8,-0.018791547951325885,sad,subject_03,subject_03_sad_session_01
6.804,-0.03687021766146311,sad,subject_03,subject_03_sad_session_01
6.808,-0.012451919288898203,sad,subject_03,subject_03_sad_session_01
6.812,-0.00994593929306999,sad,subject_03,subject_03_sad_session_01
6.816,-0.025456191704357874,sad,subject_03,subject_03_sad_session_01
6.82,0.002635352061190605,sad,subject_03,subject_03_sad_session_01
6.824,-0.008166910988545426,sad,subject_03,subject_03_sad_session_01
6.828,-0.03768097700669708,sad,subject_03,subject_03_sad_session_01
6.832,-0.022607780052262643,sad,subject_03,subject_03_sad_session_01
6.836,-0.021401845022601354,sad,subject_03,subject_03_sad_session_01
6.84,-0.0006958978858605629,sad,subject_03,subject_03_sad_session_01
6.844,-0.07297548187234869,sad,subject_03,subject_03_sad_session_01
6.848,0.0028797626213076556,sad,subject_03,subject_03_sad_session_01
6.852,-0.07593865730644253,sad,subject_03,subject_03_sad_session_01
6.856,-0.016063020769806133,sad,subject_03,subject_03_sad_session_01
6.86,-0.01630890144737615,sad,subject_03,subject_03_sad_session_01
6.864,-0.035402496660841734,sad,subject_03,subject_03_sad_session_01
6.868,-0.01192130787543376,sad,subject_03,subject_03_sad_session_01
6.872,-0.06497764927074039,sad,subject_03,subject_03_sad_session_01
6.876,-0.053258378929480446,sad,subject_03,subject_03_sad_session_01
6.88,-0.061118478110678595,sad,subject_03,subject_03_sad_session_01
6.884,-0.0491887049370814,sad,subject_03,subject_03_sad_session_01
6.888,0.0016534889272004569,sad,subject_03,subject_03_sad_session_01
6.892,0.007521497025529532,sad,subject_03,subject_03_sad_session_01
6.896,-0.031989500348560344,sad,subject_03,subject_03_sad_session_01
6.9,-0.023579680587452374,sad,subject_03,subject_03_sad_session_01
6.904,0.0283513502353241,sad,subject_03,subject_03_sad_session_01
6.908,-0.04112288438079483,sad,subject_03,subject_03_sad_session_01
6.912,-0.048547331176609435,sad,subject_03,subject_03_sad_session_01
6.916,-0.0005983573737228624,sad,subject_03,subject_03_sad_session_01
6.92,-0.04319872263522635,sad,subject_03,subject_03_sad_session_01
6.924,-0.05583455524842706,sad,subject_03,subject_03_sad_session_01
6.928,-1.4106781870297513e-05,sad,subject_03,subject_03_sad_session_01
6.932,0.01557898310890787,sad,subject_03,subject_03_sad_session_01
6.936,-0.038769204698044374,sad,subject_03,subject_03_sad_session_01
6.94,-0.023633607997929164,sad,subject_03,subject_03_sad_session_01
6.944,0.0055689661525182114,sad,subject_03,subject_03_sad_session_01
6.948,-0.04192014820330464,sad,subject_03,subject_03_sad_session_01
6.952,0.011095035760325781,sad,subject_03,subject_03_sad_session_01
6.956,0.028920468092751256,sad,subject_03,subject_03_sad_session_01
6.96,-0.048735052469802004,sad,subject_03,subject_03_sad_session_01
6.964,-0.048784411591417845,sad,subject_03,subject_03_sad_session_01
6.968,-0.05343722171242346,sad,subject_03,subject_03_sad_session_01
6.972,-0.01673653221998654,sad,subject_03,subject_03_sad_session_01
6.976,-0.03473517260160469,sad,subject_03,subject_03_sad_session_01
6.98,0.04007660710702418,sad,subject_03,subject_03_sad_session_01
6.984,-0.016558738748344796,sad,subject_03,subject_03_sad_session_01
6.988,0.005199945177450149,sad,subject_03,subject_03_sad_session_01
6.992,0.03339720217482996,sad,subject_03,subject_03_sad_session_01
6.996,0.0031952961215395634,sad,subject_03,subject_03_sad_session_01
7.0,0.03356057180188412,sad,subject_03,subject_03_sad_session_01
7.004,0.05804154585303274,sad,subject_03,subject_03_sad_session_01
7.008,0.13680215910753565,sad,subject_03,subject_03_sad_session_01
7.012,0.06021406273185122,sad,subject_03,subject_03_sad_session_01
7.016,0.006083802652096688,sad,subject_03,subject_03_sad_session_01
7.02,0.07845918241826556,sad,subject_03,subject_03_sad_session_01
7.024,0.07068230701660173,sad,subject_03,subject_03_sad_session_01
7.028,0.07960597881196133,sad,subject_03,subject_03_sad_session_01
7.032,0.06412375805391235,sad,subject_03,subject_03_sad_session_01
7.036,0.09519237266169896,sad,subject_03,subject_03_sad_session_01
7.04,0.0622877419289319,sad,subject_03,subject_03_sad_session_01
7.044,0.07920811056282703,sad,subject_03,subject_03_sad_session_01
7.048,0.07555885286350761,sad,subject_03,subject_03_sad_session_01
7.052,0.07126783316903079,sad,subject_03,subject_03_sad_session_01
7.056,0.05620354234499238,sad,subject_03,subject_03_sad_session_01
7.06,0.09674122556661494,sad,subject_03,subject_03_sad_session_01
7.064,0.10114285522653392,sad,subject_03,subject_03_sad_session_01
7.068,0.1138593951997379,sad,subject_03,subject_03_sad_session_01
7.072,0.05535400065132888,sad,subject_03,subject_03_sad_session_01
7.076,0.05349138301294113,sad,subject_03,subject_03_sad_session_01
7.08,0.050249580568431804,sad,subject_03,subject_03_sad_session_01
7.084,0.012639604320331722,sad,subject_03,subject_03_sad_session_01
7.088,0.057548250360901686,sad,subject_03,subject_03_sad_session_01
7.092,0.017676572579884836,sad,subject_03,subject_03_sad_session_01
7.096,0.03816700553359227,sad,subject_03,subject_03_sad_session_01
7.1,-0.01928389919206005,sad,subject_03,subject_03_sad_session_01
7.104,0.027414400281713422,sad,subject_03,subject_03_sad_session_01
7.108,0.044337439534725166,sad,subject_03,subject_03_sad_session_01
7.112,-0.01793652871830605,sad,subject_03,subject_03_sad_session_01
7.116,-0.015382222379293237,sad,subject_03,subject_03_sad_session_01
7.12,-0.01987470940064068,sad,subject_03,subject_03_sad_session_01
7.124,-0.02315396809565635,sad,subject_03,subject_03_sad_session_01
7.128,0.028371146241121997,sad,subject_03,subject_03_sad_session_01
7.132,-0.010719562351158216,sad,subject_03,subject_03_sad_session_01
7.136,-0.04527260865223098,sad,subject_03,subject_03_sad_session_01
7.14,-0.04281296727921624,sad,subject_03,subject_03_sad_session_01
7.144,-0.08136959918613249,sad,subject_03,subject_03_sad_session_01
7.148,-0.04438200840257749,sad,subject_03,subject_03_sad_session_01
7.152,-0.06019289287933867,sad,subject_03,subject_03_sad_session_01
7.156,-0.05983907059563738,sad,subject_03,subject_03_sad_session_01
7.16,-0.037025303910806495,sad,subject_03,subject_03_sad_session_01
7.164,-0.05758068478911879,sad,subject_03,subject_03_sad_session_01
7.168,-0.030621285201451062,sad,subject_03,subject_03_sad_session_01
7.172,-0.01585283008336027,sad,subject_03,subject_03_sad_session_01
7.176,-0.019090211246898005,sad,subject_03,subject_03_sad_session_01
7.18,-0.023947861290809835,sad,subject_03,subject_03_sad_session_01
7.184,-0.11040075929566728,sad,subject_03,subject_03_sad_session_01
7.188,-0.055100763655953296,sad,subject_03,subject_03_sad_session_01
7.192,-0.00904266071449595,sad,subject_03,subject_03_sad_session_01
7.196,0.012272857698072244,sad,subject_03,subject_03_sad_session_01
7.2,-0.024641327565616437,sad,subject_03,subject_03_sad_session_01
7.204,-0.030240328500512097,sad,subject_03,subject_03_sad_session_01
7.208,-0.019729095256485363,sad,subject_03,subject_03_sad_session_01
7.212,0.10410880347572209,sad,subject_03,subject_03_sad_session_01
7.216,0.14695674904457945,sad,subject_03,subject_03_sad_session_01
7.22,0.24781511952452875,sad,subject_03,subject_03_sad_session_01
7.224,0.40357361083940857,sad,subject_03,subject_03_sad_session_01
7.228,0.3899163525334316,sad,subject_03,subject_03_sad_session_01
7.232,0.5814588946754703,sad,subject_03,subject_03_sad_session_01
7.236,0.6172889679067715,sad,subject_03,subject_03_sad_session_01
7.24,0.7235445425099701,sad,subject_03,subject_03_sad_session_01
7.244,0.7623001860397195,sad,subject_03,subject_03_sad_session_01
7.248,0.6950346024988866,sad,subject_03,subject_03_sad_session_01
7.252,0.6685395025274675,sad,subject_03,subject_03_sad_session_01
7.256,0.5152361170156715,sad,subject_03,subject_03_sad_session_01
7.26,0.4330719606933357,sad,subject_03,subject_03_sad_session_01
7.264,0.2168243539625413,sad,subject_03,subject_03_sad_session_01
7.268,0.15226111332942524,sad,subject_03,subject_03_sad_session_01
7.272,0.005177094902639227,sad,subject_03,subject_03_sad_session_01
7.276,-0.019716781621979644,sad,subject_03,subject_03_sad_session_01
7.28,-0.08908478266996027,sad,subject_03,subject_03_sad_session_01
7.284,-0.10761209717859385,sad,subject_03,subject_03_sad_session_01
7.288,-0.10963627651814804,sad,subject_03,subject_03_sad_session_01
7.292,-0.05998276577942371,sad,subject_03,subject_03_sad_session_01
7.296,-0.06780350411805407,sad,subject_03,subject_03_sad_session_01
7.3,-0.0495456478282056,sad,subject_03,subject_03_sad_session_01
7.304,-0.038982762585270975,sad,subject_03,subject_03_sad_session_01
7.308,-0.006081842113383466,sad,subject_03,subject_03_sad_session_01
7.312,-0.0259315503206741,sad,subject_03,subject_03_sad_session_01
7.316,-0.0468822668648743,sad,subject_03,subject_03_sad_session_01
7.32,0.01903599104616919,sad,subject_03,subject_03_sad_session_01
7.324,-0.019923675381294498,sad,subject_03,subject_03_sad_session_01
7.328,0.004383569339992914,sad,subject_03,subject_03_sad_session_01
7.332,0.021542347621602915,sad,subject_03,subject_03_sad_session_01
7.336,-0.030706419203657524,sad,subject_03,subject_03_sad_session_01
7.34,-0.02022992593848264,sad,subject_03,subject_03_sad_session_01
7.344,-0.035565097692744435,sad,subject_03,subject_03_sad_session_01
7.348,0.00018804286642137673,sad,subject_03,subject_03_sad_session_01
7.352,0.04587471937193279,sad,subject_03,subject_03_sad_session_01
7.356,0.017093572896195355,sad,subject_03,subject_03_sad_session_01
7.36,0.0641439384496091,sad,subject_03,subject_03_sad_session_01
7.364,0.03564397147244691,sad,subject_03,subject_03_sad_session_01
7.368,0.013097378077428896,sad,subject_03,subject_03_sad_session_01
7.372,0.014265794555009505,sad,subject_03,subject_03_sad_session_01
7.376,0.08689571597373262,sad,subject_03,subject_03_sad_session_01
7.38,0.06776352512980638,sad,subject_03,subject_03_sad_session_01
7.384,0.04399064441929356,sad,subject_03,subject_03_sad_session_01
7.388,0.05869647272547183,sad,subject_03,subject_03_sad_session_01
7.392,0.0466725461981604,sad,subject_03,subject_03_sad_session_01
7.396,-0.010235606827696739,sad,subject_03,subject_03_sad_session_01
7.4,0.07373484821221551,sad,subject_03,subject_03_sad_session_01
7.404,0.039478970950975766,sad,subject_03,subject_03_sad_session_01
7.408,0.07173022260779559,sad,subject_03,subject_03_sad_session_01
7.412,0.05055670275722816,sad,subject_03,subject_03_sad_session_01
7.416,0.08857986388707514,sad,subject_03,subject_03_sad_session_01
7.42,0.07006069294236802,sad,subject_03,subject_03_sad_session_01
7.424,0.10771670406969212,sad,subject_03,subject_03_sad_session_01
7.428,0.1321469102979478,sad,subject_03,subject_03_sad_session_01
7.432,0.12622983385907055,sad,subject_03,subject_03_sad_session_01
7.436,0.0780347985766812,sad,subject_03,subject_03_sad_session_01
7.44,0.07748749007840308,sad,subject_03,subject_03_sad_session_01
7.444,0.09396306296206906,sad,subject_03,subject_03_sad_session_01
7.448,0.1679552573453954,sad,subject_03,subject_03_sad_session_01
7.452,0.20733210083721215,sad,subject_03,subject_03_sad_session_01
7.456,0.1256814432938105,sad,subject_03,subject_03_sad_session_01
7.46,0.11899288693429431,sad,subject_03,subject_03_sad_session_01
7.464,0.19480005648770443,sad,subject_03,subject_03_sad_session_01
7.468,0.14375383184271598,sad,subject_03,subject_03_sad_session_01
7.472,0.15665135564258728,sad,subject_03,subject_03_sad_session_01
7.476,0.16619553233467563,sad,subject_03,subject_03_sad_session_01
7.48,0.1426416763734222,sad,subject_03,subject_03_sad_session_01
7.484,0.14131351016323168,sad,subject_03,subject_03_sad_session_01
7.488,0.1631949291004871,sad,subject_03,subject_03_sad_session_01
7.492,0.15367485245379364,sad,subject_03,subject_03_sad_session_01
7.496,0.11260109076068171,sad,subject_03,subject_03_sad_session_01
7.5,0.13861456911157022,sad,subject_03,subject_03_sad_session_01
7.504,0.1605056557668206,sad,subject_03,subject_03_sad_session_01
7.508,0.14665952412590041,sad,subject_03,subject_03_sad_session_01
7.512,0.17638085100269396,sad,subject_03,subject_03_sad_session_01
7.516,0.13587384118258392,sad,subject_03,subject_03_sad_session_01
7.52,0.21096093240788333,sad,subject_03,subject_03_sad_session_01
7.524,0.15511027700737914,sad,subject_03,subject_03_sad_session_01
7.528,0.15236893768661347,sad,subject_03,subject_03_sad_session_01
7.532,0.13094605110053167,sad,subject_03,subject_03_sad_session_01
7.536,0.13433070219812954,sad,subject_03,subject_03_sad_session_01
7.54,0.08124936917247785,sad,subject_03,subject_03_sad_session_01
7.544,0.13333901306494966,sad,subject_03,subject_03_sad_session_01
7.548,0.187528393116784,sad,subject_03,subject_03_sad_session_01
7.552,0.1503426072610527,sad,subject_03,subject_03_sad_session_01
7.556,0.06930254799865987,sad,subject_03,subject_03_sad_session_01
7.56,0.12162267468387061,sad,subject_03,subject_03_sad_session_01
7.564,0.12086350503362185,sad,subject_03,subject_03_sad_session_01
7.568,0.1475516335559623,sad,subject_03,subject_03_sad_session_01
7.572,0.07281424306156924,sad,subject_03,subject_03_sad_session_01
7.576,0.1594906547516446,sad,subject_03,subject_03_sad_session_01
7.58,0.08879301607944506,sad,subject_03,subject_03_sad_session_01
7.584,0.055083046131614535,sad,subject_03,subject_03_sad_session_01
7.588,0.025616474233904875,sad,subject_03,subject_03_sad_session_01
7.592,0.0656890549751064,sad,subject_03,subject_03_sad_session_01
7.596,0.07027031486659363,sad,subject_03,subject_03_sad_session_01
7.6,0.024758356441394437,sad,subject_03,subject_03_sad_session_01
7.604,0.07285247368699183,sad,subject_03,subject_03_sad_session_01
7.608,0.0651895718913783,sad,subject_03,subject_03_sad_session_01
7.612,0.04510848722232261,sad,subject_03,subject_03_sad_session_01
7.616,0.014726020624819803,sad,subject_03,subject_03_sad_session_01
7.62,0.0369006101500443,sad,subject_03,subject_03_sad_session_01
7.624,0.08761498581347604,sad,subject_03,subject_03_sad_session_01
7.628,0.0008531224898592794,sad,subject_03,subject_03_sad_session_01
7.632,-0.02767077511346651,sad,subject_03,subject_03_sad_session_01
7.636,0.010560306920058864,sad,subject_03,subject_03_sad_session_01
7.64,-0.005715968805800567,sad,subject_03,subject_03_sad_session_01
7.644,-0.0399450623981316,sad,subject_03,subject_03_sad_session_01
7.648,0.02516608029635188,sad,subject_03,subject_03_sad_session_01
7.652,-0.029151974354355733,sad,subject_03,subject_03_sad_session_01
7.656,-0.03459264337768499,sad,subject_03,subject_03_sad_session_01
7.66,0.030554204746022627,sad,subject_03,subject_03_sad_session_01
7.664,0.04601871262386704,sad,subject_03,subject_03_sad_session_01
7.668,0.07980454659320271,sad,subject_03,subject_03_sad_session_01
7.672,-0.0461611792852147,sad,subject_03,subject_03_sad_session_01
7.676,0.01087707506781189,sad,subject_03,subject_03_sad_session_01
7.68,-0.04430134095370524,sad,subject_03,subject_03_sad_session_01
7.684,-0.0012950456085452796,sad,subject_03,subject_03_sad_session_01
7.688,-0.009203923980825226,sad,subject_03,subject_03_sad_session_01
7.692,-0.06971435471157288,sad,subject_03,subject_03_sad_session_01
7.696,0.00955100136754408,sad,subject_03,subject_03_sad_session_01
7.7,-0.007069092141602406,sad,subject_03,subject_03_sad_session_01
7.704,0.010474292900422663,sad,subject_03,subject_03_sad_session_01
7.708,-0.04602476135032443,sad,subject_03,subject_03_sad_session_01
7.712,0.054749674182371866,sad,subject_03,subject_03_sad_session_01
7.716,-0.0011738802751928464,sad,subject_03,subject_03_sad_session_01
7.72,0.0005860572181512411,sad,subject_03,subject_03_sad_session_01
7.724,0.0317200452101931,sad,subject_03,subject_03_sad_session_01
7.728,-0.010337218444485475,sad,subject_03,subject_03_sad_session_01
7.732,-0.0369391104320515,sad,subject_03,subject_03_sad_session_01
7.736,0.02247084280876321,sad,subject_03,subject_03_sad_session_01
7.74,-0.014846058393548266,sad,subject_03,subject_03_sad_session_01
7.744,0.018604797269995067,sad,subject_03,subject_03_sad_session_01
7.748,-0.013906403408234713,sad,subject_03,subject_03_sad_session_01
7.752,0.05473636898391723,sad,subject_03,subject_03_sad_session_01
7.756,-0.012051450560182482,sad,subject_03,subject_03_sad_session_01
7.76,-0.02949943997846144,sad,subject_03,subject_03_sad_session_01
7.764,-0.0005237432343268688,sad,subject_03,subject_03_sad_session_01
7.768,-0.024774825127055228,sad,subject_03,subject_03_sad_session_01
7.772,-0.03659025881237818,sad,subject_03,subject_03_sad_session_01
7.776,0.02996138222888105,sad,subject_03,subject_03_sad_session_01
7.78,-0.04858415539419595,sad,subject_03,subject_03_sad_session_01
7.784,0.02071119685702307,sad,subject_03,subject_03_sad_session_01
7.788,0.03799527818166302,sad,subject_03,subject_03_sad_session_01
7.792,-0.020187166842246317,sad,subject_03,subject_03_sad_session_01
7.796,-0.0017217793979605487,sad,subject_03,subject_03_sad_session_01
7.8,-0.0346865693683225,sad,subject_03,subject_03_sad_session_01
7.804,0.024798021401978752,sad,subject_03,subject_03_sad_session_01
7.808,-0.0480948056785843,sad,subject_03,subject_03_sad_session_01
7.812,0.020657555184480557,sad,subject_03,subject_03_sad_session_01
7.816,-0.00890417877718142,sad,subject_03,subject_03_sad_session_01
7.82,-0.0344048992675548,sad,subject_03,subject_03_sad_session_01
7.824,-0.0297389620944319,sad,subject_03,subject_03_sad_session_01
7.828,0.006039129674435111,sad,subject_03,subject_03_sad_session_01
7.832,-0.04422587651493881,sad,subject_03,subject_03_sad_session_01
7.836,0.008157554610990173,sad,subject_03,subject_03_sad_session_01
7.84,-0.0030105833115613998,sad,subject_03,subject_03_sad_session_01
7.844,-0.019810823373840984,sad,subject_03,subject_03_sad_session_01
7.848,0.0068827861630664225,sad,subject_03,subject_03_sad_session_01
7.852,-0.031546683442576884,sad,subject_03,subject_03_sad_session_01
7.856,-0.01567469989094094,sad,subject_03,subject_03_sad_session_01
7.86,-0.018749900385717708,sad,subject_03,subject_03_sad_session_01
7.864,-0.04498357132803625,sad,subject_03,subject_03_sad_session_01
7.868,-0.016671903989688423,sad,subject_03,subject_03_sad_session_01
7.872,-0.053366836813273595,sad,subject_03,subject_03_sad_session_01
7.876,-0.02275531707836207,sad,subject_03,subject_03_sad_session_01
7.88,-0.05752369191611173,sad,subject_03,subject_03_sad_session_01
7.884,-0.03589469520013522,sad,subject_03,subject_03_sad_session_01
7.888,-0.03241565566058803,sad,subject_03,subject_03_sad_session_01
7.892,0.008307022462569818,sad,subject_03,subject_03_sad_session_01
7.896,-0.03229465093662631,sad,subject_03,subject_03_sad_session_01
7.9,-0.0402499209085952,sad,subject_03,subject_03_sad_session_01
7.904,-0.013306327782121053,sad,subject_03,subject_03_sad_session_01
7.908,0.05622024682645691,sad,subject_03,subject_03_sad_session_01
7.912,-0.049295122756740514,sad,subject_03,subject_03_sad_session_01
7.916,0.022971472995617047,sad,subject_03,subject_03_sad_session_01
7.92,0.014318113078274908,sad,subject_03,subject_03_sad_session_01
7.924,0.0683950488980342,sad,subject_03,subject_03_sad_session_01
7.928,0.01679237435733314,sad,subject_03,subject_03_sad_session_01
7.932,0.011870850364182084,sad,subject_03,subject_03_sad_session_01
7.936,0.01459146990370204,sad,subject_03,subject_03_sad_session_01
7.94,0.015588651097249126,sad,subject_03,subject_03_sad_session_01
7.944,0.04131551060485992,sad,subject_03,subject_03_sad_session_01
7.948,0.008118826872685166,sad,subject_03,subject_03_sad_session_01
7.952,0.11955096014380275,sad,subject_03,subject_03_sad_session_01
7.956,0.05882133006988359,sad,subject_03,subject_03_sad_session_01
7.96,0.032209778609181436,sad,subject_03,subject_03_sad_session_01
7.964,0.03560378121025016,sad,subject_03,subject_03_sad_session_01
7.968,0.04795387636193134,sad,subject_03,subject_03_sad_session_01
7.972,0.05260804383101181,sad,subject_03,subject_03_sad_session_01
7.976,0.0788278912326502,sad,subject_03,subject_03_sad_session_01
7.98,0.07405684926441267,sad,subject_03,subject_03_sad_session_01
7.984,0.11453183717260576,sad,subject_03,subject_03_sad_session_01
7.988,0.04713642803927148,sad,subject_03,subject_03_sad_session_01
7.992,0.07991928093527566,sad,subject_03,subject_03_sad_session_01
7.996,0.05638355745897103,sad,subject_03,subject_03_sad_session_01
8.0,0.07549707466738872,sad,subject_03,subject_03_sad_session_01
8.004,0.07785930492185417,sad,subject_03,subject_03_sad_session_01
8.008,0.11973105353644303,sad,subject_03,subject_03_sad_session_01
8.012,0.07935776653790338,sad,subject_03,subject_03_sad_session_01
8.016,0.1419864894336132,sad,subject_03,subject_03_sad_session_01
8.02,0.1443693307371301,sad,subject_03,subject_03_sad_session_01
8.024,0.1221745188965778,sad,subject_03,subject_03_sad_session_01
8.028,0.06561560793063528,sad,subject_03,subject_03_sad_session_01
8.032,0.14133069629793105,sad,subject_03,subject_03_sad_session_01
8.036,0.08300229497594572,sad,subject_03,subject_03_sad_session_01
8.04,0.08289758399580739,sad,subject_03,subject_03_sad_session_01
8.044,0.10482230615279467,sad,subject_03,subject_03_sad_session_01
8.048,0.0594862715425743,sad,subject_03,subject_03_sad_session_01
8.052,0.11816521932129087,sad,subject_03,subject_03_sad_session_01
8.056,0.09986143937655997,sad,subject_03,subject_03_sad_session_01
8.06,0.16003603865155197,sad,subject_03,subject_03_sad_session_01
8.064,0.07475238998363953,sad,subject_03,subject_03_sad_session_01
8.068,0.05657999129484361,sad,subject_03,subject_03_sad_session_01
8.072,0.1155783935675427,sad,subject_03,subject_03_sad_session_01
8.076,-0.005550998124666882,sad,subject_03,subject_03_sad_session_01
8.08,0.052411427085265916,sad,subject_03,subject_03_sad_session_01
8.084,0.03689691209043305,sad,subject_03,subject_03_sad_session_01
8.088,0.07361010827277584,sad,subject_03,subject_03_sad_session_01
8.092,0.12591237420352935,sad,subject_03,subject_03_sad_session_01
8.096,0.008807147909424544,sad,subject_03,subject_03_sad_session_01
8.1,0.060451773212807786,sad,subject_03,subject_03_sad_session_01
8.104,0.06458953087666797,sad,subject_03,subject_03_sad_session_01
8.108,0.05966009501618347,sad,subject_03,subject_03_sad_session_01
8.112,0.02528550455663102,sad,subject_03,subject_03_sad_session_01
8.116,0.03747142669832426,sad,subject_03,subject_03_sad_session_01
8.12,-0.014208378706226205,sad,subject_03,subject_03_sad_session_01
8.124,0.06620025102130772,sad,subject_03,subject_03_sad_session_01
8.128,-0.020572964547709766,sad,subject_03,subject_03_sad_session_01
8.132,-0.018253157726517494,sad,subject_03,subject_03_sad_session_01
8.136,0.0016247138114564453,sad,subject_03,subject_03_sad_session_01
8.14,-0.007591805509767435,sad,subject_03,subject_03_sad_session_01
8.144,0.022027789644800653,sad,subject_03,subject_03_sad_session_01
8.148,-0.0010627453307973551,sad,subject_03,subject_03_sad_session_01
8.152,-0.018571866412766078,sad,subject_03,subject_03_sad_session_01
8.156,-0.027814064109716687,sad,subject_03,subject_03_sad_session_01
8.16,0.038376091863359434,sad,subject_03,subject_03_sad_session_01
8.164,0.01370182736831936,sad,subject_03,subject_03_sad_session_01
8.168,-0.047434725381559795,sad,subject_03,subject_03_sad_session_01
8.172,0.005158366781949147,sad,subject_03,subject_03_sad_session_01
8.176,-0.024186037509143804,sad,subject_03,subject_03_sad_session_01
8.18,-0.051226584342505814,sad,subject_03,subject_03_sad_session_01
8.184,-0.012367949117777843,sad,subject_03,subject_03_sad_session_01
8.188,0.10714110783916811,sad,subject_03,subject_03_sad_session_01
8.192,0.19334148162628717,sad,subject_03,subject_03_sad_session_01
8.196,0.2712231187873629,sad,subject_03,subject_03_sad_session_01
8.2,0.3392856848047548,sad,subject_03,subject_03_sad_session_01
8.204,0.4916891486467494,sad,subject_03,subject_03_sad_session_01
8.208,0.5984371589960202,sad,subject_03,subject_03_sad_session_01
8.212,0.5970970155958809,sad,subject_03,subject_03_sad_session_01
8.216,0.7488500890350358,sad,subject_03,subject_03_sad_session_01
8.22,0.7597059543887986,sad,subject_03,subject_03_sad_session_01
8.224,0.8065934841877602,sad,subject_03,subject_03_sad_session_01
8.228,0.7391935400413464,sad,subject_03,subject_03_sad_session_01
8.232,0.5873248386011397,sad,subject_03,subject_03_sad_session_01
8.236,0.4898438855669554,sad,subject_03,subject_03_sad_session_01
8.24,0.3558853774762261,sad,subject_03,subject_03_sad_session_01
8.244,0.21561553518829712,sad,subject_03,subject_03_sad_session_01
8.248,0.07978616914592696,sad,subject_03,subject_03_sad_session_01
8.252,0.014195796607801514,sad,subject_03,subject_03_sad_session_01
8.256,-0.03854132950504703,sad,subject_03,subject_03_sad_session_01
8.26,-0.020933114536015478,sad,subject_03,subject_03_sad_session_01
8.264,-0.05913845698375413,sad,subject_03,subject_03_sad_session_01
8.268,-0.07494833152869793,sad,subject_03,subject_03_sad_session_01
8.272,-0.06375199775482639,sad,subject_03,subject_03_sad_session_01
8.276,-0.00964051323686753,sad,subject_03,subject_03_sad_session_01
8.28,-0.015167455963664696,sad,subject_03,subject_03_sad_session_01
8.284,-0.02388125562071347,sad,subject_03,subject_03_sad_session_01
8.288,-0.0104993361819305,sad,subject_03,subject_03_sad_session_01
8.292,0.07689891845853543,sad,subject_03,subject_03_sad_session_01
8.296,0.024779228597639865,sad,subject_03,subject_03_sad_session_01
8.3,0.0650350124904379,sad,subject_03,subject_03_sad_session_01
8.304,-0.01807460462943842,sad,subject_03,subject_03_sad_session_01
8.308,0.07308655151591528,sad,subject_03,subject_03_sad_session_01
8.312,0.06372155218900243,sad,subject_03,subject_03_sad_session_01
8.316,0.07000338680941698,sad,subject_03,subject_03_sad_session_01
8.32,-0.0016039628849939536,sad,subject_03,subject_03_sad_session_01
8.324,0.05057595206141894,sad,subject_03,subject_03_sad_session_01
8.328,0.028540228647452762,sad,subject_03,subject_03_sad_session_01
8.332,0.02164658845012605,sad,subject_03,subject_03_sad_session_01
8.336,0.004250415256052957,sad,subject_03,subject_03_sad_session_01
8.34,0.032455270029294395,sad,subject_03,subject_03_sad_session_01
8.344,0.03456427532930959,sad,subject_03,subject_03_sad_session_01
8.348,0.09713814596270495,sad,subject_03,subject_03_sad_session_01
8.352,0.060058964264921355,sad,subject_03,subject_03_sad_session_01
8.356,0.07849213547332878,sad,subject_03,subject_03_sad_session_01
8.36,0.12424659257265079,sad,subject_03,subject_03_sad_session_01
8.364,0.09557643931415877,sad,subject_03,subject_03_sad_session_01
8.368,0.077328662803762,sad,subject_03,subject_03_sad_session_01
8.372,0.1104350712152933,sad,subject_03,subject_03_sad_session_01
8.376,0.08641936686888427,sad,subject_03,subject_03_sad_session_01
8.38,0.06296318246966034,sad,subject_03,subject_03_sad_session_01
8.384,0.13262889297940586,sad,subject_03,subject_03_sad_session_01
8.388,0.14667039491628217,sad,subject_03,subject_03_sad_session_01
8.392,0.12725731157100575,sad,subject_03,subject_03_sad_session_01
8.396,0.13498693322331798,sad,subject_03,subject_03_sad_session_01
8.4,0.13198846944762138,sad,subject_03,subject_03_sad_session_01
8.404,0.19682235392952485,sad,subject_03,subject_03_sad_session_01
8.408,0.16501887963620904,sad,subject_03,subject_03_sad_session_01
8.412,0.15767315482413466,sad,subject_03,subject_03_sad_session_01
8.416,0.1958722989868882,sad,subject_03,subject_03_sad_session_01
8.42,0.20368396643287523,sad,subject_03,subject_03_sad_session_01
8.424,0.1901213483546477,sad,subject_03,subject_03_sad_session_01
8.428,0.21043353606478266,sad,subject_03,subject_03_sad_session_01
8.432,0.2024390990185973,sad,subject_03,subject_03_sad_session_01
8.436,0.19124063495921703,sad,subject_03,subject_03_sad_session_01
8.44,0.22321179405412944,sad,subject_03,subject_03_sad_session_01
8.444,0.1686715652631054,sad,subject_03,subject_03_sad_session_01
8.448,0.1709516845728244,sad,subject_03,subject_03_sad_session_01
8.452,0.2169494677860453,sad,subject_03,subject_03_sad_session_01
8.456,0.18375594054590236,sad,subject_03,subject_03_sad_session_01
8.46,0.230358899025843,sad,subject_03,subject_03_sad_session_01
8.464,0.2143679680339128,sad,subject_03,subject_03_sad_session_01
8.468,0.26963489552703257,sad,subject_03,subject_03_sad_session_01
8.472,0.17809150849193636,sad,subject_03,subject_03_sad_session_01
8.476,0.23542435160080216,sad,subject_03,subject_03_sad_session_01
8.48,0.19188253705923625,sad,subject_03,subject_03_sad_session_01
8.484,0.2143414315556245,sad,subject_03,subject_03_sad_session_01
8.488,0.225764004745551,sad,subject_03,subject_03_sad_session_01
8.492,0.21371588584412463,sad,subject_03,subject_03_sad_session_01
8.496,0.21455502172713953,sad,subject_03,subject_03_sad_session_01
8.5,0.20908859837837748,sad,subject_03,subject_03_sad_session_01
8.504,0.1860013988170958,sad,subject_03,subject_03_sad_session_01
8.508,0.21527553435335045,sad,subject_03,subject_03_sad_session_01
8.512,0.21290893093221247,sad,subject_03,subject_03_sad_session_01
8.516,0.17136244461699351,sad,subject_03,subject_03_sad_session_01
8.52,0.15334504403026497,sad,subject_03,subject_03_sad_session_01
8.524,0.18030428790584394,sad,subject_03,subject_03_sad_session_01
8.528,0.17340169089893462,sad,subject_03,subject_03_sad_session_01
8.532,0.11382671361585203,sad,subject_03,subject_03_sad_session_01
8.536,0.1635051739590274,sad,subject_03,subject_03_sad_session_01
8.54,0.12713909113217792,sad,subject_03,subject_03_sad_session_01
8.544,0.08820707309473146,sad,subject_03,subject_03_sad_session_01
8.548,0.15195398684388778,sad,subject_03,subject_03_sad_session_01
8.552,0.09833449206752894,sad,subject_03,subject_03_sad_session_01
8.556,0.16772072585540748,sad,subject_03,subject_03_sad_session_01
8.56,0.1470682158186174,sad,subject_03,subject_03_sad_session_01
8.564,0.12545833096470857,sad,subject_03,subject_03_sad_session_01
8.568,0.15443395906101443,sad,subject_03,subject_03_sad_session_01
8.572,0.13635727549363155,sad,subject_03,subject_03_sad_session_01
8.576,0.07548814349366936,sad,subject_03,subject_03_sad_session_01
8.58,0.12767804513785871,sad,subject_03,subject_03_sad_session_01
8.584,0.07192478387335743,sad,subject_03,subject_03_sad_session_01
8.588,0.11537182343297728,sad,subject_03,subject_03_sad_session_01
8.592,0.07071628921215757,sad,subject_03,subject_03_sad_session_01
8.596,0.04119154431545664,sad,subject_03,subject_03_sad_session_01
8.6,0.08772981086461756,sad,subject_03,subject_03_sad_session_01
8.604,0.056595648966479825,sad,subject_03,subject_03_sad_session_01
8.608,0.09977705770582651,sad,subject_03,subject_03_sad_session_01
8.612,0.1030932723908799,sad,subject_03,subject_03_sad_session_01
8.616,0.008806916985454182,sad,subject_03,subject_03_sad_session_01
8.62,0.0575656233712249,sad,subject_03,subject_03_sad_session_01
8.624,0.07423749626969908,sad,subject_03,subject_03_sad_session_01
8.628,0.05582735997578858,sad,subject_03,subject_03_sad_session_01
8.632,0.053987985446202966,sad,subject_03,subject_03_sad_session_01
8.636,0.055435940583252435,sad,subject_03,subject_03_sad_session_01
8.64,-0.0028126877186189156,sad,subject_03,subject_03_sad_session_01
8.644,0.09125002234347179,sad,subject_03,subject_03_sad_session_01
8.648,0.061393215072965676,sad,subject_03,subject_03_sad_session_01
8.652,0.020451338414888758,sad,subject_03,subject_03_sad_session_01
8.656,0.016033511211531442,sad,subject_03,subject_03_sad_session_01
8.66,0.06318229203271496,sad,subject_03,subject_03_sad_session_01
8.664,0.04387097544114741,sad,subject_03,subject_03_sad_session_01
8.668,0.045855616125988166,sad,subject_03,subject_03_sad_session_01
8.672,0.050611422022380226,sad,subject_03,subject_03_sad_session_01
8.676,0.039966092780771525,sad,subject_03,subject_03_sad_session_01
8.68,-0.024018362259614977,sad,subject_03,subject_03_sad_session_01
8.684,0.019433654966961558,sad,subject_03,subject_03_sad_session_01
8.688,0.04790159335717467,sad,subject_03,subject_03_sad_session_01
8.692,0.04996398705751578,sad,subject_03,subject_03_sad_session_01
8.696,0.01596310449508389,sad,subject_03,subject_03_sad_session_01
8.7,0.028730416656914337,sad,subject_03,subject_03_sad_session_01
8.704,0.06437126604802215,sad,subject_03,subject_03_sad_session_01
8.708,0.07136583693563403,sad,subject_03,subject_03_sad_session_01
8.712,0.03888268100296578,sad,subject_03,subject_03_sad_session_01
8.716,0.055421779281237225,sad,subject_03,subject_03_sad_session_01
8.72,0.0392624695086208,sad,subject_03,subject_03_sad_session_01
8.724,0.0496407611532778,sad,subject_03,subject_03_sad_session_01
8.728,0.028067448630302028,sad,subject_03,subject_03_sad_session_01
8.732,0.010217479004001363,sad,subject_03,subject_03_sad_session_01
8.736,0.08372328110425654,sad,subject_03,subject_03_sad_session_01
8.74,0.08216837998431928,sad,subject_03,subject_03_sad_session_01
8.744,0.028988090837350253,sad,subject_03,subject_03_sad_session_01
8.748,0.040029281141306196,sad,subject_03,subject_03_sad_session_01
8.752,0.03328506723307751,sad,subject_03,subject_03_sad_session_01
8.756,0.029746508190727286,sad,subject_03,subject_03_sad_session_01
8.76,0.031056882677880357,sad,subject_03,subject_03_sad_session_01
8.764,0.06340368114623139,sad,subject_03,subject_03_sad_session_01
8.768,-0.003822672503415031,sad,subject_03,subject_03_sad_session_01
8.772,0.009950210278287103,sad,subject_03,subject_03_sad_session_01
8.776,0.0563191113789476,sad,subject_03,subject_03_sad_session_01
8.78,0.03394037492097948,sad,subject_03,subject_03_sad_session_01
8.784,0.0672613220807968,sad,subject_03,subject_03_sad_session_01
8.788,0.03174775204706298,sad,subject_03,subject_03_sad_session_01
8.792,0.04035037754130033,sad,subject_03,subject_03_sad_session_01
8.796,0.023561201291747394,sad,subject_03,subject_03_sad_session_01
8.8,0.07036682622769558,sad,subject_03,subject_03_sad_session_01
8.804,0.055973222693017306,sad,subject_03,subject_03_sad_session_01
8.808,-0.003931594847516189,sad,subject_03,subject_03_sad_session_01
8.812,0.04864758213283624,sad,subject_03,subject_03_sad_session_01
8.816,0.06111854390661348,sad,subject_03,subject_03_sad_session_01
8.82,0.029088318453473615,sad,subject_03,subject_03_sad_session_01
8.824,0.051090843380873774,sad,subject_03,subject_03_sad_session_01
8.828,0.06931889165241407,sad,subject_03,subject_03_sad_session_01
8.832,0.02741067653578253,sad,subject_03,subject_03_sad_session_01
8.836,0.040773748138250875,sad,subject_03,subject_03_sad_session_01
8.84,0.01625159158208753,sad,subject_03,subject_03_sad_session_01
8.844,0.04682511668082179,sad,subject_03,subject_03_sad_session_01
8.848,0.002642824141270348,sad,subject_03,subject_03_sad_session_01
8.852,0.051139164296949195,sad,subject_03,subject_03_sad_session_01
8.856,0.0774939555992481,sad,subject_03,subject_03_sad_session_01
8.86,0.005211583655462232,sad,subject_03,subject_03_sad_session_01
8.864,0.0721603171810293,sad,subject_03,subject_03_sad_session_01
8.868,0.03198394141759866,sad,subject_03,subject_03_sad_session_01
8.872,0.014250772202584711,sad,subject_03,subject_03_sad_session_01
8.876,0.027850818927044628,sad,subject_03,subject_03_sad_session_01
8.88,0.035857415881689704,sad,subject_03,subject_03_sad_session_01
8.884,0.023966908051556636,sad,subject_03,subject_03_sad_session_01
8.888,0.07103635948904921,sad,subject_03,subject_03_sad_session_01
8.892,0.029860928285261844,sad,subject_03,subject_03_sad_session_01
8.896,0.04906123755336802,sad,subject_03,subject_03_sad_session_01
8.9,0.1048066883598002,sad,subject_03,subject_03_sad_session_01
8.904,0.03805622955782646,sad,subject_03,subject_03_sad_session_01
8.908,0.030872890929897884,sad,subject_03,subject_03_sad_session_01
8.912,0.03664928120444063,sad,subject_03,subject_03_sad_session_01
8.916,0.0844006610288984,sad,subject_03,subject_03_sad_session_01
8.92,0.05132093312153151,sad,subject_03,subject_03_sad_session_01
8.924,0.06558173718909575,sad,subject_03,subject_03_sad_session_01
8.928,0.04061401466367823,sad,subject_03,subject_03_sad_session_01
8.932,0.0569491597794748,sad,subject_03,subject_03_sad_session_01
8.936,0.09933724178285211,sad,subject_03,subject_03_sad_session_01
8.94,0.031467206744247175,sad,subject_03,subject_03_sad_session_01
8.944,0.026996086552540564,sad,subject_03,subject_03_sad_session_01
8.948,0.07050116131430302,sad,subject_03,subject_03_sad_session_01
8.952,0.07884062902039315,sad,subject_03,subject_03_sad_session_01
8.956,0.08811630863248479,sad,subject_03,subject_03_sad_session_01
8.96,0.09425837034688957,sad,subject_03,subject_03_sad_session_01
8.964,0.10699279455960356,sad,subject_03,subject_03_sad_session_01
8.968,0.0991560104737566,sad,subject_03,subject_03_sad_session_01
8.972,0.15690485659485687,sad,subject_03,subject_03_sad_session_01
8.976,0.14492335317417152,sad,subject_03,subject_03_sad_session_01
8.98,0.12023835002226999,sad,subject_03,subject_03_sad_session_01
8.984,0.1541160026430077,sad,subject_03,subject_03_sad_session_01
8.988,0.05147217322969727,sad,subject_03,subject_03_sad_session_01
8.992,0.140803356303119,sad,subject_03,subject_03_sad_session_01
8.996,0.15725848310115514,sad,subject_03,subject_03_sad_session_01
9.0,0.11458484593130941,sad,subject_03,subject_03_sad_session_01
9.004,0.1467134967141567,sad,subject_03,subject_03_sad_session_01
9.008,0.11025430258423596,sad,subject_03,subject_03_sad_session_01
9.012,0.13703222428693013,sad,subject_03,subject_03_sad_session_01
9.016,0.08482221300363826,sad,subject_03,subject_03_sad_session_01
9.02,0.14754331727177467,sad,subject_03,subject_03_sad_session_01
9.024,0.11646011921272156,sad,subject_03,subject_03_sad_session_01
9.028,0.11878203604784175,sad,subject_03,subject_03_sad_session_01
9.032,0.1047582348806976,sad,subject_03,subject_03_sad_session_01
9.036,0.13428835586416235,sad,subject_03,subject_03_sad_session_01
9.04,0.10398735905178576,sad,subject_03,subject_03_sad_session_01
9.044,0.11931526927486073,sad,subject_03,subject_03_sad_session_01
9.048,0.0693420660699266,sad,subject_03,subject_03_sad_session_01
9.052,0.09732538659795198,sad,subject_03,subject_03_sad_session_01
9.056,0.12243484149223113,sad,subject_03,subject_03_sad_session_01
9.06,0.11882975033665352,sad,subject_03,subject_03_sad_session_01
9.064,-0.01108009187160501,sad,subject_03,subject_03_sad_session_01
9.068,0.06625570955193227,sad,subject_03,subject_03_sad_session_01
9.072,0.013084024476084088,sad,subject_03,subject_03_sad_session_01
9.076,0.042085441835689755,sad,subject_03,subject_03_sad_session_01
9.08,0.03399264086108365,sad,subject_03,subject_03_sad_session_01
9.084,0.06558923451605757,sad,subject_03,subject_03_sad_session_01
9.088,0.04070621591603256,sad,subject_03,subject_03_sad_session_01
9.092,0.020364931818402845,sad,subject_03,subject_03_sad_session_01
9.096,0.05649372508538116,sad,subject_03,subject_03_sad_session_01
9.1,0.007728713521503894,sad,subject_03,subject_03_sad_session_01
9.104,0.014208894306555274,sad,subject_03,subject_03_sad_session_01
9.108,0.024688253710248194,sad,subject_03,subject_03_sad_session_01
9.112,0.029078989654180366,sad,subject_03,subject_03_sad_session_01
9.116,0.03953699422528031,sad,subject_03,subject_03_sad_session_01
9.12,0.03914037082328497,sad,subject_03,subject_03_sad_session_01
9.124,0.014045000869198906,sad,subject_03,subject_03_sad_session_01
9.128,0.03885655324289877,sad,subject_03,subject_03_sad_session_01
9.132,0.03254286421746504,sad,subject_03,subject_03_sad_session_01
9.136,0.027586351536573142,sad,subject_03,subject_03_sad_session_01
9.14,-0.023137228880400894,sad,subject_03,subject_03_sad_session_01
9.144,0.030306554790007573,sad,subject_03,subject_03_sad_session_01
9.148,0.027656099678131485,sad,subject_03,subject_03_sad_session_01
9.152,0.029053086947139515,sad,subject_03,subject_03_sad_session_01
9.156,0.016061575748293228,sad,subject_03,subject_03_sad_session_01
9.16,0.06418948379580083,sad,subject_03,subject_03_sad_session_01
9.164,0.08874485660744659,sad,subject_03,subject_03_sad_session_01
9.168,0.12828678276251101,sad,subject_03,subject_03_sad_session_01
9.172,0.22823385312262687,sad,subject_03,subject_03_sad_session_01
9.176,0.3194617067791661,sad,subject_03,subject_03_sad_session_01
9.18,0.4215060469246339,sad,subject_03,subject_03_sad_session_01
9.184,0.583685893665004,sad,subject_03,subject_03_sad_session_01
9.188,0.6519907766295707,sad,subject_03,subject_03_sad_session_01
9.192,0.7519345503267009,sad,subject_03,subject_03_sad_session_01
9.196,0.8245410628889941,sad,subject_03,subject_03_sad_session_01
9.2,0.7979638282727967,sad,subject_03,subject_03_sad_session_01
9.204,0.6956626519215721,sad,subject_03,subject_03_sad_session_01
9.208,0.6295684403406615,sad,subject_03,subject_03_sad_session_01
9.212,0.5580237357506402,sad,subject_03,subject_03_sad_session_01
9.216,0.43170490915938964,sad,subject_03,subject_03_sad_session_01
9.22,0.3339356395718809,sad,subject_03,subject_03_sad_session_01
9.224,0.16741152252322183,sad,subject_03,subject_03_sad_session_01
9.228,0.044139812723954834,sad,subject_03,subject_03_sad_session_01
9.232,-0.01618601110868688,sad,subject_03,subject_03_sad_session_01
9.236,0.004780454299200092,sad,subject_03,subject_03_sad_session_01
9.24,-0.04344686123679441,sad,subject_03,subject_03_sad_session_01
9.244,-0.021442839572894622,sad,subject_03,subject_03_sad_session_01
9.248,-0.043079946540124675,sad,subject_03,subject_03_sad_session_01
9.252,-0.03667111670432316,sad,subject_03,subject_03_sad_session_01
9.256,0.02286353785744633,sad,subject_03,subject_03_sad_session_01
9.26,-0.021947648872175464,sad,subject_03,subject_03_sad_session_01
9.264,0.04343689038244442,sad,subject_03,subject_03_sad_session_01
9.268,0.08490362323204852,sad,subject_03,subject_03_sad_session_01
9.272,-0.026564300928834494,sad,subject_03,subject_03_sad_session_01
9.276,0.016592529898683425,sad,subject_03,subject_03_sad_session_01
9.28,0.046860718236284654,sad,subject_03,subject_03_sad_session_01
9.284,0.03602819301920783,sad,subject_03,subject_03_sad_session_01
9.288,0.04871685083456871,sad,subject_03,subject_03_sad_session_01
9.292,0.12143115453287018,sad,subject_03,subject_03_sad_session_01
9.296,0.03824661098853725,sad,subject_03,subject_03_sad_session_01
9.3,0.054401654986474535,sad,subject_03,subject_03_sad_session_01
9.304,0.03425777856619059,sad,subject_03,subject_03_sad_session_01
9.308,0.025056324318331817,sad,subject_03,subject_03_sad_session_01
9.312,0.08389482946237031,sad,subject_03,subject_03_sad_session_01
9.316,0.025829275600566345,sad,subject_03,subject_03_sad_session_01
9.32,0.03933408352141743,sad,subject_03,subject_03_sad_session_01
9.324,0.08380942901863322,sad,subject_03,subject_03_sad_session_01
9.328,0.10444005377096066,sad,subject_03,subject_03_sad_session_01
9.332,0.06535590026608876,sad,subject_03,subject_03_sad_session_01
9.336,0.07392979154179506,sad,subject_03,subject_03_sad_session_01
9.34,0.05199763020454985,sad,subject_03,subject_03_sad_session_01
9.344,0.12136433016245375,sad,subject_03,subject_03_sad_session_01
9.348,0.11233496704990634,sad,subject_03,subject_03_sad_session_01
9.352,0.11689860340895528,sad,subject_03,subject_03_sad_session_01
9.356,0.08266929326462122,sad,subject_03,subject_03_sad_session_01
9.36,0.15186342991239438,sad,subject_03,subject_03_sad_session_01
9.364,0.11805105211803367,sad,subject_03,subject_03_sad_session_01
9.368,0.1653260592284982,sad,subject_03,subject_03_sad_session_01
9.372,0.12454264971690263,sad,subject_03,subject_03_sad_session_01
9.376,0.15955664816291015,sad,subject_03,subject_03_sad_session_01
9.38,0.1326162014869611,sad,subject_03,subject_03_sad_session_01
9.384,0.18951409798806332,sad,subject_03,subject_03_sad_session_01
9.388,0.1296498183908471,sad,subject_03,subject_03_sad_session_01
9.392,0.18009691517725906,sad,subject_03,subject_03_sad_session_01
9.396,0.139371119543906,sad,subject_03,subject_03_sad_session_01
9.4,0.16788414224541576,sad,subject_03,subject_03_sad_session_01
9.404,0.20435553089296024,sad,subject_03,subject_03_sad_session_01
9.408,0.15512889089060006,sad,subject_03,subject_03_sad_session_01
9.412,0.2073039081900192,sad,subject_03,subject_03_sad_session_01
9.416,0.21944040293122916,sad,subject_03,subject_03_sad_session_01
9.42,0.13990834229079382,sad,subject_03,subject_03_sad_session_01
9.424,0.21700871807084943,sad,subject_03,subject_03_sad_session_01
9.428,0.23889024012383622,sad,subject_03,subject_03_sad_session_01
9.432,0.18462450749050333,sad,subject_03,subject_03_sad_session_01
9.436,0.18280211008061226,sad,subject_03,subject_03_sad_session_01
9.44,0.1608667748272839,sad,subject_03,subject_03_sad_session_01
9.444,0.18139817145944873,sad,subject_03,subject_03_sad_session_01
9.448,0.24093982565369604,sad,subject_03,subject_03_sad_session_01
9.452,0.1975088016392291,sad,subject_03,subject_03_sad_session_01
9.456,0.2242231490199199,sad,subject_03,subject_03_sad_session_01
9.46,0.189221276457334,sad,subject_03,subject_03_sad_session_01
9.464,0.2028701843258609,sad,subject_03,subject_03_sad_session_01
9.468,0.24144436285562673,sad,subject_03,subject_03_sad_session_01
9.472,0.24187496241321038,sad,subject_03,subject_03_sad_session_01
9.476,0.20305806492244077,sad,subject_03,subject_03_sad_session_01
9.48,0.1888462406115574,sad,subject_03,subject_03_sad_session_01
9.484,0.16761204218743656,sad,subject_03,subject_03_sad_session_01
9.488,0.2112920381464855,sad,subject_03,subject_03_sad_session_01
9.492,0.17923039480182978,sad,subject_03,subject_03_sad_session_01
9.496,0.21698962263748023,sad,subject_03,subject_03_sad_session_01
9.5,0.12271344298523706,sad,subject_03,subject_03_sad_session_01
9.504,0.15506936939370794,sad,subject_03,subject_03_sad_session_01
9.508,0.15825698017589246,sad,subject_03,subject_03_sad_session_01
9.512,0.17251926294888717,sad,subject_03,subject_03_sad_session_01
9.516,0.11274477829565863,sad,subject_03,subject_03_sad_session_01
9.52,0.14172040281448423,sad,subject_03,subject_03_sad_session_01
9.524,0.1692361692502469,sad,subject_03,subject_03_sad_session_01
9.528,0.14363613651161639,sad,subject_03,subject_03_sad_session_01
9.532,0.1384081221498597,sad,subject_03,subject_03_sad_session_01
9.536,0.0981841566720563,sad,subject_03,subject_03_sad_session_01
9.54,0.11031151738192366,sad,subject_03,subject_03_sad_session_01
9.544,0.0804247199246986,sad,subject_03,subject_03_sad_session_01
9.548,0.13598130701506325,sad,subject_03,subject_03_sad_session_01
9.552,0.1128369979592359,sad,subject_03,subject_03_sad_session_01
9.556,0.09867438213932861,sad,subject_03,subject_03_sad_session_01
9.56,0.09501075498701957,sad,subject_03,subject_03_sad_session_01
9.564,0.12110771478155907,sad,subject_03,subject_03_sad_session_01
9.568,0.1404047160768934,sad,subject_03,subject_03_sad_session_01
9.572,0.07770940178838244,sad,subject_03,subject_03_sad_session_01
9.576,0.07330385976258544,sad,subject_03,subject_03_sad_session_01
9.58,0.07851521842719762,sad,subject_03,subject_03_sad_session_01
9.584,0.10616835420795391,sad,subject_03,subject_03_sad_session_01
9.588,0.08204482442164997,sad,subject_03,subject_03_sad_session_01
9.592,0.06714639384565213,sad,subject_03,subject_03_sad_session_01
9.596,0.0749589287140689,sad,subject_03,subject_03_sad_session_01
9.6,0.061103334922494805,sad,subject_03,subject_03_sad_session_01
9.604,0.0037234993336377822,sad,subject_03,subject_03_sad_session_01
9.608,0.07490924599225818,sad,subject_03,subject_03_sad_session_01
9.612,0.016324163753317546,sad,subject_03,subject_03_sad_session_01
9.616,0.035204360821292136,sad,subject_03,subject_03_sad_session_01
9.62,0.012309748697982896,sad,subject_03,subject_03_sad_session_01
9.624,0.025579942424576892,sad,subject_03,subject_03_sad_session_01
9.628,0.03872100352628927,sad,subject_03,subject_03_sad_session_01
9.632,0.07052529407276091,sad,subject_03,subject_03_sad_session_01
9.636,0.01549962076130742,sad,subject_03,subject_03_sad_session_01
9.64,0.07054679805251686,sad,subject_03,subject_03_sad_session_01
9.644,-0.022759660399923845,sad,subject_03,subject_03_sad_session_01
9.648,-0.012896439904128587,sad,subject_03,subject_03_sad_session_01
9.652,-0.0025257779766667578,sad,subject_03,subject_03_sad_session_01
9.656,0.044798613927159,sad,subject_03,subject_03_sad_session_01
9.66,-0.007023753622038456,sad,subject_03,subject_03_sad_session_01
9.664,-0.01737784697250206,sad,subject_03,subject_03_sad_session_01
9.668,0.07313707728624279,sad,subject_03,subject_03_sad_session_01
9.672,0.014542173555865335,sad,subject_03,subject_03_sad_session_01
9.676,0.06249530206137745,sad,subject_03,subject_03_sad_session_01
9.68,0.04821753685703142,sad,subject_03,subject_03_sad_session_01
9.684,0.04090989282019551,sad,subject_03,subject_03_sad_session_01
9.688,0.05396852399430233,sad,subject_03,subject_03_sad_session_01
9.692,0.007678418798701939,sad,subject_03,subject_03_sad_session_01
9.696,-0.01931192869663663,sad,subject_03,subject_03_sad_session_01
9.7,0.030477238379538175,sad,subject_03,subject_03_sad_session_01
9.704,0.00401579643505409,sad,subject_03,subject_03_sad_session_01
9.708,0.03228161819970373,sad,subject_03,subject_03_sad_session_01
9.712,0.04099758143450514,sad,subject_03,subject_03_sad_session_01
9.716,-0.010535300569576916,sad,subject_03,subject_03_sad_session_01
9.72,-0.00438410403242907,sad,subject_03,subject_03_sad_session_01
9.724,0.010424202994195646,sad,subject_03,subject_03_sad_session_01
9.728,0.05094164777010287,sad,subject_03,subject_03_sad_session_01
9.732,-0.010959332899987883,sad,subject_03,subject_03_sad_session_01
9.736,0.06739992347789814,sad,subject_03,subject_03_sad_session_01
9.74,-0.037184653907235445,sad,subject_03,subject_03_sad_session_01
9.744,0.060508975376976755,sad,subject_03,subject_03_sad_session_01
9.748,0.01893016802376962,sad,subject_03,subject_03_sad_session_01
9.752,0.027564825965830243,sad,subject_03,subject_03_sad_session_01
9.756,0.028602118692484368,sad,subject_03,subject_03_sad_session_01
9.76,-0.05832621527989576,sad,subject_03,subject_03_sad_session_01
9.764,0.002450643614185965,sad,subject_03,subject_03_sad_session_01
9.768,0.006351608515348279,sad,subject_03,subject_03_sad_session_01
9.772,0.04693316605573249,sad,subject_03,subject_03_sad_session_01
9.776,0.007916178918396933,sad,subject_03,subject_03_sad_session_01
9.78,0.05296636485587563,sad,subject_03,subject_03_sad_session_01
9.784,0.06466930246472904,sad,subject_03,subject_03_sad_session_01
9.788,0.027465002854888645,sad,subject_03,subject_03_sad_session_01
9.792,0.015489939261596277,sad,subject_03,subject_03_sad_session_01
9.796,-0.021137302448077742,sad,subject_03,subject_03_sad_session_01
9.8,0.028718625762359423,sad,subject_03,subject_03_sad_session_01
9.804,8.316518048035078e-05,sad,subject_03,subject_03_sad_session_01
9.808,0.05134301533761861,sad,subject_03,subject_03_sad_session_01
9.812,-0.03448155645565931,sad,subject_03,subject_03_sad_session_01
9.816,-0.010859821345251664,sad,subject_03,subject_03_sad_session_01
9.82,0.03715349873415362,sad,subject_03,subject_03_sad_session_01
9.824,0.060840225069682605,sad,subject_03,subject_03_sad_session_01
9.828,0.03088745002949151,sad,subject_03,subject_03_sad_session_01
9.832,0.04754723616328933,sad,subject_03,subject_03_sad_session_01
9.836,0.014794081040814248,sad,subject_03,subject_03_sad_session_01
9.84,0.06064558356345513,sad,subject_03,subject_03_sad_session_01
9.844,0.017142703736220923,sad,subject_03,subject_03_sad_session_01
9.848,0.02562236048584921,sad,subject_03,subject_03_sad_session_01
9.852,0.016917896068138268,sad,subject_03,subject_03_sad_session_01
9.856,0.003308245971638553,sad,subject_03,subject_03_sad_session_01
9.86,0.02467870449017761,sad,subject_03,subject_03_sad_session_01
9.864,0.020208452669752477,sad,subject_03,subject_03_sad_session_01
9.868,0.02722179254893769,sad,subject_03,subject_03_sad_session_01
9.872,-0.05251461764740066,sad,subject_03,subject_03_sad_session_01
9.876,-0.009944085059781322,sad,subject_03,subject_03_sad_session_01
9.88,0.002155917862863852,sad,subject_03,subject_03_sad_session_01
9.884,-0.025100328798909388,sad,subject_03,subject_03_sad_session_01
9.888,-0.006126805487844358,sad,subject_03,subject_03_sad_session_01
9.892,0.04564960492266837,sad,subject_03,subject_03_sad_session_01
9.896,0.036816440974141044,sad,subject_03,subject_03_sad_session_01
9.9,0.05990367608019589,sad,subject_03,subject_03_sad_session_01
9.904,0.061464636388829486,sad,subject_03,subject_03_sad_session_01
9.908,0.06780163472418116,sad,subject_03,subject_03_sad_session_01
9.912,0.04365688167235222,sad,subject_03,subject_03_sad_session_01
9.916,0.0874121021159839,sad,subject_03,subject_03_sad_session_01
9.92,0.03468072981529021,sad,subject_03,subject_03_sad_session_01
9.924,0.09570539174398981,sad,subject_03,subject_03_sad_session_01
9.928,0.08846734811986792,sad,subject_03,subject_03_sad_session_01
9.932,0.08662622654003443,sad,subject_03,subject_03_sad_session_01
9.936,0.07164442417337491,sad,subject_03,subject_03_sad_session_01
9.94,0.056861966390173074,sad,subject_03,subject_03_sad_session_01
9.944,0.08203751273108127,sad,subject_03,subject_03_sad_session_01
9.948,0.040937023733200226,sad,subject_03,subject_03_sad_session_01
9.952,0.12178680598850666,sad,subject_03,subject_03_sad_session_01
9.956,0.07986213233477192,sad,subject_03,subject_03_sad_session_01
9.96,0.08475611633593517,sad,subject_03,subject_03_sad_session_01
9.964,0.044855675539382626,sad,subject_03,subject_03_sad_session_01
9.968,0.06976603141573443,sad,subject_03,subject_03_sad_session_01
9.972,0.18082072651865128,sad,subject_03,subject_03_sad_session_01
9.976,0.08299246965641943,sad,subject_03,subject_03_sad_session_01
9.98,0.13222802930533017,sad,subject_03,subject_03_sad_session_01
9.984,0.06132398866452054,sad,subject_03,subject_03_sad_session_01
9.988,0.05718178133027657,sad,subject_03,subject_03_sad_session_01
9.992,0.09375280137040819,sad,subject_03,subject_03_sad_session_01
9.996,0.09273679641005617,sad,subject_03,subject_03_sad_session_01
10.0,0.06865356067806473,sad,subject_03,subject_03_sad_session_01
10.004,0.08198849000380916,sad,subject_03,subject_03_sad_session_01
10.008,0.05392870998445469,sad,subject_03,subject_03_sad_session_01
10.012,0.10834382395124095,sad,subject_03,subject_03_sad_session_01
10.016,0.12681432301743112,sad,subject_03,subject_03_sad_session_01
10.02,0.09228977750797726,sad,subject_03,subject_03_sad_session_01
10.024,0.014367816673861299,sad,subject_03,subject_03_sad_session_01
10.028,0.06321792065292603,sad,subject_03,subject_03_sad_session_01
10.032,0.027009944769885073,sad,subject_03,subject_03_sad_session_01
10.036,0.021830889285685055,sad,subject_03,subject_03_sad_session_01
10.04,0.05565530430827959,sad,subject_03,subject_03_sad_session_01
10.044,0.03297610415306047,sad,subject_03,subject_03_sad_session_01
10.048,0.02887925140900225,sad,subject_03,subject_03_sad_session_01
10.052,0.02288894014206775,sad,subject_03,subject_03_sad_session_01
10.056,-0.009101712069978084,sad,subject_03,subject_03_sad_session_01
10.06,-0.015885191192462483,sad,subject_03,subject_03_sad_session_01
10.064,0.003220973414305283,sad,subject_03,subject_03_sad_session_01
10.068,0.0032744655830865676,sad,subject_03,subject_03_sad_session_01
10.072,0.019248277935968644,sad,subject_03,subject_03_sad_session_01
10.076,0.031448958805499326,sad,subject_03,subject_03_sad_session_01
10.08,-0.002186937407899396,sad,subject_03,subject_03_sad_session_01
10.084,0.006920515169382132,sad,subject_03,subject_03_sad_session_01
10.088,0.02793843560449583,sad,subject_03,subject_03_sad_session_01
10.092,-0.008257561544639466,sad,subject_03,subject_03_sad_session_01
10.096,0.011271840915449369,sad,subject_03,subject_03_sad_session_01
10.1,0.0039348679515827795,sad,subject_03,subject_03_sad_session_01
10.104,-0.013151057805589967,sad,subject_03,subject_03_sad_session_01
10.108,-0.04307649919978353,sad,subject_03,subject_03_sad_session_01
10.112,-0.03565554208936042,sad,subject_03,subject_03_sad_session_01
10.116,0.02010759771473134,sad,subject_03,subject_03_sad_session_01
10.12,-0.06517381539321578,sad,subject_03,subject_03_sad_session_01
10.124,0.029838749128831013,sad,subject_03,subject_03_sad_session_01
10.128,-0.049066240317622356,sad,subject_03,subject_03_sad_session_01
10.132,-0.08095175047075756,sad,subject_03,subject_03_sad_session_01
10.136,-0.03048019804536671,sad,subject_03,subject_03_sad_session_01
10.14,-0.048859360784674954,sad,subject_03,subject_03_sad_session_01
10.144,0.02425822871789949,sad,subject_03,subject_03_sad_session_01
10.148,0.15918087015070365,sad,subject_03,subject_03_sad_session_01
10.152,0.20985686344777085,sad,subject_03,subject_03_sad_session_01
10.156,0.3238999784749596,sad,subject_03,subject_03_sad_session_01
10.16,0.4849532418980489,sad,subject_03,subject_03_sad_session_01
10.164,0.5894617482312654,sad,subject_03,subject_03_sad_session_01
10.168,0.6848118076903468,sad,subject_03,subject_03_sad_session_01
10.172,0.7283458312115343,sad,subject_03,subject_03_sad_session_01
10.176,0.7334443467389997,sad,subject_03,subject_03_sad_session_01
10.18,0.7255974173438564,sad,subject_03,subject_03_sad_session_01
10.184,0.6709000173989471,sad,subject_03,subject_03_sad_session_01
10.188,0.5494327502120891,sad,subject_03,subject_03_sad_session_01
10.192,0.44573707814381264,sad,subject_03,subject_03_sad_session_01
10.196,0.22668818596157048,sad,subject_03,subject_03_sad_session_01
10.2,0.17107084569144693,sad,subject_03,subject_03_sad_session_01
10.204,0.12226784426084919,sad,subject_03,subject_03_sad_session_01
10.208,-0.018915046623092815,sad,subject_03,subject_03_sad_session_01
10.212,-0.04048990276219151,sad,subject_03,subject_03_sad_session_01
10.216,-0.07539274882707672,sad,subject_03,subject_03_sad_session_01
10.22,-0.10626411094117723,sad,subject_03,subject_03_sad_session_01
10.224,-0.06413014480747212,sad,subject_03,subject_03_sad_session_01
10.228,-0.07442318817484231,sad,subject_03,subject_03_sad_session_01
10.232,-0.05709274772269834,sad,subject_03,subject_03_sad_session_01
10.236,-0.04135884236219921,sad,subject_03,subject_03_sad_session_01
10.24,-0.0400670674625455,sad,subject_03,subject_03_sad_session_01
10.244,-0.03549837032801234,sad,subject_03,subject_03_sad_session_01
10.248,-0.014310204671102066,sad,subject_03,subject_03_sad_session_01
10.252,0.0062455587224172805,sad,subject_03,subject_03_sad_session_01
10.256,-0.004206633257262449,sad,subject_03,subject_03_sad_session_01
10.26,-0.0036881711681903077,sad,subject_03,subject_03_sad_session_01
10.264,0.08904645455256865,sad,subject_03,subject_03_sad_session_01
10.268,0.036215246403319,sad,subject_03,subject_03_sad_session_01
10.272,-0.03243371544700125,sad,subject_03,subject_03_sad_session_01
10.276,0.027442616419309403,sad,subject_03,subject_03_sad_session_01
10.28,0.03160714079469728,sad,subject_03,subject_03_sad_session_01
10.284,0.13136027832693045,sad,subject_03,subject_03_sad_session_01
10.288,0.03963502623632307,sad,subject_03,subject_03_sad_session_01
10.292,0.09628523037818798,sad,subject_03,subject_03_sad_session_01
10.296,0.02483069493330406,sad,subject_03,subject_03_sad_session_01
10.3,0.017606602470688577,sad,subject_03,subject_03_sad_session_01
10.304,0.01044295028384326,sad,subject_03,subject_03_sad_session_01
10.308,0.07603306903727534,sad,subject_03,subject_03_sad_session_01
10.312,0.026669850663404514,sad,subject_03,subject_03_sad_session_01
10.316,0.039484314983272505,sad,subject_03,subject_03_sad_session_01
10.32,0.07927772737095184,sad,subject_03,subject_03_sad_session_01
10.324,0.0591365277242703,sad,subject_03,subject_03_sad_session_01
10.328,0.07868755431607068,sad,subject_03,subject_03_sad_session_01
10.332,0.04174731540168215,sad,subject_03,subject_03_sad_session_01
10.336,0.013356675004752572,sad,subject_03,subject_03_sad_session_01
10.34,0.1288862779238107,sad,subject_03,subject_03_sad_session_01
10.344,0.13060925738463255,sad,subject_03,subject_03_sad_session_01
10.348,0.09396658479959154,sad,subject_03,subject_03_sad_session_01
10.352,0.11003265516443235,sad,subject_03,subject_03_sad_session_01
10.356,0.08414515123537476,sad,subject_03,subject_03_sad_session_01
10.36,0.10988690838261912,sad,subject_03,subject_03_sad_session_01
10.364,0.19569749851760107,sad,subject_03,subject_03_sad_session_01
10.368,0.18191685372473385,sad,subject_03,subject_03_sad_session_01
10.372,0.14154997374339673,sad,subject_03,subject_03_sad_session_01
10.376,0.08079251837709184,sad,subject_03,subject_03_sad_session_01
10.38,0.1580826422556951,sad,subject_03,subject_03_sad_session_01
10.384,0.13872870779601912,sad,subject_03,subject_03_sad_session_01
10.388,0.13820932189808124,sad,subject_03,subject_03_sad_session_01
10.392,0.15406435894366843,sad,subject_03,subject_03_sad_session_01
10.396,0.21537747339099203,sad,subject_03,subject_03_sad_session_01
10.4,0.16487472828785352,sad,subject_03,subject_03_sad_session_01
10.404,0.19286982168966085,sad,subject_03,subject_03_sad_session_01
10.408,0.17787096184688575,sad,subject_03,subject_03_sad_session_01
10.412,0.1785847825144167,sad,subject_03,subject_03_sad_session_01
10.416,0.18796432814513594,sad,subject_03,subject_03_sad_session_01
10.42,0.15620550466347946,sad,subject_03,subject_03_sad_session_01
10.424,0.12833072305535678,sad,subject_03,subject_03_sad_session_01
10.428,0.21673013112322728,sad,subject_03,subject_03_sad_session_01
10.432,0.12249708828363326,sad,subject_03,subject_03_sad_session_01
10.436,0.17577074138373988,sad,subject_03,subject_03_sad_session_01
10.44,0.2199741051245739,sad,subject_03,subject_03_sad_session_01
10.444,0.17388596848189525,sad,subject_03,subject_03_sad_session_01
10.448,0.17913094622899947,sad,subject_03,subject_03_sad_session_01
10.452,0.1762813545434749,sad,subject_03,subject_03_sad_session_01
10.456,0.18995494644021996,sad,subject_03,subject_03_sad_session_01
10.46,0.19209064310757268,sad,subject_03,subject_03_sad_session_01
10.464,0.10438119764913098,sad,subject_03,subject_03_sad_session_01
10.468,0.182462292508496,sad,subject_03,subject_03_sad_session_01
10.472,0.13656340622717467,sad,subject_03,subject_03_sad_session_01
10.476,0.1108453957502045,sad,subject_03,subject_03_sad_session_01
10.48,0.09620194044859658,sad,subject_03,subject_03_sad_session_01
10.484,0.13089498729321827,sad,subject_03,subject_03_sad_session_01
10.488,0.10095478613756607,sad,subject_03,subject_03_sad_session_01
10.492,0.11440314913473254,sad,subject_03,subject_03_sad_session_01
10.496,0.10634660559826821,sad,subject_03,subject_03_sad_session_01
10.5,0.10942577275405427,sad,subject_03,subject_03_sad_session_01
10.504,0.11876483040494096,sad,subject_03,subject_03_sad_session_01
10.508,0.12436608759653855,sad,subject_03,subject_03_sad_session_01
10.512,0.11792692080843939,sad,subject_03,subject_03_sad_session_01
10.516,0.12301412496972383,sad,subject_03,subject_03_sad_session_01
10.52,0.06394854720567411,sad,subject_03,subject_03_sad_session_01
10.524,0.04423529134132485,sad,subject_03,subject_03_sad_session_01
10.528,0.05814448750868029,sad,subject_03,subject_03_sad_session_01
10.532,0.04064619765377123,sad,subject_03,subject_03_sad_session_01
10.536,0.010754859021864481,sad,subject_03,subject_03_sad_session_01
10.54,0.037382458420148715,sad,subject_03,subject_03_sad_session_01
10.544,0.060848494458420666,sad,subject_03,subject_03_sad_session_01
10.548,0.07186502057010162,sad,subject_03,subject_03_sad_session_01
10.552,0.028249904896815822,sad,subject_03,subject_03_sad_session_01
10.556,0.05922712893457754,sad,subject_03,subject_03_sad_session_01
10.56,0.02291801656786561,sad,subject_03,subject_03_sad_session_01
10.564,-0.05260657983200851,sad,subject_03,subject_03_sad_session_01
10.568,-0.02559272517646939,sad,subject_03,subject_03_sad_session_01
10.572,0.023988020736560367,sad,subject_03,subject_03_sad_session_01
10.576,-0.04579598415366337,sad,subject_03,subject_03_sad_session_01
10.58,-0.034556415808461693,sad,subject_03,subject_03_sad_session_01
10.584,-0.04307670564259508,sad,subject_03,subject_03_sad_session_01
10.588,-0.00628066976654333,sad,subject_03,subject_03_sad_session_01
10.592,0.004680077934755853,sad,subject_03,subject_03_sad_session_01
10.596,-0.055993641931544796,sad,subject_03,subject_03_sad_session_01
10.6,0.015844012326139773,sad,subject_03,subject_03_sad_session_01
10.604,-0.008461931367367564,sad,subject_03,subject_03_sad_session_01
10.608,-0.05019593620949487,sad,subject_03,subject_03_sad_session_01
10.612,-0.011004720390353455,sad,subject_03,subject_03_sad_session_01
10.616,-0.03635794583947958,sad,subject_03,subject_03_sad_session_01
10.62,-0.03814611969350031,sad,subject_03,subject_03_sad_session_01
10.624,-0.054290007606517296,sad,subject_03,subject_03_sad_session_01
10.628,-0.017936404615931323,sad,subject_03,subject_03_sad_session_01
10.632,-0.025957760268070892,sad,subject_03,subject_03_sad_session_01
10.636,-0.02717382484212702,sad,subject_03,subject_03_sad_session_01
10.64,-0.023997206255061167,sad,subject_03,subject_03_sad_session_01
10.644,-0.013883949673016734,sad,subject_03,subject_03_sad_session_01
10.648,-0.027637231779424298,sad,subject_03,subject_03_sad_session_01
10.652,-0.08186099221610503,sad,subject_03,subject_03_sad_session_01
10.656,-0.02425175310623048,sad,subject_03,subject_03_sad_session_01
10.66,-0.05234443546941575,sad,subject_03,subject_03_sad_session_01
10.664,0.009939195275855676,sad,subject_03,subject_03_sad_session_01
10.668,-0.011347354265124055,sad,subject_03,subject_03_sad_session_01
10.672,0.005121789221960278,sad,subject_03,subject_03_sad_session_01
10.676,-0.04125981596327745,sad,subject_03,subject_03_sad_session_01
10.68,0.0015954945955978447,sad,subject_03,subject_03_sad_session_01
10.684,-0.059015337050725675,sad,subject_03,subject_03_sad_session_01
10.688,-0.026269466228811197,sad,subject_03,subject_03_sad_session_01
10.692,-0.05319301698915713,sad,subject_03,subject_03_sad_session_01
10.696,-0.008201504658453089,sad,subject_03,subject_03_sad_session_01
10.7,0.025383736137170224,sad,subject_03,subject_03_sad_session_01
10.704,-0.015920847271944608,sad,subject_03,subject_03_sad_session_01
10.708,-0.07142625774059047,sad,subject_03,subject_03_sad_session_01
10.712,-0.04700441057457916,sad,subject_03,subject_03_sad_session_01
10.716,0.06493372684802719,sad,subject_03,subject_03_sad_session_01
10.72,-0.0023661910866296827,sad,subject_03,subject_03_sad_session_01
10.724,-0.05026592808010533,sad,subject_03,subject_03_sad_session_01
10.728,0.00041744284886460065,sad,subject_03,subject_03_sad_session_01
10.732,-0.023570090734672117,sad,subject_03,subject_03_sad_session_01
10.736,0.05140758212969017,sad,subject_03,subject_03_sad_session_01
10.74,-0.02534822976997534,sad,subject_03,subject_03_sad_session_01
10.744,-0.03520941690541867,sad,subject_03,subject_03_sad_session_01
10.748,-0.029793022342568556,sad,subject_03,subject_03_sad_session_01
10.752,-0.03936400002825921,sad,subject_03,subject_03_sad_session_01
10.756,-0.049247221841246594,sad,subject_03,subject_03_sad_session_01
10.76,-0.061600182772272034,sad,subject_03,subject_03_sad_session_01
10.764,-0.0423139826823943,sad,subject_03,subject_03_sad_session_01
10.768,-0.004921259430775694,sad,subject_03,subject_03_sad_session_01
10.772,-0.03575345390009318,sad,subject_03,subject_03_sad_session_01
10.776,-0.045408157006456076,sad,subject_03,subject_03_sad_session_01
10.78,-0.06793297961793653,sad,subject_03,subject_03_sad_session_01
10.784,-0.007063752884976685,sad,subject_03,subject_03_sad_session_01
10.788,0.02005122378377249,sad,subject_03,subject_03_sad_session_01
10.792,-0.05367493401217141,sad,subject_03,subject_03_sad_session_01
10.796,-0.04736814697440349,sad,subject_03,subject_03_sad_session_01
10.8,-0.05586559510238909,sad,subject_03,subject_03_sad_session_01
10.804,-0.003622957824617048,sad,subject_03,subject_03_sad_session_01
10.808,0.0031552769644579773,sad,subject_03,subject_03_sad_session_01
10.812,-0.023380802078712307,sad,subject_03,subject_03_sad_session_01
10.816,-0.06345853366656677,sad,subject_03,subject_03_sad_session_01
10.82,-0.01586000669659613,sad,subject_03,subject_03_sad_session_01
10.824,-0.020219046353158163,sad,subject_03,subject_03_sad_session_01
10.828,-0.016828443641592347,sad,subject_03,subject_03_sad_session_01
10.832,-0.057651518413024336,sad,subject_03,subject_03_sad_session_01
10.836,-0.059023094598726594,sad,subject_03,subject_03_sad_session_01
10.84,-0.07355603856444173,sad,subject_03,subject_03_sad_session_01
10.844,0.010711512762646442,sad,subject_03,subject_03_sad_session_01
10.848,0.012860398819875097,sad,subject_03,subject_03_sad_session_01
10.852,-0.06980845384181171,sad,subject_03,subject_03_sad_session_01
10.856,-0.043512263282159916,sad,subject_03,subject_03_sad_session_01
10.86,-0.041401888641562024,sad,subject_03,subject_03_sad_session_01
10.864,0.011922972244462121,sad,subject_03,subject_03_sad_session_01
10.868,-0.010166376996537553,sad,subject_03,subject_03_sad_session_01
10.872,0.03643414837721526,sad,subject_03,subject_03_sad_session_01
10.876,-0.01529479594395371,sad,subject_03,subject_03_sad_session_01
10.88,-0.04311713377683093,sad,subject_03,subject_03_sad_session_01
10.884,-0.021034160187674747,sad,subject_03,subject_03_sad_session_01
10.888,-0.021938203547729504,sad,subject_03,subject_03_sad_session_01
10.892,0.04153334389925412,sad,subject_03,subject_03_sad_session_01
10.896,0.07254591326861497,sad,subject_03,subject_03_sad_session_01
10.9,0.03467778504307245,sad,subject_03,subject_03_sad_session_01
10.904,0.0043159099218052326,sad,subject_03,subject_03_sad_session_01
10.908,0.03827174183482015,sad,subject_03,subject_03_sad_session_01
10.912,-0.01302775422968068,sad,subject_03,subject_03_sad_session_01
10.916,0.035182808968795234,sad,subject_03,subject_03_sad_session_01
10.92,-0.003913860398251347,sad,subject_03,subject_03_sad_session_01
10.924,0.0655516040773806,sad,subject_03,subject_03_sad_session_01
10.928,0.05058793903076446,sad,subject_03,subject_03_sad_session_01
10.932,0.08417477382804549,sad,subject_03,subject_03_sad_session_01
10.936,0.0852918250259028,sad,subject_03,subject_03_sad_session_01
10.94,0.04921069869061835,sad,subject_03,subject_03_sad_session_01
10.944,0.09845135036111298,sad,subject_03,subject_03_sad_session_01
10.948,0.033896294877957873,sad,subject_03,subject_03_sad_session_01
10.952,0.14910392646982676,sad,subject_03,subject_03_sad_session_01
10.956,0.02968096552383471,sad,subject_03,subject_03_sad_session_01
10.96,0.09131512711171974,sad,subject_03,subject_03_sad_session_01
10.964,0.1045627190781869,sad,subject_03,subject_03_sad_session_01
10.968,0.07023902755818387,sad,subject_03,subject_03_sad_session_01
10.972,0.030756378754763707,sad,subject_03,subject_03_sad_session_01
10.976,0.03483940584799935,sad,subject_03,subject_03_sad_session_01
10.98,0.023198535097541738,sad,subject_03,subject_03_sad_session_01
10.984,0.04908603203870728,sad,subject_03,subject_03_sad_session_01
10.988,0.0680363149514554,sad,subject_03,subject_03_sad_session_01
10.992,0.053588362128544925,sad,subject_03,subject_03_sad_session_01
10.996,0.03540492108624571,sad,subject_03,subject_03_sad_session_01
11.0,-0.013548220296903238,sad,subject_03,subject_03_sad_session_01
11.004,0.07403289673979307,sad,subject_03,subject_03_sad_session_01
11.008,0.012508492182787444,sad,subject_03,subject_03_sad_session_01
11.012,0.0012987145458713458,sad,subject_03,subject_03_sad_session_01
11.016,0.01480246428294621,sad,subject_03,subject_03_sad_session_01
11.02,-0.04640417367400589,sad,subject_03,subject_03_sad_session_01
11.024,-0.002619385139706964,sad,subject_03,subject_03_sad_session_01
11.028,-0.011030821362558046,sad,subject_03,subject_03_sad_session_01
11.032,-0.013434809010563091,sad,subject_03,subject_03_sad_session_01
11.036,0.025133813227447007,sad,subject_03,subject_03_sad_session_01
11.04,-0.05181762890140837,sad,subject_03,subject_03_sad_session_01
11.044,-0.017969831991005644,sad,subject_03,subject_03_sad_session_01
11.048,-0.03747360080240243,sad,subject_03,subject_03_sad_session_01
11.052,-0.027341944736389838,sad,subject_03,subject_03_sad_session_01
11.056,0.0024772284736187707,sad,subject_03,subject_03_sad_session_01
11.06,-0.027696216616593796,sad,subject_03,subject_03_sad_session_01
11.064,-0.03321247519220731,sad,subject_03,subject_03_sad_session_01
11.068,-0.096400268445052,sad,subject_03,subject_03_sad_session_01
11.072,-0.003173382102069456,sad,subject_03,subject_03_sad_session_01
11.076,-0.07609581786418336,sad,subject_03,subject_03_sad_session_01
11.08,-0.04223827880819531,sad,subject_03,subject_03_sad_session_01
11.084,-0.054789187792025976,sad,subject_03,subject_03_sad_session_01
11.088,-0.09920484610076959,sad,subject_03,subject_03_sad_session_01
11.092,-0.02953727393765724,sad,subject_03,subject_03_sad_session_01
11.096,-0.05105767737286336,sad,subject_03,subject_03_sad_session_01
11.1,-0.02926190332988689,sad,subject_03,subject_03_sad_session_01
11.104,-0.03444485906434369,sad,subject_03,subject_03_sad_session_01
11.108,-0.03437877720655313,sad,subject_03,subject_03_sad_session_01
11.112,-0.02960651619166712,sad,subject_03,subject_03_sad_session_01
11.116,-0.005112792891724649,sad,subject_03,subject_03_sad_session_01
11.12,0.056048996980449,sad,subject_03,subject_03_sad_session_01
11.124,0.10993829052043677,sad,subject_03,subject_03_sad_session_01
11.128,0.19941422090350563,sad,subject_03,subject_03_sad_session_01
11.132,0.2971712942656427,sad,subject_03,subject_03_sad_session_01
11.136,0.4248959936544839,sad,subject_03,subject_03_sad_session_01
11.14,0.5422527665976018,sad,subject_03,subject_03_sad_session_01
11.144,0.633875562126337,sad,subject_03,subject_03_sad_session_01
11.148,0.6787495256320963,sad,subject_03,subject_03_sad_session_01
11.152,0.7771809777606735,sad,subject_03,subject_03_sad_session_01
11.156,0.7489033826552466,sad,subject_03,subject_03_sad_session_01
11.16,0.6281918315029016,sad,subject_03,subject_03_sad_session_01
11.164,0.5678650381440147,sad,subject_03,subject_03_sad_session_01
11.168,0.5064530994815214,sad,subject_03,subject_03_sad_session_01
11.172,0.30812163218009464,sad,subject_03,subject_03_sad_session_01
11.176,0.17372817440321583,sad,subject_03,subject_03_sad_session_01
11.18,0.1788327538043753,sad,subject_03,subject_03_sad_session_01
11.184,-0.0070995310492274364,sad,subject_03,subject_03_sad_session_01
11.188,-0.11740354208262899,sad,subject_03,subject_03_sad_session_01
11.192,-0.11816438542274295,sad,subject_03,subject_03_sad_session_01
11.196,-0.11889196985313626,sad,subject_03,subject_03_sad_session_01
11.2,-0.07669567669553895,sad,subject_03,subject_03_sad_session_01
11.204,-0.0848126871159827,sad,subject_03,subject_03_sad_session_01
11.208,-0.10951276739052343,sad,subject_03,subject_03_sad_session_01
11.212,-0.13785146228662992,sad,subject_03,subject_03_sad_session_01
11.216,-0.020976035229475436,sad,subject_03,subject_03_sad_session_01
11.22,-0.023620819960394505,sad,subject_03,subject_03_sad_session_01
11.224,0.017730045307529464,sad,subject_03,subject_03_sad_session_01
11.228,-0.03279493765152639,sad,subject_03,subject_03_sad_session_01
11.232,-0.018401016817974285,sad,subject_03,subject_03_sad_session_01
11.236,-0.023659058866552434,sad,subject_03,subject_03_sad_session_01
11.24,-0.023235291962941176,sad,subject_03,subject_03_sad_session_01
11.244,0.009302962093358812,sad,subject_03,subject_03_sad_session_01
11.248,-0.013158265242476397,sad,subject_03,subject_03_sad_session_01
11.252,-0.04702235224720748,sad,subject_03,subject_03_sad_session_01
11.256,0.04601919429630892,sad,subject_03,subject_03_sad_session_01
11.26,0.016595625651354723,sad,subject_03,subject_03_sad_session_01
11.264,0.033295700580207914,sad,subject_03,subject_03_sad_session_01
11.268,0.05663163757119334,sad,subject_03,subject_03_sad_session_01
11.272,0.015029976443367713,sad,subject_03,subject_03_sad_session_01
11.276,0.019367905680552452,sad,subject_03,subject_03_sad_session_01
11.28,-0.0025077614039277774,sad,subject_03,subject_03_sad_session_01
11.284,0.06017904445335151,sad,subject_03,subject_03_sad_session_01
11.288,-0.0073685955572439996,sad,subject_03,subject_03_sad_session_01
11.292,0.05019800852079015,sad,subject_03,subject_03_sad_session_01
11.296,0.06495892517375323,sad,subject_03,subject_03_sad_session_01
11.3,0.015034111933339513,sad,subject_03,subject_03_sad_session_01
11.304,0.09700042060949374,sad,subject_03,subject_03_sad_session_01
11.308,0.006074762052087027,sad,subject_03,subject_03_sad_session_01
11.312,0.031444434268604285,sad,subject_03,subject_03_sad_session_01
11.316,0.07597723324451822,sad,subject_03,subject_03_sad_session_01
11.32,0.1041465698569237,sad,subject_03,subject_03_sad_session_01
11.324,0.04749592538879093,sad,subject_03,subject_03_sad_session_01
11.328,0.11601084871082112,sad,subject_03,subject_03_sad_session_01
11.332,0.12457211225487727,sad,subject_03,subject_03_sad_session_01
11.336,0.0938580447223845,sad,subject_03,subject_03_sad_session_01
11.34,0.11521503978152486,sad,subject_03,subject_03_sad_session_01
11.344,0.15177600943856184,sad,subject_03,subject_03_sad_session_01
11.348,0.16782149384245848,sad,subject_03,subject_03_sad_session_01
11.352,0.111652514869713,sad,subject_03,subject_03_sad_session_01
11.356,0.10701985923999037,sad,subject_03,subject_03_sad_session_01
11.36,0.1318429622409124,sad,subject_03,subject_03_sad_session_01
11.364,0.1085317130543142,sad,subject_03,subject_03_sad_session_01
11.368,0.1825242803721674,sad,subject_03,subject_03_sad_session_01
11.372,0.1633331259054634,sad,subject_03,subject_03_sad_session_01
11.376,0.15186010674418166,sad,subject_03,subject_03_sad_session_01
11.38,0.18845131681765567,sad,subject_03,subject_03_sad_session_01
11.384,0.18062021450043333,sad,subject_03,subject_03_sad_session_01
11.388,0.18873875519235506,sad,subject_03,subject_03_sad_session_01
11.392,0.17780157081453227,sad,subject_03,subject_03_sad_session_01
11.396,0.2048028724971754,sad,subject_03,subject_03_sad_session_01
11.4,0.12195595991871856,sad,subject_03,subject_03_sad_session_01
11.404,0.17900361202759907,sad,subject_03,subject_03_sad_session_01
11.408,0.21026656596148696,sad,subject_03,subject_03_sad_session_01
11.412,0.1529382918456207,sad,subject_03,subject_03_sad_session_01
11.416,0.14417351091438657,sad,subject_03,subject_03_sad_session_01
11.42,0.14867770512316733,sad,subject_03,subject_03_sad_session_01
11.424,0.15779329198787853,sad,subject_03,subject_03_sad_session_01
11.428,0.18771918825266348,sad,subject_03,subject_03_sad_session_01
11.432,0.152628784828547,sad,subject_03,subject_03_sad_session_01
11.436,0.18320366542365685,sad,subject_03,subject_03_sad_session_01
11.44,0.16014154809812317,sad,subject_03,subject_03_sad_session_01
11.444,0.16984352777740686,sad,subject_03,subject_03_sad_session_01
11.448,0.13897875631453288,sad,subject_03,subject_03_sad_session_01
11.452,0.1257333258767274,sad,subject_03,subject_03_sad_session_01
11.456,0.08842201433389339,sad,subject_03,subject_03_sad_session_01
11.46,0.050399162020576205,sad,subject_03,subject_03_sad_session_01
11.464,0.10643235988534286,sad,subject_03,subject_03_sad_session_01
11.468,0.03713792667700548,sad,subject_03,subject_03_sad_session_01
11.472,0.10471701198921547,sad,subject_03,subject_03_sad_session_01
11.476,0.12189723699701496,sad,subject_03,subject_03_sad_session_01
11.48,0.09723963741723861,sad,subject_03,subject_03_sad_session_01
11.484,0.006184654729390823,sad,subject_03,subject_03_sad_session_01
11.488,0.07269460544202724,sad,subject_03,subject_03_sad_session_01
11.492,0.09555535335917376,sad,subject_03,subject_03_sad_session_01
11.496,0.11193233722584975,sad,subject_03,subject_03_sad_session_01
11.5,0.08414663420570316,sad,subject_03,subject_03_sad_session_01
11.504,0.06303342470514411,sad,subject_03,subject_03_sad_session_01
11.508,0.0720963347328669,sad,subject_03,subject_03_sad_session_01
11.512,0.1083315146552236,sad,subject_03,subject_03_sad_session_01
11.516,0.04897552017052459,sad,subject_03,subject_03_sad_session_01
11.52,-0.0011223160052407644,sad,subject_03,subject_03_sad_session_01
11.524,0.024926375646106204,sad,subject_03,subject_03_sad_session_01
11.528,0.012312302976427745,sad,subject_03,subject_03_sad_session_01
11.532,-0.00430806297775823,sad,subject_03,subject_03_sad_session_01
11.536,0.005345820942041737,sad,subject_03,subject_03_sad_session_01
11.54,0.1057933071433199,sad,subject_03,subject_03_sad_session_01
11.544,-0.0111295607782897,sad,subject_03,subject_03_sad_session_01
11.548,0.0011042464713753829,sad,subject_03,subject_03_sad_session_01
11.552,0.09687495039789985,sad,subject_03,subject_03_sad_session_01
11.556,0.027330166077368295,sad,subject_03,subject_03_sad_session_01
11.56,0.017762384594130123,sad,subject_03,subject_03_sad_session_01
11.564,0.021043013897391362,sad,subject_03,subject_03_sad_session_01
11.568,0.008307304542084056,sad,subject_03,subject_03_sad_session_01
11.572,-0.013464260855772908,sad,subject_03,subject_03_sad_session_01
11.576,0.008236197072398262,sad,subject_03,subject_03_sad_session_01
11.58,0.013299710790887478,sad,subject_03,subject_03_sad_session_01
11.584,-0.055491910278516125,sad,subject_03,subject_03_sad_session_01
11.588,-0.019929857556803637,sad,subject_03,subject_03_sad_session_01
11.592,-0.05846088886633833,sad,subject_03,subject_03_sad_session_01
11.596,-0.03568079541470556,sad,subject_03,subject_03_sad_session_01
11.6,0.005937305681680365,sad,subject_03,subject_03_sad_session_01
11.604,-0.023551157580627608,sad,subject_03,subject_03_sad_session_01
11.608,-0.018627303155513888,sad,subject_03,subject_03_sad_session_01
11.612,-0.09383263593078463,sad,subject_03,subject_03_sad_session_01
11.616,-0.05329682259046401,sad,subject_03,subject_03_sad_session_01
11.62,-0.0481845924134,sad,subject_03,subject_03_sad_session_01
11.624,-0.06525401695488788,sad,subject_03,subject_03_sad_session_01
11.628,-0.008431466521711792,sad,subject_03,subject_03_sad_session_01
11.632,-0.011949161216885764,sad,subject_03,subject_03_sad_session_01
11.636,0.01051839853283999,sad,subject_03,subject_03_sad_session_01
11.64,0.024382581667545776,sad,subject_03,subject_03_sad_session_01
11.644,0.027291385172496477,sad,subject_03,subject_03_sad_session_01
11.648,-0.0034028418220870965,sad,subject_03,subject_03_sad_session_01
11.652,-0.008396018974357843,sad,subject_03,subject_03_sad_session_01
11.656,-0.005710047764650488,sad,subject_03,subject_03_sad_session_01
11.66,-0.04460147077565915,sad,subject_03,subject_03_sad_session_01
11.664,-0.00605171412106772,sad,subject_03,subject_03_sad_session_01
11.668,-0.02960599323128666,sad,subject_03,subject_03_sad_session_01
11.672,-0.05100391346771922,sad,subject_03,subject_03_sad_session_01
11.676,-0.06799701626509692,sad,subject_03,subject_03_sad_session_01
11.68,-0.08668899396997219,sad,subject_03,subject_03_sad_session_01
11.684,-0.021588917029977405,sad,subject_03,subject_03_sad_session_01
11.688,-0.0342469870484321,sad,subject_03,subject_03_sad_session_01
11.692,-0.036231883624924216,sad,subject_03,subject_03_sad_session_01
11.696,-0.04826786882783336,sad,subject_03,subject_03_sad_session_01
11.7,-0.03033017523595528,sad,subject_03,subject_03_sad_session_01
11.704,-0.04624162861222384,sad,subject_03,subject_03_sad_session_01
11.708,-0.010392989960051642,sad,subject_03,subject_03_sad_session_01
11.712,0.009095526143498203,sad,subject_03,subject_03_sad_session_01
11.716,-0.02751859077841976,sad,subject_03,subject_03_sad_session_01
11.72,0.019949995497415142,sad,subject_03,subject_03_sad_session_01
11.724,-0.035850536782107936,sad,subject_03,subject_03_sad_session_01
11.728,-0.07029757682931849,sad,subject_03,subject_03_sad_session_01
11.732,0.028644952323453054,sad,subject_03,subject_03_sad_session_01
11.736,-0.07340022934850252,sad,subject_03,subject_03_sad_session_01
11.74,-0.02869040633794836,sad,subject_03,subject_03_sad_session_01
11.744,0.011796628849998492,sad,subject_03,subject_03_sad_session_01
11.748,0.025644646381298215,sad,subject_03,subject_03_sad_session_01
11.752,-0.016219036179793027,sad,subject_03,subject_03_sad_session_01
11.756,-0.028360273790778365,sad,subject_03,subject_03_sad_session_01
11.76,0.05203291578753853,sad,subject_03,subject_03_sad_session_01
11.764,0.01681636928270798,sad,subject_03,subject_03_sad_session_01
11.768,0.02173285011653861,sad,subject_03,subject_03_sad_session_01
11.772,0.00391406179327816,sad,subject_03,subject_03_sad_session_01
11.776,0.008049972858360286,sad,subject_03,subject_03_sad_session_01
11.78,-0.0020795955477228177,sad,subject_03,subject_03_sad_session_01
11.784,-0.013456662035535156,sad,subject_03,subject_03_sad_session_01
11.788,-0.06477629990523613,sad,subject_03,subject_03_sad_session_01
11.792,-0.04897835485454249,sad,subject_03,subject_03_sad_session_01
11.796,0.011973421925702804,sad,subject_03,subject_03_sad_session_01
11.8,0.028218751496879926,sad,subject_03,subject_03_sad_session_01
11.804,-0.0018281131474441985,sad,subject_03,subject_03_sad_session_01
11.808,-0.039587337785751506,sad,subject_03,subject_03_sad_session_01
11.812,0.00033692833058313835,sad,subject_03,subject_03_sad_session_01
11.816,0.006611550865196551,sad,subject_03,subject_03_sad_session_01
11.82,-0.06075180064755722,sad,subject_03,subject_03_sad_session_01
11.824,0.04279054480264256,sad,subject_03,subject_03_sad_session_01
11.828,0.02515959463404171,sad,subject_03,subject_03_sad_session_01
11.832,-0.03076362170769562,sad,subject_03,subject_03_sad_session_01
11.836,0.0006347848370580806,sad,subject_03,subject_03_sad_session_01
11.84,-0.004452760186043784,sad,subject_03,subject_03_sad_session_01
11.844,0.04687328451557947,sad,subject_03,subject_03_sad_session_01
11.848,-0.00582183517810057,sad,subject_03,subject_03_sad_session_01
11.852,-0.021349415910528878,sad,subject_03,subject_03_sad_session_01
11.856,0.014736236992848801,sad,subject_03,subject_03_sad_session_01
11.86,-0.009011811137769332,sad,subject_03,subject_03_sad_session_01
11.864,0.05567312812280402,sad,subject_03,subject_03_sad_session_01
11.868,0.02860846895941387,sad,subject_03,subject_03_sad_session_01
11.872,0.0007416254462150398,sad,subject_03,subject_03_sad_session_01
11.876,0.01959294288485069,sad,subject_03,subject_03_sad_session_01
11.88,0.032978805027268826,sad,subject_03,subject_03_sad_session_01
11.884,0.042961709267775205,sad,subject_03,subject_03_sad_session_01
11.888,0.00862160368349358,sad,subject_03,subject_03_sad_session_01
11.892,0.02840804581188735,sad,subject_03,subject_03_sad_session_01
11.896,0.07678045202774801,sad,subject_03,subject_03_sad_session_01
11.9,0.11221575118120991,sad,subject_03,subject_03_sad_session_01
11.904,0.06310484811723333,sad,subject_03,subject_03_sad_session_01
11.908,0.08578544154620092,sad,subject_03,subject_03_sad_session_01
11.912,0.15688768588070845,sad,subject_03,subject_03_sad_session_01
11.916,0.09739082007473401,sad,subject_03,subject_03_sad_session_01
11.92,0.03431425342934826,sad,subject_03,subject_03_sad_session_01
11.924,0.11153936722977852,sad,subject_03,subject_03_sad_session_01
11.928,0.1022812439760408,sad,subject_03,subject_03_sad_session_01
11.932,0.08311528962475742,sad,subject_03,subject_03_sad_session_01
11.936,0.06172810034679419,sad,subject_03,subject_03_sad_session_01
11.94,0.11914612909697261,sad,subject_03,subject_03_sad_session_01
11.944,0.011093402910411013,sad,subject_03,subject_03_sad_session_01
11.948,0.07712593643045874,sad,subject_03,subject_03_sad_session_01
11.952,0.07597494839611155,sad,subject_03,subject_03_sad_session_01
11.956,0.0616746706132153,sad,subject_03,subject_03_sad_session_01
11.96,0.07537938238892433,sad,subject_03,subject_03_sad_session_01
11.964,0.036569275818775976,sad,subject_03,subject_03_sad_session_01
11.968,0.08569028126424819,sad,subject_03,subject_03_sad_session_01
11.972,0.15159288426911152,sad,subject_03,subject_03_sad_session_01
11.976,0.03169070607503775,sad,subject_03,subject_03_sad_session_01
11.98,0.0660845262699287,sad,subject_03,subject_03_sad_session_01
11.984,0.05337488100782246,sad,subject_03,subject_03_sad_session_01
11.988,0.04995247072766342,sad,subject_03,subject_03_sad_session_01
11.992,0.02511887707744811,sad,subject_03,subject_03_sad_session_01
11.996,0.03497294916184343,sad,subject_03,subject_03_sad_session_01
12.0,0.03690334798448794,sad,subject_03,subject_03_sad_session_01
12.004,0.05078849803687761,sad,subject_03,subject_03_sad_session_01
12.008,0.045195194307057415,sad,subject_03,subject_03_sad_session_01
12.012,0.05864911309993434,sad,subject_03,subject_03_sad_session_01
12.016,-0.0047142260477008036,sad,subject_03,subject_03_sad_session_01
12.02,0.02042147439079029,sad,subject_03,subject_03_sad_session_01
12.024,0.008141762985086507,sad,subject_03,subject_03_sad_session_01
12.028,0.03664601608718917,sad,subject_03,subject_03_sad_session_01
12.032,-0.03749294056048569,sad,subject_03,subject_03_sad_session_01
12.036,0.0410068885701669,sad,subject_03,subject_03_sad_session_01
12.04,0.01666475443379994,sad,subject_03,subject_03_sad_session_01
12.044,0.04232217314481335,sad,subject_03,subject_03_sad_session_01
12.048,0.007048739673886082,sad,subject_03,subject_03_sad_session_01
12.052,-0.0003497968037924088,sad,subject_03,subject_03_sad_session_01
12.056,-0.015259140589603067,sad,subject_03,subject_03_sad_session_01
12.06,-0.008313848381013143,sad,subject_03,subject_03_sad_session_01
12.064,-0.05815905222032482,sad,subject_03,subject_03_sad_session_01
12.068,-0.004394889680856138,sad,subject_03,subject_03_sad_session_01
12.072,-0.019196728679333502,sad,subject_03,subject_03_sad_session_01
12.076,-0.006187925011051362,sad,subject_03,subject_03_sad_session_01
12.08,-0.036381943061854084,sad,subject_03,subject_03_sad_session_01
12.084,-0.008911094515790162,sad,subject_03,subject_03_sad_session_01
12.088,-0.020050537210799295,sad,subject_03,subject_03_sad_session_01
12.092,-0.05322912465111485,sad,subject_03,subject_03_sad_session_01
12.096,0.04121249543901175,sad,subject_03,subject_03_sad_session_01
12.1,0.12679702440609297,sad,subject_03,subject_03_sad_session_01
12.104,0.21487358788576963,sad,subject_03,subject_03_sad_session_01
12.108,0.2655731110610239,sad,subject_03,subject_03_sad_session_01
12.112,0.36122813903379825,sad,subject_03,subject_03_sad_session_01
12.116,0.5523503710889499,sad,subject_03,subject_03_sad_session_01
12.12,0.6326982705680336,sad,subject_03,subject_03_sad_session_01
12.124,0.6682848989936573,sad,subject_03,subject_03_sad_session_01
12.128,0.7165839815001388,sad,subject_03,subject_03_sad_session_01
12.132,0.7480330299904858,sad,subject_03,subject_03_sad_session_01
12.136,0.7380942233824326,sad,subject_03,subject_03_sad_session_01
12.14,0.6303842336549358,sad,subject_03,subject_03_sad_session_01
12.144,0.4944834109180884,sad,subject_03,subject_03_sad_session_01
12.148,0.3624999221081973,sad,subject_03,subject_03_sad_session_01
12.152,0.27006377617614,sad,subject_03,subject_03_sad_session_01
12.156,0.15151868665609114,sad,subject_03,subject_03_sad_session_01
12.16,0.04284649926219014,sad,subject_03,subject_03_sad_session_01
12.164,0.0437301213525658,sad,subject_03,subject_03_sad_session_01
12.168,-0.09287407366170576,sad,subject_03,subject_03_sad_session_01
12.172,-0.08935279830181554,sad,subject_03,subject_03_sad_session_01
12.176,-0.0035871537988236,sad,subject_03,subject_03_sad_session_01
12.18,-0.07982380583258497,sad,subject_03,subject_03_sad_session_01
12.184,-0.03813957184782748,sad,subject_03,subject_03_sad_session_01
12.188,0.023199931613550558,sad,subject_03,subject_03_sad_session_01
12.192,-0.0070748047949516345,sad,subject_03,subject_03_sad_session_01
12.196,0.0198806227160118,sad,subject_03,subject_03_sad_session_01
12.2,-0.003538112042895565,sad,subject_03,subject_03_sad_session_01
12.204,-0.003900340227801051,sad,subject_03,subject_03_sad_session_01
12.208,-0.022118784037214505,sad,subject_03,subject_03_sad_session_01
12.212,0.02287623268821541,sad,subject_03,subject_03_sad_session_01
12.216,0.04344082947056151,sad,subject_03,subject_03_sad_session_01
12.22,0.09298545420031673,sad,subject_03,subject_03_sad_session_01
12.224,0.021470263903881,sad,subject_03,subject_03_sad_session_01
12.228,0.07653701150229575,sad,subject_03,subject_03_sad_session_01
12.232,0.07189914914528248,sad,subject_03,subject_03_sad_session_01
12.236,0.025046436043098714,sad,subject_03,subject_03_sad_session_01
12.24,0.051700119142246065,sad,subject_03,subject_03_sad_session_01
12.244,0.05583999577472055,sad,subject_03,subject_03_sad_session_01
12.248,0.01700999515273649,sad,subject_03,subject_03_sad_session_01
12.252,0.05523784949094924,sad,subject_03,subject_03_sad_session_01
12.256,0.04192352411913912,sad,subject_03,subject_03_sad_session_01
12.26,0.06486314275131988,sad,subject_03,subject_03_sad_session_01
12.264,0.0716885258214831,sad,subject_03,subject_03_sad_session_01
12.268,0.0799992001516198,sad,subject_03,subject_03_sad_session_01
12.272,0.06857234293887013,sad,subject_03,subject_03_sad_session_01
12.276,0.060169121652800604,sad,subject_03,subject_03_sad_session_01
12.28,0.044335662109523395,sad,subject_03,subject_03_sad_session_01
12.284,0.13089873942581914,sad,subject_03,subject_03_sad_session_01
12.288,0.1092859299869545,sad,subject_03,subject_03_sad_session_01
12.292,0.1450639395849745,sad,subject_03,subject_03_sad_session_01
12.296,0.1154882037534006,sad,subject_03,subject_03_sad_session_01
12.3,0.1254308883998987,sad,subject_03,subject_03_sad_session_01
12.304,0.12363994440654054,sad,subject_03,subject_03_sad_session_01
12.308,0.1266266891002564,sad,subject_03,subject_03_sad_session_01
12.312,0.15054074125655012,sad,subject_03,subject_03_sad_session_01
12.316,0.14001212304728874,sad,subject_03,subject_03_sad_session_01
12.32,0.18355515450075435,sad,subject_03,subject_03_sad_session_01
12.324,0.20174022362279792,sad,subject_03,subject_03_sad_session_01
12.328,0.20444412663870642,sad,subject_03,subject_03_sad_session_01
12.332,0.216753983180011,sad,subject_03,subject_03_sad_session_01
12.336,0.14087830203837814,sad,subject_03,subject_03_sad_session_01
12.34,0.21583057613752765,sad,subject_03,subject_03_sad_session_01
12.344,0.1866548039014807,sad,subject_03,subject_03_sad_session_01
12.348,0.19093655971753018,sad,subject_03,subject_03_sad_session_01
12.352,0.16984160823568395,sad,subject_03,subject_03_sad_session_01
12.356,0.1832521523961929,sad,subject_03,subject_03_sad_session_01
12.36,0.13113919099002114,sad,subject_03,subject_03_sad_session_01
12.364,0.2162930525607267,sad,subject_03,subject_03_sad_session_01
12.368,0.1953485595902138,sad,subject_03,subject_03_sad_session_01
12.372,0.18734302481385648,sad,subject_03,subject_03_sad_session_01
12.376,0.24391347981660325,sad,subject_03,subject_03_sad_session_01
12.38,0.20464306764252063,sad,subject_03,subject_03_sad_session_01
12.384,0.17664726946833798,sad,subject_03,subject_03_sad_session_01
12.388,0.2033934660756406,sad,subject_03,subject_03_sad_session_01
12.392,0.254399043936331,sad,subject_03,subject_03_sad_session_01
12.396,0.19773325346152393,sad,subject_03,subject_03_sad_session_01
12.4,0.22406630108444373,sad,subject_03,subject_03_sad_session_01
12.404,0.1759636758582554,sad,subject_03,subject_03_sad_session_01
12.408,0.20978807158690163,sad,subject_03,subject_03_sad_session_01
12.412,0.19808882979740958,sad,subject_03,subject_03_sad_session_01
12.416,0.18854141461656562,sad,subject_03,subject_03_sad_session_01
12.42,0.1700850520621473,sad,subject_03,subject_03_sad_session_01
12.424,0.17218013095513673,sad,subject_03,subject_03_sad_session_01
12.428,0.11972176533422167,sad,subject_03,subject_03_sad_session_01
12.432,0.12325721438565024,sad,subject_03,subject_03_sad_session_01
12.436,0.12010973295318844,sad,subject_03,subject_03_sad_session_01
12.44,0.1160290282940587,sad,subject_03,subject_03_sad_session_01
12.444,0.14805359414776592,sad,subject_03,subject_03_sad_session_01
12.448,0.13610718385262827,sad,subject_03,subject_03_sad_session_01
12.452,0.1141295325024016,sad,subject_03,subject_03_sad_session_01
12.456,0.1762875563184325,sad,subject_03,subject_03_sad_session_01
12.46,0.1265651118145265,sad,subject_03,subject_03_sad_session_01
12.464,0.15583750000079571,sad,subject_03,subject_03_sad_session_01
12.468,0.07933747389543352,sad,subject_03,subject_03_sad_session_01
12.472,0.1307168188497602,sad,subject_03,subject_03_sad_session_01
12.476,0.14224490468257528,sad,subject_03,subject_03_sad_session_01
12.48,0.11934393743432439,sad,subject_03,subject_03_sad_session_01
12.484,0.08882982444604044,sad,subject_03,subject_03_sad_session_01
12.488,0.08858546457003814,sad,subject_03,subject_03_sad_session_01
12.492,0.10239598409238528,sad,subject_03,subject_03_sad_session_01
12.496,0.08918741011027184,sad,subject_03,subject_03_sad_session_01
12.5,0.11568008343438735,sad,subject_03,subject_03_sad_session_01
12.504,0.05029553775682269,sad,subject_03,subject_03_sad_session_01
12.508,0.10322078825338252,sad,subject_03,subject_03_sad_session_01
12.512,0.07923031082596367,sad,subject_03,subject_03_sad_session_01
12.516,0.072566162282397,sad,subject_03,subject_03_sad_session_01
12.52,0.05760204677811662,sad,subject_03,subject_03_sad_session_01
12.524,0.09153080195112967,sad,subject_03,subject_03_sad_session_01
12.528,0.029936736217200437,sad,subject_03,subject_03_sad_session_01
12.532,0.01907777738375789,sad,subject_03,subject_03_sad_session_01
12.536,0.051590599982119865,sad,subject_03,subject_03_sad_session_01
12.54,0.027599661187530516,sad,subject_03,subject_03_sad_session_01
12.544,0.05471363141327439,sad,subject_03,subject_03_sad_session_01
12.548,0.1006822483115344,sad,subject_03,subject_03_sad_session_01
12.552,0.04407036267635419,sad,subject_03,subject_03_sad_session_01
12.556,0.04588186687687171,sad,subject_03,subject_03_sad_session_01
12.56,0.08568481477292418,sad,subject_03,subject_03_sad_session_01
12.564,0.048239138441191,sad,subject_03,subject_03_sad_session_01
12.568,0.06712523101551796,sad,subject_03,subject_03_sad_session_01
12.572,0.025969598339465765,sad,subject_03,subject_03_sad_session_01
12.576,0.03128064924658316,sad,subject_03,subject_03_sad_session_01
12.58,0.011899239875845926,sad,subject_03,subject_03_sad_session_01
12.584,0.044731940613146615,sad,subject_03,subject_03_sad_session_01
12.588,0.04472270413775966,sad,subject_03,subject_03_sad_session_01
12.592,0.051001878300322934,sad,subject_03,subject_03_sad_session_01
12.596,0.04187282275642391,sad,subject_03,subject_03_sad_session_01
12.6,0.024266622540871613,sad,subject_03,subject_03_sad_session_01
12.604,0.0445213224980913,sad,subject_03,subject_03_sad_session_01
12.608,0.07186317499534273,sad,subject_03,subject_03_sad_session_01
12.612,0.03119527743613732,sad,subject_03,subject_03_sad_session_01
12.616,-0.01281449413917481,sad,subject_03,subject_03_sad_session_01
12.62,-0.002752347425077656,sad,subject_03,subject_03_sad_session_01
12.624,0.033902278962716456,sad,subject_03,subject_03_sad_session_01
12.628,0.0006671504884416778,sad,subject_03,subject_03_sad_session_01
12.632,0.011376726367000961,sad,subject_03,subject_03_sad_session_01
12.636,0.010448854748497442,sad,subject_03,subject_03_sad_session_01
12.64,0.03816796636711017,sad,subject_03,subject_03_sad_session_01
12.644,0.07383064771492302,sad,subject_03,subject_03_sad_session_01
12.648,-0.018480646584344416,sad,subject_03,subject_03_sad_session_01
12.652,0.05691806082135166,sad,subject_03,subject_03_sad_session_01
12.656,0.05561509349536777,sad,subject_03,subject_03_sad_session_01
12.66,0.03423813301224571,sad,subject_03,subject_03_sad_session_01
12.664,0.020031488072793764,sad,subject_03,subject_03_sad_session_01
12.668,0.04914882439967992,sad,subject_03,subject_03_sad_session_01
12.672,0.028056276624666716,sad,subject_03,subject_03_sad_session_01
12.676,0.021563708796531637,sad,subject_03,subject_03_sad_session_01
12.68,-0.02782899888674152,sad,subject_03,subject_03_sad_session_01
12.684,0.04029912893932952,sad,subject_03,subject_03_sad_session_01
12.688,0.06843734467015794,sad,subject_03,subject_03_sad_session_01
12.692,-0.015236034842274912,sad,subject_03,subject_03_sad_session_01
12.696,0.00015915252978034033,sad,subject_03,subject_03_sad_session_01
12.7,0.01267737892975215,sad,subject_03,subject_03_sad_session_01
12.704,0.018462395817348626,sad,subject_03,subject_03_sad_session_01
12.708,0.005394382511514556,sad,subject_03,subject_03_sad_session_01
12.712,0.06501413665756683,sad,subject_03,subject_03_sad_session_01
12.716,0.08690570230490678,sad,subject_03,subject_03_sad_session_01
12.72,0.03375584550533203,sad,subject_03,subject_03_sad_session_01
12.724,0.007287595327578784,sad,subject_03,subject_03_sad_session_01
12.728,0.032098710479434064,sad,subject_03,subject_03_sad_session_01
12.732,-0.006284624558362078,sad,subject_03,subject_03_sad_session_01
12.736,0.02109275553848142,sad,subject_03,subject_03_sad_session_01
12.74,0.04392952548918956,sad,subject_03,subject_03_sad_session_01
12.744,0.04726615887963226,sad,subject_03,subject_03_sad_session_01
12.748,0.04447940013052461,sad,subject_03,subject_03_sad_session_01
12.752,0.013800875198327017,sad,subject_03,subject_03_sad_session_01
12.756,0.03197848410686832,sad,subject_03,subject_03_sad_session_01
12.76,0.017673658450000865,sad,subject_03,subject_03_sad_session_01
12.764,0.05477835278613187,sad,subject_03,subject_03_sad_session_01
12.768,0.04119214949127456,sad,subject_03,subject_03_sad_session_01
12.772,0.07874028409062508,sad,subject_03,subject_03_sad_session_01
12.776,0.03922113446182911,sad,subject_03,subject_03_sad_session_01
12.78,0.0041838224711111364,sad,subject_03,subject_03_sad_session_01
12.784,-0.005919852464655047,sad,subject_03,subject_03_sad_session_01
12.788,0.03582902347044332,sad,subject_03,subject_03_sad_session_01
12.792,-0.03807076246907852,sad,subject_03,subject_03_sad_session_01
12.796,0.02061625249783867,sad,subject_03,subject_03_sad_session_01
12.8,0.016396624996080775,sad,subject_03,subject_03_sad_session_01
12.804,0.011179452084384991,sad,subject_03,subject_03_sad_session_01
12.808,0.04101054335397702,sad,subject_03,subject_03_sad_session_01
12.812,0.007559135441665525,sad,subject_03,subject_03_sad_session_01
12.816,-0.006660966222101133,sad,subject_03,subject_03_sad_session_01
12.82,0.05784736734886632,sad,subject_03,subject_03_sad_session_01
12.824,0.03488942701565978,sad,subject_03,subject_03_sad_session_01
12.828,0.0590161077330689,sad,subject_03,subject_03_sad_session_01
12.832,0.05763617240755345,sad,subject_03,subject_03_sad_session_01
12.836,0.07209763340454835,sad,subject_03,subject_03_sad_session_01
12.84,0.06672844207777633,sad,subject_03,subject_03_sad_session_01
12.844,0.08225376515299825,sad,subject_03,subject_03_sad_session_01
12.848,0.12037419762667073,sad,subject_03,subject_03_sad_session_01
12.852,0.08451891929926728,sad,subject_03,subject_03_sad_session_01
12.856,0.09655974913262105,sad,subject_03,subject_03_sad_session_01
12.86,0.0884779298777251,sad,subject_03,subject_03_sad_session_01
12.864,0.03379120631083133,sad,subject_03,subject_03_sad_session_01
12.868,0.091931786204132,sad,subject_03,subject_03_sad_session_01
12.872,0.14162671693035075,sad,subject_03,subject_03_sad_session_01
12.876,0.12100178269125751,sad,subject_03,subject_03_sad_session_01
12.88,0.09676289698160279,sad,subject_03,subject_03_sad_session_01
12.884,0.12684124682122855,sad,subject_03,subject_03_sad_session_01
12.888,0.08629441396786465,sad,subject_03,subject_03_sad_session_01
12.892,0.14375329987392582,sad,subject_03,subject_03_sad_session_01
12.896,0.11120152493224628,sad,subject_03,subject_03_sad_session_01
12.9,0.132945050414118,sad,subject_03,subject_03_sad_session_01
12.904,0.09856848325403667,sad,subject_03,subject_03_sad_session_01
12.908,0.13610313949130115,sad,subject_03,subject_03_sad_session_01
12.912,0.05728128553342891,sad,subject_03,subject_03_sad_session_01
12.916,0.11531655146630604,sad,subject_03,subject_03_sad_session_01
12.92,0.10350143142365414,sad,subject_03,subject_03_sad_session_01
12.924,0.10203635730413743,sad,subject_03,subject_03_sad_session_01
12.928,0.017496976721316185,sad,subject_03,subject_03_sad_session_01
12.932,0.09623753229803014,sad,subject_03,subject_03_sad_session_01
12.936,0.12046598824988308,sad,subject_03,subject_03_sad_session_01
12.94,0.08112571967024522,sad,subject_03,subject_03_sad_session_01
12.944,0.11679781632406273,sad,subject_03,subject_03_sad_session_01
12.948,0.12465619063645791,sad,subject_03,subject_03_sad_session_01
12.952,0.1011529913585889,sad,subject_03,subject_03_sad_session_01
12.956,0.09848365237057732,sad,subject_03,subject_03_sad_session_01
12.96,0.08962508357927866,sad,subject_03,subject_03_sad_session_01
12.964,0.09277339782897769,sad,subject_03,subject_03_sad_session_01
12.968,0.05118878591476571,sad,subject_03,subject_03_sad_session_01
12.972,0.04084311908933434,sad,subject_03,subject_03_sad_session_01
12.976,0.03716328379064354,sad,subject_03,subject_03_sad_session_01
12.98,0.07812225973136304,sad,subject_03,subject_03_sad_session_01
12.984,0.0287657062750877,sad,subject_03,subject_03_sad_session_01
12.988,0.04176859460387301,sad,subject_03,subject_03_sad_session_01
12.992,0.03464265836054976,sad,subject_03,subject_03_sad_session_01
12.996,0.04998636188291342,sad,subject_03,subject_03_sad_session_01
13.0,0.06096819027917585,sad,subject_03,subject_03_sad_session_01
13.004,0.05884156401752337,sad,subject_03,subject_03_sad_session_01
13.008,-0.015375088242416561,sad,subject_03,subject_03_sad_session_01
13.012,0.04707564317339839,sad,subject_03,subject_03_sad_session_01
13.016,0.033971906547974065,sad,subject_03,subject_03_sad_session_01
13.02,0.039445700780384424,sad,subject_03,subject_03_sad_session_01
13.024,0.023191774754499968,sad,subject_03,subject_03_sad_session_01
13.028,0.00850541588812087,sad,subject_03,subject_03_sad_session_01
13.032,0.06080679739345837,sad,subject_03,subject_03_sad_session_01
13.036,0.024901975016479155,sad,subject_03,subject_03_sad_session_01
13.04,0.06649579247820908,sad,subject_03,subject_03_sad_session_01
13.044,0.026992993350313434,sad,subject_03,subject_03_sad_session_01
13.048,0.024442332186381362,sad,subject_03,subject_03_sad_session_01
13.052,-0.0012825755938399262,sad,subject_03,subject_03_sad_session_01
13.056,0.012560412741639002,sad,subject_03,subject_03_sad_session_01
13.06,0.03507434640680844,sad,subject_03,subject_03_sad_session_01
13.064,0.0030229202693354924,sad,subject_03,subject_03_sad_session_01
13.068,0.02417456183041388,sad,subject_03,subject_03_sad_session_01
13.072,0.09605014878822296,sad,subject_03,subject_03_sad_session_01
13.076,0.06377408757555209,sad,subject_03,subject_03_sad_session_01
13.08,0.14856390115046675,sad,subject_03,subject_03_sad_session_01
13.084,0.2834467754517624,sad,subject_03,subject_03_sad_session_01
13.088,0.33428640604845844,sad,subject_03,subject_03_sad_session_01
13.092,0.5157504666081804,sad,subject_03,subject_03_sad_session_01
13.096,0.583130851389972,sad,subject_03,subject_03_sad_session_01
13.1,0.6809543452016827,sad,subject_03,subject_03_sad_session_01
13.104,0.7777902120583587,sad,subject_03,subject_03_sad_session_01
13.108,0.7356523951946277,sad,subject_03,subject_03_sad_session_01
13.112,0.6942454335775718,sad,subject_03,subject_03_sad_session_01
13.116,0.6322592353206171,sad,subject_03,subject_03_sad_session_01
13.12,0.613242666190436,sad,subject_03,subject_03_sad_session_01
13.124,0.5159466460688362,sad,subject_03,subject_03_sad_session_01
13.128,0.33382057303878526,sad,subject_03,subject_03_sad_session_01
13.132,0.2754545443874586,sad,subject_03,subject_03_sad_session_01
13.136,0.13302742321074093,sad,subject_03,subject_03_sad_session_01
13.14,0.05038169756011394,sad,subject_03,subject_03_sad_session_01
13.144,0.018505353079169173,sad,subject_03,subject_03_sad_session_01
13.148,-0.09391433122594395,sad,subject_03,subject_03_sad_session_01
13.152,-0.0293736629963438,sad,subject_03,subject_03_sad_session_01
13.156,-0.0963847140054516,sad,subject_03,subject_03_sad_session_01
13.16,-0.0736512298081667,sad,subject_03,subject_03_sad_session_01
13.164,-0.05033003992174605,sad,subject_03,subject_03_sad_session_01
13.168,0.027792228085056887,sad,subject_03,subject_03_sad_session_01
13.172,0.042655472063578656,sad,subject_03,subject_03_sad_session_01
13.176,0.058386706676580594,sad,subject_03,subject_03_sad_session_01
13.18,0.03691625625039215,sad,subject_03,subject_03_sad_session_01
13.184,0.03100574739833903,sad,subject_03,subject_03_sad_session_01
13.188,0.06039893255059514,sad,subject_03,subject_03_sad_session_01
13.192,0.04352134512776973,sad,subject_03,subject_03_sad_session_01
13.196,0.056574651298506674,sad,subject_03,subject_03_sad_session_01
13.2,0.05064465144336889,sad,subject_03,subject_03_sad_session_01
13.204,0.05382520551774582,sad,subject_03,subject_03_sad_session_01
13.208,0.11934621303697007,sad,subject_03,subject_03_sad_session_01
13.212,0.08852861512044272,sad,subject_03,subject_03_sad_session_01
13.216,0.07903428944663128,sad,subject_03,subject_03_sad_session_01
13.22,0.056637214137121236,sad,subject_03,subject_03_sad_session_01
13.224,0.07363965257711427,sad,subject_03,subject_03_sad_session_01
13.228,0.10512622360733406,sad,subject_03,subject_03_sad_session_01
13.232,0.085247736557038,sad,subject_03,subject_03_sad_session_01
13.236,0.07202310053325939,sad,subject_03,subject_03_sad_session_01
13.24,0.03854352651174711,sad,subject_03,subject_03_sad_session_01
13.244,0.08215536369953996,sad,subject_03,subject_03_sad_session_01
13.248,0.11857254806956802,sad,subject_03,subject_03_sad_session_01
13.252,0.06523775369250523,sad,subject_03,subject_03_sad_session_01
13.256,0.15213210226216528,sad,subject_03,subject_03_sad_session_01
13.26,0.12086313853681824,sad,subject_03,subject_03_sad_session_01
13.264,0.16091516432128772,sad,subject_03,subject_03_sad_session_01
13.268,0.12193456243760105,sad,subject_03,subject_03_sad_session_01
13.272,0.06382059609372175,sad,subject_03,subject_03_sad_session_01
13.276,0.12347502534351733,sad,subject_03,subject_03_sad_session_01
13.28,0.12093398552276605,sad,subject_03,subject_03_sad_session_01
13.284,0.12066134597506549,sad,subject_03,subject_03_sad_session_01
13.288,0.16625160769638392,sad,subject_03,subject_03_sad_session_01
13.292,0.13005708370511013,sad,subject_03,subject_03_sad_session_01
13.296,0.11938632360509724,sad,subject_03,subject_03_sad_session_01
13.3,0.14879288561487866,sad,subject_03,subject_03_sad_session_01
13.304,0.19773285807303276,sad,subject_03,subject_03_sad_session_01
13.308,0.16960189157918376,sad,subject_03,subject_03_sad_session_01
13.312,0.15495925687037776,sad,subject_03,subject_03_sad_session_01
13.316,0.17421210351354566,sad,subject_03,subject_03_sad_session_01
13.32,0.22316823654160228,sad,subject_03,subject_03_sad_session_01
13.324,0.20867831809132378,sad,subject_03,subject_03_sad_session_01
13.328,0.21349209661494234,sad,subject_03,subject_03_sad_session_01
13.332,0.21467045858382966,sad,subject_03,subject_03_sad_session_01
13.336,0.15356034159284268,sad,subject_03,subject_03_sad_session_01
13.34,0.20162822041465434,sad,subject_03,subject_03_sad_session_01
13.344,0.23726091052339326,sad,subject_03,subject_03_sad_session_01
13.348,0.1427334291408424,sad,subject_03,subject_03_sad_session_01
13.352,0.15089560073830904,sad,subject_03,subject_03_sad_session_01
13.356,0.177261452108892,sad,subject_03,subject_03_sad_session_01
13.36,0.18709608918958473,sad,subject_03,subject_03_sad_session_01
13.364,0.21016734012004065,sad,subject_03,subject_03_sad_session_01
13.368,0.16907721338474443,sad,subject_03,subject_03_sad_session_01
13.372,0.22160197786938987,sad,subject_03,subject_03_sad_session_01
13.376,0.27158911257442886,sad,subject_03,subject_03_sad_session_01
13.38,0.18518018928381558,sad,subject_03,subject_03_sad_session_01
13.384,0.15726606642197283,sad,subject_03,subject_03_sad_session_01
13.388,0.18353444225725307,sad,subject_03,subject_03_sad_session_01
13.392,0.20917354535750762,sad,subject_03,subject_03_sad_session_01
13.396,0.1935554608439808,sad,subject_03,subject_03_sad_session_01
13.4,0.2069185199928744,sad,subject_03,subject_03_sad_session_01
13.404,0.1719382892802799,sad,subject_03,subject_03_sad_session_01
13.408,0.18534487818296216,sad,subject_03,subject_03_sad_session_01
13.412,0.24747706512733644,sad,subject_03,subject_03_sad_session_01
13.416,0.15328161296180448,sad,subject_03,subject_03_sad_session_01
13.42,0.15955958088334388,sad,subject_03,subject_03_sad_session_01
13.424,0.16785550008766564,sad,subject_03,subject_03_sad_session_01
13.428,0.22362623942779075,sad,subject_03,subject_03_sad_session_01
13.432,0.16864094647093447,sad,subject_03,subject_03_sad_session_01
13.436,0.1403178839474772,sad,subject_03,subject_03_sad_session_01
13.44,0.11753999930132226,sad,subject_03,subject_03_sad_session_01
13.444,0.1659749548217045,sad,subject_03,subject_03_sad_session_01
13.448,0.1172298329413536,sad,subject_03,subject_03_sad_session_01
13.452,0.15986246203710308,sad,subject_03,subject_03_sad_session_01
13.456,0.10063537863652687,sad,subject_03,subject_03_sad_session_01
13.46,0.08510812867772782,sad,subject_03,subject_03_sad_session_01
13.464,0.05393245382627075,sad,subject_03,subject_03_sad_session_01
13.468,0.10779656283612862,sad,subject_03,subject_03_sad_session_01
13.472,0.032970634279150667,sad,subject_03,subject_03_sad_session_01
13.476,0.12001540610268917,sad,subject_03,subject_03_sad_session_01
13.48,0.034583754306363894,sad,subject_03,subject_03_sad_session_01
13.484,0.018524270253556345,sad,subject_03,subject_03_sad_session_01
13.488,0.06748481569820308,sad,subject_03,subject_03_sad_session_01
13.492,0.09339623665531079,sad,subject_03,subject_03_sad_session_01
13.496,0.057278885353559385,sad,subject_03,subject_03_sad_session_01
13.5,0.08005104435633201,sad,subject_03,subject_03_sad_session_01
13.504,0.0632217657258711,sad,subject_03,subject_03_sad_session_01
13.508,0.07085672534909326,sad,subject_03,subject_03_sad_session_01
13.512,0.09455078081202103,sad,subject_03,subject_03_sad_session_01
13.516,0.023227588378227318,sad,subject_03,subject_03_sad_session_01
13.52,0.04633458531976706,sad,subject_03,subject_03_sad_session_01
13.524,-0.01937788740560239,sad,subject_03,subject_03_sad_session_01
13.528,0.07790861994944845,sad,subject_03,subject_03_sad_session_01
13.532,0.024502836195759527,sad,subject_03,subject_03_sad_session_01
13.536,0.03439257930715714,sad,subject_03,subject_03_sad_session_01
13.54,0.02117150409707546,sad,subject_03,subject_03_sad_session_01
13.544,0.008834423173679763,sad,subject_03,subject_03_sad_session_01
13.548,0.05028787804363899,sad,subject_03,subject_03_sad_session_01
13.552,0.04326841839027992,sad,subject_03,subject_03_sad_session_01
13.556,0.008338997705738982,sad,subject_03,subject_03_sad_session_01
13.56,0.07576496739843032,sad,subject_03,subject_03_sad_session_01
13.564,0.048321755067293484,sad,subject_03,subject_03_sad_session_01
13.568,0.07003325497872695,sad,subject_03,subject_03_sad_session_01
13.572,-0.03520252072882399,sad,subject_03,subject_03_sad_session_01
13.576,0.0011366241981251683,sad,subject_03,subject_03_sad_session_01
13.58,0.0484189818719387,sad,subject_03,subject_03_sad_session_01
13.584,-0.018110444500053093,sad,subject_03,subject_03_sad_session_01
13.588,0.005601888790673318,sad,subject_03,subject_03_sad_session_01
13.592,-0.013387658177082276,sad,subject_03,subject_03_sad_session_01
13.596,0.028982417767720564,sad,subject_03,subject_03_sad_session_01
13.6,0.0063377100487955335,sad,subject_03,subject_03_sad_session_01
13.604,-0.014155727478204799,sad,subject_03,subject_03_sad_session_01
13.608,0.06784792884186808,sad,subject_03,subject_03_sad_session_01
13.612,0.03503190340938255,sad,subject_03,subject_03_sad_session_01
13.616,0.034084309556725284,sad,subject_03,subject_03_sad_session_01
13.62,0.0208568714103853,sad,subject_03,subject_03_sad_session_01
13.624,0.04031968950211376,sad,subject_03,subject_03_sad_session_01
13.628,0.031053997278687448,sad,subject_03,subject_03_sad_session_01
13.632,-0.04038003580382314,sad,subject_03,subject_03_sad_session_01
13.636,0.07264977108961806,sad,subject_03,subject_03_sad_session_01
13.64,0.06747477823500866,sad,subject_03,subject_03_sad_session_01
13.644,0.001063959330365384,sad,subject_03,subject_03_sad_session_01
13.648,-0.035319298889293554,sad,subject_03,subject_03_sad_session_01
13.652,-0.01820118661950412,sad,subject_03,subject_03_sad_session_01
13.656,-0.01741521864292926,sad,subject_03,subject_03_sad_session_01
13.66,0.02308750313577599,sad,subject_03,subject_03_sad_session_01
13.664,0.0017160067535545113,sad,subject_03,subject_03_sad_session_01
13.668,-0.004442284873182994,sad,subject_03,subject_03_sad_session_01
13.672,0.0325133331022002,sad,subject_03,subject_03_sad_session_01
13.676,0.010278559382887964,sad,subject_03,subject_03_sad_session_01
13.68,0.042224109080385,sad,subject_03,subject_03_sad_session_01
13.684,0.011837732048130706,sad,subject_03,subject_03_sad_session_01
13.688,0.06414495722595295,sad,subject_03,subject_03_sad_session_01
13.692,0.08049784196699758,sad,subject_03,subject_03_sad_session_01
13.696,0.020259777235254954,sad,subject_03,subject_03_sad_session_01
13.7,0.003472411487560499,sad,subject_03,subject_03_sad_session_01
13.704,0.010883316158710066,sad,subject_03,subject_03_sad_session_01
13.708,0.04447762664918378,sad,subject_03,subject_03_sad_session_01
13.712,0.03871034581984252,sad,subject_03,subject_03_sad_session_01
13.716,-0.044777428221722454,sad,subject_03,subject_03_sad_session_01
13.72,0.02892929669867416,sad,subject_03,subject_03_sad_session_01
13.724,0.00046519150296385134,sad,subject_03,subject_03_sad_session_01
13.728,0.020308383673316898,sad,subject_03,subject_03_sad_session_01
13.732,0.011839633320167815,sad,subject_03,subject_03_sad_session_01
13.736,-0.0001472061862502847,sad,subject_03,subject_03_sad_session_01
13.74,-0.03823294490437232,sad,subject_03,subject_03_sad_session_01
13.744,-0.035843410063167117,sad,subject_03,subject_03_sad_session_01
13.748,0.00344180275758328,sad,subject_03,subject_03_sad_session_01
13.752,0.007837128142339674,sad,subject_03,subject_03_sad_session_01
13.756,0.010170684839715633,sad,subject_03,subject_03_sad_session_01
13.76,0.020268546438087304,sad,subject_03,subject_03_sad_session_01
13.764,-0.011862343075932856,sad,subject_03,subject_03_sad_session_01
13.768,-0.028665372458234615,sad,subject_03,subject_03_sad_session_01
13.772,0.04354814226619472,sad,subject_03,subject_03_sad_session_01
13.776,0.03154379568257388,sad,subject_03,subject_03_sad_session_01
13.78,-0.005273039671422598,sad,subject_03,subject_03_sad_session_01
13.784,0.043178197343001094,sad,subject_03,subject_03_sad_session_01
13.788,-0.011609100943477325,sad,subject_03,subject_03_sad_session_01
13.792,0.027110787213419908,sad,subject_03,subject_03_sad_session_01
13.796,0.029550197288506847,sad,subject_03,subject_03_sad_session_01
13.8,0.005796423278886888,sad,subject_03,subject_03_sad_session_01
13.804,0.042441277465402966,sad,subject_03,subject_03_sad_session_01
13.808,-0.008274897956929692,sad,subject_03,subject_03_sad_session_01
13.812,0.033305055541466545,sad,subject_03,subject_03_sad_session_01
13.816,0.03718008660987551,sad,subject_03,subject_03_sad_session_01
13.82,0.008869056159827027,sad,subject_03,subject_03_sad_session_01
13.824,0.06551509960517339,sad,subject_03,subject_03_sad_session_01
13.828,0.08491487651194458,sad,subject_03,subject_03_sad_session_01
13.832,0.05427221347858796,sad,subject_03,subject_03_sad_session_01
13.836,0.0636623159446483,sad,subject_03,subject_03_sad_session_01
13.84,0.0579799600157258,sad,subject_03,subject_03_sad_session_01
13.844,0.06877440274676216,sad,subject_03,subject_03_sad_session_01
13.848,0.06133231691916853,sad,subject_03,subject_03_sad_session_01
13.852,0.08186712368987445,sad,subject_03,subject_03_sad_session_01
13.856,0.07856181633930998,sad,subject_03,subject_03_sad_session_01
13.86,0.13968569478963555,sad,subject_03,subject_03_sad_session_01
13.864,0.08769266953821646,sad,subject_03,subject_03_sad_session_01
13.868,0.0691569702046865,sad,subject_03,subject_03_sad_session_01
13.872,0.04856368969310379,sad,subject_03,subject_03_sad_session_01
13.876,0.13268207568566698,sad,subject_03,subject_03_sad_session_01
13.88,0.1471044874315394,sad,subject_03,subject_03_sad_session_01
13.884,0.06926770822006778,sad,subject_03,subject_03_sad_session_01
13.888,0.12255972520154286,sad,subject_03,subject_03_sad_session_01
13.892,0.11908827300184954,sad,subject_03,subject_03_sad_session_01
13.896,0.10190782769790685,sad,subject_03,subject_03_sad_session_01
13.9,0.06548771620104288,sad,subject_03,subject_03_sad_session_01
13.904,0.1110229516691918,sad,subject_03,subject_03_sad_session_01
13.908,0.13163085126946605,sad,subject_03,subject_03_sad_session_01
13.912,0.12998972512613807,sad,subject_03,subject_03_sad_session_01
13.916,0.09867099956177236,sad,subject_03,subject_03_sad_session_01
13.92,0.1041483905292383,sad,subject_03,subject_03_sad_session_01
13.924,0.0182451732620312,sad,subject_03,subject_03_sad_session_01
13.928,0.08541042128397416,sad,subject_03,subject_03_sad_session_01
13.932,0.08027255571219581,sad,subject_03,subject_03_sad_session_01
13.936,0.0463994190575953,sad,subject_03,subject_03_sad_session_01
13.94,0.05345221099575256,sad,subject_03,subject_03_sad_session_01
13.944,0.02967978695263092,sad,subject_03,subject_03_sad_session_01
13.948,-0.006100891921156391,sad,subject_03,subject_03_sad_session_01
13.952,0.05416029176081773,sad,subject_03,subject_03_sad_session_01
13.956,0.08796349068791195,sad,subject_03,subject_03_sad_session_01
13.96,0.0009828091197947482,sad,subject_03,subject_03_sad_session_01
13.964,0.025662823768197084,sad,subject_03,subject_03_sad_session_01
13.968,-0.019856131580733016,sad,subject_03,subject_03_sad_session_01
13.972,0.023745631079025446,sad,subject_03,subject_03_sad_session_01
13.976,-0.004954164149859559,sad,subject_03,subject_03_sad_session_01
13.98,0.007526072659557542,sad,subject_03,subject_03_sad_session_01
13.984,0.03940015726334301,sad,subject_03,subject_03_sad_session_01
13.988,0.01663369751847628,sad,subject_03,subject_03_sad_session_01
13.992,0.002690542037269517,sad,subject_03,subject_03_sad_session_01
13.996,-0.023026539321442288,sad,subject_03,subject_03_sad_session_01
14.0,0.024577516101606238,sad,subject_03,subject_03_sad_session_01
14.004,-0.030657824952570457,sad,subject_03,subject_03_sad_session_01
14.008,0.04172938288938007,sad,subject_03,subject_03_sad_session_01
14.012,0.004363963507710241,sad,subject_03,subject_03_sad_session_01
14.016,-0.030993385131977587,sad,subject_03,subject_03_sad_session_01
14.02,-0.047119033314149135,sad,subject_03,subject_03_sad_session_01
14.024,-0.01446060320291671,sad,subject_03,subject_03_sad_session_01
14.028,-0.019907001696754075,sad,subject_03,subject_03_sad_session_01
14.032,-0.0017140118239127294,sad,subject_03,subject_03_sad_session_01
14.036,-0.05275939891417388,sad,subject_03,subject_03_sad_session_01
14.04,-0.0017337777818607902,sad,subject_03,subject_03_sad_session_01
14.044,-0.09583608606555125,sad,subject_03,subject_03_sad_session_01
14.048,0.0038212840704856567,sad,subject_03,subject_03_sad_session_01
14.052,0.02245007915709832,sad,subject_03,subject_03_sad_session_01
14.056,0.11415761460968493,sad,subject_03,subject_03_sad_session_01
14.06,0.23753733610865158,sad,subject_03,subject_03_sad_session_01
14.064,0.3353962645174965,sad,subject_03,subject_03_sad_session_01
14.068,0.4327954915288125,sad,subject_03,subject_03_sad_session_01
14.072,0.573742545488224,sad,subject_03,subject_03_sad_session_01
14.076,0.6710950477436342,sad,subject_03,subject_03_sad_session_01
14.08,0.7464497787523643,sad,subject_03,subject_03_sad_session_01
14.084,0.7180954715547692,sad,subject_03,subject_03_sad_session_01
14.088,0.7551696861302752,sad,subject_03,subject_03_sad_session_01
14.092,0.7122514050499938,sad,subject_03,subject_03_sad_session_01
14.096,0.6101999770785695,sad,subject_03,subject_03_sad_session_01
14.1,0.5344287913877468,sad,subject_03,subject_03_sad_session_01
14.104,0.3823279516999385,sad,subject_03,subject_03_sad_session_01
14.108,0.21157558509201163,sad,subject_03,subject_03_sad_session_01
14.112,0.17896955199975806,sad,subject_03,subject_03_sad_session_01
14.116,0.02689250079427485,sad,subject_03,subject_03_sad_session_01
14.12,-0.0769277532555136,sad,subject_03,subject_03_sad_session_01
14.124,0.029710260320810727,sad,subject_03,subject_03_sad_session_01
14.128,-0.11513450609165879,sad,subject_03,subject_03_sad_session_01
14.132,-0.061290165539361334,sad,subject_03,subject_03_sad_session_01
14.136,-0.09858654748302445,sad,subject_03,subject_03_sad_session_01
14.14,-0.06134810500881855,sad,subject_03,subject_03_sad_session_01
14.144,-0.05194133113464293,sad,subject_03,subject_03_sad_session_01
14.148,-0.04633220994008072,sad,subject_03,subject_03_sad_session_01
14.152,0.020199654627236892,sad,subject_03,subject_03_sad_session_01
14.156,0.06956773254336111,sad,subject_03,subject_03_sad_session_01
14.16,0.0064428451232175265,sad,subject_03,subject_03_sad_session_01
14.164,-0.04361206076778733,sad,subject_03,subject_03_sad_session_01
14.168,-0.01902700823573858,sad,subject_03,subject_03_sad_session_01
14.172,-0.01033336618271585,sad,subject_03,subject_03_sad_session_01
14.176,0.02015002486052802,sad,subject_03,subject_03_sad_session_01
14.18,0.00712648135372169,sad,subject_03,subject_03_sad_session_01
14.184,0.08574621536456498,sad,subject_03,subject_03_sad_session_01
14.188,0.022218418946541304,sad,subject_03,subject_03_sad_session_01
14.192,0.052396828050631034,sad,subject_03,subject_03_sad_session_01
14.196,0.02632360754647301,sad,subject_03,subject_03_sad_session_01
14.2,0.033698292980432594,sad,subject_03,subject_03_sad_session_01
14.204,0.027831566947507876,sad,subject_03,subject_03_sad_session_01
14.208,0.042334623781859856,sad,subject_03,subject_03_sad_session_01
14.212,0.031698929795084096,sad,subject_03,subject_03_sad_session_01
14.216,0.05199362273775203,sad,subject_03,subject_03_sad_session_01
14.22,0.03868226875621959,sad,subject_03,subject_03_sad_session_01
14.224,0.1280756024042151,sad,subject_03,subject_03_sad_session_01
14.228,0.07664614202939188,sad,subject_03,subject_03_sad_session_01
14.232,0.08722222251833985,sad,subject_03,subject_03_sad_session_01
14.236,0.06988536506971249,sad,subject_03,subject_03_sad_session_01
14.24,0.035952156844019825,sad,subject_03,subject_03_sad_session_01
14.244,0.045076317508710426,sad,subject_03,subject_03_sad_session_01
14.248,0.085760265839832,sad,subject_03,subject_03_sad_session_01
14.252,0.09024887427096803,sad,subject_03,subject_03_sad_session_01
14.256,0.11369480944309461,sad,subject_03,subject_03_sad_session_01
14.26,0.1130480331708711,sad,subject_03,subject_03_sad_session_01
14.264,0.09884709466715634,sad,subject_03,subject_03_sad_session_01
14.268,0.19789957789290594,sad,subject_03,subject_03_sad_session_01
14.272,0.13414151598897697,sad,subject_03,subject_03_sad_session_01
14.276,0.11567437818210806,sad,subject_03,subject_03_sad_session_01
14.28,0.12269857552561698,sad,subject_03,subject_03_sad_session_01
14.284,0.16048122052302943,sad,subject_03,subject_03_sad_session_01
14.288,0.13675750194536682,sad,subject_03,subject_03_sad_session_01
14.292,0.17648126248536122,sad,subject_03,subject_03_sad_session_01
14.296,0.1494228846886785,sad,subject_03,subject_03_sad_session_01
14.3,0.14425330659212696,sad,subject_03,subject_03_sad_session_01
14.304,0.11615797050225787,sad,subject_03,subject_03_sad_session_01
14.308,0.19357243600292232,sad,subject_03,subject_03_sad_session_01
14.312,0.13253122393315706,sad,subject_03,subject_03_sad_session_01
14.316,0.18995062459773604,sad,subject_03,subject_03_sad_session_01
14.32,0.1514085496975595,sad,subject_03,subject_03_sad_session_01
14.324,0.19659460369294607,sad,subject_03,subject_03_sad_session_01
14.328,0.21027748431067297,sad,subject_03,subject_03_sad_session_01
14.332,0.14972211191969576,sad,subject_03,subject_03_sad_session_01
14.336,0.14717716255812005,sad,subject_03,subject_03_sad_session_01
14.34,0.23854756967429644,sad,subject_03,subject_03_sad_session_01
14.344,0.184898125134963,sad,subject_03,subject_03_sad_session_01
14.348,0.1914861651246428,sad,subject_03,subject_03_sad_session_01
14.352,0.1274558720952636,sad,subject_03,subject_03_sad_session_01
14.356,0.1352778510203317,sad,subject_03,subject_03_sad_session_01
14.36,0.16953065587428143,sad,subject_03,subject_03_sad_session_01
14.364,0.14874347475869068,sad,subject_03,subject_03_sad_session_01
14.368,0.12655760698301782,sad,subject_03,subject_03_sad_session_01
14.372,0.16127448302983027,sad,subject_03,subject_03_sad_session_01
14.376,0.09752078146514503,sad,subject_03,subject_03_sad_session_01
14.38,0.15342994115322078,sad,subject_03,subject_03_sad_session_01
14.384,0.11258648980882784,sad,subject_03,subject_03_sad_session_01
14.388,0.1558878566889825,sad,subject_03,subject_03_sad_session_01
14.392,0.13247294505059531,sad,subject_03,subject_03_sad_session_01
14.396,0.13989867452541693,sad,subject_03,subject_03_sad_session_01
14.4,0.15872374834988343,sad,subject_03,subject_03_sad_session_01
14.404,0.09284460558520488,sad,subject_03,subject_03_sad_session_01
14.408,0.07776536184052821,sad,subject_03,subject_03_sad_session_01
14.412,0.13737215112469858,sad,subject_03,subject_03_sad_session_01
14.416,0.14627652328511884,sad,subject_03,subject_03_sad_session_01
14.42,0.1281072222656679,sad,subject_03,subject_03_sad_session_01
14.424,0.013935386814707629,sad,subject_03,subject_03_sad_session_01
14.428,0.0961742189149539,sad,subject_03,subject_03_sad_session_01
14.432,0.04442080414546298,sad,subject_03,subject_03_sad_session_01
14.436,0.09375100927700887,sad,subject_03,subject_03_sad_session_01
14.44,0.053843869028652895,sad,subject_03,subject_03_sad_session_01
14.444,0.046036509778812504,sad,subject_03,subject_03_sad_session_01
14.448,0.03918703028186383,sad,subject_03,subject_03_sad_session_01
14.452,0.027987471381782314,sad,subject_03,subject_03_sad_session_01
14.456,0.0028084832837376172,sad,subject_03,subject_03_sad_session_01
14.46,0.025094251081190958,sad,subject_03,subject_03_sad_session_01
14.464,0.03609644025834221,sad,subject_03,subject_03_sad_session_01
14.468,0.07280845528839483,sad,subject_03,subject_03_sad_session_01
14.472,0.0393141605544107,sad,subject_03,subject_03_sad_session_01
14.476,0.01146655902408303,sad,subject_03,subject_03_sad_session_01
14.48,0.005666740420003825,sad,subject_03,subject_03_sad_session_01
14.484,-0.07638174000756075,sad,subject_03,subject_03_sad_session_01
14.488,-0.0017226333761308204,sad,subject_03,subject_03_sad_session_01
14.492,0.01109881863295241,sad,subject_03,subject_03_sad_session_01
14.496,-0.014051154577121512,sad,subject_03,subject_03_sad_session_01
14.5,-0.014079729603215475,sad,subject_03,subject_03_sad_session_01
14.504,-0.07513052607662271,sad,subject_03,subject_03_sad_session_01
14.508,-0.04460130361438198,sad,subject_03,subject_03_sad_session_01
14.512,-0.03793789719548325,sad,subject_03,subject_03_sad_session_01
14.516,-0.028513265477553174,sad,subject_03,subject_03_sad_session_01
14.52,-0.09976620362707199,sad,subject_03,subject_03_sad_session_01
14.524,-0.015838834017962433,sad,subject_03,subject_03_sad_session_01
14.528,-0.014300381356330279,sad,subject_03,subject_03_sad_session_01
14.532,-0.0005990494890748353,sad,subject_03,subject_03_sad_session_01
14.536,-0.027035693553680268,sad,subject_03,subject_03_sad_session_01
14.54,0.009501154953642265,sad,subject_03,subject_03_sad_session_01
14.544,0.037290391110162247,sad,subject_03,subject_03_sad_session_01
14.548,-0.05938067546008202,sad,subject_03,subject_03_sad_session_01
14.552,-0.05541022527747835,sad,subject_03,subject_03_sad_session_01
14.556,-0.008667985390144262,sad,subject_03,subject_03_sad_session_01
14.56,-0.0018123090302198004,sad,subject_03,subject_03_sad_session_01
14.564,-0.056568765272563354,sad,subject_03,subject_03_sad_session_01
14.568,0.03004966199853756,sad,subject_03,subject_03_sad_session_01
14.572,-0.04933092608901389,sad,subject_03,subject_03_sad_session_01
14.576,-0.028862541407647258,sad,subject_03,subject_03_sad_session_01
14.58,-0.0018893335152449925,sad,subject_03,subject_03_sad_session_01
14.584,0.020768153393202392,sad,subject_03,subject_03_sad_session_01
14.588,-0.052488252805179506,sad,subject_03,subject_03_sad_session_01
14.592,-0.0006967522919131379,sad,subject_03,subject_03_sad_session_01
14.596,-0.026499450187710393,sad,subject_03,subject_03_sad_session_01
14.6,-0.06749217990573533,sad,subject_03,subject_03_sad_session_01
14.604,-0.04207380990374729,sad,subject_03,subject_03_sad_session_01
14.608,-0.0600481274275658,sad,subject_03,subject_03_sad_session_01
14.612,-0.0036447550889761246,sad,subject_03,subject_03_sad_session_01
14.616,-0.06701773750526592,sad,subject_03,subject_03_sad_session_01
14.62,-0.011395921913535506,sad,subject_03,subject_03_sad_session_01
14.624,-0.025117161272333408,sad,subject_03,subject_03_sad_session_01
14.628,-0.014850086316399398,sad,subject_03,subject_03_sad_session_01
14.632,-0.025103773419507817,sad,subject_03,subject_03_sad_session_01
14.636,-0.051546823678083456,sad,subject_03,subject_03_sad_session_01
14.64,-0.013905220377004394,sad,subject_03,subject_03_sad_session_01
14.644,-0.021621161167156927,sad,subject_03,subject_03_sad_session_01
14.648,-0.041082932104746346,sad,subject_03,subject_03_sad_session_01
14.652,0.05113016472324267,sad,subject_03,subject_03_sad_session_01
14.656,-0.0613107430121161,sad,subject_03,subject_03_sad_session_01
14.66,-0.010759652811469464,sad,subject_03,subject_03_sad_session_01
14.664,-0.008242356085021378,sad,subject_03,subject_03_sad_session_01
14.668,-0.03476990892305994,sad,subject_03,subject_03_sad_session_01
14.672,-0.01876908634864656,sad,subject_03,subject_03_sad_session_01
14.676,-0.012912237212472675,sad,subject_03,subject_03_sad_session_01
14.68,-0.02859396071460453,sad,subject_03,subject_03_sad_session_01
14.684,-0.04321670386335273,sad,subject_03,subject_03_sad_session_01
14.688,-0.02893758904391057,sad,subject_03,subject_03_sad_session_01
14.692,-0.044783349498269065,sad,subject_03,subject_03_sad_session_01
14.696,0.014483638384634009,sad,subject_03,subject_03_sad_session_01
14.7,-0.00044965590493873525,sad,subject_03,subject_03_sad_session_01
14.704,-0.02446405058230764,sad,subject_03,subject_03_sad_session_01
14.708,-0.04908266271009232,sad,subject_03,subject_03_sad_session_01
14.712,-0.03627048376719153,sad,subject_03,subject_03_sad_session_01
14.716,-0.04442189850021033,sad,subject_03,subject_03_sad_session_01
14.72,-0.029602649725252093,sad,subject_03,subject_03_sad_session_01
14.724,-0.07471490342247786,sad,subject_03,subject_03_sad_session_01
14.728,-0.043097347847588306,sad,subject_03,subject_03_sad_session_01
14.732,-0.059051630588869156,sad,subject_03,subject_03_sad_session_01
14.736,-0.04687765857778467,sad,subject_03,subject_03_sad_session_01
14.74,0.029486939756830987,sad,subject_03,subject_03_sad_session_01
14.744,-0.03452492980794014,sad,subject_03,subject_03_sad_session_01
14.748,-0.01832601372451591,sad,subject_03,subject_03_sad_session_01
14.752,-0.030008149948940032,sad,subject_03,subject_03_sad_session_01
14.756,-0.003366465947671156,sad,subject_03,subject_03_sad_session_01
14.76,-0.032651105595052785,sad,subject_03,subject_03_sad_session_01
14.764,-0.03593551876435325,sad,subject_03,subject_03_sad_session_01
14.768,-0.03822916552262336,sad,subject_03,subject_03_sad_session_01
14.772,-0.03784667234872147,sad,subject_03,subject_03_sad_session_01
14.776,0.031930628688226874,sad,subject_03,subject_03_sad_session_01
14.78,0.0010084412515854995,sad,subject_03,subject_03_sad_session_01
14.784,-0.025882907211981953,sad,subject_03,subject_03_sad_session_01
14.788,0.021203254150027655,sad,subject_03,subject_03_sad_session_01
14.792,0.034252037848861036,sad,subject_03,subject_03_sad_session_01
14.796,-0.01752040962495882,sad,subject_03,subject_03_sad_session_01
14.8,-0.0004892931116252993,sad,subject_03,subject_03_sad_session_01
14.804,0.013277001527272698,sad,subject_03,subject_03_sad_session_01
14.808,-0.005111932049287098,sad,subject_03,subject_03_sad_session_01
14.812,0.008290578061866415,sad,subject_03,subject_03_sad_session_01
14.816,0.013599176420397952,sad,subject_03,subject_03_sad_session_01
14.82,0.029339530477919495,sad,subject_03,subject_03_sad_session_01
14.824,0.1308551311961466,sad,subject_03,subject_03_sad_session_01
14.828,0.01715860171663688,sad,subject_03,subject_03_sad_session_01
14.832,0.005069835740117018,sad,subject_03,subject_03_sad_session_01
14.836,0.08322470964208448,sad,subject_03,subject_03_sad_session_01
14.84,0.06361478398530686,sad,subject_03,subject_03_sad_session_01
14.844,0.052649632442905964,sad,subject_03,subject_03_sad_session_01
14.848,0.0910082142746945,sad,subject_03,subject_03_sad_session_01
14.852,0.030838697472918022,sad,subject_03,subject_03_sad_session_01
14.856,0.07879829917591188,sad,subject_03,subject_03_sad_session_01
14.86,0.06476203252228217,sad,subject_03,subject_03_sad_session_01
14.864,0.07171262191829623,sad,subject_03,subject_03_sad_session_01
14.868,0.07166356993972844,sad,subject_03,subject_03_sad_session_01
14.872,0.14038318357293478,sad,subject_03,subject_03_sad_session_01
14.876,0.051725105294793974,sad,subject_03,subject_03_sad_session_01
14.88,0.0388000857059637,sad,subject_03,subject_03_sad_session_01
14.884,0.07678941416518749,sad,subject_03,subject_03_sad_session_01
14.888,0.08742084763664434,sad,subject_03,subject_03_sad_session_01
14.892,0.011803029089508102,sad,subject_03,subject_03_sad_session_01
14.896,0.05924776955752542,sad,subject_03,subject_03_sad_session_01
14.9,0.007427205949979504,sad,subject_03,subject_03_sad_session_01
14.904,-0.0034912373972746935,sad,subject_03,subject_03_sad_session_01
14.908,0.025087491830026204,sad,subject_03,subject_03_sad_session_01
14.912,0.006432833058772066,sad,subject_03,subject_03_sad_session_01
14.916,-0.0176831273763459,sad,subject_03,subject_03_sad_session_01
14.92,-0.009732324556884487,sad,subject_03,subject_03_sad_session_01
14.924,-0.004777090606493194,sad,subject_03,subject_03_sad_session_01
14.928,0.024700736763620862,sad,subject_03,subject_03_sad_session_01
14.932,-0.027801361752342393,sad,subject_03,subject_03_sad_session_01
14.936,-0.00028859725999267694,sad,subject_03,subject_03_sad_session_01
14.94,-0.061534499046237964,sad,subject_03,subject_03_sad_session_01
14.944,-0.016214715476197114,sad,subject_03,subject_03_sad_session_01
14.948,0.009335360718692084,sad,subject_03,subject_03_sad_session_01
14.952,-0.029746216957696386,sad,subject_03,subject_03_sad_session_01
14.956,-0.0017470103428651497,sad,subject_03,subject_03_sad_session_01
14.96,-0.07738917637649936,sad,subject_03,subject_03_sad_session_01
14.964,-0.05513273686331027,sad,subject_03,subject_03_sad_session_01
14.968,-0.006315835869176018,sad,subject_03,subject_03_sad_session_01
14.972,-0.005517286993688315,sad,subject_03,subject_03_sad_session_01
14.976,0.030514947481421747,sad,subject_03,subject_03_sad_session_01
14.98,-0.0052895281419849186,sad,subject_03,subject_03_sad_session_01
14.984,0.007562574851704064,sad,subject_03,subject_03_sad_session_01
14.988,-0.05667810315971461,sad,subject_03,subject_03_sad_session_01
14.992,-0.02887893142996909,sad,subject_03,subject_03_sad_session_01
14.996,-0.07136220669168608,sad,subject_03,subject_03_sad_session_01
15.0,0.0004455682513733114,sad,subject_03,subject_03_sad_session_01
15.004,-0.044519597714522983,sad,subject_03,subject_03_sad_session_01
15.008,-0.026746695557081552,sad,subject_03,subject_03_sad_session_01
15.012,-0.11678767290205205,sad,subject_03,subject_03_sad_session_01
15.016,-0.12842464847586668,sad,subject_03,subject_03_sad_session_01
15.02,0.0014070038303755222,sad,subject_03,subject_03_sad_session_01
15.024,0.06664315135265414,sad,subject_03,subject_03_sad_session_01
15.028,0.007504468939677016,sad,subject_03,subject_03_sad_session_01
15.032,0.10111973062831031,sad,subject_03,subject_03_sad_session_01
15.036,0.11432525108937028,sad,subject_03,subject_03_sad_session_01
15.04,0.19053974709230723,sad,subject_03,subject_03_sad_session_01
15.044,0.4002869048391249,sad,subject_03,subject_03_sad_session_01
15.048,0.46074340503947037,sad,subject_03,subject_03_sad_session_01
15.052,0.5619752863483284,sad,subject_03,subject_03_sad_session_01
15.056,0.7001473103600366,sad,subject_03,subject_03_sad_session_01
15.06,0.6903699493896441,sad,subject_03,subject_03_sad_session_01
15.064,0.6779214666260002,sad,subject_03,subject_03_sad_session_01
15.068,0.6437887846320004,sad,subject_03,subject_03_sad_session_01
15.072,0.6194277794084736,sad,subject_03,subject_03_sad_session_01
15.076,0.5488524479508262,sad,subject_03,subject_03_sad_session_01
15.08,0.39672722565692614,sad,subject_03,subject_03_sad_session_01
15.084,0.27674704947616346,sad,subject_03,subject_03_sad_session_01
15.088,0.1364862511005028,sad,subject_03,subject_03_sad_session_01
15.092,0.040134358379782506,sad,subject_03,subject_03_sad_session_01
15.096,0.022744122245095207,sad,subject_03,subject_03_sad_session_01
15.1,-0.0808578152183471,sad,subject_03,subject_03_sad_session_01
15.104,-0.12570038768671857,sad,subject_03,subject_03_sad_session_01
15.108,-0.057284455883556566,sad,subject_03,subject_03_sad_session_01
15.112,-0.10477661350693214,sad,subject_03,subject_03_sad_session_01
15.116,-0.08430826861333411,sad,subject_03,subject_03_sad_session_01
15.12,-0.06823625247874589,sad,subject_03,subject_03_sad_session_01
15.124,-0.0932144514053039,sad,subject_03,subject_03_sad_session_01
15.128,-0.04473342915750099,sad,subject_03,subject_03_sad_session_01
15.132,-0.017275849348719032,sad,subject_03,subject_03_sad_session_01
15.136,-0.0304240970248644,sad,subject_03,subject_03_sad_session_01
15.14,0.015921622408016395,sad,subject_03,subject_03_sad_session_01
15.144,-0.04051615056854518,sad,subject_03,subject_03_sad_session_01
15.148,0.0006877460574328306,sad,subject_03,subject_03_sad_session_01
15.152,-0.020796119564492444,sad,subject_03,subject_03_sad_session_01
15.156,0.025485611324581013,sad,subject_03,subject_03_sad_session_01
15.16,0.04611836698415433,sad,subject_03,subject_03_sad_session_01
15.164,0.039864384200322574,sad,subject_03,subject_03_sad_session_01
15.168,0.008606842511321641,sad,subject_03,subject_03_sad_session_01
15.172,0.008786213690850355,sad,subject_03,subject_03_sad_session_01
15.176,0.010372274774804766,sad,subject_03,subject_03_sad_session_01
15.18,-0.01501613505870918,sad,subject_03,subject_03_sad_session_01
15.184,0.048300142626900855,sad,subject_03,subject_03_sad_session_01
15.188,-0.03820777958756394,sad,subject_03,subject_03_sad_session_01
15.192,0.018054669210109033,sad,subject_03,subject_03_sad_session_01
15.196,0.08305016750334285,sad,subject_03,subject_03_sad_session_01
15.2,-0.009561595505776656,sad,subject_03,subject_03_sad_session_01
15.204,0.05880022208864537,sad,subject_03,subject_03_sad_session_01
15.208,0.07235033799242055,sad,subject_03,subject_03_sad_session_01
15.212,0.037731750724318266,sad,subject_03,subject_03_sad_session_01
15.216,0.028907461826584914,sad,subject_03,subject_03_sad_session_01
15.22,0.015341804934951866,sad,subject_03,subject_03_sad_session_01
15.224,0.05730640884923825,sad,subject_03,subject_03_sad_session_01
15.228,0.05352893611038801,sad,subject_03,subject_03_sad_session_01
15.232,0.03947009134989216,sad,subject_03,subject_03_sad_session_01
15.236,0.11832939199178798,sad,subject_03,subject_03_sad_session_01
15.24,0.0682915264451057,sad,subject_03,subject_03_sad_session_01
15.244,0.11360697611630632,sad,subject_03,subject_03_sad_session_01
15.248,0.07955978929101248,sad,subject_03,subject_03_sad_session_01
15.252,0.12711073579386692,sad,subject_03,subject_03_sad_session_01
15.256,0.12265640599943983,sad,subject_03,subject_03_sad_session_01
15.26,0.15272316038050227,sad,subject_03,subject_03_sad_session_01
15.264,0.07869908276449773,sad,subject_03,subject_03_sad_session_01
15.268,0.10842745687447475,sad,subject_03,subject_03_sad_session_01
15.272,0.1635052852428921,sad,subject_03,subject_03_sad_session_01
15.276,0.12054615000123811,sad,subject_03,subject_03_sad_session_01
15.28,0.13215720590952976,sad,subject_03,subject_03_sad_session_01
15.284,0.1637761744242668,sad,subject_03,subject_03_sad_session_01
15.288,0.14155955657096947,sad,subject_03,subject_03_sad_session_01
15.292,0.15655064970651802,sad,subject_03,subject_03_sad_session_01
15.296,0.15192853617699825,sad,subject_03,subject_03_sad_session_01
15.3,0.14730207563519107,sad,subject_03,subject_03_sad_session_01
15.304,0.11754697710278916,sad,subject_03,subject_03_sad_session_01
15.308,0.14582189472213636,sad,subject_03,subject_03_sad_session_01
15.312,0.17657465861875146,sad,subject_03,subject_03_sad_session_01
15.316,0.15080793777641197,sad,subject_03,subject_03_sad_session_01
15.32,0.1747300561860756,sad,subject_03,subject_03_sad_session_01
15.324,0.1492496233637719,sad,subject_03,subject_03_sad_session_01
15.328,0.17225552903071767,sad,subject_03,subject_03_sad_session_01
15.332,0.1374287497342186,sad,subject_03,subject_03_sad_session_01
15.336,0.11872309080619123,sad,subject_03,subject_03_sad_session_01
15.34,0.177094259128026,sad,subject_03,subject_03_sad_session_01
15.344,0.11506619091042367,sad,subject_03,subject_03_sad_session_01
15.348,0.12385134151899552,sad,subject_03,subject_03_sad_session_01
15.352,0.14118031155808553,sad,subject_03,subject_03_sad_session_01
15.356,0.08273651011017666,sad,subject_03,subject_03_sad_session_01
15.36,0.11525365300171347,sad,subject_03,subject_03_sad_session_01
15.364,0.1080825558004127,sad,subject_03,subject_03_sad_session_01
15.368,0.11483393280177115,sad,subject_03,subject_03_sad_session_01
15.372,0.11074379432959287,sad,subject_03,subject_03_sad_session_01
15.376,0.09847956599540869,sad,subject_03,subject_03_sad_session_01
15.38,0.10212301423077257,sad,subject_03,subject_03_sad_session_01
15.384,0.1456918208572406,sad,subject_03,subject_03_sad_session_01
15.388,0.16675649431250164,sad,subject_03,subject_03_sad_session_01
15.392,0.1058800593739591,sad,subject_03,subject_03_sad_session_01
15.396,0.07546604846136996,sad,subject_03,subject_03_sad_session_01
15.4,0.052561281742887975,sad,subject_03,subject_03_sad_session_01
15.404,0.05198896551868416,sad,subject_03,subject_03_sad_session_01
15.408,0.06157062503932773,sad,subject_03,subject_03_sad_session_01
15.412,0.09728776180320878,sad,subject_03,subject_03_sad_session_01
15.416,0.027228966487746142,sad,subject_03,subject_03_sad_session_01
15.42,0.06369682584308872,sad,subject_03,subject_03_sad_session_01
15.424,0.032296946074973285,sad,subject_03,subject_03_sad_session_01
15.428,0.07199874662213429,sad,subject_03,subject_03_sad_session_01
15.432,0.02725200743505616,sad,subject_03,subject_03_sad_session_01
15.436,0.011322795602549153,sad,subject_03,subject_03_sad_session_01
15.44,0.009079819517972931,sad,subject_03,subject_03_sad_session_01
15.444,0.07789288136540637,sad,subject_03,subject_03_sad_session_01
15.448,0.02051148729580665,sad,subject_03,subject_03_sad_session_01
15.452,0.05103955927761747,sad,subject_03,subject_03_sad_session_01
15.456,0.025322895756087406,sad,subject_03,subject_03_sad_session_01
15.46,0.02986464867126396,sad,subject_03,subject_03_sad_session_01
15.464,-0.0025779280294158397,sad,subject_03,subject_03_sad_session_01
15.468,0.0024872731094417733,sad,subject_03,subject_03_sad_session_01
15.472,-0.02850249038836403,sad,subject_03,subject_03_sad_session_01
15.476,-0.029323828039823932,sad,subject_03,subject_03_sad_session_01
15.48,-0.008460327975628392,sad,subject_03,subject_03_sad_session_01
15.484,-0.013594057845227438,sad,subject_03,subject_03_sad_session_01
15.488,-0.00962164963437278,sad,subject_03,subject_03_sad_session_01
15.492,0.01617438894806942,sad,subject_03,subject_03_sad_session_01
15.496,0.04713162437391624,sad,subject_03,subject_03_sad_session_01
15.5,-0.03962912639895423,sad,subject_03,subject_03_sad_session_01
15.504,0.00020149053865427952,sad,subject_03,subject_03_sad_session_01
15.508,-0.02998494354387566,sad,subject_03,subject_03_sad_session_01
15.512,-0.06302419949502876,sad,subject_03,subject_03_sad_session_01
15.516,0.05660890417706759,sad,subject_03,subject_03_sad_session_01
15.52,-0.017161566959163668,sad,subject_03,subject_03_sad_session_01
15.524,-0.027077345272823915,sad,subject_03,subject_03_sad_session_01
15.528,0.010451053807483316,sad,subject_03,subject_03_sad_session_01
15.532,0.05536105252965966,sad,subject_03,subject_03_sad_session_01
15.536,-0.008048964367711804,sad,subject_03,subject_03_sad_session_01
15.54,0.05856422546029125,sad,subject_03,subject_03_sad_session_01
15.544,-0.01833631528002646,sad,subject_03,subject_03_sad_session_01
15.548,0.012497124926533761,sad,subject_03,subject_03_sad_session_01
15.552,-0.04249876309666782,sad,subject_03,subject_03_sad_session_01
15.556,-0.042295064905299135,sad,subject_03,subject_03_sad_session_01
15.56,-0.009171152312599467,sad,subject_03,subject_03_sad_session_01
15.564,0.021263172533551523,sad,subject_03,subject_03_sad_session_01
15.568,-0.03342173039024536,sad,subject_03,subject_03_sad_session_01
15.572,0.009564164703974868,sad,subject_03,subject_03_sad_session_01
15.576,-0.00699060754370491,sad,subject_03,subject_03_sad_session_01
15.58,-0.026496793716792096,sad,subject_03,subject_03_sad_session_01
15.584,0.003613782704589126,sad,subject_03,subject_03_sad_session_01
15.588,-0.04174447467191322,sad,subject_03,subject_03_sad_session_01
15.592,0.01301028592678084,sad,subject_03,subject_03_sad_session_01
15.596,-0.024581853952587298,sad,subject_03,subject_03_sad_session_01
15.6,0.0042672030587209316,sad,subject_03,subject_03_sad_session_01
15.604,-0.011016055449760219,sad,subject_03,subject_03_sad_session_01
15.608,-0.014454248450689794,sad,subject_03,subject_03_sad_session_01
15.612,-0.11861546281752514,sad,subject_03,subject_03_sad_session_01
15.616,-0.0339142837092872,sad,subject_03,subject_03_sad_session_01
15.62,-0.04661137602635758,sad,subject_03,subject_03_sad_session_01
15.624,-6.551358841528493e-05,sad,subject_03,subject_03_sad_session_01
15.628,-0.023406873148013818,sad,subject_03,subject_03_sad_session_01
15.632,-0.06648932005767114,sad,subject_03,subject_03_sad_session_01
15.636,0.0007838701365116968,sad,subject_03,subject_03_sad_session_01
15.64,-0.020998689189838906,sad,subject_03,subject_03_sad_session_01
15.644,-0.017649843867269917,sad,subject_03,subject_03_sad_session_01
15.648,-0.0019095388938025828,sad,subject_03,subject_03_sad_session_01
15.652,-0.007971168386761436,sad,subject_03,subject_03_sad_session_01
15.656,0.04500583544121259,sad,subject_03,subject_03_sad_session_01
15.66,0.01209739860836752,sad,subject_03,subject_03_sad_session_01
15.664,-0.012946288012560193,sad,subject_03,subject_03_sad_session_01
15.668,-0.004973898750721774,sad,subject_03,subject_03_sad_session_01
15.672,-0.021174726918046165,sad,subject_03,subject_03_sad_session_01
15.676,-0.02907580924599975,sad,subject_03,subject_03_sad_session_01
15.68,0.012200498025668135,sad,subject_03,subject_03_sad_session_01
15.684,0.03440365088358176,sad,subject_03,subject_03_sad_session_01
15.688,-0.01877196550964021,sad,subject_03,subject_03_sad_session_01
15.692,0.002821640511142528,sad,subject_03,subject_03_sad_session_01
15.696,-0.04046744420384539,sad,subject_03,subject_03_sad_session_01
15.7,0.006541938951529089,sad,subject_03,subject_03_sad_session_01
15.704,-0.04025655848382622,sad,subject_03,subject_03_sad_session_01
15.708,-0.005866259238015252,sad,subject_03,subject_03_sad_session_01
15.712,0.0018882317406034334,sad,subject_03,subject_03_sad_session_01
15.716,0.02877778068074125,sad,subject_03,subject_03_sad_session_01
15.72,-0.07179744543319819,sad,subject_03,subject_03_sad_session_01
15.724,0.03895528493214107,sad,subject_03,subject_03_sad_session_01
15.728,0.02828527935994652,sad,subject_03,subject_03_sad_session_01
15.732,0.008970055667236134,sad,subject_03,subject_03_sad_session_01
15.736,-0.014741851655562695,sad,subject_03,subject_03_sad_session_01
15.74,0.02818112298528756,sad,subject_03,subject_03_sad_session_01
15.744,0.05469215095566421,sad,subject_03,subject_03_sad_session_01
15.748,-0.007756957868258847,sad,subject_03,subject_03_sad_session_01
15.752,0.046434651582313385,sad,subject_03,subject_03_sad_session_01
15.756,0.03525588530364694,sad,subject_03,subject_03_sad_session_01
15.76,0.04624918267406934,sad,subject_03,subject_03_sad_session_01
15.764,0.03578372206645593,sad,subject_03,subject_03_sad_session_01
15.768,0.016748657986035167,sad,subject_03,subject_03_sad_session_01
15.772,-0.015046102656105377,sad,subject_03,subject_03_sad_session_01
15.776,0.010446047269061188,sad,subject_03,subject_03_sad_session_01
15.78,0.05033492178710593,sad,subject_03,subject_03_sad_session_01
15.784,0.028941590163983226,sad,subject_03,subject_03_sad_session_01
15.788,-0.01699028701969755,sad,subject_03,subject_03_sad_session_01
15.792,0.02791088155742091,sad,subject_03,subject_03_sad_session_01
15.796,0.0179173603689246,sad,subject_03,subject_03_sad_session_01
15.8,0.06448873189315296,sad,subject_03,subject_03_sad_session_01
15.804,0.08814898957848713,sad,subject_03,subject_03_sad_session_01
15.808,0.07414490717740356,sad,subject_03,subject_03_sad_session_01
15.812,0.028068305959022107,sad,subject_03,subject_03_sad_session_01
15.816,0.06578821415300454,sad,subject_03,subject_03_sad_session_01
15.82,0.05009892796101356,sad,subject_03,subject_03_sad_session_01
15.824,0.08093896563749794,sad,subject_03,subject_03_sad_session_01
15.828,0.11105458654857114,sad,subject_03,subject_03_sad_session_01
15.832,0.0934757362918605,sad,subject_03,subject_03_sad_session_01
15.836,0.0931348323861222,sad,subject_03,subject_03_sad_session_01
15.84,0.1403337024058884,sad,subject_03,subject_03_sad_session_01
15.844,0.06619278746691648,sad,subject_03,subject_03_sad_session_01
15.848,0.1258472419284529,sad,subject_03,subject_03_sad_session_01
15.852,0.08182327382640422,sad,subject_03,subject_03_sad_session_01
15.856,0.16376974380641415,sad,subject_03,subject_03_sad_session_01
15.86,0.09398158909603843,sad,subject_03,subject_03_sad_session_01
15.864,0.028027785321407518,sad,subject_03,subject_03_sad_session_01
15.868,0.06668862770480392,sad,subject_03,subject_03_sad_session_01
15.872,0.03539234496150793,sad,subject_03,subject_03_sad_session_01
15.876,0.13273860446477165,sad,subject_03,subject_03_sad_session_01
15.88,0.04229913926624903,sad,subject_03,subject_03_sad_session_01
15.884,0.09602092057174487,sad,subject_03,subject_03_sad_session_01
15.888,0.08186139164472908,sad,subject_03,subject_03_sad_session_01
15.892,0.01314338522999011,sad,subject_03,subject_03_sad_session_01
15.896,-0.0026359990459620813,sad,subject_03,subject_03_sad_session_01
15.9,0.06775614393046366,sad,subject_03,subject_03_sad_session_01
15.904,0.02321414911643622,sad,subject_03,subject_03_sad_session_01
15.908,0.029436081651069482,sad,subject_03,subject_03_sad_session_01
15.912,0.0299211386807785,sad,subject_03,subject_03_sad_session_01
15.916,-0.06636108955390775,sad,subject_03,subject_03_sad_session_01
15.92,0.015704100517104268,sad,subject_03,subject_03_sad_session_01
15.924,0.04923998277515014,sad,subject_03,subject_03_sad_session_01
15.928,-0.04059673024635486,sad,subject_03,subject_03_sad_session_01
15.932,0.03436703423654024,sad,subject_03,subject_03_sad_session_01
15.936,0.0013376570028854444,sad,subject_03,subject_03_sad_session_01
15.94,-0.027966904482332473,sad,subject_03,subject_03_sad_session_01
15.944,0.015113100681660984,sad,subject_03,subject_03_sad_session_01
15.948,0.003021786231946643,sad,subject_03,subject_03_sad_session_01
15.952,0.04346579306770593,sad,subject_03,subject_03_sad_session_01
15.956,-0.014944012071132343,sad,subject_03,subject_03_sad_session_01
15.96,0.039869798702890154,sad,subject_03,subject_03_sad_session_01
15.964,-0.0004422031464994476,sad,subject_03,subject_03_sad_session_01
15.968,0.013090702027802622,sad,subject_03,subject_03_sad_session_01
15.972,-0.011277164369961729,sad,subject_03,subject_03_sad_session_01
15.976,-0.031093093408472182,sad,subject_03,subject_03_sad_session_01
15.98,0.023234877965519086,sad,subject_03,subject_03_sad_session_01
15.984,-0.011079621130677895,sad,subject_03,subject_03_sad_session_01
15.988,-0.025714709567151536,sad,subject_03,subject_03_sad_session_01
15.992,0.008125984188625663,sad,subject_03,subject_03_sad_session_01
15.996,0.02156126026256901,sad,subject_03,subject_03_sad_session_01
16.0,-0.03067538036915582,sad,subject_03,subject_03_sad_session_01
16.004,0.060322434972914056,sad,subject_03,subject_03_sad_session_01
16.008,0.03590594410241499,sad,subject_03,subject_03_sad_session_01
16.012,0.1384908440757384,sad,subject_03,subject_03_sad_session_01
16.016,0.252602433972929,sad,subject_03,subject_03_sad_session_01
16.02,0.23325167605592312,sad,subject_03,subject_03_sad_session_01
16.024,0.4223061776598016,sad,subject_03,subject_03_sad_session_01
16.028,0.5479720690971815,sad,subject_03,subject_03_sad_session_01
16.032,0.6606899954274725,sad,subject_03,subject_03_sad_session_01
16.036,0.7166986207181639,sad,subject_03,subject_03_sad_session_01
16.04,0.6707360060393855,sad,subject_03,subject_03_sad_session_01
16.044,0.7211853942970867,sad,subject_03,subject_03_sad_session_01
16.048,0.6345659603010716,sad,subject_03,subject_03_sad_session_01
16.052,0.5773660726898284,sad,subject_03,subject_03_sad_session_01
16.056,0.4749592928108698,sad,subject_03,subject_03_sad_session_01
16.06,0.36816756905255693,sad,subject_03,subject_03_sad_session_01
16.064,0.22470951519573584,sad,subject_03,subject_03_sad_session_01
16.068,0.1275777365643592,sad,subject_03,subject_03_sad_session_01
16.072,0.02030390054203519,sad,subject_03,subject_03_sad_session_01
16.076,-0.01664945599389101,sad,subject_03,subject_03_sad_session_01
16.08,-0.10138792414943797,sad,subject_03,subject_03_sad_session_01
16.084,-0.07598555303369213,sad,subject_03,subject_03_sad_session_01
16.088,-0.10256718029584819,sad,subject_03,subject_03_sad_session_01
16.092,-0.06482205544531787,sad,subject_03,subject_03_sad_session_01
16.096,-0.0277829314826582,sad,subject_03,subject_03_sad_session_01
16.1,-0.043453978743564194,sad,subject_03,subject_03_sad_session_01
16.104,-0.006329232739311562,sad,subject_03,subject_03_sad_session_01
16.108,-0.0029544776504498785,sad,subject_03,subject_03_sad_session_01
16.112,0.07637319208853643,sad,subject_03,subject_03_sad_session_01
16.116,0.030059827864682996,sad,subject_03,subject_03_sad_session_01
16.12,0.03801407409683805,sad,subject_03,subject_03_sad_session_01
16.124,-0.0003054152945014786,sad,subject_03,subject_03_sad_session_01
16.128,-0.046558642371161404,sad,subject_03,subject_03_sad_session_01
16.132,0.013159525482153395,sad,subject_03,subject_03_sad_session_01
16.136,-0.014504052972808407,sad,subject_03,subject_03_sad_session_01
16.14,0.04390137510102694,sad,subject_03,subject_03_sad_session_01
16.144,0.04871766434983311,sad,subject_03,subject_03_sad_session_01
16.148,0.05013007070670152,sad,subject_03,subject_03_sad_session_01
16.152,0.04536757981248604,sad,subject_03,subject_03_sad_session_01
16.156,0.024803233050995046,sad,subject_03,subject_03_sad_session_01
16.16,0.03359318827902216,sad,subject_03,subject_03_sad_session_01
16.164,0.07222442116587209,sad,subject_03,subject_03_sad_session_01
16.168,0.12402515549030282,sad,subject_03,subject_03_sad_session_01
16.172,0.07632125721718644,sad,subject_03,subject_03_sad_session_01
16.176,0.08488901683865258,sad,subject_03,subject_03_sad_session_01
16.18,0.13598847976652495,sad,subject_03,subject_03_sad_session_01
16.184,0.08370522421889898,sad,subject_03,subject_03_sad_session_01
16.188,0.06144271655625656,sad,subject_03,subject_03_sad_session_01
16.192,0.10644228211831733,sad,subject_03,subject_03_sad_session_01
16.196,0.15046543901976828,sad,subject_03,subject_03_sad_session_01
16.2,0.1335076680498725,sad,subject_03,subject_03_sad_session_01
16.204,0.11888150866130669,sad,subject_03,subject_03_sad_session_01
16.208,0.06100055154231268,sad,subject_03,subject_03_sad_session_01
16.212,0.07827900773608791,sad,subject_03,subject_03_sad_session_01
16.216,0.1405684321416027,sad,subject_03,subject_03_sad_session_01
16.22,0.12582237473840233,sad,subject_03,subject_03_sad_session_01
16.224,0.13927691290465444,sad,subject_03,subject_03_sad_session_01
16.228,0.17703549547329422,sad,subject_03,subject_03_sad_session_01
16.232,0.11560684952736638,sad,subject_03,subject_03_sad_session_01
16.236,0.13995523642221838,sad,subject_03,subject_03_sad_session_01
16.24,0.1998941571419227,sad,subject_03,subject_03_sad_session_01
16.244,0.13122442018497493,sad,subject_03,subject_03_sad_session_01
16.248,0.2083458003718658,sad,subject_03,subject_03_sad_session_01
16.252,0.1884891901446007,sad,subject_03,subject_03_sad_session_01
16.256,0.1782064983541873,sad,subject_03,subject_03_sad_session_01
16.26,0.19012694676812122,sad,subject_03,subject_03_sad_session_01
16.264,0.20015441512616497,sad,subject_03,subject_03_sad_session_01
16.268,0.21177880078339395,sad,subject_03,subject_03_sad_session_01
16.272,0.13352859215308946,sad,subject_03,subject_03_sad_session_01
16.276,0.23476636020672195,sad,subject_03,subject_03_sad_session_01
16.28,0.2058111739710251,sad,subject_03,subject_03_sad_session_01
16.284,0.23424766395500277,sad,subject_03,subject_03_sad_session_01
16.288,0.21388697580432825,sad,subject_03,subject_03_sad_session_01
16.292,0.26627153045314744,sad,subject_03,subject_03_sad_session_01
16.296,0.17921490138265045,sad,subject_03,subject_03_sad_session_01
16.3,0.24848373031090765,sad,subject_03,subject_03_sad_session_01
16.304,0.1730258215991196,sad,subject_03,subject_03_sad_session_01
16.308,0.21369386404669047,sad,subject_03,subject_03_sad_session_01
16.312,0.22721560901191812,sad,subject_03,subject_03_sad_session_01
16.316,0.19351108433406553,sad,subject_03,subject_03_sad_session_01
16.32,0.13170382637242936,sad,subject_03,subject_03_sad_session_01
16.324,0.19097698049241218,sad,subject_03,subject_03_sad_session_01
16.328,0.1692779472292231,sad,subject_03,subject_03_sad_session_01
16.332,0.20660807451170352,sad,subject_03,subject_03_sad_session_01
16.336,0.14867097917297784,sad,subject_03,subject_03_sad_session_01
16.34,0.15451883917423825,sad,subject_03,subject_03_sad_session_01
16.344,0.14597859301845567,sad,subject_03,subject_03_sad_session_01
16.348,0.1518827653736497,sad,subject_03,subject_03_sad_session_01
16.352,0.15871398502139697,sad,subject_03,subject_03_sad_session_01
16.356,0.16805970740309095,sad,subject_03,subject_03_sad_session_01
16.36,0.16035128205626423,sad,subject_03,subject_03_sad_session_01
16.364,0.1017376944586445,sad,subject_03,subject_03_sad_session_01
16.368,0.10861399237531183,sad,subject_03,subject_03_sad_session_01
16.372,0.11146873822546732,sad,subject_03,subject_03_sad_session_01
16.376,0.11304817010283058,sad,subject_03,subject_03_sad_session_01
16.38,0.09207005877133295,sad,subject_03,subject_03_sad_session_01
16.384,0.0901292567665117,sad,subject_03,subject_03_sad_session_01
16.388,0.14619127756179887,sad,subject_03,subject_03_sad_session_01
16.392,0.11127930776852368,sad,subject_03,subject_03_sad_session_01
16.396,0.06375316252612011,sad,subject_03,subject_03_sad_session_01
16.4,0.10392949110560054,sad,subject_03,subject_03_sad_session_01
16.404,0.07475430031417764,sad,subject_03,subject_03_sad_session_01
16.408,0.13787922208600945,sad,subject_03,subject_03_sad_session_01
16.412,0.0590776089586548,sad,subject_03,subject_03_sad_session_01
16.416,0.05888360143099279,sad,subject_03,subject_03_sad_session_01
16.42,0.06075164181123883,sad,subject_03,subject_03_sad_session_01
16.424,0.032616447178805345,sad,subject_03,subject_03_sad_session_01
16.428,0.07599160350523856,sad,subject_03,subject_03_sad_session_01
16.432,0.06002624504894056,sad,subject_03,subject_03_sad_session_01
16.436,0.06557103566573252,sad,subject_03,subject_03_sad_session_01
16.44,0.053182465196858326,sad,subject_03,subject_03_sad_session_01
16.444,0.055008919232714455,sad,subject_03,subject_03_sad_session_01
16.448,0.09551198633062064,sad,subject_03,subject_03_sad_session_01
16.452,0.0608871989512224,sad,subject_03,subject_03_sad_session_01
16.456,-0.011730033345822337,sad,subject_03,subject_03_sad_session_01
16.46,0.049420789501941835,sad,subject_03,subject_03_sad_session_01
16.464,0.07313896305782802,sad,subject_03,subject_03_sad_session_01
16.468,-0.03309810962426987,sad,subject_03,subject_03_sad_session_01
16.472,-6.950285783549615e-05,sad,subject_03,subject_03_sad_session_01
16.476,0.051418223462673725,sad,subject_03,subject_03_sad_session_01
16.48,0.06122321391804614,sad,subject_03,subject_03_sad_session_01
16.484,0.03611830533568469,sad,subject_03,subject_03_sad_session_01
16.488,0.043004875823429774,sad,subject_03,subject_03_sad_session_01
16.492,0.0700756246332326,sad,subject_03,subject_03_sad_session_01
16.496,0.012727946062521969,sad,subject_03,subject_03_sad_session_01
16.5,-0.0008350921043332529,sad,subject_03,subject_03_sad_session_01
16.504,0.019233425589056732,sad,subject_03,subject_03_sad_session_01
16.508,0.031490104837791466,sad,subject_03,subject_03_sad_session_01
16.512,0.03520285021903667,sad,subject_03,subject_03_sad_session_01
16.516,0.048517821158916716,sad,subject_03,subject_03_sad_session_01
16.52,0.07496916351107663,sad,subject_03,subject_03_sad_session_01
16.524,0.03025237951932068,sad,subject_03,subject_03_sad_session_01
16.528,-0.013096295178398273,sad,subject_03,subject_03_sad_session_01
16.532,0.0011212261502239543,sad,subject_03,subject_03_sad_session_01
16.536,0.02823796112976704,sad,subject_03,subject_03_sad_session_01
16.54,0.06760866627291733,sad,subject_03,subject_03_sad_session_01
16.544,0.043522862867458614,sad,subject_03,subject_03_sad_session_01
16.548,-0.0028628026669454236,sad,subject_03,subject_03_sad_session_01
16.552,0.004267461909080391,sad,subject_03,subject_03_sad_session_01
16.556,0.014994593613892689,sad,subject_03,subject_03_sad_session_01
16.56,0.02600141005111307,sad,subject_03,subject_03_sad_session_01
16.564,0.015625037641944298,sad,subject_03,subject_03_sad_session_01
16.568,-0.0024073894962690356,sad,subject_03,subject_03_sad_session_01
16.572,0.001295695702795082,sad,subject_03,subject_03_sad_session_01
16.576,0.02170240991345694,sad,subject_03,subject_03_sad_session_01
16.58,0.03026783699609189,sad,subject_03,subject_03_sad_session_01
16.584,-0.0051192642886524024,sad,subject_03,subject_03_sad_session_01
16.588,0.03376700363515748,sad,subject_03,subject_03_sad_session_01
16.592,0.07866451633183788,sad,subject_03,subject_03_sad_session_01
16.596,0.030493236951664716,sad,subject_03,subject_03_sad_session_01
16.6,0.032570914409638344,sad,subject_03,subject_03_sad_session_01
16.604,-0.016672711876676606,sad,subject_03,subject_03_sad_session_01
16.608,0.04667380599954023,sad,subject_03,subject_03_sad_session_01
16.612,0.007282924866977743,sad,subject_03,subject_03_sad_session_01
16.616,0.056877614372262485,sad,subject_03,subject_03_sad_session_01
16.62,0.07890540985305464,sad,subject_03,subject_03_sad_session_01
16.624,0.004647295862102132,sad,subject_03,subject_03_sad_session_01
16.628,0.0056690018829596844,sad,subject_03,subject_03_sad_session_01
16.632,0.04115728684626828,sad,subject_03,subject_03_sad_session_01
16.636,-0.012837733960360947,sad,subject_03,subject_03_sad_session_01
16.64,0.028358067464631067,sad,subject_03,subject_03_sad_session_01
16.644,0.01681751118156448,sad,subject_03,subject_03_sad_session_01
16.648,0.023204683620376712,sad,subject_03,subject_03_sad_session_01
16.652,-0.034867228203798006,sad,subject_03,subject_03_sad_session_01
16.656,0.041077881673100274,sad,subject_03,subject_03_sad_session_01
16.66,0.09975603422533823,sad,subject_03,subject_03_sad_session_01
16.664,0.013761930617525333,sad,subject_03,subject_03_sad_session_01
16.668,-0.016800194228352765,sad,subject_03,subject_03_sad_session_01
16.672,0.05059042215460799,sad,subject_03,subject_03_sad_session_01
16.676,0.0007983196907140576,sad,subject_03,subject_03_sad_session_01
16.68,0.028068996821989406,sad,subject_03,subject_03_sad_session_01
16.684,0.006223334653673401,sad,subject_03,subject_03_sad_session_01
16.688,-0.01493129561136675,sad,subject_03,subject_03_sad_session_01
16.692,0.037775048763393555,sad,subject_03,subject_03_sad_session_01
16.696,0.008379667999823044,sad,subject_03,subject_03_sad_session_01
16.7,-0.01815521040068669,sad,subject_03,subject_03_sad_session_01
16.704,0.039463279715543156,sad,subject_03,subject_03_sad_session_01
16.708,0.11791356431226033,sad,subject_03,subject_03_sad_session_01
16.712,0.06350589740443506,sad,subject_03,subject_03_sad_session_01
16.716,0.033292986818832665,sad,subject_03,subject_03_sad_session_01
16.72,0.1271520189853969,sad,subject_03,subject_03_sad_session_01
16.724,-0.01460063437686989,sad,subject_03,subject_03_sad_session_01
16.728,0.05766617951390576,sad,subject_03,subject_03_sad_session_01
16.732,0.09796681655305654,sad,subject_03,subject_03_sad_session_01
16.736,0.0153668053892346,sad,subject_03,subject_03_sad_session_01
16.74,0.05822935267854586,sad,subject_03,subject_03_sad_session_01
16.744,0.033889950965332594,sad,subject_03,subject_03_sad_session_01
16.748,0.046581054589053816,sad,subject_03,subject_03_sad_session_01
16.752,0.07337235254612819,sad,subject_03,subject_03_sad_session_01
16.756,0.012739040325699238,sad,subject_03,subject_03_sad_session_01
16.76,0.04038415122279071,sad,subject_03,subject_03_sad_session_01
16.764,0.07684726801203266,sad,subject_03,subject_03_sad_session_01
16.768,0.02836739905906227,sad,subject_03,subject_03_sad_session_01
16.772,0.07538307832738612,sad,subject_03,subject_03_sad_session_01
16.776,0.04623687033024686,sad,subject_03,subject_03_sad_session_01
16.78,0.05335904359068498,sad,subject_03,subject_03_sad_session_01
16.784,0.13018736435518188,sad,subject_03,subject_03_sad_session_01
16.788,0.11053969266277369,sad,subject_03,subject_03_sad_session_01
16.792,0.10570580352627837,sad,subject_03,subject_03_sad_session_01
16.796,0.10328628957957639,sad,subject_03,subject_03_sad_session_01
16.8,0.12967242748252847,sad,subject_03,subject_03_sad_session_01
16.804,0.10903663311018891,sad,subject_03,subject_03_sad_session_01
16.808,0.10323801366767738,sad,subject_03,subject_03_sad_session_01
16.812,0.15897931725785897,sad,subject_03,subject_03_sad_session_01
16.816,0.11009403712088509,sad,subject_03,subject_03_sad_session_01
16.82,0.16899918291261112,sad,subject_03,subject_03_sad_session_01
16.824,0.11153314680307579,sad,subject_03,subject_03_sad_session_01
16.828,0.14932106886144472,sad,subject_03,subject_03_sad_session_01
16.832,0.13239791513521942,sad,subject_03,subject_03_sad_session_01
16.836,0.13875872527567976,sad,subject_03,subject_03_sad_session_01
16.84,0.12717599216205827,sad,subject_03,subject_03_sad_session_01
16.844,0.13591684952607877,sad,subject_03,subject_03_sad_session_01
16.848,0.15371630490548624,sad,subject_03,subject_03_sad_session_01
16.852,0.07885148424453725,sad,subject_03,subject_03_sad_session_01
16.856,0.1448556403044626,sad,subject_03,subject_03_sad_session_01
16.86,0.08600335603324961,sad,subject_03,subject_03_sad_session_01
16.864,0.03524836053651024,sad,subject_03,subject_03_sad_session_01
16.868,0.10477869682030883,sad,subject_03,subject_03_sad_session_01
16.872,0.10389549236926872,sad,subject_03,subject_03_sad_session_01
16.876,0.0889912557597643,sad,subject_03,subject_03_sad_session_01
16.88,0.05886245647005107,sad,subject_03,subject_03_sad_session_01
16.884,0.03626050669817503,sad,subject_03,subject_03_sad_session_01
16.888,0.0442331095637474,sad,subject_03,subject_03_sad_session_01
16.892,0.06111346582324144,sad,subject_03,subject_03_sad_session_01
16.896,0.044243703199700016,sad,subject_03,subject_03_sad_session_01
16.9,0.017876411157674445,sad,subject_03,subject_03_sad_session_01
16.904,0.03848174109314826,sad,subject_03,subject_03_sad_session_01
16.908,0.018719259467952117,sad,subject_03,subject_03_sad_session_01
16.912,0.021236678124625222,sad,subject_03,subject_03_sad_session_01
16.916,0.061255492272435035,sad,subject_03,subject_03_sad_session_01
16.92,0.002065897640136455,sad,subject_03,subject_03_sad_session_01
16.924,0.046148941135102144,sad,subject_03,subject_03_sad_session_01
16.928,0.018842241443329973,sad,subject_03,subject_03_sad_session_01
16.932,0.04216666788951565,sad,subject_03,subject_03_sad_session_01
16.936,0.005445688922814506,sad,subject_03,subject_03_sad_session_01
16.94,0.025862218686414695,sad,subject_03,subject_03_sad_session_01
16.944,0.005983297755209754,sad,subject_03,subject_03_sad_session_01
16.948,0.03965559906436314,sad,subject_03,subject_03_sad_session_01
16.952,-0.02529044944377493,sad,subject_03,subject_03_sad_session_01
16.956,0.024201886749194733,sad,subject_03,subject_03_sad_session_01
16.96,-0.016664956860219245,sad,subject_03,subject_03_sad_session_01
16.964,-0.002546432990603871,sad,subject_03,subject_03_sad_session_01
16.968,0.00044420050247445664,sad,subject_03,subject_03_sad_session_01
16.972,0.027817077506638428,sad,subject_03,subject_03_sad_session_01
16.976,-0.04072408257439498,sad,subject_03,subject_03_sad_session_01
16.98,-0.028162664782694843,sad,subject_03,subject_03_sad_session_01
16.984,0.10043834179226545,sad,subject_03,subject_03_sad_session_01
16.988,0.11945062465480212,sad,subject_03,subject_03_sad_session_01
16.992,0.16395119699131694,sad,subject_03,subject_03_sad_session_01
16.996,0.3082565643515188,sad,subject_03,subject_03_sad_session_01
17.0,0.42064958866453117,sad,subject_03,subject_03_sad_session_01
17.004,0.5303769414362149,sad,subject_03,subject_03_sad_session_01
17.008,0.6543131011640221,sad,subject_03,subject_03_sad_session_01
17.012,0.6724556473992256,sad,subject_03,subject_03_sad_session_01
17.016,0.7673539153050347,sad,subject_03,subject_03_sad_session_01
17.02,0.7558851602201382,sad,subject_03,subject_03_sad_session_01
17.024,0.731578118566687,sad,subject_03,subject_03_sad_session_01
17.028,0.6869284871937028,sad,subject_03,subject_03_sad_session_01
17.032,0.5881396788908283,sad,subject_03,subject_03_sad_session_01
17.036,0.485295971262751,sad,subject_03,subject_03_sad_session_01
17.04,0.2551772509208109,sad,subject_03,subject_03_sad_session_01
17.044,0.20538977607514525,sad,subject_03,subject_03_sad_session_01
17.048,0.11820180616408854,sad,subject_03,subject_03_sad_session_01
17.052,0.003090229453054552,sad,subject_03,subject_03_sad_session_01
17.056,-0.026605425280288204,sad,subject_03,subject_03_sad_session_01
17.06,-0.00652178618204724,sad,subject_03,subject_03_sad_session_01
17.064,-0.05311723519109914,sad,subject_03,subject_03_sad_session_01
17.068,0.0043005812406434335,sad,subject_03,subject_03_sad_session_01
17.072,-0.01826775993795344,sad,subject_03,subject_03_sad_session_01
17.076,0.015194652609598815,sad,subject_03,subject_03_sad_session_01
17.08,0.04458464042449494,sad,subject_03,subject_03_sad_session_01
17.084,-0.004443876095942552,sad,subject_03,subject_03_sad_session_01
17.088,0.04910279833552254,sad,subject_03,subject_03_sad_session_01
17.092,0.0271712323234539,sad,subject_03,subject_03_sad_session_01
17.096,0.08184410252393276,sad,subject_03,subject_03_sad_session_01
17.1,0.039154160010691656,sad,subject_03,subject_03_sad_session_01
17.104,0.041333519842710935,sad,subject_03,subject_03_sad_session_01
17.108,0.0285057612144752,sad,subject_03,subject_03_sad_session_01
17.112,0.05494737204877539,sad,subject_03,subject_03_sad_session_01
17.116,0.07573661744008478,sad,subject_03,subject_03_sad_session_01
17.12,0.06450848356268733,sad,subject_03,subject_03_sad_session_01
17.124,0.13203579571187482,sad,subject_03,subject_03_sad_session_01
17.128,0.05568210745284232,sad,subject_03,subject_03_sad_session_01
17.132,0.046615221951699086,sad,subject_03,subject_03_sad_session_01
17.136,0.07268517504429063,sad,subject_03,subject_03_sad_session_01
17.14,0.09088474216932259,sad,subject_03,subject_03_sad_session_01
17.144,0.046568056900853964,sad,subject_03,subject_03_sad_session_01
17.148,0.12852546208575483,sad,subject_03,subject_03_sad_session_01
17.152,0.08612681865615213,sad,subject_03,subject_03_sad_session_01
17.156,0.14946825514138268,sad,subject_03,subject_03_sad_session_01
17.16,0.1435369663948401,sad,subject_03,subject_03_sad_session_01
17.164,0.12843984115066254,sad,subject_03,subject_03_sad_session_01
17.168,0.11318604830702556,sad,subject_03,subject_03_sad_session_01
17.172,0.0888407294115917,sad,subject_03,subject_03_sad_session_01
17.176,0.10571879467863765,sad,subject_03,subject_03_sad_session_01
17.18,0.09790018356081384,sad,subject_03,subject_03_sad_session_01
17.184,0.10220970838413983,sad,subject_03,subject_03_sad_session_01
17.188,0.1500172560019986,sad,subject_03,subject_03_sad_session_01
17.192,0.156805918877245,sad,subject_03,subject_03_sad_session_01
17.196,0.10594209798554079,sad,subject_03,subject_03_sad_session_01
17.2,0.14353440323752098,sad,subject_03,subject_03_sad_session_01
17.204,0.139340446580983,sad,subject_03,subject_03_sad_session_01
17.208,0.21269767049424412,sad,subject_03,subject_03_sad_session_01
17.212,0.11128529485612851,sad,subject_03,subject_03_sad_session_01
17.216,0.23673945351948827,sad,subject_03,subject_03_sad_session_01
17.22,0.2013989311220542,sad,subject_03,subject_03_sad_session_01
17.224,0.11171341232346164,sad,subject_03,subject_03_sad_session_01
17.228,0.17357689715470725,sad,subject_03,subject_03_sad_session_01
17.232,0.21017351640327891,sad,subject_03,subject_03_sad_session_01
17.236,0.17998930391106688,sad,subject_03,subject_03_sad_session_01
17.24,0.1954960006085827,sad,subject_03,subject_03_sad_session_01
17.244,0.2748485467048084,sad,subject_03,subject_03_sad_session_01
17.248,0.1963801302126859,sad,subject_03,subject_03_sad_session_01
17.252,0.17867309469321951,sad,subject_03,subject_03_sad_session_01
17.256,0.24022848837923075,sad,subject_03,subject_03_sad_session_01
17.26,0.17184461694951209,sad,subject_03,subject_03_sad_session_01
17.264,0.23570795722273483,sad,subject_03,subject_03_sad_session_01
17.268,0.23239803028244338,sad,subject_03,subject_03_sad_session_01
17.272,0.2694271452814253,sad,subject_03,subject_03_sad_session_01
17.276,0.2263894853387022,sad,subject_03,subject_03_sad_session_01
17.28,0.2057702751979356,sad,subject_03,subject_03_sad_session_01
17.284,0.21029975299401585,sad,subject_03,subject_03_sad_session_01
17.288,0.2732613764332234,sad,subject_03,subject_03_sad_session_01
17.292,0.20851383718343838,sad,subject_03,subject_03_sad_session_01
17.296,0.19731373170204447,sad,subject_03,subject_03_sad_session_01
17.3,0.19847664875306284,sad,subject_03,subject_03_sad_session_01
17.304,0.21104350349133524,sad,subject_03,subject_03_sad_session_01
17.308,0.18147022300819451,sad,subject_03,subject_03_sad_session_01
17.312,0.15744158320801896,sad,subject_03,subject_03_sad_session_01
17.316,0.16369587091443952,sad,subject_03,subject_03_sad_session_01
17.32,0.15242097216983524,sad,subject_03,subject_03_sad_session_01
17.324,0.16927468133316317,sad,subject_03,subject_03_sad_session_01
17.328,0.1501811172712909,sad,subject_03,subject_03_sad_session_01
17.332,0.15776469136003585,sad,subject_03,subject_03_sad_session_01
17.336,0.15302432452018166,sad,subject_03,subject_03_sad_session_01
17.34,0.15979562324174731,sad,subject_03,subject_03_sad_session_01
17.344,0.11726182872690992,sad,subject_03,subject_03_sad_session_01
17.348,0.19146560684651415,sad,subject_03,subject_03_sad_session_01
17.352,0.1719588612444205,sad,subject_03,subject_03_sad_session_01
17.356,0.14502229057315513,sad,subject_03,subject_03_sad_session_01
17.36,0.14520923674564862,sad,subject_03,subject_03_sad_session_01
17.364,0.08341591457283797,sad,subject_03,subject_03_sad_session_01
17.368,0.09442480185581513,sad,subject_03,subject_03_sad_session_01
17.372,0.09232007642738307,sad,subject_03,subject_03_sad_session_01
17.376,0.05858801828527034,sad,subject_03,subject_03_sad_session_01
17.38,0.08473420025283518,sad,subject_03,subject_03_sad_session_01
17.384,0.15925893633018545,sad,subject_03,subject_03_sad_session_01
17.388,0.08949987087773198,sad,subject_03,subject_03_sad_session_01
17.392,0.12761888542920452,sad,subject_03,subject_03_sad_session_01
17.396,0.1211808923320382,sad,subject_03,subject_03_sad_session_01
17.4,0.044747937948487596,sad,subject_03,subject_03_sad_session_01
17.404,0.07013164355865588,sad,subject_03,subject_03_sad_session_01
17.408,0.053335553412869066,sad,subject_03,subject_03_sad_session_01
17.412,0.08960153630537301,sad,subject_03,subject_03_sad_session_01
17.416,0.07236723270149939,sad,subject_03,subject_03_sad_session_01
17.42,0.1050486502452367,sad,subject_03,subject_03_sad_session_01
17.424,0.058281984770725465,sad,subject_03,subject_03_sad_session_01
17.428,0.0741009005216683,sad,subject_03,subject_03_sad_session_01
17.432,0.02740804132061374,sad,subject_03,subject_03_sad_session_01
17.436,0.00033277277759560797,sad,subject_03,subject_03_sad_session_01
17.44,0.06219932351973277,sad,subject_03,subject_03_sad_session_01
17.444,0.0444524583910492,sad,subject_03,subject_03_sad_session_01
17.448,0.054705474881179335,sad,subject_03,subject_03_sad_session_01
17.452,0.07880711215218414,sad,subject_03,subject_03_sad_session_01
17.456,0.04482957971663902,sad,subject_03,subject_03_sad_session_01
17.46,0.05814465127199814,sad,subject_03,subject_03_sad_session_01
17.464,0.06256050954515752,sad,subject_03,subject_03_sad_session_01
17.468,0.02625428513363837,sad,subject_03,subject_03_sad_session_01
17.472,0.01156228705803962,sad,subject_03,subject_03_sad_session_01
17.476,0.08788611883253503,sad,subject_03,subject_03_sad_session_01
17.48,0.039183073211795594,sad,subject_03,subject_03_sad_session_01
17.484,0.03537249272809097,sad,subject_03,subject_03_sad_session_01
17.488,-0.0035056198882779527,sad,subject_03,subject_03_sad_session_01
17.492,0.03270886914844945,sad,subject_03,subject_03_sad_session_01
17.496,0.03433052674806546,sad,subject_03,subject_03_sad_session_01
17.5,-0.004005556057120323,sad,subject_03,subject_03_sad_session_01
17.504,0.04572403335466965,sad,subject_03,subject_03_sad_session_01
17.508,0.015419075344178853,sad,subject_03,subject_03_sad_session_01
17.512,-0.04365340208289112,sad,subject_03,subject_03_sad_session_01
17.516,0.006538588219978256,sad,subject_03,subject_03_sad_session_01
17.52,0.05094053637177559,sad,subject_03,subject_03_sad_session_01
17.524,-0.005384300449521116,sad,subject_03,subject_03_sad_session_01
17.528,0.09379355755903906,sad,subject_03,subject_03_sad_session_01
17.532,0.03528708355487308,sad,subject_03,subject_03_sad_session_01
17.536,0.08777863667159691,sad,subject_03,subject_03_sad_session_01
17.54,-0.012630326662003859,sad,subject_03,subject_03_sad_session_01
17.544,-0.016100861892085924,sad,subject_03,subject_03_sad_session_01
17.548,0.012801404154302537,sad,subject_03,subject_03_sad_session_01
17.552,-0.018282306043551515,sad,subject_03,subject_03_sad_session_01
17.556,0.005876393383033463,sad,subject_03,subject_03_sad_session_01
17.56,0.06700911170329332,sad,subject_03,subject_03_sad_session_01
17.564,0.009946627746372444,sad,subject_03,subject_03_sad_session_01
17.568,-0.028744381711340538,sad,subject_03,subject_03_sad_session_01
17.572,0.027871203959354447,sad,subject_03,subject_03_sad_session_01
17.576,0.05833498764798084,sad,subject_03,subject_03_sad_session_01
17.58,-0.03763724738455208,sad,subject_03,subject_03_sad_session_01
17.584,-0.022199401501837288,sad,subject_03,subject_03_sad_session_01
17.588,0.019831417052353268,sad,subject_03,subject_03_sad_session_01
17.592,-0.01792623267812588,sad,subject_03,subject_03_sad_session_01
17.596,0.012810423384984726,sad,subject_03,subject_03_sad_session_01
17.6,0.06089426437523528,sad,subject_03,subject_03_sad_session_01
17.604,0.006194397611337887,sad,subject_03,subject_03_sad_session_01
17.608,0.031098896621093323,sad,subject_03,subject_03_sad_session_01
17.612,0.03309457909656782,sad,subject_03,subject_03_sad_session_01
17.616,-0.006732676585778325,sad,subject_03,subject_03_sad_session_01
17.62,-0.014731015756309421,sad,subject_03,subject_03_sad_session_01
17.624,0.04662803464161741,sad,subject_03,subject_03_sad_session_01
17.628,0.01812072218189303,sad,subject_03,subject_03_sad_session_01
17.632,0.022794240395872835,sad,subject_03,subject_03_sad_session_01
17.636,0.015348369075481644,sad,subject_03,subject_03_sad_session_01
17.64,0.012477634956839859,sad,subject_03,subject_03_sad_session_01
17.644,0.022058454051648534,sad,subject_03,subject_03_sad_session_01
17.648,-0.017323335519236437,sad,subject_03,subject_03_sad_session_01
17.652,0.027866246360000638,sad,subject_03,subject_03_sad_session_01
17.656,-0.013842044045506426,sad,subject_03,subject_03_sad_session_01
17.66,0.08606979257444303,sad,subject_03,subject_03_sad_session_01
17.664,0.03481205577337914,sad,subject_03,subject_03_sad_session_01
17.668,0.025130832685566797,sad,subject_03,subject_03_sad_session_01
17.672,-0.014976253466457562,sad,subject_03,subject_03_sad_session_01
17.676,0.050548968596259056,sad,subject_03,subject_03_sad_session_01
17.68,0.003776148511111268,sad,subject_03,subject_03_sad_session_01
17.684,0.03687909154672024,sad,subject_03,subject_03_sad_session_01
17.688,-0.0004043455715133856,sad,subject_03,subject_03_sad_session_01
17.692,-0.03667103438866889,sad,subject_03,subject_03_sad_session_01
17.696,0.06837246986719837,sad,subject_03,subject_03_sad_session_01
17.7,0.0411260563366541,sad,subject_03,subject_03_sad_session_01
17.704,0.013903578551537427,sad,subject_03,subject_03_sad_session_01
17.708,0.08685922547082262,sad,subject_03,subject_03_sad_session_01
17.712,0.0298571362302701,sad,subject_03,subject_03_sad_session_01
17.716,0.06957975422618025,sad,subject_03,subject_03_sad_session_01
17.72,-0.012471978461391649,sad,subject_03,subject_03_sad_session_01
17.724,0.030272986931085072,sad,subject_03,subject_03_sad_session_01
17.728,0.03528732650282427,sad,subject_03,subject_03_sad_session_01
17.732,0.01868749937801471,sad,subject_03,subject_03_sad_session_01
17.736,0.026301203641597406,sad,subject_03,subject_03_sad_session_01
17.74,0.06209777928356351,sad,subject_03,subject_03_sad_session_01
17.744,0.057413413029907025,sad,subject_03,subject_03_sad_session_01
17.748,0.06190420017392694,sad,subject_03,subject_03_sad_session_01
17.752,0.05767686661213294,sad,subject_03,subject_03_sad_session_01
17.756,0.10880390041590321,sad,subject_03,subject_03_sad_session_01
17.76,0.045930595259756096,sad,subject_03,subject_03_sad_session_01
17.764,0.08978040652918985,sad,subject_03,subject_03_sad_session_01
17.768,0.07922975051329033,sad,subject_03,subject_03_sad_session_01
17.772,0.0810381200821069,sad,subject_03,subject_03_sad_session_01
17.776,0.035313195997422706,sad,subject_03,subject_03_sad_session_01
17.78,0.10260515227342909,sad,subject_03,subject_03_sad_session_01
17.784,0.08790412652017805,sad,subject_03,subject_03_sad_session_01
17.788,0.11642673687157644,sad,subject_03,subject_03_sad_session_01
17.792,0.2013681698904012,sad,subject_03,subject_03_sad_session_01
17.796,0.11462323554775557,sad,subject_03,subject_03_sad_session_01
17.8,0.12288578243127371,sad,subject_03,subject_03_sad_session_01
17.804,0.08413148006883568,sad,subject_03,subject_03_sad_session_01
17.808,0.11080278007660016,sad,subject_03,subject_03_sad_session_01
17.812,0.09944584515348527,sad,subject_03,subject_03_sad_session_01
17.816,0.07461606058852609,sad,subject_03,subject_03_sad_session_01
17.82,0.06809835579974631,sad,subject_03,subject_03_sad_session_01
17.824,0.10515099293752138,sad,subject_03,subject_03_sad_session_01
17.828,0.06583577234943036,sad,subject_03,subject_03_sad_session_01
17.832,0.052539217875206844,sad,subject_03,subject_03_sad_session_01
17.836,0.11495094388366447,sad,subject_03,subject_03_sad_session_01
17.84,0.11573588210395339,sad,subject_03,subject_03_sad_session_01
17.844,0.036408392860614355,sad,subject_03,subject_03_sad_session_01
17.848,0.09049192574653822,sad,subject_03,subject_03_sad_session_01
17.852,0.004203802815450491,sad,subject_03,subject_03_sad_session_01
17.856,0.01963738922087448,sad,subject_03,subject_03_sad_session_01
17.86,0.006799965781247086,sad,subject_03,subject_03_sad_session_01
17.864,0.02355319217871905,sad,subject_03,subject_03_sad_session_01
17.868,0.034219166279869755,sad,subject_03,subject_03_sad_session_01
17.872,-0.007433578956297156,sad,subject_03,subject_03_sad_session_01
17.876,0.0135226125252343,sad,subject_03,subject_03_sad_session_01
17.88,-0.005088058108088479,sad,subject_03,subject_03_sad_session_01
17.884,0.027370061698481492,sad,subject_03,subject_03_sad_session_01
17.888,0.021282368787877128,sad,subject_03,subject_03_sad_session_01
17.892,0.057109839263234215,sad,subject_03,subject_03_sad_session_01
17.896,-0.03904231172444519,sad,subject_03,subject_03_sad_session_01
17.9,0.04564197401546103,sad,subject_03,subject_03_sad_session_01
17.904,0.0442674969394875,sad,subject_03,subject_03_sad_session_01
17.908,-0.007307009986310727,sad,subject_03,subject_03_sad_session_01
17.912,-0.003334482659559433,sad,subject_03,subject_03_sad_session_01
17.916,0.016625460939799146,sad,subject_03,subject_03_sad_session_01
17.92,0.03608244963808443,sad,subject_03,subject_03_sad_session_01
17.924,-0.056677816450115145,sad,subject_03,subject_03_sad_session_01
17.928,-0.010266790574363445,sad,subject_03,subject_03_sad_session_01
17.932,0.014515792644665453,sad,subject_03,subject_03_sad_session_01
17.936,-3.829730519813073e-05,sad,subject_03,subject_03_sad_session_01
17.94,-0.006711876322542579,sad,subject_03,subject_03_sad_session_01
17.944,-0.06302190156711249,sad,subject_03,subject_03_sad_session_01
17.948,-0.03487092135142296,sad,subject_03,subject_03_sad_session_01
17.952,-0.03201823344719298,sad,subject_03,subject_03_sad_session_01
17.956,-0.03561809541582996,sad,subject_03,subject_03_sad_session_01
17.96,0.054253479895959945,sad,subject_03,subject_03_sad_session_01
17.964,0.06290509870866415,sad,subject_03,subject_03_sad_session_01
17.968,0.12587474080730676,sad,subject_03,subject_03_sad_session_01
17.972,0.3085499146515768,sad,subject_03,subject_03_sad_session_01
17.976,0.3746011074704922,sad,subject_03,subject_03_sad_session_01
17.98,0.48045666476919335,sad,subject_03,subject_03_sad_session_01
17.984,0.577789554547851,sad,subject_03,subject_03_sad_session_01
17.988,0.6478347283423845,sad,subject_03,subject_03_sad_session_01
17.992,0.6994169634279325,sad,subject_03,subject_03_sad_session_01
17.996,0.7088169184507895,sad,subject_03,subject_03_sad_session_01
18.0,0.713078105766298,sad,subject_03,subject_03_sad_session_01
18.004,0.618000118563825,sad,subject_03,subject_03_sad_session_01
18.008,0.5982706589804693,sad,subject_03,subject_03_sad_session_01
18.012,0.4362935436132375,sad,subject_03,subject_03_sad_session_01
18.016,0.3572250415619829,sad,subject_03,subject_03_sad_session_01
18.02,0.18415655709083256,sad,subject_03,subject_03_sad_session_01
18.024,0.11283805759887332,sad,subject_03,subject_03_sad_session_01
18.028,-0.025890205501807723,sad,subject_03,subject_03_sad_session_01
18.032,-0.06045788749095282,sad,subject_03,subject_03_sad_session_01
18.036,-0.08735758176082124,sad,subject_03,subject_03_sad_session_01
18.04,-0.07194684689232901,sad,subject_03,subject_03_sad_session_01
18.044,-0.10913017922427373,sad,subject_03,subject_03_sad_session_01
18.048,-0.011564703227881529,sad,subject_03,subject_03_sad_session_01
18.052,-0.037351447398372296,sad,subject_03,subject_03_sad_session_01
18.056,-0.022093866574423398,sad,subject_03,subject_03_sad_session_01
18.06,-0.05092703039431132,sad,subject_03,subject_03_sad_session_01
18.064,0.010931927101576679,sad,subject_03,subject_03_sad_session_01
18.068,0.040729449854438535,sad,subject_03,subject_03_sad_session_01
18.072,-0.016013396950174154,sad,subject_03,subject_03_sad_session_01
18.076,-0.003156609460114269,sad,subject_03,subject_03_sad_session_01
18.08,0.009595535775549507,sad,subject_03,subject_03_sad_session_01
18.084,0.010185865035705554,sad,subject_03,subject_03_sad_session_01
18.088,-0.00639186531067178,sad,subject_03,subject_03_sad_session_01
18.092,0.03673030874320475,sad,subject_03,subject_03_sad_session_01
18.096,0.06273009624634084,sad,subject_03,subject_03_sad_session_01
18.1,0.02832295867278663,sad,subject_03,subject_03_sad_session_01
18.104,0.00651542375346879,sad,subject_03,subject_03_sad_session_01
18.108,0.0034280146952604534,sad,subject_03,subject_03_sad_session_01
18.112,0.11318908515462692,sad,subject_03,subject_03_sad_session_01
18.116,0.031084645285289633,sad,subject_03,subject_03_sad_session_01
18.12,0.0633478872483271,sad,subject_03,subject_03_sad_session_01
18.124,0.0024933865823227527,sad,subject_03,subject_03_sad_session_01
18.128,0.034120815580865195,sad,subject_03,subject_03_sad_session_01
18.132,0.09368285740115563,sad,subject_03,subject_03_sad_session_01
18.136,0.03964464868904993,sad,subject_03,subject_03_sad_session_01
18.14,0.04618489103029279,sad,subject_03,subject_03_sad_session_01
18.144,0.08676878657337647,sad,subject_03,subject_03_sad_session_01
18.148,0.06139590273349568,sad,subject_03,subject_03_sad_session_01
18.152,0.1027772482857871,sad,subject_03,subject_03_sad_session_01
18.156,0.07198068198091377,sad,subject_03,subject_03_sad_session_01
18.16,0.0942159718834871,sad,subject_03,subject_03_sad_session_01
18.164,0.12225457232046537,sad,subject_03,subject_03_sad_session_01
18.168,0.09448291148283466,sad,subject_03,subject_03_sad_session_01
18.172,0.07608271195164108,sad,subject_03,subject_03_sad_session_01
18.176,0.10611001840805227,sad,subject_03,subject_03_sad_session_01
18.18,0.09476590508311553,sad,subject_03,subject_03_sad_session_01
18.184,0.11501955165206772,sad,subject_03,subject_03_sad_session_01
18.188,0.13520732281976683,sad,subject_03,subject_03_sad_session_01
18.192,0.14014951249472524,sad,subject_03,subject_03_sad_session_01
18.196,0.17188566196680805,sad,subject_03,subject_03_sad_session_01
18.2,0.1257892301323034,sad,subject_03,subject_03_sad_session_01
18.204,0.15295606294127073,sad,subject_03,subject_03_sad_session_01
18.208,0.1985850561894197,sad,subject_03,subject_03_sad_session_01
18.212,0.17094861408732473,sad,subject_03,subject_03_sad_session_01
18.216,0.19285027642274127,sad,subject_03,subject_03_sad_session_01
18.22,0.16576500190180124,sad,subject_03,subject_03_sad_session_01
18.224,0.19411735083636011,sad,subject_03,subject_03_sad_session_01
18.228,0.1666076024018904,sad,subject_03,subject_03_sad_session_01
18.232,0.1315322262888693,sad,subject_03,subject_03_sad_session_01
18.236,0.19444313853936582,sad,subject_03,subject_03_sad_session_01
18.24,0.1869167633302333,sad,subject_03,subject_03_sad_session_01
18.244,0.1773628832471739,sad,subject_03,subject_03_sad_session_01
18.248,0.14762880002931772,sad,subject_03,subject_03_sad_session_01
18.252,0.22210649875278313,sad,subject_03,subject_03_sad_session_01
18.256,0.19820658927633583,sad,subject_03,subject_03_sad_session_01
18.26,0.153813674992967,sad,subject_03,subject_03_sad_session_01
18.264,0.21352355463381797,sad,subject_03,subject_03_sad_session_01
18.268,0.2095001681806602,sad,subject_03,subject_03_sad_session_01
18.272,0.15955248022001264,sad,subject_03,subject_03_sad_session_01
18.276,0.136712278625085,sad,subject_03,subject_03_sad_session_01
18.28,0.17293428267196542,sad,subject_03,subject_03_sad_session_01
18.284,0.14897861218558495,sad,subject_03,subject_03_sad_session_01
18.288,0.23132420527219794,sad,subject_03,subject_03_sad_session_01
18.292,0.1150219172241175,sad,subject_03,subject_03_sad_session_01
18.296,0.1880763039412912,sad,subject_03,subject_03_sad_session_01
18.3,0.12382769920296349,sad,subject_03,subject_03_sad_session_01
18.304,0.12374465899701137,sad,subject_03,subject_03_sad_session_01
18.308,0.10004719355465538,sad,subject_03,subject_03_sad_session_01
18.312,0.12325593537447109,sad,subject_03,subject_03_sad_session_01
18.316,0.0877881166124121,sad,subject_03,subject_03_sad_session_01
18.32,0.10123748759688928,sad,subject_03,subject_03_sad_session_01
18.324,0.06448619172154678,sad,subject_03,subject_03_sad_session_01
18.328,0.03658945121270339,sad,subject_03,subject_03_sad_session_01
18.332,0.08383218254968638,sad,subject_03,subject_03_sad_session_01
18.336,0.1239619747763904,sad,subject_03,subject_03_sad_session_01
18.34,0.08647952094512254,sad,subject_03,subject_03_sad_session_01
18.344,0.06823394321525715,sad,subject_03,subject_03_sad_session_01
18.348,0.14620924411513603,sad,subject_03,subject_03_sad_session_01
18.352,-0.0072640218584196226,sad,subject_03,subject_03_sad_session_01
18.356,0.06556965571135517,sad,subject_03,subject_03_sad_session_01
18.36,0.02561930118448395,sad,subject_03,subject_03_sad_session_01
18.364,0.04837322570961424,sad,subject_03,subject_03_sad_session_01
18.368,0.01877606002932494,sad,subject_03,subject_03_sad_session_01
18.372,0.017584568322096775,sad,subject_03,subject_03_sad_session_01
18.376,0.04160079051298064,sad,subject_03,subject_03_sad_session_01
18.38,0.023691067009391567,sad,subject_03,subject_03_sad_session_01
18.384,0.0034353265752204744,sad,subject_03,subject_03_sad_session_01
18.388,-0.018697685814905877,sad,subject_03,subject_03_sad_session_01
18.392,0.04099477844317419,sad,subject_03,subject_03_sad_session_01
18.396,0.00765515914960513,sad,subject_03,subject_03_sad_session_01
18.4,-0.025284982443480306,sad,subject_03,subject_03_sad_session_01
18.404,-0.04220258658286945,sad,subject_03,subject_03_sad_session_01
18.408,0.014299823084038698,sad,subject_03,subject_03_sad_session_01
18.412,-0.005820501442718946,sad,subject_03,subject_03_sad_session_01
18.416,0.006254651520429505,sad,subject_03,subject_03_sad_session_01
18.42,0.07511242581333212,sad,subject_03,subject_03_sad_session_01
18.424,0.021270268547234135,sad,subject_03,subject_03_sad_session_01
18.428,-0.005855785479383533,sad,subject_03,subject_03_sad_session_01
18.432,-0.056894173258260745,sad,subject_03,subject_03_sad_session_01
18.436,0.040804844448023396,sad,subject_03,subject_03_sad_session_01
18.44,-0.0071477320946395535,sad,subject_03,subject_03_sad_session_01
18.444,0.06269770900429031,sad,subject_03,subject_03_sad_session_01
18.448,-0.03623040310805688,sad,subject_03,subject_03_sad_session_01
18.452,-0.051602358646313885,sad,subject_03,subject_03_sad_session_01
18.456,0.02920678307196109,sad,subject_03,subject_03_sad_session_01
18.46,-0.0072744279471502315,sad,subject_03,subject_03_sad_session_01
18.464,0.021843259491060196,sad,subject_03,subject_03_sad_session_01
18.468,-0.05292993056044222,sad,subject_03,subject_03_sad_session_01
18.472,-0.05397397385250298,sad,subject_03,subject_03_sad_session_01
18.476,-0.04825763732646948,sad,subject_03,subject_03_sad_session_01
18.48,-0.10131395258995606,sad,subject_03,subject_03_sad_session_01
18.484,-0.03409435676835655,sad,subject_03,subject_03_sad_session_01
18.488,-0.07505447471777954,sad,subject_03,subject_03_sad_session_01
18.492,-0.017011459460229653,sad,subject_03,subject_03_sad_session_01
18.496,-0.022538338448544037,sad,subject_03,subject_03_sad_session_01
18.5,-0.04686512156194807,sad,subject_03,subject_03_sad_session_01
18.504,-0.004995857119874774,sad,subject_03,subject_03_sad_session_01
18.508,-0.0158226664706161,sad,subject_03,subject_03_sad_session_01
18.512,0.01901510584998214,sad,subject_03,subject_03_sad_session_01
18.516,0.034313390594745835,sad,subject_03,subject_03_sad_session_01
18.52,-0.017348808530626387,sad,subject_03,subject_03_sad_session_01
18.524,-0.00857537646299768,sad,subject_03,subject_03_sad_session_01
18.528,-0.004232812339048396,sad,subject_03,subject_03_sad_session_01
18.532,0.03587102920757918,sad,subject_03,subject_03_sad_session_01
18.536,-0.06438664224831392,sad,subject_03,subject_03_sad_session_01
18.54,-0.03935369252039264,sad,subject_03,subject_03_sad_session_01
18.544,-0.06383248658514001,sad,subject_03,subject_03_sad_session_01
18.548,-0.04147889025435217,sad,subject_03,subject_03_sad_session_01
18.552,-0.034358563680267476,sad,subject_03,subject_03_sad_session_01
18.556,-0.04920031136628466,sad,subject_03,subject_03_sad_session_01
18.56,-0.01050946269326211,sad,subject_03,subject_03_sad_session_01
18.564,-0.008085933443536938,sad,subject_03,subject_03_sad_session_01
18.568,-0.023525321497839716,sad,subject_03,subject_03_sad_session_01
18.572,-0.01373639677164727,sad,subject_03,subject_03_sad_session_01
18.576,0.029688932192505443,sad,subject_03,subject_03_sad_session_01
18.58,-0.012876621826067726,sad,subject_03,subject_03_sad_session_01
18.584,-0.06377068852733406,sad,subject_03,subject_03_sad_session_01
18.588,-0.0477032384237903,sad,subject_03,subject_03_sad_session_01
18.592,-0.050091126829465774,sad,subject_03,subject_03_sad_session_01
18.596,0.018356710111639526,sad,subject_03,subject_03_sad_session_01
18.6,-0.03933387832288568,sad,subject_03,subject_03_sad_session_01
18.604,-0.055191838226301713,sad,subject_03,subject_03_sad_session_01
18.608,-0.05866885122994646,sad,subject_03,subject_03_sad_session_01
18.612,-0.041689675602911896,sad,subject_03,subject_03_sad_session_01
18.616,-0.04294946279920801,sad,subject_03,subject_03_sad_session_01
18.62,-0.047443736802835035,sad,subject_03,subject_03_sad_session_01
18.624,0.0017108952268357937,sad,subject_03,subject_03_sad_session_01
18.628,-0.03328670084319674,sad,subject_03,subject_03_sad_session_01
18.632,-0.026859106593864146,sad,subject_03,subject_03_sad_session_01
18.636,-0.0018882619550442334,sad,subject_03,subject_03_sad_session_01
18.64,0.0005479516430728776,sad,subject_03,subject_03_sad_session_01
18.644,-0.042228419283310066,sad,subject_03,subject_03_sad_session_01
18.648,0.012633981195872546,sad,subject_03,subject_03_sad_session_01
18.652,-0.023781626808026896,sad,subject_03,subject_03_sad_session_01
18.656,-0.04020051116357744,sad,subject_03,subject_03_sad_session_01
18.66,0.005585921521946327,sad,subject_03,subject_03_sad_session_01
18.664,-0.009073070663650816,sad,subject_03,subject_03_sad_session_01
18.668,-0.010916817325810515,sad,subject_03,subject_03_sad_session_01
18.672,-0.02926055773080797,sad,subject_03,subject_03_sad_session_01
18.676,-0.016848799285141994,sad,subject_03,subject_03_sad_session_01
18.68,-0.03685604603000263,sad,subject_03,subject_03_sad_session_01
18.684,-0.01912924344031096,sad,subject_03,subject_03_sad_session_01
18.688,-0.0228947142450954,sad,subject_03,subject_03_sad_session_01
18.692,-0.00012927379756920692,sad,subject_03,subject_03_sad_session_01
18.696,0.041874067777155174,sad,subject_03,subject_03_sad_session_01
18.7,-0.006019132501666269,sad,subject_03,subject_03_sad_session_01
18.704,0.026700820517843924,sad,subject_03,subject_03_sad_session_01
18.708,0.011357479383737327,sad,subject_03,subject_03_sad_session_01
18.712,0.046308049198284934,sad,subject_03,subject_03_sad_session_01
18.716,0.06777381063796023,sad,subject_03,subject_03_sad_session_01
18.72,0.006342762993350019,sad,subject_03,subject_03_sad_session_01
18.724,-0.024333254277429016,sad,subject_03,subject_03_sad_session_01
18.728,-0.005204428052620273,sad,subject_03,subject_03_sad_session_01
18.732,0.06704658460958793,sad,subject_03,subject_03_sad_session_01
18.736,0.052284090808858874,sad,subject_03,subject_03_sad_session_01
18.74,0.018481099283784427,sad,subject_03,subject_03_sad_session_01
18.744,0.10069992799836608,sad,subject_03,subject_03_sad_session_01
18.748,0.04754654621425351,sad,subject_03,subject_03_sad_session_01
18.752,0.05034573855760022,sad,subject_03,subject_03_sad_session_01
18.756,0.0558157275673493,sad,subject_03,subject_03_sad_session_01
18.76,0.10543298275066293,sad,subject_03,subject_03_sad_session_01
18.764,0.046700892755203616,sad,subject_03,subject_03_sad_session_01
18.768,0.10954798831024146,sad,subject_03,subject_03_sad_session_01
18.772,0.08870959239137488,sad,subject_03,subject_03_sad_session_01
18.776,0.11269357892351703,sad,subject_03,subject_03_sad_session_01
18.78,0.09381889510354106,sad,subject_03,subject_03_sad_session_01
18.784,0.07976273772762318,sad,subject_03,subject_03_sad_session_01
18.788,0.08772476732361435,sad,subject_03,subject_03_sad_session_01
18.792,0.06659783960061502,sad,subject_03,subject_03_sad_session_01
18.796,0.03898049853490737,sad,subject_03,subject_03_sad_session_01
18.8,0.07579859265052949,sad,subject_03,subject_03_sad_session_01
18.804,0.04917123758639091,sad,subject_03,subject_03_sad_session_01
18.808,0.08424501350456431,sad,subject_03,subject_03_sad_session_01
18.812,0.07796042861596669,sad,subject_03,subject_03_sad_session_01
18.816,0.05327001417570265,sad,subject_03,subject_03_sad_session_01
18.82,0.06006724952546948,sad,subject_03,subject_03_sad_session_01
18.824,0.03969639042415292,sad,subject_03,subject_03_sad_session_01
18.828,0.03465708154894259,sad,subject_03,subject_03_sad_session_01
18.832,-0.004539549862384943,sad,subject_03,subject_03_sad_session_01
18.836,0.017149377027002616,sad,subject_03,subject_03_sad_session_01
18.84,0.018264611204205083,sad,subject_03,subject_03_sad_session_01
18.844,0.011622183026314273,sad,subject_03,subject_03_sad_session_01
18.848,0.0047846041904367805,sad,subject_03,subject_03_sad_session_01
18.852,-0.0007089453874682553,sad,subject_03,subject_03_sad_session_01
18.856,0.052116545472239754,sad,subject_03,subject_03_sad_session_01
18.86,-0.009186215452815753,sad,subject_03,subject_03_sad_session_01
18.864,0.006445846939666985,sad,subject_03,subject_03_sad_session_01
18.868,-0.017178315091527337,sad,subject_03,subject_03_sad_session_01
18.872,-0.00986132234676564,sad,subject_03,subject_03_sad_session_01
18.876,-0.047097497648839824,sad,subject_03,subject_03_sad_session_01
18.88,-0.04033207535386557,sad,subject_03,subject_03_sad_session_01
18.884,-0.03864327787126438,sad,subject_03,subject_03_sad_session_01
18.888,-0.06691692723942572,sad,subject_03,subject_03_sad_session_01
18.892,-0.022113751481937224,sad,subject_03,subject_03_sad_session_01
18.896,-0.05331964591443845,sad,subject_03,subject_03_sad_session_01
18.9,-0.05954044967075775,sad,subject_03,subject_03_sad_session_01
18.904,0.03638841187365691,sad,subject_03,subject_03_sad_session_01
18.908,0.004885272755002126,sad,subject_03,subject_03_sad_session_01
18.912,0.029228473500961034,sad,subject_03,subject_03_sad_session_01
18.916,-0.038693618706037436,sad,subject_03,subject_03_sad_session_01
18.92,-0.05169522820740592,sad,subject_03,subject_03_sad_session_01
18.924,-0.03696129961719985,sad,subject_03,subject_03_sad_session_01
18.928,-0.04028033612388082,sad,subject_03,subject_03_sad_session_01
18.932,-0.05574613640245296,sad,subject_03,subject_03_sad_session_01
18.936,-0.04617039289632881,sad,subject_03,subject_03_sad_session_01
18.94,0.03834016904453273,sad,subject_03,subject_03_sad_session_01
18.944,0.0412483055347971,sad,subject_03,subject_03_sad_session_01
18.948,0.19713882047151982,sad,subject_03,subject_03_sad_session_01
18.952,0.2781647600017336,sad,subject_03,subject_03_sad_session_01
18.956,0.42525452672411335,sad,subject_03,subject_03_sad_session_01
18.96,0.5450543092835539,sad,subject_03,subject_03_sad_session_01
18.964,0.6256244109064416,sad,subject_03,subject_03_sad_session_01
18.968,0.6428439527461907,sad,subject_03,subject_03_sad_session_01
18.972,0.6675730334550808,sad,subject_03,subject_03_sad_session_01
18.976,0.6604494822977358,sad,subject_03,subject_03_sad_session_01
18.98,0.6479552053696324,sad,subject_03,subject_03_sad_session_01
18.984,0.5381638196834972,sad,subject_03,subject_03_sad_session_01
18.988,0.47355793119300826,sad,subject_03,subject_03_sad_session_01
18.992,0.32566897134688866,sad,subject_03,subject_03_sad_session_01
18.996,0.2106095235699433,sad,subject_03,subject_03_sad_session_01
19.0,0.11273304871517587,sad,subject_03,subject_03_sad_session_01
19.004,0.030045961742020906,sad,subject_03,subject_03_sad_session_01
19.008,-0.07410856506979774,sad,subject_03,subject_03_sad_session_01
19.012,-0.10358974558065617,sad,subject_03,subject_03_sad_session_01
19.016,-0.09592930815551584,sad,subject_03,subject_03_sad_session_01
19.02,-0.10734141332283946,sad,subject_03,subject_03_sad_session_01
19.024,-0.09411853833052077,sad,subject_03,subject_03_sad_session_01
19.028,-0.05067982322304439,sad,subject_03,subject_03_sad_session_01
19.032,-0.08029946320204315,sad,subject_03,subject_03_sad_session_01
19.036,-0.013954970498678856,sad,subject_03,subject_03_sad_session_01
19.04,0.04037098565793691,sad,subject_03,subject_03_sad_session_01
19.044,-0.012387899451235845,sad,subject_03,subject_03_sad_session_01
19.048,-0.029304640736750303,sad,subject_03,subject_03_sad_session_01
19.052,-0.055755739329300946,sad,subject_03,subject_03_sad_session_01
19.056,-0.024406418064920943,sad,subject_03,subject_03_sad_session_01
19.06,0.003952524131455172,sad,subject_03,subject_03_sad_session_01
19.064,-0.00786650923442296,sad,subject_03,subject_03_sad_session_01
19.068,-0.003299966553441009,sad,subject_03,subject_03_sad_session_01
19.072,-0.0021111121004192598,sad,subject_03,subject_03_sad_session_01
19.076,-0.010657891111122628,sad,subject_03,subject_03_sad_session_01
19.08,0.005766504562592921,sad,subject_03,subject_03_sad_session_01
19.084,-0.013299819679458421,sad,subject_03,subject_03_sad_session_01
19.088,0.017584734309056337,sad,subject_03,subject_03_sad_session_01
19.092,0.02320425934984909,sad,subject_03,subject_03_sad_session_01
19.096,0.06455240162240443,sad,subject_03,subject_03_sad_session_01
19.1,0.0038721655848461926,sad,subject_03,subject_03_sad_session_01
19.104,0.0534395175946319,sad,subject_03,subject_03_sad_session_01
19.108,0.06153440006996232,sad,subject_03,subject_03_sad_session_01
19.112,0.033492285364610117,sad,subject_03,subject_03_sad_session_01
19.116,0.02603761616429596,sad,subject_03,subject_03_sad_session_01
19.12,0.09134209190141031,sad,subject_03,subject_03_sad_session_01
19.124,0.0175707173833037,sad,subject_03,subject_03_sad_session_01
19.128,0.03766584555594602,sad,subject_03,subject_03_sad_session_01
19.132,0.03545467681159647,sad,subject_03,subject_03_sad_session_01
19.136,0.05299231671491918,sad,subject_03,subject_03_sad_session_01
19.14,0.07188617248236644,sad,subject_03,subject_03_sad_session_01
19.144,0.12917972138172074,sad,subject_03,subject_03_sad_session_01
19.148,0.0777683800774819,sad,subject_03,subject_03_sad_session_01
19.152,0.1592000130052902,sad,subject_03,subject_03_sad_session_01
19.156,0.12874459678784111,sad,subject_03,subject_03_sad_session_01
19.16,0.09216001641611217,sad,subject_03,subject_03_sad_session_01
19.164,0.09792118304904963,sad,subject_03,subject_03_sad_session_01
19.168,0.12385031408074186,sad,subject_03,subject_03_sad_session_01
19.172,0.12533787418273076,sad,subject_03,subject_03_sad_session_01
19.176,0.09297893046659861,sad,subject_03,subject_03_sad_session_01
19.18,0.11060868163601409,sad,subject_03,subject_03_sad_session_01
19.184,0.09044012258758719,sad,subject_03,subject_03_sad_session_01
19.188,0.1936279721139705,sad,subject_03,subject_03_sad_session_01
19.192,0.14874715811274697,sad,subject_03,subject_03_sad_session_01
19.196,0.1385243961227438,sad,subject_03,subject_03_sad_session_01
19.2,0.13072264053101673,sad,subject_03,subject_03_sad_session_01
19.204,0.13660352502163575,sad,subject_03,subject_03_sad_session_01
19.208,0.111449866304035,sad,subject_03,subject_03_sad_session_01
19.212,0.16198848245847072,sad,subject_03,subject_03_sad_session_01
19.216,0.18159288296071452,sad,subject_03,subject_03_sad_session_01
19.22,0.20607655951350207,sad,subject_03,subject_03_sad_session_01
19.224,0.18312565952447624,sad,subject_03,subject_03_sad_session_01
19.228,0.18160487422309815,sad,subject_03,subject_03_sad_session_01
19.232,0.19348683000261402,sad,subject_03,subject_03_sad_session_01
19.236,0.15271856904756873,sad,subject_03,subject_03_sad_session_01
19.24,0.11559577245105478,sad,subject_03,subject_03_sad_session_01
19.244,0.1771703098092501,sad,subject_03,subject_03_sad_session_01
19.248,0.1299779257386167,sad,subject_03,subject_03_sad_session_01
19.252,0.14587686411564882,sad,subject_03,subject_03_sad_session_01
19.256,0.11501804086746444,sad,subject_03,subject_03_sad_session_01
19.26,0.17639090022503834,sad,subject_03,subject_03_sad_session_01
19.264,0.1633733522749362,sad,subject_03,subject_03_sad_session_01
19.268,0.0915817466195292,sad,subject_03,subject_03_sad_session_01
19.272,0.1322008938884941,sad,subject_03,subject_03_sad_session_01
19.276,0.1556297176442832,sad,subject_03,subject_03_sad_session_01
19.28,0.11563859402736952,sad,subject_03,subject_03_sad_session_01
19.284,0.11384303195455853,sad,subject_03,subject_03_sad_session_01
19.288,0.13798965256728396,sad,subject_03,subject_03_sad_session_01
19.292,0.09562395403231645,sad,subject_03,subject_03_sad_session_01
19.296,0.09548159213090893,sad,subject_03,subject_03_sad_session_01
19.3,0.11605704959272567,sad,subject_03,subject_03_sad_session_01
19.304,0.05668081936707345,sad,subject_03,subject_03_sad_session_01
19.308,0.06079216463707776,sad,subject_03,subject_03_sad_session_01
19.312,0.024408166786603278,sad,subject_03,subject_03_sad_session_01
19.316,0.13045842112821465,sad,subject_03,subject_03_sad_session_01
19.32,0.06832239379252318,sad,subject_03,subject_03_sad_session_01
19.324,0.09097250886051197,sad,subject_03,subject_03_sad_session_01
19.328,0.018474303470738786,sad,subject_03,subject_03_sad_session_01
19.332,0.08637234083115321,sad,subject_03,subject_03_sad_session_01
19.336,0.03545591989080571,sad,subject_03,subject_03_sad_session_01
19.34,0.0808556321222866,sad,subject_03,subject_03_sad_session_01
19.344,0.028951749901175206,sad,subject_03,subject_03_sad_session_01
19.348,-0.0018914274504102276,sad,subject_03,subject_03_sad_session_01
19.352,0.059062770184381365,sad,subject_03,subject_03_sad_session_01
19.356,0.024288197220028316,sad,subject_03,subject_03_sad_session_01
19.36,-0.016430135635710188,sad,subject_03,subject_03_sad_session_01
19.364,-0.03414669472100503,sad,subject_03,subject_03_sad_session_01
19.368,0.024321580661033765,sad,subject_03,subject_03_sad_session_01
19.372,0.007912423757200285,sad,subject_03,subject_03_sad_session_01
19.376,0.012001139457454063,sad,subject_03,subject_03_sad_session_01
19.38,0.01011984937102056,sad,subject_03,subject_03_sad_session_01
19.384,-0.003692427432890699,sad,subject_03,subject_03_sad_session_01
19.388,0.009651834014961022,sad,subject_03,subject_03_sad_session_01
19.392,0.017737463844956558,sad,subject_03,subject_03_sad_session_01
19.396,-0.010317962466119959,sad,subject_03,subject_03_sad_session_01
19.4,0.007917947021126059,sad,subject_03,subject_03_sad_session_01
19.404,0.007877867900355884,sad,subject_03,subject_03_sad_session_01
19.408,0.021307219230896818,sad,subject_03,subject_03_sad_session_01
19.412,-0.07910226743905993,sad,subject_03,subject_03_sad_session_01
19.416,-0.026230423559204484,sad,subject_03,subject_03_sad_session_01
19.42,0.0021105489245939,sad,subject_03,subject_03_sad_session_01
19.424,0.04748498354454539,sad,subject_03,subject_03_sad_session_01
19.428,0.01919520746876086,sad,subject_03,subject_03_sad_session_01
19.432,0.019077182461417635,sad,subject_03,subject_03_sad_session_01
19.436,0.062059342228066076,sad,subject_03,subject_03_sad_session_01
19.44,-0.020795345803791755,sad,subject_03,subject_03_sad_session_01
19.444,0.04339591373075306,sad,subject_03,subject_03_sad_session_01
19.448,0.0013240169360925584,sad,subject_03,subject_03_sad_session_01
19.452,-0.04893727531098338,sad,subject_03,subject_03_sad_session_01
19.456,-0.07114513427454688,sad,subject_03,subject_03_sad_session_01
19.46,-0.026895957245241225,sad,subject_03,subject_03_sad_session_01
19.464,-0.0004657489600930903,sad,subject_03,subject_03_sad_session_01
19.468,-0.02842912727282043,sad,subject_03,subject_03_sad_session_01
19.472,-0.017066752108047333,sad,subject_03,subject_03_sad_session_01
19.476,0.03681910606944444,sad,subject_03,subject_03_sad_session_01
19.48,-0.019383335204604068,sad,subject_03,subject_03_sad_session_01
19.484,0.038141294624081536,sad,subject_03,subject_03_sad_session_01
19.488,0.0024069923942501605,sad,subject_03,subject_03_sad_session_01
19.492,0.011174188188394742,sad,subject_03,subject_03_sad_session_01
19.496,-0.02752358948245949,sad,subject_03,subject_03_sad_session_01
19.5,-0.022934258116637633,sad,subject_03,subject_03_sad_session_01
19.504,-0.020158501175776975,sad,subject_03,subject_03_sad_session_01
19.508,-0.023233423239606612,sad,subject_03,subject_03_sad_session_01
19.512,-0.0010002287369735956,sad,subject_03,subject_03_sad_session_01
19.516,0.01828891623667728,sad,subject_03,subject_03_sad_session_01
19.52,0.0535410860818296,sad,subject_03,subject_03_sad_session_01
19.524,-0.041202201326655585,sad,subject_03,subject_03_sad_session_01
19.528,-0.020165809642519364,sad,subject_03,subject_03_sad_session_01
19.532,0.00983598721525758,sad,subject_03,subject_03_sad_session_01
19.536,-0.018041758240748912,sad,subject_03,subject_03_sad_session_01
19.54,-0.058633054735553226,sad,subject_03,subject_03_sad_session_01
19.544,0.0042129214823612045,sad,subject_03,subject_03_sad_session_01
19.548,-0.04359459720259025,sad,subject_03,subject_03_sad_session_01
19.552,-0.013478871499014725,sad,subject_03,subject_03_sad_session_01
19.556,0.03239334520836467,sad,subject_03,subject_03_sad_session_01
19.56,0.002086386634824664,sad,subject_03,subject_03_sad_session_01
19.564,-2.426804673504035e-05,sad,subject_03,subject_03_sad_session_01
19.568,0.025999565172199663,sad,subject_03,subject_03_sad_session_01
19.572,-0.022361203349542634,sad,subject_03,subject_03_sad_session_01
19.576,-0.008205341520691113,sad,subject_03,subject_03_sad_session_01
19.58,-0.02364997254465563,sad,subject_03,subject_03_sad_session_01
19.584,0.005441137122920131,sad,subject_03,subject_03_sad_session_01
19.588,-0.05789133913988874,sad,subject_03,subject_03_sad_session_01
19.592,-0.04436888250362564,sad,subject_03,subject_03_sad_session_01
19.596,-0.016535224433840704,sad,subject_03,subject_03_sad_session_01
19.6,0.0008158991854134365,sad,subject_03,subject_03_sad_session_01
19.604,0.040101541993455156,sad,subject_03,subject_03_sad_session_01
19.608,-0.043510362911173286,sad,subject_03,subject_03_sad_session_01
19.612,-0.01827885347713132,sad,subject_03,subject_03_sad_session_01
19.616,-0.008277406234661902,sad,subject_03,subject_03_sad_session_01
19.62,-0.04995389529353193,sad,subject_03,subject_03_sad_session_01
19.624,-0.03735858421453031,sad,subject_03,subject_03_sad_session_01
19.628,-0.06808867867477947,sad,subject_03,subject_03_sad_session_01
19.632,0.003180879303933161,sad,subject_03,subject_03_sad_session_01
19.636,-0.03665485027126053,sad,subject_03,subject_03_sad_session_01
19.64,0.025406579964271467,sad,subject_03,subject_03_sad_session_01
19.644,0.002429791708719948,sad,subject_03,subject_03_sad_session_01
19.648,-0.014403463217813526,sad,subject_03,subject_03_sad_session_01
19.652,-0.02940008623744748,sad,subject_03,subject_03_sad_session_01
19.656,0.006638282030815143,sad,subject_03,subject_03_sad_session_01
19.66,-0.010217678504984576,sad,subject_03,subject_03_sad_session_01
19.664,0.016213259370895496,sad,subject_03,subject_03_sad_session_01
19.668,0.037623292783418076,sad,subject_03,subject_03_sad_session_01
19.672,-0.01650430222328865,sad,subject_03,subject_03_sad_session_01
19.676,-0.0030860950517012844,sad,subject_03,subject_03_sad_session_01
19.68,0.052290732623638626,sad,subject_03,subject_03_sad_session_01
19.684,0.059963058909285674,sad,subject_03,subject_03_sad_session_01
19.688,-0.0060534014796920985,sad,subject_03,subject_03_sad_session_01
19.692,0.0026728431963276254,sad,subject_03,subject_03_sad_session_01
19.696,0.00754321112382364,sad,subject_03,subject_03_sad_session_01
19.7,0.04554768349578499,sad,subject_03,subject_03_sad_session_01
19.704,0.002179140510743985,sad,subject_03,subject_03_sad_session_01
19.708,0.05048184057378929,sad,subject_03,subject_03_sad_session_01
19.712,0.053794683694327564,sad,subject_03,subject_03_sad_session_01
19.716,0.041967267358693064,sad,subject_03,subject_03_sad_session_01
19.72,0.06827180963265857,sad,subject_03,subject_03_sad_session_01
19.724,0.07308438118985155,sad,subject_03,subject_03_sad_session_01
19.728,0.0641708293310457,sad,subject_03,subject_03_sad_session_01
19.732,0.12926690181217249,sad,subject_03,subject_03_sad_session_01
19.736,0.06997130115636002,sad,subject_03,subject_03_sad_session_01
19.74,0.08616956041938516,sad,subject_03,subject_03_sad_session_01
19.744,0.0688359114473183,sad,subject_03,subject_03_sad_session_01
19.748,0.11724272155702128,sad,subject_03,subject_03_sad_session_01
19.752,0.05457748587175981,sad,subject_03,subject_03_sad_session_01
19.756,0.09272543903770583,sad,subject_03,subject_03_sad_session_01
19.76,0.05995208923519018,sad,subject_03,subject_03_sad_session_01
19.764,0.03386342511228477,sad,subject_03,subject_03_sad_session_01
19.768,0.0626801170561487,sad,subject_03,subject_03_sad_session_01
19.772,0.06051980564982796,sad,subject_03,subject_03_sad_session_01
19.776,0.09194216617137757,sad,subject_03,subject_03_sad_session_01
19.78,0.046216391339222174,sad,subject_03,subject_03_sad_session_01
19.784,0.004736933039204326,sad,subject_03,subject_03_sad_session_01
19.788,0.002436248912988326,sad,subject_03,subject_03_sad_session_01
19.792,0.061867164721607956,sad,subject_03,subject_03_sad_session_01
19.796,0.06582964986977824,sad,subject_03,subject_03_sad_session_01
19.8,0.05185890821957607,sad,subject_03,subject_03_sad_session_01
19.804,0.028703357146823934,sad,subject_03,subject_03_sad_session_01
19.808,0.04596900892206804,sad,subject_03,subject_03_sad_session_01
19.812,-0.023733940134621753,sad,subject_03,subject_03_sad_session_01
19.816,-0.03322165284204566,sad,subject_03,subject_03_sad_session_01
19.82,-0.02077271997121394,sad,subject_03,subject_03_sad_session_01
19.824,0.013657380928094154,sad,subject_03,subject_03_sad_session_01
19.828,0.03896021220750692,sad,subject_03,subject_03_sad_session_01
19.832,-0.017887249611593346,sad,subject_03,subject_03_sad_session_01
19.836,-0.017346664537743334,sad,subject_03,subject_03_sad_session_01
19.84,0.025907173466203103,sad,subject_03,subject_03_sad_session_01
19.844,-0.007747186285081327,sad,subject_03,subject_03_sad_session_01
19.848,0.008346731377443524,sad,subject_03,subject_03_sad_session_01
19.852,0.004299024247523552,sad,subject_03,subject_03_sad_session_01
19.856,-0.03737361426751195,sad,subject_03,subject_03_sad_session_01
19.86,0.05274076067919009,sad,subject_03,subject_03_sad_session_01
19.864,-0.028468426076325496,sad,subject_03,subject_03_sad_session_01
19.868,0.05428597830874237,sad,subject_03,subject_03_sad_session_01
19.872,0.013162203711018257,sad,subject_03,subject_03_sad_session_01
19.876,0.004431684801839851,sad,subject_03,subject_03_sad_session_01
19.88,-0.04909178578935009,sad,subject_03,subject_03_sad_session_01
19.884,0.004803166902365057,sad,subject_03,subject_03_sad_session_01
19.888,-0.009903093910988623,sad,subject_03,subject_03_sad_session_01
19.892,-0.0178585691219999,sad,subject_03,subject_03_sad_session_01
19.896,-0.055470699131086265,sad,subject_03,subject_03_sad_session_01
19.9,0.0035013818988907063,sad,subject_03,subject_03_sad_session_01
19.904,0.00015338291463214485,sad,subject_03,subject_03_sad_session_01
19.908,-0.07689691978975863,sad,subject_03,subject_03_sad_session_01
19.912,-0.02837917192167378,sad,subject_03,subject_03_sad_session_01
19.916,0.01593999975598779,sad,subject_03,subject_03_sad_session_01
19.92,0.09353329335284448,sad,subject_03,subject_03_sad_session_01
19.924,0.17034554586345002,sad,subject_03,subject_03_sad_session_01
19.928,0.26603147731141935,sad,subject_03,subject_03_sad_session_01
19.932,0.3961097866443755,sad,subject_03,subject_03_sad_session_01
19.936,0.5515694289306976,sad,subject_03,subject_03_sad_session_01
19.94,0.5898760758130214,sad,subject_03,subject_03_sad_session_01
19.944,0.7107936033335697,sad,subject_03,subject_03_sad_session_01
19.948,0.7818655267565762,sad,subject_03,subject_03_sad_session_01
19.952,0.7863884540233042,sad,subject_03,subject_03_sad_session_01
19.956,0.7312018064065569,sad,subject_03,subject_03_sad_session_01
19.96,0.6641649209124901,sad,subject_03,subject_03_sad_session_01
19.964,0.5598342404463885,sad,subject_03,subject_03_sad_session_01
19.968,0.48001750349596156,sad,subject_03,subject_03_sad_session_01
19.972,0.29256729938608533,sad,subject_03,subject_03_sad_session_01
19.976,0.17318169999843208,sad,subject_03,subject_03_sad_session_01
19.98,0.061366599745961654,sad,subject_03,subject_03_sad_session_01
19.984,0.0753855246577802,sad,subject_03,subject_03_sad_session_01
19.988,-0.002956184267447509,sad,subject_03,subject_03_sad_session_01
19.992,-0.09179639837859407,sad,subject_03,subject_03_sad_session_01
19.996,-0.11317684509247342,sad,subject_03,subject_03_sad_session_01
20.0,-0.07219943041383593,sad,subject_03,subject_03_sad_session_01
20.004,-0.04650574340743822,sad,subject_03,subject_03_sad_session_01
20.008,-0.022329859877084805,sad,subject_03,subject_03_sad_session_01
20.012,-0.059949666964369014,sad,subject_03,subject_03_sad_session_01
20.016,-0.023587864859932375,sad,subject_03,subject_03_sad_session_01
20.02,0.0437815681715434,sad,subject_03,subject_03_sad_session_01
20.024,0.03163995266998644,sad,subject_03,subject_03_sad_session_01
20.028,-0.0035007752157213794,sad,subject_03,subject_03_sad_session_01
20.032,0.04971315650083523,sad,subject_03,subject_03_sad_session_01
20.036,0.05284724017029855,sad,subject_03,subject_03_sad_session_01
20.04,0.09297584325156802,sad,subject_03,subject_03_sad_session_01
20.044,0.02260003433663738,sad,subject_03,subject_03_sad_session_01
20.048,0.011833945061110723,sad,subject_03,subject_03_sad_session_01
20.052,0.030736080745236892,sad,subject_03,subject_03_sad_session_01
20.056,0.06633950936369161,sad,subject_03,subject_03_sad_session_01
20.06,0.004497070532159961,sad,subject_03,subject_03_sad_session_01
20.064,0.04599891472501384,sad,subject_03,subject_03_sad_session_01
20.068,0.05101493562150317,sad,subject_03,subject_03_sad_session_01
20.072,0.09389181637929908,sad,subject_03,subject_03_sad_session_01
20.076,0.04229701354485491,sad,subject_03,subject_03_sad_session_01
20.08,0.05859780903653579,sad,subject_03,subject_03_sad_session_01
20.084,0.08346295233146718,sad,subject_03,subject_03_sad_session_01
20.088,0.054293948523608325,sad,subject_03,subject_03_sad_session_01
20.092,0.053982765199556346,sad,subject_03,subject_03_sad_session_01
20.096,0.13935290642841971,sad,subject_03,subject_03_sad_session_01
20.1,0.1053412672017581,sad,subject_03,subject_03_sad_session_01
20.104,0.13064968217576772,sad,subject_03,subject_03_sad_session_01
20.108,0.12164769526699082,sad,subject_03,subject_03_sad_session_01
20.112,0.10210275548732468,sad,subject_03,subject_03_sad_session_01
20.116,0.09327654480751324,sad,subject_03,subject_03_sad_session_01
20.12,0.10036450546151998,sad,subject_03,subject_03_sad_session_01
20.124,0.10113285744987544,sad,subject_03,subject_03_sad_session_01
20.128,0.10712578055568131,sad,subject_03,subject_03_sad_session_01
20.132,0.11142270221138718,sad,subject_03,subject_03_sad_session_01
20.136,0.16396405892987392,sad,subject_03,subject_03_sad_session_01
20.14,0.11734310348095692,sad,subject_03,subject_03_sad_session_01
20.144,0.19341612317832038,sad,subject_03,subject_03_sad_session_01
20.148,0.17953725343032392,sad,subject_03,subject_03_sad_session_01
20.152,0.18218870129662146,sad,subject_03,subject_03_sad_session_01
20.156,0.1739909302010375,sad,subject_03,subject_03_sad_session_01
20.16,0.18392076782687647,sad,subject_03,subject_03_sad_session_01
20.164,0.1630084054199308,sad,subject_03,subject_03_sad_session_01
20.168,0.15434405377443433,sad,subject_03,subject_03_sad_session_01
20.172,0.16988888115737466,sad,subject_03,subject_03_sad_session_01
20.176,0.14709472121853936,sad,subject_03,subject_03_sad_session_01
20.18,0.20300531531541582,sad,subject_03,subject_03_sad_session_01
20.184,0.16168941460420597,sad,subject_03,subject_03_sad_session_01
20.188,0.21315939831046163,sad,subject_03,subject_03_sad_session_01
20.192,0.21551196819851567,sad,subject_03,subject_03_sad_session_01
20.196,0.20395162593533825,sad,subject_03,subject_03_sad_session_01
20.2,0.18154551336521954,sad,subject_03,subject_03_sad_session_01
20.204,0.17147888348703155,sad,subject_03,subject_03_sad_session_01
20.208,0.17472437062089566,sad,subject_03,subject_03_sad_session_01
20.212,0.16795380193217935,sad,subject_03,subject_03_sad_session_01
20.216,0.19405496412159298,sad,subject_03,subject_03_sad_session_01
20.22,0.18938738958887222,sad,subject_03,subject_03_sad_session_01
20.224,0.24772004446328083,sad,subject_03,subject_03_sad_session_01
20.228,0.24369858160300187,sad,subject_03,subject_03_sad_session_01
20.232,0.23080778059304874,sad,subject_03,subject_03_sad_session_01
20.236,0.17568266679077557,sad,subject_03,subject_03_sad_session_01
20.24,0.13553556314425172,sad,subject_03,subject_03_sad_session_01
20.244,0.17950775378587233,sad,subject_03,subject_03_sad_session_01
20.248,0.1622573078648332,sad,subject_03,subject_03_sad_session_01
20.252,0.16627144867372778,sad,subject_03,subject_03_sad_session_01
20.256,0.1732881164809425,sad,subject_03,subject_03_sad_session_01
20.26,0.1764509878677546,sad,subject_03,subject_03_sad_session_01
20.264,0.09684699241668425,sad,subject_03,subject_03_sad_session_01
20.268,0.18376469949478721,sad,subject_03,subject_03_sad_session_01
20.272,0.16823781160893558,sad,subject_03,subject_03_sad_session_01
20.276,0.1168370775353674,sad,subject_03,subject_03_sad_session_01
20.28,0.15522870918693205,sad,subject_03,subject_03_sad_session_01
20.284,0.11547525878644399,sad,subject_03,subject_03_sad_session_01
20.288,0.11857732936337947,sad,subject_03,subject_03_sad_session_01
20.292,0.10766088740556815,sad,subject_03,subject_03_sad_session_01
20.296,0.0849751102835773,sad,subject_03,subject_03_sad_session_01
20.3,0.0637438553392786,sad,subject_03,subject_03_sad_session_01
20.304,0.17822633899416535,sad,subject_03,subject_03_sad_session_01
20.308,0.11002654036647685,sad,subject_03,subject_03_sad_session_01
20.312,0.09042903012386368,sad,subject_03,subject_03_sad_session_01
20.316,0.1359151142385046,sad,subject_03,subject_03_sad_session_01
20.32,0.026533506340516974,sad,subject_03,subject_03_sad_session_01
20.324,0.06524866751994425,sad,subject_03,subject_03_sad_session_01
20.328,0.04993315506857476,sad,subject_03,subject_03_sad_session_01
20.332,0.049652746258542255,sad,subject_03,subject_03_sad_session_01
20.336,0.06160019162700693,sad,subject_03,subject_03_sad_session_01
20.34,0.04397174002062307,sad,subject_03,subject_03_sad_session_01
20.344,0.00034596469517637896,sad,subject_03,subject_03_sad_session_01
20.348,0.020153158884238662,sad,subject_03,subject_03_sad_session_01
20.352,0.020046422214733944,sad,subject_03,subject_03_sad_session_01
20.356,0.03158761614620413,sad,subject_03,subject_03_sad_session_01
20.36,0.013766649472583114,sad,subject_03,subject_03_sad_session_01
20.364,0.034688152957863615,sad,subject_03,subject_03_sad_session_01
20.368,0.03344782397157456,sad,subject_03,subject_03_sad_session_01
20.372,-0.028769679418083657,sad,subject_03,subject_03_sad_session_01
20.376,0.0018597181665444204,sad,subject_03,subject_03_sad_session_01
20.38,0.038885499894908894,sad,subject_03,subject_03_sad_session_01
20.384,0.027560188807025356,sad,subject_03,subject_03_sad_session_01
20.388,-0.023197810825527822,sad,subject_03,subject_03_sad_session_01
20.392,0.052463650120813235,sad,subject_03,subject_03_sad_session_01
20.396,0.045433612037373616,sad,subject_03,subject_03_sad_session_01
20.4,0.09614053803403294,sad,subject_03,subject_03_sad_session_01
20.404,0.07828847559399241,sad,subject_03,subject_03_sad_session_01
20.408,-0.0009649463589748962,sad,subject_03,subject_03_sad_session_01
20.412,0.020132989979468906,sad,subject_03,subject_03_sad_session_01
20.416,0.024328887696422608,sad,subject_03,subject_03_sad_session_01
20.42,0.06113622246023352,sad,subject_03,subject_03_sad_session_01
20.424,0.013872190445727647,sad,subject_03,subject_03_sad_session_01
20.428,0.062455725183350956,sad,subject_03,subject_03_sad_session_01
20.432,0.03028889192962267,sad,subject_03,subject_03_sad_session_01
20.436,-0.0024269465511654875,sad,subject_03,subject_03_sad_session_01
20.44,-0.014050906981381981,sad,subject_03,subject_03_sad_session_01
20.444,0.051684973795622674,sad,subject_03,subject_03_sad_session_01
20.448,0.050065127455151556,sad,subject_03,subject_03_sad_session_01
20.452,0.053759700898649246,sad,subject_03,subject_03_sad_session_01
20.456,-0.056556808283494034,sad,subject_03,subject_03_sad_session_01
20.46,0.01694599580354592,sad,subject_03,subject_03_sad_session_01
20.464,0.05844234327517998,sad,subject_03,subject_03_sad_session_01
20.468,-0.022067444043421505,sad,subject_03,subject_03_sad_session_01
20.472,0.03792975902674877,sad,subject_03,subject_03_sad_session_01
20.476,0.004309431326419366,sad,subject_03,subject_03_sad_session_01
20.48,-0.007264915027255171,sad,subject_03,subject_03_sad_session_01
20.484,-0.0007709184237595437,sad,subject_03,subject_03_sad_session_01
20.488,0.0685162558294144,sad,subject_03,subject_03_sad_session_01
20.492,0.04806845007829445,sad,subject_03,subject_03_sad_session_01
20.496,0.017772080265039895,sad,subject_03,subject_03_sad_session_01
20.5,0.08741375485913654,sad,subject_03,subject_03_sad_session_01
20.504,-0.03225536744055913,sad,subject_03,subject_03_sad_session_01
20.508,0.0024048754986141785,sad,subject_03,subject_03_sad_session_01
20.512,0.0697078499658435,sad,subject_03,subject_03_sad_session_01
20.516,0.016429896568849953,sad,subject_03,subject_03_sad_session_01
20.52,0.01571816182694038,sad,subject_03,subject_03_sad_session_01
20.524,0.01842285648416248,sad,subject_03,subject_03_sad_session_01
20.528,0.00844433217902779,sad,subject_03,subject_03_sad_session_01
20.532,0.05014991343148498,sad,subject_03,subject_03_sad_session_01
20.536,-0.002353383258694098,sad,subject_03,subject_03_sad_session_01
20.54,0.10320766227841872,sad,subject_03,subject_03_sad_session_01
20.544,-0.01976619060784961,sad,subject_03,subject_03_sad_session_01
20.548,0.07355573718083883,sad,subject_03,subject_03_sad_session_01
20.552,0.04769037124008452,sad,subject_03,subject_03_sad_session_01
20.556,0.00259611645716799,sad,subject_03,subject_03_sad_session_01
20.56,0.03092306673229684,sad,subject_03,subject_03_sad_session_01
20.564,0.0487014347983146,sad,subject_03,subject_03_sad_session_01
20.568,0.042307259069200256,sad,subject_03,subject_03_sad_session_01
20.572,-0.03333996201254783,sad,subject_03,subject_03_sad_session_01
20.576,0.03549064031993651,sad,subject_03,subject_03_sad_session_01
20.58,-0.017526887595782515,sad,subject_03,subject_03_sad_session_01
20.584,0.05582243132234735,sad,subject_03,subject_03_sad_session_01
20.588,0.056770674719130915,sad,subject_03,subject_03_sad_session_01
20.592,-0.016059664555578786,sad,subject_03,subject_03_sad_session_01
20.596,-0.03386079233648444,sad,subject_03,subject_03_sad_session_01
20.6,0.016764782767637175,sad,subject_03,subject_03_sad_session_01
20.604,0.019251710423843313,sad,subject_03,subject_03_sad_session_01
20.608,0.02741499613378657,sad,subject_03,subject_03_sad_session_01
20.612,0.04063835428919242,sad,subject_03,subject_03_sad_session_01
20.616,0.024330566062716632,sad,subject_03,subject_03_sad_session_01
20.62,0.03324404134534608,sad,subject_03,subject_03_sad_session_01
20.624,0.0064834395052624574,sad,subject_03,subject_03_sad_session_01
20.628,0.0022507695367857787,sad,subject_03,subject_03_sad_session_01
20.632,0.05302424910737211,sad,subject_03,subject_03_sad_session_01
20.636,0.052634649772251636,sad,subject_03,subject_03_sad_session_01
20.64,0.02873642110769739,sad,subject_03,subject_03_sad_session_01
20.644,0.010637367174898306,sad,subject_03,subject_03_sad_session_01
20.648,0.09188189029199825,sad,subject_03,subject_03_sad_session_01
20.652,0.10007101888962153,sad,subject_03,subject_03_sad_session_01
20.656,0.08672148059282336,sad,subject_03,subject_03_sad_session_01
20.66,0.0756664140273857,sad,subject_03,subject_03_sad_session_01
20.664,0.028449508479322767,sad,subject_03,subject_03_sad_session_01
20.668,0.10433592667640929,sad,subject_03,subject_03_sad_session_01
20.672,0.0882863504341193,sad,subject_03,subject_03_sad_session_01
20.676,0.04543281692858617,sad,subject_03,subject_03_sad_session_01
20.68,0.10271749955044393,sad,subject_03,subject_03_sad_session_01
20.684,0.07170464406414699,sad,subject_03,subject_03_sad_session_01
20.688,0.11735545063200947,sad,subject_03,subject_03_sad_session_01
20.692,0.13219417834572267,sad,subject_03,subject_03_sad_session_01
20.696,0.11865043965630306,sad,subject_03,subject_03_sad_session_01
20.7,0.08292169846902271,sad,subject_03,subject_03_sad_session_01
20.704,0.13104146244658568,sad,subject_03,subject_03_sad_session_01
20.708,0.13341767676332628,sad,subject_03,subject_03_sad_session_01
20.712,0.09904405350132639,sad,subject_03,subject_03_sad_session_01
20.716,0.11274022740283575,sad,subject_03,subject_03_sad_session_01
20.72,0.1823091598275649,sad,subject_03,subject_03_sad_session_01
20.724,0.17629631257053782,sad,subject_03,subject_03_sad_session_01
20.728,0.11085411431070133,sad,subject_03,subject_03_sad_session_01
20.732,0.06651238436365015,sad,subject_03,subject_03_sad_session_01
20.736,0.17073089491230797,sad,subject_03,subject_03_sad_session_01
20.74,0.18819831777963125,sad,subject_03,subject_03_sad_session_01
20.744,0.16942033921161911,sad,subject_03,subject_03_sad_session_01
20.748,0.10852026597952524,sad,subject_03,subject_03_sad_session_01
20.752,0.13563704819371358,sad,subject_03,subject_03_sad_session_01
20.756,0.0836198638684905,sad,subject_03,subject_03_sad_session_01
20.76,0.13921485092235586,sad,subject_03,subject_03_sad_session_01
20.764,0.08440582786316604,sad,subject_03,subject_03_sad_session_01
20.768,0.07767635798493686,sad,subject_03,subject_03_sad_session_01
20.772,0.08889604320033989,sad,subject_03,subject_03_sad_session_01
20.776,0.06932777137254424,sad,subject_03,subject_03_sad_session_01
20.78,0.10289837738036774,sad,subject_03,subject_03_sad_session_01
20.784,0.050063777314018454,sad,subject_03,subject_03_sad_session_01
20.788,0.14832281423815308,sad,subject_03,subject_03_sad_session_01
20.792,0.08247262730969973,sad,subject_03,subject_03_sad_session_01
20.796,0.05099925655493353,sad,subject_03,subject_03_sad_session_01
20.8,0.02804748608055858,sad,subject_03,subject_03_sad_session_01
20.804,0.04422117381885615,sad,subject_03,subject_03_sad_session_01
20.808,0.043828410017228064,sad,subject_03,subject_03_sad_session_01
20.812,0.03882311088846546,sad,subject_03,subject_03_sad_session_01
20.816,0.029342539992278066,sad,subject_03,subject_03_sad_session_01
20.82,0.017076881529329513,sad,subject_03,subject_03_sad_session_01
20.824,0.06685222606248398,sad,subject_03,subject_03_sad_session_01
20.828,0.08021168894768732,sad,subject_03,subject_03_sad_session_01
20.832,0.010400012444278392,sad,subject_03,subject_03_sad_session_01
20.836,0.03346915160503497,sad,subject_03,subject_03_sad_session_01
20.84,-0.020119310472741167,sad,subject_03,subject_03_sad_session_01
20.844,0.016578688810488587,sad,subject_03,subject_03_sad_session_01
20.848,0.09127426605721665,sad,subject_03,subject_03_sad_session_01
20.852,0.06752459611239413,sad,subject_03,subject_03_sad_session_01
20.856,0.04939138526093123,sad,subject_03,subject_03_sad_session_01
20.86,-0.00485827146910732,sad,subject_03,subject_03_sad_session_01
20.864,0.007197523387421665,sad,subject_03,subject_03_sad_session_01
20.868,0.009588713491996727,sad,subject_03,subject_03_sad_session_01
20.872,0.05089951047436013,sad,subject_03,subject_03_sad_session_01
20.876,0.05296582773440174,sad,subject_03,subject_03_sad_session_01
20.88,0.008211893776704102,sad,subject_03,subject_03_sad_session_01
20.884,0.033658220152865896,sad,subject_03,subject_03_sad_session_01
20.888,-0.006422820147202173,sad,subject_03,subject_03_sad_session_01
20.892,0.05163531210283229,sad,subject_03,subject_03_sad_session_01
20.896,0.122505428828902,sad,subject_03,subject_03_sad_session_01
20.9,0.21234610866527773,sad,subject_03,subject_03_sad_session_01
20.904,0.22485262779517307,sad,subject_03,subject_03_sad_session_01
20.908,0.4131478421935464,sad,subject_03,subject_03_sad_session_01
20.912,0.5569380129479761,sad,subject_03,subject_03_sad_session_01
20.916,0.5507229155621725,sad,subject_03,subject_03_sad_session_01
20.92,0.6366966111480492,sad,subject_03,subject_03_sad_session_01
20.924,0.7958497574588105,sad,subject_03,subject_03_sad_session_01
20.928,0.7624640243732892,sad,subject_03,subject_03_sad_session_01
20.932,0.7550615063902777,sad,subject_03,subject_03_sad_session_01
20.936,0.7445043397987889,sad,subject_03,subject_03_sad_session_01
20.94,0.5955618620308105,sad,subject_03,subject_03_sad_session_01
20.944,0.5189210541175068,sad,subject_03,subject_03_sad_session_01
20.948,0.3461157585321982,sad,subject_03,subject_03_sad_session_01
20.952,0.289754722070801,sad,subject_03,subject_03_sad_session_01
20.956,0.17851631532443918,sad,subject_03,subject_03_sad_session_01
20.96,0.06858859577545422,sad,subject_03,subject_03_sad_session_01
20.964,0.0014678953553247404,sad,subject_03,subject_03_sad_session_01
20.968,-0.03419896775169607,sad,subject_03,subject_03_sad_session_01
20.972,-0.05003228487177967,sad,subject_03,subject_03_sad_session_01
20.976,-0.04114047205222904,sad,subject_03,subject_03_sad_session_01
20.98,0.002787397351130861,sad,subject_03,subject_03_sad_session_01
20.984,-0.05832609660140976,sad,subject_03,subject_03_sad_session_01
20.988,0.06751789982722047,sad,subject_03,subject_03_sad_session_01
20.992,0.03184665984649059,sad,subject_03,subject_03_sad_session_01
20.996,0.10367294671578198,sad,subject_03,subject_03_sad_session_01
21.0,0.05038271954046896,sad,subject_03,subject_03_sad_session_01
21.004,0.04773478574654171,sad,subject_03,subject_03_sad_session_01
21.008,0.06954645489831549,sad,subject_03,subject_03_sad_session_01
21.012,0.016017455414608,sad,subject_03,subject_03_sad_session_01
21.016,0.024011452973702503,sad,subject_03,subject_03_sad_session_01
21.02,0.052610266163660095,sad,subject_03,subject_03_sad_session_01
21.024,0.06360255431391545,sad,subject_03,subject_03_sad_session_01
21.028,0.09516333443895147,sad,subject_03,subject_03_sad_session_01
21.032,0.06961886206272738,sad,subject_03,subject_03_sad_session_01
21.036,0.11412986096263752,sad,subject_03,subject_03_sad_session_01
21.04,-0.006250794019127315,sad,subject_03,subject_03_sad_session_01
21.044,0.13196970933727023,sad,subject_03,subject_03_sad_session_01
21.048,0.06932524660763062,sad,subject_03,subject_03_sad_session_01
21.052,0.10622114089954349,sad,subject_03,subject_03_sad_session_01
21.056,0.1260338196438041,sad,subject_03,subject_03_sad_session_01
21.06,0.05505905844936374,sad,subject_03,subject_03_sad_session_01
21.064,0.1425796460655594,sad,subject_03,subject_03_sad_session_01
21.068,0.12669429237494034,sad,subject_03,subject_03_sad_session_01
21.072,0.1623543742843518,sad,subject_03,subject_03_sad_session_01
21.076,0.11659680173678544,sad,subject_03,subject_03_sad_session_01
21.08,0.11949894770602155,sad,subject_03,subject_03_sad_session_01
21.084,0.1027746164951861,sad,subject_03,subject_03_sad_session_01
21.088,0.10939684998537669,sad,subject_03,subject_03_sad_session_01
21.092,0.13419505995315317,sad,subject_03,subject_03_sad_session_01
21.096,0.15927414301309675,sad,subject_03,subject_03_sad_session_01
21.1,0.16994773577498073,sad,subject_03,subject_03_sad_session_01
21.104,0.1227467171331594,sad,subject_03,subject_03_sad_session_01
21.108,0.15562104835177673,sad,subject_03,subject_03_sad_session_01
21.112,0.17096535009886152,sad,subject_03,subject_03_sad_session_01
21.116,0.10500527808157363,sad,subject_03,subject_03_sad_session_01
21.12,0.20072292125670058,sad,subject_03,subject_03_sad_session_01
21.124,0.17222182895091936,sad,subject_03,subject_03_sad_session_01
21.128,0.18534331776113522,sad,subject_03,subject_03_sad_session_01
21.132,0.23331669186209641,sad,subject_03,subject_03_sad_session_01
21.136,0.1642191948288078,sad,subject_03,subject_03_sad_session_01
21.14,0.17210670425253569,sad,subject_03,subject_03_sad_session_01
21.144,0.1333946038954138,sad,subject_03,subject_03_sad_session_01
21.148,0.20321037315852855,sad,subject_03,subject_03_sad_session_01
21.152,0.24125632888131454,sad,subject_03,subject_03_sad_session_01
21.156,0.14785096626699396,sad,subject_03,subject_03_sad_session_01
21.16,0.18238930989775132,sad,subject_03,subject_03_sad_session_01
21.164,0.2202068682650546,sad,subject_03,subject_03_sad_session_01
21.168,0.20286606958789935,sad,subject_03,subject_03_sad_session_01
21.172,0.20414616523211504,sad,subject_03,subject_03_sad_session_01
21.176,0.22284797461971198,sad,subject_03,subject_03_sad_session_01
21.18,0.27339825149126334,sad,subject_03,subject_03_sad_session_01
21.184,0.21914762714287872,sad,subject_03,subject_03_sad_session_01
21.188,0.2242393783411843,sad,subject_03,subject_03_sad_session_01
21.192,0.23015653226270238,sad,subject_03,subject_03_sad_session_01
21.196,0.15548386459113303,sad,subject_03,subject_03_sad_session_01
21.2,0.22144044584033049,sad,subject_03,subject_03_sad_session_01
21.204,0.16280582059890772,sad,subject_03,subject_03_sad_session_01
21.208,0.206838781404032,sad,subject_03,subject_03_sad_session_01
21.212,0.2354061637592435,sad,subject_03,subject_03_sad_session_01
21.216,0.1862847928960236,sad,subject_03,subject_03_sad_session_01
21.22,0.22689190503246118,sad,subject_03,subject_03_sad_session_01
21.224,0.13843426705466036,sad,subject_03,subject_03_sad_session_01
21.228,0.19384400685823072,sad,subject_03,subject_03_sad_session_01
21.232,0.189375596369267,sad,subject_03,subject_03_sad_session_01
21.236,0.09454513146564512,sad,subject_03,subject_03_sad_session_01
21.24,0.18548687477429887,sad,subject_03,subject_03_sad_session_01
21.244,0.07501588045898124,sad,subject_03,subject_03_sad_session_01
21.248,0.1640783750550184,sad,subject_03,subject_03_sad_session_01
21.252,0.16663845327770804,sad,subject_03,subject_03_sad_session_01
21.256,0.13468940137977267,sad,subject_03,subject_03_sad_session_01
21.26,0.1467356233680102,sad,subject_03,subject_03_sad_session_01
21.264,0.20389527260076745,sad,subject_03,subject_03_sad_session_01
21.268,0.11378051761446692,sad,subject_03,subject_03_sad_session_01
21.272,0.08944157682797366,sad,subject_03,subject_03_sad_session_01
21.276,0.18021596179417002,sad,subject_03,subject_03_sad_session_01
21.28,0.1192457183784643,sad,subject_03,subject_03_sad_session_01
21.284,0.14274814752491666,sad,subject_03,subject_03_sad_session_01
21.288,0.05351526979244028,sad,subject_03,subject_03_sad_session_01
21.292,0.023297799094625163,sad,subject_03,subject_03_sad_session_01
21.296,0.06616658822757945,sad,subject_03,subject_03_sad_session_01
21.3,0.08213278241504308,sad,subject_03,subject_03_sad_session_01
21.304,0.06723154414020456,sad,subject_03,subject_03_sad_session_01
21.308,0.06286715942554982,sad,subject_03,subject_03_sad_session_01
21.312,0.018279821376180963,sad,subject_03,subject_03_sad_session_01
21.316,0.07713380263400609,sad,subject_03,subject_03_sad_session_01
21.32,0.0589282388551997,sad,subject_03,subject_03_sad_session_01
21.324,-0.002766583675800356,sad,subject_03,subject_03_sad_session_01
21.328,0.05068320458281273,sad,subject_03,subject_03_sad_session_01
21.332,0.052878398362817165,sad,subject_03,subject_03_sad_session_01
21.336,0.08577684045941236,sad,subject_03,subject_03_sad_session_01
21.34,0.035169503114582834,sad,subject_03,subject_03_sad_session_01
21.344,0.0779531123865632,sad,subject_03,subject_03_sad_session_01
21.348,0.07227406758437349,sad,subject_03,subject_03_sad_session_01
21.352,0.01960928167561343,sad,subject_03,subject_03_sad_session_01
21.356,0.06253720636545618,sad,subject_03,subject_03_sad_session_01
21.36,0.07475655696598943,sad,subject_03,subject_03_sad_session_01
21.364,0.07158162296830717,sad,subject_03,subject_03_sad_session_01
21.368,0.047743164931636425,sad,subject_03,subject_03_sad_session_01
21.372,0.03252176274241075,sad,subject_03,subject_03_sad_session_01
21.376,-0.006588648872254382,sad,subject_03,subject_03_sad_session_01
21.38,0.06881703675801999,sad,subject_03,subject_03_sad_session_01
21.384,-0.011771489462564767,sad,subject_03,subject_03_sad_session_01
21.388,0.026162608133691968,sad,subject_03,subject_03_sad_session_01
21.392,0.0627934049768481,sad,subject_03,subject_03_sad_session_01
21.396,-0.0005831519224257578,sad,subject_03,subject_03_sad_session_01
21.4,0.028416933174122375,sad,subject_03,subject_03_sad_session_01
21.404,-0.019371684808369496,sad,subject_03,subject_03_sad_session_01
21.408,0.016464455519679833,sad,subject_03,subject_03_sad_session_01
21.412,-0.0031590965303644296,sad,subject_03,subject_03_sad_session_01
21.416,0.0027030193459013016,sad,subject_03,subject_03_sad_session_01
21.42,0.04301408849568906,sad,subject_03,subject_03_sad_session_01
21.424,0.04529268686444151,sad,subject_03,subject_03_sad_session_01
21.428,0.007894338871918528,sad,subject_03,subject_03_sad_session_01
21.432,0.033031697556487064,sad,subject_03,subject_03_sad_session_01
21.436,0.010717558348494341,sad,subject_03,subject_03_sad_session_01
21.44,0.01360306773661623,sad,subject_03,subject_03_sad_session_01
21.444,-0.010688146686775563,sad,subject_03,subject_03_sad_session_01
21.448,0.00810413215546532,sad,subject_03,subject_03_sad_session_01
21.452,-0.03560285216609069,sad,subject_03,subject_03_sad_session_01
21.456,0.08650621307426212,sad,subject_03,subject_03_sad_session_01
21.46,0.05918121664701962,sad,subject_03,subject_03_sad_session_01
21.464,0.09642433705866761,sad,subject_03,subject_03_sad_session_01
21.468,0.056720808751455756,sad,subject_03,subject_03_sad_session_01
21.472,0.03185995937050537,sad,subject_03,subject_03_sad_session_01
21.476,-0.0431430996505449,sad,subject_03,subject_03_sad_session_01
21.48,0.053499130460773314,sad,subject_03,subject_03_sad_session_01
21.484,0.06268074702116774,sad,subject_03,subject_03_sad_session_01
21.488,-0.01204583171536585,sad,subject_03,subject_03_sad_session_01
21.492,0.03873617199220264,sad,subject_03,subject_03_sad_session_01
21.496,0.0264103486753218,sad,subject_03,subject_03_sad_session_01
21.5,0.01958524233773065,sad,subject_03,subject_03_sad_session_01
21.504,0.03804895642744789,sad,subject_03,subject_03_sad_session_01
21.508,0.03542125494091993,sad,subject_03,subject_03_sad_session_01
21.512,-0.008577158144307144,sad,subject_03,subject_03_sad_session_01
21.516,0.050221934507042265,sad,subject_03,subject_03_sad_session_01
21.52,-0.022778505747693436,sad,subject_03,subject_03_sad_session_01
21.524,0.03546525531577201,sad,subject_03,subject_03_sad_session_01
21.528,0.029557453634830026,sad,subject_03,subject_03_sad_session_01
21.532,-0.001976155932453965,sad,subject_03,subject_03_sad_session_01
21.536,0.05789231956628462,sad,subject_03,subject_03_sad_session_01
21.54,-0.03644823806388624,sad,subject_03,subject_03_sad_session_01
21.544,0.028302091541219758,sad,subject_03,subject_03_sad_session_01
21.548,0.02598446114640207,sad,subject_03,subject_03_sad_session_01
21.552,0.06749307112608725,sad,subject_03,subject_03_sad_session_01
21.556,0.03972392877446841,sad,subject_03,subject_03_sad_session_01
21.56,-0.04677635626929442,sad,subject_03,subject_03_sad_session_01
21.564,0.0059816105174340765,sad,subject_03,subject_03_sad_session_01
21.568,0.06846161603105275,sad,subject_03,subject_03_sad_session_01
21.572,0.015216533936812491,sad,subject_03,subject_03_sad_session_01
21.576,-0.013253082690438931,sad,subject_03,subject_03_sad_session_01
21.58,0.01879181657986641,sad,subject_03,subject_03_sad_session_01
21.584,0.07102668640808371,sad,subject_03,subject_03_sad_session_01
21.588,-0.004245993178944529,sad,subject_03,subject_03_sad_session_01
21.592,-0.009588544051046581,sad,subject_03,subject_03_sad_session_01
21.596,0.015839491347202243,sad,subject_03,subject_03_sad_session_01
21.6,0.004208775124290649,sad,subject_03,subject_03_sad_session_01
21.604,0.04703855650252567,sad,subject_03,subject_03_sad_session_01
21.608,0.015835209035012905,sad,subject_03,subject_03_sad_session_01
21.612,0.03870746680850672,sad,subject_03,subject_03_sad_session_01
21.616,0.07908674397290566,sad,subject_03,subject_03_sad_session_01
21.62,0.00412527771761282,sad,subject_03,subject_03_sad_session_01
21.624,0.06637935370021622,sad,subject_03,subject_03_sad_session_01
21.628,0.06547372243043144,sad,subject_03,subject_03_sad_session_01
21.632,0.004477274788039817,sad,subject_03,subject_03_sad_session_01
21.636,0.08676417111469073,sad,subject_03,subject_03_sad_session_01
21.64,0.012643175709011183,sad,subject_03,subject_03_sad_session_01
21.644,0.01025945339253085,sad,subject_03,subject_03_sad_session_01
21.648,0.03339626237802726,sad,subject_03,subject_03_sad_session_01
21.652,0.039387430012681024,sad,subject_03,subject_03_sad_session_01
21.656,0.058214789059918,sad,subject_03,subject_03_sad_session_01
21.66,0.04054383728962245,sad,subject_03,subject_03_sad_session_01
21.664,0.0960823078861249,sad,subject_03,subject_03_sad_session_01
21.668,0.08029147197519679,sad,subject_03,subject_03_sad_session_01
21.672,0.09473382611742076,sad,subject_03,subject_03_sad_session_01
21.676,0.1143492693826605,sad,subject_03,subject_03_sad_session_01
21.68,0.14415416775761178,sad,subject_03,subject_03_sad_session_01
21.684,0.08944139332472092,sad,subject_03,subject_03_sad_session_01
21.688,0.08751178059693068,sad,subject_03,subject_03_sad_session_01
21.692,0.1328427543508395,sad,subject_03,subject_03_sad_session_01
21.696,0.14870434502765661,sad,subject_03,subject_03_sad_session_01
21.7,0.11494586091202005,sad,subject_03,subject_03_sad_session_01
21.704,0.11540018881547597,sad,subject_03,subject_03_sad_session_01
21.708,0.10694103393157733,sad,subject_03,subject_03_sad_session_01
21.712,0.0938937746709704,sad,subject_03,subject_03_sad_session_01
21.716,0.0989519026962959,sad,subject_03,subject_03_sad_session_01
21.72,0.10600371246242662,sad,subject_03,subject_03_sad_session_01
21.724,0.1252406813596006,sad,subject_03,subject_03_sad_session_01
21.728,0.1268612306330848,sad,subject_03,subject_03_sad_session_01
21.732,0.0700324132135893,sad,subject_03,subject_03_sad_session_01
21.736,0.0947520679086703,sad,subject_03,subject_03_sad_session_01
21.74,0.06629100211463698,sad,subject_03,subject_03_sad_session_01
21.744,0.07480689255907604,sad,subject_03,subject_03_sad_session_01
21.748,0.0809335636669133,sad,subject_03,subject_03_sad_session_01
21.752,0.10026675840744219,sad,subject_03,subject_03_sad_session_01
21.756,0.06173260387416009,sad,subject_03,subject_03_sad_session_01
21.76,0.07380453443352099,sad,subject_03,subject_03_sad_session_01
21.764,0.023118776838201342,sad,subject_03,subject_03_sad_session_01
21.768,0.01604297561006661,sad,subject_03,subject_03_sad_session_01
21.772,0.03750849179994474,sad,subject_03,subject_03_sad_session_01
21.776,0.14086732628679505,sad,subject_03,subject_03_sad_session_01
21.78,0.012995087617218199,sad,subject_03,subject_03_sad_session_01
21.784,0.037351113115279354,sad,subject_03,subject_03_sad_session_01
21.788,0.041515094177348444,sad,subject_03,subject_03_sad_session_01
21.792,0.02710620649678886,sad,subject_03,subject_03_sad_session_01
21.796,0.005409478130329295,sad,subject_03,subject_03_sad_session_01
21.8,0.03754573321587508,sad,subject_03,subject_03_sad_session_01
21.804,-0.008623456328481844,sad,subject_03,subject_03_sad_session_01
21.808,0.028217937422002466,sad,subject_03,subject_03_sad_session_01
21.812,-0.0023018145350630365,sad,subject_03,subject_03_sad_session_01
21.816,0.04365842288098837,sad,subject_03,subject_03_sad_session_01
21.82,-0.04108035107162751,sad,subject_03,subject_03_sad_session_01
21.824,0.008235005230565565,sad,subject_03,subject_03_sad_session_01
21.828,-0.022936260840469222,sad,subject_03,subject_03_sad_session_01
21.832,0.03452480392335487,sad,subject_03,subject_03_sad_session_01
21.836,0.03386258363923594,sad,subject_03,subject_03_sad_session_01
21.84,-0.07173165880667222,sad,subject_03,subject_03_sad_session_01
21.844,-0.03289232270130291,sad,subject_03,subject_03_sad_session_01
21.848,0.028027565826377554,sad,subject_03,subject_03_sad_session_01
21.852,-0.010000263080134873,sad,subject_03,subject_03_sad_session_01
21.856,0.005632309093553452,sad,subject_03,subject_03_sad_session_01
21.86,-0.017346490631460112,sad,subject_03,subject_03_sad_session_01
21.864,-0.008213563875568347,sad,subject_03,subject_03_sad_session_01
21.868,0.03517528341544135,sad,subject_03,subject_03_sad_session_01
21.872,0.009199747256132249,sad,subject_03,subject_03_sad_session_01
21.876,0.09537953240008208,sad,subject_03,subject_03_sad_session_01
21.88,0.1645889695126236,sad,subject_03,subject_03_sad_session_01
21.884,0.30876632346465,sad,subject_03,subject_03_sad_session_01
21.888,0.37546529393987566,sad,subject_03,subject_03_sad_session_01
21.892,0.5546856721761743,sad,subject_03,subject_03_sad_session_01
21.896,0.6099253958878746,sad,subject_03,subject_03_sad_session_01
21.9,0.7159804488249062,sad,subject_03,subject_03_sad_session_01
21.904,0.7197298013170841,sad,subject_03,subject_03_sad_session_01
21.908,0.7684872434534247,sad,subject_03,subject_03_sad_session_01
21.912,0.741920188694523,sad,subject_03,subject_03_sad_session_01
21.916,0.6545428234448345,sad,subject_03,subject_03_sad_session_01
21.92,0.501962866134199,sad,subject_03,subject_03_sad_session_01
21.924,0.45151036965566266,sad,subject_03,subject_03_sad_session_01
21.928,0.3030780808955733,sad,subject_03,subject_03_sad_session_01
21.932,0.14582142956667324,sad,subject_03,subject_03_sad_session_01
21.936,0.07428257857577222,sad,subject_03,subject_03_sad_session_01
21.94,0.03851659293440894,sad,subject_03,subject_03_sad_session_01
21.944,-0.0800917058425705,sad,subject_03,subject_03_sad_session_01
21.948,-0.10092020419193015,sad,subject_03,subject_03_sad_session_01
21.952,-0.07711510364357772,sad,subject_03,subject_03_sad_session_01
21.956,-0.1028134346617501,sad,subject_03,subject_03_sad_session_01
21.96,-0.03965093014780432,sad,subject_03,subject_03_sad_session_01
21.964,-0.0030400201524097767,sad,subject_03,subject_03_sad_session_01
21.968,-0.0047815058614809,sad,subject_03,subject_03_sad_session_01
21.972,-0.02049416054939474,sad,subject_03,subject_03_sad_session_01
21.976,0.03618031248015536,sad,subject_03,subject_03_sad_session_01
21.98,0.00893593304721725,sad,subject_03,subject_03_sad_session_01
21.984,-0.006098565572583009,sad,subject_03,subject_03_sad_session_01
21.988,0.028092416377985863,sad,subject_03,subject_03_sad_session_01
21.992,0.058887550916893884,sad,subject_03,subject_03_sad_session_01
21.996,0.007737138803254082,sad,subject_03,subject_03_sad_session_01
22.0,0.0755995918651747,sad,subject_03,subject_03_sad_session_01
22.004,0.03255116251980203,sad,subject_03,subject_03_sad_session_01
22.008,0.036858774519475515,sad,subject_03,subject_03_sad_session_01
22.012,0.03950144216069541,sad,subject_03,subject_03_sad_session_01
22.016,0.02267453861427387,sad,subject_03,subject_03_sad_session_01
22.02,0.004702571342705034,sad,subject_03,subject_03_sad_session_01
22.024,0.10503689630015392,sad,subject_03,subject_03_sad_session_01
22.028,0.014811237818271233,sad,subject_03,subject_03_sad_session_01
22.032,0.09154801812188298,sad,subject_03,subject_03_sad_session_01
22.036,0.11039560908725263,sad,subject_03,subject_03_sad_session_01
22.04,0.04154963265203278,sad,subject_03,subject_03_sad_session_01
22.044,0.08614711205287379,sad,subject_03,subject_03_sad_session_01
22.048,0.09309425525059858,sad,subject_03,subject_03_sad_session_01
22.052,0.0981134219969389,sad,subject_03,subject_03_sad_session_01
22.056,0.06349996737046729,sad,subject_03,subject_03_sad_session_01
22.06,0.07602440844205148,sad,subject_03,subject_03_sad_session_01
22.064,0.11709751447598923,sad,subject_03,subject_03_sad_session_01
22.068,0.04918632654525781,sad,subject_03,subject_03_sad_session_01
22.072,0.04379558831820898,sad,subject_03,subject_03_sad_session_01
22.076,0.11244850231925638,sad,subject_03,subject_03_sad_session_01
22.08,0.11094737742544789,sad,subject_03,subject_03_sad_session_01
22.084,0.1250153194555942,sad,subject_03,subject_03_sad_session_01
22.088,0.10404134725758064,sad,subject_03,subject_03_sad_session_01
22.092,0.15458943865199462,sad,subject_03,subject_03_sad_session_01
22.096,0.16170889936360044,sad,subject_03,subject_03_sad_session_01
22.1,0.14622752874273484,sad,subject_03,subject_03_sad_session_01
22.104,0.1065237262356197,sad,subject_03,subject_03_sad_session_01
22.108,0.18210750905654394,sad,subject_03,subject_03_sad_session_01
22.112,0.10257960187492987,sad,subject_03,subject_03_sad_session_01
22.116,0.12156712397802688,sad,subject_03,subject_03_sad_session_01
22.12,0.1860451525107547,sad,subject_03,subject_03_sad_session_01
22.124,0.13299317837778407,sad,subject_03,subject_03_sad_session_01
22.128,0.14782147665965978,sad,subject_03,subject_03_sad_session_01
22.132,0.17668004762305745,sad,subject_03,subject_03_sad_session_01
22.136,0.20267065361518052,sad,subject_03,subject_03_sad_session_01
22.14,0.1943950109750173,sad,subject_03,subject_03_sad_session_01
22.144,0.21810678829595587,sad,subject_03,subject_03_sad_session_01
22.148,0.16601253323082993,sad,subject_03,subject_03_sad_session_01
22.152,0.15410395494628415,sad,subject_03,subject_03_sad_session_01
22.156,0.14175376368114306,sad,subject_03,subject_03_sad_session_01
22.16,0.1832220622954201,sad,subject_03,subject_03_sad_session_01
22.164,0.18728082853479433,sad,subject_03,subject_03_sad_session_01
22.168,0.25122536237178295,sad,subject_03,subject_03_sad_session_01
22.172,0.1944338372164717,sad,subject_03,subject_03_sad_session_01
22.176,0.12246216757907825,sad,subject_03,subject_03_sad_session_01
22.18,0.20576525236261164,sad,subject_03,subject_03_sad_session_01
22.184,0.1429056667826059,sad,subject_03,subject_03_sad_session_01
22.188,0.12547415684074914,sad,subject_03,subject_03_sad_session_01
22.192,0.19212908004907597,sad,subject_03,subject_03_sad_session_01
22.196,0.18220369228372466,sad,subject_03,subject_03_sad_session_01
22.2,0.18524696795252926,sad,subject_03,subject_03_sad_session_01
22.204,0.12911747532990198,sad,subject_03,subject_03_sad_session_01
22.208,0.20958210531568494,sad,subject_03,subject_03_sad_session_01
22.212,0.16517984383990847,sad,subject_03,subject_03_sad_session_01
22.216,0.10381086977318847,sad,subject_03,subject_03_sad_session_01
22.22,0.19332436220256205,sad,subject_03,subject_03_sad_session_01
22.224,0.13844905499837246,sad,subject_03,subject_03_sad_session_01
22.228,0.11485202663349368,sad,subject_03,subject_03_sad_session_01
22.232,0.09277560057868778,sad,subject_03,subject_03_sad_session_01
22.236,0.007246263644948542,sad,subject_03,subject_03_sad_session_01
22.24,0.12076792458862781,sad,subject_03,subject_03_sad_session_01
22.244,0.07338374886855303,sad,subject_03,subject_03_sad_session_01
22.248,0.07914155913489597,sad,subject_03,subject_03_sad_session_01
22.252,0.07755116424371232,sad,subject_03,subject_03_sad_session_01
22.256,0.04899529813418761,sad,subject_03,subject_03_sad_session_01
22.26,0.08491629077036882,sad,subject_03,subject_03_sad_session_01
22.264,0.03879328558034649,sad,subject_03,subject_03_sad_session_01
22.268,0.010752740611985806,sad,subject_03,subject_03_sad_session_01
22.272,0.055747152398576166,sad,subject_03,subject_03_sad_session_01
22.276,0.03151699725513913,sad,subject_03,subject_03_sad_session_01
22.28,-0.014495969058398415,sad,subject_03,subject_03_sad_session_01
22.284,0.0029383452599556284,sad,subject_03,subject_03_sad_session_01
22.288,0.040547345764740464,sad,subject_03,subject_03_sad_session_01
22.292,0.035662047846976984,sad,subject_03,subject_03_sad_session_01
22.296,0.06935428769694639,sad,subject_03,subject_03_sad_session_01
22.3,0.059209539269044494,sad,subject_03,subject_03_sad_session_01
22.304,0.03372179571513889,sad,subject_03,subject_03_sad_session_01
22.308,-0.0038482383190371894,sad,subject_03,subject_03_sad_session_01
22.312,-0.002092322110073333,sad,subject_03,subject_03_sad_session_01
22.316,0.024595738471469758,sad,subject_03,subject_03_sad_session_01
22.32,0.038623995951487494,sad,subject_03,subject_03_sad_session_01
22.324,0.022700152830162575,sad,subject_03,subject_03_sad_session_01
22.328,-0.009971774022066233,sad,subject_03,subject_03_sad_session_01
22.332,0.008238949767853623,sad,subject_03,subject_03_sad_session_01
22.336,-0.007658033230904734,sad,subject_03,subject_03_sad_session_01
22.34,-0.06513596272656305,sad,subject_03,subject_03_sad_session_01
22.344,-0.009756138192868798,sad,subject_03,subject_03_sad_session_01
22.348,-0.01720638556178471,sad,subject_03,subject_03_sad_session_01
22.352,0.017595975989664853,sad,subject_03,subject_03_sad_session_01
22.356,-0.04063929370761447,sad,subject_03,subject_03_sad_session_01
22.36,-0.0383306635917101,sad,subject_03,subject_03_sad_session_01
22.364,0.021986616407639242,sad,subject_03,subject_03_sad_session_01
22.368,-0.0383067247587774,sad,subject_03,subject_03_sad_session_01
22.372,-0.0322322671426323,sad,subject_03,subject_03_sad_session_01
22.376,0.002557157209873444,sad,subject_03,subject_03_sad_session_01
22.38,0.008333834284904376,sad,subject_03,subject_03_sad_session_01
22.384,0.028174380546828345,sad,subject_03,subject_03_sad_session_01
22.388,-0.02494473429716774,sad,subject_03,subject_03_sad_session_01
22.392,-0.023787487508939394,sad,subject_03,subject_03_sad_session_01
22.396,-0.020248669388463966,sad,subject_03,subject_03_sad_session_01
22.4,-0.033890120800021704,sad,subject_03,subject_03_sad_session_01
22.404,-0.0031961646497079034,sad,subject_03,subject_03_sad_session_01
22.408,-0.026468421897158437,sad,subject_03,subject_03_sad_session_01
22.412,-0.05359925785799727,sad,subject_03,subject_03_sad_session_01
22.416,-0.07026578726366203,sad,subject_03,subject_03_sad_session_01
22.42,-0.021337863616699537,sad,subject_03,subject_03_sad_session_01
22.424,0.0007836124506175428,sad,subject_03,subject_03_sad_session_01
22.428,-0.03867882490339823,sad,subject_03,subject_03_sad_session_01
22.432,-0.057513728017255,sad,subject_03,subject_03_sad_session_01
22.436,0.02747720871348719,sad,subject_03,subject_03_sad_session_01
22.44,-0.029400892066617428,sad,subject_03,subject_03_sad_session_01
22.444,0.008017812614968423,sad,subject_03,subject_03_sad_session_01
22.448,0.012413278760961627,sad,subject_03,subject_03_sad_session_01
22.452,0.025960019532123967,sad,subject_03,subject_03_sad_session_01
22.456,-0.021237093810126784,sad,subject_03,subject_03_sad_session_01
22.46,-0.0625846913114183,sad,subject_03,subject_03_sad_session_01
22.464,-0.07722447515426593,sad,subject_03,subject_03_sad_session_01
22.468,-0.02797903815007679,sad,subject_03,subject_03_sad_session_01
22.472,0.030719603656875257,sad,subject_03,subject_03_sad_session_01
22.476,-0.01811423993503516,sad,subject_03,subject_03_sad_session_01
22.48,0.02024426224702047,sad,subject_03,subject_03_sad_session_01
22.484,-0.04977004531972349,sad,subject_03,subject_03_sad_session_01
22.488,0.022813259873579284,sad,subject_03,subject_03_sad_session_01
22.492,-0.0006650207759940248,sad,subject_03,subject_03_sad_session_01
22.496,-0.017128692307105793,sad,subject_03,subject_03_sad_session_01
22.5,0.006994645929337979,sad,subject_03,subject_03_sad_session_01
22.504,-0.038362845746544284,sad,subject_03,subject_03_sad_session_01
22.508,-0.007534040629879675,sad,subject_03,subject_03_sad_session_01
22.512,-0.046893479890275286,sad,subject_03,subject_03_sad_session_01
22.516,-0.03995783966447966,sad,subject_03,subject_03_sad_session_01
22.52,-0.04926097784665018,sad,subject_03,subject_03_sad_session_01
22.524,-0.04862576813309125,sad,subject_03,subject_03_sad_session_01
22.528,-0.07398769531533901,sad,subject_03,subject_03_sad_session_01
22.532,0.046332795941026975,sad,subject_03,subject_03_sad_session_01
22.536,-0.05799802980134931,sad,subject_03,subject_03_sad_session_01
22.54,0.009091833759077763,sad,subject_03,subject_03_sad_session_01
22.544,-0.07248627618165988,sad,subject_03,subject_03_sad_session_01
22.548,-0.03904934543128742,sad,subject_03,subject_03_sad_session_01
22.552,-0.032273058816921704,sad,subject_03,subject_03_sad_session_01
22.556,0.02140058902427125,sad,subject_03,subject_03_sad_session_01
22.56,-0.010961533258143648,sad,subject_03,subject_03_sad_session_01
22.564,-0.05257232918990872,sad,subject_03,subject_03_sad_session_01
22.568,-0.027113709943578458,sad,subject_03,subject_03_sad_session_01
22.572,0.01659944319762938,sad,subject_03,subject_03_sad_session_01
22.576,0.01348710129705315,sad,subject_03,subject_03_sad_session_01
22.58,-0.03689157997872321,sad,subject_03,subject_03_sad_session_01
22.584,-0.05952342226433245,sad,subject_03,subject_03_sad_session_01
22.588,-0.03300206228192523,sad,subject_03,subject_03_sad_session_01
22.592,0.008607235813364913,sad,subject_03,subject_03_sad_session_01
22.596,-0.062136275584925627,sad,subject_03,subject_03_sad_session_01
22.6,-0.012068193478188938,sad,subject_03,subject_03_sad_session_01
22.604,-0.04048766585661133,sad,subject_03,subject_03_sad_session_01
22.608,-0.015189316584831504,sad,subject_03,subject_03_sad_session_01
22.612,0.018392258624747703,sad,subject_03,subject_03_sad_session_01
22.616,0.005115651590744259,sad,subject_03,subject_03_sad_session_01
22.62,0.03224229834347804,sad,subject_03,subject_03_sad_session_01
22.624,0.05274850043384925,sad,subject_03,subject_03_sad_session_01
22.628,0.13279800708188205,sad,subject_03,subject_03_sad_session_01
22.632,0.053190041284431194,sad,subject_03,subject_03_sad_session_01
22.636,0.049238423701251414,sad,subject_03,subject_03_sad_session_01
22.64,0.016804678143540672,sad,subject_03,subject_03_sad_session_01
22.644,0.06856031742511508,sad,subject_03,subject_03_sad_session_01
22.648,0.09381386236999753,sad,subject_03,subject_03_sad_session_01
22.652,0.03158170780048995,sad,subject_03,subject_03_sad_session_01
22.656,0.03969090413325455,sad,subject_03,subject_03_sad_session_01
22.66,0.04131773772228438,sad,subject_03,subject_03_sad_session_01
22.664,0.02485127766877926,sad,subject_03,subject_03_sad_session_01
22.668,0.06727120229062634,sad,subject_03,subject_03_sad_session_01
22.672,0.029873699346333937,sad,subject_03,subject_03_sad_session_01
22.676,0.06919350181817914,sad,subject_03,subject_03_sad_session_01
22.68,0.08288130226069243,sad,subject_03,subject_03_sad_session_01
22.684,0.0821015333397122,sad,subject_03,subject_03_sad_session_01
22.688,0.058293649134766645,sad,subject_03,subject_03_sad_session_01
22.692,0.025462692262775755,sad,subject_03,subject_03_sad_session_01
22.696,0.10651196954584985,sad,subject_03,subject_03_sad_session_01
22.7,0.014226480284090959,sad,subject_03,subject_03_sad_session_01
22.704,0.0674422188659193,sad,subject_03,subject_03_sad_session_01
22.708,0.10457124938945397,sad,subject_03,subject_03_sad_session_01
22.712,0.05834596425291219,sad,subject_03,subject_03_sad_session_01
22.716,0.08914228971559132,sad,subject_03,subject_03_sad_session_01
22.72,0.06096295642924694,sad,subject_03,subject_03_sad_session_01
22.724,-0.0014578531634036745,sad,subject_03,subject_03_sad_session_01
22.728,0.07425043788049618,sad,subject_03,subject_03_sad_session_01
22.732,0.011761540948574751,sad,subject_03,subject_03_sad_session_01
22.736,0.011177229511579359,sad,subject_03,subject_03_sad_session_01
22.74,0.0392812146051785,sad,subject_03,subject_03_sad_session_01
22.744,-0.014743170922526022,sad,subject_03,subject_03_sad_session_01
22.748,0.03706788479766625,sad,subject_03,subject_03_sad_session_01
22.752,0.016989502250349665,sad,subject_03,subject_03_sad_session_01
22.756,0.049769466271043894,sad,subject_03,subject_03_sad_session_01
22.76,0.030691200240154606,sad,subject_03,subject_03_sad_session_01
22.764,-0.013389527457580892,sad,subject_03,subject_03_sad_session_01
22.768,-0.022891610275905354,sad,subject_03,subject_03_sad_session_01
22.772,-0.03516714306944965,sad,subject_03,subject_03_sad_session_01
22.776,-0.02320049410170244,sad,subject_03,subject_03_sad_session_01
22.78,-0.044923128306047305,sad,subject_03,subject_03_sad_session_01
22.784,-0.029021325609983377,sad,subject_03,subject_03_sad_session_01
22.788,-0.05931788663682659,sad,subject_03,subject_03_sad_session_01
22.792,-0.05196000830053085,sad,subject_03,subject_03_sad_session_01
22.796,0.017135441156459912,sad,subject_03,subject_03_sad_session_01
22.8,-0.06507636068015178,sad,subject_03,subject_03_sad_session_01
22.804,-0.06855696903318477,sad,subject_03,subject_03_sad_session_01
22.808,-0.04823096734541224,sad,subject_03,subject_03_sad_session_01
22.812,0.013665545969463747,sad,subject_03,subject_03_sad_session_01
22.816,-0.05673380394067881,sad,subject_03,subject_03_sad_session_01
22.82,-0.039797964154794044,sad,subject_03,subject_03_sad_session_01
22.824,-0.025613137966524695,sad,subject_03,subject_03_sad_session_01
22.828,-0.023560228412675997,sad,subject_03,subject_03_sad_session_01
22.832,-0.04919368230552718,sad,subject_03,subject_03_sad_session_01
22.836,-0.03980205958415752,sad,subject_03,subject_03_sad_session_01
22.84,-0.02250926019309008,sad,subject_03,subject_03_sad_session_01
22.844,-0.07800377242537995,sad,subject_03,subject_03_sad_session_01
22.848,-0.029045074161017252,sad,subject_03,subject_03_sad_session_01
22.852,0.020358855010772333,sad,subject_03,subject_03_sad_session_01
22.856,0.11288167161591856,sad,subject_03,subject_03_sad_session_01
22.86,0.26014408197712147,sad,subject_03,subject_03_sad_session_01
22.864,0.3639624364265059,sad,subject_03,subject_03_sad_session_01
22.868,0.4467204385201951,sad,subject_03,subject_03_sad_session_01
22.872,0.5791619997542892,sad,subject_03,subject_03_sad_session_01
22.876,0.7041173817605524,sad,subject_03,subject_03_sad_session_01
22.88,0.6586931354797132,sad,subject_03,subject_03_sad_session_01
22.884,0.694344631555776,sad,subject_03,subject_03_sad_session_01
22.888,0.6840055593280805,sad,subject_03,subject_03_sad_session_01
22.892,0.642651501376453,sad,subject_03,subject_03_sad_session_01
22.896,0.553803943287881,sad,subject_03,subject_03_sad_session_01
22.9,0.3913013066087292,sad,subject_03,subject_03_sad_session_01
22.904,0.30358365353537764,sad,subject_03,subject_03_sad_session_01
22.908,0.20177029229586183,sad,subject_03,subject_03_sad_session_01
22.912,0.032652157290756996,sad,subject_03,subject_03_sad_session_01
22.916,-0.010131768233737768,sad,subject_03,subject_03_sad_session_01
22.92,-0.08945217382861505,sad,subject_03,subject_03_sad_session_01
22.924,-0.1437108803898522,sad,subject_03,subject_03_sad_session_01
22.928,-0.07784232792265659,sad,subject_03,subject_03_sad_session_01
22.932,-0.08469710473008044,sad,subject_03,subject_03_sad_session_01
22.936,-0.108948538311198,sad,subject_03,subject_03_sad_session_01
22.94,-0.03592309610050944,sad,subject_03,subject_03_sad_session_01
22.944,0.016762682781551366,sad,subject_03,subject_03_sad_session_01
22.948,-0.030779062335151684,sad,subject_03,subject_03_sad_session_01
22.952,-0.06630032283646647,sad,subject_03,subject_03_sad_session_01
22.956,-0.027692840635417357,sad,subject_03,subject_03_sad_session_01
22.96,-0.0726281582940284,sad,subject_03,subject_03_sad_session_01
22.964,-0.014872179708023533,sad,subject_03,subject_03_sad_session_01
22.968,-0.02012158773600886,sad,subject_03,subject_03_sad_session_01
22.972,0.01740527364325748,sad,subject_03,subject_03_sad_session_01
22.976,-0.021385133765534792,sad,subject_03,subject_03_sad_session_01
22.98,0.026155552565536037,sad,subject_03,subject_03_sad_session_01
22.984,-0.02179298650730982,sad,subject_03,subject_03_sad_session_01
22.988,0.0017702036598133573,sad,subject_03,subject_03_sad_session_01
22.992,-0.033518013566356086,sad,subject_03,subject_03_sad_session_01
22.996,-0.019836157565327053,sad,subject_03,subject_03_sad_session_01
23.0,0.03946914530709212,sad,subject_03,subject_03_sad_session_01
23.004,0.05202683348670788,sad,subject_03,subject_03_sad_session_01
23.008,0.004459497386831313,sad,subject_03,subject_03_sad_session_01
23.012,0.04402228797733993,sad,subject_03,subject_03_sad_session_01
23.016,0.05640145642987471,sad,subject_03,subject_03_sad_session_01
23.02,0.005723716772691748,sad,subject_03,subject_03_sad_session_01
23.024,0.05622493320558879,sad,subject_03,subject_03_sad_session_01
23.028,0.048139556828192015,sad,subject_03,subject_03_sad_session_01
23.032,0.06353299238095406,sad,subject_03,subject_03_sad_session_01
23.036,0.0547437064402715,sad,subject_03,subject_03_sad_session_01
23.04,-6.049168249110115e-05,sad,subject_03,subject_03_sad_session_01
23.044,0.07445333382796243,sad,subject_03,subject_03_sad_session_01
23.048,0.070101627038153,sad,subject_03,subject_03_sad_session_01
23.052,0.07078161118838501,sad,subject_03,subject_03_sad_session_01
23.056,0.037204438920800074,sad,subject_03,subject_03_sad_session_01
23.06,0.12218638912553778,sad,subject_03,subject_03_sad_session_01
23.064,0.09902221824189979,sad,subject_03,subject_03_sad_session_01
23.068,0.0426944027925938,sad,subject_03,subject_03_sad_session_01
23.072,0.14966407158468956,sad,subject_03,subject_03_sad_session_01
23.076,0.1269716837793151,sad,subject_03,subject_03_sad_session_01
23.08,0.14699026726512235,sad,subject_03,subject_03_sad_session_01
23.084,0.11540779000854866,sad,subject_03,subject_03_sad_session_01
23.088,0.1286463250990993,sad,subject_03,subject_03_sad_session_01
23.092,0.16544793380161013,sad,subject_03,subject_03_sad_session_01
23.096,0.1507400143677077,sad,subject_03,subject_03_sad_session_01
23.1,0.13739240174254944,sad,subject_03,subject_03_sad_session_01
23.104,0.12590301444692434,sad,subject_03,subject_03_sad_session_01
23.108,0.07133568544808778,sad,subject_03,subject_03_sad_session_01
23.112,0.17833075513185218,sad,subject_03,subject_03_sad_session_01
23.116,0.1815578618877381,sad,subject_03,subject_03_sad_session_01
23.12,0.17751443132381933,sad,subject_03,subject_03_sad_session_01
23.124,0.19081730784381234,sad,subject_03,subject_03_sad_session_01
23.128,0.12975766213050827,sad,subject_03,subject_03_sad_session_01
23.132,0.1477059177508237,sad,subject_03,subject_03_sad_session_01
23.136,0.1438654433615034,sad,subject_03,subject_03_sad_session_01
23.14,0.09901141920944159,sad,subject_03,subject_03_sad_session_01
23.144,0.13893221683410573,sad,subject_03,subject_03_sad_session_01
23.148,0.16062555507076043,sad,subject_03,subject_03_sad_session_01
23.152,0.18517939284061177,sad,subject_03,subject_03_sad_session_01
23.156,0.1671102938662133,sad,subject_03,subject_03_sad_session_01
23.16,0.13004071154429228,sad,subject_03,subject_03_sad_session_01
23.164,0.17459484160514038,sad,subject_03,subject_03_sad_session_01
23.168,0.15169662388952354,sad,subject_03,subject_03_sad_session_01
23.172,0.08979026013242855,sad,subject_03,subject_03_sad_session_01
23.176,0.14096038100235986,sad,subject_03,subject_03_sad_session_01
23.18,0.15476263424935954,sad,subject_03,subject_03_sad_session_01
23.184,0.14259431569068212,sad,subject_03,subject_03_sad_session_01
23.188,0.08648409909382608,sad,subject_03,subject_03_sad_session_01
23.192,0.08841050340934742,sad,subject_03,subject_03_sad_session_01
23.196,0.1735864525703138,sad,subject_03,subject_03_sad_session_01
23.2,0.07897688601447543,sad,subject_03,subject_03_sad_session_01
23.204,0.1023921933114181,sad,subject_03,subject_03_sad_session_01
23.208,0.019429244417020666,sad,subject_03,subject_03_sad_session_01
23.212,0.12888296798734875,sad,subject_03,subject_03_sad_session_01
23.216,0.1076492875725229,sad,subject_03,subject_03_sad_session_01
23.22,0.1301596189471225,sad,subject_03,subject_03_sad_session_01
23.224,0.041166558510384206,sad,subject_03,subject_03_sad_session_01
23.228,0.10385270238927974,sad,subject_03,subject_03_sad_session_01
23.232,0.03062858835702437,sad,subject_03,subject_03_sad_session_01
23.236,0.10304704871324141,sad,subject_03,subject_03_sad_session_01
23.24,-0.020933985934318,sad,subject_03,subject_03_sad_session_01
23.244,0.07765316442127757,sad,subject_03,subject_03_sad_session_01
23.248,0.042623051647800364,sad,subject_03,subject_03_sad_session_01
23.252,0.05726691925165386,sad,subject_03,subject_03_sad_session_01
23.256,0.04923315854703358,sad,subject_03,subject_03_sad_session_01
23.26,0.04174660927028328,sad,subject_03,subject_03_sad_session_01
23.264,0.09688769788260981,sad,subject_03,subject_03_sad_session_01
23.268,0.07524542647132862,sad,subject_03,subject_03_sad_session_01
23.272,0.033876801619637714,sad,subject_03,subject_03_sad_session_01
23.276,0.019404465725924767,sad,subject_03,subject_03_sad_session_01
23.28,0.054451749264284706,sad,subject_03,subject_03_sad_session_01
23.284,0.05356554192963547,sad,subject_03,subject_03_sad_session_01
23.288,0.007535818867779875,sad,subject_03,subject_03_sad_session_01
23.292,0.0034137788464271316,sad,subject_03,subject_03_sad_session_01
23.296,-0.029637323785334627,sad,subject_03,subject_03_sad_session_01
23.3,0.006293394418429589,sad,subject_03,subject_03_sad_session_01
23.304,0.0014299627061415297,sad,subject_03,subject_03_sad_session_01
23.308,0.022399034908391086,sad,subject_03,subject_03_sad_session_01
23.312,0.045471664141348636,sad,subject_03,subject_03_sad_session_01
23.316,0.02661167651133649,sad,subject_03,subject_03_sad_session_01
23.32,0.01975252601766997,sad,subject_03,subject_03_sad_session_01
23.324,-0.019998515021669827,sad,subject_03,subject_03_sad_session_01
23.328,-0.026562760552849944,sad,subject_03,subject_03_sad_session_01
23.332,0.007020288458296626,sad,subject_03,subject_03_sad_session_01
23.336,0.0010792411702635965,sad,subject_03,subject_03_sad_session_01
23.34,0.0038143842142324934,sad,subject_03,subject_03_sad_session_01
23.344,-0.04743976960724534,sad,subject_03,subject_03_sad_session_01
23.348,-0.04826227156123247,sad,subject_03,subject_03_sad_session_01
23.352,-0.03475277377279004,sad,subject_03,subject_03_sad_session_01
23.356,0.0015887295241131007,sad,subject_03,subject_03_sad_session_01
23.36,-0.02037969893304121,sad,subject_03,subject_03_sad_session_01
23.364,0.025200576920149945,sad,subject_03,subject_03_sad_session_01
23.368,-0.05166755181309006,sad,subject_03,subject_03_sad_session_01
23.372,-0.05152200437556635,sad,subject_03,subject_03_sad_session_01
23.376,-0.02845700757417172,sad,subject_03,subject_03_sad_session_01
23.38,-0.038705347562996345,sad,subject_03,subject_03_sad_session_01
23.384,-0.04689838714378464,sad,subject_03,subject_03_sad_session_01
23.388,-0.02034069534300677,sad,subject_03,subject_03_sad_session_01
23.392,-0.019380599197188753,sad,subject_03,subject_03_sad_session_01
23.396,-0.060850076872478974,sad,subject_03,subject_03_sad_session_01
23.4,-0.040908500596835734,sad,subject_03,subject_03_sad_session_01
23.404,-0.0016145724406144805,sad,subject_03,subject_03_sad_session_01
23.408,-0.03130658600860065,sad,subject_03,subject_03_sad_session_01
23.412,-0.047839938301724234,sad,subject_03,subject_03_sad_session_01
23.416,-0.033987095080866614,sad,subject_03,subject_03_sad_session_01
23.42,-0.05990935148732193,sad,subject_03,subject_03_sad_session_01
23.424,0.030280962648836368,sad,subject_03,subject_03_sad_session_01
23.428,0.0034711725721444757,sad,subject_03,subject_03_sad_session_01
23.432,0.0506179710633156,sad,subject_03,subject_03_sad_session_01
23.436,-0.02002970512566738,sad,subject_03,subject_03_sad_session_01
23.44,-0.033431953098905204,sad,subject_03,subject_03_sad_session_01
23.444,-0.048696414525446534,sad,subject_03,subject_03_sad_session_01
23.448,-0.009032822600752364,sad,subject_03,subject_03_sad_session_01
23.452,-0.03610917349997655,sad,subject_03,subject_03_sad_session_01
23.456,-0.05136223832602263,sad,subject_03,subject_03_sad_session_01
23.46,0.017271001490080064,sad,subject_03,subject_03_sad_session_01
23.464,-0.02116311281832074,sad,subject_03,subject_03_sad_session_01
23.468,-0.014352813668258689,sad,subject_03,subject_03_sad_session_01
23.472,-0.01547898519650119,sad,subject_03,subject_03_sad_session_01
23.476,-0.00957077012324784,sad,subject_03,subject_03_sad_session_01
23.48,-0.07427517987961285,sad,subject_03,subject_03_sad_session_01
23.484,-0.05622501266908459,sad,subject_03,subject_03_sad_session_01
23.488,0.03372807643227376,sad,subject_03,subject_03_sad_session_01
23.492,-0.022789834523010446,sad,subject_03,subject_03_sad_session_01
23.496,-0.008846827614107386,sad,subject_03,subject_03_sad_session_01
23.5,0.002861747094295323,sad,subject_03,subject_03_sad_session_01
23.504,-0.03210962437068614,sad,subject_03,subject_03_sad_session_01
23.508,-0.05273069004582251,sad,subject_03,subject_03_sad_session_01
23.512,-0.06140054479354916,sad,subject_03,subject_03_sad_session_01
23.516,-0.05038789378932757,sad,subject_03,subject_03_sad_session_01
23.52,-0.04048779532362503,sad,subject_03,subject_03_sad_session_01
23.524,-0.04232464283435804,sad,subject_03,subject_03_sad_session_01
23.528,-0.05769911412683714,sad,subject_03,subject_03_sad_session_01
23.532,0.009069279968281226,sad,subject_03,subject_03_sad_session_01
23.536,0.026247030714896393,sad,subject_03,subject_03_sad_session_01
23.54,-0.04530293927161163,sad,subject_03,subject_03_sad_session_01
23.544,-0.06778518082126057,sad,subject_03,subject_03_sad_session_01
23.548,-0.013666961357773878,sad,subject_03,subject_03_sad_session_01
23.552,0.031132293250644066,sad,subject_03,subject_03_sad_session_01
23.556,-0.05284739850900454,sad,subject_03,subject_03_sad_session_01
23.56,-0.05043746097346435,sad,subject_03,subject_03_sad_session_01
23.564,-0.0805509683666692,sad,subject_03,subject_03_sad_session_01
23.568,0.00034723872117648456,sad,subject_03,subject_03_sad_session_01
23.572,-0.034988181640105684,sad,subject_03,subject_03_sad_session_01
23.576,0.02415992923272427,sad,subject_03,subject_03_sad_session_01
23.58,0.022583828401268696,sad,subject_03,subject_03_sad_session_01
23.584,0.04910663993007149,sad,subject_03,subject_03_sad_session_01
23.588,0.04093771267838253,sad,subject_03,subject_03_sad_session_01
23.592,-0.035356692511218535,sad,subject_03,subject_03_sad_session_01
23.596,0.008262473074086233,sad,subject_03,subject_03_sad_session_01
23.6,0.05557934464205451,sad,subject_03,subject_03_sad_session_01
23.604,-0.014610059271775982,sad,subject_03,subject_03_sad_session_01
23.608,0.02036357107771434,sad,subject_03,subject_03_sad_session_01
23.612,0.039219866506020724,sad,subject_03,subject_03_sad_session_01
23.616,0.04116117171288343,sad,subject_03,subject_03_sad_session_01
23.62,0.05706779289041235,sad,subject_03,subject_03_sad_session_01
23.624,0.033275732453514964,sad,subject_03,subject_03_sad_session_01
23.628,0.03087105773271168,sad,subject_03,subject_03_sad_session_01
23.632,0.07753616727135669,sad,subject_03,subject_03_sad_session_01
23.636,0.06332733358155766,sad,subject_03,subject_03_sad_session_01
23.64,0.13634050544176893,sad,subject_03,subject_03_sad_session_01
23.644,0.04330937671894548,sad,subject_03,subject_03_sad_session_01
23.648,0.07795355310247855,sad,subject_03,subject_03_sad_session_01
23.652,0.042352010718414386,sad,subject_03,subject_03_sad_session_01
23.656,0.09474384853140656,sad,subject_03,subject_03_sad_session_01
23.66,0.07842636493129952,sad,subject_03,subject_03_sad_session_01
23.664,0.10049906308121768,sad,subject_03,subject_03_sad_session_01
23.668,0.0626616386536699,sad,subject_03,subject_03_sad_session_01
23.672,0.027468106572620325,sad,subject_03,subject_03_sad_session_01
23.676,0.11877066541759845,sad,subject_03,subject_03_sad_session_01
23.68,0.10461861225060977,sad,subject_03,subject_03_sad_session_01
23.684,0.10247452852307706,sad,subject_03,subject_03_sad_session_01
23.688,0.09687744522788788,sad,subject_03,subject_03_sad_session_01
23.692,0.0687767666377758,sad,subject_03,subject_03_sad_session_01
23.696,0.07937936210775302,sad,subject_03,subject_03_sad_session_01
23.7,0.028832095947200445,sad,subject_03,subject_03_sad_session_01
23.704,0.03836241601226222,sad,subject_03,subject_03_sad_session_01
23.708,0.07971185357858804,sad,subject_03,subject_03_sad_session_01
23.712,0.101355066195714,sad,subject_03,subject_03_sad_session_01
23.716,0.045224244945961986,sad,subject_03,subject_03_sad_session_01
23.72,-0.06874067405343481,sad,subject_03,subject_03_sad_session_01
23.724,0.0364404584814394,sad,subject_03,subject_03_sad_session_01
23.728,0.06393990044750897,sad,subject_03,subject_03_sad_session_01
23.732,0.008168127483157383,sad,subject_03,subject_03_sad_session_01
23.736,-0.016592117963862486,sad,subject_03,subject_03_sad_session_01
23.74,0.03894628263387532,sad,subject_03,subject_03_sad_session_01
23.744,-0.0035735860878861837,sad,subject_03,subject_03_sad_session_01
23.748,-0.00649596296085295,sad,subject_03,subject_03_sad_session_01
23.752,-0.04811050313113287,sad,subject_03,subject_03_sad_session_01
23.756,-0.04956417619019955,sad,subject_03,subject_03_sad_session_01
23.76,0.02325957153170453,sad,subject_03,subject_03_sad_session_01
23.764,-0.04038856402801462,sad,subject_03,subject_03_sad_session_01
23.768,0.0485391913187667,sad,subject_03,subject_03_sad_session_01
23.772,0.05429818210430097,sad,subject_03,subject_03_sad_session_01
23.776,-0.03764707492167018,sad,subject_03,subject_03_sad_session_01
23.78,-0.02769557148381316,sad,subject_03,subject_03_sad_session_01
23.784,0.013627370852798137,sad,subject_03,subject_03_sad_session_01
23.788,0.03774007191112107,sad,subject_03,subject_03_sad_session_01
23.792,-0.003785126465639072,sad,subject_03,subject_03_sad_session_01
23.796,-0.029803632155468274,sad,subject_03,subject_03_sad_session_01
23.8,-0.024482324868845374,sad,subject_03,subject_03_sad_session_01
23.804,-0.013868376783669915,sad,subject_03,subject_03_sad_session_01
23.808,-0.039351697686245454,sad,subject_03,subject_03_sad_session_01
23.812,0.007240664013021713,sad,subject_03,subject_03_sad_session_01
23.816,-0.05276824785489341,sad,subject_03,subject_03_sad_session_01
23.82,-0.011442290038626122,sad,subject_03,subject_03_sad_session_01
23.824,0.020556971626117464,sad,subject_03,subject_03_sad_session_01
23.828,0.0428446125978417,sad,subject_03,subject_03_sad_session_01
23.832,0.10505484033395994,sad,subject_03,subject_03_sad_session_01
23.836,0.20292483626363378,sad,subject_03,subject_03_sad_session_01
23.84,0.28561833499436634,sad,subject_03,subject_03_sad_session_01
23.844,0.4500184592434911,sad,subject_03,subject_03_sad_session_01
23.848,0.5336498867260259,sad,subject_03,subject_03_sad_session_01
23.852,0.6250431824935441,sad,subject_03,subject_03_sad_session_01
23.856,0.6682948965556769,sad,subject_03,subject_03_sad_session_01
23.86,0.7932732416311974,sad,subject_03,subject_03_sad_session_01
23.864,0.7545411531633323,sad,subject_03,subject_03_sad_session_01
23.868,0.6391278523005203,sad,subject_03,subject_03_sad_session_01
23.872,0.6187192723311735,sad,subject_03,subject_03_sad_session_01
23.876,0.4758369524724319,sad,subject_03,subject_03_sad_session_01
23.88,0.3444119598218354,sad,subject_03,subject_03_sad_session_01
23.884,0.22539008949993666,sad,subject_03,subject_03_sad_session_01
23.888,0.14899663320369783,sad,subject_03,subject_03_sad_session_01
23.892,0.03552981278010058,sad,subject_03,subject_03_sad_session_01
23.896,-0.028867107207453568,sad,subject_03,subject_03_sad_session_01
23.9,-0.058283143190215006,sad,subject_03,subject_03_sad_session_01
23.904,-0.05338838431439699,sad,subject_03,subject_03_sad_session_01
23.908,-0.00856188850133481,sad,subject_03,subject_03_sad_session_01
23.912,-0.07127139641456579,sad,subject_03,subject_03_sad_session_01
23.916,-0.057475061658506785,sad,subject_03,subject_03_sad_session_01
23.92,-0.02365800027086271,sad,subject_03,subject_03_sad_session_01
23.924,0.008926732123263673,sad,subject_03,subject_03_sad_session_01
23.928,0.031431051323759826,sad,subject_03,subject_03_sad_session_01
23.932,-0.02393296667206015,sad,subject_03,subject_03_sad_session_01
23.936,0.08375607231681859,sad,subject_03,subject_03_sad_session_01
23.94,-0.02065011377344418,sad,subject_03,subject_03_sad_session_01
23.944,0.0444423232196616,sad,subject_03,subject_03_sad_session_01
23.948,0.04301166720296366,sad,subject_03,subject_03_sad_session_01
23.952,-0.018814427866896213,sad,subject_03,subject_03_sad_session_01
23.956,0.034189312903682774,sad,subject_03,subject_03_sad_session_01
23.96,-0.023234620261737594,sad,subject_03,subject_03_sad_session_01
23.964,0.007508230473969597,sad,subject_03,subject_03_sad_session_01
23.968,0.033818652982365756,sad,subject_03,subject_03_sad_session_01
23.972,0.04372208118289125,sad,subject_03,subject_03_sad_session_01
23.976,0.08068169368621159,sad,subject_03,subject_03_sad_session_01
23.98,0.026621581951212652,sad,subject_03,subject_03_sad_session_01
23.984,0.06257965236958936,sad,subject_03,subject_03_sad_session_01
23.988,0.08391294926607656,sad,subject_03,subject_03_sad_session_01
23.992,0.059066414175372256,sad,subject_03,subject_03_sad_session_01
23.996,0.0655072340591432,sad,subject_03,subject_03_sad_session_01
24.0,0.026998267026787585,sad,subject_03,subject_03_sad_session_01
24.004,0.027382839119684477,sad,subject_03,subject_03_sad_session_01
24.008,0.05604224901490963,sad,subject_03,subject_03_sad_session_01
24.012,0.12853701984246585,sad,subject_03,subject_03_sad_session_01
24.016,0.13427234455216042,sad,subject_03,subject_03_sad_session_01
24.02,0.13556370482356156,sad,subject_03,subject_03_sad_session_01
24.024,0.11504183336914614,sad,subject_03,subject_03_sad_session_01
24.028,0.12541375731950494,sad,subject_03,subject_03_sad_session_01
24.032,0.10329620573372751,sad,subject_03,subject_03_sad_session_01
24.036,0.11031560686092956,sad,subject_03,subject_03_sad_session_01
24.04,0.0663787669278751,sad,subject_03,subject_03_sad_session_01
24.044,0.13938849801357728,sad,subject_03,subject_03_sad_session_01
24.048,0.15292171244117786,sad,subject_03,subject_03_sad_session_01
24.052,0.12584678125790633,sad,subject_03,subject_03_sad_session_01
24.056,0.17712162085033684,sad,subject_03,subject_03_sad_session_01
24.06,0.19181502071133666,sad,subject_03,subject_03_sad_session_01
24.064,0.1262549814117226,sad,subject_03,subject_03_sad_session_01
24.068,0.23398371244977517,sad,subject_03,subject_03_sad_session_01
24.072,0.18547289344050635,sad,subject_03,subject_03_sad_session_01
24.076,0.21981610425763326,sad,subject_03,subject_03_sad_session_01
24.08,0.15643780113934577,sad,subject_03,subject_03_sad_session_01
24.084,0.22404473378782122,sad,subject_03,subject_03_sad_session_01
24.088,0.2034247234478445,sad,subject_03,subject_03_sad_session_01
24.092,0.17740746484266845,sad,subject_03,subject_03_sad_session_01
24.096,0.15542065386616558,sad,subject_03,subject_03_sad_session_01
24.1,0.1904932472601439,sad,subject_03,subject_03_sad_session_01
24.104,0.21488019451822649,sad,subject_03,subject_03_sad_session_01
24.108,0.19466879904027573,sad,subject_03,subject_03_sad_session_01
24.112,0.19540689937317218,sad,subject_03,subject_03_sad_session_01
24.116,0.1780435774934792,sad,subject_03,subject_03_sad_session_01
24.12,0.1524293175327378,sad,subject_03,subject_03_sad_session_01
24.124,0.19643510965099145,sad,subject_03,subject_03_sad_session_01
24.128,0.1617551532037542,sad,subject_03,subject_03_sad_session_01
24.132,0.21628225944534826,sad,subject_03,subject_03_sad_session_01
24.136,0.2106295241352907,sad,subject_03,subject_03_sad_session_01
24.14,0.2327755449159638,sad,subject_03,subject_03_sad_session_01
24.144,0.1682534681901712,sad,subject_03,subject_03_sad_session_01
24.148,0.17481769810669345,sad,subject_03,subject_03_sad_session_01
24.152,0.12812321684399292,sad,subject_03,subject_03_sad_session_01
24.156,0.15150545397109166,sad,subject_03,subject_03_sad_session_01
24.16,0.1635785080852501,sad,subject_03,subject_03_sad_session_01
24.164,0.1614428774936939,sad,subject_03,subject_03_sad_session_01
24.168,0.14282327556471414,sad,subject_03,subject_03_sad_session_01
24.172,0.13038691113736434,sad,subject_03,subject_03_sad_session_01
24.176,0.15127407496327716,sad,subject_03,subject_03_sad_session_01
24.18,0.12967587052730947,sad,subject_03,subject_03_sad_session_01
24.184,0.1725415295738858,sad,subject_03,subject_03_sad_session_01
24.188,0.13532058609251282,sad,subject_03,subject_03_sad_session_01
24.192,0.10623394150325066,sad,subject_03,subject_03_sad_session_01
24.196,0.1492488937258964,sad,subject_03,subject_03_sad_session_01
24.2,0.08108645522339303,sad,subject_03,subject_03_sad_session_01
24.204,0.09411440638009415,sad,subject_03,subject_03_sad_session_01
24.208,0.06907165632352455,sad,subject_03,subject_03_sad_session_01
24.212,0.08765857624681232,sad,subject_03,subject_03_sad_session_01
24.216,0.13136232670594017,sad,subject_03,subject_03_sad_session_01
24.22,0.09081620592534927,sad,subject_03,subject_03_sad_session_01
24.224,0.02853157524859532,sad,subject_03,subject_03_sad_session_01
24.228,0.06422029486907703,sad,subject_03,subject_03_sad_session_01
24.232,0.07925397849577695,sad,subject_03,subject_03_sad_session_01
24.236,0.07568998253058962,sad,subject_03,subject_03_sad_session_01
24.24,0.05765777681806982,sad,subject_03,subject_03_sad_session_01
24.244,0.08208581238673596,sad,subject_03,subject_03_sad_session_01
24.248,0.07291157752485111,sad,subject_03,subject_03_sad_session_01
24.252,0.04732237682151686,sad,subject_03,subject_03_sad_session_01
24.256,0.0557386544412585,sad,subject_03,subject_03_sad_session_01
24.26,0.04135207179954932,sad,subject_03,subject_03_sad_session_01
24.264,0.04441032675657401,sad,subject_03,subject_03_sad_session_01
24.268,0.04580286907198679,sad,subject_03,subject_03_sad_session_01
24.272,0.0681150845235121,sad,subject_03,subject_03_sad_session_01
24.276,0.04954621027889088,sad,subject_03,subject_03_sad_session_01
24.28,0.03339383305786533,sad,subject_03,subject_03_sad_session_01
24.284,0.0192569991011532,sad,subject_03,subject_03_sad_session_01
24.288,0.04955461291281775,sad,subject_03,subject_03_sad_session_01
24.292,0.037608750259542405,sad,subject_03,subject_03_sad_session_01
24.296,0.023779453882501102,sad,subject_03,subject_03_sad_session_01
24.3,0.016240925871480107,sad,subject_03,subject_03_sad_session_01
24.304,0.026195141036426093,sad,subject_03,subject_03_sad_session_01
24.308,0.003179666093418451,sad,subject_03,subject_03_sad_session_01
24.312,-0.020977224700633876,sad,subject_03,subject_03_sad_session_01
24.316,0.06869413013363274,sad,subject_03,subject_03_sad_session_01
24.32,0.0688369925110626,sad,subject_03,subject_03_sad_session_01
24.324,0.024688459213059014,sad,subject_03,subject_03_sad_session_01
24.328,0.03582169053511493,sad,subject_03,subject_03_sad_session_01
24.332,0.01276826399160453,sad,subject_03,subject_03_sad_session_01
24.336,0.03449360031892372,sad,subject_03,subject_03_sad_session_01
24.34,0.02221529478797553,sad,subject_03,subject_03_sad_session_01
24.344,0.0245380451413365,sad,subject_03,subject_03_sad_session_01
24.348,-0.010931466961111375,sad,subject_03,subject_03_sad_session_01
24.352,0.07192241750873216,sad,subject_03,subject_03_sad_session_01
24.356,-0.014949138859107657,sad,subject_03,subject_03_sad_session_01
24.36,0.04346898691040309,sad,subject_03,subject_03_sad_session_01
24.364,-0.005790035437156085,sad,subject_03,subject_03_sad_session_01
24.368,-0.040875747075919844,sad,subject_03,subject_03_sad_session_01
24.372,0.046552295662408275,sad,subject_03,subject_03_sad_session_01
24.376,0.02328717269317567,sad,subject_03,subject_03_sad_session_01
24.38,-0.02252836153409893,sad,subject_03,subject_03_sad_session_01
24.384,0.0383845500392768,sad,subject_03,subject_03_sad_session_01
24.388,0.007782352487567722,sad,subject_03,subject_03_sad_session_01
24.392,0.07333219690325571,sad,subject_03,subject_03_sad_session_01
24.396,-0.023437813991664284,sad,subject_03,subject_03_sad_session_01
24.4,-4.0373749916108176e-05,sad,subject_03,subject_03_sad_session_01
24.404,0.04366836365361101,sad,subject_03,subject_03_sad_session_01
24.408,0.006352401658143157,sad,subject_03,subject_03_sad_session_01
24.412,-0.005227785789271529,sad,subject_03,subject_03_sad_session_01
24.416,0.026220039171978432,sad,subject_03,subject_03_sad_session_01
24.42,0.05250142032785006,sad,subject_03,subject_03_sad_session_01
24.424,0.018097925700203937,sad,subject_03,subject_03_sad_session_01
24.428,0.013369389206669618,sad,subject_03,subject_03_sad_session_01
24.432,-0.002845718164557226,sad,subject_03,subject_03_sad_session_01
24.436,0.006504927184054569,sad,subject_03,subject_03_sad_session_01
24.44,-0.013281359265596732,sad,subject_03,subject_03_sad_session_01
24.444,0.056979682746877716,sad,subject_03,subject_03_sad_session_01
24.448,0.041685459502669456,sad,subject_03,subject_03_sad_session_01
24.452,-0.018070341829225345,sad,subject_03,subject_03_sad_session_01
24.456,0.0035765681414463776,sad,subject_03,subject_03_sad_session_01
24.46,0.04328508789334713,sad,subject_03,subject_03_sad_session_01
24.464,0.04055893993256114,sad,subject_03,subject_03_sad_session_01
24.468,0.01816393146443663,sad,subject_03,subject_03_sad_session_01
24.472,0.013765805775533234,sad,subject_03,subject_03_sad_session_01
24.476,0.021313575968406995,sad,subject_03,subject_03_sad_session_01
24.48,0.008214185138364891,sad,subject_03,subject_03_sad_session_01
24.484,0.054089138606442426,sad,subject_03,subject_03_sad_session_01
24.488,0.04307422153924251,sad,subject_03,subject_03_sad_session_01
24.492,0.030929888656552912,sad,subject_03,subject_03_sad_session_01
24.496,-0.010151840205722733,sad,subject_03,subject_03_sad_session_01
24.5,0.004507355017951971,sad,subject_03,subject_03_sad_session_01
24.504,0.004506067672072588,sad,subject_03,subject_03_sad_session_01
24.508,0.012806257912317837,sad,subject_03,subject_03_sad_session_01
24.512,0.029618816013282916,sad,subject_03,subject_03_sad_session_01
24.516,0.07225281009881325,sad,subject_03,subject_03_sad_session_01
24.52,0.030926947252356903,sad,subject_03,subject_03_sad_session_01
24.524,-0.014766623717705908,sad,subject_03,subject_03_sad_session_01
24.528,0.04803368285764065,sad,subject_03,subject_03_sad_session_01
24.532,-0.011576648598667218,sad,subject_03,subject_03_sad_session_01
24.536,0.04396235723343492,sad,subject_03,subject_03_sad_session_01
24.54,0.018931111000097367,sad,subject_03,subject_03_sad_session_01
24.544,0.05121012670243781,sad,subject_03,subject_03_sad_session_01
24.548,0.052073109739056586,sad,subject_03,subject_03_sad_session_01
24.552,0.04395737735699245,sad,subject_03,subject_03_sad_session_01
24.556,0.010452216712543084,sad,subject_03,subject_03_sad_session_01
24.56,0.026314924315835295,sad,subject_03,subject_03_sad_session_01
24.564,0.06392096084005325,sad,subject_03,subject_03_sad_session_01
24.568,0.057927538833729746,sad,subject_03,subject_03_sad_session_01
24.572,0.11145732141141787,sad,subject_03,subject_03_sad_session_01
24.576,0.06559601904614458,sad,subject_03,subject_03_sad_session_01
24.58,0.0896373984575407,sad,subject_03,subject_03_sad_session_01
24.584,0.05941958782886432,sad,subject_03,subject_03_sad_session_01
24.588,0.05106607810509197,sad,subject_03,subject_03_sad_session_01
24.592,0.11654753086015976,sad,subject_03,subject_03_sad_session_01
24.596,0.06604194318797144,sad,subject_03,subject_03_sad_session_01
24.6,0.05015533081577061,sad,subject_03,subject_03_sad_session_01
24.604,0.058112077838346536,sad,subject_03,subject_03_sad_session_01
24.608,0.1141016871907421,sad,subject_03,subject_03_sad_session_01
24.612,0.08777292093875536,sad,subject_03,subject_03_sad_session_01
24.616,0.06686015624271144,sad,subject_03,subject_03_sad_session_01
24.62,0.17375125600145977,sad,subject_03,subject_03_sad_session_01
24.624,0.05379331585709132,sad,subject_03,subject_03_sad_session_01
24.628,0.10961526037530482,sad,subject_03,subject_03_sad_session_01
24.632,0.17248401461335489,sad,subject_03,subject_03_sad_session_01
24.636,0.12674189617608841,sad,subject_03,subject_03_sad_session_01
24.64,0.19918892183934273,sad,subject_03,subject_03_sad_session_01
24.644,0.14837383696694234,sad,subject_03,subject_03_sad_session_01
24.648,0.0883110185451133,sad,subject_03,subject_03_sad_session_01
24.652,0.14422473760408094,sad,subject_03,subject_03_sad_session_01
24.656,0.10208302027249952,sad,subject_03,subject_03_sad_session_01
24.66,0.10816288822605194,sad,subject_03,subject_03_sad_session_01
24.664,0.08179735330841616,sad,subject_03,subject_03_sad_session_01
24.668,0.08799863069660495,sad,subject_03,subject_03_sad_session_01
24.672,0.12464736420822008,sad,subject_03,subject_03_sad_session_01
24.676,0.07069516491007913,sad,subject_03,subject_03_sad_session_01
24.68,0.034665284667991,sad,subject_03,subject_03_sad_session_01
24.684,0.09973663427264337,sad,subject_03,subject_03_sad_session_01
24.688,0.07479239704042996,sad,subject_03,subject_03_sad_session_01
24.692,0.10451527357794385,sad,subject_03,subject_03_sad_session_01
24.696,0.0488451351278671,sad,subject_03,subject_03_sad_session_01
24.7,0.09765118124452597,sad,subject_03,subject_03_sad_session_01
24.704,0.0838263895669843,sad,subject_03,subject_03_sad_session_01
24.708,0.07356164964222876,sad,subject_03,subject_03_sad_session_01
24.712,0.013602604315538988,sad,subject_03,subject_03_sad_session_01
24.716,0.04867351288129159,sad,subject_03,subject_03_sad_session_01
24.72,0.07425908676498752,sad,subject_03,subject_03_sad_session_01
24.724,0.027633351961405383,sad,subject_03,subject_03_sad_session_01
24.728,-0.021300111228607886,sad,subject_03,subject_03_sad_session_01
24.732,0.0190585889620203,sad,subject_03,subject_03_sad_session_01
24.736,0.008958012010512686,sad,subject_03,subject_03_sad_session_01
24.74,0.017511305069024277,sad,subject_03,subject_03_sad_session_01
24.744,-0.009047938803552383,sad,subject_03,subject_03_sad_session_01
24.748,0.05633732800902021,sad,subject_03,subject_03_sad_session_01
24.752,0.050369598225048995,sad,subject_03,subject_03_sad_session_01
24.756,0.004067269802978023,sad,subject_03,subject_03_sad_session_01
24.76,0.017636317782341197,sad,subject_03,subject_03_sad_session_01
24.764,0.0037998396421988732,sad,subject_03,subject_03_sad_session_01
24.768,0.04382070795520811,sad,subject_03,subject_03_sad_session_01
24.772,-0.002049902971617456,sad,subject_03,subject_03_sad_session_01
24.776,0.0001507464954412785,sad,subject_03,subject_03_sad_session_01
24.78,0.025084072322721213,sad,subject_03,subject_03_sad_session_01
24.784,-0.008883327940740312,sad,subject_03,subject_03_sad_session_01
24.788,0.06034781352668346,sad,subject_03,subject_03_sad_session_01
24.792,-0.016244252063730646,sad,subject_03,subject_03_sad_session_01
24.796,0.029476502156344946,sad,subject_03,subject_03_sad_session_01
24.8,0.0496125328346618,sad,subject_03,subject_03_sad_session_01
24.804,0.016614596266789322,sad,subject_03,subject_03_sad_session_01
24.808,0.11037020081092884,sad,subject_03,subject_03_sad_session_01
24.812,0.17548968669922677,sad,subject_03,subject_03_sad_session_01
24.816,0.3313167413055012,sad,subject_03,subject_03_sad_session_01
24.82,0.4152832005150296,sad,subject_03,subject_03_sad_session_01
24.824,0.5580162841564934,sad,subject_03,subject_03_sad_session_01
24.828,0.682700817550237,sad,subject_03,subject_03_sad_session_01
24.832,0.7655232629126117,sad,subject_03,subject_03_sad_session_01
24.836,0.7295988752413904,sad,subject_03,subject_03_sad_session_01
24.84,0.7361484224330758,sad,subject_03,subject_03_sad_session_01
24.844,0.7054526921934203,sad,subject_03,subject_03_sad_session_01
24.848,0.7066440671992821,sad,subject_03,subject_03_sad_session_01
24.852,0.5965044834915729,sad,subject_03,subject_03_sad_session_01
24.856,0.4760504253723582,sad,subject_03,subject_03_sad_session_01
24.86,0.3468622651841998,sad,subject_03,subject_03_sad_session_01
24.864,0.19860456544686153,sad,subject_03,subject_03_sad_session_01
24.868,0.1108971720595053,sad,subject_03,subject_03_sad_session_01
24.872,0.04014025447345218,sad,subject_03,subject_03_sad_session_01
24.876,-0.016910858711509307,sad,subject_03,subject_03_sad_session_01
24.88,-0.0637152793138826,sad,subject_03,subject_03_sad_session_01
24.884,0.0011227842748788644,sad,subject_03,subject_03_sad_session_01
24.888,-0.0721801734281523,sad,subject_03,subject_03_sad_session_01
24.892,-0.031146115603677936,sad,subject_03,subject_03_sad_session_01
24.896,0.04371280571691784,sad,subject_03,subject_03_sad_session_01
24.9,0.043657188155882154,sad,subject_03,subject_03_sad_session_01
24.904,-0.010229592915569779,sad,subject_03,subject_03_sad_session_01
24.908,-0.02943928500504172,sad,subject_03,subject_03_sad_session_01
24.912,0.0111221476683659,sad,subject_03,subject_03_sad_session_01
24.916,0.049575541316566614,sad,subject_03,subject_03_sad_session_01
24.92,0.050875330608795906,sad,subject_03,subject_03_sad_session_01
24.924,0.05070257109436028,sad,subject_03,subject_03_sad_session_01
24.928,0.07154481271664584,sad,subject_03,subject_03_sad_session_01
24.932,0.057741422826634345,sad,subject_03,subject_03_sad_session_01
24.936,0.0883502796492748,sad,subject_03,subject_03_sad_session_01
24.94,0.08545560504676743,sad,subject_03,subject_03_sad_session_01
24.944,0.001171350869404647,sad,subject_03,subject_03_sad_session_01
24.948,0.07195537326500907,sad,subject_03,subject_03_sad_session_01
24.952,0.06647225494627751,sad,subject_03,subject_03_sad_session_01
24.956,0.08493950375845694,sad,subject_03,subject_03_sad_session_01
24.96,0.07349547758006647,sad,subject_03,subject_03_sad_session_01
24.964,0.03660067610603573,sad,subject_03,subject_03_sad_session_01
24.968,0.10310659904432304,sad,subject_03,subject_03_sad_session_01
24.972,0.11482072807747026,sad,subject_03,subject_03_sad_session_01
24.976,0.043395109620431305,sad,subject_03,subject_03_sad_session_01
24.98,0.15555233982292582,sad,subject_03,subject_03_sad_session_01
24.984,0.13702606412992022,sad,subject_03,subject_03_sad_session_01
24.988,0.08714159812559938,sad,subject_03,subject_03_sad_session_01
24.992,0.08653216856030264,sad,subject_03,subject_03_sad_session_01
24.996,0.1310516866018171,sad,subject_03,subject_03_sad_session_01
25.0,0.13444341324275147,sad,subject_03,subject_03_sad_session_01
25.004,0.15479922541270977,sad,subject_03,subject_03_sad_session_01
25.008,0.15662476104336293,sad,subject_03,subject_03_sad_session_01
25.012,0.16515470904340754,sad,subject_03,subject_03_sad_session_01
25.016,0.1198948881426608,sad,subject_03,subject_03_sad_session_01
25.02,0.15462520586363124,sad,subject_03,subject_03_sad_session_01
25.024,0.17465984153696573,sad,subject_03,subject_03_sad_session_01
25.028,0.16267045894180016,sad,subject_03,subject_03_sad_session_01
25.032,0.19445119750302495,sad,subject_03,subject_03_sad_session_01
25.036,0.21244751057297523,sad,subject_03,subject_03_sad_session_01
25.04,0.16015071968881914,sad,subject_03,subject_03_sad_session_01
25.044,0.18860220547596823,sad,subject_03,subject_03_sad_session_01
25.048,0.17816089697501702,sad,subject_03,subject_03_sad_session_01
25.052,0.18535720359856156,sad,subject_03,subject_03_sad_session_01
25.056,0.1525367037939223,sad,subject_03,subject_03_sad_session_01
25.06,0.21760081880498428,sad,subject_03,subject_03_sad_session_01
25.064,0.2941926888458922,sad,subject_03,subject_03_sad_session_01
25.068,0.2233398378009701,sad,subject_03,subject_03_sad_session_01
25.072,0.2816474023138525,sad,subject_03,subject_03_sad_session_01
25.076,0.2534489345728558,sad,subject_03,subject_03_sad_session_01
25.08,0.19342970988047048,sad,subject_03,subject_03_sad_session_01
25.084,0.2295563296610107,sad,subject_03,subject_03_sad_session_01
25.088,0.240750692794875,sad,subject_03,subject_03_sad_session_01
25.092,0.23907384356843026,sad,subject_03,subject_03_sad_session_01
25.096,0.19486950078644716,sad,subject_03,subject_03_sad_session_01
25.1,0.22178236998772866,sad,subject_03,subject_03_sad_session_01
25.104,0.26412690628899627,sad,subject_03,subject_03_sad_session_01
25.108,0.1653826159833256,sad,subject_03,subject_03_sad_session_01
25.112,0.24065883805788835,sad,subject_03,subject_03_sad_session_01
25.116,0.24228163147103912,sad,subject_03,subject_03_sad_session_01
25.12,0.15224555837418796,sad,subject_03,subject_03_sad_session_01
25.124,0.1812540824442692,sad,subject_03,subject_03_sad_session_01
25.128,0.1878916372487365,sad,subject_03,subject_03_sad_session_01
25.132,0.21824039787816904,sad,subject_03,subject_03_sad_session_01
25.136,0.18766316443743275,sad,subject_03,subject_03_sad_session_01
25.14,0.1661327175994753,sad,subject_03,subject_03_sad_session_01
25.144,0.18002664562687115,sad,subject_03,subject_03_sad_session_01
25.148,0.1854542305394484,sad,subject_03,subject_03_sad_session_01
25.152,0.16222684065707837,sad,subject_03,subject_03_sad_session_01
25.156,0.21031877975913993,sad,subject_03,subject_03_sad_session_01
25.16,0.15695547739318388,sad,subject_03,subject_03_sad_session_01
25.164,0.17248175966364648,sad,subject_03,subject_03_sad_session_01
25.168,0.1128021375976142,sad,subject_03,subject_03_sad_session_01
25.172,0.14969070060957892,sad,subject_03,subject_03_sad_session_01
25.176,0.117870698920988,sad,subject_03,subject_03_sad_session_01
25.18,0.11224654008142035,sad,subject_03,subject_03_sad_session_01
25.184,0.16804658880347367,sad,subject_03,subject_03_sad_session_01
25.188,0.09653718557018856,sad,subject_03,subject_03_sad_session_01
25.192,0.09549066408131414,sad,subject_03,subject_03_sad_session_01
25.196,0.05375654243924256,sad,subject_03,subject_03_sad_session_01
25.2,0.0739579428645109,sad,subject_03,subject_03_sad_session_01
25.204,0.04464308106737,sad,subject_03,subject_03_sad_session_01
25.208,0.12613004387708676,sad,subject_03,subject_03_sad_session_01
25.212,0.09722299861302709,sad,subject_03,subject_03_sad_session_01
25.216,0.10596449274722865,sad,subject_03,subject_03_sad_session_01
25.22,0.0915314439348887,sad,subject_03,subject_03_sad_session_01
25.224,0.04481411522670192,sad,subject_03,subject_03_sad_session_01
25.228,0.09431553082905943,sad,subject_03,subject_03_sad_session_01
25.232,0.06044708120817775,sad,subject_03,subject_03_sad_session_01
25.236,0.08026659123683533,sad,subject_03,subject_03_sad_session_01
25.24,-0.022243196211278626,sad,subject_03,subject_03_sad_session_01
25.244,0.020914202961733012,sad,subject_03,subject_03_sad_session_01
25.248,0.03281171194420672,sad,subject_03,subject_03_sad_session_01
25.252,0.06056507022843894,sad,subject_03,subject_03_sad_session_01
25.256,0.0017413747582007283,sad,subject_03,subject_03_sad_session_01
25.26,0.11499247911901526,sad,subject_03,subject_03_sad_session_01
25.264,0.08261483703429781,sad,subject_03,subject_03_sad_session_01
25.268,0.08189815126253067,sad,subject_03,subject_03_sad_session_01
25.272,0.08423878574994971,sad,subject_03,subject_03_sad_session_01
25.276,0.05588272611870147,sad,subject_03,subject_03_sad_session_01
25.28,0.004239439840688745,sad,subject_03,subject_03_sad_session_01
25.284,0.05052032043457537,sad,subject_03,subject_03_sad_session_01
25.288,0.020790439893246977,sad,subject_03,subject_03_sad_session_01
25.292,0.027508888391179657,sad,subject_03,subject_03_sad_session_01
25.296,0.05913530537006628,sad,subject_03,subject_03_sad_session_01
25.3,0.0156768676302716,sad,subject_03,subject_03_sad_session_01
25.304,0.013290932447122938,sad,subject_03,subject_03_sad_session_01
25.308,0.059855289992244626,sad,subject_03,subject_03_sad_session_01
25.312,0.005795624282628222,sad,subject_03,subject_03_sad_session_01
25.316,0.020481049536217967,sad,subject_03,subject_03_sad_session_01
25.32,0.026697533769012773,sad,subject_03,subject_03_sad_session_01
25.324,0.04615793827519603,sad,subject_03,subject_03_sad_session_01
25.328,0.05023354041701616,sad,subject_03,subject_03_sad_session_01
25.332,0.007960632095449071,sad,subject_03,subject_03_sad_session_01
25.336,-0.022661895351126508,sad,subject_03,subject_03_sad_session_01
25.34,0.06559030578123136,sad,subject_03,subject_03_sad_session_01
25.344,-0.04060903608444206,sad,subject_03,subject_03_sad_session_01
25.348,0.03882201533575097,sad,subject_03,subject_03_sad_session_01
25.352,0.024967985255659634,sad,subject_03,subject_03_sad_session_01
25.356,0.034003037984527335,sad,subject_03,subject_03_sad_session_01
25.36,0.03519944125174565,sad,subject_03,subject_03_sad_session_01
25.364,0.018610730123343293,sad,subject_03,subject_03_sad_session_01
25.368,0.023053674240364256,sad,subject_03,subject_03_sad_session_01
25.372,0.03538740204532509,sad,subject_03,subject_03_sad_session_01
25.376,0.03323014963442289,sad,subject_03,subject_03_sad_session_01
25.38,-0.05833707803742397,sad,subject_03,subject_03_sad_session_01
25.384,0.022849735512670753,sad,subject_03,subject_03_sad_session_01
25.388,0.04877137437562076,sad,subject_03,subject_03_sad_session_01
25.392,0.0029742337659379066,sad,subject_03,subject_03_sad_session_01
25.396,0.038380871713386,sad,subject_03,subject_03_sad_session_01
25.4,0.05500008356946781,sad,subject_03,subject_03_sad_session_01
25.404,0.027044738588036396,sad,subject_03,subject_03_sad_session_01
25.408,0.02783468593495884,sad,subject_03,subject_03_sad_session_01
25.412,-0.016707848250330854,sad,subject_03,subject_03_sad_session_01
25.416,0.021075547955013117,sad,subject_03,subject_03_sad_session_01
25.42,0.038679455101396476,sad,subject_03,subject_03_sad_session_01
25.424,0.010519895661638792,sad,subject_03,subject_03_sad_session_01
25.428,0.011929669129890217,sad,subject_03,subject_03_sad_session_01
25.432,0.038967380062788104,sad,subject_03,subject_03_sad_session_01
25.436,0.03395516255829686,sad,subject_03,subject_03_sad_session_01
25.44,0.03715629810110399,sad,subject_03,subject_03_sad_session_01
25.444,-0.02402447162377617,sad,subject_03,subject_03_sad_session_01
25.448,0.0356531290781678,sad,subject_03,subject_03_sad_session_01
25.452,-0.025175856710763903,sad,subject_03,subject_03_sad_session_01
25.456,0.014730787643503968,sad,subject_03,subject_03_sad_session_01
25.46,0.08090884949252038,sad,subject_03,subject_03_sad_session_01
25.464,0.03969968559686034,sad,subject_03,subject_03_sad_session_01
25.468,0.0324737718340532,sad,subject_03,subject_03_sad_session_01
25.472,-0.0024146481262404297,sad,subject_03,subject_03_sad_session_01
25.476,0.06901696658265108,sad,subject_03,subject_03_sad_session_01
25.48,0.032170165382539286,sad,subject_03,subject_03_sad_session_01
25.484,-0.046574221888657556,sad,subject_03,subject_03_sad_session_01
25.488,0.0028750734200962795,sad,subject_03,subject_03_sad_session_01
25.492,0.03181794414842686,sad,subject_03,subject_03_sad_session_01
25.496,0.01729453795500896,sad,subject_03,subject_03_sad_session_01
25.5,0.0571281178651825,sad,subject_03,subject_03_sad_session_01
25.504,-0.008479996217512453,sad,subject_03,subject_03_sad_session_01
25.508,0.03152388203013905,sad,subject_03,subject_03_sad_session_01
25.512,0.008585809909358939,sad,subject_03,subject_03_sad_session_01
25.516,0.0335099978498592,sad,subject_03,subject_03_sad_session_01
25.52,0.013896591884905846,sad,subject_03,subject_03_sad_session_01
25.524,0.03406546695655527,sad,subject_03,subject_03_sad_session_01
25.528,0.07977831157296748,sad,subject_03,subject_03_sad_session_01
25.532,-0.010385395180298851,sad,subject_03,subject_03_sad_session_01
25.536,0.10163765143049025,sad,subject_03,subject_03_sad_session_01
25.54,0.1474386196918394,sad,subject_03,subject_03_sad_session_01
25.544,0.03157578155565614,sad,subject_03,subject_03_sad_session_01
25.548,0.09250986486318984,sad,subject_03,subject_03_sad_session_01
25.552,0.08169598821594695,sad,subject_03,subject_03_sad_session_01
25.556,0.08241100548171752,sad,subject_03,subject_03_sad_session_01
25.56,0.04127900157564883,sad,subject_03,subject_03_sad_session_01
25.564,0.04076156007327668,sad,subject_03,subject_03_sad_session_01
25.568,0.059946944043139126,sad,subject_03,subject_03_sad_session_01
25.572,0.06674283499350857,sad,subject_03,subject_03_sad_session_01
25.576,0.047849509784778706,sad,subject_03,subject_03_sad_session_01
25.58,0.06624914073796297,sad,subject_03,subject_03_sad_session_01
25.584,0.12502345135242054,sad,subject_03,subject_03_sad_session_01
25.588,0.14582608384694556,sad,subject_03,subject_03_sad_session_01
25.592,0.07654371531144807,sad,subject_03,subject_03_sad_session_01
25.596,0.18081331636467818,sad,subject_03,subject_03_sad_session_01
25.6,0.06778572508914252,sad,subject_03,subject_03_sad_session_01
25.604,0.07791913404331391,sad,subject_03,subject_03_sad_session_01
25.608,0.05878191770607897,sad,subject_03,subject_03_sad_session_01
25.612,0.06238738672564764,sad,subject_03,subject_03_sad_session_01
25.616,0.15123500889286373,sad,subject_03,subject_03_sad_session_01
25.62,0.1021883726925548,sad,subject_03,subject_03_sad_session_01
25.624,0.11404470906844487,sad,subject_03,subject_03_sad_session_01
25.628,0.102610304206878,sad,subject_03,subject_03_sad_session_01
25.632,0.07058239699056144,sad,subject_03,subject_03_sad_session_01
25.636,0.0540542853695512,sad,subject_03,subject_03_sad_session_01
25.64,0.03515434820913997,sad,subject_03,subject_03_sad_session_01
25.644,0.08806084461627736,sad,subject_03,subject_03_sad_session_01
25.648,0.10396296078266319,sad,subject_03,subject_03_sad_session_01
25.652,0.05723007816637743,sad,subject_03,subject_03_sad_session_01
25.656,0.011898714329084598,sad,subject_03,subject_03_sad_session_01
25.66,0.10196763108780728,sad,subject_03,subject_03_sad_session_01
25.664,0.10044539684507095,sad,subject_03,subject_03_sad_session_01
25.668,0.020541406680713796,sad,subject_03,subject_03_sad_session_01
25.672,0.021234982756021405,sad,subject_03,subject_03_sad_session_01
25.676,0.07534901692063117,sad,subject_03,subject_03_sad_session_01
25.68,-0.011166198869906094,sad,subject_03,subject_03_sad_session_01
25.684,0.0010301302125817757,sad,subject_03,subject_03_sad_session_01
25.688,0.08179960776739251,sad,subject_03,subject_03_sad_session_01
25.692,0.018074201124271598,sad,subject_03,subject_03_sad_session_01
25.696,0.03154527684681418,sad,subject_03,subject_03_sad_session_01
25.7,-0.008444937493759921,sad,subject_03,subject_03_sad_session_01
25.704,0.058486817538596116,sad,subject_03,subject_03_sad_session_01
25.708,0.018878650278179747,sad,subject_03,subject_03_sad_session_01
25.712,0.04948823940436367,sad,subject_03,subject_03_sad_session_01
25.716,0.0010154961453477315,sad,subject_03,subject_03_sad_session_01
25.72,-0.019368287458707292,sad,subject_03,subject_03_sad_session_01
25.724,0.009831827024366654,sad,subject_03,subject_03_sad_session_01
25.728,-0.013347764531412495,sad,subject_03,subject_03_sad_session_01
25.732,-0.004710116549936239,sad,subject_03,subject_03_sad_session_01
25.736,-0.01564876758743851,sad,subject_03,subject_03_sad_session_01
25.74,-0.02914386334157408,sad,subject_03,subject_03_sad_session_01
25.744,0.03133880487310817,sad,subject_03,subject_03_sad_session_01
25.748,0.021042727562864426,sad,subject_03,subject_03_sad_session_01
25.752,-0.02535205911342507,sad,subject_03,subject_03_sad_session_01
25.756,0.05500632323925574,sad,subject_03,subject_03_sad_session_01
25.76,-0.02584104845366034,sad,subject_03,subject_03_sad_session_01
25.764,0.015089668084732437,sad,subject_03,subject_03_sad_session_01
25.768,-0.09495929001787955,sad,subject_03,subject_03_sad_session_01
25.772,-0.02660447070222087,sad,subject_03,subject_03_sad_session_01
25.776,-0.06430243153065635,sad,subject_03,subject_03_sad_session_01
25.78,-0.0077408764913831606,sad,subject_03,subject_03_sad_session_01
25.784,0.0802955291940939,sad,subject_03,subject_03_sad_session_01
25.788,0.1508945089598815,sad,subject_03,subject_03_sad_session_01
25.792,0.21463715267365,sad,subject_03,subject_03_sad_session_01
25.796,0.3490598743770002,sad,subject_03,subject_03_sad_session_01
25.8,0.47159601465212947,sad,subject_03,subject_03_sad_session_01
25.804,0.5513296422444653,sad,subject_03,subject_03_sad_session_01
25.808,0.6806200148981812,sad,subject_03,subject_03_sad_session_01
25.812,0.7258123066670137,sad,subject_03,subject_03_sad_session_01
25.816,0.7305010850201341,sad,subject_03,subject_03_sad_session_01
25.82,0.7865329130970825,sad,subject_03,subject_03_sad_session_01
25.824,0.6653615034793833,sad,subject_03,subject_03_sad_session_01
25.828,0.557092883116949,sad,subject_03,subject_03_sad_session_01
25.832,0.5066445505579634,sad,subject_03,subject_03_sad_session_01
25.836,0.3715046124200471,sad,subject_03,subject_03_sad_session_01
25.84,0.16837232994716528,sad,subject_03,subject_03_sad_session_01
25.844,0.059297881130492475,sad,subject_03,subject_03_sad_session_01
25.848,0.04428908741510128,sad,subject_03,subject_03_sad_session_01
25.852,-0.052771266427378824,sad,subject_03,subject_03_sad_session_01
25.856,-0.05662785389268127,sad,subject_03,subject_03_sad_session_01
25.86,-0.0882658364248024,sad,subject_03,subject_03_sad_session_01
25.864,-0.05421939768178902,sad,subject_03,subject_03_sad_session_01
25.868,-0.03183972332377481,sad,subject_03,subject_03_sad_session_01
25.872,-0.09244641888032562,sad,subject_03,subject_03_sad_session_01
25.876,-0.04933622202675857,sad,subject_03,subject_03_sad_session_01
25.88,0.04216597484592062,sad,subject_03,subject_03_sad_session_01
25.884,0.017088938542165387,sad,subject_03,subject_03_sad_session_01
25.888,0.03120695690187389,sad,subject_03,subject_03_sad_session_01
25.892,0.08436163152745627,sad,subject_03,subject_03_sad_session_01
25.896,0.05345958013462024,sad,subject_03,subject_03_sad_session_01
25.9,0.023929959087782872,sad,subject_03,subject_03_sad_session_01
25.904,-0.010988552966800388,sad,subject_03,subject_03_sad_session_01
25.908,0.06633873393378728,sad,subject_03,subject_03_sad_session_01
25.912,0.06968280949170091,sad,subject_03,subject_03_sad_session_01
25.916,0.039595170303936215,sad,subject_03,subject_03_sad_session_01
25.92,0.09421383709465646,sad,subject_03,subject_03_sad_session_01
25.924,0.05012030517476162,sad,subject_03,subject_03_sad_session_01
25.928,0.046915937216290865,sad,subject_03,subject_03_sad_session_01
25.932,0.08449033569742251,sad,subject_03,subject_03_sad_session_01
25.936,0.06704053794067824,sad,subject_03,subject_03_sad_session_01
25.94,0.07902954875130384,sad,subject_03,subject_03_sad_session_01
25.944,-0.004232517474015304,sad,subject_03,subject_03_sad_session_01
25.948,0.07539234378342398,sad,subject_03,subject_03_sad_session_01
25.952,0.05413554598778815,sad,subject_03,subject_03_sad_session_01
25.956,0.05686951348407717,sad,subject_03,subject_03_sad_session_01
25.96,0.07157571571121495,sad,subject_03,subject_03_sad_session_01
25.964,0.0628190729300796,sad,subject_03,subject_03_sad_session_01
25.968,0.11037706603996125,sad,subject_03,subject_03_sad_session_01
25.972,0.0577948927246959,sad,subject_03,subject_03_sad_session_01
25.976,0.0450644352749615,sad,subject_03,subject_03_sad_session_01
25.98,0.10032416527433599,sad,subject_03,subject_03_sad_session_01
25.984,0.15027572803434774,sad,subject_03,subject_03_sad_session_01
25.988,0.09993797254073572,sad,subject_03,subject_03_sad_session_01
25.992,0.11322770254872523,sad,subject_03,subject_03_sad_session_01
25.996,0.11797746427800852,sad,subject_03,subject_03_sad_session_01
26.0,0.20756949375924696,sad,subject_03,subject_03_sad_session_01
26.004,0.16563342000125864,sad,subject_03,subject_03_sad_session_01
26.008,0.1245440993875417,sad,subject_03,subject_03_sad_session_01
26.012,0.14130897493219116,sad,subject_03,subject_03_sad_session_01
26.016,0.12870257279302433,sad,subject_03,subject_03_sad_session_01
26.02,0.2127673590814963,sad,subject_03,subject_03_sad_session_01
26.024,0.11504662328169901,sad,subject_03,subject_03_sad_session_01
26.028,0.13583801794287167,sad,subject_03,subject_03_sad_session_01
26.032,0.195529671475955,sad,subject_03,subject_03_sad_session_01
26.036,0.22331277351445783,sad,subject_03,subject_03_sad_session_01
26.04,0.17472943404428828,sad,subject_03,subject_03_sad_session_01
26.044,0.16956176198187375,sad,subject_03,subject_03_sad_session_01
26.048,0.18112612600817976,sad,subject_03,subject_03_sad_session_01
26.052,0.18404546675870373,sad,subject_03,subject_03_sad_session_01
26.056,0.2461015615061724,sad,subject_03,subject_03_sad_session_01
26.06,0.19707056215078167,sad,subject_03,subject_03_sad_session_01
26.064,0.17324870860265393,sad,subject_03,subject_03_sad_session_01
26.068,0.19620570318123848,sad,subject_03,subject_03_sad_session_01
26.072,0.2118104498501554,sad,subject_03,subject_03_sad_session_01
26.076,0.15429240690489918,sad,subject_03,subject_03_sad_session_01
26.08,0.1888786597961739,sad,subject_03,subject_03_sad_session_01
26.084,0.1800029982245324,sad,subject_03,subject_03_sad_session_01
26.088,0.1424096899999603,sad,subject_03,subject_03_sad_session_01
26.092,0.16141983460298345,sad,subject_03,subject_03_sad_session_01
26.096,0.15648011816986568,sad,subject_03,subject_03_sad_session_01
26.1,0.1524603161649524,sad,subject_03,subject_03_sad_session_01
26.104,0.219609478925895,sad,subject_03,subject_03_sad_session_01
26.108,0.15980123725918544,sad,subject_03,subject_03_sad_session_01
26.112,0.16508031695882017,sad,subject_03,subject_03_sad_session_01
26.116,0.1695338565319561,sad,subject_03,subject_03_sad_session_01
26.12,0.14279207934911547,sad,subject_03,subject_03_sad_session_01
26.124,0.12615106576585905,sad,subject_03,subject_03_sad_session_01
26.128,0.17874086776675405,sad,subject_03,subject_03_sad_session_01
26.132,0.17336533176638091,sad,subject_03,subject_03_sad_session_01
26.136,0.1499245733937373,sad,subject_03,subject_03_sad_session_01
26.14,0.11359277498545706,sad,subject_03,subject_03_sad_session_01
26.144,0.12159817102893608,sad,subject_03,subject_03_sad_session_01
26.148,0.0807992814620026,sad,subject_03,subject_03_sad_session_01
26.152,0.10231757047937778,sad,subject_03,subject_03_sad_session_01
26.156,0.05820892566637117,sad,subject_03,subject_03_sad_session_01
26.16,0.1116731208708876,sad,subject_03,subject_03_sad_session_01
26.164,0.1314494415454397,sad,subject_03,subject_03_sad_session_01
26.168,0.04266202592915944,sad,subject_03,subject_03_sad_session_01
26.172,0.12369353348508466,sad,subject_03,subject_03_sad_session_01
26.176,0.08455081921221387,sad,subject_03,subject_03_sad_session_01
26.18,0.037278437610344425,sad,subject_03,subject_03_sad_session_01
26.184,0.06331460374852625,sad,subject_03,subject_03_sad_session_01
26.188,0.09701489119042972,sad,subject_03,subject_03_sad_session_01
26.192,0.08343503195719693,sad,subject_03,subject_03_sad_session_01
26.196,0.07811699592480255,sad,subject_03,subject_03_sad_session_01
26.2,0.026513786120686743,sad,subject_03,subject_03_sad_session_01
26.204,0.005564413937940434,sad,subject_03,subject_03_sad_session_01
26.208,0.029866713257503737,sad,subject_03,subject_03_sad_session_01
26.212,0.029975311753558078,sad,subject_03,subject_03_sad_session_01
26.216,0.016560001279555134,sad,subject_03,subject_03_sad_session_01
26.22,0.0015403541127446997,sad,subject_03,subject_03_sad_session_01
26.224,-0.013376721591056406,sad,subject_03,subject_03_sad_session_01
26.228,0.035503381884099204,sad,subject_03,subject_03_sad_session_01
26.232,-0.009622787390047849,sad,subject_03,subject_03_sad_session_01
26.236,0.03335576867021892,sad,subject_03,subject_03_sad_session_01
26.24,-0.0019983578020708976,sad,subject_03,subject_03_sad_session_01
26.244,0.002048433418891334,sad,subject_03,subject_03_sad_session_01
26.248,-0.03230423460795804,sad,subject_03,subject_03_sad_session_01
26.252,0.01334672537878201,sad,subject_03,subject_03_sad_session_01
26.256,-0.008573364231893456,sad,subject_03,subject_03_sad_session_01
26.26,-0.03404746038510547,sad,subject_03,subject_03_sad_session_01
26.264,-0.009954097723036043,sad,subject_03,subject_03_sad_session_01
26.268,-0.030188914306752856,sad,subject_03,subject_03_sad_session_01
26.272,-0.052705819593139934,sad,subject_03,subject_03_sad_session_01
26.276,0.016180836056396412,sad,subject_03,subject_03_sad_session_01
26.28,-0.04182536068484625,sad,subject_03,subject_03_sad_session_01
26.284,0.005388496633638242,sad,subject_03,subject_03_sad_session_01
26.288,0.059570862404299485,sad,subject_03,subject_03_sad_session_01
26.292,-0.03789593535016189,sad,subject_03,subject_03_sad_session_01
26.296,0.003636511022462926,sad,subject_03,subject_03_sad_session_01
26.3,-0.023124078542177882,sad,subject_03,subject_03_sad_session_01
26.304,-0.00399514823857299,sad,subject_03,subject_03_sad_session_01
26.308,-0.06510295384208326,sad,subject_03,subject_03_sad_session_01
26.312,-0.00014126049894480457,sad,subject_03,subject_03_sad_session_01
26.316,-0.009678322031824643,sad,subject_03,subject_03_sad_session_01
26.32,0.0591255952286302,sad,subject_03,subject_03_sad_session_01
26.324,-0.07484982328123585,sad,subject_03,subject_03_sad_session_01
26.328,-0.028373370811780083,sad,subject_03,subject_03_sad_session_01
26.332,-0.00046947519754119565,sad,subject_03,subject_03_sad_session_01
26.336,0.011958681847591447,sad,subject_03,subject_03_sad_session_01
26.34,-0.018431527451606106,sad,subject_03,subject_03_sad_session_01
26.344,0.022963715988298362,sad,subject_03,subject_03_sad_session_01
26.348,-0.01327381029431896,sad,subject_03,subject_03_sad_session_01
26.352,-0.01135535969747973,sad,subject_03,subject_03_sad_session_01
26.356,-0.06760377502586075,sad,subject_03,subject_03_sad_session_01
26.36,0.0016978426715877105,sad,subject_03,subject_03_sad_session_01
26.364,0.029458658533151307,sad,subject_03,subject_03_sad_session_01
26.368,-0.04595291964304203,sad,subject_03,subject_03_sad_session_01
26.372,-0.029665333903374426,sad,subject_03,subject_03_sad_session_01
26.376,-0.05909854763564715,sad,subject_03,subject_03_sad_session_01
26.38,-0.0028381182608206504,sad,subject_03,subject_03_sad_session_01
26.384,-0.02182504569448042,sad,subject_03,subject_03_sad_session_01
26.388,0.007218128542705114,sad,subject_03,subject_03_sad_session_01
26.392,-0.019588904723348427,sad,subject_03,subject_03_sad_session_01
26.396,-0.020337957611412757,sad,subject_03,subject_03_sad_session_01
26.4,-0.01944517076029765,sad,subject_03,subject_03_sad_session_01
26.404,-0.012667350588247375,sad,subject_03,subject_03_sad_session_01
26.408,-0.0172150529097439,sad,subject_03,subject_03_sad_session_01
26.412,-0.0052924537241171125,sad,subject_03,subject_03_sad_session_01
26.416,0.02464877343107892,sad,subject_03,subject_03_sad_session_01
26.42,0.010925378621649634,sad,subject_03,subject_03_sad_session_01
26.424,0.03422846971467856,sad,subject_03,subject_03_sad_session_01
26.428,-0.053647574094348324,sad,subject_03,subject_03_sad_session_01
26.432,-0.04136670713815995,sad,subject_03,subject_03_sad_session_01
26.436,0.014502637763769807,sad,subject_03,subject_03_sad_session_01
26.44,-0.049185985735792664,sad,subject_03,subject_03_sad_session_01
26.444,0.02970643315879698,sad,subject_03,subject_03_sad_session_01
26.448,-0.03421247060674195,sad,subject_03,subject_03_sad_session_01
26.452,-0.023224473348821818,sad,subject_03,subject_03_sad_session_01
26.456,-0.029971251184591013,sad,subject_03,subject_03_sad_session_01
26.46,-0.018318724643628496,sad,subject_03,subject_03_sad_session_01
26.464,0.031256872179054984,sad,subject_03,subject_03_sad_session_01
26.468,0.021356303451619214,sad,subject_03,subject_03_sad_session_01
26.472,0.04093200004124641,sad,subject_03,subject_03_sad_session_01
26.476,0.05118671512168589,sad,subject_03,subject_03_sad_session_01
26.48,-0.030343896511840315,sad,subject_03,subject_03_sad_session_01
26.484,-0.04610445807009039,sad,subject_03,subject_03_sad_session_01
26.488,-0.009794231991313077,sad,subject_03,subject_03_sad_session_01
26.492,-0.0036755123357387638,sad,subject_03,subject_03_sad_session_01
26.496,-0.05612875642050109,sad,subject_03,subject_03_sad_session_01
26.5,0.013663078924019335,sad,subject_03,subject_03_sad_session_01
26.504,-0.03930008303846943,sad,subject_03,subject_03_sad_session_01
26.508,-0.01794063597676817,sad,subject_03,subject_03_sad_session_01
26.512,0.01936673313002804,sad,subject_03,subject_03_sad_session_01
26.516,0.014388746469482688,sad,subject_03,subject_03_sad_session_01
26.52,0.005836698918013906,sad,subject_03,subject_03_sad_session_01
26.524,0.014646726602061535,sad,subject_03,subject_03_sad_session_01
26.528,0.03118981435989253,sad,subject_03,subject_03_sad_session_01
26.532,-0.00214511582089073,sad,subject_03,subject_03_sad_session_01
26.536,0.030494141997575393,sad,subject_03,subject_03_sad_session_01
26.54,0.02547421806368499,sad,subject_03,subject_03_sad_session_01
26.544,0.03488169190688594,sad,subject_03,subject_03_sad_session_01
26.548,0.07069723118196664,sad,subject_03,subject_03_sad_session_01
26.552,0.049848584038564424,sad,subject_03,subject_03_sad_session_01
26.556,0.08915669025925999,sad,subject_03,subject_03_sad_session_01
26.56,0.03665023040930225,sad,subject_03,subject_03_sad_session_01
26.564,0.05353659041885815,sad,subject_03,subject_03_sad_session_01
26.568,0.015147016946295104,sad,subject_03,subject_03_sad_session_01
26.572,0.03596202059324592,sad,subject_03,subject_03_sad_session_01
26.576,0.05713925287214699,sad,subject_03,subject_03_sad_session_01
26.58,0.08549819054501098,sad,subject_03,subject_03_sad_session_01
26.584,0.05852549255947671,sad,subject_03,subject_03_sad_session_01
26.588,0.042352873926808754,sad,subject_03,subject_03_sad_session_01
26.592,0.08614233045940273,sad,subject_03,subject_03_sad_session_01
26.596,0.025798130543632926,sad,subject_03,subject_03_sad_session_01
26.6,0.026085820863158395,sad,subject_03,subject_03_sad_session_01
26.604,0.04880721761063132,sad,subject_03,subject_03_sad_session_01
26.608,0.08292743673376983,sad,subject_03,subject_03_sad_session_01
26.612,0.0419300475243589,sad,subject_03,subject_03_sad_session_01
26.616,0.06736336456594688,sad,subject_03,subject_03_sad_session_01
26.62,0.08278833680263525,sad,subject_03,subject_03_sad_session_01
26.624,0.06981595877967917,sad,subject_03,subject_03_sad_session_01
26.628,0.1025574604079052,sad,subject_03,subject_03_sad_session_01
26.632,0.05037390090847701,sad,subject_03,subject_03_sad_session_01
26.636,0.08279171171300886,sad,subject_03,subject_03_sad_session_01
26.64,0.053304016393760936,sad,subject_03,subject_03_sad_session_01
26.644,0.01733439791503022,sad,subject_03,subject_03_sad_session_01
26.648,-0.0050919799130194204,sad,subject_03,subject_03_sad_session_01
26.652,0.023365115537375716,sad,subject_03,subject_03_sad_session_01
26.656,-0.025447827874365198,sad,subject_03,subject_03_sad_session_01
26.66,0.002290062497310223,sad,subject_03,subject_03_sad_session_01
26.664,-1.7453377007101492e-05,sad,subject_03,subject_03_sad_session_01
26.668,0.03568288666048743,sad,subject_03,subject_03_sad_session_01
26.672,-0.024754983396741367,sad,subject_03,subject_03_sad_session_01
26.676,0.0064155062230762,sad,subject_03,subject_03_sad_session_01
26.68,-0.03902955860781758,sad,subject_03,subject_03_sad_session_01
26.684,0.013440251076172213,sad,subject_03,subject_03_sad_session_01
26.688,0.03048901990188812,sad,subject_03,subject_03_sad_session_01
26.692,-0.04190329294112999,sad,subject_03,subject_03_sad_session_01
26.696,-0.01447790952560883,sad,subject_03,subject_03_sad_session_01
26.7,0.05737791583955508,sad,subject_03,subject_03_sad_session_01
26.704,-0.04379216085015166,sad,subject_03,subject_03_sad_session_01
26.708,-0.06635049546845931,sad,subject_03,subject_03_sad_session_01
26.712,-0.016877452712512602,sad,subject_03,subject_03_sad_session_01
26.716,-0.05644831628279387,sad,subject_03,subject_03_sad_session_01
26.72,-0.014074820592622515,sad,subject_03,subject_03_sad_session_01
26.724,-0.0001184908542112284,sad,subject_03,subject_03_sad_session_01
26.728,-0.05847464427239524,sad,subject_03,subject_03_sad_session_01
26.732,-0.07451833970352419,sad,subject_03,subject_03_sad_session_01
26.736,-0.0038911657235925386,sad,subject_03,subject_03_sad_session_01
26.74,0.011355040534224314,sad,subject_03,subject_03_sad_session_01
26.744,-0.056358136848915434,sad,subject_03,subject_03_sad_session_01
26.748,-0.009555861741165385,sad,subject_03,subject_03_sad_session_01
26.752,0.006218575385400084,sad,subject_03,subject_03_sad_session_01
26.756,-0.006089177577141648,sad,subject_03,subject_03_sad_session_01
26.76,0.01709080035736153,sad,subject_03,subject_03_sad_session_01
26.764,0.09794067904766272,sad,subject_03,subject_03_sad_session_01
26.768,0.19154536710201628,sad,subject_03,subject_03_sad_session_01
26.772,0.20365560434489877,sad,subject_03,subject_03_sad_session_01
26.776,0.38179917464091045,sad,subject_03,subject_03_sad_session_01
26.78,0.4582117892187427,sad,subject_03,subject_03_sad_session_01
26.784,0.5688049760506763,sad,subject_03,subject_03_sad_session_01
26.788,0.6792905311665133,sad,subject_03,subject_03_sad_session_01
26.792,0.7069254703105778,sad,subject_03,subject_03_sad_session_01
26.796,0.7118036846528961,sad,subject_03,subject_03_sad_session_01
26.8,0.6677081581383137,sad,subject_03,subject_03_sad_session_01
26.804,0.5903668382861591,sad,subject_03,subject_03_sad_session_01
26.808,0.49163824563878883,sad,subject_03,subject_03_sad_session_01
26.812,0.4179357483656908,sad,subject_03,subject_03_sad_session_01
26.816,0.2653065625057772,sad,subject_03,subject_03_sad_session_01
26.82,0.1009496859408274,sad,subject_03,subject_03_sad_session_01
26.824,0.01775597333841703,sad,subject_03,subject_03_sad_session_01
26.828,-0.020815370740207267,sad,subject_03,subject_03_sad_session_01
26.832,-0.09398848935478425,sad,subject_03,subject_03_sad_session_01
26.836,-0.08954474174405168,sad,subject_03,subject_03_sad_session_01
26.84,-0.10495361823859477,sad,subject_03,subject_03_sad_session_01
26.844,-0.08506072940103547,sad,subject_03,subject_03_sad_session_01
26.848,-0.03502847436244349,sad,subject_03,subject_03_sad_session_01
26.852,-0.04318727329243174,sad,subject_03,subject_03_sad_session_01
26.856,0.01788579327189531,sad,subject_03,subject_03_sad_session_01
26.86,-0.04883057429097945,sad,subject_03,subject_03_sad_session_01
26.864,-0.04875484058250217,sad,subject_03,subject_03_sad_session_01
26.868,-0.00414672699944914,sad,subject_03,subject_03_sad_session_01
26.872,-0.01888761361684633,sad,subject_03,subject_03_sad_session_01
26.876,-0.005567996107592531,sad,subject_03,subject_03_sad_session_01
26.88,0.0037627377052314465,sad,subject_03,subject_03_sad_session_01
26.884,-0.043204023679394035,sad,subject_03,subject_03_sad_session_01
26.888,-0.06721132301388448,sad,subject_03,subject_03_sad_session_01
26.892,0.022570843797189346,sad,subject_03,subject_03_sad_session_01
26.896,-0.03910240534860525,sad,subject_03,subject_03_sad_session_01
26.9,-0.008186616169605507,sad,subject_03,subject_03_sad_session_01
26.904,0.005291667710288164,sad,subject_03,subject_03_sad_session_01
26.908,0.011613045968792009,sad,subject_03,subject_03_sad_session_01
26.912,0.041380521794417396,sad,subject_03,subject_03_sad_session_01
26.916,0.04191132660864334,sad,subject_03,subject_03_sad_session_01
26.92,0.033313047800238374,sad,subject_03,subject_03_sad_session_01
26.924,0.0476513829369912,sad,subject_03,subject_03_sad_session_01
26.928,0.00435181754252616,sad,subject_03,subject_03_sad_session_01
26.932,0.017495300116040762,sad,subject_03,subject_03_sad_session_01
26.936,0.15288224501158948,sad,subject_03,subject_03_sad_session_01
26.94,0.0546717991068237,sad,subject_03,subject_03_sad_session_01
26.944,0.08176771647162831,sad,subject_03,subject_03_sad_session_01
26.948,0.026307171327654283,sad,subject_03,subject_03_sad_session_01
26.952,0.08829727118452585,sad,subject_03,subject_03_sad_session_01
26.956,0.06422687666253775,sad,subject_03,subject_03_sad_session_01
26.96,0.06151199241686183,sad,subject_03,subject_03_sad_session_01
26.964,0.1359071585688002,sad,subject_03,subject_03_sad_session_01
26.968,0.13505882206491637,sad,subject_03,subject_03_sad_session_01
26.972,0.09362520664735745,sad,subject_03,subject_03_sad_session_01
26.976,0.10747271157662765,sad,subject_03,subject_03_sad_session_01
26.98,0.09422708970562044,sad,subject_03,subject_03_sad_session_01
26.984,0.07674408597425322,sad,subject_03,subject_03_sad_session_01
26.988,0.11904380580748163,sad,subject_03,subject_03_sad_session_01
26.992,0.12871189458397075,sad,subject_03,subject_03_sad_session_01
26.996,0.1576812252534887,sad,subject_03,subject_03_sad_session_01
27.0,0.14864502094338009,sad,subject_03,subject_03_sad_session_01
27.004,0.1054947443253243,sad,subject_03,subject_03_sad_session_01
27.008,0.07785803099641106,sad,subject_03,subject_03_sad_session_01
27.012,0.13337923511573804,sad,subject_03,subject_03_sad_session_01
27.016,0.1077339276556831,sad,subject_03,subject_03_sad_session_01
27.02,0.1461015744453277,sad,subject_03,subject_03_sad_session_01
27.024,0.16521376699192022,sad,subject_03,subject_03_sad_session_01
27.028,0.16375738843729853,sad,subject_03,subject_03_sad_session_01
27.032,0.1422019074054653,sad,subject_03,subject_03_sad_session_01
27.036,0.16920748495155175,sad,subject_03,subject_03_sad_session_01
27.04,0.1997166609566291,sad,subject_03,subject_03_sad_session_01
27.044,0.17016734114147541,sad,subject_03,subject_03_sad_session_01
27.048,0.1689716668780402,sad,subject_03,subject_03_sad_session_01
27.052,0.14118530979224164,sad,subject_03,subject_03_sad_session_01
27.056,0.1612555224141149,sad,subject_03,subject_03_sad_session_01
27.06,0.2006046110585135,sad,subject_03,subject_03_sad_session_01
27.064,0.15108186130413484,sad,subject_03,subject_03_sad_session_01
27.068,0.1408754302352254,sad,subject_03,subject_03_sad_session_01
27.072,0.18428466315750236,sad,subject_03,subject_03_sad_session_01
27.076,0.13982222570126052,sad,subject_03,subject_03_sad_session_01
27.08,0.15909684208770566,sad,subject_03,subject_03_sad_session_01
27.084,0.14375806774909733,sad,subject_03,subject_03_sad_session_01
27.088,0.14881365843805572,sad,subject_03,subject_03_sad_session_01
27.092,0.15388758914746248,sad,subject_03,subject_03_sad_session_01
27.096,0.16231737519658496,sad,subject_03,subject_03_sad_session_01
27.1,0.15090748319935987,sad,subject_03,subject_03_sad_session_01
27.104,0.15767402939399616,sad,subject_03,subject_03_sad_session_01
27.108,0.1011245956843805,sad,subject_03,subject_03_sad_session_01
27.112,0.06704822009852647,sad,subject_03,subject_03_sad_session_01
27.116,0.09293223652620736,sad,subject_03,subject_03_sad_session_01
27.12,0.17832333799768457,sad,subject_03,subject_03_sad_session_01
27.124,0.08361734785371869,sad,subject_03,subject_03_sad_session_01
27.128,0.024887764515773764,sad,subject_03,subject_03_sad_session_01
27.132,0.155116117504264,sad,subject_03,subject_03_sad_session_01
27.136,0.07573864926938595,sad,subject_03,subject_03_sad_session_01
27.14,0.03930165776604563,sad,subject_03,subject_03_sad_session_01
27.144,0.023973774633940764,sad,subject_03,subject_03_sad_session_01
27.148,0.058172708607253716,sad,subject_03,subject_03_sad_session_01
27.152,0.07139490175602405,sad,subject_03,subject_03_sad_session_01
27.156,0.0641814094745921,sad,subject_03,subject_03_sad_session_01
27.16,0.0660966184848455,sad,subject_03,subject_03_sad_session_01
27.164,-0.010340845537690102,sad,subject_03,subject_03_sad_session_01
27.168,-0.005302540777149964,sad,subject_03,subject_03_sad_session_01
27.172,0.025419932317825047,sad,subject_03,subject_03_sad_session_01
27.176,0.05571477620278052,sad,subject_03,subject_03_sad_session_01
27.18,0.004881687282770877,sad,subject_03,subject_03_sad_session_01
27.184,-0.05447206246171196,sad,subject_03,subject_03_sad_session_01
27.188,0.03629244888892537,sad,subject_03,subject_03_sad_session_01
27.192,-0.07557204267795847,sad,subject_03,subject_03_sad_session_01
27.196,-0.010446201325023925,sad,subject_03,subject_03_sad_session_01
27.2,0.025305428102352118,sad,subject_03,subject_03_sad_session_01
27.204,0.021757492327613794,sad,subject_03,subject_03_sad_session_01
27.208,-0.05300683919060418,sad,subject_03,subject_03_sad_session_01
27.212,0.021584456403876188,sad,subject_03,subject_03_sad_session_01
27.216,0.03368141831707333,sad,subject_03,subject_03_sad_session_01
27.22,0.010380071355639989,sad,subject_03,subject_03_sad_session_01
27.224,-0.01831535350352649,sad,subject_03,subject_03_sad_session_01
27.228,0.00144007475373982,sad,subject_03,subject_03_sad_session_01
27.232,-0.03608574745010368,sad,subject_03,subject_03_sad_session_01
27.236,0.01703219317547818,sad,subject_03,subject_03_sad_session_01
27.24,0.029174349925247114,sad,subject_03,subject_03_sad_session_01
27.244,-0.030215016937822366,sad,subject_03,subject_03_sad_session_01
27.248,0.005067464152147025,sad,subject_03,subject_03_sad_session_01
27.252,0.011370472617388439,sad,subject_03,subject_03_sad_session_01
27.256,-0.02679059579361624,sad,subject_03,subject_03_sad_session_01
27.26,-0.08928147538291437,sad,subject_03,subject_03_sad_session_01
27.264,-0.01667535510968558,sad,subject_03,subject_03_sad_session_01
27.268,-0.11472454986982256,sad,subject_03,subject_03_sad_session_01
27.272,0.026414791332447164,sad,subject_03,subject_03_sad_session_01
27.276,-0.004310247138946056,sad,subject_03,subject_03_sad_session_01
27.28,-0.03043607144836359,sad,subject_03,subject_03_sad_session_01
27.284,0.005495532112294567,sad,subject_03,subject_03_sad_session_01
27.288,-0.058680981793386364,sad,subject_03,subject_03_sad_session_01
27.292,0.010771468506784659,sad,subject_03,subject_03_sad_session_01
27.296,-0.016943350147551682,sad,subject_03,subject_03_sad_session_01
27.3,-0.016515391800245558,sad,subject_03,subject_03_sad_session_01
27.304,-0.03674910421894602,sad,subject_03,subject_03_sad_session_01
27.308,-0.03342513206743325,sad,subject_03,subject_03_sad_session_01
27.312,-0.007837639108228711,sad,subject_03,subject_03_sad_session_01
27.316,-0.052202746828221507,sad,subject_03,subject_03_sad_session_01
27.32,-0.0625926578378531,sad,subject_03,subject_03_sad_session_01
27.324,0.007049160072730088,sad,subject_03,subject_03_sad_session_01
27.328,-0.009532712946699873,sad,subject_03,subject_03_sad_session_01
27.332,-0.05426802557174843,sad,subject_03,subject_03_sad_session_01
27.336,-0.022277371815932413,sad,subject_03,subject_03_sad_session_01
27.34,-0.024088141883167248,sad,subject_03,subject_03_sad_session_01
27.344,-0.04703000634296054,sad,subject_03,subject_03_sad_session_01
27.348,-0.018847807451739945,sad,subject_03,subject_03_sad_session_01
27.352,-0.026222233706312822,sad,subject_03,subject_03_sad_session_01
27.356,0.0018094817408519023,sad,subject_03,subject_03_sad_session_01
27.36,-0.012633863241614958,sad,subject_03,subject_03_sad_session_01
27.364,-0.04125291310147336,sad,subject_03,subject_03_sad_session_01
27.368,-0.04196211605784399,sad,subject_03,subject_03_sad_session_01
27.372,-0.011858945853261003,sad,subject_03,subject_03_sad_session_01
27.376,-0.07875254712687205,sad,subject_03,subject_03_sad_session_01
27.38,-0.058554009842144775,sad,subject_03,subject_03_sad_session_01
27.384,-0.030182573774489928,sad,subject_03,subject_03_sad_session_01
27.388,-0.028506502160925512,sad,subject_03,subject_03_sad_session_01
27.392,0.005268526964833025,sad,subject_03,subject_03_sad_session_01
27.396,-0.06674940054206169,sad,subject_03,subject_03_sad_session_01
27.4,-0.03757927600644939,sad,subject_03,subject_03_sad_session_01
27.404,-0.0242774188111891,sad,subject_03,subject_03_sad_session_01
27.408,-0.033588899265344196,sad,subject_03,subject_03_sad_session_01
27.412,-0.04614326347124016,sad,subject_03,subject_03_sad_session_01
27.416,-0.0426432501468748,sad,subject_03,subject_03_sad_session_01
27.42,-0.015788069836855764,sad,subject_03,subject_03_sad_session_01
27.424,-0.031306855246178975,sad,subject_03,subject_03_sad_session_01
27.428,-0.03419731907386073,sad,subject_03,subject_03_sad_session_01
27.432,-0.05790727960274855,sad,subject_03,subject_03_sad_session_01
27.436,0.046415033189793134,sad,subject_03,subject_03_sad_session_01
27.44,-0.01737920513542569,sad,subject_03,subject_03_sad_session_01
27.444,0.026065355097213454,sad,subject_03,subject_03_sad_session_01
27.448,-0.029053382303318148,sad,subject_03,subject_03_sad_session_01
27.452,-0.01624035638040538,sad,subject_03,subject_03_sad_session_01
27.456,-0.0037708823118712837,sad,subject_03,subject_03_sad_session_01
27.46,-0.02162491724900592,sad,subject_03,subject_03_sad_session_01
27.464,-0.013135415642433429,sad,subject_03,subject_03_sad_session_01
27.468,-0.008226736502110994,sad,subject_03,subject_03_sad_session_01
27.472,-0.020144301942063063,sad,subject_03,subject_03_sad_session_01
27.476,-0.014727948391796293,sad,subject_03,subject_03_sad_session_01
27.48,0.02152718261929446,sad,subject_03,subject_03_sad_session_01
27.484,-0.036066779579507005,sad,subject_03,subject_03_sad_session_01
27.488,0.04823537905846099,sad,subject_03,subject_03_sad_session_01
27.492,0.016647267236151852,sad,subject_03,subject_03_sad_session_01
27.496,-0.00592392046201892,sad,subject_03,subject_03_sad_session_01
27.5,0.03391222809767461,sad,subject_03,subject_03_sad_session_01
27.504,0.03620351532187227,sad,subject_03,subject_03_sad_session_01
27.508,0.025453151261654434,sad,subject_03,subject_03_sad_session_01
27.512,0.017366734879210654,sad,subject_03,subject_03_sad_session_01
27.516,-0.023137066397272532,sad,subject_03,subject_03_sad_session_01
27.52,0.01019776256444321,sad,subject_03,subject_03_sad_session_01
27.524,0.03872673095774527,sad,subject_03,subject_03_sad_session_01
27.528,0.05677570181409887,sad,subject_03,subject_03_sad_session_01
27.532,0.04988552682481812,sad,subject_03,subject_03_sad_session_01
27.536,0.06559402379398527,sad,subject_03,subject_03_sad_session_01
27.54,0.050980316237666724,sad,subject_03,subject_03_sad_session_01
27.544,0.08248736539907447,sad,subject_03,subject_03_sad_session_01
27.548,0.13275109696805007,sad,subject_03,subject_03_sad_session_01
27.552,0.07676870697126033,sad,subject_03,subject_03_sad_session_01
27.556,0.0714491981724416,sad,subject_03,subject_03_sad_session_01
27.56,0.07780113473505607,sad,subject_03,subject_03_sad_session_01
27.564,0.10448296986899858,sad,subject_03,subject_03_sad_session_01
27.568,0.08027694247025928,sad,subject_03,subject_03_sad_session_01
27.572,0.10587374811375294,sad,subject_03,subject_03_sad_session_01
27.576,0.10931351560577401,sad,subject_03,subject_03_sad_session_01
27.58,0.13436295621409097,sad,subject_03,subject_03_sad_session_01
27.584,0.09283124325783045,sad,subject_03,subject_03_sad_session_01
27.588,0.0797690949887551,sad,subject_03,subject_03_sad_session_01
27.592,0.0839641637945537,sad,subject_03,subject_03_sad_session_01
27.596,0.06976246720935984,sad,subject_03,subject_03_sad_session_01
27.6,0.07120692076652214,sad,subject_03,subject_03_sad_session_01
27.604,0.10235838083756543,sad,subject_03,subject_03_sad_session_01
27.608,0.042122640733560375,sad,subject_03,subject_03_sad_session_01
27.612,0.011854468667810779,sad,subject_03,subject_03_sad_session_01
27.616,0.04994918383538828,sad,subject_03,subject_03_sad_session_01
27.62,0.04641161626276631,sad,subject_03,subject_03_sad_session_01
27.624,0.06523011454848232,sad,subject_03,subject_03_sad_session_01
27.628,0.025869364230406144,sad,subject_03,subject_03_sad_session_01
27.632,0.012062459340023642,sad,subject_03,subject_03_sad_session_01
27.636,0.0026074463684793367,sad,subject_03,subject_03_sad_session_01
27.64,-0.0021284924805606703,sad,subject_03,subject_03_sad_session_01
27.644,-0.012465133144989373,sad,subject_03,subject_03_sad_session_01
27.648,-0.02699244703398536,sad,subject_03,subject_03_sad_session_01
27.652,-0.05999710392720791,sad,subject_03,subject_03_sad_session_01
27.656,0.027352732235760194,sad,subject_03,subject_03_sad_session_01
27.66,0.006011194458008571,sad,subject_03,subject_03_sad_session_01
27.664,0.060831046855820414,sad,subject_03,subject_03_sad_session_01
27.668,-0.04837888219293444,sad,subject_03,subject_03_sad_session_01
27.672,0.052812586775806365,sad,subject_03,subject_03_sad_session_01
27.676,-0.011916082911425298,sad,subject_03,subject_03_sad_session_01
27.68,-0.05614676767781331,sad,subject_03,subject_03_sad_session_01
27.684,-0.06974802040584557,sad,subject_03,subject_03_sad_session_01
27.688,-0.026265023101764033,sad,subject_03,subject_03_sad_session_01
27.692,0.01627706972865607,sad,subject_03,subject_03_sad_session_01
27.696,-0.0033922630733267452,sad,subject_03,subject_03_sad_session_01
27.7,-0.02309780993731069,sad,subject_03,subject_03_sad_session_01
27.704,0.0209304089660066,sad,subject_03,subject_03_sad_session_01
27.708,-0.011367873616652799,sad,subject_03,subject_03_sad_session_01
27.712,-0.06569505568689439,sad,subject_03,subject_03_sad_session_01
27.716,0.015237577250846061,sad,subject_03,subject_03_sad_session_01
27.72,-0.06105200413938007,sad,subject_03,subject_03_sad_session_01
27.724,-0.06699603240494609,sad,subject_03,subject_03_sad_session_01
27.728,-0.0410373134554034,sad,subject_03,subject_03_sad_session_01
27.732,-0.011621374838282466,sad,subject_03,subject_03_sad_session_01
27.736,-0.009250475944901007,sad,subject_03,subject_03_sad_session_01
27.74,0.012468241656302247,sad,subject_03,subject_03_sad_session_01
27.744,0.12652476592710396,sad,subject_03,subject_03_sad_session_01
27.748,0.27419107713513835,sad,subject_03,subject_03_sad_session_01
27.752,0.3566949554733626,sad,subject_03,subject_03_sad_session_01
27.756,0.5049340440912403,sad,subject_03,subject_03_sad_session_01
27.76,0.5924037624261489,sad,subject_03,subject_03_sad_session_01
27.764,0.6452308619331474,sad,subject_03,subject_03_sad_session_01
27.768,0.694645329966339,sad,subject_03,subject_03_sad_session_01
27.772,0.7389433829533193,sad,subject_03,subject_03_sad_session_01
27.776,0.7157473049697125,sad,subject_03,subject_03_sad_session_01
27.78,0.6514845356517586,sad,subject_03,subject_03_sad_session_01
27.784,0.5603795115139836,sad,subject_03,subject_03_sad_session_01
27.788,0.4345535761952743,sad,subject_03,subject_03_sad_session_01
27.792,0.31029172536820115,sad,subject_03,subject_03_sad_session_01
27.796,0.16809026380625203,sad,subject_03,subject_03_sad_session_01
27.8,0.05457521414620625,sad,subject_03,subject_03_sad_session_01
27.804,0.025924446772562938,sad,subject_03,subject_03_sad_session_01
27.808,-0.08138738165839268,sad,subject_03,subject_03_sad_session_01
27.812,-0.13622382052389187,sad,subject_03,subject_03_sad_session_01
27.816,-0.09635402201713554,sad,subject_03,subject_03_sad_session_01
27.82,-0.06846032784268051,sad,subject_03,subject_03_sad_session_01
27.824,-0.06475008176472959,sad,subject_03,subject_03_sad_session_01
27.828,-0.07678118282234134,sad,subject_03,subject_03_sad_session_01
27.832,0.00884117898698606,sad,subject_03,subject_03_sad_session_01
27.836,-0.004357974807473625,sad,subject_03,subject_03_sad_session_01
27.84,0.032587648565083116,sad,subject_03,subject_03_sad_session_01
27.844,0.0028196992731604,sad,subject_03,subject_03_sad_session_01
27.848,0.02327139367455198,sad,subject_03,subject_03_sad_session_01
27.852,-0.022257637879980578,sad,subject_03,subject_03_sad_session_01
27.856,-0.07737833564052021,sad,subject_03,subject_03_sad_session_01
27.86,0.018518258155221946,sad,subject_03,subject_03_sad_session_01
27.864,-0.01986050230953288,sad,subject_03,subject_03_sad_session_01
27.868,0.049253558150203686,sad,subject_03,subject_03_sad_session_01
27.872,0.0541077706092188,sad,subject_03,subject_03_sad_session_01
27.876,0.03898032038618322,sad,subject_03,subject_03_sad_session_01
27.88,0.007973729759451906,sad,subject_03,subject_03_sad_session_01
27.884,0.036598505013944474,sad,subject_03,subject_03_sad_session_01
27.888,0.05745211802036944,sad,subject_03,subject_03_sad_session_01
27.892,0.05716686823221715,sad,subject_03,subject_03_sad_session_01
27.896,0.021843686630543854,sad,subject_03,subject_03_sad_session_01
27.9,-0.0027259678467991127,sad,subject_03,subject_03_sad_session_01
27.904,0.06997039330133739,sad,subject_03,subject_03_sad_session_01
27.908,0.06300582347458497,sad,subject_03,subject_03_sad_session_01
27.912,0.08586168820442971,sad,subject_03,subject_03_sad_session_01
27.916,0.07338317089161814,sad,subject_03,subject_03_sad_session_01
27.92,0.07459408380270476,sad,subject_03,subject_03_sad_session_01
27.924,0.07958812990022053,sad,subject_03,subject_03_sad_session_01
27.928,0.08111377060596163,sad,subject_03,subject_03_sad_session_01
27.932,0.16836662820081677,sad,subject_03,subject_03_sad_session_01
27.936,0.09515777222559019,sad,subject_03,subject_03_sad_session_01
27.94,0.09827731376841907,sad,subject_03,subject_03_sad_session_01
27.944,0.13563014023833492,sad,subject_03,subject_03_sad_session_01
27.948,0.13327934760749344,sad,subject_03,subject_03_sad_session_01
27.952,0.1281941579249832,sad,subject_03,subject_03_sad_session_01
27.956,0.10558270308925172,sad,subject_03,subject_03_sad_session_01
27.96,0.09762043391854593,sad,subject_03,subject_03_sad_session_01
27.964,0.14080820233530994,sad,subject_03,subject_03_sad_session_01
27.968,0.1419662608078257,sad,subject_03,subject_03_sad_session_01
27.972,0.13786954828937384,sad,subject_03,subject_03_sad_session_01
27.976,0.1817234414019537,sad,subject_03,subject_03_sad_session_01
27.98,0.1901373118708446,sad,subject_03,subject_03_sad_session_01
27.984,0.2012868679331997,sad,subject_03,subject_03_sad_session_01
27.988,0.13996453467631925,sad,subject_03,subject_03_sad_session_01
27.992,0.20553611489209964,sad,subject_03,subject_03_sad_session_01
27.996,0.12081914491731707,sad,subject_03,subject_03_sad_session_01
28.0,0.17887277236967924,sad,subject_03,subject_03_sad_session_01
28.004,0.20888133437428685,sad,subject_03,subject_03_sad_session_01
28.008,0.15414753209211257,sad,subject_03,subject_03_sad_session_01
28.012,0.1464488269205791,sad,subject_03,subject_03_sad_session_01
28.016,0.18611992726304682,sad,subject_03,subject_03_sad_session_01
28.02,0.23793574963067154,sad,subject_03,subject_03_sad_session_01
28.024,0.23967981382703263,sad,subject_03,subject_03_sad_session_01
28.028,0.22352497290651085,sad,subject_03,subject_03_sad_session_01
28.032,0.15762262124852477,sad,subject_03,subject_03_sad_session_01
28.036,0.18647507467016525,sad,subject_03,subject_03_sad_session_01
28.04,0.2518431471506385,sad,subject_03,subject_03_sad_session_01
28.044,0.20971694529974116,sad,subject_03,subject_03_sad_session_01
28.048,0.13370877659362512,sad,subject_03,subject_03_sad_session_01
28.052,0.20139130453126844,sad,subject_03,subject_03_sad_session_01
28.056,0.15192325668148127,sad,subject_03,subject_03_sad_session_01
28.06,0.16172653192131378,sad,subject_03,subject_03_sad_session_01
28.064,0.1888101130159319,sad,subject_03,subject_03_sad_session_01
28.068,0.1513005188971781,sad,subject_03,subject_03_sad_session_01
28.072,0.14210160310949155,sad,subject_03,subject_03_sad_session_01
28.076,0.18530403039821064,sad,subject_03,subject_03_sad_session_01
28.08,0.17060194021568678,sad,subject_03,subject_03_sad_session_01
28.084,0.1528878169454443,sad,subject_03,subject_03_sad_session_01
28.088,0.20084022482875524,sad,subject_03,subject_03_sad_session_01
28.092,0.1386875252126353,sad,subject_03,subject_03_sad_session_01
28.096,0.13652828560705701,sad,subject_03,subject_03_sad_session_01
28.1,0.11195638958342706,sad,subject_03,subject_03_sad_session_01
28.104,0.08686215538996794,sad,subject_03,subject_03_sad_session_01
28.108,0.0678441287490516,sad,subject_03,subject_03_sad_session_01
28.112,0.1308064048038144,sad,subject_03,subject_03_sad_session_01
28.116,0.08619710058978235,sad,subject_03,subject_03_sad_session_01
28.12,0.17184470294185078,sad,subject_03,subject_03_sad_session_01
28.124,0.06255607134663246,sad,subject_03,subject_03_sad_session_01
28.128,0.06132692824538047,sad,subject_03,subject_03_sad_session_01
28.132,0.08913017913174737,sad,subject_03,subject_03_sad_session_01
28.136,0.04362159900188465,sad,subject_03,subject_03_sad_session_01
28.14,0.025035100023969248,sad,subject_03,subject_03_sad_session_01
28.144,0.08581686774187265,sad,subject_03,subject_03_sad_session_01
28.148,-0.00437897672552405,sad,subject_03,subject_03_sad_session_01
28.152,0.06329506325708092,sad,subject_03,subject_03_sad_session_01
28.156,0.06014501367347196,sad,subject_03,subject_03_sad_session_01
28.16,0.07787137856107273,sad,subject_03,subject_03_sad_session_01
28.164,0.06099492583336734,sad,subject_03,subject_03_sad_session_01
28.168,0.12702818400468785,sad,subject_03,subject_03_sad_session_01
28.172,0.0291688522152518,sad,subject_03,subject_03_sad_session_01
28.176,-0.0021399716823981424,sad,subject_03,subject_03_sad_session_01
28.18,0.11777460838876716,sad,subject_03,subject_03_sad_session_01
28.184,0.03581743314003596,sad,subject_03,subject_03_sad_session_01
28.188,0.00435736230739597,sad,subject_03,subject_03_sad_session_01
28.192,-0.01887149177938489,sad,subject_03,subject_03_sad_session_01
28.196,0.017321540331415683,sad,subject_03,subject_03_sad_session_01
28.2,0.0016888470418056044,sad,subject_03,subject_03_sad_session_01
28.204,0.00045663881830481853,sad,subject_03,subject_03_sad_session_01
28.208,-0.04000496934215644,sad,subject_03,subject_03_sad_session_01
28.212,0.009917877606513444,sad,subject_03,subject_03_sad_session_01
28.216,0.03279451381140818,sad,subject_03,subject_03_sad_session_01
28.22,-0.011177097743366948,sad,subject_03,subject_03_sad_session_01
28.224,0.00504616352997268,sad,subject_03,subject_03_sad_session_01
28.228,0.0027905256993446155,sad,subject_03,subject_03_sad_session_01
28.232,0.019405891232581733,sad,subject_03,subject_03_sad_session_01
28.236,0.06634513949875906,sad,subject_03,subject_03_sad_session_01
28.24,0.02194584326758241,sad,subject_03,subject_03_sad_session_01
28.244,-0.019492340337130463,sad,subject_03,subject_03_sad_session_01
28.248,0.011145455199381687,sad,subject_03,subject_03_sad_session_01
28.252,0.02530461261648946,sad,subject_03,subject_03_sad_session_01
28.256,-0.022365907567290816,sad,subject_03,subject_03_sad_session_01
28.26,-0.013313666912156885,sad,subject_03,subject_03_sad_session_01
28.264,-0.013989070205866535,sad,subject_03,subject_03_sad_session_01
28.268,0.00829301051159497,sad,subject_03,subject_03_sad_session_01
28.272,0.0025768370790298974,sad,subject_03,subject_03_sad_session_01
28.276,-0.036725820839806335,sad,subject_03,subject_03_sad_session_01
28.28,-0.003634208807859163,sad,subject_03,subject_03_sad_session_01
28.284,0.01275618118529421,sad,subject_03,subject_03_sad_session_01
28.288,0.04604135102923314,sad,subject_03,subject_03_sad_session_01
28.292,-0.02584795562629437,sad,subject_03,subject_03_sad_session_01
28.296,-0.013599466756710794,sad,subject_03,subject_03_sad_session_01
28.3,-0.02004794122307055,sad,subject_03,subject_03_sad_session_01
28.304,-0.03503694440055684,sad,subject_03,subject_03_sad_session_01
28.308,-0.06514287195156847,sad,subject_03,subject_03_sad_session_01
28.312,0.027676595560779886,sad,subject_03,subject_03_sad_session_01
28.316,0.018001288972225235,sad,subject_03,subject_03_sad_session_01
28.32,0.026943617566458106,sad,subject_03,subject_03_sad_session_01
28.324,0.022616518658135902,sad,subject_03,subject_03_sad_session_01
28.328,0.001541354898397601,sad,subject_03,subject_03_sad_session_01
28.332,-0.004387796889448315,sad,subject_03,subject_03_sad_session_01
28.336,0.04686254799738689,sad,subject_03,subject_03_sad_session_01
28.34,0.034482145814914794,sad,subject_03,subject_03_sad_session_01
28.344,0.011523395333255236,sad,subject_03,subject_03_sad_session_01
28.348,-0.014464793176427578,sad,subject_03,subject_03_sad_session_01
28.352,0.01847815833429006,sad,subject_03,subject_03_sad_session_01
28.356,0.02165761263231328,sad,subject_03,subject_03_sad_session_01
28.36,-0.0027920955512850953,sad,subject_03,subject_03_sad_session_01
28.364,0.02337257138202432,sad,subject_03,subject_03_sad_session_01
28.368,0.03369415121870917,sad,subject_03,subject_03_sad_session_01
28.372,0.029590237724446376,sad,subject_03,subject_03_sad_session_01
28.376,0.045382943615518645,sad,subject_03,subject_03_sad_session_01
28.38,0.042489743014985634,sad,subject_03,subject_03_sad_session_01
28.384,0.04810266745101185,sad,subject_03,subject_03_sad_session_01
28.388,0.001189184282074561,sad,subject_03,subject_03_sad_session_01
28.392,0.04094830557402998,sad,subject_03,subject_03_sad_session_01
28.396,0.03219193633084932,sad,subject_03,subject_03_sad_session_01
28.4,0.04236730891941637,sad,subject_03,subject_03_sad_session_01
28.404,0.0218993829719363,sad,subject_03,subject_03_sad_session_01
28.408,0.0331908341261367,sad,subject_03,subject_03_sad_session_01
28.412,-0.011587155003387022,sad,subject_03,subject_03_sad_session_01
28.416,0.033508725074809835,sad,subject_03,subject_03_sad_session_01
28.42,0.05645578231504447,sad,subject_03,subject_03_sad_session_01
28.424,0.07007527726851306,sad,subject_03,subject_03_sad_session_01
28.428,0.017560147704113526,sad,subject_03,subject_03_sad_session_01
28.432,0.0757124225510876,sad,subject_03,subject_03_sad_session_01
28.436,0.018190470200338794,sad,subject_03,subject_03_sad_session_01
28.44,0.045129187124062206,sad,subject_03,subject_03_sad_session_01
28.444,0.02753579188885582,sad,subject_03,subject_03_sad_session_01
28.448,0.06532820325478095,sad,subject_03,subject_03_sad_session_01
28.452,0.03519793701015337,sad,subject_03,subject_03_sad_session_01
28.456,0.01319430395586024,sad,subject_03,subject_03_sad_session_01
28.46,0.0648066467383611,sad,subject_03,subject_03_sad_session_01
28.464,0.02150075220449124,sad,subject_03,subject_03_sad_session_01
28.468,0.04885362937410194,sad,subject_03,subject_03_sad_session_01
28.472,-0.00789267670819254,sad,subject_03,subject_03_sad_session_01
28.476,0.07148388836354289,sad,subject_03,subject_03_sad_session_01
28.48,-0.005499664636702817,sad,subject_03,subject_03_sad_session_01
28.484,0.04024897132894845,sad,subject_03,subject_03_sad_session_01
28.488,0.019038171409838413,sad,subject_03,subject_03_sad_session_01
28.492,0.031442479132027065,sad,subject_03,subject_03_sad_session_01
28.496,0.06923093775875652,sad,subject_03,subject_03_sad_session_01
28.5,0.05556213379098801,sad,subject_03,subject_03_sad_session_01
28.504,0.10334176727155092,sad,subject_03,subject_03_sad_session_01
28.508,0.0793366985515339,sad,subject_03,subject_03_sad_session_01
28.512,0.0972008002124268,sad,subject_03,subject_03_sad_session_01
28.516,0.07292655639853997,sad,subject_03,subject_03_sad_session_01
28.52,0.12487539204518003,sad,subject_03,subject_03_sad_session_01
28.524,0.11255090012253213,sad,subject_03,subject_03_sad_session_01
28.528,0.12704420538402209,sad,subject_03,subject_03_sad_session_01
28.532,0.13770454805648674,sad,subject_03,subject_03_sad_session_01
28.536,0.1438592082168086,sad,subject_03,subject_03_sad_session_01
28.54,0.13272276089937088,sad,subject_03,subject_03_sad_session_01
28.544,0.1270807481177755,sad,subject_03,subject_03_sad_session_01
28.548,0.1558215144502843,sad,subject_03,subject_03_sad_session_01
28.552,0.12762048960147362,sad,subject_03,subject_03_sad_session_01
28.556,0.10958050764453055,sad,subject_03,subject_03_sad_session_01
28.56,0.14798035019466207,sad,subject_03,subject_03_sad_session_01
28.564,0.1496178965519104,sad,subject_03,subject_03_sad_session_01
28.568,0.11378205991342165,sad,subject_03,subject_03_sad_session_01
28.572,0.13040747792426557,sad,subject_03,subject_03_sad_session_01
28.576,0.1214288454546771,sad,subject_03,subject_03_sad_session_01
28.58,0.10597821856399216,sad,subject_03,subject_03_sad_session_01
28.584,0.05438147347545649,sad,subject_03,subject_03_sad_session_01
28.588,0.06034806941094836,sad,subject_03,subject_03_sad_session_01
28.592,0.07709027393125449,sad,subject_03,subject_03_sad_session_01
28.596,0.08414466922264442,sad,subject_03,subject_03_sad_session_01
28.6,0.04236136816933387,sad,subject_03,subject_03_sad_session_01
28.604,0.009718804799088376,sad,subject_03,subject_03_sad_session_01
28.608,0.06447769854876216,sad,subject_03,subject_03_sad_session_01
28.612,0.06307550482829456,sad,subject_03,subject_03_sad_session_01
28.616,0.08430956264225752,sad,subject_03,subject_03_sad_session_01
28.62,0.1121990869661364,sad,subject_03,subject_03_sad_session_01
28.624,0.00965326927400123,sad,subject_03,subject_03_sad_session_01
28.628,0.05718474386902886,sad,subject_03,subject_03_sad_session_01
28.632,0.11517830692386638,sad,subject_03,subject_03_sad_session_01
28.636,0.001526294784625938,sad,subject_03,subject_03_sad_session_01
28.64,0.009323552255605796,sad,subject_03,subject_03_sad_session_01
28.644,0.0656632863648265,sad,subject_03,subject_03_sad_session_01
28.648,0.040357665691747445,sad,subject_03,subject_03_sad_session_01
28.652,0.0414128749643749,sad,subject_03,subject_03_sad_session_01
28.656,0.0504561418410298,sad,subject_03,subject_03_sad_session_01
28.66,0.05297019153990033,sad,subject_03,subject_03_sad_session_01
28.664,0.042596712979757256,sad,subject_03,subject_03_sad_session_01
28.668,0.045535246418196694,sad,subject_03,subject_03_sad_session_01
28.672,-0.007403499489810457,sad,subject_03,subject_03_sad_session_01
28.676,0.05736768833840231,sad,subject_03,subject_03_sad_session_01
28.68,0.07394039054924006,sad,subject_03,subject_03_sad_session_01
28.684,0.058765666896880536,sad,subject_03,subject_03_sad_session_01
28.688,0.037699897790569904,sad,subject_03,subject_03_sad_session_01
28.692,0.07483653753813105,sad,subject_03,subject_03_sad_session_01
28.696,0.017703041581739257,sad,subject_03,subject_03_sad_session_01
28.7,0.03571679520321494,sad,subject_03,subject_03_sad_session_01
28.704,0.05424078601704316,sad,subject_03,subject_03_sad_session_01
28.708,-0.0003764188698707101,sad,subject_03,subject_03_sad_session_01
28.712,0.07336394538786267,sad,subject_03,subject_03_sad_session_01
28.716,0.04568006080158409,sad,subject_03,subject_03_sad_session_01
28.72,0.1237496520347806,sad,subject_03,subject_03_sad_session_01
28.724,0.21258134347686758,sad,subject_03,subject_03_sad_session_01
28.728,0.2860202629377535,sad,subject_03,subject_03_sad_session_01
28.732,0.4439649019373892,sad,subject_03,subject_03_sad_session_01
28.736,0.578247777782607,sad,subject_03,subject_03_sad_session_01
28.74,0.6607677821397947,sad,subject_03,subject_03_sad_session_01
28.744,0.6990317304421585,sad,subject_03,subject_03_sad_session_01
28.748,0.6955562062076328,sad,subject_03,subject_03_sad_session_01
28.752,0.739467220593105,sad,subject_03,subject_03_sad_session_01
28.756,0.6891608531798415,sad,subject_03,subject_03_sad_session_01
28.76,0.689084136810683,sad,subject_03,subject_03_sad_session_01
28.764,0.5231764894298953,sad,subject_03,subject_03_sad_session_01
28.768,0.45351495907597444,sad,subject_03,subject_03_sad_session_01
28.772,0.2551150197506228,sad,subject_03,subject_03_sad_session_01
28.776,0.19471007447459587,sad,subject_03,subject_03_sad_session_01
28.78,0.07762857227821339,sad,subject_03,subject_03_sad_session_01
28.784,-0.020350003202613147,sad,subject_03,subject_03_sad_session_01
28.788,-0.02695069529552923,sad,subject_03,subject_03_sad_session_01
28.792,-0.054967998584083556,sad,subject_03,subject_03_sad_session_01
28.796,-0.053908191764914355,sad,subject_03,subject_03_sad_session_01
28.8,-0.079912353819313,sad,subject_03,subject_03_sad_session_01
28.804,0.04756205291904435,sad,subject_03,subject_03_sad_session_01
28.808,0.02242734432305106,sad,subject_03,subject_03_sad_session_01
28.812,-0.012915777639962614,sad,subject_03,subject_03_sad_session_01
28.816,0.04266787879620905,sad,subject_03,subject_03_sad_session_01
28.82,0.027708720371515668,sad,subject_03,subject_03_sad_session_01
28.824,0.08505539530389264,sad,subject_03,subject_03_sad_session_01
28.828,0.03779873459669053,sad,subject_03,subject_03_sad_session_01
28.832,0.04801995622432755,sad,subject_03,subject_03_sad_session_01
28.836,0.033256255352009066,sad,subject_03,subject_03_sad_session_01
28.84,0.06908449202144507,sad,subject_03,subject_03_sad_session_01
28.844,0.056887118391187944,sad,subject_03,subject_03_sad_session_01
28.848,0.09777974196630351,sad,subject_03,subject_03_sad_session_01
28.852,0.07263448490522585,sad,subject_03,subject_03_sad_session_01
28.856,0.1400056999638165,sad,subject_03,subject_03_sad_session_01
28.86,0.06599735109723352,sad,subject_03,subject_03_sad_session_01
28.864,0.05013162869632132,sad,subject_03,subject_03_sad_session_01
28.868,0.05608427215674026,sad,subject_03,subject_03_sad_session_01
28.872,0.06035270630390322,sad,subject_03,subject_03_sad_session_01
28.876,0.061892832009660115,sad,subject_03,subject_03_sad_session_01
28.88,0.13640952029693607,sad,subject_03,subject_03_sad_session_01
28.884,0.08784695503884368,sad,subject_03,subject_03_sad_session_01
28.888,0.1095211277230576,sad,subject_03,subject_03_sad_session_01
28.892,0.06727637402356296,sad,subject_03,subject_03_sad_session_01
28.896,0.11083640570001577,sad,subject_03,subject_03_sad_session_01
28.9,0.04593189667733985,sad,subject_03,subject_03_sad_session_01
28.904,0.13229979831436486,sad,subject_03,subject_03_sad_session_01
28.908,0.11130419776261395,sad,subject_03,subject_03_sad_session_01
28.912,0.18093221757079692,sad,subject_03,subject_03_sad_session_01
28.916,0.1633912898123986,sad,subject_03,subject_03_sad_session_01
28.92,0.16843021259132757,sad,subject_03,subject_03_sad_session_01
28.924,0.12373842880650675,sad,subject_03,subject_03_sad_session_01
28.928,0.1665483852622486,sad,subject_03,subject_03_sad_session_01
28.932,0.22003746266754054,sad,subject_03,subject_03_sad_session_01
28.936,0.1439999769021791,sad,subject_03,subject_03_sad_session_01
28.94,0.14699808201080047,sad,subject_03,subject_03_sad_session_01
28.944,0.17901734756276336,sad,subject_03,subject_03_sad_session_01
28.948,0.18992924034605127,sad,subject_03,subject_03_sad_session_01
28.952,0.20754197760644033,sad,subject_03,subject_03_sad_session_01
28.956,0.20809094087748548,sad,subject_03,subject_03_sad_session_01
28.96,0.20308894022106802,sad,subject_03,subject_03_sad_session_01
28.964,0.17887388191523176,sad,subject_03,subject_03_sad_session_01
28.968,0.2634063201377719,sad,subject_03,subject_03_sad_session_01
28.972,0.2525113933166679,sad,subject_03,subject_03_sad_session_01
28.976,0.22420169002351337,sad,subject_03,subject_03_sad_session_01
28.98,0.2502025900088883,sad,subject_03,subject_03_sad_session_01
28.984,0.21359230944657787,sad,subject_03,subject_03_sad_session_01
28.988,0.18010970458265224,sad,subject_03,subject_03_sad_session_01
28.992,0.24464751150889585,sad,subject_03,subject_03_sad_session_01
28.996,0.1804988596026453,sad,subject_03,subject_03_sad_session_01
29.0,0.2808172182414703,sad,subject_03,subject_03_sad_session_01
29.004,0.1846931745288966,sad,subject_03,subject_03_sad_session_01
29.008,0.2602120970476361,sad,subject_03,subject_03_sad_session_01
29.012,0.27298040562325465,sad,subject_03,subject_03_sad_session_01
29.016,0.1745666854430974,sad,subject_03,subject_03_sad_session_01
29.02,0.16954382244428984,sad,subject_03,subject_03_sad_session_01
29.024,0.22591228049359602,sad,subject_03,subject_03_sad_session_01
29.028,0.25410041083136525,sad,subject_03,subject_03_sad_session_01
29.032,0.22575264023593897,sad,subject_03,subject_03_sad_session_01
29.036,0.17611214536052586,sad,subject_03,subject_03_sad_session_01
29.04,0.2434403560921672,sad,subject_03,subject_03_sad_session_01
29.044,0.2600018912646671,sad,subject_03,subject_03_sad_session_01
29.048,0.15969222798368785,sad,subject_03,subject_03_sad_session_01
29.052,0.1948624182791366,sad,subject_03,subject_03_sad_session_01
29.056,0.19721946104430899,sad,subject_03,subject_03_sad_session_01
29.06,0.1647138947036894,sad,subject_03,subject_03_sad_session_01
29.064,0.1407850202457268,sad,subject_03,subject_03_sad_session_01
29.068,0.13025009338635035,sad,subject_03,subject_03_sad_session_01
29.072,0.10323567045830494,sad,subject_03,subject_03_sad_session_01
29.076,0.1767760867346634,sad,subject_03,subject_03_sad_session_01
29.08,0.12974710990937913,sad,subject_03,subject_03_sad_session_01
29.084,0.1892665048231918,sad,subject_03,subject_03_sad_session_01
29.088,0.15006774565335984,sad,subject_03,subject_03_sad_session_01
29.092,0.12557588325183794,sad,subject_03,subject_03_sad_session_01
29.096,0.16609434379051444,sad,subject_03,subject_03_sad_session_01
29.1,0.11479071072346166,sad,subject_03,subject_03_sad_session_01
29.104,0.09479228710708039,sad,subject_03,subject_03_sad_session_01
29.108,0.1284979795565014,sad,subject_03,subject_03_sad_session_01
29.112,0.08473457835525021,sad,subject_03,subject_03_sad_session_01
29.116,0.10135614445294065,sad,subject_03,subject_03_sad_session_01
29.12,0.10224581547639833,sad,subject_03,subject_03_sad_session_01
29.124,0.08863523091687404,sad,subject_03,subject_03_sad_session_01
29.128,0.0939212970527161,sad,subject_03,subject_03_sad_session_01
29.132,0.08987711250238829,sad,subject_03,subject_03_sad_session_01
29.136,0.07986752274430794,sad,subject_03,subject_03_sad_session_01
29.14,0.05478244367398468,sad,subject_03,subject_03_sad_session_01
29.144,0.03602495272870722,sad,subject_03,subject_03_sad_session_01
29.148,0.04156847988037607,sad,subject_03,subject_03_sad_session_01
29.152,0.04040350183015255,sad,subject_03,subject_03_sad_session_01
29.156,0.07752758898600191,sad,subject_03,subject_03_sad_session_01
29.16,0.10684044366160295,sad,subject_03,subject_03_sad_session_01
29.164,0.052408280001493425,sad,subject_03,subject_03_sad_session_01
29.168,0.0872057627344773,sad,subject_03,subject_03_sad_session_01
29.172,0.0270835405579168,sad,subject_03,subject_03_sad_session_01
29.176,0.04183997469928222,sad,subject_03,subject_03_sad_session_01
29.18,0.039280201229612156,sad,subject_03,subject_03_sad_session_01
29.184,0.06051421358653564,sad,subject_03,subject_03_sad_session_01
29.188,0.022726390787717834,sad,subject_03,subject_03_sad_session_01
29.192,0.06210961872149664,sad,subject_03,subject_03_sad_session_01
29.196,0.04909453946559433,sad,subject_03,subject_03_sad_session_01
29.2,0.042371851003187425,sad,subject_03,subject_03_sad_session_01
29.204,0.019306074246678184,sad,subject_03,subject_03_sad_session_01
29.208,-0.014355758737739206,sad,subject_03,subject_03_sad_session_01
29.212,0.021105960152088852,sad,subject_03,subject_03_sad_session_01
29.216,0.056288180862355555,sad,subject_03,subject_03_sad_session_01
29.22,-0.019910666327413645,sad,subject_03,subject_03_sad_session_01
29.224,-0.014841009266400099,sad,subject_03,subject_03_sad_session_01
29.228,0.023143177289255544,sad,subject_03,subject_03_sad_session_01
29.232,0.0059533172982293645,sad,subject_03,subject_03_sad_session_01
29.236,0.12711177114658676,sad,subject_03,subject_03_sad_session_01
29.24,0.03750621911576889,sad,subject_03,subject_03_sad_session_01
29.244,0.017804858436083898,sad,subject_03,subject_03_sad_session_01
29.248,0.06366018591529052,sad,subject_03,subject_03_sad_session_01
29.252,0.02727875333509822,sad,subject_03,subject_03_sad_session_01
29.256,0.026379815083873173,sad,subject_03,subject_03_sad_session_01
29.26,0.08345685160735561,sad,subject_03,subject_03_sad_session_01
29.264,-0.03399374987529524,sad,subject_03,subject_03_sad_session_01
29.268,-0.0006816215175488721,sad,subject_03,subject_03_sad_session_01
29.272,0.04401792641745424,sad,subject_03,subject_03_sad_session_01
29.276,-0.0007473194979355328,sad,subject_03,subject_03_sad_session_01
29.28,-0.001274955198556079,sad,subject_03,subject_03_sad_session_01
29.284,0.05238911027251237,sad,subject_03,subject_03_sad_session_01
29.288,0.007175750485751132,sad,subject_03,subject_03_sad_session_01
29.292,0.03839460759576605,sad,subject_03,subject_03_sad_session_01
29.296,0.01960757111602704,sad,subject_03,subject_03_sad_session_01
29.3,0.037590856892208244,sad,subject_03,subject_03_sad_session_01
29.304,0.024039980290285888,sad,subject_03,subject_03_sad_session_01
29.308,0.051967649653358386,sad,subject_03,subject_03_sad_session_01
29.312,0.05528922605477876,sad,subject_03,subject_03_sad_session_01
29.316,0.005676592936710939,sad,subject_03,subject_03_sad_session_01
29.32,-0.021917915194649813,sad,subject_03,subject_03_sad_session_01
29.324,0.022251993469707586,sad,subject_03,subject_03_sad_session_01
29.328,0.008775117164143097,sad,subject_03,subject_03_sad_session_01
29.332,0.004719384935045784,sad,subject_03,subject_03_sad_session_01
29.336,-0.025985673812671438,sad,subject_03,subject_03_sad_session_01
29.34,0.013664395364529533,sad,subject_03,subject_03_sad_session_01
29.344,0.02704205732188824,sad,subject_03,subject_03_sad_session_01
29.348,0.007956457549734824,sad,subject_03,subject_03_sad_session_01
29.352,0.024115520517752596,sad,subject_03,subject_03_sad_session_01
29.356,0.04504136449953439,sad,subject_03,subject_03_sad_session_01
29.36,0.06799010478569871,sad,subject_03,subject_03_sad_session_01
29.364,0.07144737033030243,sad,subject_03,subject_03_sad_session_01
29.368,0.005851497871753375,sad,subject_03,subject_03_sad_session_01
29.372,0.0028102401888883653,sad,subject_03,subject_03_sad_session_01
29.376,-0.016190885899194405,sad,subject_03,subject_03_sad_session_01
29.38,0.04977014490536566,sad,subject_03,subject_03_sad_session_01
29.384,0.03085455832997369,sad,subject_03,subject_03_sad_session_01
29.388,0.0680253889889148,sad,subject_03,subject_03_sad_session_01
29.392,0.03102298151445352,sad,subject_03,subject_03_sad_session_01
29.396,0.009098321798328146,sad,subject_03,subject_03_sad_session_01
29.4,0.02465725844343716,sad,subject_03,subject_03_sad_session_01
29.404,0.020015794917650126,sad,subject_03,subject_03_sad_session_01
29.408,0.005471388949842896,sad,subject_03,subject_03_sad_session_01
29.412,0.030279141672046997,sad,subject_03,subject_03_sad_session_01
29.416,0.002313966317444422,sad,subject_03,subject_03_sad_session_01
29.42,0.07127305601189489,sad,subject_03,subject_03_sad_session_01
29.424,-0.020829072129127525,sad,subject_03,subject_03_sad_session_01
29.428,0.06838213707565659,sad,subject_03,subject_03_sad_session_01
29.432,0.0189682125032736,sad,subject_03,subject_03_sad_session_01
29.436,-0.05105713868806311,sad,subject_03,subject_03_sad_session_01
29.44,-0.01553557609271209,sad,subject_03,subject_03_sad_session_01
29.444,0.03915259195420534,sad,subject_03,subject_03_sad_session_01
29.448,0.03150122923971421,sad,subject_03,subject_03_sad_session_01
29.452,0.05977926982388921,sad,subject_03,subject_03_sad_session_01
29.456,0.03851787748501019,sad,subject_03,subject_03_sad_session_01
29.46,0.07267402709387104,sad,subject_03,subject_03_sad_session_01
29.464,0.06004306381499172,sad,subject_03,subject_03_sad_session_01
29.468,0.08392928704642706,sad,subject_03,subject_03_sad_session_01
29.472,0.09530718364267662,sad,subject_03,subject_03_sad_session_01
29.476,0.08961804066603453,sad,subject_03,subject_03_sad_session_01
29.48,0.07068610955799762,sad,subject_03,subject_03_sad_session_01
29.484,0.12754121671038005,sad,subject_03,subject_03_sad_session_01
29.488,0.08806971427719848,sad,subject_03,subject_03_sad_session_01
29.492,0.0733698568258298,sad,subject_03,subject_03_sad_session_01
29.496,0.08726527682392037,sad,subject_03,subject_03_sad_session_01
29.5,0.11614114561643649,sad,subject_03,subject_03_sad_session_01
29.504,0.13859039286978034,sad,subject_03,subject_03_sad_session_01
29.508,0.1322743851735308,sad,subject_03,subject_03_sad_session_01
29.512,0.1353777254217739,sad,subject_03,subject_03_sad_session_01
29.516,0.10656828688533102,sad,subject_03,subject_03_sad_session_01
29.52,0.15187080628012084,sad,subject_03,subject_03_sad_session_01
29.524,0.12035295394728295,sad,subject_03,subject_03_sad_session_01
29.528,0.10392132137354776,sad,subject_03,subject_03_sad_session_01
29.532,0.06223292871630392,sad,subject_03,subject_03_sad_session_01
29.536,0.13622788473584824,sad,subject_03,subject_03_sad_session_01
29.54,0.09827544335725874,sad,subject_03,subject_03_sad_session_01
29.544,0.08032442567025262,sad,subject_03,subject_03_sad_session_01
29.548,0.07098377050841918,sad,subject_03,subject_03_sad_session_01
29.552,0.1321258674062428,sad,subject_03,subject_03_sad_session_01
29.556,0.10582442405585288,sad,subject_03,subject_03_sad_session_01
29.56,0.11112513577425198,sad,subject_03,subject_03_sad_session_01
29.564,0.08396049715852555,sad,subject_03,subject_03_sad_session_01
29.568,0.08625539335505379,sad,subject_03,subject_03_sad_session_01
29.572,0.07825382333930851,sad,subject_03,subject_03_sad_session_01
29.576,0.03915113459802869,sad,subject_03,subject_03_sad_session_01
29.58,0.09302347855276255,sad,subject_03,subject_03_sad_session_01
29.584,0.037510503708444984,sad,subject_03,subject_03_sad_session_01
29.588,0.04192372487692888,sad,subject_03,subject_03_sad_session_01
29.592,0.06442926313975039,sad,subject_03,subject_03_sad_session_01
29.596,0.07987526752322704,sad,subject_03,subject_03_sad_session_01
29.6,0.026032015095553564,sad,subject_03,subject_03_sad_session_01
29.604,0.06359840518497253,sad,subject_03,subject_03_sad_session_01
29.608,0.047101394755129,sad,subject_03,subject_03_sad_session_01
29.612,0.027451623386568588,sad,subject_03,subject_03_sad_session_01
29.616,0.02872380617175076,sad,subject_03,subject_03_sad_session_01
29.62,0.025909876477106925,sad,subject_03,subject_03_sad_session_01
29.624,0.03343765445784021,sad,subject_03,subject_03_sad_session_01
29.628,0.05922761073881378,sad,subject_03,subject_03_sad_session_01
29.632,0.0317923661827571,sad,subject_03,subject_03_sad_session_01
29.636,0.013445374563249056,sad,subject_03,subject_03_sad_session_01
29.64,0.006877701330982118,sad,subject_03,subject_03_sad_session_01
29.644,0.0236157597858923,sad,subject_03,subject_03_sad_session_01
29.648,0.004224890078001992,sad,subject_03,subject_03_sad_session_01
29.652,-0.035743077899416956,sad,subject_03,subject_03_sad_session_01
29.656,0.05098259387800953,sad,subject_03,subject_03_sad_session_01
29.66,0.011315069195042448,sad,subject_03,subject_03_sad_session_01
29.664,0.007279293616935151,sad,subject_03,subject_03_sad_session_01
29.668,0.04912513988014101,sad,subject_03,subject_03_sad_session_01
29.672,-0.012572365464540297,sad,subject_03,subject_03_sad_session_01
29.676,0.008874866736739609,sad,subject_03,subject_03_sad_session_01
29.68,-0.008819195963531095,sad,subject_03,subject_03_sad_session_01
29.684,0.003929559658588034,sad,subject_03,subject_03_sad_session_01
29.688,-0.008311442327026696,sad,subject_03,subject_03_sad_session_01
29.692,0.07287201168964061,sad,subject_03,subject_03_sad_session_01
29.696,0.1592181687486224,sad,subject_03,subject_03_sad_session_01
29.7,0.16173619231527325,sad,subject_03,subject_03_sad_session_01
29.704,0.31549708290619455,sad,subject_03,subject_03_sad_session_01
29.708,0.40974458865019675,sad,subject_03,subject_03_sad_session_01
29.712,0.5304541549421823,sad,subject_03,subject_03_sad_session_01
29.716,0.634948144233038,sad,subject_03,subject_03_sad_session_01
29.72,0.6622335478639256,sad,subject_03,subject_03_sad_session_01
29.724,0.722666727946843,sad,subject_03,subject_03_sad_session_01
29.728,0.7471998615606592,sad,subject_03,subject_03_sad_session_01
29.732,0.7589421016115541,sad,subject_03,subject_03_sad_session_01
29.736,0.6434154891125479,sad,subject_03,subject_03_sad_session_01
29.74,0.5668173445502056,sad,subject_03,subject_03_sad_session_01
29.744,0.4354890791249115,sad,subject_03,subject_03_sad_session_01
29.748,0.3103519651631732,sad,subject_03,subject_03_sad_session_01
29.752,0.19357635278733407,sad,subject_03,subject_03_sad_session_01
29.756,0.0624415694062993,sad,subject_03,subject_03_sad_session_01
29.76,0.004843886075848441,sad,subject_03,subject_03_sad_session_01
29.764,-0.05240808708265298,sad,subject_03,subject_03_sad_session_01
29.768,-0.0652086050819758,sad,subject_03,subject_03_sad_session_01
29.772,-0.08631662363315314,sad,subject_03,subject_03_sad_session_01
29.776,-0.0003379786420297237,sad,subject_03,subject_03_sad_session_01
29.78,-0.08853684206022219,sad,subject_03,subject_03_sad_session_01
29.784,-0.06937185221957354,sad,subject_03,subject_03_sad_session_01
29.788,0.009249503841534546,sad,subject_03,subject_03_sad_session_01
29.792,0.032896074672752205,sad,subject_03,subject_03_sad_session_01
29.796,0.06451280253196194,sad,subject_03,subject_03_sad_session_01
29.8,0.013893404595820119,sad,subject_03,subject_03_sad_session_01
29.804,0.02559343140971295,sad,subject_03,subject_03_sad_session_01
29.808,0.04332642739323429,sad,subject_03,subject_03_sad_session_01
29.812,0.07276305953543005,sad,subject_03,subject_03_sad_session_01
29.816,-0.006201525048959239,sad,subject_03,subject_03_sad_session_01
29.82,0.041371578929089756,sad,subject_03,subject_03_sad_session_01
29.824,0.05738787393825426,sad,subject_03,subject_03_sad_session_01
29.828,0.03096128439779085,sad,subject_03,subject_03_sad_session_01
29.832,0.05697951858953583,sad,subject_03,subject_03_sad_session_01
29.836,0.02880515516508694,sad,subject_03,subject_03_sad_session_01
29.84,0.08721601707594624,sad,subject_03,subject_03_sad_session_01
29.844,0.0012955944326250302,sad,subject_03,subject_03_sad_session_01
29.848,0.05022679817062016,sad,subject_03,subject_03_sad_session_01
29.852,0.07911788681538273,sad,subject_03,subject_03_sad_session_01
29.856,0.05764092242143887,sad,subject_03,subject_03_sad_session_01
29.86,0.09633906053490648,sad,subject_03,subject_03_sad_session_01
29.864,0.07741200254569358,sad,subject_03,subject_03_sad_session_01
29.868,0.08912740386744523,sad,subject_03,subject_03_sad_session_01
29.872,0.10197502800284271,sad,subject_03,subject_03_sad_session_01
29.876,0.08853125582845804,sad,subject_03,subject_03_sad_session_01
29.88,0.045650406850885755,sad,subject_03,subject_03_sad_session_01
29.884,0.15319066714055118,sad,subject_03,subject_03_sad_session_01
29.888,0.1470313043934531,sad,subject_03,subject_03_sad_session_01
29.892,0.13318130165984327,sad,subject_03,subject_03_sad_session_01
29.896,0.10608173768369854,sad,subject_03,subject_03_sad_session_01
29.9,0.1358695547722395,sad,subject_03,subject_03_sad_session_01
29.904,0.07613945501303009,sad,subject_03,subject_03_sad_session_01
29.908,0.08647718101469448,sad,subject_03,subject_03_sad_session_01
29.912,0.2110055916116298,sad,subject_03,subject_03_sad_session_01
29.916,0.10674772871950161,sad,subject_03,subject_03_sad_session_01
29.92,0.1399230228169796,sad,subject_03,subject_03_sad_session_01
29.924,0.1582615380326429,sad,subject_03,subject_03_sad_session_01
29.928,0.16897722694963313,sad,subject_03,subject_03_sad_session_01
29.932,0.16306275178706284,sad,subject_03,subject_03_sad_session_01
29.936,0.15618606160715556,sad,subject_03,subject_03_sad_session_01
29.94,0.16810338644414793,sad,subject_03,subject_03_sad_session_01
29.944,0.20880228422170466,sad,subject_03,subject_03_sad_session_01
29.948,0.19705211610401954,sad,subject_03,subject_03_sad_session_01
29.952,0.20117575076950744,sad,subject_03,subject_03_sad_session_01
29.956,0.12496705319591048,sad,subject_03,subject_03_sad_session_01
29.96,0.20090200465684507,sad,subject_03,subject_03_sad_session_01
29.964,0.1904878949207344,sad,subject_03,subject_03_sad_session_01
29.968,0.1687192139166929,sad,subject_03,subject_03_sad_session_01
29.972,0.24367407511622197,sad,subject_03,subject_03_sad_session_01
29.976,0.14455481398101755,sad,subject_03,subject_03_sad_session_01
29.98,0.1872971177452956,sad,subject_03,subject_03_sad_session_01
29.984,0.22303018899958454,sad,subject_03,subject_03_sad_session_01
29.988,0.19102816068748654,sad,subject_03,subject_03_sad_session_01
29.992,0.12582133342758,sad,subject_03,subject_03_sad_session_01
29.996,0.225786964326927,sad,subject_03,subject_03_sad_session_01
