timestamp,sensor,emotion,subject_id,session_id
0.0,0.03830819187704851,happy,subject_03,subject_03_happy_session_01
0.004,0.011702052644753113,happy,subject_03,subject_03_happy_session_01
0.008,-0.04112608080786012,happy,subject_03,subject_03_happy_session_01
0.012,0.05742843381334454,happy,subject_03,subject_03_happy_session_01
0.016,-0.009407506374900034,happy,subject_03,subject_03_happy_session_01
0.02,-0.001227166403187182,happy,subject_03,subject_03_happy_session_01
0.024,-0.023770485396833414,happy,subject_03,subject_03_happy_session_01
0.028,-0.03766127939094614,happy,subject_03,subject_03_happy_session_01
0.032,0.009663995543447311,happy,subject_03,subject_03_happy_session_01
0.036,-0.04862250178203942,happy,subject_03,subject_03_happy_session_01
0.04,-0.0008443082765023919,happy,subject_03,subject_03_happy_session_01
0.044,0.05780643655706422,happy,subject_03,subject_03_happy_session_01
0.048,0.028886939135056057,happy,subject_03,subject_03_happy_session_01
0.052,0.009999954001213108,happy,subject_03,subject_03_happy_session_01
0.056,-0.03520752684976886,happy,subject_03,subject_03_happy_session_01
0.06,0.0014896770564918342,happy,subject_03,subject_03_happy_session_01
0.064,-0.023812254376120064,happy,subject_03,subject_03_happy_session_01
0.068,0.055029898158838915,happy,subject_03,subject_03_happy_session_01
0.072,-0.011451982532515267,happy,subject_03,subject_03_happy_session_01
0.076,-0.021691349181387307,happy,subject_03,subject_03_happy_session_01
0.08,-0.0010031935260137884,happy,subject_03,subject_03_happy_session_01
0.084,-0.019806931045478166,happy,subject_03,subject_03_happy_session_01
0.088,0.016898756548569233,happy,subject_03,subject_03_happy_session_01
0.092,0.07367833727987594,happy,subject_03,subject_03_happy_session_01
0.096,0.011678617694588566,happy,subject_03,subject_03_happy_session_01
0.1,-0.01913840791508853,happy,subject_03,subject_03_happy_session_01
0.104,0.009622299609252672,happy,subject_03,subject_03_happy_session_01
0.108,-0.027045978069365328,happy,subject_03,subject_03_happy_session_01
0.112,0.12059986817825696,happy,subject_03,subject_03_happy_session_01
0.116,0.0859803547064563,happy,subject_03,subject_03_happy_session_01
0.12,0.06985951042699631,happy,subject_03,subject_03_happy_session_01
0.124,0.056128632443016704,happy,subject_03,subject_03_happy_session_01
0.128,0.02800298117082687,happy,subject_03,subject_03_happy_session_01
0.132,0.0330830353075748,happy,subject_03,subject_03_happy_session_01
0.136,0.03501924219269357,happy,subject_03,subject_03_happy_session_01
0.14,0.13084559173651047,happy,subject_03,subject_03_happy_session_01
0.144,0.04610455398585209,happy,subject_03,subject_03_happy_session_01
0.148,0.03845963824541801,happy,subject_03,subject_03_happy_session_01
0.152,0.06005135787199279,happy,subject_03,subject_03_happy_session_01
0.156,0.08737279842279637,happy,subject_03,subject_03_happy_session_01
0.16,-0.047058410070982604,happy,subject_03,subject_03_happy_session_01
0.164,0.09402433995203535,happy,subject_03,subject_03_happy_session_01
0.168,-0.0035033839427681956,happy,subject_03,subject_03_happy_session_01
0.172,0.141930076419608,happy,subject_03,subject_03_happy_session_01
0.176,0.034586717000518574,happy,subject_03,subject_03_happy_session_01
0.18,0.0708539521102467,happy,subject_03,subject_03_happy_session_01
0.184,0.035328514784912876,happy,subject_03,subject_03_happy_session_01
0.188,0.16826664866859642,happy,subject_03,subject_03_happy_session_01
0.192,0.10691354233353118,happy,subject_03,subject_03_happy_session_01
0.196,0.1866272135147081,happy,subject_03,subject_03_happy_session_01
0.2,0.1788473107769416,happy,subject_03,subject_03_happy_session_01
0.204,0.15278006127258692,happy,subject_03,subject_03_happy_session_01
0.208,0.059000576343255506,happy,subject_03,subject_03_happy_session_01
0.212,0.11210540194814687,happy,subject_03,subject_03_happy_session_01
0.216,0.15167670564128538,happy,subject_03,subject_03_happy_session_01
0.22,0.11436681221510497,happy,subject_03,subject_03_happy_session_01
0.224,0.08413780942903668,happy,subject_03,subject_03_happy_session_01
0.228,0.10522040235992569,happy,subject_03,subject_03_happy_session_01
0.232,0.10402141714001491,happy,subject_03,subject_03_happy_session_01
0.236,0.031780471788670266,happy,subject_03,subject_03_happy_session_01
0.24,0.05856809276933335,happy,subject_03,subject_03_happy_session_01
0.244,0.09607999321735321,happy,subject_03,subject_03_happy_session_01
0.248,0.09861323889133988,happy,subject_03,subject_03_happy_session_01
0.252,0.07137808527129956,happy,subject_03,subject_03_happy_session_01
0.256,0.04356839573134275,happy,subject_03,subject_03_happy_session_01
0.26,0.04630855005240948,happy,subject_03,subject_03_happy_session_01
0.264,0.022060557554968947,happy,subject_03,subject_03_happy_session_01
0.268,0.040546750135457554,happy,subject_03,subject_03_happy_session_01
0.272,0.06999113857132064,happy,subject_03,subject_03_happy_session_01
0.276,0.12161633510412309,happy,subject_03,subject_03_happy_session_01
0.28,-0.00877711262614847,happy,subject_03,subject_03_happy_session_01
0.284,0.07480054883256691,happy,subject_03,subject_03_happy_session_01
0.288,0.04129760096508979,happy,subject_03,subject_03_happy_session_01
0.292,-0.030379064950961158,happy,subject_03,subject_03_happy_session_01
0.296,0.020320206865226745,happy,subject_03,subject_03_happy_session_01
0.3,0.01573347795385127,happy,subject_03,subject_03_happy_session_01
0.304,0.020673862017554223,happy,subject_03,subject_03_happy_session_01
0.308,0.056268308616422,happy,subject_03,subject_03_happy_session_01
0.312,0.08779398365529445,happy,subject_03,subject_03_happy_session_01
0.316,0.063261652490245,happy,subject_03,subject_03_happy_session_01
0.32,0.0247885855886286,happy,subject_03,subject_03_happy_session_01
0.324,0.028162133216683524,happy,subject_03,subject_03_happy_session_01
0.328,0.08901704911499057,happy,subject_03,subject_03_happy_session_01
0.332,-0.021690267423866524,happy,subject_03,subject_03_happy_session_01
0.336,0.05721747911104058,happy,subject_03,subject_03_happy_session_01
0.34,-0.02922220071203511,happy,subject_03,subject_03_happy_session_01
0.344,-0.04658474852090064,happy,subject_03,subject_03_happy_session_01
0.348,0.024414548110147354,happy,subject_03,subject_03_happy_session_01
0.352,-0.05760882821907721,happy,subject_03,subject_03_happy_session_01
0.356,-0.007277354824920075,happy,subject_03,subject_03_happy_session_01
0.36,0.07601368094066949,happy,subject_03,subject_03_happy_session_01
0.364,0.040409786876330955,happy,subject_03,subject_03_happy_session_01
0.368,0.20825810978254372,happy,subject_03,subject_03_happy_session_01
0.372,0.1689433087141562,happy,subject_03,subject_03_happy_session_01
0.376,0.4125473353159842,happy,subject_03,subject_03_happy_session_01
0.38,0.47200618357916746,happy,subject_03,subject_03_happy_session_01
0.384,0.6618343827447349,happy,subject_03,subject_03_happy_session_01
0.388,0.8133680243480035,happy,subject_03,subject_03_happy_session_01
0.392,0.9070854304045894,happy,subject_03,subject_03_happy_session_01
0.396,0.9797717980140935,happy,subject_03,subject_03_happy_session_01
0.4,0.9610268402093283,happy,subject_03,subject_03_happy_session_01
0.404,1.0318046965367678,happy,subject_03,subject_03_happy_session_01
0.408,0.8599387641371552,happy,subject_03,subject_03_happy_session_01
0.412,0.7398015367903381,happy,subject_03,subject_03_happy_session_01
0.416,0.6322098279042169,happy,subject_03,subject_03_happy_session_01
0.42,0.4529216928618245,happy,subject_03,subject_03_happy_session_01
0.424,0.35345883195596395,happy,subject_03,subject_03_happy_session_01
0.428,0.17118675229860816,happy,subject_03,subject_03_happy_session_01
0.432,0.08422079141291332,happy,subject_03,subject_03_happy_session_01
0.436,0.015686101219919646,happy,subject_03,subject_03_happy_session_01
0.44,0.005105123197819011,happy,subject_03,subject_03_happy_session_01
0.444,-0.06171310006764509,happy,subject_03,subject_03_happy_session_01
0.448,-0.09768676709555242,happy,subject_03,subject_03_happy_session_01
0.452,-0.05344903763612814,happy,subject_03,subject_03_happy_session_01
0.456,0.031928704682965534,happy,subject_03,subject_03_happy_session_01
0.46,0.020329322368692483,happy,subject_03,subject_03_happy_session_01
0.464,0.008015271030276515,happy,subject_03,subject_03_happy_session_01
0.468,0.032528118393479806,happy,subject_03,subject_03_happy_session_01
0.472,0.02776811387245307,happy,subject_03,subject_03_happy_session_01
0.476,0.0695230259511323,happy,subject_03,subject_03_happy_session_01
0.48,0.057687980442175615,happy,subject_03,subject_03_happy_session_01
0.484,0.03964225684914332,happy,subject_03,subject_03_happy_session_01
0.488,0.08499193955463191,happy,subject_03,subject_03_happy_session_01
0.492,0.09765495334088349,happy,subject_03,subject_03_happy_session_01
0.496,0.028090688270743652,happy,subject_03,subject_03_happy_session_01
0.5,0.03277866395172363,happy,subject_03,subject_03_happy_session_01
0.504,0.15266303756206162,happy,subject_03,subject_03_happy_session_01
0.508,0.09512645581281118,happy,subject_03,subject_03_happy_session_01
0.512,0.13650247307109736,happy,subject_03,subject_03_happy_session_01
0.516,0.11444855784321638,happy,subject_03,subject_03_happy_session_01
0.52,0.10471198604604388,happy,subject_03,subject_03_happy_session_01
0.524,0.019536974471072055,happy,subject_03,subject_03_happy_session_01
0.528,0.0575361130922067,happy,subject_03,subject_03_happy_session_01
0.532,0.1292517466293026,happy,subject_03,subject_03_happy_session_01
0.536,0.081277954489294,happy,subject_03,subject_03_happy_session_01
0.54,0.11445377814877836,happy,subject_03,subject_03_happy_session_01
0.544,0.15841244681676883,happy,subject_03,subject_03_happy_session_01
0.548,0.13840045546910357,happy,subject_03,subject_03_happy_session_01
0.552,0.15488523744330424,happy,subject_03,subject_03_happy_session_01
0.556,0.19692803421770655,happy,subject_03,subject_03_happy_session_01
0.56,0.20793361383411868,happy,subject_03,subject_03_happy_session_01
0.564,0.16154518872912277,happy,subject_03,subject_03_happy_session_01
0.568,0.2157848263475734,happy,subject_03,subject_03_happy_session_01
0.572,0.145265258879006,happy,subject_03,subject_03_happy_session_01
0.576,0.19450968237200086,happy,subject_03,subject_03_happy_session_01
0.58,0.21400042886531165,happy,subject_03,subject_03_happy_session_01
0.584,0.1980176502106121,happy,subject_03,subject_03_happy_session_01
0.588,0.20130875735179923,happy,subject_03,subject_03_happy_session_01
0.592,0.1770890278242346,happy,subject_03,subject_03_happy_session_01
0.596,0.22198271448001627,happy,subject_03,subject_03_happy_session_01
0.6,0.17361826889488258,happy,subject_03,subject_03_happy_session_01
0.604,0.23162670062066232,happy,subject_03,subject_03_happy_session_01
0.608,0.24441642435664446,happy,subject_03,subject_03_happy_session_01
0.612,0.27401116574299045,happy,subject_03,subject_03_happy_session_01
0.616,0.21194701891753903,happy,subject_03,subject_03_happy_session_01
0.62,0.2697337592375416,happy,subject_03,subject_03_happy_session_01
0.624,0.28199685610216485,happy,subject_03,subject_03_happy_session_01
0.628,0.2649736793492001,happy,subject_03,subject_03_happy_session_01
0.632,0.2845369908865407,happy,subject_03,subject_03_happy_session_01
0.636,0.28087518861985933,happy,subject_03,subject_03_happy_session_01
0.64,0.1823603732490271,happy,subject_03,subject_03_happy_session_01
0.644,0.2424538376680727,happy,subject_03,subject_03_happy_session_01
0.648,0.3504482554909396,happy,subject_03,subject_03_happy_session_01
0.652,0.2985114069411057,happy,subject_03,subject_03_happy_session_01
0.656,0.25396774360333757,happy,subject_03,subject_03_happy_session_01
0.66,0.28670912840240714,happy,subject_03,subject_03_happy_session_01
0.664,0.2970036506068522,happy,subject_03,subject_03_happy_session_01
0.668,0.3237037043624632,happy,subject_03,subject_03_happy_session_01
0.672,0.2532041818452745,happy,subject_03,subject_03_happy_session_01
0.676,0.24247890706681158,happy,subject_03,subject_03_happy_session_01
0.68,0.2418969776397838,happy,subject_03,subject_03_happy_session_01
0.684,0.23479734297891353,happy,subject_03,subject_03_happy_session_01
0.688,0.2286305761201618,happy,subject_03,subject_03_happy_session_01
0.692,0.250942224441085,happy,subject_03,subject_03_happy_session_01
0.696,0.22383077600522833,happy,subject_03,subject_03_happy_session_01
0.7,0.2302251140368748,happy,subject_03,subject_03_happy_session_01
0.704,0.29144973541830116,happy,subject_03,subject_03_happy_session_01
0.708,0.18564216944837617,happy,subject_03,subject_03_happy_session_01
0.712,0.2239852097494054,happy,subject_03,subject_03_happy_session_01
0.716,0.1652989185616188,happy,subject_03,subject_03_happy_session_01
0.72,0.2302060066299928,happy,subject_03,subject_03_happy_session_01
0.724,0.22955218708507605,happy,subject_03,subject_03_happy_session_01
0.728,0.15260303984893822,happy,subject_03,subject_03_happy_session_01
0.732,0.15120101099354272,happy,subject_03,subject_03_happy_session_01
0.736,0.19152125142834128,happy,subject_03,subject_03_happy_session_01
0.74,0.1512971869838538,happy,subject_03,subject_03_happy_session_01
0.744,0.20335333479285805,happy,subject_03,subject_03_happy_session_01
0.748,0.10470980804390359,happy,subject_03,subject_03_happy_session_01
0.752,0.1777050139320681,happy,subject_03,subject_03_happy_session_01
0.756,0.21180974881567768,happy,subject_03,subject_03_happy_session_01
0.76,0.14100060214062904,happy,subject_03,subject_03_happy_session_01
0.764,0.09909974422048573,happy,subject_03,subject_03_happy_session_01
0.768,0.08867578834063272,happy,subject_03,subject_03_happy_session_01
0.772,0.10509425741910815,happy,subject_03,subject_03_happy_session_01
0.776,0.12976103679841555,happy,subject_03,subject_03_happy_session_01
0.78,0.049634803401905646,happy,subject_03,subject_03_happy_session_01
0.784,0.08738912315011661,happy,subject_03,subject_03_happy_session_01
0.788,0.09969880572248284,happy,subject_03,subject_03_happy_session_01
0.792,0.14691438612080493,happy,subject_03,subject_03_happy_session_01
0.796,0.15569217351532263,happy,subject_03,subject_03_happy_session_01
0.8,0.08454386328487644,happy,subject_03,subject_03_happy_session_01
0.804,0.04958772094870681,happy,subject_03,subject_03_happy_session_01
0.808,0.09313078778455192,happy,subject_03,subject_03_happy_session_01
0.812,0.0948370535077998,happy,subject_03,subject_03_happy_session_01
0.816,0.13123569409046681,happy,subject_03,subject_03_happy_session_01
0.82,0.0757965999342662,happy,subject_03,subject_03_happy_session_01
0.824,0.058836557377170154,happy,subject_03,subject_03_happy_session_01
0.828,0.09563960468988651,happy,subject_03,subject_03_happy_session_01
0.832,0.08714437147319498,happy,subject_03,subject_03_happy_session_01
0.836,0.08954701795989321,happy,subject_03,subject_03_happy_session_01
0.84,0.07556425165953501,happy,subject_03,subject_03_happy_session_01
0.844,0.06573847473426175,happy,subject_03,subject_03_happy_session_01
0.848,0.13481508684850854,happy,subject_03,subject_03_happy_session_01
0.852,0.12640773567575814,happy,subject_03,subject_03_happy_session_01
0.856,0.09259270625242058,happy,subject_03,subject_03_happy_session_01
0.86,0.15269153530549626,happy,subject_03,subject_03_happy_session_01
0.864,0.06240643736479122,happy,subject_03,subject_03_happy_session_01
0.868,0.11505426164228844,happy,subject_03,subject_03_happy_session_01
0.872,0.13875803967538025,happy,subject_03,subject_03_happy_session_01
0.876,0.17126296154111353,happy,subject_03,subject_03_happy_session_01
0.88,0.11364103651018362,happy,subject_03,subject_03_happy_session_01
0.884,0.17231292804370202,happy,subject_03,subject_03_happy_session_01
0.888,0.10932487625639256,happy,subject_03,subject_03_happy_session_01
0.892,0.15932857491179184,happy,subject_03,subject_03_happy_session_01
0.896,0.18719488044040808,happy,subject_03,subject_03_happy_session_01
0.9,0.09040156521926404,happy,subject_03,subject_03_happy_session_01
0.904,0.1271735394801914,happy,subject_03,subject_03_happy_session_01
0.908,0.13673099265517172,happy,subject_03,subject_03_happy_session_01
0.912,0.06973772348510165,happy,subject_03,subject_03_happy_session_01
0.916,0.12352990280471564,happy,subject_03,subject_03_happy_session_01
0.92,0.08339494252351792,happy,subject_03,subject_03_happy_session_01
0.924,0.06835815659188073,happy,subject_03,subject_03_happy_session_01
0.928,0.07759070150694344,happy,subject_03,subject_03_happy_session_01
0.932,0.06958342959475992,happy,subject_03,subject_03_happy_session_01
0.936,0.10958450720579692,happy,subject_03,subject_03_happy_session_01
0.94,0.07628876937515205,happy,subject_03,subject_03_happy_session_01
0.944,0.152164632281009,happy,subject_03,subject_03_happy_session_01
0.948,0.04775446512451513,happy,subject_03,subject_03_happy_session_01
0.952,0.07863156840891407,happy,subject_03,subject_03_happy_session_01
0.956,0.05262894060862218,happy,subject_03,subject_03_happy_session_01
0.96,0.009439133975474585,happy,subject_03,subject_03_happy_session_01
0.964,0.10632863278887436,happy,subject_03,subject_03_happy_session_01
0.968,0.05176005917844373,happy,subject_03,subject_03_happy_session_01
0.972,0.01749937469934325,happy,subject_03,subject_03_happy_session_01
0.976,0.05641712194916386,happy,subject_03,subject_03_happy_session_01
0.98,0.07649322698993387,happy,subject_03,subject_03_happy_session_01
0.984,0.008804894913043669,happy,subject_03,subject_03_happy_session_01
0.988,0.03873334547007894,happy,subject_03,subject_03_happy_session_01
0.992,0.0720778953423309,happy,subject_03,subject_03_happy_session_01
0.996,0.04035106115205338,happy,subject_03,subject_03_happy_session_01
1.0,0.053060412488017,happy,subject_03,subject_03_happy_session_01
1.004,0.02365912349416943,happy,subject_03,subject_03_happy_session_01
1.008,-0.02283413944986013,happy,subject_03,subject_03_happy_session_01
1.012,0.022662903839163247,happy,subject_03,subject_03_happy_session_01
1.016,0.010794685130836226,happy,subject_03,subject_03_happy_session_01
1.02,0.024811654763082402,happy,subject_03,subject_03_happy_session_01
1.024,0.00640601104558592,happy,subject_03,subject_03_happy_session_01
1.028,0.027308701882141663,happy,subject_03,subject_03_happy_session_01
1.032,0.004559258094018697,happy,subject_03,subject_03_happy_session_01
1.036,0.04291702492997976,happy,subject_03,subject_03_happy_session_01
1.04,0.042045972052104696,happy,subject_03,subject_03_happy_session_01
1.044,0.00941185453826466,happy,subject_03,subject_03_happy_session_01
1.048,0.13005368010030752,happy,subject_03,subject_03_happy_session_01
1.052,0.13355945630919083,happy,subject_03,subject_03_happy_session_01
1.056,0.22193369252841957,happy,subject_03,subject_03_happy_session_01
1.06,0.42608698925336574,happy,subject_03,subject_03_happy_session_01
1.064,0.5126960112054413,happy,subject_03,subject_03_happy_session_01
1.068,0.6848608359836167,happy,subject_03,subject_03_happy_session_01
1.072,0.7733701368975253,happy,subject_03,subject_03_happy_session_01
1.076,0.9166079042087211,happy,subject_03,subject_03_happy_session_01
1.08,0.9970174682064189,happy,subject_03,subject_03_happy_session_01
1.084,1.0101718140405223,happy,subject_03,subject_03_happy_session_01
1.088,0.9762292455204709,happy,subject_03,subject_03_happy_session_01
1.092,0.9161733298564075,happy,subject_03,subject_03_happy_session_01
1.096,0.8291084643023193,happy,subject_03,subject_03_happy_session_01
1.1,0.6140598034166803,happy,subject_03,subject_03_happy_session_01
1.104,0.4000735069491447,happy,subject_03,subject_03_happy_session_01
1.108,0.37853527098460804,happy,subject_03,subject_03_happy_session_01
1.112,0.17768225352204892,happy,subject_03,subject_03_happy_session_01
1.116,0.07488122313632453,happy,subject_03,subject_03_happy_session_01
1.12,0.0030862312991423793,happy,subject_03,subject_03_happy_session_01
1.124,-0.06515842723944829,happy,subject_03,subject_03_happy_session_01
1.128,-0.046937295129432455,happy,subject_03,subject_03_happy_session_01
1.132,-0.03902246034501597,happy,subject_03,subject_03_happy_session_01
1.136,-0.00011647449528187984,happy,subject_03,subject_03_happy_session_01
1.14,-0.01746696967628081,happy,subject_03,subject_03_happy_session_01
1.144,-0.06790551849569287,happy,subject_03,subject_03_happy_session_01
1.148,-0.0166159487457993,happy,subject_03,subject_03_happy_session_01
1.152,0.07845877823917767,happy,subject_03,subject_03_happy_session_01
1.156,0.016503281771072135,happy,subject_03,subject_03_happy_session_01
1.16,0.0697160068442834,happy,subject_03,subject_03_happy_session_01
1.164,0.02937891910814716,happy,subject_03,subject_03_happy_session_01
1.168,0.08614011313328003,happy,subject_03,subject_03_happy_session_01
1.172,0.0644436624378973,happy,subject_03,subject_03_happy_session_01
1.176,0.013585740976509705,happy,subject_03,subject_03_happy_session_01
1.18,0.02701380129475331,happy,subject_03,subject_03_happy_session_01
1.184,0.019715604129297425,happy,subject_03,subject_03_happy_session_01
1.188,0.1079195714027599,happy,subject_03,subject_03_happy_session_01
1.192,0.03632421652820009,happy,subject_03,subject_03_happy_session_01
1.196,0.07213144007610241,happy,subject_03,subject_03_happy_session_01
1.2,0.08719826671979976,happy,subject_03,subject_03_happy_session_01
1.204,0.10300548074788478,happy,subject_03,subject_03_happy_session_01
1.208,0.08459984230565118,happy,subject_03,subject_03_happy_session_01
1.212,0.051359600079173444,happy,subject_03,subject_03_happy_session_01
1.216,0.0702895208494355,happy,subject_03,subject_03_happy_session_01
1.22,0.08197947834058275,happy,subject_03,subject_03_happy_session_01
1.224,0.03261311411751237,happy,subject_03,subject_03_happy_session_01
1.228,0.14712434037986716,happy,subject_03,subject_03_happy_session_01
1.232,0.1566216405715297,happy,subject_03,subject_03_happy_session_01
1.236,0.10850333014669941,happy,subject_03,subject_03_happy_session_01
1.24,0.19890624649018138,happy,subject_03,subject_03_happy_session_01
1.244,0.15687284625064044,happy,subject_03,subject_03_happy_session_01
1.248,0.19769505678601226,happy,subject_03,subject_03_happy_session_01
1.252,0.2026787591724094,happy,subject_03,subject_03_happy_session_01
1.256,0.1783335009335376,happy,subject_03,subject_03_happy_session_01
1.26,0.11948950729278228,happy,subject_03,subject_03_happy_session_01
1.264,0.20490834547585193,happy,subject_03,subject_03_happy_session_01
1.268,0.22369153934526426,happy,subject_03,subject_03_happy_session_01
1.272,0.18960975044959116,happy,subject_03,subject_03_happy_session_01
1.276,0.22507427413897885,happy,subject_03,subject_03_happy_session_01
1.28,0.22520915156667415,happy,subject_03,subject_03_happy_session_01
1.284,0.19934303656940008,happy,subject_03,subject_03_happy_session_01
1.288,0.23539305910077857,happy,subject_03,subject_03_happy_session_01
1.292,0.226892036354344,happy,subject_03,subject_03_happy_session_01
1.296,0.2632718789412589,happy,subject_03,subject_03_happy_session_01
1.3,0.23449105294487552,happy,subject_03,subject_03_happy_session_01
1.304,0.2347610371954435,happy,subject_03,subject_03_happy_session_01
1.308,0.20637531445185744,happy,subject_03,subject_03_happy_session_01
1.312,0.3444175430310418,happy,subject_03,subject_03_happy_session_01
1.316,0.25429066126954214,happy,subject_03,subject_03_happy_session_01
1.32,0.2329221214555639,happy,subject_03,subject_03_happy_session_01
1.324,0.2953752419731832,happy,subject_03,subject_03_happy_session_01
1.328,0.28194583184182165,happy,subject_03,subject_03_happy_session_01
1.332,0.29512105304532216,happy,subject_03,subject_03_happy_session_01
1.336,0.29873307461253035,happy,subject_03,subject_03_happy_session_01
1.34,0.31351772887106844,happy,subject_03,subject_03_happy_session_01
1.344,0.23651422518682796,happy,subject_03,subject_03_happy_session_01
1.348,0.276960312821638,happy,subject_03,subject_03_happy_session_01
1.352,0.21401583157823156,happy,subject_03,subject_03_happy_session_01
1.356,0.2554202326033095,happy,subject_03,subject_03_happy_session_01
1.36,0.28594472617557676,happy,subject_03,subject_03_happy_session_01
1.364,0.2269253307344852,happy,subject_03,subject_03_happy_session_01
1.368,0.33162318847551875,happy,subject_03,subject_03_happy_session_01
1.372,0.24899088169346276,happy,subject_03,subject_03_happy_session_01
1.376,0.17938353111656669,happy,subject_03,subject_03_happy_session_01
1.38,0.26141953293067177,happy,subject_03,subject_03_happy_session_01
1.384,0.30808098062878875,happy,subject_03,subject_03_happy_session_01
1.388,0.14542612773940683,happy,subject_03,subject_03_happy_session_01
1.392,0.24176524732981847,happy,subject_03,subject_03_happy_session_01
1.396,0.17496826596198733,happy,subject_03,subject_03_happy_session_01
1.4,0.20036089810757832,happy,subject_03,subject_03_happy_session_01
1.404,0.14895438788484855,happy,subject_03,subject_03_happy_session_01
1.408,0.21708324426089487,happy,subject_03,subject_03_happy_session_01
1.412,0.16845790522948578,happy,subject_03,subject_03_happy_session_01
1.416,0.21260943829712672,happy,subject_03,subject_03_happy_session_01
1.42,0.12839764058272912,happy,subject_03,subject_03_happy_session_01
1.424,0.14973027472328337,happy,subject_03,subject_03_happy_session_01
1.428,0.06863655179549226,happy,subject_03,subject_03_happy_session_01
1.432,0.23336787475748444,happy,subject_03,subject_03_happy_session_01
1.436,0.20267953886936363,happy,subject_03,subject_03_happy_session_01
1.44,0.20506320026357958,happy,subject_03,subject_03_happy_session_01
1.444,0.17603818122483766,happy,subject_03,subject_03_happy_session_01
1.448,0.09562086826596429,happy,subject_03,subject_03_happy_session_01
1.452,0.10905068560452771,happy,subject_03,subject_03_happy_session_01
1.456,0.11549686809489494,happy,subject_03,subject_03_happy_session_01
1.46,0.11354639464595714,happy,subject_03,subject_03_happy_session_01
1.464,0.05771956724497098,happy,subject_03,subject_03_happy_session_01
1.468,0.052090957232673214,happy,subject_03,subject_03_happy_session_01
1.472,0.04206821929077899,happy,subject_03,subject_03_happy_session_01
1.476,0.07117509180386562,happy,subject_03,subject_03_happy_session_01
1.48,0.07273067505277521,happy,subject_03,subject_03_happy_session_01
1.484,0.06651439722153082,happy,subject_03,subject_03_happy_session_01
1.488,0.09019317002515445,happy,subject_03,subject_03_happy_session_01
1.492,0.03265700931561115,happy,subject_03,subject_03_happy_session_01
1.496,0.0514199936663908,happy,subject_03,subject_03_happy_session_01
1.5,0.055567624356260815,happy,subject_03,subject_03_happy_session_01
1.504,0.11225958915806206,happy,subject_03,subject_03_happy_session_01
1.508,0.09244781951470618,happy,subject_03,subject_03_happy_session_01
1.512,0.09978181743036085,happy,subject_03,subject_03_happy_session_01
1.516,0.058071916762159025,happy,subject_03,subject_03_happy_session_01
1.52,0.09532270584949537,happy,subject_03,subject_03_happy_session_01
1.524,0.07019098226008161,happy,subject_03,subject_03_happy_session_01
1.528,0.07492908582937358,happy,subject_03,subject_03_happy_session_01
1.532,0.11735903903840772,happy,subject_03,subject_03_happy_session_01
1.536,0.08531323701985288,happy,subject_03,subject_03_happy_session_01
1.54,0.10762689520248683,happy,subject_03,subject_03_happy_session_01
1.544,0.1049674418960681,happy,subject_03,subject_03_happy_session_01
1.548,0.07603631217809792,happy,subject_03,subject_03_happy_session_01
1.552,0.09917556866998932,happy,subject_03,subject_03_happy_session_01
1.556,0.10144002021121958,happy,subject_03,subject_03_happy_session_01
1.56,0.1088193699463789,happy,subject_03,subject_03_happy_session_01
1.564,0.059490274133084844,happy,subject_03,subject_03_happy_session_01
1.568,0.09677409709108832,happy,subject_03,subject_03_happy_session_01
1.572,0.1531970516993711,happy,subject_03,subject_03_happy_session_01
1.576,0.13485261986130959,happy,subject_03,subject_03_happy_session_01
1.58,0.10312502804545992,happy,subject_03,subject_03_happy_session_01
1.584,0.07271603549700023,happy,subject_03,subject_03_happy_session_01
1.588,0.11381597833025316,happy,subject_03,subject_03_happy_session_01
1.592,0.1399282804905333,happy,subject_03,subject_03_happy_session_01
1.596,0.1544553465331808,happy,subject_03,subject_03_happy_session_01
1.6,0.07794774876733165,happy,subject_03,subject_03_happy_session_01
1.604,0.05383422064963305,happy,subject_03,subject_03_happy_session_01
1.608,0.1022629141539043,happy,subject_03,subject_03_happy_session_01
1.612,0.09234052185675844,happy,subject_03,subject_03_happy_session_01
1.616,0.07450120412143867,happy,subject_03,subject_03_happy_session_01
1.62,0.04634253209555874,happy,subject_03,subject_03_happy_session_01
1.624,0.017350977590648152,happy,subject_03,subject_03_happy_session_01
1.628,0.08156579295482691,happy,subject_03,subject_03_happy_session_01
1.632,0.08438853931457446,happy,subject_03,subject_03_happy_session_01
1.636,0.035765649994741286,happy,subject_03,subject_03_happy_session_01
1.64,0.10391788391129975,happy,subject_03,subject_03_happy_session_01
1.644,0.04834794771112169,happy,subject_03,subject_03_happy_session_01
1.648,0.03034320843933195,happy,subject_03,subject_03_happy_session_01
1.652,-0.008192602127379045,happy,subject_03,subject_03_happy_session_01
1.656,-0.02922110310569244,happy,subject_03,subject_03_happy_session_01
1.66,0.009796357691076563,happy,subject_03,subject_03_happy_session_01
1.664,0.03835379112415295,happy,subject_03,subject_03_happy_session_01
1.668,0.10514560699442302,happy,subject_03,subject_03_happy_session_01
1.672,0.024123040382875528,happy,subject_03,subject_03_happy_session_01
1.676,0.041015040847036915,happy,subject_03,subject_03_happy_session_01
1.68,-0.0099271261480483,happy,subject_03,subject_03_happy_session_01
1.684,0.02525443734822843,happy,subject_03,subject_03_happy_session_01
1.688,0.019752161332677844,happy,subject_03,subject_03_happy_session_01
1.692,-0.01691787710578861,happy,subject_03,subject_03_happy_session_01
1.696,0.062104663166501546,happy,subject_03,subject_03_happy_session_01
1.7,0.009354206815698117,happy,subject_03,subject_03_happy_session_01
1.704,0.050781081399581735,happy,subject_03,subject_03_happy_session_01
1.708,0.00928667573721457,happy,subject_03,subject_03_happy_session_01
1.712,-0.007107610746334086,happy,subject_03,subject_03_happy_session_01
1.716,-0.02766859648475638,happy,subject_03,subject_03_happy_session_01
1.72,-0.01483410327626767,happy,subject_03,subject_03_happy_session_01
1.724,0.054422964022278954,happy,subject_03,subject_03_happy_session_01
1.728,-0.007185628107290662,happy,subject_03,subject_03_happy_session_01
1.732,0.09173601648758034,happy,subject_03,subject_03_happy_session_01
1.736,0.1301634790075817,happy,subject_03,subject_03_happy_session_01
1.74,0.2639395553717977,happy,subject_03,subject_03_happy_session_01
1.744,0.3782549196777466,happy,subject_03,subject_03_happy_session_01
1.748,0.4684702823816995,happy,subject_03,subject_03_happy_session_01
1.752,0.6687904189845026,happy,subject_03,subject_03_happy_session_01
1.756,0.8756463245087813,happy,subject_03,subject_03_happy_session_01
1.76,0.9214315628740422,happy,subject_03,subject_03_happy_session_01
1.764,1.0146040907965905,happy,subject_03,subject_03_happy_session_01
1.768,1.015267221848784,happy,subject_03,subject_03_happy_session_01
1.772,1.0026064608042293,happy,subject_03,subject_03_happy_session_01
1.776,0.870267307913472,happy,subject_03,subject_03_happy_session_01
1.78,0.7707192102269365,happy,subject_03,subject_03_happy_session_01
1.784,0.6581838673765334,happy,subject_03,subject_03_happy_session_01
1.788,0.4564962199678867,happy,subject_03,subject_03_happy_session_01
1.792,0.35274679989005375,happy,subject_03,subject_03_happy_session_01
1.796,0.14552037438947013,happy,subject_03,subject_03_happy_session_01
1.8,0.07677243100535827,happy,subject_03,subject_03_happy_session_01
1.804,-0.007259916490741976,happy,subject_03,subject_03_happy_session_01
1.808,0.05315395045727101,happy,subject_03,subject_03_happy_session_01
1.812,-0.06742235591457404,happy,subject_03,subject_03_happy_session_01
1.816,-0.03532897386086411,happy,subject_03,subject_03_happy_session_01
1.82,-0.10599857155196549,happy,subject_03,subject_03_happy_session_01
1.824,-0.060262294533688164,happy,subject_03,subject_03_happy_session_01
1.828,0.007014452779012621,happy,subject_03,subject_03_happy_session_01
1.832,-0.00041313542584088016,happy,subject_03,subject_03_happy_session_01
1.836,0.00934770196164143,happy,subject_03,subject_03_happy_session_01
1.84,0.012890966618468152,happy,subject_03,subject_03_happy_session_01
1.844,0.02235671962609194,happy,subject_03,subject_03_happy_session_01
1.848,-0.027468037462968713,happy,subject_03,subject_03_happy_session_01
1.852,0.03260402172618881,happy,subject_03,subject_03_happy_session_01
1.856,0.03111618373779365,happy,subject_03,subject_03_happy_session_01
1.86,0.07939237773713122,happy,subject_03,subject_03_happy_session_01
1.864,0.07477808475484031,happy,subject_03,subject_03_happy_session_01
1.868,-0.04972786075213541,happy,subject_03,subject_03_happy_session_01
1.872,0.02756042475663539,happy,subject_03,subject_03_happy_session_01
1.876,0.12061493113394295,happy,subject_03,subject_03_happy_session_01
1.88,0.09379439814267758,happy,subject_03,subject_03_happy_session_01
1.884,0.08409155613009642,happy,subject_03,subject_03_happy_session_01
1.888,0.054417342608893554,happy,subject_03,subject_03_happy_session_01
1.892,0.10329113353235461,happy,subject_03,subject_03_happy_session_01
1.896,0.02999409641583465,happy,subject_03,subject_03_happy_session_01
1.9,0.06912272706564165,happy,subject_03,subject_03_happy_session_01
1.904,0.10714751197859194,happy,subject_03,subject_03_happy_session_01
1.908,0.12272533119725454,happy,subject_03,subject_03_happy_session_01
1.912,0.11562940728710774,happy,subject_03,subject_03_happy_session_01
1.916,0.1286232191699833,happy,subject_03,subject_03_happy_session_01
1.92,0.12756019430417642,happy,subject_03,subject_03_happy_session_01
1.924,0.11789282430360745,happy,subject_03,subject_03_happy_session_01
1.928,0.1830830407542205,happy,subject_03,subject_03_happy_session_01
1.932,0.20827568151547335,happy,subject_03,subject_03_happy_session_01
1.936,0.1490747411133032,happy,subject_03,subject_03_happy_session_01
1.94,0.11711071553513713,happy,subject_03,subject_03_happy_session_01
1.944,0.1573955796888732,happy,subject_03,subject_03_happy_session_01
1.948,0.1759714699898965,happy,subject_03,subject_03_happy_session_01
1.952,0.10279634120066776,happy,subject_03,subject_03_happy_session_01
1.956,0.23406411552598327,happy,subject_03,subject_03_happy_session_01
1.96,0.17176416777690923,happy,subject_03,subject_03_happy_session_01
1.964,0.1718257240654486,happy,subject_03,subject_03_happy_session_01
1.968,0.19526636114689927,happy,subject_03,subject_03_happy_session_01
1.972,0.19667919688624266,happy,subject_03,subject_03_happy_session_01
1.976,0.22092923599931893,happy,subject_03,subject_03_happy_session_01
1.98,0.2519090878814354,happy,subject_03,subject_03_happy_session_01
1.984,0.273808842642316,happy,subject_03,subject_03_happy_session_01
1.988,0.26125923083785096,happy,subject_03,subject_03_happy_session_01
1.992,0.2045187119820102,happy,subject_03,subject_03_happy_session_01
1.996,0.23709507926219456,happy,subject_03,subject_03_happy_session_01
2.0,0.2474144158107671,happy,subject_03,subject_03_happy_session_01
2.004,0.25676450966972586,happy,subject_03,subject_03_happy_session_01
2.008,0.26480197935878647,happy,subject_03,subject_03_happy_session_01
2.012,0.2514551703535208,happy,subject_03,subject_03_happy_session_01
2.016,0.2461430586741766,happy,subject_03,subject_03_happy_session_01
2.02,0.2808555192461837,happy,subject_03,subject_03_happy_session_01
2.024,0.24351987245997186,happy,subject_03,subject_03_happy_session_01
2.028,0.28022897307319455,happy,subject_03,subject_03_happy_session_01
2.032,0.2731653184798926,happy,subject_03,subject_03_happy_session_01
2.036,0.2929029758160609,happy,subject_03,subject_03_happy_session_01
2.04,0.24646289916862957,happy,subject_03,subject_03_happy_session_01
2.044,0.28559965491049616,happy,subject_03,subject_03_happy_session_01
2.048,0.22014749886328297,happy,subject_03,subject_03_happy_session_01
2.052,0.2380661451803827,happy,subject_03,subject_03_happy_session_01
2.056,0.24747776610305464,happy,subject_03,subject_03_happy_session_01
2.06,0.17963075213299992,happy,subject_03,subject_03_happy_session_01
2.064,0.19516637208446008,happy,subject_03,subject_03_happy_session_01
2.068,0.17909489771832235,happy,subject_03,subject_03_happy_session_01
2.072,0.19370134230713437,happy,subject_03,subject_03_happy_session_01
2.076,0.17005256232382776,happy,subject_03,subject_03_happy_session_01
2.08,0.18518399287283077,happy,subject_03,subject_03_happy_session_01
2.084,0.17130726680302766,happy,subject_03,subject_03_happy_session_01
2.088,0.15670283716311512,happy,subject_03,subject_03_happy_session_01
2.092,0.16412201288618633,happy,subject_03,subject_03_happy_session_01
2.096,0.1272791568068056,happy,subject_03,subject_03_happy_session_01
2.1,0.11330701462411613,happy,subject_03,subject_03_happy_session_01
2.104,0.09408723676817697,happy,subject_03,subject_03_happy_session_01
2.108,0.06572876070081998,happy,subject_03,subject_03_happy_session_01
2.112,0.09710665477505592,happy,subject_03,subject_03_happy_session_01
2.116,0.13251714807929987,happy,subject_03,subject_03_happy_session_01
2.12,0.09971569096288167,happy,subject_03,subject_03_happy_session_01
2.124,0.10029387272453434,happy,subject_03,subject_03_happy_session_01
2.128,0.07922948441471372,happy,subject_03,subject_03_happy_session_01
2.132,0.15488138077546043,happy,subject_03,subject_03_happy_session_01
2.136,0.08727920626045382,happy,subject_03,subject_03_happy_session_01
2.14,0.05622094142310566,happy,subject_03,subject_03_happy_session_01
2.144,0.03421977260777833,happy,subject_03,subject_03_happy_session_01
2.148,0.126734478733514,happy,subject_03,subject_03_happy_session_01
2.152,0.013780696426277113,happy,subject_03,subject_03_happy_session_01
2.156,0.031646444216387494,happy,subject_03,subject_03_happy_session_01
2.16,0.028849542931549704,happy,subject_03,subject_03_happy_session_01
2.164,0.05320224103870603,happy,subject_03,subject_03_happy_session_01
2.168,0.06522001258636682,happy,subject_03,subject_03_happy_session_01
2.172,0.05417953610361094,happy,subject_03,subject_03_happy_session_01
2.176,0.038628584568203256,happy,subject_03,subject_03_happy_session_01
2.18,0.002706000145248952,happy,subject_03,subject_03_happy_session_01
2.184,0.11739664553054674,happy,subject_03,subject_03_happy_session_01
2.188,0.063057490041536,happy,subject_03,subject_03_happy_session_01
2.192,0.07554572952185314,happy,subject_03,subject_03_happy_session_01
2.196,0.03438355871198863,happy,subject_03,subject_03_happy_session_01
2.2,0.05041713736852792,happy,subject_03,subject_03_happy_session_01
2.204,0.10496908996107063,happy,subject_03,subject_03_happy_session_01
2.208,-0.009913778961026479,happy,subject_03,subject_03_happy_session_01
2.212,0.0974911049067349,happy,subject_03,subject_03_happy_session_01
2.216,0.06567272262514313,happy,subject_03,subject_03_happy_session_01
2.22,0.09237124647145499,happy,subject_03,subject_03_happy_session_01
2.224,0.13941256382962372,happy,subject_03,subject_03_happy_session_01
2.228,0.06747648214744278,happy,subject_03,subject_03_happy_session_01
2.232,-0.007683677137351394,happy,subject_03,subject_03_happy_session_01
2.236,0.050910293260160416,happy,subject_03,subject_03_happy_session_01
2.24,0.09123333147780745,happy,subject_03,subject_03_happy_session_01
2.244,0.14955515462565971,happy,subject_03,subject_03_happy_session_01
2.248,0.07863576193905536,happy,subject_03,subject_03_happy_session_01
2.252,0.1460822954708152,happy,subject_03,subject_03_happy_session_01
2.256,0.009496132086641282,happy,subject_03,subject_03_happy_session_01
2.26,0.07146870175305411,happy,subject_03,subject_03_happy_session_01
2.264,0.12295807993823102,happy,subject_03,subject_03_happy_session_01
2.268,0.11654522111375837,happy,subject_03,subject_03_happy_session_01
2.272,0.011385307696939767,happy,subject_03,subject_03_happy_session_01
2.276,0.04611859739149517,happy,subject_03,subject_03_happy_session_01
2.28,0.0659562841773995,happy,subject_03,subject_03_happy_session_01
2.284,0.04246695886314903,happy,subject_03,subject_03_happy_session_01
2.288,0.10126842237351893,happy,subject_03,subject_03_happy_session_01
2.292,0.05524239792954761,happy,subject_03,subject_03_happy_session_01
2.296,-0.0014050407349292318,happy,subject_03,subject_03_happy_session_01
2.3,0.059622688395798124,happy,subject_03,subject_03_happy_session_01
2.304,0.05590396177771059,happy,subject_03,subject_03_happy_session_01
2.308,-0.007723732323089268,happy,subject_03,subject_03_happy_session_01
2.312,-0.003900099192470592,happy,subject_03,subject_03_happy_session_01
2.316,-0.002577737394146056,happy,subject_03,subject_03_happy_session_01
2.32,0.06550937405471197,happy,subject_03,subject_03_happy_session_01
2.324,0.010267123418724076,happy,subject_03,subject_03_happy_session_01
2.328,-0.06794390164256703,happy,subject_03,subject_03_happy_session_01
2.332,-0.03635338308476455,happy,subject_03,subject_03_happy_session_01
2.336,0.027560192159245364,happy,subject_03,subject_03_happy_session_01
2.34,-0.014696315523410008,happy,subject_03,subject_03_happy_session_01
2.344,-0.04594813127861078,happy,subject_03,subject_03_happy_session_01
2.348,-0.01850115772851891,happy,subject_03,subject_03_happy_session_01
2.352,0.027115400963547736,happy,subject_03,subject_03_happy_session_01
2.356,0.06722547628091771,happy,subject_03,subject_03_happy_session_01
2.36,-0.012434980287040341,happy,subject_03,subject_03_happy_session_01
2.364,0.005476189414457966,happy,subject_03,subject_03_happy_session_01
2.368,-0.016234071089636985,happy,subject_03,subject_03_happy_session_01
2.372,-0.0059844197741886155,happy,subject_03,subject_03_happy_session_01
2.376,-0.04686219980532113,happy,subject_03,subject_03_happy_session_01
2.38,0.03519403772346229,happy,subject_03,subject_03_happy_session_01
2.384,-0.03263548596493403,happy,subject_03,subject_03_happy_session_01
2.388,-0.057011751103754414,happy,subject_03,subject_03_happy_session_01
2.392,-0.04858043928620245,happy,subject_03,subject_03_happy_session_01
2.396,-0.002828556683406005,happy,subject_03,subject_03_happy_session_01
2.4,-0.05536210478453238,happy,subject_03,subject_03_happy_session_01
2.404,0.019953300771538507,happy,subject_03,subject_03_happy_session_01
2.408,-0.004997548479306474,happy,subject_03,subject_03_happy_session_01
2.412,0.023899587533943,happy,subject_03,subject_03_happy_session_01
2.416,0.02325841805241785,happy,subject_03,subject_03_happy_session_01
2.42,0.08882377682045393,happy,subject_03,subject_03_happy_session_01
2.424,0.21400144519044764,happy,subject_03,subject_03_happy_session_01
2.428,0.2990296618782853,happy,subject_03,subject_03_happy_session_01
2.432,0.5012613523951565,happy,subject_03,subject_03_happy_session_01
2.436,0.6647149265093042,happy,subject_03,subject_03_happy_session_01
2.44,0.7452745530973676,happy,subject_03,subject_03_happy_session_01
2.444,0.9044938480938147,happy,subject_03,subject_03_happy_session_01
2.448,0.9607864223382534,happy,subject_03,subject_03_happy_session_01
2.452,1.0136857750792516,happy,subject_03,subject_03_happy_session_01
2.456,1.0023350132433084,happy,subject_03,subject_03_happy_session_01
2.46,0.8925878020406837,happy,subject_03,subject_03_happy_session_01
2.464,0.7428663435280537,happy,subject_03,subject_03_happy_session_01
2.468,0.639488679039201,happy,subject_03,subject_03_happy_session_01
2.472,0.4403521161444987,happy,subject_03,subject_03_happy_session_01
2.476,0.2759099876231069,happy,subject_03,subject_03_happy_session_01
2.48,0.12932468523696974,happy,subject_03,subject_03_happy_session_01
2.484,0.04819792430942351,happy,subject_03,subject_03_happy_session_01
2.488,0.007084137601470981,happy,subject_03,subject_03_happy_session_01
2.492,-0.10514201000872872,happy,subject_03,subject_03_happy_session_01
2.496,-0.12699561749096958,happy,subject_03,subject_03_happy_session_01
2.5,-0.12251144068655381,happy,subject_03,subject_03_happy_session_01
2.504,-0.030250692548881714,happy,subject_03,subject_03_happy_session_01
2.508,-0.03511800634094435,happy,subject_03,subject_03_happy_session_01
2.512,0.01830217259740083,happy,subject_03,subject_03_happy_session_01
2.516,-0.03890738540606564,happy,subject_03,subject_03_happy_session_01
2.52,-0.05439707976209454,happy,subject_03,subject_03_happy_session_01
2.524,0.04930089148121741,happy,subject_03,subject_03_happy_session_01
2.528,-0.026311736617107666,happy,subject_03,subject_03_happy_session_01
2.532,0.026742107445080925,happy,subject_03,subject_03_happy_session_01
2.536,-0.04034679557650847,happy,subject_03,subject_03_happy_session_01
2.54,0.01588740915201068,happy,subject_03,subject_03_happy_session_01
2.544,0.007183806730572718,happy,subject_03,subject_03_happy_session_01
2.548,-0.033401649905619286,happy,subject_03,subject_03_happy_session_01
2.552,0.08644632941882985,happy,subject_03,subject_03_happy_session_01
2.556,-0.006805340342683406,happy,subject_03,subject_03_happy_session_01
2.56,-0.004112766566619169,happy,subject_03,subject_03_happy_session_01
2.564,0.01032791880645538,happy,subject_03,subject_03_happy_session_01
2.568,-0.038147706304859176,happy,subject_03,subject_03_happy_session_01
2.572,0.031839674365809,happy,subject_03,subject_03_happy_session_01
2.576,0.025840542547966815,happy,subject_03,subject_03_happy_session_01
2.58,0.08917651362163731,happy,subject_03,subject_03_happy_session_01
2.584,0.07147497703011793,happy,subject_03,subject_03_happy_session_01
2.588,0.022264004955587634,happy,subject_03,subject_03_happy_session_01
2.592,0.05022344738088479,happy,subject_03,subject_03_happy_session_01
2.596,0.15521242205455876,happy,subject_03,subject_03_happy_session_01
2.6,0.05471445110664361,happy,subject_03,subject_03_happy_session_01
2.604,0.12249625250579746,happy,subject_03,subject_03_happy_session_01
2.608,0.07705952295716567,happy,subject_03,subject_03_happy_session_01
2.612,0.07306733460258988,happy,subject_03,subject_03_happy_session_01
2.616,0.0966081622754423,happy,subject_03,subject_03_happy_session_01
2.62,0.17449253070939505,happy,subject_03,subject_03_happy_session_01
2.624,0.07914591403694383,happy,subject_03,subject_03_happy_session_01
2.628,0.16093970589288126,happy,subject_03,subject_03_happy_session_01
2.632,0.1880381323474672,happy,subject_03,subject_03_happy_session_01
2.636,0.1333377062775023,happy,subject_03,subject_03_happy_session_01
2.64,0.19471113946999258,happy,subject_03,subject_03_happy_session_01
2.644,0.19623850064729328,happy,subject_03,subject_03_happy_session_01
2.648,0.14530705047126727,happy,subject_03,subject_03_happy_session_01
2.652,0.14677152985663006,happy,subject_03,subject_03_happy_session_01
2.656,0.18079151661947984,happy,subject_03,subject_03_happy_session_01
2.66,0.19577804700163864,happy,subject_03,subject_03_happy_session_01
2.664,0.18446972201759623,happy,subject_03,subject_03_happy_session_01
2.668,0.22217493352378173,happy,subject_03,subject_03_happy_session_01
2.672,0.1798368505424839,happy,subject_03,subject_03_happy_session_01
2.676,0.17903399278815008,happy,subject_03,subject_03_happy_session_01
2.68,0.21457169537328546,happy,subject_03,subject_03_happy_session_01
2.684,0.22536823874904627,happy,subject_03,subject_03_happy_session_01
2.688,0.2656493014149872,happy,subject_03,subject_03_happy_session_01
2.692,0.23739873324045732,happy,subject_03,subject_03_happy_session_01
2.696,0.24748321717847088,happy,subject_03,subject_03_happy_session_01
2.7,0.21111616024044028,happy,subject_03,subject_03_happy_session_01
2.704,0.21126828757810284,happy,subject_03,subject_03_happy_session_01
2.708,0.2001548426805321,happy,subject_03,subject_03_happy_session_01
2.712,0.22747121230901685,happy,subject_03,subject_03_happy_session_01
2.716,0.2242336385710636,happy,subject_03,subject_03_happy_session_01
2.72,0.2199974362670035,happy,subject_03,subject_03_happy_session_01
2.724,0.2064098690050119,happy,subject_03,subject_03_happy_session_01
2.728,0.2083470492748351,happy,subject_03,subject_03_happy_session_01
2.732,0.26363923344764173,happy,subject_03,subject_03_happy_session_01
2.736,0.2105618145375534,happy,subject_03,subject_03_happy_session_01
2.74,0.21622507089056245,happy,subject_03,subject_03_happy_session_01
2.744,0.20663136540698018,happy,subject_03,subject_03_happy_session_01
2.748,0.17814660629306042,happy,subject_03,subject_03_happy_session_01
2.752,0.1967074853992348,happy,subject_03,subject_03_happy_session_01
2.756,0.17200834471846946,happy,subject_03,subject_03_happy_session_01
2.76,0.12061717231693672,happy,subject_03,subject_03_happy_session_01
2.764,0.1369309038059204,happy,subject_03,subject_03_happy_session_01
2.768,0.21972503898470044,happy,subject_03,subject_03_happy_session_01
2.772,0.1833596770291961,happy,subject_03,subject_03_happy_session_01
2.776,0.12454247641624455,happy,subject_03,subject_03_happy_session_01
2.78,0.15106596697217578,happy,subject_03,subject_03_happy_session_01
2.784,0.1275416623198073,happy,subject_03,subject_03_happy_session_01
2.788,0.17337577104709517,happy,subject_03,subject_03_happy_session_01
2.792,0.10042454776398384,happy,subject_03,subject_03_happy_session_01
2.796,0.1055311083516285,happy,subject_03,subject_03_happy_session_01
2.8,0.06266611594820738,happy,subject_03,subject_03_happy_session_01
2.804,0.07896408289740688,happy,subject_03,subject_03_happy_session_01
2.808,-0.01891232949807997,happy,subject_03,subject_03_happy_session_01
2.812,0.07977399104151811,happy,subject_03,subject_03_happy_session_01
2.816,0.09979776266377635,happy,subject_03,subject_03_happy_session_01
2.82,0.11826496573082092,happy,subject_03,subject_03_happy_session_01
2.824,0.07064276439352377,happy,subject_03,subject_03_happy_session_01
2.828,0.03623731884655752,happy,subject_03,subject_03_happy_session_01
2.832,0.01597269513662326,happy,subject_03,subject_03_happy_session_01
2.836,0.024296640434108147,happy,subject_03,subject_03_happy_session_01
2.84,-0.01826356254750905,happy,subject_03,subject_03_happy_session_01
2.844,0.026188393730298458,happy,subject_03,subject_03_happy_session_01
2.848,-0.009986393763376511,happy,subject_03,subject_03_happy_session_01
2.852,0.01052263964397249,happy,subject_03,subject_03_happy_session_01
2.856,0.02340344225055048,happy,subject_03,subject_03_happy_session_01
2.86,0.041830231856309144,happy,subject_03,subject_03_happy_session_01
2.864,-0.027130565219426032,happy,subject_03,subject_03_happy_session_01
2.868,0.019599035600973463,happy,subject_03,subject_03_happy_session_01
2.872,0.057131648034323634,happy,subject_03,subject_03_happy_session_01
2.876,0.08414888670860204,happy,subject_03,subject_03_happy_session_01
2.88,0.03506459128196754,happy,subject_03,subject_03_happy_session_01
2.884,0.11748455543937913,happy,subject_03,subject_03_happy_session_01
2.888,0.06834178930396306,happy,subject_03,subject_03_happy_session_01
2.892,0.04948556662144124,happy,subject_03,subject_03_happy_session_01
2.896,0.0944943003714181,happy,subject_03,subject_03_happy_session_01
2.9,0.036923900388608405,happy,subject_03,subject_03_happy_session_01
2.904,0.021638735306139065,happy,subject_03,subject_03_happy_session_01
2.908,0.094303281115965,happy,subject_03,subject_03_happy_session_01
2.912,0.08357521550585656,happy,subject_03,subject_03_happy_session_01
2.916,0.10438792472680881,happy,subject_03,subject_03_happy_session_01
2.92,0.1059526863093388,happy,subject_03,subject_03_happy_session_01
2.924,0.14239908616756675,happy,subject_03,subject_03_happy_session_01
2.928,0.022446782704155246,happy,subject_03,subject_03_happy_session_01
2.932,0.061378691211735364,happy,subject_03,subject_03_happy_session_01
2.936,0.06354409500416305,happy,subject_03,subject_03_happy_session_01
2.94,0.11356665822811232,happy,subject_03,subject_03_happy_session_01
2.944,0.08417060473202034,happy,subject_03,subject_03_happy_session_01
2.948,0.10978982445242051,happy,subject_03,subject_03_happy_session_01
2.952,0.07576462904358551,happy,subject_03,subject_03_happy_session_01
2.956,0.061639544371611954,happy,subject_03,subject_03_happy_session_01
2.96,0.0820072095773147,happy,subject_03,subject_03_happy_session_01
2.964,0.06276674637446274,happy,subject_03,subject_03_happy_session_01
2.968,0.06233400499370928,happy,subject_03,subject_03_happy_session_01
2.972,0.06630237715253687,happy,subject_03,subject_03_happy_session_01
2.976,0.05327731640926055,happy,subject_03,subject_03_happy_session_01
2.98,0.06701035028129063,happy,subject_03,subject_03_happy_session_01
2.984,0.028941249863369156,happy,subject_03,subject_03_happy_session_01
2.988,0.027654549823758263,happy,subject_03,subject_03_happy_session_01
2.992,-0.01857465136002637,happy,subject_03,subject_03_happy_session_01
2.996,0.04581437996110636,happy,subject_03,subject_03_happy_session_01
3.0,0.06651425558680897,happy,subject_03,subject_03_happy_session_01
3.004,-0.060941642573359746,happy,subject_03,subject_03_happy_session_01
3.008,0.020410887648270433,happy,subject_03,subject_03_happy_session_01
3.012,-0.0109383398327247,happy,subject_03,subject_03_happy_session_01
3.016,-0.015730954969003817,happy,subject_03,subject_03_happy_session_01
3.02,0.009596572435636753,happy,subject_03,subject_03_happy_session_01
3.024,-0.016156168836638726,happy,subject_03,subject_03_happy_session_01
3.028,-0.0037880924816709703,happy,subject_03,subject_03_happy_session_01
3.032,-0.03221192211106593,happy,subject_03,subject_03_happy_session_01
3.036,0.031240078092036133,happy,subject_03,subject_03_happy_session_01
3.04,-0.03111879112041335,happy,subject_03,subject_03_happy_session_01
3.044,-0.050902717924924665,happy,subject_03,subject_03_happy_session_01
3.048,-0.013196689769219234,happy,subject_03,subject_03_happy_session_01
3.052,-0.05545826481623761,happy,subject_03,subject_03_happy_session_01
3.056,-0.01876317108205285,happy,subject_03,subject_03_happy_session_01
3.06,0.030000514783449846,happy,subject_03,subject_03_happy_session_01
3.064,-0.029936144458563085,happy,subject_03,subject_03_happy_session_01
3.068,-0.07680433130236586,happy,subject_03,subject_03_happy_session_01
3.072,-0.04569500940273201,happy,subject_03,subject_03_happy_session_01
3.076,-0.005683900968740992,happy,subject_03,subject_03_happy_session_01
3.08,-0.034643847347601245,happy,subject_03,subject_03_happy_session_01
3.084,-0.018461166147312573,happy,subject_03,subject_03_happy_session_01
3.088,-0.06720241601044653,happy,subject_03,subject_03_happy_session_01
3.092,-0.05355162010504612,happy,subject_03,subject_03_happy_session_01
3.096,0.004350304539119856,happy,subject_03,subject_03_happy_session_01
3.1,0.08289804156474093,happy,subject_03,subject_03_happy_session_01
3.104,0.08580037816153342,happy,subject_03,subject_03_happy_session_01
3.108,0.2031163829934103,happy,subject_03,subject_03_happy_session_01
3.112,0.3682139181422757,happy,subject_03,subject_03_happy_session_01
3.116,0.4786308486517586,happy,subject_03,subject_03_happy_session_01
3.12,0.6444313793235817,happy,subject_03,subject_03_happy_session_01
3.124,0.7332714913160093,happy,subject_03,subject_03_happy_session_01
3.128,0.8703419025273279,happy,subject_03,subject_03_happy_session_01
3.132,0.9201761592859142,happy,subject_03,subject_03_happy_session_01
3.136,0.9058593562134579,happy,subject_03,subject_03_happy_session_01
3.14,0.9042762565992983,happy,subject_03,subject_03_happy_session_01
3.144,0.8715245852396658,happy,subject_03,subject_03_happy_session_01
3.148,0.7549468480190442,happy,subject_03,subject_03_happy_session_01
3.152,0.6151698639845987,happy,subject_03,subject_03_happy_session_01
3.156,0.44767716847383926,happy,subject_03,subject_03_happy_session_01
3.16,0.2687853293781965,happy,subject_03,subject_03_happy_session_01
3.164,0.07804281715224161,happy,subject_03,subject_03_happy_session_01
3.168,-0.0035493700455757754,happy,subject_03,subject_03_happy_session_01
3.172,0.002471611972926939,happy,subject_03,subject_03_happy_session_01
3.176,-0.10642907039560867,happy,subject_03,subject_03_happy_session_01
3.18,-0.09392670164498551,happy,subject_03,subject_03_happy_session_01
3.184,-0.0851480751357186,happy,subject_03,subject_03_happy_session_01
3.188,-0.1218549848206408,happy,subject_03,subject_03_happy_session_01
3.192,-0.04459786570036604,happy,subject_03,subject_03_happy_session_01
3.196,0.013186809742027503,happy,subject_03,subject_03_happy_session_01
3.2,-0.028191750539614452,happy,subject_03,subject_03_happy_session_01
3.204,-0.027631811901986925,happy,subject_03,subject_03_happy_session_01
3.208,-0.05215291422148266,happy,subject_03,subject_03_happy_session_01
3.212,-0.016383726194860476,happy,subject_03,subject_03_happy_session_01
3.216,0.01599343193297559,happy,subject_03,subject_03_happy_session_01
3.22,0.00027945815311867877,happy,subject_03,subject_03_happy_session_01
3.224,-0.01148857373444362,happy,subject_03,subject_03_happy_session_01
3.228,0.04263078953754665,happy,subject_03,subject_03_happy_session_01
3.232,0.002002228352631006,happy,subject_03,subject_03_happy_session_01
3.236,0.00016471771004171985,happy,subject_03,subject_03_happy_session_01
3.24,0.024329984851216353,happy,subject_03,subject_03_happy_session_01
3.244,0.06965571021048589,happy,subject_03,subject_03_happy_session_01
3.248,0.023303959334848065,happy,subject_03,subject_03_happy_session_01
3.252,0.002800645947409801,happy,subject_03,subject_03_happy_session_01
3.256,0.05825810065836141,happy,subject_03,subject_03_happy_session_01
3.26,0.0331777604985335,happy,subject_03,subject_03_happy_session_01
3.264,0.0701119235437235,happy,subject_03,subject_03_happy_session_01
3.268,-0.014849062477209234,happy,subject_03,subject_03_happy_session_01
3.272,0.06455605435080261,happy,subject_03,subject_03_happy_session_01
3.276,0.061211502453347916,happy,subject_03,subject_03_happy_session_01
3.28,0.043190484883041655,happy,subject_03,subject_03_happy_session_01
3.284,0.04138289166665569,happy,subject_03,subject_03_happy_session_01
3.288,0.08126865166578798,happy,subject_03,subject_03_happy_session_01
3.292,0.06102349994975552,happy,subject_03,subject_03_happy_session_01
3.296,0.00215246345249466,happy,subject_03,subject_03_happy_session_01
3.3,0.07241368027120926,happy,subject_03,subject_03_happy_session_01
3.304,0.07854556636342667,happy,subject_03,subject_03_happy_session_01
3.308,0.12988778301811713,happy,subject_03,subject_03_happy_session_01
3.312,0.09490399111305567,happy,subject_03,subject_03_happy_session_01
3.316,0.14408032659755632,happy,subject_03,subject_03_happy_session_01
3.32,0.11823566959409869,happy,subject_03,subject_03_happy_session_01
3.324,0.18633439328181176,happy,subject_03,subject_03_happy_session_01
3.328,0.17922683262798939,happy,subject_03,subject_03_happy_session_01
3.332,0.16255029685416136,happy,subject_03,subject_03_happy_session_01
3.336,0.1847625137139408,happy,subject_03,subject_03_happy_session_01
3.34,0.20619960756076092,happy,subject_03,subject_03_happy_session_01
3.344,0.19422827144708746,happy,subject_03,subject_03_happy_session_01
3.348,0.20264088983733597,happy,subject_03,subject_03_happy_session_01
3.352,0.12912393012584983,happy,subject_03,subject_03_happy_session_01
3.356,0.1894516006084823,happy,subject_03,subject_03_happy_session_01
3.36,0.18455839639352975,happy,subject_03,subject_03_happy_session_01
3.364,0.2522733988748383,happy,subject_03,subject_03_happy_session_01
3.368,0.20496016565899638,happy,subject_03,subject_03_happy_session_01
3.372,0.19756237324063883,happy,subject_03,subject_03_happy_session_01
3.376,0.24346811568397914,happy,subject_03,subject_03_happy_session_01
3.38,0.1713205703673156,happy,subject_03,subject_03_happy_session_01
3.384,0.22219963524873682,happy,subject_03,subject_03_happy_session_01
3.388,0.1561501448207581,happy,subject_03,subject_03_happy_session_01
3.392,0.19959867314388127,happy,subject_03,subject_03_happy_session_01
3.396,0.20747193413988468,happy,subject_03,subject_03_happy_session_01
3.4,0.27292910868846837,happy,subject_03,subject_03_happy_session_01
3.404,0.21438194142692577,happy,subject_03,subject_03_happy_session_01
3.408,0.1855116676674054,happy,subject_03,subject_03_happy_session_01
3.412,0.20853716545622844,happy,subject_03,subject_03_happy_session_01
3.416,0.2596327231372707,happy,subject_03,subject_03_happy_session_01
3.42,0.13280393794047243,happy,subject_03,subject_03_happy_session_01
3.424,0.22679020135299893,happy,subject_03,subject_03_happy_session_01
3.428,0.20763258799085724,happy,subject_03,subject_03_happy_session_01
3.432,0.18448800478683516,happy,subject_03,subject_03_happy_session_01
3.436,0.17156363874204103,happy,subject_03,subject_03_happy_session_01
3.44,0.22628723855139343,happy,subject_03,subject_03_happy_session_01
3.444,0.19442017761054584,happy,subject_03,subject_03_happy_session_01
3.448,0.12602525478475418,happy,subject_03,subject_03_happy_session_01
3.452,0.1560141278521665,happy,subject_03,subject_03_happy_session_01
3.456,0.19157325387712076,happy,subject_03,subject_03_happy_session_01
3.46,0.15948790912853403,happy,subject_03,subject_03_happy_session_01
3.464,0.142474734557207,happy,subject_03,subject_03_happy_session_01
3.468,0.08031695084323984,happy,subject_03,subject_03_happy_session_01
3.472,0.19957306151069043,happy,subject_03,subject_03_happy_session_01
3.476,0.13662616183311385,happy,subject_03,subject_03_happy_session_01
3.48,0.16670007348682792,happy,subject_03,subject_03_happy_session_01
3.484,0.10790089414135433,happy,subject_03,subject_03_happy_session_01
3.488,0.09001032155145981,happy,subject_03,subject_03_happy_session_01
3.492,0.06164352414701989,happy,subject_03,subject_03_happy_session_01
3.496,0.1121728126102903,happy,subject_03,subject_03_happy_session_01
3.5,0.12463281858514635,happy,subject_03,subject_03_happy_session_01
3.504,0.10321289986770937,happy,subject_03,subject_03_happy_session_01
3.508,0.140673324090228,happy,subject_03,subject_03_happy_session_01
3.512,0.06171547709197968,happy,subject_03,subject_03_happy_session_01
3.516,0.03128057819284673,happy,subject_03,subject_03_happy_session_01
3.52,0.058411434915811404,happy,subject_03,subject_03_happy_session_01
3.524,0.07448536014256019,happy,subject_03,subject_03_happy_session_01
3.528,0.034649612297961374,happy,subject_03,subject_03_happy_session_01
3.532,0.04041952837800905,happy,subject_03,subject_03_happy_session_01
3.536,0.048122340397092664,happy,subject_03,subject_03_happy_session_01
3.54,0.05722697614480804,happy,subject_03,subject_03_happy_session_01
3.544,0.044600147847928595,happy,subject_03,subject_03_happy_session_01
3.548,0.047804036590424356,happy,subject_03,subject_03_happy_session_01
3.552,0.06381035915602051,happy,subject_03,subject_03_happy_session_01
3.556,0.07015157718343575,happy,subject_03,subject_03_happy_session_01
3.56,0.02814237533460888,happy,subject_03,subject_03_happy_session_01
3.564,-0.016112681581077766,happy,subject_03,subject_03_happy_session_01
3.568,0.014917213051270695,happy,subject_03,subject_03_happy_session_01
3.572,0.07082112940182583,happy,subject_03,subject_03_happy_session_01
3.576,0.03278162773030057,happy,subject_03,subject_03_happy_session_01
3.58,0.0714818155992881,happy,subject_03,subject_03_happy_session_01
3.584,0.06406104622032405,happy,subject_03,subject_03_happy_session_01
3.588,0.07222864956816236,happy,subject_03,subject_03_happy_session_01
3.592,0.0907400451768282,happy,subject_03,subject_03_happy_session_01
3.596,0.11857953739759668,happy,subject_03,subject_03_happy_session_01
3.6,0.07936254393174656,happy,subject_03,subject_03_happy_session_01
3.604,0.04602138501869368,happy,subject_03,subject_03_happy_session_01
3.608,0.09538165856161776,happy,subject_03,subject_03_happy_session_01
3.612,0.11083572366069265,happy,subject_03,subject_03_happy_session_01
3.616,0.007718878333662776,happy,subject_03,subject_03_happy_session_01
3.62,0.061324435800738014,happy,subject_03,subject_03_happy_session_01
3.624,0.08691583810372877,happy,subject_03,subject_03_happy_session_01
3.628,0.06764876868448767,happy,subject_03,subject_03_happy_session_01
3.632,0.08703358827493869,happy,subject_03,subject_03_happy_session_01
3.636,0.05769336321208955,happy,subject_03,subject_03_happy_session_01
3.64,0.10893779297900898,happy,subject_03,subject_03_happy_session_01
3.644,0.07400648728214632,happy,subject_03,subject_03_happy_session_01
3.648,0.004826889591119085,happy,subject_03,subject_03_happy_session_01
3.652,0.08865900052878481,happy,subject_03,subject_03_happy_session_01
3.656,0.08584592102135101,happy,subject_03,subject_03_happy_session_01
3.66,0.05149726375668726,happy,subject_03,subject_03_happy_session_01
3.664,-0.016886837650073455,happy,subject_03,subject_03_happy_session_01
3.668,0.07374196187101335,happy,subject_03,subject_03_happy_session_01
3.672,0.0011609329000749694,happy,subject_03,subject_03_happy_session_01
3.676,0.019192189483234673,happy,subject_03,subject_03_happy_session_01
3.68,0.006858362885631873,happy,subject_03,subject_03_happy_session_01
3.684,-0.028051650858602017,happy,subject_03,subject_03_happy_session_01
3.688,0.018225571300531523,happy,subject_03,subject_03_happy_session_01
3.692,0.021116586274033677,happy,subject_03,subject_03_happy_session_01
3.696,0.014347049615715025,happy,subject_03,subject_03_happy_session_01
3.7,-0.00023419318193031603,happy,subject_03,subject_03_happy_session_01
3.704,-0.02191175509434412,happy,subject_03,subject_03_happy_session_01
3.708,0.052998395924175615,happy,subject_03,subject_03_happy_session_01
3.712,0.005817590512033749,happy,subject_03,subject_03_happy_session_01
3.716,-0.03534661662307266,happy,subject_03,subject_03_happy_session_01
3.72,0.011167505711136973,happy,subject_03,subject_03_happy_session_01
3.724,0.007129169299806445,happy,subject_03,subject_03_happy_session_01
3.728,0.01477425071852235,happy,subject_03,subject_03_happy_session_01
3.732,-0.008812837008343968,happy,subject_03,subject_03_happy_session_01
3.736,-0.0302145389492362,happy,subject_03,subject_03_happy_session_01
3.74,-0.05694283586831394,happy,subject_03,subject_03_happy_session_01
3.744,-0.028082286138101833,happy,subject_03,subject_03_happy_session_01
3.748,-0.06805813402942903,happy,subject_03,subject_03_happy_session_01
3.752,-0.0004387115349885687,happy,subject_03,subject_03_happy_session_01
3.756,-0.06879186006278004,happy,subject_03,subject_03_happy_session_01
3.76,-0.0278176552270828,happy,subject_03,subject_03_happy_session_01
3.764,0.0060243203651027255,happy,subject_03,subject_03_happy_session_01
3.768,-0.032431958268131535,happy,subject_03,subject_03_happy_session_01
3.772,-0.027929348337932924,happy,subject_03,subject_03_happy_session_01
3.776,-0.004264160171770098,happy,subject_03,subject_03_happy_session_01
3.78,0.019633673172876606,happy,subject_03,subject_03_happy_session_01
3.784,0.0824854409024606,happy,subject_03,subject_03_happy_session_01
3.788,0.13885964447567628,happy,subject_03,subject_03_happy_session_01
3.792,0.2342641030996141,happy,subject_03,subject_03_happy_session_01
3.796,0.28114430549279706,happy,subject_03,subject_03_happy_session_01
3.8,0.5027248183904399,happy,subject_03,subject_03_happy_session_01
3.804,0.7005268052648242,happy,subject_03,subject_03_happy_session_01
3.808,0.8023486296846266,happy,subject_03,subject_03_happy_session_01
3.812,0.9248132663587031,happy,subject_03,subject_03_happy_session_01
3.816,0.9391282738387117,happy,subject_03,subject_03_happy_session_01
3.82,0.9833927301110787,happy,subject_03,subject_03_happy_session_01
3.824,0.9760854000399601,happy,subject_03,subject_03_happy_session_01
3.828,0.8925789044073699,happy,subject_03,subject_03_happy_session_01
3.832,0.7846637703573686,happy,subject_03,subject_03_happy_session_01
3.836,0.5700843863127012,happy,subject_03,subject_03_happy_session_01
3.84,0.42375888580714544,happy,subject_03,subject_03_happy_session_01
3.844,0.2530621536021001,happy,subject_03,subject_03_happy_session_01
3.848,0.1731776460851441,happy,subject_03,subject_03_happy_session_01
3.852,0.0519953267884671,happy,subject_03,subject_03_happy_session_01
3.856,-0.02081710847654731,happy,subject_03,subject_03_happy_session_01
3.86,-0.07845876381499611,happy,subject_03,subject_03_happy_session_01
3.864,-0.09839123576672919,happy,subject_03,subject_03_happy_session_01
3.868,-0.06470055761546939,happy,subject_03,subject_03_happy_session_01
3.872,-0.011906452787457458,happy,subject_03,subject_03_happy_session_01
3.876,0.02147211738932954,happy,subject_03,subject_03_happy_session_01
3.88,0.037663627030916094,happy,subject_03,subject_03_happy_session_01
3.884,-0.020835453916360887,happy,subject_03,subject_03_happy_session_01
3.888,-0.03639079041376496,happy,subject_03,subject_03_happy_session_01
3.892,0.04266787186815449,happy,subject_03,subject_03_happy_session_01
3.896,0.06128627927040781,happy,subject_03,subject_03_happy_session_01
3.9,0.0352619036727575,happy,subject_03,subject_03_happy_session_01
3.904,0.023418236425347967,happy,subject_03,subject_03_happy_session_01
3.908,0.005802273725122386,happy,subject_03,subject_03_happy_session_01
3.912,0.05258114174315068,happy,subject_03,subject_03_happy_session_01
3.916,0.055389953245204196,happy,subject_03,subject_03_happy_session_01
3.92,0.049245571836946125,happy,subject_03,subject_03_happy_session_01
3.924,0.004981871031876188,happy,subject_03,subject_03_happy_session_01
3.928,0.01357299952942833,happy,subject_03,subject_03_happy_session_01
3.932,0.04997958639388888,happy,subject_03,subject_03_happy_session_01
3.936,0.09492924444506409,happy,subject_03,subject_03_happy_session_01
3.94,0.09577656889546791,happy,subject_03,subject_03_happy_session_01
3.944,0.055717579153438196,happy,subject_03,subject_03_happy_session_01
3.948,0.011760981286115593,happy,subject_03,subject_03_happy_session_01
3.952,0.1287101434936514,happy,subject_03,subject_03_happy_session_01
3.956,0.1319299866443408,happy,subject_03,subject_03_happy_session_01
3.96,0.09959087461728988,happy,subject_03,subject_03_happy_session_01
3.964,0.08717539905042757,happy,subject_03,subject_03_happy_session_01
3.968,0.09864056352786331,happy,subject_03,subject_03_happy_session_01
3.972,0.14932287758715568,happy,subject_03,subject_03_happy_session_01
3.976,0.14301290382829002,happy,subject_03,subject_03_happy_session_01
3.98,0.11684878666513009,happy,subject_03,subject_03_happy_session_01
3.984,0.21658119251273544,happy,subject_03,subject_03_happy_session_01
3.988,0.09372511777363846,happy,subject_03,subject_03_happy_session_01
3.992,0.13398758783143888,happy,subject_03,subject_03_happy_session_01
3.996,0.14251910306338417,happy,subject_03,subject_03_happy_session_01
4.0,0.17419471432942826,happy,subject_03,subject_03_happy_session_01
4.004,0.21770605003432392,happy,subject_03,subject_03_happy_session_01
4.008,0.21452459876664884,happy,subject_03,subject_03_happy_session_01
4.012,0.19721892165775914,happy,subject_03,subject_03_happy_session_01
4.016,0.1533708515339116,happy,subject_03,subject_03_happy_session_01
4.02,0.24001496119294002,happy,subject_03,subject_03_happy_session_01
4.024,0.1733026896489384,happy,subject_03,subject_03_happy_session_01
4.028,0.2050689190996959,happy,subject_03,subject_03_happy_session_01
4.032,0.22219090457568327,happy,subject_03,subject_03_happy_session_01
4.036,0.20184380512636804,happy,subject_03,subject_03_happy_session_01
4.04,0.20596437848237992,happy,subject_03,subject_03_happy_session_01
4.044,0.2702478044410582,happy,subject_03,subject_03_happy_session_01
4.048,0.2938792256114824,happy,subject_03,subject_03_happy_session_01
4.052,0.24360889386696008,happy,subject_03,subject_03_happy_session_01
4.056,0.186570006706404,happy,subject_03,subject_03_happy_session_01
4.06,0.2606960450189711,happy,subject_03,subject_03_happy_session_01
4.064,0.2279437471565949,happy,subject_03,subject_03_happy_session_01
4.068,0.2657406502933593,happy,subject_03,subject_03_happy_session_01
4.072,0.2636499445017796,happy,subject_03,subject_03_happy_session_01
4.076,0.18701535055564844,happy,subject_03,subject_03_happy_session_01
4.08,0.23815216710639303,happy,subject_03,subject_03_happy_session_01
4.084,0.27172187015437327,happy,subject_03,subject_03_happy_session_01
4.088,0.24462540604235739,happy,subject_03,subject_03_happy_session_01
4.092,0.20667347983902692,happy,subject_03,subject_03_happy_session_01
4.096,0.26462029443428325,happy,subject_03,subject_03_happy_session_01
4.1,0.17943214081132905,happy,subject_03,subject_03_happy_session_01
4.104,0.2414886004878417,happy,subject_03,subject_03_happy_session_01
4.108,0.20953716100873362,happy,subject_03,subject_03_happy_session_01
4.112,0.23827123364621644,happy,subject_03,subject_03_happy_session_01
4.116,0.20937715938531193,happy,subject_03,subject_03_happy_session_01
4.12,0.2283076015022702,happy,subject_03,subject_03_happy_session_01
4.124,0.25254986296926196,happy,subject_03,subject_03_happy_session_01
4.128,0.22256044536858993,happy,subject_03,subject_03_happy_session_01
4.132,0.21505526509541895,happy,subject_03,subject_03_happy_session_01
4.136,0.20474590032101259,happy,subject_03,subject_03_happy_session_01
4.14,0.11707593695659738,happy,subject_03,subject_03_happy_session_01
4.144,0.17271234448503414,happy,subject_03,subject_03_happy_session_01
4.148,0.17202275453106786,happy,subject_03,subject_03_happy_session_01
4.152,0.17462378033192702,happy,subject_03,subject_03_happy_session_01
4.156,0.14505118788171867,happy,subject_03,subject_03_happy_session_01
4.16,0.16587949620259776,happy,subject_03,subject_03_happy_session_01
4.164,0.10023385995420903,happy,subject_03,subject_03_happy_session_01
4.168,0.19666953445985752,happy,subject_03,subject_03_happy_session_01
4.172,0.13980359398138995,happy,subject_03,subject_03_happy_session_01
4.176,0.08165220449893866,happy,subject_03,subject_03_happy_session_01
4.18,0.15519758467474495,happy,subject_03,subject_03_happy_session_01
4.184,0.06292212583076837,happy,subject_03,subject_03_happy_session_01
4.188,0.09690814198361988,happy,subject_03,subject_03_happy_session_01
4.192,0.09561852980783708,happy,subject_03,subject_03_happy_session_01
4.196,0.07268257880759754,happy,subject_03,subject_03_happy_session_01
4.2,0.0786825697378588,happy,subject_03,subject_03_happy_session_01
4.204,0.08160643335710752,happy,subject_03,subject_03_happy_session_01
4.208,0.03880369182214033,happy,subject_03,subject_03_happy_session_01
4.212,0.0834810955381823,happy,subject_03,subject_03_happy_session_01
4.216,0.07214970236855792,happy,subject_03,subject_03_happy_session_01
4.22,0.1388183038813513,happy,subject_03,subject_03_happy_session_01
4.224,0.12206710241675711,happy,subject_03,subject_03_happy_session_01
4.228,0.044434674440675184,happy,subject_03,subject_03_happy_session_01
4.232,0.06573330064724267,happy,subject_03,subject_03_happy_session_01
4.236,0.0475559453519772,happy,subject_03,subject_03_happy_session_01
4.24,0.06463448166447405,happy,subject_03,subject_03_happy_session_01
4.244,0.10589106310955788,happy,subject_03,subject_03_happy_session_01
4.248,0.07493691393621565,happy,subject_03,subject_03_happy_session_01
4.252,0.06418843932850565,happy,subject_03,subject_03_happy_session_01
4.256,0.1062987573049848,happy,subject_03,subject_03_happy_session_01
4.26,0.021027094107501074,happy,subject_03,subject_03_happy_session_01
4.264,0.07913852982152023,happy,subject_03,subject_03_happy_session_01
4.268,0.14451119857097716,happy,subject_03,subject_03_happy_session_01
4.272,0.15001996021310177,happy,subject_03,subject_03_happy_session_01
4.276,0.14976909426752083,happy,subject_03,subject_03_happy_session_01
4.28,0.06439423518959386,happy,subject_03,subject_03_happy_session_01
4.284,0.06716565560583393,happy,subject_03,subject_03_happy_session_01
4.288,0.09580929680765818,happy,subject_03,subject_03_happy_session_01
4.292,0.11554604871104086,happy,subject_03,subject_03_happy_session_01
4.296,0.09085010455902268,happy,subject_03,subject_03_happy_session_01
4.3,0.058413458933125835,happy,subject_03,subject_03_happy_session_01
4.304,0.14973009362390266,happy,subject_03,subject_03_happy_session_01
4.308,0.14319440167542036,happy,subject_03,subject_03_happy_session_01
4.312,0.09445414412553363,happy,subject_03,subject_03_happy_session_01
4.316,0.137925905969406,happy,subject_03,subject_03_happy_session_01
4.32,0.14324411155855374,happy,subject_03,subject_03_happy_session_01
4.324,0.023536530374498377,happy,subject_03,subject_03_happy_session_01
4.328,0.12542633438117395,happy,subject_03,subject_03_happy_session_01
4.332,0.0963894440983116,happy,subject_03,subject_03_happy_session_01
4.336,0.0058015358747966345,happy,subject_03,subject_03_happy_session_01
4.34,0.12436524975003338,happy,subject_03,subject_03_happy_session_01
4.344,0.08628897501461208,happy,subject_03,subject_03_happy_session_01
4.348,0.022328313185700485,happy,subject_03,subject_03_happy_session_01
4.352,0.08678710878764931,happy,subject_03,subject_03_happy_session_01
4.356,0.07396422785174357,happy,subject_03,subject_03_happy_session_01
4.36,0.08145975232806622,happy,subject_03,subject_03_happy_session_01
4.364,-0.010054397058559594,happy,subject_03,subject_03_happy_session_01
4.368,0.042494088085052575,happy,subject_03,subject_03_happy_session_01
4.372,0.014355034143291694,happy,subject_03,subject_03_happy_session_01
4.376,0.03897784197472161,happy,subject_03,subject_03_happy_session_01
4.38,-0.018409081948374546,happy,subject_03,subject_03_happy_session_01
4.384,-0.0013696963703147408,happy,subject_03,subject_03_happy_session_01
4.388,0.08866965861475623,happy,subject_03,subject_03_happy_session_01
4.392,0.0728431840767805,happy,subject_03,subject_03_happy_session_01
4.396,0.06393184393210134,happy,subject_03,subject_03_happy_session_01
4.4,0.07944809102908951,happy,subject_03,subject_03_happy_session_01
4.404,-0.039123929103609775,happy,subject_03,subject_03_happy_session_01
4.408,0.022932233964757638,happy,subject_03,subject_03_happy_session_01
4.412,0.032294486111399734,happy,subject_03,subject_03_happy_session_01
4.416,0.009252796399933644,happy,subject_03,subject_03_happy_session_01
4.42,-0.043077571602322125,happy,subject_03,subject_03_happy_session_01
4.424,0.05236492778338615,happy,subject_03,subject_03_happy_session_01
4.428,0.04252698936561974,happy,subject_03,subject_03_happy_session_01
4.432,-0.001411403243290154,happy,subject_03,subject_03_happy_session_01
4.436,0.048999484538418125,happy,subject_03,subject_03_happy_session_01
4.44,0.022116959183356766,happy,subject_03,subject_03_happy_session_01
4.444,0.03711852807871093,happy,subject_03,subject_03_happy_session_01
4.448,-0.021213240719001887,happy,subject_03,subject_03_happy_session_01
4.452,0.014641794848106297,happy,subject_03,subject_03_happy_session_01
4.456,0.013075906364331934,happy,subject_03,subject_03_happy_session_01
4.46,0.0022888134169810094,happy,subject_03,subject_03_happy_session_01
4.464,-0.06177883013172463,happy,subject_03,subject_03_happy_session_01
4.468,0.08227152904348681,happy,subject_03,subject_03_happy_session_01
4.472,0.1575974356205831,happy,subject_03,subject_03_happy_session_01
4.476,0.21866238190631102,happy,subject_03,subject_03_happy_session_01
4.48,0.3998008156587867,happy,subject_03,subject_03_happy_session_01
4.484,0.5327636446261923,happy,subject_03,subject_03_happy_session_01
4.488,0.6867002039945345,happy,subject_03,subject_03_happy_session_01
4.492,0.7963258023661587,happy,subject_03,subject_03_happy_session_01
4.496,0.8608735902929441,happy,subject_03,subject_03_happy_session_01
4.5,0.9334574790390319,happy,subject_03,subject_03_happy_session_01
4.504,1.0395812268445335,happy,subject_03,subject_03_happy_session_01
4.508,0.9477100891406339,happy,subject_03,subject_03_happy_session_01
4.512,0.8787658666118157,happy,subject_03,subject_03_happy_session_01
4.516,0.8159712249158831,happy,subject_03,subject_03_happy_session_01
4.52,0.5645337407871628,happy,subject_03,subject_03_happy_session_01
4.524,0.42475794964819513,happy,subject_03,subject_03_happy_session_01
4.528,0.35537775270062577,happy,subject_03,subject_03_happy_session_01
4.532,0.19643064005204786,happy,subject_03,subject_03_happy_session_01
4.536,0.01807411047462859,happy,subject_03,subject_03_happy_session_01
4.54,-0.0001576675272751786,happy,subject_03,subject_03_happy_session_01
4.544,-0.019302522959489962,happy,subject_03,subject_03_happy_session_01
4.548,-0.07832649394284369,happy,subject_03,subject_03_happy_session_01
4.552,-0.08632599171137703,happy,subject_03,subject_03_happy_session_01
4.556,-0.08078063682294889,happy,subject_03,subject_03_happy_session_01
4.56,0.025156446942816203,happy,subject_03,subject_03_happy_session_01
4.564,0.048052337170130396,happy,subject_03,subject_03_happy_session_01
4.568,0.05076303696216364,happy,subject_03,subject_03_happy_session_01
4.572,0.07686750314501456,happy,subject_03,subject_03_happy_session_01
4.576,0.08520640653750716,happy,subject_03,subject_03_happy_session_01
4.58,-0.00780300472293953,happy,subject_03,subject_03_happy_session_01
4.584,0.084203447745123,happy,subject_03,subject_03_happy_session_01
4.588,0.056589516221701816,happy,subject_03,subject_03_happy_session_01
4.592,0.12259418606190624,happy,subject_03,subject_03_happy_session_01
4.596,0.17818676241936227,happy,subject_03,subject_03_happy_session_01
4.6,0.05661030268310101,happy,subject_03,subject_03_happy_session_01
4.604,0.05680713367252338,happy,subject_03,subject_03_happy_session_01
4.608,0.058340831227195904,happy,subject_03,subject_03_happy_session_01
4.612,0.07884937953323358,happy,subject_03,subject_03_happy_session_01
4.616,0.08928931078457342,happy,subject_03,subject_03_happy_session_01
4.62,0.17861914132856355,happy,subject_03,subject_03_happy_session_01
4.624,0.09668947425276235,happy,subject_03,subject_03_happy_session_01
4.628,0.08230638549711727,happy,subject_03,subject_03_happy_session_01
4.632,0.10373313024743089,happy,subject_03,subject_03_happy_session_01
4.636,0.08059050659250427,happy,subject_03,subject_03_happy_session_01
4.64,0.05716596881281645,happy,subject_03,subject_03_happy_session_01
4.644,0.11738725642876101,happy,subject_03,subject_03_happy_session_01
4.648,0.21111926459497243,happy,subject_03,subject_03_happy_session_01
4.652,0.1676205214035141,happy,subject_03,subject_03_happy_session_01
4.656,0.12698844398204617,happy,subject_03,subject_03_happy_session_01
4.66,0.1634558792160492,happy,subject_03,subject_03_happy_session_01
4.664,0.24668452487663423,happy,subject_03,subject_03_happy_session_01
4.668,0.17325213431194855,happy,subject_03,subject_03_happy_session_01
4.672,0.1427899937470616,happy,subject_03,subject_03_happy_session_01
4.676,0.18401532696605352,happy,subject_03,subject_03_happy_session_01
4.68,0.21173577628983561,happy,subject_03,subject_03_happy_session_01
4.684,0.2114441025315582,happy,subject_03,subject_03_happy_session_01
4.688,0.25519903349563655,happy,subject_03,subject_03_happy_session_01
4.692,0.21519381907936488,happy,subject_03,subject_03_happy_session_01
4.696,0.13685721161578443,happy,subject_03,subject_03_happy_session_01
4.7,0.2423079790774349,happy,subject_03,subject_03_happy_session_01
4.704,0.24659025993458922,happy,subject_03,subject_03_happy_session_01
4.708,0.2506587661736999,happy,subject_03,subject_03_happy_session_01
4.712,0.21509568547835156,happy,subject_03,subject_03_happy_session_01
4.716,0.32015702941239377,happy,subject_03,subject_03_happy_session_01
4.72,0.21749247428215285,happy,subject_03,subject_03_happy_session_01
4.724,0.22590530873226142,happy,subject_03,subject_03_happy_session_01
4.728,0.2564316042151942,happy,subject_03,subject_03_happy_session_01
4.732,0.3145263051655367,happy,subject_03,subject_03_happy_session_01
4.736,0.3191480797000452,happy,subject_03,subject_03_happy_session_01
4.74,0.29613975535556175,happy,subject_03,subject_03_happy_session_01
4.744,0.30692818142743394,happy,subject_03,subject_03_happy_session_01
4.748,0.23139020335824165,happy,subject_03,subject_03_happy_session_01
4.752,0.2181812882484953,happy,subject_03,subject_03_happy_session_01
4.756,0.2647258799515281,happy,subject_03,subject_03_happy_session_01
4.76,0.3081891131577275,happy,subject_03,subject_03_happy_session_01
4.764,0.30792578044574614,happy,subject_03,subject_03_happy_session_01
4.768,0.24381381213222572,happy,subject_03,subject_03_happy_session_01
4.772,0.2376484043176826,happy,subject_03,subject_03_happy_session_01
4.776,0.30979050124233903,happy,subject_03,subject_03_happy_session_01
4.78,0.2720273325636677,happy,subject_03,subject_03_happy_session_01
4.784,0.18881130673755256,happy,subject_03,subject_03_happy_session_01
4.788,0.2174249464441817,happy,subject_03,subject_03_happy_session_01
4.792,0.26873213730286505,happy,subject_03,subject_03_happy_session_01
4.796,0.20478069267629462,happy,subject_03,subject_03_happy_session_01
4.8,0.20600600531855012,happy,subject_03,subject_03_happy_session_01
4.804,0.20108130836111182,happy,subject_03,subject_03_happy_session_01
4.808,0.2583730166493952,happy,subject_03,subject_03_happy_session_01
4.812,0.22063996601002378,happy,subject_03,subject_03_happy_session_01
4.816,0.27264521682845,happy,subject_03,subject_03_happy_session_01
4.82,0.19177944036573571,happy,subject_03,subject_03_happy_session_01
4.824,0.1920976217507419,happy,subject_03,subject_03_happy_session_01
4.828,0.20378809970859416,happy,subject_03,subject_03_happy_session_01
4.832,0.16276953293007207,happy,subject_03,subject_03_happy_session_01
4.836,0.12124179597076679,happy,subject_03,subject_03_happy_session_01
4.84,0.15745000433122966,happy,subject_03,subject_03_happy_session_01
4.844,0.1362757149251139,happy,subject_03,subject_03_happy_session_01
4.848,0.15086068440393294,happy,subject_03,subject_03_happy_session_01
4.852,0.127353634830981,happy,subject_03,subject_03_happy_session_01
4.856,0.15726957757485055,happy,subject_03,subject_03_happy_session_01
4.86,0.12263548191932104,happy,subject_03,subject_03_happy_session_01
4.864,0.07214592468414596,happy,subject_03,subject_03_happy_session_01
4.868,0.10099666826056307,happy,subject_03,subject_03_happy_session_01
4.872,0.07516334931132825,happy,subject_03,subject_03_happy_session_01
4.876,0.1793603585309888,happy,subject_03,subject_03_happy_session_01
4.88,0.1090191554618692,happy,subject_03,subject_03_happy_session_01
4.884,0.12653968416795178,happy,subject_03,subject_03_happy_session_01
4.888,0.09612459054026654,happy,subject_03,subject_03_happy_session_01
4.892,0.16049674700074756,happy,subject_03,subject_03_happy_session_01
4.896,0.049574771423232404,happy,subject_03,subject_03_happy_session_01
4.9,0.0639853332348769,happy,subject_03,subject_03_happy_session_01
4.904,0.12922897903683256,happy,subject_03,subject_03_happy_session_01
4.908,0.0713602748493112,happy,subject_03,subject_03_happy_session_01
4.912,0.06310530241739175,happy,subject_03,subject_03_happy_session_01
4.916,0.07006529590660815,happy,subject_03,subject_03_happy_session_01
4.92,0.1583423931378125,happy,subject_03,subject_03_happy_session_01
4.924,0.16386220901879672,happy,subject_03,subject_03_happy_session_01
4.928,0.10873875729880121,happy,subject_03,subject_03_happy_session_01
4.932,0.10384786319357481,happy,subject_03,subject_03_happy_session_01
4.936,0.12735467210700063,happy,subject_03,subject_03_happy_session_01
4.94,0.11697190096090228,happy,subject_03,subject_03_happy_session_01
4.944,0.1129298808160442,happy,subject_03,subject_03_happy_session_01
4.948,0.09470304356119266,happy,subject_03,subject_03_happy_session_01
4.952,0.09266833418335152,happy,subject_03,subject_03_happy_session_01
4.956,0.13526649817575506,happy,subject_03,subject_03_happy_session_01
4.96,0.12628948757938596,happy,subject_03,subject_03_happy_session_01
4.964,0.17606460632640855,happy,subject_03,subject_03_happy_session_01
4.968,0.11847533534015849,happy,subject_03,subject_03_happy_session_01
4.972,0.09756551697128986,happy,subject_03,subject_03_happy_session_01
4.976,0.08066447818185586,happy,subject_03,subject_03_happy_session_01
4.98,0.10615482936864895,happy,subject_03,subject_03_happy_session_01
4.984,0.08327468772284294,happy,subject_03,subject_03_happy_session_01
4.988,0.17362876440549782,happy,subject_03,subject_03_happy_session_01
4.992,0.11771723185643967,happy,subject_03,subject_03_happy_session_01
4.996,0.10413464892412533,happy,subject_03,subject_03_happy_session_01
5.0,0.14551146269703236,happy,subject_03,subject_03_happy_session_01
5.004,0.19398691378731941,happy,subject_03,subject_03_happy_session_01
5.008,0.1072749140800477,happy,subject_03,subject_03_happy_session_01
5.012,0.07842680396141594,happy,subject_03,subject_03_happy_session_01
5.016,0.09971890827951978,happy,subject_03,subject_03_happy_session_01
5.02,0.04358432798456362,happy,subject_03,subject_03_happy_session_01
5.024,0.12145054814584746,happy,subject_03,subject_03_happy_session_01
5.028,0.11823935915990524,happy,subject_03,subject_03_happy_session_01
5.032,0.07718318378988116,happy,subject_03,subject_03_happy_session_01
5.036,0.04785688791461292,happy,subject_03,subject_03_happy_session_01
5.04,0.1656655161281785,happy,subject_03,subject_03_happy_session_01
5.044,0.03335581236428463,happy,subject_03,subject_03_happy_session_01
5.048,0.04506533019949204,happy,subject_03,subject_03_happy_session_01
5.052,0.06771362478696571,happy,subject_03,subject_03_happy_session_01
5.056,0.0921450700554933,happy,subject_03,subject_03_happy_session_01
5.06,0.05256858928968164,happy,subject_03,subject_03_happy_session_01
5.064,0.05525250501199235,happy,subject_03,subject_03_happy_session_01
5.068,0.07196124821794488,happy,subject_03,subject_03_happy_session_01
5.072,0.15962192847232204,happy,subject_03,subject_03_happy_session_01
5.076,0.024378190642596824,happy,subject_03,subject_03_happy_session_01
5.08,0.024360949868095776,happy,subject_03,subject_03_happy_session_01
5.084,0.03631157545922864,happy,subject_03,subject_03_happy_session_01
5.088,0.06200415360265091,happy,subject_03,subject_03_happy_session_01
5.092,0.12504589163200777,happy,subject_03,subject_03_happy_session_01
5.096,0.031453701086926605,happy,subject_03,subject_03_happy_session_01
5.1,0.05361871643486457,happy,subject_03,subject_03_happy_session_01
5.104,-0.04230363250306459,happy,subject_03,subject_03_happy_session_01
5.108,0.03473292753048268,happy,subject_03,subject_03_happy_session_01
5.112,0.0312627386009295,happy,subject_03,subject_03_happy_session_01
5.116,0.06665367568101907,happy,subject_03,subject_03_happy_session_01
5.12,0.011789204438672131,happy,subject_03,subject_03_happy_session_01
5.124,-0.014708443008231094,happy,subject_03,subject_03_happy_session_01
5.128,0.03310221680978352,happy,subject_03,subject_03_happy_session_01
5.132,-0.03383066703617927,happy,subject_03,subject_03_happy_session_01
5.136,-0.012078070195865053,happy,subject_03,subject_03_happy_session_01
5.14,0.015857347845356067,happy,subject_03,subject_03_happy_session_01
5.144,-0.06409777548377052,happy,subject_03,subject_03_happy_session_01
5.148,0.03206908798288325,happy,subject_03,subject_03_happy_session_01
5.152,0.14060138443900624,happy,subject_03,subject_03_happy_session_01
5.156,0.10165748914475509,happy,subject_03,subject_03_happy_session_01
5.16,0.23649095519098953,happy,subject_03,subject_03_happy_session_01
5.164,0.40883180951813786,happy,subject_03,subject_03_happy_session_01
5.168,0.5610182693091135,happy,subject_03,subject_03_happy_session_01
5.172,0.6824877291098448,happy,subject_03,subject_03_happy_session_01
5.176,0.810923795496513,happy,subject_03,subject_03_happy_session_01
5.18,0.9862735189847526,happy,subject_03,subject_03_happy_session_01
5.184,1.0074734096734228,happy,subject_03,subject_03_happy_session_01
5.188,0.9858554476354712,happy,subject_03,subject_03_happy_session_01
5.192,0.9973728293361317,happy,subject_03,subject_03_happy_session_01
5.196,0.90896183972274,happy,subject_03,subject_03_happy_session_01
5.2,0.7780331484511823,happy,subject_03,subject_03_happy_session_01
5.204,0.5870809880838364,happy,subject_03,subject_03_happy_session_01
5.208,0.48716484969454377,happy,subject_03,subject_03_happy_session_01
5.212,0.3543829364643757,happy,subject_03,subject_03_happy_session_01
5.216,0.2257926903965136,happy,subject_03,subject_03_happy_session_01
5.22,0.09409018922197802,happy,subject_03,subject_03_happy_session_01
5.224,0.022135226390994647,happy,subject_03,subject_03_happy_session_01
5.228,-0.039589365742036337,happy,subject_03,subject_03_happy_session_01
5.232,-0.000600777251157647,happy,subject_03,subject_03_happy_session_01
5.236,-0.07224688658026199,happy,subject_03,subject_03_happy_session_01
5.24,-0.035017746029171876,happy,subject_03,subject_03_happy_session_01
5.244,-0.027964752532509216,happy,subject_03,subject_03_happy_session_01
5.248,0.01214344895741953,happy,subject_03,subject_03_happy_session_01
5.252,0.07462145114460515,happy,subject_03,subject_03_happy_session_01
5.256,-0.003698483675498819,happy,subject_03,subject_03_happy_session_01
5.26,0.05410924212942868,happy,subject_03,subject_03_happy_session_01
5.264,0.059564313824545134,happy,subject_03,subject_03_happy_session_01
5.268,0.018976635216860785,happy,subject_03,subject_03_happy_session_01
5.272,0.04929083611642278,happy,subject_03,subject_03_happy_session_01
5.276,0.02790069261194364,happy,subject_03,subject_03_happy_session_01
5.28,0.06618948513092146,happy,subject_03,subject_03_happy_session_01
5.284,0.062111987119019385,happy,subject_03,subject_03_happy_session_01
5.288,0.1227511003539655,happy,subject_03,subject_03_happy_session_01
5.292,0.04739359956880517,happy,subject_03,subject_03_happy_session_01
5.296,0.0725297698906839,happy,subject_03,subject_03_happy_session_01
5.3,0.07011770043311531,happy,subject_03,subject_03_happy_session_01
5.304,0.13560286483512818,happy,subject_03,subject_03_happy_session_01
5.308,0.07608556491512654,happy,subject_03,subject_03_happy_session_01
5.312,0.06759854585453232,happy,subject_03,subject_03_happy_session_01
5.316,0.07736952803913019,happy,subject_03,subject_03_happy_session_01
5.32,0.08278721867352315,happy,subject_03,subject_03_happy_session_01
5.324,0.09642385347195184,happy,subject_03,subject_03_happy_session_01
5.328,0.09328999267239714,happy,subject_03,subject_03_happy_session_01
5.332,0.13047337849137627,happy,subject_03,subject_03_happy_session_01
5.336,0.09136488466625052,happy,subject_03,subject_03_happy_session_01
5.34,0.16405437660059857,happy,subject_03,subject_03_happy_session_01
5.344,0.15251849846541582,happy,subject_03,subject_03_happy_session_01
5.348,0.2151607095148907,happy,subject_03,subject_03_happy_session_01
5.352,0.18214784107712792,happy,subject_03,subject_03_happy_session_01
5.356,0.1860756037037467,happy,subject_03,subject_03_happy_session_01
5.36,0.25108341873201395,happy,subject_03,subject_03_happy_session_01
5.364,0.20341345763002067,happy,subject_03,subject_03_happy_session_01
5.368,0.1880906421878929,happy,subject_03,subject_03_happy_session_01
5.372,0.1724833526298139,happy,subject_03,subject_03_happy_session_01
5.376,0.2609123159630682,happy,subject_03,subject_03_happy_session_01
5.38,0.18173755658040347,happy,subject_03,subject_03_happy_session_01
5.384,0.18388701476042296,happy,subject_03,subject_03_happy_session_01
5.388,0.19051231292467655,happy,subject_03,subject_03_happy_session_01
5.392,0.21005843304847047,happy,subject_03,subject_03_happy_session_01
5.396,0.24371354075675053,happy,subject_03,subject_03_happy_session_01
5.4,0.23842420392363875,happy,subject_03,subject_03_happy_session_01
5.404,0.2709564469509508,happy,subject_03,subject_03_happy_session_01
5.408,0.21891930103957832,happy,subject_03,subject_03_happy_session_01
5.412,0.2305590696630848,happy,subject_03,subject_03_happy_session_01
5.416,0.2699154621268212,happy,subject_03,subject_03_happy_session_01
5.42,0.23370843343268327,happy,subject_03,subject_03_happy_session_01
5.424,0.22211286759586937,happy,subject_03,subject_03_happy_session_01
5.428,0.21798088286154207,happy,subject_03,subject_03_happy_session_01
5.432,0.270953072077374,happy,subject_03,subject_03_happy_session_01
5.436,0.27074800682869676,happy,subject_03,subject_03_happy_session_01
5.44,0.26897904820763174,happy,subject_03,subject_03_happy_session_01
5.444,0.31488676686545086,happy,subject_03,subject_03_happy_session_01
5.448,0.28150610885100946,happy,subject_03,subject_03_happy_session_01
5.452,0.2689655691754264,happy,subject_03,subject_03_happy_session_01
5.456,0.3135617099249121,happy,subject_03,subject_03_happy_session_01
5.46,0.29735521928513786,happy,subject_03,subject_03_happy_session_01
5.464,0.23397466571443015,happy,subject_03,subject_03_happy_session_01
5.468,0.2844926290489872,happy,subject_03,subject_03_happy_session_01
5.472,0.31259760728530017,happy,subject_03,subject_03_happy_session_01
5.476,0.3075202848686673,happy,subject_03,subject_03_happy_session_01
5.48,0.27388412648532307,happy,subject_03,subject_03_happy_session_01
5.484,0.24724535810939738,happy,subject_03,subject_03_happy_session_01
5.488,0.23743828702753936,happy,subject_03,subject_03_happy_session_01
5.492,0.27158513298499287,happy,subject_03,subject_03_happy_session_01
5.496,0.1667997710490384,happy,subject_03,subject_03_happy_session_01
5.5,0.2507973738938159,happy,subject_03,subject_03_happy_session_01
5.504,0.20362846617186853,happy,subject_03,subject_03_happy_session_01
5.508,0.15926993147877264,happy,subject_03,subject_03_happy_session_01
5.512,0.14260649615235513,happy,subject_03,subject_03_happy_session_01
5.516,0.11664874444637084,happy,subject_03,subject_03_happy_session_01
5.52,0.18847286693621323,happy,subject_03,subject_03_happy_session_01
5.524,0.22841711640971288,happy,subject_03,subject_03_happy_session_01
5.528,0.13616356374600283,happy,subject_03,subject_03_happy_session_01
5.532,0.11638077820146009,happy,subject_03,subject_03_happy_session_01
5.536,0.1813737541755902,happy,subject_03,subject_03_happy_session_01
5.54,0.1360710841018161,happy,subject_03,subject_03_happy_session_01
5.544,0.16927641510360175,happy,subject_03,subject_03_happy_session_01
5.548,0.08478769717313739,happy,subject_03,subject_03_happy_session_01
5.552,0.1356836583932791,happy,subject_03,subject_03_happy_session_01
5.556,0.17064594106140324,happy,subject_03,subject_03_happy_session_01
5.56,0.06504634927937103,happy,subject_03,subject_03_happy_session_01
5.564,0.08568947089568063,happy,subject_03,subject_03_happy_session_01
5.568,0.07986081197123435,happy,subject_03,subject_03_happy_session_01
5.572,0.11486062405068362,happy,subject_03,subject_03_happy_session_01
5.576,0.12940029721528404,happy,subject_03,subject_03_happy_session_01
5.58,0.0586323246064078,happy,subject_03,subject_03_happy_session_01
5.584,0.167730327509161,happy,subject_03,subject_03_happy_session_01
5.588,0.08068351951537688,happy,subject_03,subject_03_happy_session_01
5.592,0.05786081804478186,happy,subject_03,subject_03_happy_session_01
5.596,0.1273339217531706,happy,subject_03,subject_03_happy_session_01
5.6,0.08251265010134422,happy,subject_03,subject_03_happy_session_01
5.604,0.06527798275425842,happy,subject_03,subject_03_happy_session_01
5.608,0.060860763130502635,happy,subject_03,subject_03_happy_session_01
5.612,0.15533998409337849,happy,subject_03,subject_03_happy_session_01
5.616,0.04936612212832204,happy,subject_03,subject_03_happy_session_01
5.62,0.12635174848269642,happy,subject_03,subject_03_happy_session_01
5.624,0.061666716898780075,happy,subject_03,subject_03_happy_session_01
5.628,0.0716491132253014,happy,subject_03,subject_03_happy_session_01
5.632,0.09409784019860276,happy,subject_03,subject_03_happy_session_01
5.636,0.11682526446384578,happy,subject_03,subject_03_happy_session_01
5.64,0.04648182006768029,happy,subject_03,subject_03_happy_session_01
5.644,0.08833924966580552,happy,subject_03,subject_03_happy_session_01
5.648,0.14648817897660302,happy,subject_03,subject_03_happy_session_01
5.652,0.14903219038842505,happy,subject_03,subject_03_happy_session_01
5.656,0.10524729130546558,happy,subject_03,subject_03_happy_session_01
5.66,0.0759600894551928,happy,subject_03,subject_03_happy_session_01
5.664,0.12570740337092692,happy,subject_03,subject_03_happy_session_01
5.668,0.14773423739262057,happy,subject_03,subject_03_happy_session_01
5.672,0.12460471655243165,happy,subject_03,subject_03_happy_session_01
5.676,0.1664048937427829,happy,subject_03,subject_03_happy_session_01
5.68,0.10602003153661278,happy,subject_03,subject_03_happy_session_01
5.684,0.06687798091626695,happy,subject_03,subject_03_happy_session_01
5.688,0.0890738113503864,happy,subject_03,subject_03_happy_session_01
5.692,0.10622393410740691,happy,subject_03,subject_03_happy_session_01
5.696,0.07729095041133316,happy,subject_03,subject_03_happy_session_01
5.7,0.07900891399474219,happy,subject_03,subject_03_happy_session_01
5.704,0.1257675207114346,happy,subject_03,subject_03_happy_session_01
5.708,0.05830954162698032,happy,subject_03,subject_03_happy_session_01
5.712,0.03453092442614602,happy,subject_03,subject_03_happy_session_01
5.716,0.10389352907611579,happy,subject_03,subject_03_happy_session_01
5.72,0.09248223697402905,happy,subject_03,subject_03_happy_session_01
5.724,0.028015587735995218,happy,subject_03,subject_03_happy_session_01
5.728,0.08364763624701618,happy,subject_03,subject_03_happy_session_01
5.732,0.014095980677941142,happy,subject_03,subject_03_happy_session_01
5.736,0.023383478998792846,happy,subject_03,subject_03_happy_session_01
5.74,0.0053928337883804925,happy,subject_03,subject_03_happy_session_01
5.744,0.023672989474103134,happy,subject_03,subject_03_happy_session_01
5.748,0.055475898503549184,happy,subject_03,subject_03_happy_session_01
5.752,0.04155127116822847,happy,subject_03,subject_03_happy_session_01
5.756,0.00035284399383772244,happy,subject_03,subject_03_happy_session_01
5.76,0.03253773617099328,happy,subject_03,subject_03_happy_session_01
5.764,0.03668633679456066,happy,subject_03,subject_03_happy_session_01
5.768,0.05447271327452927,happy,subject_03,subject_03_happy_session_01
5.772,0.0316159073279252,happy,subject_03,subject_03_happy_session_01
5.776,0.04313586392701647,happy,subject_03,subject_03_happy_session_01
5.78,0.018099306588781117,happy,subject_03,subject_03_happy_session_01
5.784,-0.013961224386518926,happy,subject_03,subject_03_happy_session_01
5.788,0.019135022786367577,happy,subject_03,subject_03_happy_session_01
5.792,0.055076683796913495,happy,subject_03,subject_03_happy_session_01
5.796,0.056043035485922266,happy,subject_03,subject_03_happy_session_01
5.8,-0.07959933118994134,happy,subject_03,subject_03_happy_session_01
5.804,0.03153056604645078,happy,subject_03,subject_03_happy_session_01
5.808,-0.009743603103236438,happy,subject_03,subject_03_happy_session_01
5.812,0.01842032399175809,happy,subject_03,subject_03_happy_session_01
5.816,-0.04787622155727639,happy,subject_03,subject_03_happy_session_01
5.82,-0.01995147083013672,happy,subject_03,subject_03_happy_session_01
5.824,-0.06330189686486287,happy,subject_03,subject_03_happy_session_01
5.828,-0.016584510778408494,happy,subject_03,subject_03_happy_session_01
5.832,0.04091411508247378,happy,subject_03,subject_03_happy_session_01
5.836,0.07935104322608327,happy,subject_03,subject_03_happy_session_01
5.84,0.21149908908069384,happy,subject_03,subject_03_happy_session_01
5.844,0.22059643753273872,happy,subject_03,subject_03_happy_session_01
5.848,0.33557033404841347,happy,subject_03,subject_03_happy_session_01
5.852,0.5589254889984147,happy,subject_03,subject_03_happy_session_01
5.856,0.5981949113343527,happy,subject_03,subject_03_happy_session_01
5.86,0.8018806263163502,happy,subject_03,subject_03_happy_session_01
5.864,0.9235483112774647,happy,subject_03,subject_03_happy_session_01
5.868,0.8965874552399404,happy,subject_03,subject_03_happy_session_01
5.872,0.9620042964690109,happy,subject_03,subject_03_happy_session_01
5.876,0.9225479749113102,happy,subject_03,subject_03_happy_session_01
5.88,0.9198835342885892,happy,subject_03,subject_03_happy_session_01
5.884,0.7478132288109077,happy,subject_03,subject_03_happy_session_01
5.888,0.6135987898331215,happy,subject_03,subject_03_happy_session_01
5.892,0.4076015105447619,happy,subject_03,subject_03_happy_session_01
5.896,0.2821864722902092,happy,subject_03,subject_03_happy_session_01
5.9,0.14828407703554297,happy,subject_03,subject_03_happy_session_01
5.904,0.06235243175358242,happy,subject_03,subject_03_happy_session_01
5.908,-0.013654130481636703,happy,subject_03,subject_03_happy_session_01
5.912,0.007504632356709166,happy,subject_03,subject_03_happy_session_01
5.916,-0.034353522850383234,happy,subject_03,subject_03_happy_session_01
5.92,-0.11700593017112007,happy,subject_03,subject_03_happy_session_01
5.924,-0.005489559900003799,happy,subject_03,subject_03_happy_session_01
5.928,0.006604312998431304,happy,subject_03,subject_03_happy_session_01
5.932,-0.006117258732962712,happy,subject_03,subject_03_happy_session_01
5.936,0.03850505125548606,happy,subject_03,subject_03_happy_session_01
5.94,0.05517683100919363,happy,subject_03,subject_03_happy_session_01
5.944,0.0024347489464235893,happy,subject_03,subject_03_happy_session_01
5.948,-0.01869094899568174,happy,subject_03,subject_03_happy_session_01
5.952,0.04736727857323958,happy,subject_03,subject_03_happy_session_01
5.956,0.0022572080829839254,happy,subject_03,subject_03_happy_session_01
5.96,0.04319706759330969,happy,subject_03,subject_03_happy_session_01
5.964,0.0008849026526951964,happy,subject_03,subject_03_happy_session_01
5.968,0.07478471942810977,happy,subject_03,subject_03_happy_session_01
5.972,0.017839308578437848,happy,subject_03,subject_03_happy_session_01
5.976,0.04102716652870565,happy,subject_03,subject_03_happy_session_01
5.98,0.043043880157982536,happy,subject_03,subject_03_happy_session_01
5.984,0.0076483668767985125,happy,subject_03,subject_03_happy_session_01
5.988,0.09982182816687837,happy,subject_03,subject_03_happy_session_01
5.992,0.11211595772938018,happy,subject_03,subject_03_happy_session_01
5.996,0.06748837656172586,happy,subject_03,subject_03_happy_session_01
6.0,0.0515639739296026,happy,subject_03,subject_03_happy_session_01
6.004,0.07585616950584047,happy,subject_03,subject_03_happy_session_01
6.008,0.07248106989802693,happy,subject_03,subject_03_happy_session_01
6.012,0.09577467984527904,happy,subject_03,subject_03_happy_session_01
6.016,0.09225516100201347,happy,subject_03,subject_03_happy_session_01
6.02,0.07820395323081286,happy,subject_03,subject_03_happy_session_01
6.024,0.15651921287615697,happy,subject_03,subject_03_happy_session_01
6.028,0.11653845851048072,happy,subject_03,subject_03_happy_session_01
6.032,0.19887030706494963,happy,subject_03,subject_03_happy_session_01
6.036,0.14223011354310292,happy,subject_03,subject_03_happy_session_01
6.04,0.1317866368932875,happy,subject_03,subject_03_happy_session_01
6.044,0.14347205009708355,happy,subject_03,subject_03_happy_session_01
6.048,0.14786557125415653,happy,subject_03,subject_03_happy_session_01
6.052,0.1643184240730777,happy,subject_03,subject_03_happy_session_01
6.056,0.1830870482093396,happy,subject_03,subject_03_happy_session_01
6.06,0.1430507575734957,happy,subject_03,subject_03_happy_session_01
6.064,0.15345938703851347,happy,subject_03,subject_03_happy_session_01
6.068,0.2231724457293694,happy,subject_03,subject_03_happy_session_01
6.072,0.22019855020114834,happy,subject_03,subject_03_happy_session_01
6.076,0.1532036665418993,happy,subject_03,subject_03_happy_session_01
6.08,0.23234261885862478,happy,subject_03,subject_03_happy_session_01
6.084,0.24879316765730025,happy,subject_03,subject_03_happy_session_01
6.088,0.23311031883704159,happy,subject_03,subject_03_happy_session_01
6.092,0.1708101136501183,happy,subject_03,subject_03_happy_session_01
6.096,0.1858321132674792,happy,subject_03,subject_03_happy_session_01
6.1,0.23438335111741285,happy,subject_03,subject_03_happy_session_01
6.104,0.30475295047531137,happy,subject_03,subject_03_happy_session_01
6.108,0.2222914070162813,happy,subject_03,subject_03_happy_session_01
6.112,0.2639945756683535,happy,subject_03,subject_03_happy_session_01
6.116,0.22132204980475578,happy,subject_03,subject_03_happy_session_01
6.12,0.30379833952537466,happy,subject_03,subject_03_happy_session_01
6.124,0.24556752995348516,happy,subject_03,subject_03_happy_session_01
6.128,0.20086475527021055,happy,subject_03,subject_03_happy_session_01
6.132,0.21333570268573918,happy,subject_03,subject_03_happy_session_01
6.136,0.20847266312958374,happy,subject_03,subject_03_happy_session_01
6.14,0.24128138800685126,happy,subject_03,subject_03_happy_session_01
6.144,0.20962737126119207,happy,subject_03,subject_03_happy_session_01
6.148,0.21290031483842772,happy,subject_03,subject_03_happy_session_01
6.152,0.294057016017962,happy,subject_03,subject_03_happy_session_01
6.156,0.20061773115172665,happy,subject_03,subject_03_happy_session_01
6.16,0.22205526602477246,happy,subject_03,subject_03_happy_session_01
6.164,0.20063281008350575,happy,subject_03,subject_03_happy_session_01
6.168,0.2023797559823885,happy,subject_03,subject_03_happy_session_01
6.172,0.22100392512382733,happy,subject_03,subject_03_happy_session_01
6.176,0.11397981893475308,happy,subject_03,subject_03_happy_session_01
6.18,0.1891641811960648,happy,subject_03,subject_03_happy_session_01
6.184,0.16350153425056002,happy,subject_03,subject_03_happy_session_01
6.188,0.17539733040845168,happy,subject_03,subject_03_happy_session_01
6.192,0.15459004486579514,happy,subject_03,subject_03_happy_session_01
6.196,0.14727229563499114,happy,subject_03,subject_03_happy_session_01
6.2,0.1567463443312643,happy,subject_03,subject_03_happy_session_01
6.204,0.11947344479419997,happy,subject_03,subject_03_happy_session_01
6.208,0.19995298248735272,happy,subject_03,subject_03_happy_session_01
6.212,0.08989620754248068,happy,subject_03,subject_03_happy_session_01
6.216,0.16653542588682924,happy,subject_03,subject_03_happy_session_01
6.22,0.06549171281103278,happy,subject_03,subject_03_happy_session_01
6.224,0.09269508538122889,happy,subject_03,subject_03_happy_session_01
6.228,0.10603728501586968,happy,subject_03,subject_03_happy_session_01
6.232,0.056047630142708305,happy,subject_03,subject_03_happy_session_01
6.236,0.04750160609688575,happy,subject_03,subject_03_happy_session_01
6.24,0.06697322840247637,happy,subject_03,subject_03_happy_session_01
6.244,0.10280466605868621,happy,subject_03,subject_03_happy_session_01
6.248,0.06941467040162332,happy,subject_03,subject_03_happy_session_01
6.252,0.12843462031733252,happy,subject_03,subject_03_happy_session_01
6.256,0.0779660310490339,happy,subject_03,subject_03_happy_session_01
6.26,0.038821487802876795,happy,subject_03,subject_03_happy_session_01
6.264,-0.042273356690496956,happy,subject_03,subject_03_happy_session_01
6.268,-0.00447838921767349,happy,subject_03,subject_03_happy_session_01
6.272,0.038899977543114174,happy,subject_03,subject_03_happy_session_01
6.276,-0.0075837128017723215,happy,subject_03,subject_03_happy_session_01
6.28,0.04006483985718319,happy,subject_03,subject_03_happy_session_01
6.284,0.05484915486402914,happy,subject_03,subject_03_happy_session_01
6.288,0.03760913897395482,happy,subject_03,subject_03_happy_session_01
6.292,0.039737456489867894,happy,subject_03,subject_03_happy_session_01
6.296,0.11965537543248525,happy,subject_03,subject_03_happy_session_01
6.3,0.05581552109390841,happy,subject_03,subject_03_happy_session_01
6.304,0.05147599104762969,happy,subject_03,subject_03_happy_session_01
6.308,0.024612380038106473,happy,subject_03,subject_03_happy_session_01
6.312,0.06266031211424954,happy,subject_03,subject_03_happy_session_01
6.316,0.049538429019354874,happy,subject_03,subject_03_happy_session_01
6.32,0.13290897923277795,happy,subject_03,subject_03_happy_session_01
6.324,0.09328276327588236,happy,subject_03,subject_03_happy_session_01
6.328,0.12641088696542885,happy,subject_03,subject_03_happy_session_01
6.332,0.08706560562193713,happy,subject_03,subject_03_happy_session_01
6.336,0.12607459608915167,happy,subject_03,subject_03_happy_session_01
6.34,0.04967947805732637,happy,subject_03,subject_03_happy_session_01
6.344,0.09512726483154807,happy,subject_03,subject_03_happy_session_01
6.348,0.05703763485836226,happy,subject_03,subject_03_happy_session_01
6.352,0.07247279221537797,happy,subject_03,subject_03_happy_session_01
6.356,0.08901027548624993,happy,subject_03,subject_03_happy_session_01
6.36,0.05302306831237626,happy,subject_03,subject_03_happy_session_01
6.364,0.033600288185160115,happy,subject_03,subject_03_happy_session_01
6.368,0.11675711357579652,happy,subject_03,subject_03_happy_session_01
6.372,0.020400190154927923,happy,subject_03,subject_03_happy_session_01
6.376,0.13466263218523358,happy,subject_03,subject_03_happy_session_01
6.38,0.042713767388453075,happy,subject_03,subject_03_happy_session_01
6.384,0.08638521405834526,happy,subject_03,subject_03_happy_session_01
6.388,0.08336093702623548,happy,subject_03,subject_03_happy_session_01
6.392,0.017434689942000904,happy,subject_03,subject_03_happy_session_01
6.396,0.06669985722945634,happy,subject_03,subject_03_happy_session_01
6.4,0.05097552161104267,happy,subject_03,subject_03_happy_session_01
6.404,0.06142910126542189,happy,subject_03,subject_03_happy_session_01
6.408,0.07611284273149405,happy,subject_03,subject_03_happy_session_01
6.412,0.05684764405228769,happy,subject_03,subject_03_happy_session_01
6.416,-0.007223027793520048,happy,subject_03,subject_03_happy_session_01
6.42,0.013472175787564586,happy,subject_03,subject_03_happy_session_01
6.424,-0.015243448144588093,happy,subject_03,subject_03_happy_session_01
6.428,-0.010861544927295822,happy,subject_03,subject_03_happy_session_01
6.432,0.022414253941949184,happy,subject_03,subject_03_happy_session_01
6.436,0.022913977146370137,happy,subject_03,subject_03_happy_session_01
6.44,0.018863150895469458,happy,subject_03,subject_03_happy_session_01
6.444,0.00566895239350194,happy,subject_03,subject_03_happy_session_01
6.448,0.008455178946462909,happy,subject_03,subject_03_happy_session_01
6.452,-0.025130641746485112,happy,subject_03,subject_03_happy_session_01
6.456,0.03611776103973696,happy,subject_03,subject_03_happy_session_01
6.46,0.010519415559216167,happy,subject_03,subject_03_happy_session_01
6.464,-0.015047147082691337,happy,subject_03,subject_03_happy_session_01
6.468,0.023873146334777003,happy,subject_03,subject_03_happy_session_01
6.472,-0.03462626134787204,happy,subject_03,subject_03_happy_session_01
6.476,-0.013311408892302149,happy,subject_03,subject_03_happy_session_01
6.48,0.013004308958834275,happy,subject_03,subject_03_happy_session_01
6.484,-0.06182485209119125,happy,subject_03,subject_03_happy_session_01
6.488,0.05741120630432518,happy,subject_03,subject_03_happy_session_01
6.492,-0.0429120444074849,happy,subject_03,subject_03_happy_session_01
6.496,-0.04124967079582339,happy,subject_03,subject_03_happy_session_01
6.5,-0.029129240340105066,happy,subject_03,subject_03_happy_session_01
6.504,-0.00871054262431353,happy,subject_03,subject_03_happy_session_01
6.508,-0.007577197384685083,happy,subject_03,subject_03_happy_session_01
6.512,0.021411158449096176,happy,subject_03,subject_03_happy_session_01
6.516,-0.012153170412014355,happy,subject_03,subject_03_happy_session_01
6.52,0.04581068211662009,happy,subject_03,subject_03_happy_session_01
6.524,0.05309119400231677,happy,subject_03,subject_03_happy_session_01
6.528,0.17173445289840275,happy,subject_03,subject_03_happy_session_01
6.532,0.33375825571429285,happy,subject_03,subject_03_happy_session_01
6.536,0.49364324766118783,happy,subject_03,subject_03_happy_session_01
6.54,0.6274090684373357,happy,subject_03,subject_03_happy_session_01
6.544,0.7842871432257149,happy,subject_03,subject_03_happy_session_01
6.548,0.8748433348006861,happy,subject_03,subject_03_happy_session_01
6.552,0.9402033387433875,happy,subject_03,subject_03_happy_session_01
6.556,1.0551872742259554,happy,subject_03,subject_03_happy_session_01
6.56,0.9322019939576999,happy,subject_03,subject_03_happy_session_01
6.564,0.8973085512956593,happy,subject_03,subject_03_happy_session_01
6.568,0.6958188691603818,happy,subject_03,subject_03_happy_session_01
6.572,0.5983145781505551,happy,subject_03,subject_03_happy_session_01
6.576,0.41182464953224035,happy,subject_03,subject_03_happy_session_01
6.58,0.35125891618751404,happy,subject_03,subject_03_happy_session_01
6.584,0.12791759788053203,happy,subject_03,subject_03_happy_session_01
6.588,0.04047139809192007,happy,subject_03,subject_03_happy_session_01
6.592,-0.06013255528038375,happy,subject_03,subject_03_happy_session_01
6.596,-0.10317114502202672,happy,subject_03,subject_03_happy_session_01
6.6,-0.08944592957938417,happy,subject_03,subject_03_happy_session_01
6.604,-0.07028345965001012,happy,subject_03,subject_03_happy_session_01
6.608,-0.032150706698499246,happy,subject_03,subject_03_happy_session_01
6.612,-0.07245098038626617,happy,subject_03,subject_03_happy_session_01
6.616,-0.0572597934726575,happy,subject_03,subject_03_happy_session_01
6.62,0.021159195919255375,happy,subject_03,subject_03_happy_session_01
6.624,0.04113212667916277,happy,subject_03,subject_03_happy_session_01
6.628,-0.011165909062904348,happy,subject_03,subject_03_happy_session_01
6.632,0.012726266507137679,happy,subject_03,subject_03_happy_session_01
6.636,0.058544491385398946,happy,subject_03,subject_03_happy_session_01
6.64,0.09610686440692276,happy,subject_03,subject_03_happy_session_01
6.644,0.021291915842706885,happy,subject_03,subject_03_happy_session_01
6.648,0.03635585137341717,happy,subject_03,subject_03_happy_session_01
6.652,0.01820843703322391,happy,subject_03,subject_03_happy_session_01
6.656,-0.03443070721609419,happy,subject_03,subject_03_happy_session_01
6.66,0.033585285379908354,happy,subject_03,subject_03_happy_session_01
6.664,0.07380651119129639,happy,subject_03,subject_03_happy_session_01
6.668,0.0040910128297810475,happy,subject_03,subject_03_happy_session_01
6.672,-0.029539237537834558,happy,subject_03,subject_03_happy_session_01
6.676,0.06124115947030537,happy,subject_03,subject_03_happy_session_01
6.68,-0.015439266150701618,happy,subject_03,subject_03_happy_session_01
6.684,-0.003254751041408356,happy,subject_03,subject_03_happy_session_01
6.688,0.000556046723713205,happy,subject_03,subject_03_happy_session_01
6.692,-0.006089799535440588,happy,subject_03,subject_03_happy_session_01
6.696,0.10749925225052162,happy,subject_03,subject_03_happy_session_01
6.7,0.08202892777966916,happy,subject_03,subject_03_happy_session_01
6.704,0.15606653552919103,happy,subject_03,subject_03_happy_session_01
6.708,0.11686484694180742,happy,subject_03,subject_03_happy_session_01
6.712,0.1705184332120866,happy,subject_03,subject_03_happy_session_01
6.716,0.08316582524405675,happy,subject_03,subject_03_happy_session_01
6.72,0.12581633205069895,happy,subject_03,subject_03_happy_session_01
6.724,0.07601816566530437,happy,subject_03,subject_03_happy_session_01
6.728,0.11840856315831258,happy,subject_03,subject_03_happy_session_01
6.732,0.18580850231205004,happy,subject_03,subject_03_happy_session_01
6.736,0.14160486774400366,happy,subject_03,subject_03_happy_session_01
6.74,0.14213076907566735,happy,subject_03,subject_03_happy_session_01
6.744,0.15675953569705198,happy,subject_03,subject_03_happy_session_01
6.748,0.1695614913610237,happy,subject_03,subject_03_happy_session_01
6.752,0.1763808643785424,happy,subject_03,subject_03_happy_session_01
6.756,0.22447421264713432,happy,subject_03,subject_03_happy_session_01
6.76,0.15877360711122665,happy,subject_03,subject_03_happy_session_01
6.764,0.18261489837053993,happy,subject_03,subject_03_happy_session_01
6.768,0.19872415152605674,happy,subject_03,subject_03_happy_session_01
6.772,0.16868976203366426,happy,subject_03,subject_03_happy_session_01
6.776,0.18922585034671371,happy,subject_03,subject_03_happy_session_01
6.78,0.23573546419007246,happy,subject_03,subject_03_happy_session_01
6.784,0.18358805918382162,happy,subject_03,subject_03_happy_session_01
6.788,0.3124796513218589,happy,subject_03,subject_03_happy_session_01
6.792,0.2750682655699199,happy,subject_03,subject_03_happy_session_01
6.796,0.22577277589853506,happy,subject_03,subject_03_happy_session_01
6.8,0.24091253490719425,happy,subject_03,subject_03_happy_session_01
6.804,0.2483012279534159,happy,subject_03,subject_03_happy_session_01
6.808,0.2408772813182159,happy,subject_03,subject_03_happy_session_01
6.812,0.22393748224950547,happy,subject_03,subject_03_happy_session_01
6.816,0.3156152587792535,happy,subject_03,subject_03_happy_session_01
6.82,0.19225215015319774,happy,subject_03,subject_03_happy_session_01
6.824,0.20134818439432928,happy,subject_03,subject_03_happy_session_01
6.828,0.21435826579457737,happy,subject_03,subject_03_happy_session_01
6.832,0.23075869979181696,happy,subject_03,subject_03_happy_session_01
6.836,0.27443438800906017,happy,subject_03,subject_03_happy_session_01
6.84,0.19930436516876165,happy,subject_03,subject_03_happy_session_01
6.844,0.2144853597780802,happy,subject_03,subject_03_happy_session_01
6.848,0.2021771550106013,happy,subject_03,subject_03_happy_session_01
6.852,0.1798407424592332,happy,subject_03,subject_03_happy_session_01
6.856,0.2198971960200533,happy,subject_03,subject_03_happy_session_01
6.86,0.1848231892462773,happy,subject_03,subject_03_happy_session_01
6.864,0.19755787321377802,happy,subject_03,subject_03_happy_session_01
6.868,0.14560207806904288,happy,subject_03,subject_03_happy_session_01
6.872,0.12966607666596972,happy,subject_03,subject_03_happy_session_01
6.876,0.12917642127960788,happy,subject_03,subject_03_happy_session_01
6.88,0.1441628221070829,happy,subject_03,subject_03_happy_session_01
6.884,0.1652888538131858,happy,subject_03,subject_03_happy_session_01
6.888,0.1920279033408802,happy,subject_03,subject_03_happy_session_01
6.892,0.1172888186949766,happy,subject_03,subject_03_happy_session_01
6.896,0.16899055277288,happy,subject_03,subject_03_happy_session_01
6.9,0.11843715832959532,happy,subject_03,subject_03_happy_session_01
6.904,0.06604438604985327,happy,subject_03,subject_03_happy_session_01
6.908,0.0867344606374679,happy,subject_03,subject_03_happy_session_01
6.912,0.10288759580232135,happy,subject_03,subject_03_happy_session_01
6.916,0.0992807271285579,happy,subject_03,subject_03_happy_session_01
6.92,0.04688236079934349,happy,subject_03,subject_03_happy_session_01
6.924,0.045598764124716834,happy,subject_03,subject_03_happy_session_01
6.928,0.04113240227921405,happy,subject_03,subject_03_happy_session_01
6.932,0.04119388193675366,happy,subject_03,subject_03_happy_session_01
6.936,0.05452582177423909,happy,subject_03,subject_03_happy_session_01
6.94,0.10615954722778044,happy,subject_03,subject_03_happy_session_01
6.944,0.022117625642655243,happy,subject_03,subject_03_happy_session_01
6.948,-0.023177991433708134,happy,subject_03,subject_03_happy_session_01
6.952,-0.027491832389711375,happy,subject_03,subject_03_happy_session_01
6.956,0.05927918373865129,happy,subject_03,subject_03_happy_session_01
6.96,0.010770870316352849,happy,subject_03,subject_03_happy_session_01
6.964,0.03906432414127127,happy,subject_03,subject_03_happy_session_01
6.968,0.0052500184447635476,happy,subject_03,subject_03_happy_session_01
6.972,0.02580578946403768,happy,subject_03,subject_03_happy_session_01
6.976,0.021160315698746365,happy,subject_03,subject_03_happy_session_01
6.98,0.010565541333012376,happy,subject_03,subject_03_happy_session_01
6.984,0.08041598804169706,happy,subject_03,subject_03_happy_session_01
6.988,0.08593615924537834,happy,subject_03,subject_03_happy_session_01
6.992,0.06576243551418853,happy,subject_03,subject_03_happy_session_01
6.996,0.11843052192830619,happy,subject_03,subject_03_happy_session_01
7.0,0.004528548986813062,happy,subject_03,subject_03_happy_session_01
7.004,0.046918076669090196,happy,subject_03,subject_03_happy_session_01
7.008,0.045753919722819184,happy,subject_03,subject_03_happy_session_01
7.012,0.08631245481562907,happy,subject_03,subject_03_happy_session_01
7.016,0.020602569537470153,happy,subject_03,subject_03_happy_session_01
7.02,0.09095276632588192,happy,subject_03,subject_03_happy_session_01
7.024,0.019493249788307222,happy,subject_03,subject_03_happy_session_01
7.028,0.0980282763158995,happy,subject_03,subject_03_happy_session_01
7.032,0.11351437898356118,happy,subject_03,subject_03_happy_session_01
7.036,0.034045631664893675,happy,subject_03,subject_03_happy_session_01
7.04,0.0606771383505656,happy,subject_03,subject_03_happy_session_01
7.044,0.11432900046828678,happy,subject_03,subject_03_happy_session_01
7.048,0.11981035156487706,happy,subject_03,subject_03_happy_session_01
7.052,0.018852102930448728,happy,subject_03,subject_03_happy_session_01
7.056,0.07906833582307683,happy,subject_03,subject_03_happy_session_01
7.06,0.08522620017052988,happy,subject_03,subject_03_happy_session_01
7.064,0.05795241934086483,happy,subject_03,subject_03_happy_session_01
7.068,0.10400944779230688,happy,subject_03,subject_03_happy_session_01
7.072,0.02970559887110307,happy,subject_03,subject_03_happy_session_01
7.076,0.029151552031021346,happy,subject_03,subject_03_happy_session_01
7.08,0.015242739692003512,happy,subject_03,subject_03_happy_session_01
7.084,0.04145706396783395,happy,subject_03,subject_03_happy_session_01
7.088,0.01800557977466921,happy,subject_03,subject_03_happy_session_01
7.092,0.05255817944971034,happy,subject_03,subject_03_happy_session_01
7.096,0.004634041721079974,happy,subject_03,subject_03_happy_session_01
7.1,0.00597516432355512,happy,subject_03,subject_03_happy_session_01
7.104,0.015869771539944115,happy,subject_03,subject_03_happy_session_01
7.108,-0.024647139698640658,happy,subject_03,subject_03_happy_session_01
7.112,0.03587228575218744,happy,subject_03,subject_03_happy_session_01
7.116,0.02052729618592417,happy,subject_03,subject_03_happy_session_01
7.12,0.015967304136964906,happy,subject_03,subject_03_happy_session_01
7.124,-0.04566553414478204,happy,subject_03,subject_03_happy_session_01
7.128,0.0414401004427732,happy,subject_03,subject_03_happy_session_01
7.132,-0.07984191758539153,happy,subject_03,subject_03_happy_session_01
7.136,0.008819175427128144,happy,subject_03,subject_03_happy_session_01
7.14,-0.013957984235942534,happy,subject_03,subject_03_happy_session_01
7.144,0.0030112095671693644,happy,subject_03,subject_03_happy_session_01
7.148,-0.029139037846360773,happy,subject_03,subject_03_happy_session_01
7.152,-0.019685965499321792,happy,subject_03,subject_03_happy_session_01
7.156,0.0009895717595173673,happy,subject_03,subject_03_happy_session_01
7.16,-0.02424650638900036,happy,subject_03,subject_03_happy_session_01
7.164,-0.017299399797975477,happy,subject_03,subject_03_happy_session_01
7.168,-0.016850792569548093,happy,subject_03,subject_03_happy_session_01
7.172,0.05026978028280616,happy,subject_03,subject_03_happy_session_01
7.176,-0.08416905310663449,happy,subject_03,subject_03_happy_session_01
7.18,0.014197807249719155,happy,subject_03,subject_03_happy_session_01
7.184,-0.019563415457640693,happy,subject_03,subject_03_happy_session_01
7.188,-0.028499996733657502,happy,subject_03,subject_03_happy_session_01
7.192,-0.08653972268144527,happy,subject_03,subject_03_happy_session_01
7.196,0.004269735008079895,happy,subject_03,subject_03_happy_session_01
7.2,-0.054417804151226386,happy,subject_03,subject_03_happy_session_01
7.204,0.08115813199002729,happy,subject_03,subject_03_happy_session_01
7.208,0.08343884672591537,happy,subject_03,subject_03_happy_session_01
7.212,0.25648301368765464,happy,subject_03,subject_03_happy_session_01
7.216,0.308036236938855,happy,subject_03,subject_03_happy_session_01
7.22,0.44453737896281764,happy,subject_03,subject_03_happy_session_01
7.224,0.6218699366111362,happy,subject_03,subject_03_happy_session_01
7.228,0.736369569164454,happy,subject_03,subject_03_happy_session_01
7.232,0.8651540461584426,happy,subject_03,subject_03_happy_session_01
7.236,1.0041988588088722,happy,subject_03,subject_03_happy_session_01
7.24,0.9487790565670985,happy,subject_03,subject_03_happy_session_01
7.244,0.944671001881105,happy,subject_03,subject_03_happy_session_01
7.248,0.9149384519117368,happy,subject_03,subject_03_happy_session_01
7.252,0.7474102428182007,happy,subject_03,subject_03_happy_session_01
7.256,0.6311424539441625,happy,subject_03,subject_03_happy_session_01
7.26,0.45283608986612645,happy,subject_03,subject_03_happy_session_01
7.264,0.31504193039531964,happy,subject_03,subject_03_happy_session_01
7.268,0.14338562621012424,happy,subject_03,subject_03_happy_session_01
7.272,0.06040594725765612,happy,subject_03,subject_03_happy_session_01
7.276,0.03065082754924111,happy,subject_03,subject_03_happy_session_01
7.28,-0.08495802336990207,happy,subject_03,subject_03_happy_session_01
7.284,-0.07308527888805641,happy,subject_03,subject_03_happy_session_01
7.288,-0.10748513732695772,happy,subject_03,subject_03_happy_session_01
7.292,-0.03345053038376359,happy,subject_03,subject_03_happy_session_01
7.296,-0.11103168901075092,happy,subject_03,subject_03_happy_session_01
7.3,-0.04697652824324172,happy,subject_03,subject_03_happy_session_01
7.304,0.011389155005900743,happy,subject_03,subject_03_happy_session_01
7.308,-0.019817187257173074,happy,subject_03,subject_03_happy_session_01
7.312,-0.07053841933782587,happy,subject_03,subject_03_happy_session_01
7.316,-0.02999438322298224,happy,subject_03,subject_03_happy_session_01
7.32,-0.02310573575220192,happy,subject_03,subject_03_happy_session_01
7.324,0.05939245425221081,happy,subject_03,subject_03_happy_session_01
7.328,0.03539997074246138,happy,subject_03,subject_03_happy_session_01
7.332,0.04252404755237778,happy,subject_03,subject_03_happy_session_01
7.336,-0.028072846982566953,happy,subject_03,subject_03_happy_session_01
7.34,0.019158954168378237,happy,subject_03,subject_03_happy_session_01
7.344,0.077752280137387,happy,subject_03,subject_03_happy_session_01
7.348,0.05919359530969055,happy,subject_03,subject_03_happy_session_01
7.352,0.014882839346621633,happy,subject_03,subject_03_happy_session_01
7.356,0.0652678384963573,happy,subject_03,subject_03_happy_session_01
7.36,-0.0017999812373095253,happy,subject_03,subject_03_happy_session_01
7.364,0.018806599477469585,happy,subject_03,subject_03_happy_session_01
7.368,-0.011172585108195139,happy,subject_03,subject_03_happy_session_01
7.372,0.05699801668314919,happy,subject_03,subject_03_happy_session_01
7.376,0.08953499278958144,happy,subject_03,subject_03_happy_session_01
7.38,0.04030499849625526,happy,subject_03,subject_03_happy_session_01
7.384,0.07770950088676011,happy,subject_03,subject_03_happy_session_01
7.388,0.05863060344416153,happy,subject_03,subject_03_happy_session_01
7.392,0.07457376434394454,happy,subject_03,subject_03_happy_session_01
7.396,0.06605721885481777,happy,subject_03,subject_03_happy_session_01
7.4,0.15364856512882769,happy,subject_03,subject_03_happy_session_01
7.404,0.0936328130278801,happy,subject_03,subject_03_happy_session_01
7.408,0.11677052738851325,happy,subject_03,subject_03_happy_session_01
7.412,0.11480539732673865,happy,subject_03,subject_03_happy_session_01
7.416,0.15189639971287794,happy,subject_03,subject_03_happy_session_01
7.42,0.2356479887359589,happy,subject_03,subject_03_happy_session_01
7.424,0.25351699448758747,happy,subject_03,subject_03_happy_session_01
7.428,0.15572113213371394,happy,subject_03,subject_03_happy_session_01
7.432,0.1852040998854342,happy,subject_03,subject_03_happy_session_01
7.436,0.21124042673593926,happy,subject_03,subject_03_happy_session_01
7.44,0.2282354538978419,happy,subject_03,subject_03_happy_session_01
7.444,0.21293879372280686,happy,subject_03,subject_03_happy_session_01
7.448,0.23543527801181977,happy,subject_03,subject_03_happy_session_01
7.452,0.21680314932965505,happy,subject_03,subject_03_happy_session_01
7.456,0.1855435136071154,happy,subject_03,subject_03_happy_session_01
7.46,0.25079883429637184,happy,subject_03,subject_03_happy_session_01
7.464,0.2214155848663145,happy,subject_03,subject_03_happy_session_01
7.468,0.23199401230053443,happy,subject_03,subject_03_happy_session_01
7.472,0.17602475848995047,happy,subject_03,subject_03_happy_session_01
7.476,0.1991130110238734,happy,subject_03,subject_03_happy_session_01
7.48,0.21456598018414733,happy,subject_03,subject_03_happy_session_01
7.484,0.2478561194829189,happy,subject_03,subject_03_happy_session_01
7.488,0.2930073690525487,happy,subject_03,subject_03_happy_session_01
7.492,0.257555841338303,happy,subject_03,subject_03_happy_session_01
7.496,0.22340403154455352,happy,subject_03,subject_03_happy_session_01
7.5,0.1940973850468612,happy,subject_03,subject_03_happy_session_01
7.504,0.27062051829754774,happy,subject_03,subject_03_happy_session_01
7.508,0.23579982225426188,happy,subject_03,subject_03_happy_session_01
7.512,0.10973210548482125,happy,subject_03,subject_03_happy_session_01
7.516,0.25477960583500364,happy,subject_03,subject_03_happy_session_01
7.52,0.22740157604298633,happy,subject_03,subject_03_happy_session_01
7.524,0.1346124150905446,happy,subject_03,subject_03_happy_session_01
7.528,0.22667402391801647,happy,subject_03,subject_03_happy_session_01
7.532,0.20248682282253125,happy,subject_03,subject_03_happy_session_01
7.536,0.1477004986647822,happy,subject_03,subject_03_happy_session_01
7.54,0.2589992521134805,happy,subject_03,subject_03_happy_session_01
7.544,0.19656500802490856,happy,subject_03,subject_03_happy_session_01
7.548,0.15755492727373507,happy,subject_03,subject_03_happy_session_01
7.552,0.1401692909440579,happy,subject_03,subject_03_happy_session_01
7.556,0.15378141972041542,happy,subject_03,subject_03_happy_session_01
7.56,0.1477026683463516,happy,subject_03,subject_03_happy_session_01
7.564,0.16611320174233582,happy,subject_03,subject_03_happy_session_01
7.568,0.13021031489280796,happy,subject_03,subject_03_happy_session_01
7.572,0.11676386064877328,happy,subject_03,subject_03_happy_session_01
7.576,0.1294726359362592,happy,subject_03,subject_03_happy_session_01
7.58,0.10144011593661978,happy,subject_03,subject_03_happy_session_01
7.584,0.10558083493665293,happy,subject_03,subject_03_happy_session_01
7.588,0.15108969018205085,happy,subject_03,subject_03_happy_session_01
7.592,0.07910894407095864,happy,subject_03,subject_03_happy_session_01
7.596,0.08347040318112117,happy,subject_03,subject_03_happy_session_01
7.6,0.0550292793991453,happy,subject_03,subject_03_happy_session_01
7.604,0.11463346578584536,happy,subject_03,subject_03_happy_session_01
7.608,0.011386835963602536,happy,subject_03,subject_03_happy_session_01
7.612,0.03643069027511892,happy,subject_03,subject_03_happy_session_01
7.616,0.08590456788021571,happy,subject_03,subject_03_happy_session_01
7.62,0.051560455167384056,happy,subject_03,subject_03_happy_session_01
7.624,0.08413609940480396,happy,subject_03,subject_03_happy_session_01
7.628,0.04343307233505898,happy,subject_03,subject_03_happy_session_01
7.632,0.02419101918621094,happy,subject_03,subject_03_happy_session_01
7.636,0.04154609885049815,happy,subject_03,subject_03_happy_session_01
7.64,-0.0006643517347039093,happy,subject_03,subject_03_happy_session_01
7.644,0.014974671864409966,happy,subject_03,subject_03_happy_session_01
7.648,0.07576379569739111,happy,subject_03,subject_03_happy_session_01
7.652,0.035325239067429653,happy,subject_03,subject_03_happy_session_01
7.656,0.04447345110229955,happy,subject_03,subject_03_happy_session_01
7.66,0.051605927570882816,happy,subject_03,subject_03_happy_session_01
7.664,-0.005414436323742236,happy,subject_03,subject_03_happy_session_01
7.668,-0.002367659643367069,happy,subject_03,subject_03_happy_session_01
7.672,0.06865841410614104,happy,subject_03,subject_03_happy_session_01
7.676,0.04438529153149473,happy,subject_03,subject_03_happy_session_01
7.68,0.05473664170583156,happy,subject_03,subject_03_happy_session_01
7.684,0.087821157984558,happy,subject_03,subject_03_happy_session_01
7.688,0.037467229734611,happy,subject_03,subject_03_happy_session_01
7.692,0.05418082721491577,happy,subject_03,subject_03_happy_session_01
7.696,0.06534950838993717,happy,subject_03,subject_03_happy_session_01
7.7,0.09287505568831485,happy,subject_03,subject_03_happy_session_01
7.704,0.071545181325146,happy,subject_03,subject_03_happy_session_01
7.708,0.06454291494735435,happy,subject_03,subject_03_happy_session_01
7.712,0.14798517021711516,happy,subject_03,subject_03_happy_session_01
7.716,0.09150917052052644,happy,subject_03,subject_03_happy_session_01
7.72,0.11375776669321684,happy,subject_03,subject_03_happy_session_01
7.724,0.027539723574217495,happy,subject_03,subject_03_happy_session_01
7.728,0.0450834028779515,happy,subject_03,subject_03_happy_session_01
7.732,0.10924955803986447,happy,subject_03,subject_03_happy_session_01
7.736,0.07820070931619187,happy,subject_03,subject_03_happy_session_01
7.74,0.07033542191153065,happy,subject_03,subject_03_happy_session_01
7.744,0.04721007980480116,happy,subject_03,subject_03_happy_session_01
7.748,0.1106570519392773,happy,subject_03,subject_03_happy_session_01
7.752,0.09508690666840983,happy,subject_03,subject_03_happy_session_01
7.756,0.06515609309043807,happy,subject_03,subject_03_happy_session_01
7.76,0.07101992442463081,happy,subject_03,subject_03_happy_session_01
7.764,0.046535564018174935,happy,subject_03,subject_03_happy_session_01
7.768,0.02797469056319781,happy,subject_03,subject_03_happy_session_01
7.772,0.02844746941266473,happy,subject_03,subject_03_happy_session_01
7.776,0.06813085928667356,happy,subject_03,subject_03_happy_session_01
7.78,0.022484096376471256,happy,subject_03,subject_03_happy_session_01
7.784,0.03343313091714142,happy,subject_03,subject_03_happy_session_01
7.788,0.011780454231708638,happy,subject_03,subject_03_happy_session_01
7.792,0.055394240225247915,happy,subject_03,subject_03_happy_session_01
7.796,-0.004228357905128859,happy,subject_03,subject_03_happy_session_01
7.8,0.06834472624366432,happy,subject_03,subject_03_happy_session_01
7.804,-0.008448182521796684,happy,subject_03,subject_03_happy_session_01
7.808,-0.011326264999646056,happy,subject_03,subject_03_happy_session_01
7.812,0.07625199099285516,happy,subject_03,subject_03_happy_session_01
7.816,-0.03343431491570103,happy,subject_03,subject_03_happy_session_01
7.82,0.0006623763691677681,happy,subject_03,subject_03_happy_session_01
7.824,0.03574560915571875,happy,subject_03,subject_03_happy_session_01
7.828,-0.055050753901159544,happy,subject_03,subject_03_happy_session_01
7.832,0.006880839131881141,happy,subject_03,subject_03_happy_session_01
7.836,-0.05693424278760193,happy,subject_03,subject_03_happy_session_01
7.84,-0.0025135990197922183,happy,subject_03,subject_03_happy_session_01
7.844,0.06688122870000908,happy,subject_03,subject_03_happy_session_01
7.848,-0.08716512699826409,happy,subject_03,subject_03_happy_session_01
7.852,-0.008074004763728142,happy,subject_03,subject_03_happy_session_01
7.856,-0.022219267454495675,happy,subject_03,subject_03_happy_session_01
7.86,-0.043156249300090536,happy,subject_03,subject_03_happy_session_01
7.864,-0.06424097899332805,happy,subject_03,subject_03_happy_session_01
7.868,0.023670093591230887,happy,subject_03,subject_03_happy_session_01
7.872,-0.012335070689885111,happy,subject_03,subject_03_happy_session_01
7.876,-0.0862122321743346,happy,subject_03,subject_03_happy_session_01
7.88,-0.04802561769374279,happy,subject_03,subject_03_happy_session_01
7.884,-0.0128277170205041,happy,subject_03,subject_03_happy_session_01
7.888,-0.004126632255265952,happy,subject_03,subject_03_happy_session_01
7.892,0.12691676976051441,happy,subject_03,subject_03_happy_session_01
7.896,0.23536930450866664,happy,subject_03,subject_03_happy_session_01
7.9,0.3629246749776328,happy,subject_03,subject_03_happy_session_01
7.904,0.5696950219352817,happy,subject_03,subject_03_happy_session_01
7.908,0.6142594243403192,happy,subject_03,subject_03_happy_session_01
7.912,0.767860320712988,happy,subject_03,subject_03_happy_session_01
7.916,0.8771740512521152,happy,subject_03,subject_03_happy_session_01
7.92,0.9974105222560281,happy,subject_03,subject_03_happy_session_01
7.924,1.0166817485428177,happy,subject_03,subject_03_happy_session_01
7.928,0.9215764523963682,happy,subject_03,subject_03_happy_session_01
7.932,0.9325046127714175,happy,subject_03,subject_03_happy_session_01
7.936,0.7301007190448208,happy,subject_03,subject_03_happy_session_01
7.94,0.6445562579708279,happy,subject_03,subject_03_happy_session_01
7.944,0.48418318381178266,happy,subject_03,subject_03_happy_session_01
7.948,0.3171652202231375,happy,subject_03,subject_03_happy_session_01
7.952,0.15748174447976407,happy,subject_03,subject_03_happy_session_01
7.956,0.05254436588118576,happy,subject_03,subject_03_happy_session_01
7.96,0.007704865006652706,happy,subject_03,subject_03_happy_session_01
7.964,-0.03135423294582016,happy,subject_03,subject_03_happy_session_01
7.968,-0.03918158707491254,happy,subject_03,subject_03_happy_session_01
7.972,-0.035064953223860565,happy,subject_03,subject_03_happy_session_01
7.976,-0.03382509822077448,happy,subject_03,subject_03_happy_session_01
7.98,0.020937399501349305,happy,subject_03,subject_03_happy_session_01
7.984,-0.03346450191729857,happy,subject_03,subject_03_happy_session_01
7.988,0.0019117538011056909,happy,subject_03,subject_03_happy_session_01
7.992,-0.009652755701362429,happy,subject_03,subject_03_happy_session_01
7.996,0.10213894664773589,happy,subject_03,subject_03_happy_session_01
8.0,0.04830274672795507,happy,subject_03,subject_03_happy_session_01
8.004,0.06099348695713344,happy,subject_03,subject_03_happy_session_01
8.008,0.044726762210607326,happy,subject_03,subject_03_happy_session_01
8.012,0.03065137119969872,happy,subject_03,subject_03_happy_session_01
8.016,0.12974932957727014,happy,subject_03,subject_03_happy_session_01
8.02,0.0826701899512963,happy,subject_03,subject_03_happy_session_01
8.024,0.033003983495069555,happy,subject_03,subject_03_happy_session_01
8.028,0.03907708674000671,happy,subject_03,subject_03_happy_session_01
8.032,0.06100910001668241,happy,subject_03,subject_03_happy_session_01
8.036,0.03922946126202978,happy,subject_03,subject_03_happy_session_01
8.04,0.051189054036447815,happy,subject_03,subject_03_happy_session_01
8.044,0.015640399862877893,happy,subject_03,subject_03_happy_session_01
8.048,-0.00926004728575161,happy,subject_03,subject_03_happy_session_01
8.052,0.14978692573015898,happy,subject_03,subject_03_happy_session_01
8.056,0.0691485618672768,happy,subject_03,subject_03_happy_session_01
8.06,0.08275063795831504,happy,subject_03,subject_03_happy_session_01
8.064,0.10256160342492605,happy,subject_03,subject_03_happy_session_01
8.068,0.13147570745421955,happy,subject_03,subject_03_happy_session_01
8.072,0.14143898646033595,happy,subject_03,subject_03_happy_session_01
8.076,0.1576413090583783,happy,subject_03,subject_03_happy_session_01
8.08,0.14923015990342464,happy,subject_03,subject_03_happy_session_01
8.084,0.127336185517547,happy,subject_03,subject_03_happy_session_01
8.088,0.18867037693839384,happy,subject_03,subject_03_happy_session_01
8.092,0.14590751400138088,happy,subject_03,subject_03_happy_session_01
8.096,0.19603086048924395,happy,subject_03,subject_03_happy_session_01
8.1,0.11377669123813614,happy,subject_03,subject_03_happy_session_01
8.104,0.22090705392620108,happy,subject_03,subject_03_happy_session_01
8.108,0.15174243740493476,happy,subject_03,subject_03_happy_session_01
8.112,0.13964105641130323,happy,subject_03,subject_03_happy_session_01
8.116,0.15218490382906527,happy,subject_03,subject_03_happy_session_01
8.12,0.21178477610752214,happy,subject_03,subject_03_happy_session_01
8.124,0.2914536432621519,happy,subject_03,subject_03_happy_session_01
8.128,0.21103127351968382,happy,subject_03,subject_03_happy_session_01
8.132,0.22005617117754342,happy,subject_03,subject_03_happy_session_01
8.136,0.25658042653759694,happy,subject_03,subject_03_happy_session_01
8.14,0.21479904286063,happy,subject_03,subject_03_happy_session_01
8.144,0.2345136106408724,happy,subject_03,subject_03_happy_session_01
8.148,0.2318494530075253,happy,subject_03,subject_03_happy_session_01
8.152,0.3166703228400459,happy,subject_03,subject_03_happy_session_01
8.156,0.2536740832290372,happy,subject_03,subject_03_happy_session_01
8.16,0.27986272207641993,happy,subject_03,subject_03_happy_session_01
8.164,0.23076916732526814,happy,subject_03,subject_03_happy_session_01
8.168,0.217258913242206,happy,subject_03,subject_03_happy_session_01
8.172,0.28116502642790303,happy,subject_03,subject_03_happy_session_01
8.176,0.26696003963802567,happy,subject_03,subject_03_happy_session_01
8.18,0.2937214098971392,happy,subject_03,subject_03_happy_session_01
8.184,0.22556971776899168,happy,subject_03,subject_03_happy_session_01
8.188,0.2516991606759222,happy,subject_03,subject_03_happy_session_01
8.192,0.20757482942377828,happy,subject_03,subject_03_happy_session_01
8.196,0.23251330798507924,happy,subject_03,subject_03_happy_session_01
8.2,0.19582741763972467,happy,subject_03,subject_03_happy_session_01
8.204,0.23252923299598527,happy,subject_03,subject_03_happy_session_01
8.208,0.2838230138718732,happy,subject_03,subject_03_happy_session_01
8.212,0.20311225229548124,happy,subject_03,subject_03_happy_session_01
8.216,0.19733990077791871,happy,subject_03,subject_03_happy_session_01
8.22,0.21624614604014297,happy,subject_03,subject_03_happy_session_01
8.224,0.2095684646554491,happy,subject_03,subject_03_happy_session_01
8.228,0.2365755479775365,happy,subject_03,subject_03_happy_session_01
8.232,0.15750132453883509,happy,subject_03,subject_03_happy_session_01
8.236,0.10845458097277468,happy,subject_03,subject_03_happy_session_01
8.24,0.19125335805578828,happy,subject_03,subject_03_happy_session_01
8.244,0.24101354011242193,happy,subject_03,subject_03_happy_session_01
8.248,0.16777650462041355,happy,subject_03,subject_03_happy_session_01
8.252,0.18110121586646868,happy,subject_03,subject_03_happy_session_01
8.256,0.1571384564505682,happy,subject_03,subject_03_happy_session_01
8.26,0.17874278919173714,happy,subject_03,subject_03_happy_session_01
8.264,0.13516095658196065,happy,subject_03,subject_03_happy_session_01
8.268,0.13583182894890744,happy,subject_03,subject_03_happy_session_01
8.272,0.18886585476986956,happy,subject_03,subject_03_happy_session_01
8.276,0.16490612614689532,happy,subject_03,subject_03_happy_session_01
8.28,0.09424001846732782,happy,subject_03,subject_03_happy_session_01
8.284,0.08903523308127811,happy,subject_03,subject_03_happy_session_01
8.288,0.08568510967955772,happy,subject_03,subject_03_happy_session_01
8.292,0.06179654806155704,happy,subject_03,subject_03_happy_session_01
8.296,0.07679253523024804,happy,subject_03,subject_03_happy_session_01
8.3,0.08730764220482232,happy,subject_03,subject_03_happy_session_01
8.304,0.060404492968021306,happy,subject_03,subject_03_happy_session_01
8.308,0.10179956751106525,happy,subject_03,subject_03_happy_session_01
8.312,0.022288932854470492,happy,subject_03,subject_03_happy_session_01
8.316,0.03709779595847551,happy,subject_03,subject_03_happy_session_01
8.32,0.09958293372400091,happy,subject_03,subject_03_happy_session_01
8.324,0.1417689243783375,happy,subject_03,subject_03_happy_session_01
8.328,0.08342383143988169,happy,subject_03,subject_03_happy_session_01
8.332,0.045327779973657736,happy,subject_03,subject_03_happy_session_01
8.336,0.03612635667981207,happy,subject_03,subject_03_happy_session_01
8.34,0.06310220162107014,happy,subject_03,subject_03_happy_session_01
8.344,0.1222788235041284,happy,subject_03,subject_03_happy_session_01
8.348,0.09818155416394643,happy,subject_03,subject_03_happy_session_01
8.352,0.039592449196461536,happy,subject_03,subject_03_happy_session_01
8.356,0.0986818214954773,happy,subject_03,subject_03_happy_session_01
8.36,0.13965650693500742,happy,subject_03,subject_03_happy_session_01
8.364,0.1344569988701686,happy,subject_03,subject_03_happy_session_01
8.368,0.14353411523678222,happy,subject_03,subject_03_happy_session_01
8.372,0.1288596078486795,happy,subject_03,subject_03_happy_session_01
8.376,0.0598003635356982,happy,subject_03,subject_03_happy_session_01
8.38,0.08008257612984095,happy,subject_03,subject_03_happy_session_01
8.384,0.17261624324546382,happy,subject_03,subject_03_happy_session_01
8.388,0.10284694017357844,happy,subject_03,subject_03_happy_session_01
8.392,0.050923666092462114,happy,subject_03,subject_03_happy_session_01
8.396,0.14052763668608756,happy,subject_03,subject_03_happy_session_01
8.4,0.15786082533622245,happy,subject_03,subject_03_happy_session_01
8.404,0.11858663475761731,happy,subject_03,subject_03_happy_session_01
8.408,0.14064747440519118,happy,subject_03,subject_03_happy_session_01
8.412,0.09170072982619515,happy,subject_03,subject_03_happy_session_01
8.416,0.10299675769484201,happy,subject_03,subject_03_happy_session_01
8.42,0.053796624332195744,happy,subject_03,subject_03_happy_session_01
8.424,0.07673298838039777,happy,subject_03,subject_03_happy_session_01
8.428,0.16118517453313974,happy,subject_03,subject_03_happy_session_01
8.432,-0.009061542538788755,happy,subject_03,subject_03_happy_session_01
8.436,0.08899626941040394,happy,subject_03,subject_03_happy_session_01
8.44,0.07909867677455047,happy,subject_03,subject_03_happy_session_01
8.444,0.11353449675851768,happy,subject_03,subject_03_happy_session_01
8.448,0.012822409681680719,happy,subject_03,subject_03_happy_session_01
8.452,0.05543673656698998,happy,subject_03,subject_03_happy_session_01
8.456,0.05622395432651583,happy,subject_03,subject_03_happy_session_01
8.46,0.08573899550643659,happy,subject_03,subject_03_happy_session_01
8.464,0.06610007145777046,happy,subject_03,subject_03_happy_session_01
8.468,0.0035685242318283655,happy,subject_03,subject_03_happy_session_01
8.472,0.04502413466596057,happy,subject_03,subject_03_happy_session_01
8.476,0.025322657616223158,happy,subject_03,subject_03_happy_session_01
8.48,0.06473596039416564,happy,subject_03,subject_03_happy_session_01
8.484,0.03622555204277073,happy,subject_03,subject_03_happy_session_01
8.488,0.10272345946807282,happy,subject_03,subject_03_happy_session_01
8.492,0.015322551345326382,happy,subject_03,subject_03_happy_session_01
8.496,0.01606795204078914,happy,subject_03,subject_03_happy_session_01
8.5,0.015035880644344295,happy,subject_03,subject_03_happy_session_01
8.504,0.024930877400213877,happy,subject_03,subject_03_happy_session_01
8.508,0.05946646470279323,happy,subject_03,subject_03_happy_session_01
8.512,0.013109642057931647,happy,subject_03,subject_03_happy_session_01
8.516,0.013567794242249265,happy,subject_03,subject_03_happy_session_01
8.52,0.038939920887160806,happy,subject_03,subject_03_happy_session_01
8.524,-0.007459638181866263,happy,subject_03,subject_03_happy_session_01
8.528,0.04710258359133111,happy,subject_03,subject_03_happy_session_01
8.532,0.011244184252174145,happy,subject_03,subject_03_happy_session_01
8.536,-0.007738540179073463,happy,subject_03,subject_03_happy_session_01
8.54,-0.0414395615353641,happy,subject_03,subject_03_happy_session_01
8.544,-0.01730157712324617,happy,subject_03,subject_03_happy_session_01
8.548,0.011187963532497673,happy,subject_03,subject_03_happy_session_01
8.552,0.011020970650109778,happy,subject_03,subject_03_happy_session_01
8.556,-0.00021658136606941304,happy,subject_03,subject_03_happy_session_01
8.56,-0.04402513597333976,happy,subject_03,subject_03_happy_session_01
8.564,0.006369034898276855,happy,subject_03,subject_03_happy_session_01
8.568,-0.019187617667056525,happy,subject_03,subject_03_happy_session_01
8.572,0.0351404696223244,happy,subject_03,subject_03_happy_session_01
8.576,0.19047470480320283,happy,subject_03,subject_03_happy_session_01
8.58,0.25028714113304057,happy,subject_03,subject_03_happy_session_01
8.584,0.3977672002798507,happy,subject_03,subject_03_happy_session_01
8.588,0.5764079034732779,happy,subject_03,subject_03_happy_session_01
8.592,0.6724154717743814,happy,subject_03,subject_03_happy_session_01
8.596,0.8452016604760965,happy,subject_03,subject_03_happy_session_01
8.6,0.9362621386115498,happy,subject_03,subject_03_happy_session_01
8.604,0.9693294934856701,happy,subject_03,subject_03_happy_session_01
8.608,1.012473269295124,happy,subject_03,subject_03_happy_session_01
8.612,0.961702366364904,happy,subject_03,subject_03_happy_session_01
8.616,0.9300887876954471,happy,subject_03,subject_03_happy_session_01
8.62,0.8234645282559577,happy,subject_03,subject_03_happy_session_01
8.624,0.5934172379307532,happy,subject_03,subject_03_happy_session_01
8.628,0.45214761741711473,happy,subject_03,subject_03_happy_session_01
8.632,0.3171409894633998,happy,subject_03,subject_03_happy_session_01
8.636,0.1668102225217417,happy,subject_03,subject_03_happy_session_01
8.64,0.08146676885481213,happy,subject_03,subject_03_happy_session_01
8.644,0.0297166219508109,happy,subject_03,subject_03_happy_session_01
8.648,0.021297856700867156,happy,subject_03,subject_03_happy_session_01
8.652,-0.055742464701940594,happy,subject_03,subject_03_happy_session_01
8.656,-0.05336366540598454,happy,subject_03,subject_03_happy_session_01
8.66,-0.007008886031716904,happy,subject_03,subject_03_happy_session_01
8.664,-0.004657618438040743,happy,subject_03,subject_03_happy_session_01
8.668,-0.04144112021568555,happy,subject_03,subject_03_happy_session_01
8.672,-0.004290696513063567,happy,subject_03,subject_03_happy_session_01
8.676,0.02298261255243504,happy,subject_03,subject_03_happy_session_01
8.68,0.06904522327438795,happy,subject_03,subject_03_happy_session_01
8.684,0.0855019702982484,happy,subject_03,subject_03_happy_session_01
8.688,0.013370599587995247,happy,subject_03,subject_03_happy_session_01
8.692,0.02701180869360303,happy,subject_03,subject_03_happy_session_01
8.696,0.08757465904649289,happy,subject_03,subject_03_happy_session_01
8.7,0.04473846340561827,happy,subject_03,subject_03_happy_session_01
8.704,0.07714886051226737,happy,subject_03,subject_03_happy_session_01
8.708,0.06194797519606528,happy,subject_03,subject_03_happy_session_01
8.712,0.07399074056225204,happy,subject_03,subject_03_happy_session_01
8.716,0.06290030444337187,happy,subject_03,subject_03_happy_session_01
8.72,0.12128590063768302,happy,subject_03,subject_03_happy_session_01
8.724,0.03298715817138904,happy,subject_03,subject_03_happy_session_01
8.728,0.07876815791904462,happy,subject_03,subject_03_happy_session_01
8.732,0.13412050049672894,happy,subject_03,subject_03_happy_session_01
8.736,0.09671667848244173,happy,subject_03,subject_03_happy_session_01
8.74,0.10627105286500349,happy,subject_03,subject_03_happy_session_01
8.744,0.15008004669759545,happy,subject_03,subject_03_happy_session_01
8.748,0.1393272906135069,happy,subject_03,subject_03_happy_session_01
8.752,0.15952464817349035,happy,subject_03,subject_03_happy_session_01
8.756,0.1788526800793525,happy,subject_03,subject_03_happy_session_01
8.76,0.09364478411513492,happy,subject_03,subject_03_happy_session_01
8.764,0.1354946957267591,happy,subject_03,subject_03_happy_session_01
8.768,0.1301279883354578,happy,subject_03,subject_03_happy_session_01
8.772,0.17781518385538447,happy,subject_03,subject_03_happy_session_01
8.776,0.21044784456638552,happy,subject_03,subject_03_happy_session_01
8.78,0.0941519395691078,happy,subject_03,subject_03_happy_session_01
8.784,0.13386105443334706,happy,subject_03,subject_03_happy_session_01
8.788,0.12424473992933811,happy,subject_03,subject_03_happy_session_01
8.792,0.17395723954312425,happy,subject_03,subject_03_happy_session_01
8.796,0.21245529309273753,happy,subject_03,subject_03_happy_session_01
8.8,0.27462783962493686,happy,subject_03,subject_03_happy_session_01
8.804,0.17898713301638017,happy,subject_03,subject_03_happy_session_01
8.808,0.3150922586992799,happy,subject_03,subject_03_happy_session_01
8.812,0.25591072543634114,happy,subject_03,subject_03_happy_session_01
8.816,0.26315198984946836,happy,subject_03,subject_03_happy_session_01
8.82,0.2740356547860913,happy,subject_03,subject_03_happy_session_01
8.824,0.20463515187817,happy,subject_03,subject_03_happy_session_01
8.828,0.23805438292012057,happy,subject_03,subject_03_happy_session_01
8.832,0.22708725651050848,happy,subject_03,subject_03_happy_session_01
8.836,0.28902302953401887,happy,subject_03,subject_03_happy_session_01
8.84,0.23773211516872433,happy,subject_03,subject_03_happy_session_01
8.844,0.2643724772118911,happy,subject_03,subject_03_happy_session_01
8.848,0.2504157740553236,happy,subject_03,subject_03_happy_session_01
8.852,0.32500261176197814,happy,subject_03,subject_03_happy_session_01
8.856,0.25433850908594013,happy,subject_03,subject_03_happy_session_01
8.86,0.23715830460759918,happy,subject_03,subject_03_happy_session_01
8.864,0.29192925937051495,happy,subject_03,subject_03_happy_session_01
8.868,0.27168805673919616,happy,subject_03,subject_03_happy_session_01
8.872,0.3211969832821614,happy,subject_03,subject_03_happy_session_01
8.876,0.28040968978134834,happy,subject_03,subject_03_happy_session_01
8.88,0.27624993088594624,happy,subject_03,subject_03_happy_session_01
8.884,0.29387951747310986,happy,subject_03,subject_03_happy_session_01
8.888,0.2751633669757635,happy,subject_03,subject_03_happy_session_01
8.892,0.2822090137327247,happy,subject_03,subject_03_happy_session_01
8.896,0.27422777443434715,happy,subject_03,subject_03_happy_session_01
8.9,0.2324852175353844,happy,subject_03,subject_03_happy_session_01
8.904,0.19605819660294013,happy,subject_03,subject_03_happy_session_01
8.908,0.22566959766495862,happy,subject_03,subject_03_happy_session_01
8.912,0.15510117186173694,happy,subject_03,subject_03_happy_session_01
8.916,0.19272542036498486,happy,subject_03,subject_03_happy_session_01
8.92,0.19767179493271791,happy,subject_03,subject_03_happy_session_01
8.924,0.2497141198579936,happy,subject_03,subject_03_happy_session_01
8.928,0.19164750893865473,happy,subject_03,subject_03_happy_session_01
8.932,0.250910597413289,happy,subject_03,subject_03_happy_session_01
8.936,0.1985515794093326,happy,subject_03,subject_03_happy_session_01
8.94,0.11753895278084767,happy,subject_03,subject_03_happy_session_01
8.944,0.20731273622488616,happy,subject_03,subject_03_happy_session_01
8.948,0.19633470183374638,happy,subject_03,subject_03_happy_session_01
8.952,0.09391663312280174,happy,subject_03,subject_03_happy_session_01
8.956,0.1709989396114358,happy,subject_03,subject_03_happy_session_01
8.96,0.18932677047839228,happy,subject_03,subject_03_happy_session_01
8.964,0.057201614074519944,happy,subject_03,subject_03_happy_session_01
8.968,0.08822943334695188,happy,subject_03,subject_03_happy_session_01
8.972,0.15326381863270702,happy,subject_03,subject_03_happy_session_01
8.976,0.10826243134039691,happy,subject_03,subject_03_happy_session_01
8.98,0.16121749999227633,happy,subject_03,subject_03_happy_session_01
8.984,0.13793278062488293,happy,subject_03,subject_03_happy_session_01
8.988,0.12976441527845067,happy,subject_03,subject_03_happy_session_01
8.992,0.1378857494472162,happy,subject_03,subject_03_happy_session_01
8.996,0.06516194657700244,happy,subject_03,subject_03_happy_session_01
9.0,0.08035196859132453,happy,subject_03,subject_03_happy_session_01
9.004,0.15726659246813096,happy,subject_03,subject_03_happy_session_01
9.008,0.07544905194078874,happy,subject_03,subject_03_happy_session_01
9.012,0.12518136309354952,happy,subject_03,subject_03_happy_session_01
9.016,0.07974198300999334,happy,subject_03,subject_03_happy_session_01
9.02,0.06024284033613947,happy,subject_03,subject_03_happy_session_01
9.024,0.05349560446593501,happy,subject_03,subject_03_happy_session_01
9.028,0.10894551218765712,happy,subject_03,subject_03_happy_session_01
9.032,0.13730124563876672,happy,subject_03,subject_03_happy_session_01
9.036,0.11132094159967969,happy,subject_03,subject_03_happy_session_01
9.04,0.10604310200136909,happy,subject_03,subject_03_happy_session_01
9.044,0.060222231690512246,happy,subject_03,subject_03_happy_session_01
9.048,0.1039694265981014,happy,subject_03,subject_03_happy_session_01
9.052,0.11391786607142383,happy,subject_03,subject_03_happy_session_01
9.056,0.08052006717850259,happy,subject_03,subject_03_happy_session_01
9.06,0.1301681916487936,happy,subject_03,subject_03_happy_session_01
9.064,0.09435146888866086,happy,subject_03,subject_03_happy_session_01
9.068,0.10794810271398611,happy,subject_03,subject_03_happy_session_01
9.072,0.151610034767616,happy,subject_03,subject_03_happy_session_01
9.076,0.1828846392070238,happy,subject_03,subject_03_happy_session_01
9.08,0.1816612543240392,happy,subject_03,subject_03_happy_session_01
9.084,0.1250238306147507,happy,subject_03,subject_03_happy_session_01
9.088,0.1497414550241257,happy,subject_03,subject_03_happy_session_01
9.092,0.1525974260103292,happy,subject_03,subject_03_happy_session_01
9.096,0.15149462031852806,happy,subject_03,subject_03_happy_session_01
9.1,0.13236275813213522,happy,subject_03,subject_03_happy_session_01
9.104,0.17097041773164776,happy,subject_03,subject_03_happy_session_01
9.108,0.10118600318852186,happy,subject_03,subject_03_happy_session_01
9.112,0.07913044250992846,happy,subject_03,subject_03_happy_session_01
9.116,0.12734060299587738,happy,subject_03,subject_03_happy_session_01
9.12,0.0994793255083382,happy,subject_03,subject_03_happy_session_01
9.124,0.1725262430410277,happy,subject_03,subject_03_happy_session_01
9.128,0.0839155123271261,happy,subject_03,subject_03_happy_session_01
9.132,0.13097678103260538,happy,subject_03,subject_03_happy_session_01
9.136,0.105852551308709,happy,subject_03,subject_03_happy_session_01
9.14,0.03479389446531424,happy,subject_03,subject_03_happy_session_01
9.144,0.09909851784334192,happy,subject_03,subject_03_happy_session_01
9.148,0.05021972288310546,happy,subject_03,subject_03_happy_session_01
9.152,0.15203494987499436,happy,subject_03,subject_03_happy_session_01
9.156,0.035488485469884166,happy,subject_03,subject_03_happy_session_01
9.16,0.026293800024179248,happy,subject_03,subject_03_happy_session_01
9.164,-0.021994625686749092,happy,subject_03,subject_03_happy_session_01
9.168,0.02372553580077655,happy,subject_03,subject_03_happy_session_01
9.172,0.07245078603042157,happy,subject_03,subject_03_happy_session_01
9.176,0.0077788828810241295,happy,subject_03,subject_03_happy_session_01
9.18,0.05909879185150034,happy,subject_03,subject_03_happy_session_01
9.184,0.04764109824174064,happy,subject_03,subject_03_happy_session_01
9.188,0.0023048958022102092,happy,subject_03,subject_03_happy_session_01
9.192,0.030417074755743758,happy,subject_03,subject_03_happy_session_01
9.196,2.2989546310012154e-05,happy,subject_03,subject_03_happy_session_01
9.2,0.06167445744771176,happy,subject_03,subject_03_happy_session_01
9.204,-0.03330896655848317,happy,subject_03,subject_03_happy_session_01
9.208,0.055288218730162444,happy,subject_03,subject_03_happy_session_01
9.212,0.003397724314894785,happy,subject_03,subject_03_happy_session_01
9.216,0.03199915132574024,happy,subject_03,subject_03_happy_session_01
9.22,0.043422905453584446,happy,subject_03,subject_03_happy_session_01
9.224,0.03093853087919675,happy,subject_03,subject_03_happy_session_01
9.228,0.09631169608574601,happy,subject_03,subject_03_happy_session_01
9.232,0.0064876502533021095,happy,subject_03,subject_03_happy_session_01
9.236,-0.031146911245079012,happy,subject_03,subject_03_happy_session_01
9.24,0.08808818377928793,happy,subject_03,subject_03_happy_session_01
9.244,0.0228875896136928,happy,subject_03,subject_03_happy_session_01
9.248,0.021106938974083306,happy,subject_03,subject_03_happy_session_01
9.252,0.11542667862087436,happy,subject_03,subject_03_happy_session_01
9.256,0.03547066450250899,happy,subject_03,subject_03_happy_session_01
9.26,0.15110533789971528,happy,subject_03,subject_03_happy_session_01
9.264,0.21839339580379774,happy,subject_03,subject_03_happy_session_01
9.268,0.38038398928431794,happy,subject_03,subject_03_happy_session_01
9.272,0.4783436085885541,happy,subject_03,subject_03_happy_session_01
9.276,0.6795980306684122,happy,subject_03,subject_03_happy_session_01
9.28,0.8140398763401945,happy,subject_03,subject_03_happy_session_01
9.284,0.92320644790082,happy,subject_03,subject_03_happy_session_01
9.288,0.9166420280895865,happy,subject_03,subject_03_happy_session_01
9.292,1.0457970843238942,happy,subject_03,subject_03_happy_session_01
9.296,0.9811647936985293,happy,subject_03,subject_03_happy_session_01
9.3,1.0017589817703119,happy,subject_03,subject_03_happy_session_01
9.304,0.7730361424015889,happy,subject_03,subject_03_happy_session_01
9.308,0.619787507514006,happy,subject_03,subject_03_happy_session_01
9.312,0.48918328351209617,happy,subject_03,subject_03_happy_session_01
9.316,0.28692032457620475,happy,subject_03,subject_03_happy_session_01
9.32,0.23851667317763425,happy,subject_03,subject_03_happy_session_01
9.324,0.05709322224976259,happy,subject_03,subject_03_happy_session_01
9.328,-0.011977348542879209,happy,subject_03,subject_03_happy_session_01
9.332,0.005566030027026863,happy,subject_03,subject_03_happy_session_01
9.336,-0.02917577359892021,happy,subject_03,subject_03_happy_session_01
9.34,-0.02602726036930273,happy,subject_03,subject_03_happy_session_01
9.344,-0.06654726074387336,happy,subject_03,subject_03_happy_session_01
9.348,0.03203448354133141,happy,subject_03,subject_03_happy_session_01
9.352,-0.022269829518133437,happy,subject_03,subject_03_happy_session_01
9.356,-0.03395670008245824,happy,subject_03,subject_03_happy_session_01
9.36,0.04852995531461084,happy,subject_03,subject_03_happy_session_01
9.364,0.03450784979706089,happy,subject_03,subject_03_happy_session_01
9.368,0.03830599049147407,happy,subject_03,subject_03_happy_session_01
9.372,0.07377904765886176,happy,subject_03,subject_03_happy_session_01
9.376,0.042455000113607345,happy,subject_03,subject_03_happy_session_01
9.38,-0.004348519794768239,happy,subject_03,subject_03_happy_session_01
9.384,0.04833489390078419,happy,subject_03,subject_03_happy_session_01
9.388,0.07385863329895694,happy,subject_03,subject_03_happy_session_01
9.392,0.07382759405272896,happy,subject_03,subject_03_happy_session_01
9.396,0.06539105061651565,happy,subject_03,subject_03_happy_session_01
9.4,0.16038853840233627,happy,subject_03,subject_03_happy_session_01
9.404,0.13870936562723493,happy,subject_03,subject_03_happy_session_01
9.408,0.043490471175636765,happy,subject_03,subject_03_happy_session_01
9.412,0.04276286848116233,happy,subject_03,subject_03_happy_session_01
9.416,0.14254901380116713,happy,subject_03,subject_03_happy_session_01
9.42,0.13913892040906609,happy,subject_03,subject_03_happy_session_01
9.424,0.15960487193758566,happy,subject_03,subject_03_happy_session_01
9.428,0.09849254170357401,happy,subject_03,subject_03_happy_session_01
9.432,0.11487485534880915,happy,subject_03,subject_03_happy_session_01
9.436,0.06491197841936441,happy,subject_03,subject_03_happy_session_01
9.44,0.13904873435664344,happy,subject_03,subject_03_happy_session_01
9.444,0.11868749176493613,happy,subject_03,subject_03_happy_session_01
9.448,0.1208989816500195,happy,subject_03,subject_03_happy_session_01
9.452,0.18784917151740935,happy,subject_03,subject_03_happy_session_01
9.456,0.15744465919772999,happy,subject_03,subject_03_happy_session_01
9.46,0.1992074007497799,happy,subject_03,subject_03_happy_session_01
9.464,0.1740171558820576,happy,subject_03,subject_03_happy_session_01
9.468,0.20441474777666166,happy,subject_03,subject_03_happy_session_01
9.472,0.14666580722482228,happy,subject_03,subject_03_happy_session_01
9.476,0.165333602551759,happy,subject_03,subject_03_happy_session_01
9.48,0.22287691280157876,happy,subject_03,subject_03_happy_session_01
9.484,0.27319161064540287,happy,subject_03,subject_03_happy_session_01
9.488,0.23699307100202038,happy,subject_03,subject_03_happy_session_01
9.492,0.22765662468420084,happy,subject_03,subject_03_happy_session_01
9.496,0.28582842722152163,happy,subject_03,subject_03_happy_session_01
9.5,0.23139071225684688,happy,subject_03,subject_03_happy_session_01
9.504,0.2165246493948712,happy,subject_03,subject_03_happy_session_01
9.508,0.2495929778476842,happy,subject_03,subject_03_happy_session_01
9.512,0.2668779341579018,happy,subject_03,subject_03_happy_session_01
9.516,0.21349103778943584,happy,subject_03,subject_03_happy_session_01
9.52,0.26577496674392037,happy,subject_03,subject_03_happy_session_01
9.524,0.2037974954575802,happy,subject_03,subject_03_happy_session_01
9.528,0.2559413887462955,happy,subject_03,subject_03_happy_session_01
9.532,0.2626919620773343,happy,subject_03,subject_03_happy_session_01
9.536,0.26814914248508764,happy,subject_03,subject_03_happy_session_01
9.54,0.20123067594431987,happy,subject_03,subject_03_happy_session_01
9.544,0.2731375686453013,happy,subject_03,subject_03_happy_session_01
9.548,0.2994412324884802,happy,subject_03,subject_03_happy_session_01
9.552,0.316750284293059,happy,subject_03,subject_03_happy_session_01
9.556,0.3163240865736855,happy,subject_03,subject_03_happy_session_01
9.56,0.26376585301519334,happy,subject_03,subject_03_happy_session_01
9.564,0.34645410580086367,happy,subject_03,subject_03_happy_session_01
9.568,0.22937310916689085,happy,subject_03,subject_03_happy_session_01
9.572,0.22622358840723986,happy,subject_03,subject_03_happy_session_01
9.576,0.24758972312345406,happy,subject_03,subject_03_happy_session_01
9.58,0.27068056876357577,happy,subject_03,subject_03_happy_session_01
9.584,0.25858420647355773,happy,subject_03,subject_03_happy_session_01
9.588,0.14712550088530926,happy,subject_03,subject_03_happy_session_01
9.592,0.18986112795550475,happy,subject_03,subject_03_happy_session_01
9.596,0.24374521581229525,happy,subject_03,subject_03_happy_session_01
9.6,0.17880665917689004,happy,subject_03,subject_03_happy_session_01
9.604,0.19819531252619615,happy,subject_03,subject_03_happy_session_01
9.608,0.2078833889041683,happy,subject_03,subject_03_happy_session_01
9.612,0.2047232049506753,happy,subject_03,subject_03_happy_session_01
9.616,0.2103118156608795,happy,subject_03,subject_03_happy_session_01
9.62,0.2170267724016106,happy,subject_03,subject_03_happy_session_01
9.624,0.18702861403953003,happy,subject_03,subject_03_happy_session_01
9.628,0.1143239346981105,happy,subject_03,subject_03_happy_session_01
9.632,0.17029529360727994,happy,subject_03,subject_03_happy_session_01
9.636,0.18024721335690547,happy,subject_03,subject_03_happy_session_01
9.64,0.1510469831614505,happy,subject_03,subject_03_happy_session_01
9.644,0.1733178160083937,happy,subject_03,subject_03_happy_session_01
9.648,0.1297483077422296,happy,subject_03,subject_03_happy_session_01
9.652,0.11053957341215315,happy,subject_03,subject_03_happy_session_01
9.656,0.07922140568270009,happy,subject_03,subject_03_happy_session_01
9.66,0.17432253029045736,happy,subject_03,subject_03_happy_session_01
9.664,0.06119588411051852,happy,subject_03,subject_03_happy_session_01
9.668,0.09271894475358203,happy,subject_03,subject_03_happy_session_01
9.672,0.07599903726423718,happy,subject_03,subject_03_happy_session_01
9.676,0.03786539187759353,happy,subject_03,subject_03_happy_session_01
9.68,0.11228160559699671,happy,subject_03,subject_03_happy_session_01
9.684,0.0958584235151352,happy,subject_03,subject_03_happy_session_01
9.688,0.08472161135714688,happy,subject_03,subject_03_happy_session_01
9.692,0.05261562820282968,happy,subject_03,subject_03_happy_session_01
9.696,0.09329731661948949,happy,subject_03,subject_03_happy_session_01
9.7,0.06406047966586008,happy,subject_03,subject_03_happy_session_01
9.704,0.09026399535610669,happy,subject_03,subject_03_happy_session_01
9.708,0.12451206622336453,happy,subject_03,subject_03_happy_session_01
9.712,-0.009896718616931297,happy,subject_03,subject_03_happy_session_01
9.716,0.11260695471746426,happy,subject_03,subject_03_happy_session_01
9.72,0.16297779905665005,happy,subject_03,subject_03_happy_session_01
9.724,0.14291605628617515,happy,subject_03,subject_03_happy_session_01
9.728,0.11285199893754921,happy,subject_03,subject_03_happy_session_01
9.732,0.13197361004513122,happy,subject_03,subject_03_happy_session_01
9.736,0.06292350704064631,happy,subject_03,subject_03_happy_session_01
9.74,0.10462626233846811,happy,subject_03,subject_03_happy_session_01
9.744,0.09446306363084257,happy,subject_03,subject_03_happy_session_01
9.748,0.08669468821745052,happy,subject_03,subject_03_happy_session_01
9.752,0.1406973490407496,happy,subject_03,subject_03_happy_session_01
9.756,0.101883564469585,happy,subject_03,subject_03_happy_session_01
9.76,0.04611745200278938,happy,subject_03,subject_03_happy_session_01
9.764,0.1280381405663077,happy,subject_03,subject_03_happy_session_01
9.768,0.11277632911446396,happy,subject_03,subject_03_happy_session_01
9.772,0.13839057322046355,happy,subject_03,subject_03_happy_session_01
9.776,0.09946800030318054,happy,subject_03,subject_03_happy_session_01
9.78,0.052463149957316664,happy,subject_03,subject_03_happy_session_01
9.784,0.07689169952707434,happy,subject_03,subject_03_happy_session_01
9.788,0.07649117986110354,happy,subject_03,subject_03_happy_session_01
9.792,0.06943276690606286,happy,subject_03,subject_03_happy_session_01
9.796,0.08197361578810632,happy,subject_03,subject_03_happy_session_01
9.8,0.12284988596289559,happy,subject_03,subject_03_happy_session_01
9.804,0.044324832902459484,happy,subject_03,subject_03_happy_session_01
9.808,0.11847554796042066,happy,subject_03,subject_03_happy_session_01
9.812,0.03775118666298994,happy,subject_03,subject_03_happy_session_01
9.816,0.06328991372539393,happy,subject_03,subject_03_happy_session_01
9.82,0.06972581713615689,happy,subject_03,subject_03_happy_session_01
9.824,0.05482204423313636,happy,subject_03,subject_03_happy_session_01
9.828,0.0814892990495065,happy,subject_03,subject_03_happy_session_01
9.832,0.05048940260888049,happy,subject_03,subject_03_happy_session_01
9.836,0.043561381750205415,happy,subject_03,subject_03_happy_session_01
9.84,-0.03909111913159385,happy,subject_03,subject_03_happy_session_01
9.844,0.05343911005756255,happy,subject_03,subject_03_happy_session_01
9.848,0.10082540687933006,happy,subject_03,subject_03_happy_session_01
9.852,0.013861957015064298,happy,subject_03,subject_03_happy_session_01
9.856,0.05055930726660754,happy,subject_03,subject_03_happy_session_01
9.86,-0.004673593271053045,happy,subject_03,subject_03_happy_session_01
9.864,0.05571351728608598,happy,subject_03,subject_03_happy_session_01
9.868,0.03678472863313639,happy,subject_03,subject_03_happy_session_01
9.872,0.003501194745208616,happy,subject_03,subject_03_happy_session_01
9.876,-0.0008036180888062062,happy,subject_03,subject_03_happy_session_01
9.88,0.03518624124993758,happy,subject_03,subject_03_happy_session_01
9.884,0.012537828371985589,happy,subject_03,subject_03_happy_session_01
9.888,-0.03327246524443675,happy,subject_03,subject_03_happy_session_01
9.892,-0.04475180538360759,happy,subject_03,subject_03_happy_session_01
9.896,0.028370031755211408,happy,subject_03,subject_03_happy_session_01
9.9,-0.01979532929312224,happy,subject_03,subject_03_happy_session_01
9.904,0.007223018138357976,happy,subject_03,subject_03_happy_session_01
9.908,0.02533108402706177,happy,subject_03,subject_03_happy_session_01
9.912,-0.0393087189042895,happy,subject_03,subject_03_happy_session_01
9.916,-0.03588126467877338,happy,subject_03,subject_03_happy_session_01
9.92,0.05193402764759036,happy,subject_03,subject_03_happy_session_01
9.924,-0.02412136521356612,happy,subject_03,subject_03_happy_session_01
9.928,0.023705205994436297,happy,subject_03,subject_03_happy_session_01
9.932,0.08149856445976193,happy,subject_03,subject_03_happy_session_01
9.936,0.023193039866491277,happy,subject_03,subject_03_happy_session_01
9.94,0.02875946506808352,happy,subject_03,subject_03_happy_session_01
9.944,0.13597659733164075,happy,subject_03,subject_03_happy_session_01
9.948,0.22713698477196215,happy,subject_03,subject_03_happy_session_01
9.952,0.36376871726765275,happy,subject_03,subject_03_happy_session_01
9.956,0.5306151057185569,happy,subject_03,subject_03_happy_session_01
9.96,0.682468046183637,happy,subject_03,subject_03_happy_session_01
9.964,0.7200510994210241,happy,subject_03,subject_03_happy_session_01
9.968,0.9427045709159718,happy,subject_03,subject_03_happy_session_01
9.972,0.9821449813207921,happy,subject_03,subject_03_happy_session_01
9.976,0.9752307519367787,happy,subject_03,subject_03_happy_session_01
9.98,0.9911859932046727,happy,subject_03,subject_03_happy_session_01
9.984,0.8491307971017941,happy,subject_03,subject_03_happy_session_01
9.988,0.730349987204965,happy,subject_03,subject_03_happy_session_01
9.992,0.6549665347077746,happy,subject_03,subject_03_happy_session_01
9.996,0.4616107394729002,happy,subject_03,subject_03_happy_session_01
10.0,0.36058254187660077,happy,subject_03,subject_03_happy_session_01
10.004,0.1470915858015569,happy,subject_03,subject_03_happy_session_01
10.008,0.07533744880089477,happy,subject_03,subject_03_happy_session_01
10.012,0.005749793642685601,happy,subject_03,subject_03_happy_session_01
10.016,-0.03462293769022908,happy,subject_03,subject_03_happy_session_01
10.02,-0.04172378139504564,happy,subject_03,subject_03_happy_session_01
10.024,-0.04363997762750564,happy,subject_03,subject_03_happy_session_01
10.028,-0.045330753044935175,happy,subject_03,subject_03_happy_session_01
10.032,-0.09705459889746937,happy,subject_03,subject_03_happy_session_01
10.036,0.016844359718001856,happy,subject_03,subject_03_happy_session_01
10.04,-0.08397820955210626,happy,subject_03,subject_03_happy_session_01
10.044,-0.034990653942277725,happy,subject_03,subject_03_happy_session_01
10.048,-0.010123928583956566,happy,subject_03,subject_03_happy_session_01
10.052,0.05071522435140012,happy,subject_03,subject_03_happy_session_01
10.056,0.014923150832488524,happy,subject_03,subject_03_happy_session_01
10.06,0.0915266679247404,happy,subject_03,subject_03_happy_session_01
10.064,-0.019487729440955087,happy,subject_03,subject_03_happy_session_01
10.068,-0.006167734784545957,happy,subject_03,subject_03_happy_session_01
10.072,-0.042966645238053276,happy,subject_03,subject_03_happy_session_01
10.076,-0.0006114429941023805,happy,subject_03,subject_03_happy_session_01
10.08,0.021375984138858873,happy,subject_03,subject_03_happy_session_01
10.084,0.09905696308252002,happy,subject_03,subject_03_happy_session_01
10.088,0.08893044831738424,happy,subject_03,subject_03_happy_session_01
10.092,0.06549656968152348,happy,subject_03,subject_03_happy_session_01
10.096,0.05135744194412318,happy,subject_03,subject_03_happy_session_01
10.1,0.09439024460862268,happy,subject_03,subject_03_happy_session_01
10.104,0.11781309248097922,happy,subject_03,subject_03_happy_session_01
10.108,0.05653116898446529,happy,subject_03,subject_03_happy_session_01
10.112,0.06616245946510255,happy,subject_03,subject_03_happy_session_01
10.116,0.0765956423626469,happy,subject_03,subject_03_happy_session_01
10.12,0.03758735828533144,happy,subject_03,subject_03_happy_session_01
10.124,0.14747154262140616,happy,subject_03,subject_03_happy_session_01
10.128,0.09163706092907417,happy,subject_03,subject_03_happy_session_01
10.132,0.10904475456033816,happy,subject_03,subject_03_happy_session_01
10.136,0.17736595179493134,happy,subject_03,subject_03_happy_session_01
10.14,0.11484354866251173,happy,subject_03,subject_03_happy_session_01
10.144,0.1854196815576637,happy,subject_03,subject_03_happy_session_01
10.148,0.08731738611403636,happy,subject_03,subject_03_happy_session_01
10.152,0.17553172049751442,happy,subject_03,subject_03_happy_session_01
10.156,0.14760866404384132,happy,subject_03,subject_03_happy_session_01
10.16,0.11514028805190624,happy,subject_03,subject_03_happy_session_01
10.164,0.1377538310300369,happy,subject_03,subject_03_happy_session_01
10.168,0.18930358050994361,happy,subject_03,subject_03_happy_session_01
10.172,0.15745621542756277,happy,subject_03,subject_03_happy_session_01
10.176,0.2108548255226918,happy,subject_03,subject_03_happy_session_01
10.18,0.17744487329681305,happy,subject_03,subject_03_happy_session_01
10.184,0.15257913706606652,happy,subject_03,subject_03_happy_session_01
10.188,0.24853662439496613,happy,subject_03,subject_03_happy_session_01
10.192,0.22979933497881763,happy,subject_03,subject_03_happy_session_01
10.196,0.1608250191150173,happy,subject_03,subject_03_happy_session_01
10.2,0.2507218290426697,happy,subject_03,subject_03_happy_session_01
10.204,0.23554737539553067,happy,subject_03,subject_03_happy_session_01
10.208,0.21901496287058225,happy,subject_03,subject_03_happy_session_01
10.212,0.22267479035820736,happy,subject_03,subject_03_happy_session_01
10.216,0.28498319405398403,happy,subject_03,subject_03_happy_session_01
10.22,0.25030392395710366,happy,subject_03,subject_03_happy_session_01
10.224,0.2882030072885554,happy,subject_03,subject_03_happy_session_01
10.228,0.2560585890342211,happy,subject_03,subject_03_happy_session_01
10.232,0.24682610180255019,happy,subject_03,subject_03_happy_session_01
10.236,0.21068295040248686,happy,subject_03,subject_03_happy_session_01
10.24,0.24068275607169778,happy,subject_03,subject_03_happy_session_01
10.244,0.26827118026525665,happy,subject_03,subject_03_happy_session_01
10.248,0.2321773528095422,happy,subject_03,subject_03_happy_session_01
10.252,0.2933515997113503,happy,subject_03,subject_03_happy_session_01
10.256,0.25697478348105574,happy,subject_03,subject_03_happy_session_01
10.26,0.17456829923395875,happy,subject_03,subject_03_happy_session_01
10.264,0.1942834247349073,happy,subject_03,subject_03_happy_session_01
10.268,0.22913941070932425,happy,subject_03,subject_03_happy_session_01
10.272,0.14605488872204397,happy,subject_03,subject_03_happy_session_01
10.276,0.18899548622833748,happy,subject_03,subject_03_happy_session_01
10.28,0.15369231404841732,happy,subject_03,subject_03_happy_session_01
10.284,0.18075680968769428,happy,subject_03,subject_03_happy_session_01
10.288,0.1397450543559972,happy,subject_03,subject_03_happy_session_01
10.292,0.20157493770929902,happy,subject_03,subject_03_happy_session_01
10.296,0.13934974625888197,happy,subject_03,subject_03_happy_session_01
10.3,0.17281320046650556,happy,subject_03,subject_03_happy_session_01
10.304,0.08961418075813507,happy,subject_03,subject_03_happy_session_01
10.308,0.12356448208548912,happy,subject_03,subject_03_happy_session_01
10.312,0.08183062893959661,happy,subject_03,subject_03_happy_session_01
10.316,0.16085968817233237,happy,subject_03,subject_03_happy_session_01
10.32,0.08459648361959379,happy,subject_03,subject_03_happy_session_01
10.324,0.10142882474754754,happy,subject_03,subject_03_happy_session_01
10.328,0.10979751924557335,happy,subject_03,subject_03_happy_session_01
10.332,0.06460771567879015,happy,subject_03,subject_03_happy_session_01
10.336,0.042270448712750146,happy,subject_03,subject_03_happy_session_01
10.34,0.08465903145272215,happy,subject_03,subject_03_happy_session_01
10.344,0.0047870431494135696,happy,subject_03,subject_03_happy_session_01
10.348,0.11404153052742995,happy,subject_03,subject_03_happy_session_01
10.352,0.05740212260466255,happy,subject_03,subject_03_happy_session_01
10.356,0.006176848152937842,happy,subject_03,subject_03_happy_session_01
10.36,0.04460786486234371,happy,subject_03,subject_03_happy_session_01
10.364,0.070732472355168,happy,subject_03,subject_03_happy_session_01
10.368,0.019119030974314017,happy,subject_03,subject_03_happy_session_01
10.372,-0.022457955678433256,happy,subject_03,subject_03_happy_session_01
10.376,0.03959536368080102,happy,subject_03,subject_03_happy_session_01
10.38,0.06957036516794024,happy,subject_03,subject_03_happy_session_01
10.384,0.0507182099426798,happy,subject_03,subject_03_happy_session_01
10.388,0.05690081157168679,happy,subject_03,subject_03_happy_session_01
10.392,0.07712250232633536,happy,subject_03,subject_03_happy_session_01
10.396,0.10043753386860883,happy,subject_03,subject_03_happy_session_01
10.4,-0.04731459977908954,happy,subject_03,subject_03_happy_session_01
10.404,0.002981267110743528,happy,subject_03,subject_03_happy_session_01
10.408,0.05802247936234137,happy,subject_03,subject_03_happy_session_01
10.412,0.06497500924047508,happy,subject_03,subject_03_happy_session_01
10.416,0.0044461269665821285,happy,subject_03,subject_03_happy_session_01
10.42,0.034808601452554,happy,subject_03,subject_03_happy_session_01
10.424,0.12603647672272333,happy,subject_03,subject_03_happy_session_01
10.428,0.05689498744885848,happy,subject_03,subject_03_happy_session_01
10.432,0.08000810269881399,happy,subject_03,subject_03_happy_session_01
10.436,0.13841529703910793,happy,subject_03,subject_03_happy_session_01
10.44,0.08175047466495315,happy,subject_03,subject_03_happy_session_01
10.444,0.10826519219351971,happy,subject_03,subject_03_happy_session_01
10.448,0.10239832123827157,happy,subject_03,subject_03_happy_session_01
10.452,0.07174183630097301,happy,subject_03,subject_03_happy_session_01
10.456,0.07015938453373913,happy,subject_03,subject_03_happy_session_01
10.46,0.1249857048181098,happy,subject_03,subject_03_happy_session_01
10.464,0.08233728131607422,happy,subject_03,subject_03_happy_session_01
10.468,0.04557979301038497,happy,subject_03,subject_03_happy_session_01
10.472,0.11634225268675849,happy,subject_03,subject_03_happy_session_01
10.476,-0.024545406611526682,happy,subject_03,subject_03_happy_session_01
10.48,0.1269213571705909,happy,subject_03,subject_03_happy_session_01
10.484,0.06092342104104861,happy,subject_03,subject_03_happy_session_01
10.488,0.06304713396433005,happy,subject_03,subject_03_happy_session_01
10.492,0.060619384690298234,happy,subject_03,subject_03_happy_session_01
10.496,0.09895580326365716,happy,subject_03,subject_03_happy_session_01
10.5,0.05296180641610301,happy,subject_03,subject_03_happy_session_01
10.504,0.04046359692966271,happy,subject_03,subject_03_happy_session_01
10.508,0.0023130943172189056,happy,subject_03,subject_03_happy_session_01
10.512,0.00513068674055692,happy,subject_03,subject_03_happy_session_01
10.516,0.04719151040924037,happy,subject_03,subject_03_happy_session_01
10.52,0.027334748101172802,happy,subject_03,subject_03_happy_session_01
10.524,0.07367346652082629,happy,subject_03,subject_03_happy_session_01
10.528,-0.018509574979021635,happy,subject_03,subject_03_happy_session_01
10.532,-0.03466022739094338,happy,subject_03,subject_03_happy_session_01
10.536,0.01228223934445287,happy,subject_03,subject_03_happy_session_01
10.54,-0.004778554368463365,happy,subject_03,subject_03_happy_session_01
10.544,-0.0469599107101573,happy,subject_03,subject_03_happy_session_01
10.548,-0.02605201663562934,happy,subject_03,subject_03_happy_session_01
10.552,0.014239345580980403,happy,subject_03,subject_03_happy_session_01
10.556,-0.05886262269518329,happy,subject_03,subject_03_happy_session_01
10.56,-0.054403805643208514,happy,subject_03,subject_03_happy_session_01
10.564,-0.041746246231206256,happy,subject_03,subject_03_happy_session_01
10.568,-0.042454094299639054,happy,subject_03,subject_03_happy_session_01
10.572,0.00885983145393247,happy,subject_03,subject_03_happy_session_01
10.576,-0.03935586948959922,happy,subject_03,subject_03_happy_session_01
10.58,0.03629670055834823,happy,subject_03,subject_03_happy_session_01
10.584,-0.05810575379821316,happy,subject_03,subject_03_happy_session_01
10.588,-0.00968260722085214,happy,subject_03,subject_03_happy_session_01
10.592,-0.025023804303565014,happy,subject_03,subject_03_happy_session_01
10.596,-0.025402954684156993,happy,subject_03,subject_03_happy_session_01
10.6,-0.1147652840598691,happy,subject_03,subject_03_happy_session_01
10.604,-0.07140855655411868,happy,subject_03,subject_03_happy_session_01
10.608,-0.04361385707387384,happy,subject_03,subject_03_happy_session_01
10.612,-0.10887879645022039,happy,subject_03,subject_03_happy_session_01
10.616,-0.13647025841971683,happy,subject_03,subject_03_happy_session_01
10.62,-0.05621866231629831,happy,subject_03,subject_03_happy_session_01
10.624,0.042991680093116595,happy,subject_03,subject_03_happy_session_01
10.628,0.12056954156628213,happy,subject_03,subject_03_happy_session_01
10.632,0.1633376856740074,happy,subject_03,subject_03_happy_session_01
10.636,0.3268738937395467,happy,subject_03,subject_03_happy_session_01
10.64,0.4929344343504762,happy,subject_03,subject_03_happy_session_01
10.644,0.6724154363385068,happy,subject_03,subject_03_happy_session_01
10.648,0.8079997740776836,happy,subject_03,subject_03_happy_session_01
10.652,0.9058091644529294,happy,subject_03,subject_03_happy_session_01
10.656,0.9266446526905727,happy,subject_03,subject_03_happy_session_01
10.66,0.9666277230037768,happy,subject_03,subject_03_happy_session_01
10.664,0.9411290815116637,happy,subject_03,subject_03_happy_session_01
10.668,0.8515576043437649,happy,subject_03,subject_03_happy_session_01
10.672,0.6906445054868127,happy,subject_03,subject_03_happy_session_01
10.676,0.6417764533797755,happy,subject_03,subject_03_happy_session_01
10.68,0.4479457105172257,happy,subject_03,subject_03_happy_session_01
10.684,0.30979450688560345,happy,subject_03,subject_03_happy_session_01
10.688,0.1679518799674995,happy,subject_03,subject_03_happy_session_01
10.692,0.02379673444532189,happy,subject_03,subject_03_happy_session_01
10.696,-0.08635134208268669,happy,subject_03,subject_03_happy_session_01
10.7,-0.048526652634919946,happy,subject_03,subject_03_happy_session_01
10.704,-0.06529826488361637,happy,subject_03,subject_03_happy_session_01
10.708,-0.07535714754274996,happy,subject_03,subject_03_happy_session_01
10.712,0.003669080543221917,happy,subject_03,subject_03_happy_session_01
10.716,-0.07447539675267785,happy,subject_03,subject_03_happy_session_01
10.72,-0.04986498634971889,happy,subject_03,subject_03_happy_session_01
10.724,-0.019002927193861322,happy,subject_03,subject_03_happy_session_01
10.728,-0.03444570235166154,happy,subject_03,subject_03_happy_session_01
10.732,-0.018797839782291943,happy,subject_03,subject_03_happy_session_01
10.736,0.03023274767713212,happy,subject_03,subject_03_happy_session_01
10.74,-0.02485844285029969,happy,subject_03,subject_03_happy_session_01
10.744,-0.01915789425611574,happy,subject_03,subject_03_happy_session_01
10.748,0.024595521006610735,happy,subject_03,subject_03_happy_session_01
10.752,-0.038425950213682794,happy,subject_03,subject_03_happy_session_01
10.756,0.008493777330836937,happy,subject_03,subject_03_happy_session_01
10.76,0.010502688317359357,happy,subject_03,subject_03_happy_session_01
10.764,0.04124849747663649,happy,subject_03,subject_03_happy_session_01
10.768,0.051816270579085034,happy,subject_03,subject_03_happy_session_01
10.772,0.02276997548883202,happy,subject_03,subject_03_happy_session_01
10.776,0.030301624437198672,happy,subject_03,subject_03_happy_session_01
10.78,0.037299444185102545,happy,subject_03,subject_03_happy_session_01
10.784,0.033249347299490986,happy,subject_03,subject_03_happy_session_01
10.788,0.09501276907529926,happy,subject_03,subject_03_happy_session_01
10.792,0.07338064660475227,happy,subject_03,subject_03_happy_session_01
10.796,0.10641055417629333,happy,subject_03,subject_03_happy_session_01
10.8,0.03791357656531285,happy,subject_03,subject_03_happy_session_01
10.804,0.11911844092139276,happy,subject_03,subject_03_happy_session_01
10.808,0.08643218804966424,happy,subject_03,subject_03_happy_session_01
10.812,0.11329248113419477,happy,subject_03,subject_03_happy_session_01
10.816,0.029776124352335093,happy,subject_03,subject_03_happy_session_01
10.82,0.16088012709961708,happy,subject_03,subject_03_happy_session_01
10.824,0.12682942556550245,happy,subject_03,subject_03_happy_session_01
10.828,0.18415440479892087,happy,subject_03,subject_03_happy_session_01
10.832,0.16536712653044455,happy,subject_03,subject_03_happy_session_01
10.836,0.06231080265542775,happy,subject_03,subject_03_happy_session_01
10.84,0.19467544391722874,happy,subject_03,subject_03_happy_session_01
10.844,0.1553167295514863,happy,subject_03,subject_03_happy_session_01
10.848,0.17845741190591544,happy,subject_03,subject_03_happy_session_01
10.852,0.18198845682163367,happy,subject_03,subject_03_happy_session_01
10.856,0.1663705747662468,happy,subject_03,subject_03_happy_session_01
10.86,0.16220411293826198,happy,subject_03,subject_03_happy_session_01
10.864,0.20728021693273152,happy,subject_03,subject_03_happy_session_01
10.868,0.15932489087984236,happy,subject_03,subject_03_happy_session_01
10.872,0.19491723915346792,happy,subject_03,subject_03_happy_session_01
10.876,0.24803837941112636,happy,subject_03,subject_03_happy_session_01
10.88,0.16087068893636222,happy,subject_03,subject_03_happy_session_01
10.884,0.20067018784665944,happy,subject_03,subject_03_happy_session_01
10.888,0.2520666428106425,happy,subject_03,subject_03_happy_session_01
10.892,0.18554557447662576,happy,subject_03,subject_03_happy_session_01
10.896,0.14981427092621388,happy,subject_03,subject_03_happy_session_01
10.9,0.1490572413031285,happy,subject_03,subject_03_happy_session_01
10.904,0.20318132921182175,happy,subject_03,subject_03_happy_session_01
10.908,0.2791810596319924,happy,subject_03,subject_03_happy_session_01
10.912,0.19351251794040472,happy,subject_03,subject_03_happy_session_01
10.916,0.20948105560628913,happy,subject_03,subject_03_happy_session_01
10.92,0.22015102392078162,happy,subject_03,subject_03_happy_session_01
10.924,0.2551314189357041,happy,subject_03,subject_03_happy_session_01
10.928,0.24394238203884244,happy,subject_03,subject_03_happy_session_01
10.932,0.20552997988681948,happy,subject_03,subject_03_happy_session_01
10.936,0.22827848853768587,happy,subject_03,subject_03_happy_session_01
10.94,0.2403004236756511,happy,subject_03,subject_03_happy_session_01
10.944,0.1409460809793252,happy,subject_03,subject_03_happy_session_01
10.948,0.18025463993403387,happy,subject_03,subject_03_happy_session_01
10.952,0.1458941402513939,happy,subject_03,subject_03_happy_session_01
10.956,0.1565702834235622,happy,subject_03,subject_03_happy_session_01
10.96,0.1984867099994535,happy,subject_03,subject_03_happy_session_01
10.964,0.12714705817824742,happy,subject_03,subject_03_happy_session_01
10.968,0.2431443734157111,happy,subject_03,subject_03_happy_session_01
10.972,0.17831621015950475,happy,subject_03,subject_03_happy_session_01
10.976,0.12754856021165037,happy,subject_03,subject_03_happy_session_01
10.98,0.13603564883573452,happy,subject_03,subject_03_happy_session_01
10.984,0.08809211013579252,happy,subject_03,subject_03_happy_session_01
10.988,0.07407242807776529,happy,subject_03,subject_03_happy_session_01
10.992,0.10469586664345897,happy,subject_03,subject_03_happy_session_01
10.996,0.1565358312531489,happy,subject_03,subject_03_happy_session_01
11.0,0.05413874274114996,happy,subject_03,subject_03_happy_session_01
11.004,0.13930974457010314,happy,subject_03,subject_03_happy_session_01
11.008,0.0826040660045928,happy,subject_03,subject_03_happy_session_01
11.012,0.09062119409416446,happy,subject_03,subject_03_happy_session_01
11.016,0.0782454290161555,happy,subject_03,subject_03_happy_session_01
11.02,0.09651143582418112,happy,subject_03,subject_03_happy_session_01
11.024,0.10187457081095788,happy,subject_03,subject_03_happy_session_01
11.028,0.0503695660526477,happy,subject_03,subject_03_happy_session_01
11.032,0.0705561215181028,happy,subject_03,subject_03_happy_session_01
11.036,0.09351596449919965,happy,subject_03,subject_03_happy_session_01
11.04,0.07224006454552684,happy,subject_03,subject_03_happy_session_01
11.044,0.025556145675138718,happy,subject_03,subject_03_happy_session_01
11.048,0.030000682842049303,happy,subject_03,subject_03_happy_session_01
11.052,-0.0003198076210686254,happy,subject_03,subject_03_happy_session_01
11.056,0.09579856627624775,happy,subject_03,subject_03_happy_session_01
11.06,0.04147922539478198,happy,subject_03,subject_03_happy_session_01
11.064,-0.019176456387835827,happy,subject_03,subject_03_happy_session_01
11.068,0.00035713514958976914,happy,subject_03,subject_03_happy_session_01
11.072,0.024793160803064068,happy,subject_03,subject_03_happy_session_01
11.076,0.07815027059680346,happy,subject_03,subject_03_happy_session_01
11.08,0.026066581254297234,happy,subject_03,subject_03_happy_session_01
11.084,0.05598759421927575,happy,subject_03,subject_03_happy_session_01
11.088,0.012407385256130509,happy,subject_03,subject_03_happy_session_01
11.092,0.0629485817695043,happy,subject_03,subject_03_happy_session_01
11.096,0.08924845979514016,happy,subject_03,subject_03_happy_session_01
11.1,0.07490226132363925,happy,subject_03,subject_03_happy_session_01
11.104,-0.03502205758864328,happy,subject_03,subject_03_happy_session_01
11.108,0.04939034132670115,happy,subject_03,subject_03_happy_session_01
11.112,0.021413796534271043,happy,subject_03,subject_03_happy_session_01
11.116,0.08546759944915364,happy,subject_03,subject_03_happy_session_01
11.12,0.06770308948071822,happy,subject_03,subject_03_happy_session_01
11.124,0.12805236131251674,happy,subject_03,subject_03_happy_session_01
11.128,0.05894622259733303,happy,subject_03,subject_03_happy_session_01
11.132,0.07501502990671839,happy,subject_03,subject_03_happy_session_01
11.136,0.0694250110586164,happy,subject_03,subject_03_happy_session_01
11.14,0.0994924127995433,happy,subject_03,subject_03_happy_session_01
11.144,0.040227075315801844,happy,subject_03,subject_03_happy_session_01
11.148,0.038402787434452766,happy,subject_03,subject_03_happy_session_01
11.152,0.05214583773742522,happy,subject_03,subject_03_happy_session_01
11.156,0.09008423237176358,happy,subject_03,subject_03_happy_session_01
11.16,0.10308362990732466,happy,subject_03,subject_03_happy_session_01
11.164,0.05995184544482892,happy,subject_03,subject_03_happy_session_01
11.168,0.07986919121172535,happy,subject_03,subject_03_happy_session_01
11.172,0.07244463184843787,happy,subject_03,subject_03_happy_session_01
11.176,0.04778472469173177,happy,subject_03,subject_03_happy_session_01
11.18,0.04180754328684007,happy,subject_03,subject_03_happy_session_01
11.184,0.06601230129490104,happy,subject_03,subject_03_happy_session_01
11.188,0.1009493256555059,happy,subject_03,subject_03_happy_session_01
11.192,0.06305784167281316,happy,subject_03,subject_03_happy_session_01
11.196,0.06522838454181273,happy,subject_03,subject_03_happy_session_01
11.2,0.0892960773029687,happy,subject_03,subject_03_happy_session_01
11.204,-0.011495266540724603,happy,subject_03,subject_03_happy_session_01
11.208,0.03276015645404855,happy,subject_03,subject_03_happy_session_01
11.212,0.0547531223207647,happy,subject_03,subject_03_happy_session_01
11.216,0.03256020010480762,happy,subject_03,subject_03_happy_session_01
11.22,-0.025025420655026415,happy,subject_03,subject_03_happy_session_01
11.224,-0.03533568744844248,happy,subject_03,subject_03_happy_session_01
11.228,0.04667633710352489,happy,subject_03,subject_03_happy_session_01
11.232,0.0013839851854846666,happy,subject_03,subject_03_happy_session_01
11.236,-0.004821177954033645,happy,subject_03,subject_03_happy_session_01
11.24,-0.016870344963498637,happy,subject_03,subject_03_happy_session_01
11.244,0.03355560388129414,happy,subject_03,subject_03_happy_session_01
11.248,0.013319807550245016,happy,subject_03,subject_03_happy_session_01
11.252,-0.028521972571228474,happy,subject_03,subject_03_happy_session_01
11.256,0.008867780140997521,happy,subject_03,subject_03_happy_session_01
11.26,-0.017630521612993624,happy,subject_03,subject_03_happy_session_01
11.264,0.0059596781128794,happy,subject_03,subject_03_happy_session_01
11.268,0.022306259472384498,happy,subject_03,subject_03_happy_session_01
11.272,0.0174514808033354,happy,subject_03,subject_03_happy_session_01
11.276,-0.08719797150923682,happy,subject_03,subject_03_happy_session_01
11.28,-0.010522505446019334,happy,subject_03,subject_03_happy_session_01
11.284,0.02033913435210688,happy,subject_03,subject_03_happy_session_01
11.288,-0.060758311636840936,happy,subject_03,subject_03_happy_session_01
11.292,0.029460846742222352,happy,subject_03,subject_03_happy_session_01
11.296,-0.020436538266528304,happy,subject_03,subject_03_happy_session_01
11.3,-0.0026393769261783204,happy,subject_03,subject_03_happy_session_01
11.304,0.018677152833711273,happy,subject_03,subject_03_happy_session_01
11.308,-0.017513362500246325,happy,subject_03,subject_03_happy_session_01
11.312,0.1372538107014533,happy,subject_03,subject_03_happy_session_01
11.316,0.22216233443843378,happy,subject_03,subject_03_happy_session_01
11.32,0.3171720245603101,happy,subject_03,subject_03_happy_session_01
11.324,0.5340496121346539,happy,subject_03,subject_03_happy_session_01
11.328,0.5590338257780981,happy,subject_03,subject_03_happy_session_01
11.332,0.7410539710939409,happy,subject_03,subject_03_happy_session_01
11.336,0.9244881722260091,happy,subject_03,subject_03_happy_session_01
11.34,0.9807355985457407,happy,subject_03,subject_03_happy_session_01
11.344,0.9496322781029497,happy,subject_03,subject_03_happy_session_01
11.348,0.9140037049663481,happy,subject_03,subject_03_happy_session_01
11.352,0.8539615732985875,happy,subject_03,subject_03_happy_session_01
11.356,0.7532186432621246,happy,subject_03,subject_03_happy_session_01
11.36,0.5801934418065374,happy,subject_03,subject_03_happy_session_01
11.364,0.43435779209727854,happy,subject_03,subject_03_happy_session_01
11.368,0.2873516800374756,happy,subject_03,subject_03_happy_session_01
11.372,0.13851158596434138,happy,subject_03,subject_03_happy_session_01
11.376,0.029142456313829883,happy,subject_03,subject_03_happy_session_01
11.38,-0.06878071467188554,happy,subject_03,subject_03_happy_session_01
11.384,-0.06924904626758828,happy,subject_03,subject_03_happy_session_01
11.388,-0.08427230255097777,happy,subject_03,subject_03_happy_session_01
11.392,-0.11142643193251078,happy,subject_03,subject_03_happy_session_01
11.396,-0.05474044172788837,happy,subject_03,subject_03_happy_session_01
11.4,-0.006206391155602786,happy,subject_03,subject_03_happy_session_01
11.404,-0.02920033891752695,happy,subject_03,subject_03_happy_session_01
11.408,-0.0035871813243053413,happy,subject_03,subject_03_happy_session_01
11.412,0.025319480987701,happy,subject_03,subject_03_happy_session_01
11.416,-0.0038025309113291746,happy,subject_03,subject_03_happy_session_01
11.42,0.03350787422325131,happy,subject_03,subject_03_happy_session_01
11.424,-0.07444533687439654,happy,subject_03,subject_03_happy_session_01
11.428,-0.015109785907152364,happy,subject_03,subject_03_happy_session_01
11.432,-0.0254448914199498,happy,subject_03,subject_03_happy_session_01
11.436,0.06604721586881515,happy,subject_03,subject_03_happy_session_01
11.44,0.04258513688082285,happy,subject_03,subject_03_happy_session_01
11.444,-0.017814021013669912,happy,subject_03,subject_03_happy_session_01
11.448,-0.005364268052978061,happy,subject_03,subject_03_happy_session_01
11.452,-0.014630238442259184,happy,subject_03,subject_03_happy_session_01
11.456,0.049670009307245785,happy,subject_03,subject_03_happy_session_01
11.46,0.05012871235053196,happy,subject_03,subject_03_happy_session_01
11.464,0.03396207422447183,happy,subject_03,subject_03_happy_session_01
11.468,0.023753049604037787,happy,subject_03,subject_03_happy_session_01
11.472,0.059296586417799405,happy,subject_03,subject_03_happy_session_01
11.476,0.15679156197846145,happy,subject_03,subject_03_happy_session_01
11.48,0.05962971902820848,happy,subject_03,subject_03_happy_session_01
11.484,0.11978425426338163,happy,subject_03,subject_03_happy_session_01
11.488,0.07618089840571433,happy,subject_03,subject_03_happy_session_01
11.492,0.12767059013250598,happy,subject_03,subject_03_happy_session_01
11.496,0.12212787139820894,happy,subject_03,subject_03_happy_session_01
11.5,0.10729075713128225,happy,subject_03,subject_03_happy_session_01
11.504,0.13835334839349578,happy,subject_03,subject_03_happy_session_01
11.508,0.165568909697631,happy,subject_03,subject_03_happy_session_01
11.512,0.1336786014039932,happy,subject_03,subject_03_happy_session_01
11.516,0.13268955893820483,happy,subject_03,subject_03_happy_session_01
11.52,0.17000467732025187,happy,subject_03,subject_03_happy_session_01
11.524,0.21144007137976523,happy,subject_03,subject_03_happy_session_01
11.528,0.11323323496691731,happy,subject_03,subject_03_happy_session_01
11.532,0.12494247484138851,happy,subject_03,subject_03_happy_session_01
11.536,0.22602514702383092,happy,subject_03,subject_03_happy_session_01
11.54,0.16455043550463633,happy,subject_03,subject_03_happy_session_01
11.544,0.2337780069717841,happy,subject_03,subject_03_happy_session_01
11.548,0.17304252861299932,happy,subject_03,subject_03_happy_session_01
11.552,0.1862743775000055,happy,subject_03,subject_03_happy_session_01
11.556,0.24473129189740095,happy,subject_03,subject_03_happy_session_01
11.56,0.239242909031047,happy,subject_03,subject_03_happy_session_01
11.564,0.17862193969765727,happy,subject_03,subject_03_happy_session_01
11.568,0.24346562143149067,happy,subject_03,subject_03_happy_session_01
11.572,0.2029265414720687,happy,subject_03,subject_03_happy_session_01
11.576,0.24474095225030515,happy,subject_03,subject_03_happy_session_01
11.58,0.23422750202082837,happy,subject_03,subject_03_happy_session_01
11.584,0.2281104268315355,happy,subject_03,subject_03_happy_session_01
11.588,0.21390462424514342,happy,subject_03,subject_03_happy_session_01
11.592,0.17780197823887217,happy,subject_03,subject_03_happy_session_01
11.596,0.21435416540449376,happy,subject_03,subject_03_happy_session_01
11.6,0.26027983800771026,happy,subject_03,subject_03_happy_session_01
11.604,0.25085094275638087,happy,subject_03,subject_03_happy_session_01
11.608,0.2040413336344272,happy,subject_03,subject_03_happy_session_01
11.612,0.26963403397458097,happy,subject_03,subject_03_happy_session_01
11.616,0.24093345560641938,happy,subject_03,subject_03_happy_session_01
11.62,0.24648146427775658,happy,subject_03,subject_03_happy_session_01
11.624,0.18467570960922264,happy,subject_03,subject_03_happy_session_01
11.628,0.27979010622242073,happy,subject_03,subject_03_happy_session_01
11.632,0.2286049836804301,happy,subject_03,subject_03_happy_session_01
11.636,0.2603161660082297,happy,subject_03,subject_03_happy_session_01
11.64,0.17878511890248183,happy,subject_03,subject_03_happy_session_01
11.644,0.13076268375485278,happy,subject_03,subject_03_happy_session_01
11.648,0.15534241151599296,happy,subject_03,subject_03_happy_session_01
11.652,0.21820963512670802,happy,subject_03,subject_03_happy_session_01
11.656,0.1353404176844419,happy,subject_03,subject_03_happy_session_01
11.66,0.2200510844582647,happy,subject_03,subject_03_happy_session_01
11.664,0.1352900999142299,happy,subject_03,subject_03_happy_session_01
11.668,0.16693809524758937,happy,subject_03,subject_03_happy_session_01
11.672,0.15424483785594156,happy,subject_03,subject_03_happy_session_01
11.676,0.12784773632220453,happy,subject_03,subject_03_happy_session_01
11.68,0.1207775080864041,happy,subject_03,subject_03_happy_session_01
11.684,0.08973436778542628,happy,subject_03,subject_03_happy_session_01
11.688,0.1857291379986229,happy,subject_03,subject_03_happy_session_01
11.692,0.12837222033753248,happy,subject_03,subject_03_happy_session_01
11.696,0.04671767419734908,happy,subject_03,subject_03_happy_session_01
11.7,0.049663771425254646,happy,subject_03,subject_03_happy_session_01
11.704,0.10960602197373648,happy,subject_03,subject_03_happy_session_01
11.708,0.08484443178995275,happy,subject_03,subject_03_happy_session_01
11.712,0.016250976376616613,happy,subject_03,subject_03_happy_session_01
11.716,0.16365200966206628,happy,subject_03,subject_03_happy_session_01
11.72,-0.027380876068033078,happy,subject_03,subject_03_happy_session_01
11.724,0.04992553861776553,happy,subject_03,subject_03_happy_session_01
11.728,0.06319613711325701,happy,subject_03,subject_03_happy_session_01
11.732,0.035633488519371634,happy,subject_03,subject_03_happy_session_01
11.736,0.08690257722193184,happy,subject_03,subject_03_happy_session_01
11.74,0.07311205213182759,happy,subject_03,subject_03_happy_session_01
11.744,0.05885811925053096,happy,subject_03,subject_03_happy_session_01
11.748,0.05072670728658533,happy,subject_03,subject_03_happy_session_01
11.752,0.07200484665190529,happy,subject_03,subject_03_happy_session_01
11.756,0.04643951274316292,happy,subject_03,subject_03_happy_session_01
11.76,0.00204142469081392,happy,subject_03,subject_03_happy_session_01
11.764,0.09052711710675963,happy,subject_03,subject_03_happy_session_01
11.768,0.12016748372242503,happy,subject_03,subject_03_happy_session_01
11.772,0.0645932434095736,happy,subject_03,subject_03_happy_session_01
11.776,0.06844424409284587,happy,subject_03,subject_03_happy_session_01
11.78,0.06698392633964105,happy,subject_03,subject_03_happy_session_01
11.784,0.025813379218518652,happy,subject_03,subject_03_happy_session_01
11.788,0.05678381340584119,happy,subject_03,subject_03_happy_session_01
11.792,0.10759105517629211,happy,subject_03,subject_03_happy_session_01
11.796,0.09248578790722092,happy,subject_03,subject_03_happy_session_01
11.8,0.14737113061140766,happy,subject_03,subject_03_happy_session_01
11.804,0.1168779293079004,happy,subject_03,subject_03_happy_session_01
11.808,0.079542971895442,happy,subject_03,subject_03_happy_session_01
11.812,0.1199940867428616,happy,subject_03,subject_03_happy_session_01
11.816,0.09156214170232066,happy,subject_03,subject_03_happy_session_01
11.82,0.04227898795383895,happy,subject_03,subject_03_happy_session_01
11.824,0.1372668685982828,happy,subject_03,subject_03_happy_session_01
11.828,0.11848176382215371,happy,subject_03,subject_03_happy_session_01
11.832,0.20298726502639236,happy,subject_03,subject_03_happy_session_01
11.836,0.07987158000634093,happy,subject_03,subject_03_happy_session_01
11.84,0.12223780154871691,happy,subject_03,subject_03_happy_session_01
11.844,0.06787554613493701,happy,subject_03,subject_03_happy_session_01
11.848,0.06007194761157154,happy,subject_03,subject_03_happy_session_01
11.852,0.16812183331374608,happy,subject_03,subject_03_happy_session_01
11.856,0.00996139013529454,happy,subject_03,subject_03_happy_session_01
11.86,0.07602633851227875,happy,subject_03,subject_03_happy_session_01
11.864,0.13318476707405552,happy,subject_03,subject_03_happy_session_01
11.868,0.01294987786209293,happy,subject_03,subject_03_happy_session_01
11.872,0.043841402532215704,happy,subject_03,subject_03_happy_session_01
11.876,0.08811621609563534,happy,subject_03,subject_03_happy_session_01
11.88,0.009013957750313328,happy,subject_03,subject_03_happy_session_01
11.884,0.0575512041248879,happy,subject_03,subject_03_happy_session_01
11.888,0.013485257551501015,happy,subject_03,subject_03_happy_session_01
11.892,0.08339647704564951,happy,subject_03,subject_03_happy_session_01
11.896,0.07784664308773198,happy,subject_03,subject_03_happy_session_01
11.9,0.011482189826844486,happy,subject_03,subject_03_happy_session_01
11.904,-0.07586102729233829,happy,subject_03,subject_03_happy_session_01
11.908,0.039434375833519345,happy,subject_03,subject_03_happy_session_01
11.912,0.054269184997012485,happy,subject_03,subject_03_happy_session_01
11.916,0.03425602731162598,happy,subject_03,subject_03_happy_session_01
11.92,0.02757696075345066,happy,subject_03,subject_03_happy_session_01
11.924,0.021003907227537484,happy,subject_03,subject_03_happy_session_01
11.928,-0.0018583663103384643,happy,subject_03,subject_03_happy_session_01
11.932,-0.01806477299433997,happy,subject_03,subject_03_happy_session_01
11.936,0.008807112553128908,happy,subject_03,subject_03_happy_session_01
11.94,-0.0018980606202056022,happy,subject_03,subject_03_happy_session_01
11.944,0.029518288585823983,happy,subject_03,subject_03_happy_session_01
11.948,-0.025079642426828835,happy,subject_03,subject_03_happy_session_01
11.952,-0.010912727905813444,happy,subject_03,subject_03_happy_session_01
11.956,0.0063415742794277336,happy,subject_03,subject_03_happy_session_01
11.96,-0.024155497167104023,happy,subject_03,subject_03_happy_session_01
11.964,-0.047980962672698885,happy,subject_03,subject_03_happy_session_01
11.968,0.0204084535197208,happy,subject_03,subject_03_happy_session_01
11.972,-0.051986057485643486,happy,subject_03,subject_03_happy_session_01
11.976,-0.004218864076454996,happy,subject_03,subject_03_happy_session_01
11.98,0.005975963435325325,happy,subject_03,subject_03_happy_session_01
11.984,0.04313285063208091,happy,subject_03,subject_03_happy_session_01
11.988,0.09553511884386,happy,subject_03,subject_03_happy_session_01
11.992,0.10540912828074257,happy,subject_03,subject_03_happy_session_01
11.996,0.10750402004168841,happy,subject_03,subject_03_happy_session_01
12.0,0.22439573649672234,happy,subject_03,subject_03_happy_session_01
12.004,0.37341607590500564,happy,subject_03,subject_03_happy_session_01
12.008,0.505143943987729,happy,subject_03,subject_03_happy_session_01
12.012,0.6608988988828828,happy,subject_03,subject_03_happy_session_01
12.016,0.8363638039188261,happy,subject_03,subject_03_happy_session_01
12.02,0.9084590281341884,happy,subject_03,subject_03_happy_session_01
12.024,1.0078100099653644,happy,subject_03,subject_03_happy_session_01
12.028,0.9593171556005887,happy,subject_03,subject_03_happy_session_01
12.032,0.9862879910051632,happy,subject_03,subject_03_happy_session_01
12.036,0.8316152204874734,happy,subject_03,subject_03_happy_session_01
12.04,0.8092817411161491,happy,subject_03,subject_03_happy_session_01
12.044,0.6163779723179543,happy,subject_03,subject_03_happy_session_01
12.048,0.41627470755905055,happy,subject_03,subject_03_happy_session_01
12.052,0.30162740730536824,happy,subject_03,subject_03_happy_session_01
12.056,0.19375159324971628,happy,subject_03,subject_03_happy_session_01
12.06,0.02814788440243362,happy,subject_03,subject_03_happy_session_01
12.064,-0.03183896826137373,happy,subject_03,subject_03_happy_session_01
12.068,-0.05557914375995097,happy,subject_03,subject_03_happy_session_01
12.072,-0.026802738422447417,happy,subject_03,subject_03_happy_session_01
12.076,-0.12232350773685938,happy,subject_03,subject_03_happy_session_01
12.08,-0.021735190158175908,happy,subject_03,subject_03_happy_session_01
12.084,-0.0294066671952782,happy,subject_03,subject_03_happy_session_01
12.088,0.03307945956138632,happy,subject_03,subject_03_happy_session_01
12.092,0.022494099677339462,happy,subject_03,subject_03_happy_session_01
12.096,0.06548211225989053,happy,subject_03,subject_03_happy_session_01
12.1,0.03901125636189652,happy,subject_03,subject_03_happy_session_01
12.104,-0.012840457396022638,happy,subject_03,subject_03_happy_session_01
12.108,0.04855247218389212,happy,subject_03,subject_03_happy_session_01
12.112,0.05433427884097007,happy,subject_03,subject_03_happy_session_01
12.116,0.016172308951402557,happy,subject_03,subject_03_happy_session_01
12.12,0.025073265726146574,happy,subject_03,subject_03_happy_session_01
12.124,-0.036387581464328765,happy,subject_03,subject_03_happy_session_01
12.128,0.07757780758863408,happy,subject_03,subject_03_happy_session_01
12.132,0.0511585510658251,happy,subject_03,subject_03_happy_session_01
12.136,0.040637199653357825,happy,subject_03,subject_03_happy_session_01
12.14,0.030236144509786886,happy,subject_03,subject_03_happy_session_01
12.144,0.05321374394511748,happy,subject_03,subject_03_happy_session_01
12.148,0.09134667337497673,happy,subject_03,subject_03_happy_session_01
12.152,0.08804086769583767,happy,subject_03,subject_03_happy_session_01
12.156,0.07600713959191581,happy,subject_03,subject_03_happy_session_01
12.16,0.051052403030544,happy,subject_03,subject_03_happy_session_01
12.164,0.08837966794518021,happy,subject_03,subject_03_happy_session_01
12.168,0.07781821345926114,happy,subject_03,subject_03_happy_session_01
12.172,0.10621224457454446,happy,subject_03,subject_03_happy_session_01
12.176,0.14269660092471587,happy,subject_03,subject_03_happy_session_01
12.18,0.1093497814232813,happy,subject_03,subject_03_happy_session_01
12.184,0.19417380201662557,happy,subject_03,subject_03_happy_session_01
12.188,0.1232140606215653,happy,subject_03,subject_03_happy_session_01
12.192,0.09079966408315165,happy,subject_03,subject_03_happy_session_01
12.196,0.1507155846192095,happy,subject_03,subject_03_happy_session_01
12.2,0.14509501046316717,happy,subject_03,subject_03_happy_session_01
12.204,0.2934095429314849,happy,subject_03,subject_03_happy_session_01
12.208,0.16541381346548747,happy,subject_03,subject_03_happy_session_01
12.212,0.13566871009761772,happy,subject_03,subject_03_happy_session_01
12.216,0.19656398467048355,happy,subject_03,subject_03_happy_session_01
12.22,0.19666260676891428,happy,subject_03,subject_03_happy_session_01
12.224,0.16860181333433277,happy,subject_03,subject_03_happy_session_01
12.228,0.22873817624136336,happy,subject_03,subject_03_happy_session_01
12.232,0.24240775690669292,happy,subject_03,subject_03_happy_session_01
12.236,0.23151566740077992,happy,subject_03,subject_03_happy_session_01
12.24,0.2250290550105333,happy,subject_03,subject_03_happy_session_01
12.244,0.22673416735356375,happy,subject_03,subject_03_happy_session_01
12.248,0.22259641920468376,happy,subject_03,subject_03_happy_session_01
12.252,0.20385464231040243,happy,subject_03,subject_03_happy_session_01
12.256,0.30443503505986746,happy,subject_03,subject_03_happy_session_01
12.26,0.3409781281235733,happy,subject_03,subject_03_happy_session_01
12.264,0.22234259458851244,happy,subject_03,subject_03_happy_session_01
12.268,0.23922048514445932,happy,subject_03,subject_03_happy_session_01
12.272,0.22387041181828532,happy,subject_03,subject_03_happy_session_01
12.276,0.2936972706155991,happy,subject_03,subject_03_happy_session_01
12.28,0.2271669375225558,happy,subject_03,subject_03_happy_session_01
12.284,0.28668794879469467,happy,subject_03,subject_03_happy_session_01
12.288,0.2761471774741285,happy,subject_03,subject_03_happy_session_01
12.292,0.2541242441135361,happy,subject_03,subject_03_happy_session_01
12.296,0.30480280318277986,happy,subject_03,subject_03_happy_session_01
12.3,0.24210521591515086,happy,subject_03,subject_03_happy_session_01
12.304,0.2510141122538989,happy,subject_03,subject_03_happy_session_01
12.308,0.20440246204081755,happy,subject_03,subject_03_happy_session_01
12.312,0.15709629122345037,happy,subject_03,subject_03_happy_session_01
12.316,0.27473296687007753,happy,subject_03,subject_03_happy_session_01
12.32,0.21064518557018067,happy,subject_03,subject_03_happy_session_01
12.324,0.26702408771452607,happy,subject_03,subject_03_happy_session_01
12.328,0.2081262977078246,happy,subject_03,subject_03_happy_session_01
12.332,0.21024556929867816,happy,subject_03,subject_03_happy_session_01
12.336,0.21459766452352147,happy,subject_03,subject_03_happy_session_01
12.34,0.18161424215576147,happy,subject_03,subject_03_happy_session_01
12.344,0.13688742384596747,happy,subject_03,subject_03_happy_session_01
12.348,0.15572204870160317,happy,subject_03,subject_03_happy_session_01
12.352,0.14567614629718886,happy,subject_03,subject_03_happy_session_01
12.356,0.17041884343214234,happy,subject_03,subject_03_happy_session_01
12.36,0.2033541197052272,happy,subject_03,subject_03_happy_session_01
12.364,0.13157442934143687,happy,subject_03,subject_03_happy_session_01
12.368,0.14628660824174353,happy,subject_03,subject_03_happy_session_01
12.372,0.15106176296634444,happy,subject_03,subject_03_happy_session_01
12.376,0.10801208408932428,happy,subject_03,subject_03_happy_session_01
12.38,0.1426133957593789,happy,subject_03,subject_03_happy_session_01
12.384,0.16121550930148165,happy,subject_03,subject_03_happy_session_01
12.388,0.1303385842953,happy,subject_03,subject_03_happy_session_01
12.392,0.10900481175130894,happy,subject_03,subject_03_happy_session_01
12.396,0.07589806062618672,happy,subject_03,subject_03_happy_session_01
12.4,0.09615450408146893,happy,subject_03,subject_03_happy_session_01
12.404,0.0693779767582047,happy,subject_03,subject_03_happy_session_01
12.408,0.07109268147642886,happy,subject_03,subject_03_happy_session_01
12.412,0.08376013953571584,happy,subject_03,subject_03_happy_session_01
12.416,0.07769617294891683,happy,subject_03,subject_03_happy_session_01
12.42,0.11865429133610778,happy,subject_03,subject_03_happy_session_01
12.424,0.06001967671134515,happy,subject_03,subject_03_happy_session_01
12.428,0.09290595996794958,happy,subject_03,subject_03_happy_session_01
12.432,0.062362193452669565,happy,subject_03,subject_03_happy_session_01
12.436,0.04667234644770893,happy,subject_03,subject_03_happy_session_01
12.44,0.10033128022835466,happy,subject_03,subject_03_happy_session_01
12.444,0.09489310752773335,happy,subject_03,subject_03_happy_session_01
12.448,0.060922102792265294,happy,subject_03,subject_03_happy_session_01
12.452,-0.025237562648749726,happy,subject_03,subject_03_happy_session_01
12.456,0.1260510891933759,happy,subject_03,subject_03_happy_session_01
12.46,0.11712410172101731,happy,subject_03,subject_03_happy_session_01
12.464,0.13374366016473527,happy,subject_03,subject_03_happy_session_01
12.468,0.13928703483604343,happy,subject_03,subject_03_happy_session_01
12.472,0.10134690263518698,happy,subject_03,subject_03_happy_session_01
12.476,0.0901233063083558,happy,subject_03,subject_03_happy_session_01
12.48,0.04580214072691728,happy,subject_03,subject_03_happy_session_01
12.484,0.116895535924131,happy,subject_03,subject_03_happy_session_01
12.488,0.09979522984346571,happy,subject_03,subject_03_happy_session_01
12.492,0.09112188279865353,happy,subject_03,subject_03_happy_session_01
12.496,0.07349680971420608,happy,subject_03,subject_03_happy_session_01
12.5,0.08697530244656011,happy,subject_03,subject_03_happy_session_01
12.504,0.07729366118163133,happy,subject_03,subject_03_happy_session_01
12.508,0.15984569186700695,happy,subject_03,subject_03_happy_session_01
12.512,0.16412564352624834,happy,subject_03,subject_03_happy_session_01
12.516,0.09835985732909279,happy,subject_03,subject_03_happy_session_01
12.52,0.16574154504236693,happy,subject_03,subject_03_happy_session_01
12.524,0.12431479704667606,happy,subject_03,subject_03_happy_session_01
12.528,0.16928690541385466,happy,subject_03,subject_03_happy_session_01
12.532,0.1353477409500809,happy,subject_03,subject_03_happy_session_01
12.536,0.13263114208799673,happy,subject_03,subject_03_happy_session_01
12.54,0.11465708199807097,happy,subject_03,subject_03_happy_session_01
12.544,0.07602665009967852,happy,subject_03,subject_03_happy_session_01
12.548,0.05000219449091609,happy,subject_03,subject_03_happy_session_01
12.552,0.09812361365103109,happy,subject_03,subject_03_happy_session_01
12.556,0.08226244896327249,happy,subject_03,subject_03_happy_session_01
12.56,0.171220356516199,happy,subject_03,subject_03_happy_session_01
12.564,0.10112223667129086,happy,subject_03,subject_03_happy_session_01
12.568,0.04025605007445079,happy,subject_03,subject_03_happy_session_01
12.572,0.06192918605494791,happy,subject_03,subject_03_happy_session_01
12.576,0.04731926467283863,happy,subject_03,subject_03_happy_session_01
12.58,0.05446428250622275,happy,subject_03,subject_03_happy_session_01
12.584,0.005896982258324697,happy,subject_03,subject_03_happy_session_01
12.588,0.07986550958187673,happy,subject_03,subject_03_happy_session_01
12.592,0.030929721571093208,happy,subject_03,subject_03_happy_session_01
12.596,0.06467681254555098,happy,subject_03,subject_03_happy_session_01
12.6,0.01800896595478456,happy,subject_03,subject_03_happy_session_01
12.604,0.022914133767491376,happy,subject_03,subject_03_happy_session_01
12.608,0.055596113868705846,happy,subject_03,subject_03_happy_session_01
12.612,-0.03936463973805711,happy,subject_03,subject_03_happy_session_01
12.616,0.06623902470722508,happy,subject_03,subject_03_happy_session_01
12.62,0.08192656306213314,happy,subject_03,subject_03_happy_session_01
12.624,0.08025581161513903,happy,subject_03,subject_03_happy_session_01
12.628,0.004154688877182081,happy,subject_03,subject_03_happy_session_01
12.632,0.03858912327389262,happy,subject_03,subject_03_happy_session_01
12.636,0.011829671077395992,happy,subject_03,subject_03_happy_session_01
12.64,-0.02520456658931814,happy,subject_03,subject_03_happy_session_01
12.644,0.028963414570195113,happy,subject_03,subject_03_happy_session_01
12.648,-0.026807606228459485,happy,subject_03,subject_03_happy_session_01
12.652,0.04227965576417928,happy,subject_03,subject_03_happy_session_01
12.656,0.04576626983472812,happy,subject_03,subject_03_happy_session_01
12.66,0.05775243905173061,happy,subject_03,subject_03_happy_session_01
12.664,0.028507069114974366,happy,subject_03,subject_03_happy_session_01
12.668,0.0020764856706734745,happy,subject_03,subject_03_happy_session_01
12.672,0.03129468908271145,happy,subject_03,subject_03_happy_session_01
12.676,0.0865874152563323,happy,subject_03,subject_03_happy_session_01
12.68,0.20636016938837481,happy,subject_03,subject_03_happy_session_01
12.684,0.3092131150599477,happy,subject_03,subject_03_happy_session_01
12.688,0.38264604871028607,happy,subject_03,subject_03_happy_session_01
12.692,0.5643621548403421,happy,subject_03,subject_03_happy_session_01
12.696,0.6600210611011926,happy,subject_03,subject_03_happy_session_01
12.7,0.8304867712565573,happy,subject_03,subject_03_happy_session_01
12.704,0.9141078431066553,happy,subject_03,subject_03_happy_session_01
12.708,1.0066721892860793,happy,subject_03,subject_03_happy_session_01
12.712,0.9923915111054675,happy,subject_03,subject_03_happy_session_01
12.716,0.9419138204818113,happy,subject_03,subject_03_happy_session_01
12.72,0.8686968998970664,happy,subject_03,subject_03_happy_session_01
12.724,0.8125897540367865,happy,subject_03,subject_03_happy_session_01
12.728,0.6058723620977526,happy,subject_03,subject_03_happy_session_01
12.732,0.4745595918930789,happy,subject_03,subject_03_happy_session_01
12.736,0.36437480876464834,happy,subject_03,subject_03_happy_session_01
12.74,0.23807334387026674,happy,subject_03,subject_03_happy_session_01
12.744,0.05886994080427385,happy,subject_03,subject_03_happy_session_01
12.748,-0.06356036699501612,happy,subject_03,subject_03_happy_session_01
12.752,-0.048440557748671495,happy,subject_03,subject_03_happy_session_01
12.756,-0.027664764995304996,happy,subject_03,subject_03_happy_session_01
12.76,-0.007214515917964032,happy,subject_03,subject_03_happy_session_01
12.764,-0.058016917890137645,happy,subject_03,subject_03_happy_session_01
12.768,-0.06139971552766824,happy,subject_03,subject_03_happy_session_01
12.772,-0.015386269013468977,happy,subject_03,subject_03_happy_session_01
12.776,0.010976670587556966,happy,subject_03,subject_03_happy_session_01
12.78,0.11155180752238303,happy,subject_03,subject_03_happy_session_01
12.784,0.04893226364885891,happy,subject_03,subject_03_happy_session_01
12.788,0.07260422842171378,happy,subject_03,subject_03_happy_session_01
12.792,0.09225333849716474,happy,subject_03,subject_03_happy_session_01
12.796,0.04146455745549514,happy,subject_03,subject_03_happy_session_01
12.8,0.06410784850941835,happy,subject_03,subject_03_happy_session_01
12.804,0.07296167973629072,happy,subject_03,subject_03_happy_session_01
12.808,0.08905026499252994,happy,subject_03,subject_03_happy_session_01
12.812,0.06729841733940159,happy,subject_03,subject_03_happy_session_01
12.816,0.11257138579603637,happy,subject_03,subject_03_happy_session_01
12.82,0.11916102981174684,happy,subject_03,subject_03_happy_session_01
12.824,0.075401205825929,happy,subject_03,subject_03_happy_session_01
12.828,0.11694924627163725,happy,subject_03,subject_03_happy_session_01
12.832,0.1093400924003416,happy,subject_03,subject_03_happy_session_01
12.836,0.19448938154174697,happy,subject_03,subject_03_happy_session_01
12.84,0.1385683176771353,happy,subject_03,subject_03_happy_session_01
12.844,0.12685289903610106,happy,subject_03,subject_03_happy_session_01
12.848,0.09978821527342954,happy,subject_03,subject_03_happy_session_01
12.852,0.0901175684650381,happy,subject_03,subject_03_happy_session_01
12.856,0.15162123684929718,happy,subject_03,subject_03_happy_session_01
12.86,0.08038107157272481,happy,subject_03,subject_03_happy_session_01
12.864,0.20420134878660934,happy,subject_03,subject_03_happy_session_01
12.868,0.08262493311981724,happy,subject_03,subject_03_happy_session_01
12.872,0.1261395404314991,happy,subject_03,subject_03_happy_session_01
12.876,0.204705091279263,happy,subject_03,subject_03_happy_session_01
12.88,0.17606241867287856,happy,subject_03,subject_03_happy_session_01
12.884,0.19132268866462446,happy,subject_03,subject_03_happy_session_01
12.888,0.16844905832956436,happy,subject_03,subject_03_happy_session_01
12.892,0.195579296685583,happy,subject_03,subject_03_happy_session_01
12.896,0.23142588909434197,happy,subject_03,subject_03_happy_session_01
12.9,0.18563937057088442,happy,subject_03,subject_03_happy_session_01
12.904,0.21270034696291348,happy,subject_03,subject_03_happy_session_01
12.908,0.22893263576314263,happy,subject_03,subject_03_happy_session_01
12.912,0.2258724579551312,happy,subject_03,subject_03_happy_session_01
12.916,0.267918536073381,happy,subject_03,subject_03_happy_session_01
12.92,0.26365222964794915,happy,subject_03,subject_03_happy_session_01
12.924,0.24944764002302833,happy,subject_03,subject_03_happy_session_01
12.928,0.19850362795100424,happy,subject_03,subject_03_happy_session_01
12.932,0.3042133359463848,happy,subject_03,subject_03_happy_session_01
12.936,0.23465210657579447,happy,subject_03,subject_03_happy_session_01
12.94,0.3327480114642971,happy,subject_03,subject_03_happy_session_01
12.944,0.24406251372073307,happy,subject_03,subject_03_happy_session_01
12.948,0.28499330622064906,happy,subject_03,subject_03_happy_session_01
12.952,0.30022480164231474,happy,subject_03,subject_03_happy_session_01
12.956,0.27234376083057826,happy,subject_03,subject_03_happy_session_01
12.96,0.2907807286971324,happy,subject_03,subject_03_happy_session_01
12.964,0.2699860108950239,happy,subject_03,subject_03_happy_session_01
12.968,0.3453828956560271,happy,subject_03,subject_03_happy_session_01
12.972,0.28510495051681534,happy,subject_03,subject_03_happy_session_01
12.976,0.27210895946174257,happy,subject_03,subject_03_happy_session_01
12.98,0.2822886769802879,happy,subject_03,subject_03_happy_session_01
12.984,0.3103474735264133,happy,subject_03,subject_03_happy_session_01
12.988,0.2808060143557966,happy,subject_03,subject_03_happy_session_01
12.992,0.2694516326417902,happy,subject_03,subject_03_happy_session_01
12.996,0.2082093316117636,happy,subject_03,subject_03_happy_session_01
13.0,0.29378083267410554,happy,subject_03,subject_03_happy_session_01
13.004,0.26009287211453835,happy,subject_03,subject_03_happy_session_01
13.008,0.22634033572057424,happy,subject_03,subject_03_happy_session_01
13.012,0.24710549000039422,happy,subject_03,subject_03_happy_session_01
13.016,0.27778190103747247,happy,subject_03,subject_03_happy_session_01
13.02,0.2472900007619393,happy,subject_03,subject_03_happy_session_01
13.024,0.2841007925270643,happy,subject_03,subject_03_happy_session_01
13.028,0.23856347081904958,happy,subject_03,subject_03_happy_session_01
13.032,0.13305854156396832,happy,subject_03,subject_03_happy_session_01
13.036,0.2372573954943386,happy,subject_03,subject_03_happy_session_01
13.04,0.12460605800951793,happy,subject_03,subject_03_happy_session_01
13.044,0.22539621711005073,happy,subject_03,subject_03_happy_session_01
13.048,0.20163173299683218,happy,subject_03,subject_03_happy_session_01
13.052,0.2220793215972745,happy,subject_03,subject_03_happy_session_01
13.056,0.17153983678295745,happy,subject_03,subject_03_happy_session_01
13.06,0.15898669785850827,happy,subject_03,subject_03_happy_session_01
13.064,0.18546569550469794,happy,subject_03,subject_03_happy_session_01
13.068,0.09432189370299415,happy,subject_03,subject_03_happy_session_01
13.072,0.13061114336360963,happy,subject_03,subject_03_happy_session_01
13.076,0.11517212502445913,happy,subject_03,subject_03_happy_session_01
13.08,0.10258278315026359,happy,subject_03,subject_03_happy_session_01
13.084,0.09243949557657065,happy,subject_03,subject_03_happy_session_01
13.088,0.1131881114271096,happy,subject_03,subject_03_happy_session_01
13.092,0.1285166850729415,happy,subject_03,subject_03_happy_session_01
13.096,0.15166131760185914,happy,subject_03,subject_03_happy_session_01
13.1,0.086406842703378,happy,subject_03,subject_03_happy_session_01
13.104,0.08084588012121138,happy,subject_03,subject_03_happy_session_01
13.108,-0.007103392674242051,happy,subject_03,subject_03_happy_session_01
13.112,0.14141451200422447,happy,subject_03,subject_03_happy_session_01
13.116,0.04176420578365875,happy,subject_03,subject_03_happy_session_01
13.12,0.10586319024916935,happy,subject_03,subject_03_happy_session_01
13.124,0.09964897242114817,happy,subject_03,subject_03_happy_session_01
13.128,0.12502209999729774,happy,subject_03,subject_03_happy_session_01
13.132,0.0610867393261094,happy,subject_03,subject_03_happy_session_01
13.136,0.11400105992428244,happy,subject_03,subject_03_happy_session_01
13.14,0.1534066840726534,happy,subject_03,subject_03_happy_session_01
13.144,0.10745660176718513,happy,subject_03,subject_03_happy_session_01
13.148,0.07189195368319125,happy,subject_03,subject_03_happy_session_01
13.152,0.05469020479270075,happy,subject_03,subject_03_happy_session_01
13.156,0.16178789851529213,happy,subject_03,subject_03_happy_session_01
13.16,0.09798486605995366,happy,subject_03,subject_03_happy_session_01
13.164,0.10856164180704066,happy,subject_03,subject_03_happy_session_01
13.168,0.20893568521246086,happy,subject_03,subject_03_happy_session_01
13.172,0.15592697984807388,happy,subject_03,subject_03_happy_session_01
13.176,0.1665350153173054,happy,subject_03,subject_03_happy_session_01
13.18,0.18623891866366435,happy,subject_03,subject_03_happy_session_01
13.184,0.07597977413707267,happy,subject_03,subject_03_happy_session_01
13.188,0.18547114375512902,happy,subject_03,subject_03_happy_session_01
13.192,0.19074193199154926,happy,subject_03,subject_03_happy_session_01
13.196,0.11644300264669925,happy,subject_03,subject_03_happy_session_01
13.2,0.15745180457864194,happy,subject_03,subject_03_happy_session_01
13.204,0.16334712717544447,happy,subject_03,subject_03_happy_session_01
13.208,0.10236071847813982,happy,subject_03,subject_03_happy_session_01
13.212,0.1561330252825406,happy,subject_03,subject_03_happy_session_01
13.216,0.09827509986989444,happy,subject_03,subject_03_happy_session_01
13.22,0.20707555038367828,happy,subject_03,subject_03_happy_session_01
13.224,0.1173989694727217,happy,subject_03,subject_03_happy_session_01
13.228,0.12660438530527218,happy,subject_03,subject_03_happy_session_01
13.232,0.04452728561235751,happy,subject_03,subject_03_happy_session_01
13.236,0.10990263861502143,happy,subject_03,subject_03_happy_session_01
13.24,0.13319808115120915,happy,subject_03,subject_03_happy_session_01
13.244,0.05363679404440227,happy,subject_03,subject_03_happy_session_01
13.248,0.06119220368193282,happy,subject_03,subject_03_happy_session_01
13.252,0.04925978149905498,happy,subject_03,subject_03_happy_session_01
13.256,0.02862071480762056,happy,subject_03,subject_03_happy_session_01
13.26,0.01881864813076326,happy,subject_03,subject_03_happy_session_01
13.264,0.09561728278151725,happy,subject_03,subject_03_happy_session_01
13.268,0.011060545647679589,happy,subject_03,subject_03_happy_session_01
13.272,-0.010955433988762218,happy,subject_03,subject_03_happy_session_01
13.276,0.02931459976158017,happy,subject_03,subject_03_happy_session_01
13.28,0.046517687958011596,happy,subject_03,subject_03_happy_session_01
13.284,0.06224089061647363,happy,subject_03,subject_03_happy_session_01
13.288,0.00836984076702587,happy,subject_03,subject_03_happy_session_01
13.292,0.01665179810229123,happy,subject_03,subject_03_happy_session_01
13.296,0.05427410799111445,happy,subject_03,subject_03_happy_session_01
13.3,0.06536625115445732,happy,subject_03,subject_03_happy_session_01
13.304,0.07583621583374701,happy,subject_03,subject_03_happy_session_01
13.308,0.04791580058536664,happy,subject_03,subject_03_happy_session_01
13.312,-0.027886668728515,happy,subject_03,subject_03_happy_session_01
13.316,-0.0013492671300054451,happy,subject_03,subject_03_happy_session_01
13.32,0.07239783845601301,happy,subject_03,subject_03_happy_session_01
13.324,0.08965726268009527,happy,subject_03,subject_03_happy_session_01
13.328,0.02346429036911511,happy,subject_03,subject_03_happy_session_01
13.332,0.018508094792733687,happy,subject_03,subject_03_happy_session_01
13.336,-0.013445281336705566,happy,subject_03,subject_03_happy_session_01
13.34,0.06691689503762115,happy,subject_03,subject_03_happy_session_01
13.344,-0.024578777202571164,happy,subject_03,subject_03_happy_session_01
13.348,0.07894277187430318,happy,subject_03,subject_03_happy_session_01
13.352,0.013213543161598507,happy,subject_03,subject_03_happy_session_01
13.356,0.00713276020849047,happy,subject_03,subject_03_happy_session_01
13.36,0.019008404127120952,happy,subject_03,subject_03_happy_session_01
13.364,0.14462712719206955,happy,subject_03,subject_03_happy_session_01
13.368,0.2519637966732353,happy,subject_03,subject_03_happy_session_01
13.372,0.3729763390391149,happy,subject_03,subject_03_happy_session_01
13.376,0.5284883928189066,happy,subject_03,subject_03_happy_session_01
13.38,0.7247367428867378,happy,subject_03,subject_03_happy_session_01
13.384,0.8348436449230147,happy,subject_03,subject_03_happy_session_01
13.388,0.9309330538369175,happy,subject_03,subject_03_happy_session_01
13.392,1.0356810155714775,happy,subject_03,subject_03_happy_session_01
13.396,0.9864867349150974,happy,subject_03,subject_03_happy_session_01
13.4,1.0138057397378768,happy,subject_03,subject_03_happy_session_01
13.404,0.933639768292988,happy,subject_03,subject_03_happy_session_01
13.408,0.8415033346183762,happy,subject_03,subject_03_happy_session_01
13.412,0.5935410426376153,happy,subject_03,subject_03_happy_session_01
13.416,0.4526344878884297,happy,subject_03,subject_03_happy_session_01
13.42,0.3011128661678285,happy,subject_03,subject_03_happy_session_01
13.424,0.2116620645697492,happy,subject_03,subject_03_happy_session_01
13.428,0.09685975464408444,happy,subject_03,subject_03_happy_session_01
13.432,0.03600066661566298,happy,subject_03,subject_03_happy_session_01
13.436,-0.09857128672375104,happy,subject_03,subject_03_happy_session_01
13.44,0.012135717579791268,happy,subject_03,subject_03_happy_session_01
13.444,-0.02737915487580502,happy,subject_03,subject_03_happy_session_01
13.448,-0.0024755924458851573,happy,subject_03,subject_03_happy_session_01
13.452,0.008115197390908371,happy,subject_03,subject_03_happy_session_01
13.456,-0.011057251288518402,happy,subject_03,subject_03_happy_session_01
13.46,0.04161916679214343,happy,subject_03,subject_03_happy_session_01
13.464,0.035304340841721044,happy,subject_03,subject_03_happy_session_01
13.468,0.04125343429473147,happy,subject_03,subject_03_happy_session_01
13.472,0.060936900086337356,happy,subject_03,subject_03_happy_session_01
13.476,0.04374471078860167,happy,subject_03,subject_03_happy_session_01
13.48,0.0029704368905213024,happy,subject_03,subject_03_happy_session_01
13.484,0.047446857834834294,happy,subject_03,subject_03_happy_session_01
13.488,0.11400219486120508,happy,subject_03,subject_03_happy_session_01
13.492,0.04129161203196882,happy,subject_03,subject_03_happy_session_01
13.496,0.06773619740682942,happy,subject_03,subject_03_happy_session_01
13.5,0.09769196124453078,happy,subject_03,subject_03_happy_session_01
13.504,0.14698506368912156,happy,subject_03,subject_03_happy_session_01
13.508,0.06845406744261823,happy,subject_03,subject_03_happy_session_01
13.512,0.03932735158684662,happy,subject_03,subject_03_happy_session_01
13.516,0.11096740934916915,happy,subject_03,subject_03_happy_session_01
13.52,0.06442300364474425,happy,subject_03,subject_03_happy_session_01
13.524,0.10887833431313643,happy,subject_03,subject_03_happy_session_01
13.528,0.12570097805383934,happy,subject_03,subject_03_happy_session_01
13.532,0.09390648215511303,happy,subject_03,subject_03_happy_session_01
13.536,0.10758886415004218,happy,subject_03,subject_03_happy_session_01
13.54,0.15242582848257927,happy,subject_03,subject_03_happy_session_01
13.544,0.16883206767052653,happy,subject_03,subject_03_happy_session_01
13.548,0.13914779147193757,happy,subject_03,subject_03_happy_session_01
13.552,0.1506580171355037,happy,subject_03,subject_03_happy_session_01
13.556,0.11269405452261727,happy,subject_03,subject_03_happy_session_01
13.56,0.16352665792416243,happy,subject_03,subject_03_happy_session_01
13.564,0.1531021031040713,happy,subject_03,subject_03_happy_session_01
13.568,0.17699639698984718,happy,subject_03,subject_03_happy_session_01
13.572,0.23129469378984133,happy,subject_03,subject_03_happy_session_01
13.576,0.14959560564005578,happy,subject_03,subject_03_happy_session_01
13.58,0.23740183248579186,happy,subject_03,subject_03_happy_session_01
13.584,0.21019145646253945,happy,subject_03,subject_03_happy_session_01
13.588,0.20935729532892614,happy,subject_03,subject_03_happy_session_01
13.592,0.1865910601270675,happy,subject_03,subject_03_happy_session_01
13.596,0.23320516791981866,happy,subject_03,subject_03_happy_session_01
13.6,0.3055342366399149,happy,subject_03,subject_03_happy_session_01
13.604,0.14612383078681498,happy,subject_03,subject_03_happy_session_01
13.608,0.17220644941680624,happy,subject_03,subject_03_happy_session_01
13.612,0.2393905302392485,happy,subject_03,subject_03_happy_session_01
13.616,0.2614832764729856,happy,subject_03,subject_03_happy_session_01
13.62,0.286880400574986,happy,subject_03,subject_03_happy_session_01
13.624,0.2732491461999301,happy,subject_03,subject_03_happy_session_01
13.628,0.20303770560464512,happy,subject_03,subject_03_happy_session_01
13.632,0.28415396613273813,happy,subject_03,subject_03_happy_session_01
13.636,0.25824695794551156,happy,subject_03,subject_03_happy_session_01
13.64,0.2963574263307065,happy,subject_03,subject_03_happy_session_01
13.644,0.24073899928983222,happy,subject_03,subject_03_happy_session_01
13.648,0.2120634856256235,happy,subject_03,subject_03_happy_session_01
13.652,0.24910742877021197,happy,subject_03,subject_03_happy_session_01
13.656,0.2806763620170203,happy,subject_03,subject_03_happy_session_01
13.66,0.27487913577702183,happy,subject_03,subject_03_happy_session_01
13.664,0.2594558576778519,happy,subject_03,subject_03_happy_session_01
13.668,0.234270073129749,happy,subject_03,subject_03_happy_session_01
13.672,0.24730991730106297,happy,subject_03,subject_03_happy_session_01
13.676,0.2995137800480206,happy,subject_03,subject_03_happy_session_01
13.68,0.33220056159260114,happy,subject_03,subject_03_happy_session_01
13.684,0.25252651812517324,happy,subject_03,subject_03_happy_session_01
13.688,0.2678361838674105,happy,subject_03,subject_03_happy_session_01
13.692,0.2004277970283529,happy,subject_03,subject_03_happy_session_01
13.696,0.2668281879280332,happy,subject_03,subject_03_happy_session_01
13.7,0.200508391852546,happy,subject_03,subject_03_happy_session_01
13.704,0.1613925268359705,happy,subject_03,subject_03_happy_session_01
13.708,0.23883589353425996,happy,subject_03,subject_03_happy_session_01
13.712,0.19424158945175787,happy,subject_03,subject_03_happy_session_01
13.716,0.23235133732407312,happy,subject_03,subject_03_happy_session_01
13.72,0.20486922131728508,happy,subject_03,subject_03_happy_session_01
13.724,0.12300296717970825,happy,subject_03,subject_03_happy_session_01
13.728,0.16707791518246076,happy,subject_03,subject_03_happy_session_01
13.732,0.12161021029624014,happy,subject_03,subject_03_happy_session_01
13.736,0.18970095402138426,happy,subject_03,subject_03_happy_session_01
13.74,0.14108684251698234,happy,subject_03,subject_03_happy_session_01
13.744,0.10780484009618949,happy,subject_03,subject_03_happy_session_01
13.748,0.052775803596731174,happy,subject_03,subject_03_happy_session_01
13.752,0.15789164897172978,happy,subject_03,subject_03_happy_session_01
13.756,0.09861835265974554,happy,subject_03,subject_03_happy_session_01
13.76,0.09531686856732774,happy,subject_03,subject_03_happy_session_01
13.764,0.11565321951513173,happy,subject_03,subject_03_happy_session_01
13.768,0.0624119235346855,happy,subject_03,subject_03_happy_session_01
13.772,0.035323319707946575,happy,subject_03,subject_03_happy_session_01
13.776,0.09078385683791247,happy,subject_03,subject_03_happy_session_01
13.78,0.04752203407145062,happy,subject_03,subject_03_happy_session_01
13.784,0.07404023564950016,happy,subject_03,subject_03_happy_session_01
13.788,0.043627123234132176,happy,subject_03,subject_03_happy_session_01
13.792,0.02411706286175648,happy,subject_03,subject_03_happy_session_01
13.796,0.01262092191097338,happy,subject_03,subject_03_happy_session_01
13.8,0.07259736231388114,happy,subject_03,subject_03_happy_session_01
13.804,0.10704837645632662,happy,subject_03,subject_03_happy_session_01
13.808,0.10311643762051795,happy,subject_03,subject_03_happy_session_01
13.812,0.07056497659198345,happy,subject_03,subject_03_happy_session_01
13.816,0.12093166508276623,happy,subject_03,subject_03_happy_session_01
13.82,0.054209899022059735,happy,subject_03,subject_03_happy_session_01
13.824,0.10397929620975047,happy,subject_03,subject_03_happy_session_01
13.828,0.0608660417522013,happy,subject_03,subject_03_happy_session_01
13.832,0.05578340363210711,happy,subject_03,subject_03_happy_session_01
13.836,0.11287233013590584,happy,subject_03,subject_03_happy_session_01
13.84,0.10317373688922415,happy,subject_03,subject_03_happy_session_01
13.844,0.11361123638110923,happy,subject_03,subject_03_happy_session_01
13.848,0.04296677617585976,happy,subject_03,subject_03_happy_session_01
13.852,0.13440305385255127,happy,subject_03,subject_03_happy_session_01
13.856,0.12514106265643385,happy,subject_03,subject_03_happy_session_01
13.86,0.09002151533279014,happy,subject_03,subject_03_happy_session_01
13.864,0.12673797645873797,happy,subject_03,subject_03_happy_session_01
13.868,0.1463654392531787,happy,subject_03,subject_03_happy_session_01
13.872,0.08328817410321854,happy,subject_03,subject_03_happy_session_01
13.876,0.08389313410091553,happy,subject_03,subject_03_happy_session_01
13.88,0.09899281957594047,happy,subject_03,subject_03_happy_session_01
13.884,0.03028663221395643,happy,subject_03,subject_03_happy_session_01
13.888,0.11781491150448613,happy,subject_03,subject_03_happy_session_01
13.892,0.13566615868971704,happy,subject_03,subject_03_happy_session_01
13.896,0.1206045502321308,happy,subject_03,subject_03_happy_session_01
13.9,0.11368562688459888,happy,subject_03,subject_03_happy_session_01
13.904,0.1284564955284752,happy,subject_03,subject_03_happy_session_01
13.908,0.08439116684217023,happy,subject_03,subject_03_happy_session_01
13.912,0.02778592615975465,happy,subject_03,subject_03_happy_session_01
13.916,0.08194007669539378,happy,subject_03,subject_03_happy_session_01
13.92,0.11738975053791505,happy,subject_03,subject_03_happy_session_01
13.924,0.07882167573464326,happy,subject_03,subject_03_happy_session_01
13.928,0.04749312504243499,happy,subject_03,subject_03_happy_session_01
13.932,0.0823625955806209,happy,subject_03,subject_03_happy_session_01
13.936,0.06298562129515488,happy,subject_03,subject_03_happy_session_01
13.94,0.03668226277762049,happy,subject_03,subject_03_happy_session_01
13.944,0.04342683950284389,happy,subject_03,subject_03_happy_session_01
13.948,0.023475990270772042,happy,subject_03,subject_03_happy_session_01
13.952,0.05175811404624889,happy,subject_03,subject_03_happy_session_01
13.956,-0.0052552428638077756,happy,subject_03,subject_03_happy_session_01
13.96,0.03414752824507872,happy,subject_03,subject_03_happy_session_01
13.964,0.04973675519619049,happy,subject_03,subject_03_happy_session_01
13.968,0.024699924157825716,happy,subject_03,subject_03_happy_session_01
13.972,0.02248997001271975,happy,subject_03,subject_03_happy_session_01
13.976,0.013922422440493293,happy,subject_03,subject_03_happy_session_01
13.98,0.028179998323968995,happy,subject_03,subject_03_happy_session_01
13.984,-0.004842384769194767,happy,subject_03,subject_03_happy_session_01
13.988,0.0016667230812367952,happy,subject_03,subject_03_happy_session_01
13.992,-0.026582703885215754,happy,subject_03,subject_03_happy_session_01
13.996,-0.00559291843439302,happy,subject_03,subject_03_happy_session_01
14.0,-0.06725662183061408,happy,subject_03,subject_03_happy_session_01
14.004,0.003030171191932169,happy,subject_03,subject_03_happy_session_01
14.008,0.022665193030912602,happy,subject_03,subject_03_happy_session_01
14.012,-0.0024822940470346114,happy,subject_03,subject_03_happy_session_01
14.016,0.030133146773351976,happy,subject_03,subject_03_happy_session_01
14.02,0.04146658725287742,happy,subject_03,subject_03_happy_session_01
14.024,-0.010309505371857328,happy,subject_03,subject_03_happy_session_01
14.028,-0.04945886234192653,happy,subject_03,subject_03_happy_session_01
14.032,0.02134810291298734,happy,subject_03,subject_03_happy_session_01
14.036,0.01996784528385103,happy,subject_03,subject_03_happy_session_01
14.04,0.02562690177285465,happy,subject_03,subject_03_happy_session_01
14.044,0.03565546779785672,happy,subject_03,subject_03_happy_session_01
14.048,0.13982672943714425,happy,subject_03,subject_03_happy_session_01
14.052,0.21790060157538182,happy,subject_03,subject_03_happy_session_01
14.056,0.3307872453165969,happy,subject_03,subject_03_happy_session_01
14.06,0.5131310304387607,happy,subject_03,subject_03_happy_session_01
14.064,0.6143462311172136,happy,subject_03,subject_03_happy_session_01
14.068,0.8117272415439993,happy,subject_03,subject_03_happy_session_01
14.072,0.9059793237877342,happy,subject_03,subject_03_happy_session_01
14.076,0.9637538536285277,happy,subject_03,subject_03_happy_session_01
14.08,0.9889602511776356,happy,subject_03,subject_03_happy_session_01
14.084,0.9230635217434902,happy,subject_03,subject_03_happy_session_01
14.088,0.84559083068827,happy,subject_03,subject_03_happy_session_01
14.092,0.8213053017480622,happy,subject_03,subject_03_happy_session_01
14.096,0.6078012634353208,happy,subject_03,subject_03_happy_session_01
14.1,0.404609737655562,happy,subject_03,subject_03_happy_session_01
14.104,0.333042899246732,happy,subject_03,subject_03_happy_session_01
14.108,0.1304284207079517,happy,subject_03,subject_03_happy_session_01
14.112,0.08048529335555947,happy,subject_03,subject_03_happy_session_01
14.116,0.03893947858858342,happy,subject_03,subject_03_happy_session_01
14.12,-0.06128415635978411,happy,subject_03,subject_03_happy_session_01
14.124,-0.02779148899690611,happy,subject_03,subject_03_happy_session_01
14.128,-0.03890694257769043,happy,subject_03,subject_03_happy_session_01
14.132,0.004199315292166057,happy,subject_03,subject_03_happy_session_01
14.136,-0.013593661515480221,happy,subject_03,subject_03_happy_session_01
14.14,-0.03675931333891698,happy,subject_03,subject_03_happy_session_01
14.144,-0.0786482636694762,happy,subject_03,subject_03_happy_session_01
14.148,-0.024376061265996785,happy,subject_03,subject_03_happy_session_01
14.152,-0.007875240537180188,happy,subject_03,subject_03_happy_session_01
14.156,0.049014819880163304,happy,subject_03,subject_03_happy_session_01
14.16,0.060370069424983644,happy,subject_03,subject_03_happy_session_01
14.164,-0.01727887459416927,happy,subject_03,subject_03_happy_session_01
14.168,0.06703655979119305,happy,subject_03,subject_03_happy_session_01
14.172,0.00044082322916159933,happy,subject_03,subject_03_happy_session_01
14.176,0.001826788931649944,happy,subject_03,subject_03_happy_session_01
14.18,-0.013698700686444944,happy,subject_03,subject_03_happy_session_01
14.184,0.050547197738008844,happy,subject_03,subject_03_happy_session_01
14.188,0.02249910208279208,happy,subject_03,subject_03_happy_session_01
14.192,0.09350420549429708,happy,subject_03,subject_03_happy_session_01
14.196,0.020593606421566997,happy,subject_03,subject_03_happy_session_01
14.2,0.08311219151200575,happy,subject_03,subject_03_happy_session_01
14.204,0.020434463663695702,happy,subject_03,subject_03_happy_session_01
14.208,0.10463070830181262,happy,subject_03,subject_03_happy_session_01
14.212,0.0785221966681471,happy,subject_03,subject_03_happy_session_01
14.216,0.09083256527542447,happy,subject_03,subject_03_happy_session_01
14.22,0.07442358212961868,happy,subject_03,subject_03_happy_session_01
14.224,0.07904682477413935,happy,subject_03,subject_03_happy_session_01
14.228,0.11776345550561254,happy,subject_03,subject_03_happy_session_01
14.232,0.17065018938023108,happy,subject_03,subject_03_happy_session_01
14.236,0.07773826816615195,happy,subject_03,subject_03_happy_session_01
14.24,0.10979771169601851,happy,subject_03,subject_03_happy_session_01
14.244,0.107610950364019,happy,subject_03,subject_03_happy_session_01
14.248,0.08352734857295607,happy,subject_03,subject_03_happy_session_01
14.252,0.09049266040974926,happy,subject_03,subject_03_happy_session_01
14.256,0.12559368328184456,happy,subject_03,subject_03_happy_session_01
14.26,0.14470285553839135,happy,subject_03,subject_03_happy_session_01
14.264,0.21535286326198533,happy,subject_03,subject_03_happy_session_01
14.268,0.20750323707183807,happy,subject_03,subject_03_happy_session_01
14.272,0.15106612514378068,happy,subject_03,subject_03_happy_session_01
14.276,0.2135059385279853,happy,subject_03,subject_03_happy_session_01
14.28,0.16488504847930918,happy,subject_03,subject_03_happy_session_01
14.284,0.19588132623834714,happy,subject_03,subject_03_happy_session_01
14.288,0.216026587297131,happy,subject_03,subject_03_happy_session_01
14.292,0.28388960016513526,happy,subject_03,subject_03_happy_session_01
14.296,0.22436156208602814,happy,subject_03,subject_03_happy_session_01
14.3,0.16766971489313026,happy,subject_03,subject_03_happy_session_01
14.304,0.24939363217837798,happy,subject_03,subject_03_happy_session_01
14.308,0.26656596780575975,happy,subject_03,subject_03_happy_session_01
14.312,0.2607270486819731,happy,subject_03,subject_03_happy_session_01
14.316,0.19711304750724234,happy,subject_03,subject_03_happy_session_01
14.32,0.2379512873853146,happy,subject_03,subject_03_happy_session_01
14.324,0.2340519103083081,happy,subject_03,subject_03_happy_session_01
14.328,0.2970728077249192,happy,subject_03,subject_03_happy_session_01
14.332,0.2565628912078972,happy,subject_03,subject_03_happy_session_01
14.336,0.2942757443523029,happy,subject_03,subject_03_happy_session_01
14.34,0.20795848734056732,happy,subject_03,subject_03_happy_session_01
14.344,0.22318612571397836,happy,subject_03,subject_03_happy_session_01
14.348,0.20934672259509432,happy,subject_03,subject_03_happy_session_01
14.352,0.25922886309215587,happy,subject_03,subject_03_happy_session_01
14.356,0.26111723566849687,happy,subject_03,subject_03_happy_session_01
14.36,0.23063832011403884,happy,subject_03,subject_03_happy_session_01
14.364,0.21550661130675278,happy,subject_03,subject_03_happy_session_01
14.368,0.22157620808598288,happy,subject_03,subject_03_happy_session_01
14.372,0.1528960699760109,happy,subject_03,subject_03_happy_session_01
14.376,0.1808327497545077,happy,subject_03,subject_03_happy_session_01
14.38,0.17723461404568527,happy,subject_03,subject_03_happy_session_01
14.384,0.18161724734949658,happy,subject_03,subject_03_happy_session_01
14.388,0.15228554893231275,happy,subject_03,subject_03_happy_session_01
14.392,0.1381707878197035,happy,subject_03,subject_03_happy_session_01
14.396,0.10458060418307419,happy,subject_03,subject_03_happy_session_01
14.4,0.168115231896761,happy,subject_03,subject_03_happy_session_01
14.404,0.09737756029052066,happy,subject_03,subject_03_happy_session_01
14.408,0.17272275052174715,happy,subject_03,subject_03_happy_session_01
14.412,0.14143583314845704,happy,subject_03,subject_03_happy_session_01
14.416,0.1535263889774725,happy,subject_03,subject_03_happy_session_01
14.42,0.08378265397379023,happy,subject_03,subject_03_happy_session_01
14.424,0.17285254259888053,happy,subject_03,subject_03_happy_session_01
14.428,0.17810923032621645,happy,subject_03,subject_03_happy_session_01
14.432,0.094486130622569,happy,subject_03,subject_03_happy_session_01
14.436,0.10047452929102794,happy,subject_03,subject_03_happy_session_01
14.44,0.07982218107466989,happy,subject_03,subject_03_happy_session_01
14.444,0.1094255379161671,happy,subject_03,subject_03_happy_session_01
14.448,0.0961835156072218,happy,subject_03,subject_03_happy_session_01
14.452,0.000982341672782508,happy,subject_03,subject_03_happy_session_01
14.456,0.029313279162003172,happy,subject_03,subject_03_happy_session_01
14.46,0.06759627363879601,happy,subject_03,subject_03_happy_session_01
14.464,0.07704637172492593,happy,subject_03,subject_03_happy_session_01
14.468,0.05185154641943969,happy,subject_03,subject_03_happy_session_01
14.472,-0.0155357836637217,happy,subject_03,subject_03_happy_session_01
14.476,0.06114380557165364,happy,subject_03,subject_03_happy_session_01
14.48,0.10395303866058593,happy,subject_03,subject_03_happy_session_01
14.484,-0.041246016127875165,happy,subject_03,subject_03_happy_session_01
14.488,0.0716453479254787,happy,subject_03,subject_03_happy_session_01
14.492,0.10315450559004505,happy,subject_03,subject_03_happy_session_01
14.496,0.07290873702420474,happy,subject_03,subject_03_happy_session_01
14.5,0.0384763235733337,happy,subject_03,subject_03_happy_session_01
14.504,0.07463230602035875,happy,subject_03,subject_03_happy_session_01
14.508,0.04262206119633405,happy,subject_03,subject_03_happy_session_01
14.512,0.06744421325043233,happy,subject_03,subject_03_happy_session_01
14.516,0.05454129989578907,happy,subject_03,subject_03_happy_session_01
14.52,0.0589185104279021,happy,subject_03,subject_03_happy_session_01
14.524,0.03190743729734987,happy,subject_03,subject_03_happy_session_01
14.528,0.04595679424935294,happy,subject_03,subject_03_happy_session_01
14.532,0.12258202179263518,happy,subject_03,subject_03_happy_session_01
14.536,0.047404314186576105,happy,subject_03,subject_03_happy_session_01
14.54,0.0037565560094272588,happy,subject_03,subject_03_happy_session_01
14.544,0.1979870366741581,happy,subject_03,subject_03_happy_session_01
14.548,0.06194335784102456,happy,subject_03,subject_03_happy_session_01
14.552,0.06955133383893132,happy,subject_03,subject_03_happy_session_01
14.556,0.0659870633754643,happy,subject_03,subject_03_happy_session_01
14.56,0.08105699896485075,happy,subject_03,subject_03_happy_session_01
14.564,0.05366423389904286,happy,subject_03,subject_03_happy_session_01
14.568,0.13137669900575707,happy,subject_03,subject_03_happy_session_01
14.572,0.07055368912342529,happy,subject_03,subject_03_happy_session_01
14.576,0.03853944537398644,happy,subject_03,subject_03_happy_session_01
14.58,-0.02833728242650521,happy,subject_03,subject_03_happy_session_01
14.584,0.10672002221756462,happy,subject_03,subject_03_happy_session_01
14.588,0.04876985798179127,happy,subject_03,subject_03_happy_session_01
14.592,0.07268168683092605,happy,subject_03,subject_03_happy_session_01
14.596,0.02198609804668173,happy,subject_03,subject_03_happy_session_01
14.6,0.052475866025619135,happy,subject_03,subject_03_happy_session_01
14.604,0.04274561919447854,happy,subject_03,subject_03_happy_session_01
14.608,0.07034651057974155,happy,subject_03,subject_03_happy_session_01
14.612,0.0383205747960469,happy,subject_03,subject_03_happy_session_01
14.616,-0.012288763168089533,happy,subject_03,subject_03_happy_session_01
14.62,0.10573326423171461,happy,subject_03,subject_03_happy_session_01
14.624,0.03170387548440739,happy,subject_03,subject_03_happy_session_01
14.628,-0.021469212020805588,happy,subject_03,subject_03_happy_session_01
14.632,0.013629992616904549,happy,subject_03,subject_03_happy_session_01
14.636,0.016438936878159692,happy,subject_03,subject_03_happy_session_01
14.64,0.015783153336536765,happy,subject_03,subject_03_happy_session_01
14.644,0.00800049065905464,happy,subject_03,subject_03_happy_session_01
14.648,0.0006744400119212523,happy,subject_03,subject_03_happy_session_01
14.652,0.021356461669156786,happy,subject_03,subject_03_happy_session_01
14.656,0.012196259331784677,happy,subject_03,subject_03_happy_session_01
14.66,0.010645168896742899,happy,subject_03,subject_03_happy_session_01
14.664,-0.07957032835865116,happy,subject_03,subject_03_happy_session_01
14.668,-0.07973430100603204,happy,subject_03,subject_03_happy_session_01
14.672,-0.04819716571926224,happy,subject_03,subject_03_happy_session_01
14.676,-0.030317877266601498,happy,subject_03,subject_03_happy_session_01
14.68,-0.049221743021477804,happy,subject_03,subject_03_happy_session_01
14.684,-0.059029965882684984,happy,subject_03,subject_03_happy_session_01
14.688,-0.01588807132674466,happy,subject_03,subject_03_happy_session_01
14.692,-0.05562296878706735,happy,subject_03,subject_03_happy_session_01
14.696,-0.11034019924127099,happy,subject_03,subject_03_happy_session_01
14.7,-0.0756232432212903,happy,subject_03,subject_03_happy_session_01
14.704,-0.05248541339077499,happy,subject_03,subject_03_happy_session_01
14.708,-0.04455437783563754,happy,subject_03,subject_03_happy_session_01
14.712,-0.008790187234353979,happy,subject_03,subject_03_happy_session_01
14.716,-0.02720094850346313,happy,subject_03,subject_03_happy_session_01
14.72,-0.10678670211141972,happy,subject_03,subject_03_happy_session_01
14.724,0.03541091443210147,happy,subject_03,subject_03_happy_session_01
14.728,0.021800022207024938,happy,subject_03,subject_03_happy_session_01
14.732,0.10389263353189691,happy,subject_03,subject_03_happy_session_01
14.736,0.2080264047891454,happy,subject_03,subject_03_happy_session_01
14.74,0.30171610789480396,happy,subject_03,subject_03_happy_session_01
14.744,0.4954862954550524,happy,subject_03,subject_03_happy_session_01
14.748,0.5555373383037798,happy,subject_03,subject_03_happy_session_01
14.752,0.8076126264927272,happy,subject_03,subject_03_happy_session_01
14.756,0.8782440920146699,happy,subject_03,subject_03_happy_session_01
14.76,0.9560451807074511,happy,subject_03,subject_03_happy_session_01
14.764,0.9846456744674537,happy,subject_03,subject_03_happy_session_01
14.768,0.9210945988893557,happy,subject_03,subject_03_happy_session_01
14.772,0.901586188805928,happy,subject_03,subject_03_happy_session_01
14.776,0.711441158125782,happy,subject_03,subject_03_happy_session_01
14.78,0.554353582769652,happy,subject_03,subject_03_happy_session_01
14.784,0.43607846458247174,happy,subject_03,subject_03_happy_session_01
14.788,0.2292095832004728,happy,subject_03,subject_03_happy_session_01
14.792,0.12312021506246443,happy,subject_03,subject_03_happy_session_01
14.796,0.04621493378377653,happy,subject_03,subject_03_happy_session_01
14.8,-0.010021884321899124,happy,subject_03,subject_03_happy_session_01
14.804,-0.07796136558703624,happy,subject_03,subject_03_happy_session_01
14.808,-0.12280131634291597,happy,subject_03,subject_03_happy_session_01
14.812,-0.09910411377515103,happy,subject_03,subject_03_happy_session_01
14.816,-0.09682866008988064,happy,subject_03,subject_03_happy_session_01
14.82,-0.05982577011210663,happy,subject_03,subject_03_happy_session_01
14.824,-0.06228282133348258,happy,subject_03,subject_03_happy_session_01
14.828,-0.06213400722214471,happy,subject_03,subject_03_happy_session_01
14.832,-0.057267766313861795,happy,subject_03,subject_03_happy_session_01
14.836,-0.07655448791276293,happy,subject_03,subject_03_happy_session_01
14.84,0.03033628183514949,happy,subject_03,subject_03_happy_session_01
14.844,0.021283641655525355,happy,subject_03,subject_03_happy_session_01
14.848,-0.043421958935347116,happy,subject_03,subject_03_happy_session_01
14.852,0.025643112648458817,happy,subject_03,subject_03_happy_session_01
14.856,0.00776418309821615,happy,subject_03,subject_03_happy_session_01
14.86,-0.035313875000649746,happy,subject_03,subject_03_happy_session_01
14.864,-0.02298895537999982,happy,subject_03,subject_03_happy_session_01
14.868,0.012701774401383316,happy,subject_03,subject_03_happy_session_01
14.872,0.048274618838334976,happy,subject_03,subject_03_happy_session_01
14.876,0.04782147661215658,happy,subject_03,subject_03_happy_session_01
14.88,0.013146276763752317,happy,subject_03,subject_03_happy_session_01
14.884,0.05332649096978015,happy,subject_03,subject_03_happy_session_01
14.888,0.03708465789893827,happy,subject_03,subject_03_happy_session_01
14.892,0.022851247108872926,happy,subject_03,subject_03_happy_session_01
14.896,0.08824757534264671,happy,subject_03,subject_03_happy_session_01
14.9,0.06638358465409724,happy,subject_03,subject_03_happy_session_01
14.904,0.08534970133097472,happy,subject_03,subject_03_happy_session_01
14.908,0.03580501942104029,happy,subject_03,subject_03_happy_session_01
14.912,0.06298996868537432,happy,subject_03,subject_03_happy_session_01
14.916,0.11701018615238558,happy,subject_03,subject_03_happy_session_01
14.92,0.08575647697590115,happy,subject_03,subject_03_happy_session_01
14.924,0.0951754674286548,happy,subject_03,subject_03_happy_session_01
14.928,0.07332289829159014,happy,subject_03,subject_03_happy_session_01
14.932,0.12489292895563192,happy,subject_03,subject_03_happy_session_01
14.936,0.08779273086534736,happy,subject_03,subject_03_happy_session_01
14.94,0.1459077450841651,happy,subject_03,subject_03_happy_session_01
14.944,0.10584026720875045,happy,subject_03,subject_03_happy_session_01
14.948,0.1406473551421596,happy,subject_03,subject_03_happy_session_01
14.952,0.21034731667561923,happy,subject_03,subject_03_happy_session_01
14.956,0.17508533988751557,happy,subject_03,subject_03_happy_session_01
14.96,0.15699192955607186,happy,subject_03,subject_03_happy_session_01
14.964,0.20567188263711517,happy,subject_03,subject_03_happy_session_01
14.968,0.15661379526246524,happy,subject_03,subject_03_happy_session_01
14.972,0.1533186275228255,happy,subject_03,subject_03_happy_session_01
14.976,0.18057873508590164,happy,subject_03,subject_03_happy_session_01
14.98,0.23687284334936168,happy,subject_03,subject_03_happy_session_01
14.984,0.2395159258994201,happy,subject_03,subject_03_happy_session_01
14.988,0.18975592444145434,happy,subject_03,subject_03_happy_session_01
14.992,0.20078299432384905,happy,subject_03,subject_03_happy_session_01
14.996,0.2284590067139398,happy,subject_03,subject_03_happy_session_01
15.0,0.3011840023226878,happy,subject_03,subject_03_happy_session_01
15.004,0.20973720897493037,happy,subject_03,subject_03_happy_session_01
15.008,0.2676875903754552,happy,subject_03,subject_03_happy_session_01
15.012,0.2286583599076848,happy,subject_03,subject_03_happy_session_01
15.016,0.2497962897770531,happy,subject_03,subject_03_happy_session_01
15.02,0.2547892162416508,happy,subject_03,subject_03_happy_session_01
15.024,0.2242375542736561,happy,subject_03,subject_03_happy_session_01
15.028,0.2152420483135853,happy,subject_03,subject_03_happy_session_01
15.032,0.20654248087819582,happy,subject_03,subject_03_happy_session_01
15.036,0.2230497043179273,happy,subject_03,subject_03_happy_session_01
15.04,0.24878043549742337,happy,subject_03,subject_03_happy_session_01
15.044,0.24940250158577526,happy,subject_03,subject_03_happy_session_01
15.048,0.24087847723633343,happy,subject_03,subject_03_happy_session_01
15.052,0.1771367761651327,happy,subject_03,subject_03_happy_session_01
15.056,0.16806473588908794,happy,subject_03,subject_03_happy_session_01
15.06,0.15308239606815555,happy,subject_03,subject_03_happy_session_01
15.064,0.18121952573599392,happy,subject_03,subject_03_happy_session_01
15.068,0.201934391609253,happy,subject_03,subject_03_happy_session_01
15.072,0.14269491174285015,happy,subject_03,subject_03_happy_session_01
15.076,0.14903331534926517,happy,subject_03,subject_03_happy_session_01
15.08,0.17086145118733317,happy,subject_03,subject_03_happy_session_01
15.084,0.12964670505573628,happy,subject_03,subject_03_happy_session_01
15.088,0.12679766784063623,happy,subject_03,subject_03_happy_session_01
15.092,0.16499390489458704,happy,subject_03,subject_03_happy_session_01
15.096,0.11935630046731675,happy,subject_03,subject_03_happy_session_01
15.1,0.08589993087461315,happy,subject_03,subject_03_happy_session_01
15.104,0.10715378117036771,happy,subject_03,subject_03_happy_session_01
15.108,0.11175378218891659,happy,subject_03,subject_03_happy_session_01
15.112,0.17722547683565823,happy,subject_03,subject_03_happy_session_01
15.116,0.13593018526406148,happy,subject_03,subject_03_happy_session_01
15.12,0.18794629434965904,happy,subject_03,subject_03_happy_session_01
15.124,0.03267348726636829,happy,subject_03,subject_03_happy_session_01
15.128,0.1127344229232253,happy,subject_03,subject_03_happy_session_01
15.132,0.11284685226572595,happy,subject_03,subject_03_happy_session_01
15.136,0.054424680755035815,happy,subject_03,subject_03_happy_session_01
15.14,0.034931300160900444,happy,subject_03,subject_03_happy_session_01
15.144,0.07025837787274837,happy,subject_03,subject_03_happy_session_01
15.148,0.029348516181922277,happy,subject_03,subject_03_happy_session_01
15.152,-0.002441748090431968,happy,subject_03,subject_03_happy_session_01
15.156,-0.014597678028683926,happy,subject_03,subject_03_happy_session_01
15.16,-0.019381859239056408,happy,subject_03,subject_03_happy_session_01
15.164,0.0397684471722843,happy,subject_03,subject_03_happy_session_01
15.168,0.05432447075818839,happy,subject_03,subject_03_happy_session_01
15.172,-0.0034439571252703784,happy,subject_03,subject_03_happy_session_01
15.176,0.048043028211739204,happy,subject_03,subject_03_happy_session_01
15.18,0.04883605845974179,happy,subject_03,subject_03_happy_session_01
15.184,0.04589450417876789,happy,subject_03,subject_03_happy_session_01
15.188,0.059682987933380366,happy,subject_03,subject_03_happy_session_01
15.192,0.0460296751185818,happy,subject_03,subject_03_happy_session_01
15.196,0.08814346618020227,happy,subject_03,subject_03_happy_session_01
15.2,0.06666430579751743,happy,subject_03,subject_03_happy_session_01
15.204,0.004509185121804718,happy,subject_03,subject_03_happy_session_01
15.208,0.11655878304402194,happy,subject_03,subject_03_happy_session_01
15.212,0.022318898914483777,happy,subject_03,subject_03_happy_session_01
15.216,0.05911254811168562,happy,subject_03,subject_03_happy_session_01
15.22,0.15257371323725707,happy,subject_03,subject_03_happy_session_01
15.224,0.08368970223242227,happy,subject_03,subject_03_happy_session_01
15.228,0.04069021692476205,happy,subject_03,subject_03_happy_session_01
15.232,0.08373055978939041,happy,subject_03,subject_03_happy_session_01
15.236,0.09214298121691976,happy,subject_03,subject_03_happy_session_01
15.24,0.0822016223486399,happy,subject_03,subject_03_happy_session_01
15.244,0.05805448980275646,happy,subject_03,subject_03_happy_session_01
15.248,0.03092265751562704,happy,subject_03,subject_03_happy_session_01
15.252,0.03415723493162759,happy,subject_03,subject_03_happy_session_01
15.256,0.04612755643861306,happy,subject_03,subject_03_happy_session_01
15.26,0.11651200938143547,happy,subject_03,subject_03_happy_session_01
15.264,0.025653612075834845,happy,subject_03,subject_03_happy_session_01
15.268,0.07028978560276689,happy,subject_03,subject_03_happy_session_01
15.272,0.10976680429961733,happy,subject_03,subject_03_happy_session_01
15.276,0.07913190749386913,happy,subject_03,subject_03_happy_session_01
15.28,0.10126467731188007,happy,subject_03,subject_03_happy_session_01
15.284,0.025877666491267392,happy,subject_03,subject_03_happy_session_01
15.288,0.06308447570528158,happy,subject_03,subject_03_happy_session_01
15.292,0.07598888952733601,happy,subject_03,subject_03_happy_session_01
15.296,0.06325116276697487,happy,subject_03,subject_03_happy_session_01
15.3,0.056136206837633235,happy,subject_03,subject_03_happy_session_01
15.304,-0.02199504755550031,happy,subject_03,subject_03_happy_session_01
15.308,0.0382025588538288,happy,subject_03,subject_03_happy_session_01
15.312,0.027227013351174466,happy,subject_03,subject_03_happy_session_01
15.316,0.0004961587309679459,happy,subject_03,subject_03_happy_session_01
15.32,-0.019481687605246777,happy,subject_03,subject_03_happy_session_01
15.324,0.013737530856743653,happy,subject_03,subject_03_happy_session_01
15.328,-0.03994630551303005,happy,subject_03,subject_03_happy_session_01
15.332,-0.02349032212008014,happy,subject_03,subject_03_happy_session_01
15.336,0.021922906720742756,happy,subject_03,subject_03_happy_session_01
15.34,0.02309466819610739,happy,subject_03,subject_03_happy_session_01
15.344,0.0014888803031373639,happy,subject_03,subject_03_happy_session_01
15.348,-0.033194120729883425,happy,subject_03,subject_03_happy_session_01
15.352,-0.05745479785791455,happy,subject_03,subject_03_happy_session_01
15.356,-0.04704050451886309,happy,subject_03,subject_03_happy_session_01
15.36,0.024241901840458498,happy,subject_03,subject_03_happy_session_01
15.364,-0.01475379251346896,happy,subject_03,subject_03_happy_session_01
15.368,-0.025790379463848094,happy,subject_03,subject_03_happy_session_01
15.372,-0.017080934650128457,happy,subject_03,subject_03_happy_session_01
15.376,0.0005238283034981091,happy,subject_03,subject_03_happy_session_01
15.38,-0.06031485886007092,happy,subject_03,subject_03_happy_session_01
15.384,-0.0430834483044267,happy,subject_03,subject_03_happy_session_01
15.388,-0.006314924965553092,happy,subject_03,subject_03_happy_session_01
15.392,-0.02471356513852705,happy,subject_03,subject_03_happy_session_01
15.396,0.0010711403003670905,happy,subject_03,subject_03_happy_session_01
15.4,-0.013247439317712727,happy,subject_03,subject_03_happy_session_01
15.404,-0.06064261610597465,happy,subject_03,subject_03_happy_session_01
15.408,-0.12906778233474187,happy,subject_03,subject_03_happy_session_01
15.412,0.03929139272849186,happy,subject_03,subject_03_happy_session_01
15.416,0.06844205826780062,happy,subject_03,subject_03_happy_session_01
15.42,0.22529387512159196,happy,subject_03,subject_03_happy_session_01
15.424,0.3911615130204378,happy,subject_03,subject_03_happy_session_01
15.428,0.44385383958818303,happy,subject_03,subject_03_happy_session_01
15.432,0.6506701212636131,happy,subject_03,subject_03_happy_session_01
15.436,0.7956758397406395,happy,subject_03,subject_03_happy_session_01
15.44,0.8884821309333527,happy,subject_03,subject_03_happy_session_01
15.444,0.9597030075506525,happy,subject_03,subject_03_happy_session_01
15.448,0.89862836331162,happy,subject_03,subject_03_happy_session_01
15.452,0.9441220727509089,happy,subject_03,subject_03_happy_session_01
15.456,0.8622680359666189,happy,subject_03,subject_03_happy_session_01
15.46,0.7792322649116266,happy,subject_03,subject_03_happy_session_01
15.464,0.6288310720747259,happy,subject_03,subject_03_happy_session_01
15.468,0.41904944437945524,happy,subject_03,subject_03_happy_session_01
15.472,0.21717024776537425,happy,subject_03,subject_03_happy_session_01
15.476,0.09350391327595264,happy,subject_03,subject_03_happy_session_01
15.48,0.09300300782164392,happy,subject_03,subject_03_happy_session_01
15.484,-0.03165784630948657,happy,subject_03,subject_03_happy_session_01
15.488,-0.1203020978386212,happy,subject_03,subject_03_happy_session_01
15.492,-0.13026557425230784,happy,subject_03,subject_03_happy_session_01
15.496,-0.07186943846200736,happy,subject_03,subject_03_happy_session_01
15.5,-0.06167161314118743,happy,subject_03,subject_03_happy_session_01
15.504,0.009276424065542271,happy,subject_03,subject_03_happy_session_01
15.508,-0.03546633789289198,happy,subject_03,subject_03_happy_session_01
15.512,-0.00631075434121873,happy,subject_03,subject_03_happy_session_01
15.516,-0.01188390648774275,happy,subject_03,subject_03_happy_session_01
15.52,0.024923102670420364,happy,subject_03,subject_03_happy_session_01
15.524,0.06275233573371262,happy,subject_03,subject_03_happy_session_01
15.528,0.03813014493263648,happy,subject_03,subject_03_happy_session_01
15.532,0.07759013710610793,happy,subject_03,subject_03_happy_session_01
15.536,0.031012206647933853,happy,subject_03,subject_03_happy_session_01
15.54,-0.0398344320153673,happy,subject_03,subject_03_happy_session_01
15.544,-0.009355927733000528,happy,subject_03,subject_03_happy_session_01
15.548,0.05227130451416906,happy,subject_03,subject_03_happy_session_01
15.552,0.01941917413239934,happy,subject_03,subject_03_happy_session_01
15.556,0.03252570443030995,happy,subject_03,subject_03_happy_session_01
15.56,0.008981707721524929,happy,subject_03,subject_03_happy_session_01
15.564,0.09304618036779097,happy,subject_03,subject_03_happy_session_01
15.568,0.1015237810685361,happy,subject_03,subject_03_happy_session_01
15.572,0.04561638965162824,happy,subject_03,subject_03_happy_session_01
15.576,0.051933759139121835,happy,subject_03,subject_03_happy_session_01
15.58,0.11048139197377885,happy,subject_03,subject_03_happy_session_01
15.584,0.10893768887375727,happy,subject_03,subject_03_happy_session_01
15.588,0.021958230031472882,happy,subject_03,subject_03_happy_session_01
15.592,0.1097573025489507,happy,subject_03,subject_03_happy_session_01
15.596,0.11045871338336748,happy,subject_03,subject_03_happy_session_01
15.6,0.10694370233156339,happy,subject_03,subject_03_happy_session_01
15.604,0.07714692937853411,happy,subject_03,subject_03_happy_session_01
15.608,0.08548188144354328,happy,subject_03,subject_03_happy_session_01
15.612,0.014648699847338187,happy,subject_03,subject_03_happy_session_01
15.616,0.10783840031381085,happy,subject_03,subject_03_happy_session_01
15.62,0.06957427492068267,happy,subject_03,subject_03_happy_session_01
15.624,0.12733456041158148,happy,subject_03,subject_03_happy_session_01
15.628,0.16800012904389355,happy,subject_03,subject_03_happy_session_01
15.632,0.12061544340376726,happy,subject_03,subject_03_happy_session_01
15.636,0.2155194754540275,happy,subject_03,subject_03_happy_session_01
15.64,0.24459396321959798,happy,subject_03,subject_03_happy_session_01
15.644,0.19143500513337275,happy,subject_03,subject_03_happy_session_01
15.648,0.21117864836437833,happy,subject_03,subject_03_happy_session_01
15.652,0.13965714020282224,happy,subject_03,subject_03_happy_session_01
15.656,0.20879288479939342,happy,subject_03,subject_03_happy_session_01
15.66,0.1588698013829861,happy,subject_03,subject_03_happy_session_01
15.664,0.15295501576553144,happy,subject_03,subject_03_happy_session_01
15.668,0.17376242217014415,happy,subject_03,subject_03_happy_session_01
15.672,0.2169492937305617,happy,subject_03,subject_03_happy_session_01
15.676,0.2246766750881552,happy,subject_03,subject_03_happy_session_01
15.68,0.22674652989795818,happy,subject_03,subject_03_happy_session_01
15.684,0.19117899390598891,happy,subject_03,subject_03_happy_session_01
15.688,0.23764637789648113,happy,subject_03,subject_03_happy_session_01
15.692,0.2110037124786358,happy,subject_03,subject_03_happy_session_01
15.696,0.24063865176509905,happy,subject_03,subject_03_happy_session_01
15.7,0.2280437376484937,happy,subject_03,subject_03_happy_session_01
15.704,0.17275510685438403,happy,subject_03,subject_03_happy_session_01
15.708,0.2109968896654434,happy,subject_03,subject_03_happy_session_01
15.712,0.25214058941567297,happy,subject_03,subject_03_happy_session_01
15.716,0.2601662203176368,happy,subject_03,subject_03_happy_session_01
15.72,0.18484201118847476,happy,subject_03,subject_03_happy_session_01
15.724,0.1978001763709024,happy,subject_03,subject_03_happy_session_01
15.728,0.2049503766624879,happy,subject_03,subject_03_happy_session_01
15.732,0.25716775165913214,happy,subject_03,subject_03_happy_session_01
15.736,0.22767824523554198,happy,subject_03,subject_03_happy_session_01
15.74,0.1611226818384304,happy,subject_03,subject_03_happy_session_01
15.744,0.21741490203616481,happy,subject_03,subject_03_happy_session_01
15.748,0.23851605487037664,happy,subject_03,subject_03_happy_session_01
15.752,0.195292763485689,happy,subject_03,subject_03_happy_session_01
15.756,0.1539356271892079,happy,subject_03,subject_03_happy_session_01
15.76,0.20386733382993377,happy,subject_03,subject_03_happy_session_01
15.764,0.17359847134477438,happy,subject_03,subject_03_happy_session_01
15.768,0.1511960046115658,happy,subject_03,subject_03_happy_session_01
15.772,0.18391737935425137,happy,subject_03,subject_03_happy_session_01
15.776,0.1452037534597148,happy,subject_03,subject_03_happy_session_01
15.78,0.14084887403710653,happy,subject_03,subject_03_happy_session_01
15.784,0.160862598039278,happy,subject_03,subject_03_happy_session_01
15.788,0.10604200265612472,happy,subject_03,subject_03_happy_session_01
15.792,0.07605676973045845,happy,subject_03,subject_03_happy_session_01
15.796,0.12103843699768276,happy,subject_03,subject_03_happy_session_01
15.8,0.15748458939234158,happy,subject_03,subject_03_happy_session_01
15.804,0.016983561781190676,happy,subject_03,subject_03_happy_session_01
15.808,0.11615107900676645,happy,subject_03,subject_03_happy_session_01
15.812,0.08592372425190804,happy,subject_03,subject_03_happy_session_01
15.816,0.06060723840293987,happy,subject_03,subject_03_happy_session_01
15.82,0.05168475253639439,happy,subject_03,subject_03_happy_session_01
15.824,0.10135868500227177,happy,subject_03,subject_03_happy_session_01
15.828,0.08947875149177187,happy,subject_03,subject_03_happy_session_01
15.832,0.025823269729936725,happy,subject_03,subject_03_happy_session_01
15.836,0.06976344120499382,happy,subject_03,subject_03_happy_session_01
15.84,0.1046794630821621,happy,subject_03,subject_03_happy_session_01
15.844,0.07919398353168347,happy,subject_03,subject_03_happy_session_01
15.848,-0.004850931474907644,happy,subject_03,subject_03_happy_session_01
15.852,0.07549025064155351,happy,subject_03,subject_03_happy_session_01
15.856,0.009191074975135181,happy,subject_03,subject_03_happy_session_01
15.86,0.06106468231202551,happy,subject_03,subject_03_happy_session_01
15.864,0.02843486965360867,happy,subject_03,subject_03_happy_session_01
15.868,0.0704255928249792,happy,subject_03,subject_03_happy_session_01
15.872,0.03515553018637669,happy,subject_03,subject_03_happy_session_01
15.876,0.024701815885403405,happy,subject_03,subject_03_happy_session_01
15.88,0.0754823562166592,happy,subject_03,subject_03_happy_session_01
15.884,0.07196646599403694,happy,subject_03,subject_03_happy_session_01
15.888,0.10039748914675159,happy,subject_03,subject_03_happy_session_01
15.892,0.05694588069692474,happy,subject_03,subject_03_happy_session_01
15.896,0.026430786748455372,happy,subject_03,subject_03_happy_session_01
15.9,0.10693755973455646,happy,subject_03,subject_03_happy_session_01
15.904,0.13761029321005777,happy,subject_03,subject_03_happy_session_01
15.908,0.07016779528275763,happy,subject_03,subject_03_happy_session_01
15.912,0.1104566412704589,happy,subject_03,subject_03_happy_session_01
15.916,0.08511666316852186,happy,subject_03,subject_03_happy_session_01
15.92,0.16570174521975006,happy,subject_03,subject_03_happy_session_01
15.924,0.08107422446860077,happy,subject_03,subject_03_happy_session_01
15.928,0.09861590709269841,happy,subject_03,subject_03_happy_session_01
15.932,0.029498893884592578,happy,subject_03,subject_03_happy_session_01
15.936,0.15464747090712705,happy,subject_03,subject_03_happy_session_01
15.94,0.0794851571053798,happy,subject_03,subject_03_happy_session_01
15.944,0.14153354018891792,happy,subject_03,subject_03_happy_session_01
15.948,0.06987179178318582,happy,subject_03,subject_03_happy_session_01
15.952,0.08720456137875336,happy,subject_03,subject_03_happy_session_01
15.956,0.05870931465605411,happy,subject_03,subject_03_happy_session_01
15.96,0.04898404075606107,happy,subject_03,subject_03_happy_session_01
15.964,0.06670770439739875,happy,subject_03,subject_03_happy_session_01
15.968,0.0671097405620583,happy,subject_03,subject_03_happy_session_01
15.972,0.0539937177061319,happy,subject_03,subject_03_happy_session_01
15.976,0.008209775287648907,happy,subject_03,subject_03_happy_session_01
15.98,0.06611185838455774,happy,subject_03,subject_03_happy_session_01
15.984,-0.01752126768435809,happy,subject_03,subject_03_happy_session_01
15.988,0.03406996858185804,happy,subject_03,subject_03_happy_session_01
15.992,-0.014280437320077569,happy,subject_03,subject_03_happy_session_01
15.996,0.06794675230614705,happy,subject_03,subject_03_happy_session_01
16.0,0.07526168509570531,happy,subject_03,subject_03_happy_session_01
16.004,0.04888422712228371,happy,subject_03,subject_03_happy_session_01
16.008,0.007878563865536408,happy,subject_03,subject_03_happy_session_01
16.012,-0.0046723528893439364,happy,subject_03,subject_03_happy_session_01
16.016,0.009492243618013254,happy,subject_03,subject_03_happy_session_01
16.02,0.013888979934398225,happy,subject_03,subject_03_happy_session_01
16.024,0.03046978765701036,happy,subject_03,subject_03_happy_session_01
16.028,0.025585501813079434,happy,subject_03,subject_03_happy_session_01
16.032,-0.06130639802398552,happy,subject_03,subject_03_happy_session_01
16.036,0.031849227026457774,happy,subject_03,subject_03_happy_session_01
16.04,0.021050299710754047,happy,subject_03,subject_03_happy_session_01
16.044,-0.020716645718191415,happy,subject_03,subject_03_happy_session_01
16.048,-0.027937249036617373,happy,subject_03,subject_03_happy_session_01
16.052,0.007507502949556569,happy,subject_03,subject_03_happy_session_01
16.056,0.011158391460719175,happy,subject_03,subject_03_happy_session_01
16.06,-0.0342653258817131,happy,subject_03,subject_03_happy_session_01
16.064,0.005478535305243664,happy,subject_03,subject_03_happy_session_01
16.068,0.008301376029026655,happy,subject_03,subject_03_happy_session_01
16.072,0.029088932411685208,happy,subject_03,subject_03_happy_session_01
16.076,-0.00892803991898328,happy,subject_03,subject_03_happy_session_01
16.08,-0.08048200766092722,happy,subject_03,subject_03_happy_session_01
16.084,-0.0025777580203103292,happy,subject_03,subject_03_happy_session_01
16.088,-0.06450153997079339,happy,subject_03,subject_03_happy_session_01
16.092,-0.013637285634314697,happy,subject_03,subject_03_happy_session_01
16.096,0.01330125343026927,happy,subject_03,subject_03_happy_session_01
16.1,0.15081896363794156,happy,subject_03,subject_03_happy_session_01
16.104,0.19808783570418542,happy,subject_03,subject_03_happy_session_01
16.108,0.399114956166687,happy,subject_03,subject_03_happy_session_01
16.112,0.4680764237441456,happy,subject_03,subject_03_happy_session_01
16.116,0.5863501277802607,happy,subject_03,subject_03_happy_session_01
16.12,0.7818881235907557,happy,subject_03,subject_03_happy_session_01
16.124,0.8588208275957654,happy,subject_03,subject_03_happy_session_01
16.128,1.0232901233618088,happy,subject_03,subject_03_happy_session_01
16.132,0.9765684139896986,happy,subject_03,subject_03_happy_session_01
16.136,1.011340198156971,happy,subject_03,subject_03_happy_session_01
16.14,0.8810437570818392,happy,subject_03,subject_03_happy_session_01
16.144,0.7841989940337524,happy,subject_03,subject_03_happy_session_01
16.148,0.6060059929699303,happy,subject_03,subject_03_happy_session_01
16.152,0.5494698255851856,happy,subject_03,subject_03_happy_session_01
16.156,0.2728723268387617,happy,subject_03,subject_03_happy_session_01
16.16,0.07200373350268698,happy,subject_03,subject_03_happy_session_01
16.164,0.08232315199391708,happy,subject_03,subject_03_happy_session_01
16.168,-0.03525686899290154,happy,subject_03,subject_03_happy_session_01
16.172,-0.0329011414570616,happy,subject_03,subject_03_happy_session_01
16.176,-0.05674277983358841,happy,subject_03,subject_03_happy_session_01
16.18,-0.06876144115754781,happy,subject_03,subject_03_happy_session_01
16.184,-0.05038576218864492,happy,subject_03,subject_03_happy_session_01
16.188,-0.004546756427147082,happy,subject_03,subject_03_happy_session_01
16.192,-0.015448178149555765,happy,subject_03,subject_03_happy_session_01
16.196,0.0047265036120244935,happy,subject_03,subject_03_happy_session_01
16.2,0.0021030527715206714,happy,subject_03,subject_03_happy_session_01
16.204,0.08323954225714877,happy,subject_03,subject_03_happy_session_01
16.208,0.07701298842810037,happy,subject_03,subject_03_happy_session_01
16.212,-0.016393926024987293,happy,subject_03,subject_03_happy_session_01
16.216,0.038798090162208115,happy,subject_03,subject_03_happy_session_01
16.22,0.013711735055310842,happy,subject_03,subject_03_happy_session_01
16.224,0.0022721638654606344,happy,subject_03,subject_03_happy_session_01
16.228,-0.06224402036845952,happy,subject_03,subject_03_happy_session_01
16.232,0.042397599641214874,happy,subject_03,subject_03_happy_session_01
16.236,0.049440622228897085,happy,subject_03,subject_03_happy_session_01
16.24,0.11022854501865992,happy,subject_03,subject_03_happy_session_01
16.244,0.10433778206867717,happy,subject_03,subject_03_happy_session_01
16.248,0.09007544353661837,happy,subject_03,subject_03_happy_session_01
16.252,0.10414839754527844,happy,subject_03,subject_03_happy_session_01
16.256,0.11386561214305668,happy,subject_03,subject_03_happy_session_01
16.26,0.10712242899765909,happy,subject_03,subject_03_happy_session_01
16.264,0.14478204617201446,happy,subject_03,subject_03_happy_session_01
16.268,0.05838626294625391,happy,subject_03,subject_03_happy_session_01
16.272,0.09250072051656062,happy,subject_03,subject_03_happy_session_01
16.276,0.09451241645681999,happy,subject_03,subject_03_happy_session_01
16.28,0.10436300161927421,happy,subject_03,subject_03_happy_session_01
16.284,0.1256799991620001,happy,subject_03,subject_03_happy_session_01
16.288,0.1955968071180502,happy,subject_03,subject_03_happy_session_01
16.292,0.17738196767216916,happy,subject_03,subject_03_happy_session_01
16.296,0.19653001094844233,happy,subject_03,subject_03_happy_session_01
16.3,0.1587228509848097,happy,subject_03,subject_03_happy_session_01
16.304,0.16488597270462832,happy,subject_03,subject_03_happy_session_01
16.308,0.19716897073438788,happy,subject_03,subject_03_happy_session_01
16.312,0.19971625074593685,happy,subject_03,subject_03_happy_session_01
16.316,0.20726308754428677,happy,subject_03,subject_03_happy_session_01
16.32,0.28073197310216935,happy,subject_03,subject_03_happy_session_01
16.324,0.22733288906369398,happy,subject_03,subject_03_happy_session_01
16.328,0.18629066633089467,happy,subject_03,subject_03_happy_session_01
16.332,0.19594290892936114,happy,subject_03,subject_03_happy_session_01
16.336,0.2564712633062191,happy,subject_03,subject_03_happy_session_01
16.34,0.259810060106631,happy,subject_03,subject_03_happy_session_01
16.344,0.2730099108832801,happy,subject_03,subject_03_happy_session_01
16.348,0.2622291648657248,happy,subject_03,subject_03_happy_session_01
16.352,0.212370677432778,happy,subject_03,subject_03_happy_session_01
16.356,0.30683264567135166,happy,subject_03,subject_03_happy_session_01
16.36,0.30379371354968004,happy,subject_03,subject_03_happy_session_01
16.364,0.24648396511208995,happy,subject_03,subject_03_happy_session_01
16.368,0.2754168706186363,happy,subject_03,subject_03_happy_session_01
16.372,0.27110462202094215,happy,subject_03,subject_03_happy_session_01
16.376,0.25299874150142604,happy,subject_03,subject_03_happy_session_01
16.38,0.22621253797253327,happy,subject_03,subject_03_happy_session_01
16.384,0.28704739355931685,happy,subject_03,subject_03_happy_session_01
16.388,0.2142530223439088,happy,subject_03,subject_03_happy_session_01
16.392,0.2445463407706697,happy,subject_03,subject_03_happy_session_01
16.396,0.3235996594811698,happy,subject_03,subject_03_happy_session_01
16.4,0.2759622215190386,happy,subject_03,subject_03_happy_session_01
16.404,0.2719263263736,happy,subject_03,subject_03_happy_session_01
16.408,0.2447764235056375,happy,subject_03,subject_03_happy_session_01
16.412,0.19647612410978724,happy,subject_03,subject_03_happy_session_01
16.416,0.26116205377068913,happy,subject_03,subject_03_happy_session_01
16.42,0.2591944438700766,happy,subject_03,subject_03_happy_session_01
16.424,0.2641676461242295,happy,subject_03,subject_03_happy_session_01
16.428,0.21687520674811972,happy,subject_03,subject_03_happy_session_01
16.432,0.21020500149867938,happy,subject_03,subject_03_happy_session_01
16.436,0.2379727930406287,happy,subject_03,subject_03_happy_session_01
16.44,0.16737820553888544,happy,subject_03,subject_03_happy_session_01
16.444,0.2329502920796123,happy,subject_03,subject_03_happy_session_01
16.448,0.1917953261426984,happy,subject_03,subject_03_happy_session_01
16.452,0.2004387876166749,happy,subject_03,subject_03_happy_session_01
16.456,0.26364213275775644,happy,subject_03,subject_03_happy_session_01
16.46,0.16600261724219212,happy,subject_03,subject_03_happy_session_01
16.464,0.17304374744627585,happy,subject_03,subject_03_happy_session_01
16.468,0.1619099901043334,happy,subject_03,subject_03_happy_session_01
16.472,0.08438317816354766,happy,subject_03,subject_03_happy_session_01
16.476,0.16795714048615312,happy,subject_03,subject_03_happy_session_01
16.48,0.05781722960491342,happy,subject_03,subject_03_happy_session_01
16.484,0.15945137517729135,happy,subject_03,subject_03_happy_session_01
16.488,0.10228634641334297,happy,subject_03,subject_03_happy_session_01
16.492,0.09450041963355664,happy,subject_03,subject_03_happy_session_01
16.496,0.1131718869289447,happy,subject_03,subject_03_happy_session_01
16.5,0.06266283646667281,happy,subject_03,subject_03_happy_session_01
16.504,0.10010162714931056,happy,subject_03,subject_03_happy_session_01
16.508,0.061066322508823184,happy,subject_03,subject_03_happy_session_01
16.512,0.05017274454015593,happy,subject_03,subject_03_happy_session_01
16.516,0.08404156086257313,happy,subject_03,subject_03_happy_session_01
16.52,0.13143718576505375,happy,subject_03,subject_03_happy_session_01
16.524,0.1113856413728079,happy,subject_03,subject_03_happy_session_01
16.528,0.06515559450325123,happy,subject_03,subject_03_happy_session_01
16.532,0.07714222162685874,happy,subject_03,subject_03_happy_session_01
16.536,0.06316548848030624,happy,subject_03,subject_03_happy_session_01
16.54,0.04028495680869937,happy,subject_03,subject_03_happy_session_01
16.544,0.0459516360439345,happy,subject_03,subject_03_happy_session_01
16.548,0.09297856475705343,happy,subject_03,subject_03_happy_session_01
16.552,0.059826811131884615,happy,subject_03,subject_03_happy_session_01
16.556,0.08545963553517442,happy,subject_03,subject_03_happy_session_01
16.56,0.05452304054109379,happy,subject_03,subject_03_happy_session_01
16.564,0.1210288326224508,happy,subject_03,subject_03_happy_session_01
16.568,0.11908264530078033,happy,subject_03,subject_03_happy_session_01
16.572,0.15484535218515177,happy,subject_03,subject_03_happy_session_01
16.576,0.15181476938422847,happy,subject_03,subject_03_happy_session_01
16.58,0.0757448570409755,happy,subject_03,subject_03_happy_session_01
16.584,0.08169010791472037,happy,subject_03,subject_03_happy_session_01
16.588,0.12770704959807966,happy,subject_03,subject_03_happy_session_01
16.592,0.0877370070863794,happy,subject_03,subject_03_happy_session_01
16.596,0.12996796442682979,happy,subject_03,subject_03_happy_session_01
16.6,0.11212620160217004,happy,subject_03,subject_03_happy_session_01
16.604,0.15828570447295548,happy,subject_03,subject_03_happy_session_01
16.608,0.16062847997038832,happy,subject_03,subject_03_happy_session_01
16.612,0.11748950745140102,happy,subject_03,subject_03_happy_session_01
16.616,0.06414430288435166,happy,subject_03,subject_03_happy_session_01
16.62,0.1627757041962164,happy,subject_03,subject_03_happy_session_01
16.624,0.1045407799069122,happy,subject_03,subject_03_happy_session_01
16.628,0.1229233956686494,happy,subject_03,subject_03_happy_session_01
16.632,0.11611492123197631,happy,subject_03,subject_03_happy_session_01
16.636,0.13089249253648283,happy,subject_03,subject_03_happy_session_01
16.64,0.09167515438041711,happy,subject_03,subject_03_happy_session_01
16.644,0.06985744632274078,happy,subject_03,subject_03_happy_session_01
16.648,0.10949568191837995,happy,subject_03,subject_03_happy_session_01
16.652,0.1280201524604654,happy,subject_03,subject_03_happy_session_01
16.656,0.08949600272311474,happy,subject_03,subject_03_happy_session_01
16.66,0.08401034859826424,happy,subject_03,subject_03_happy_session_01
16.664,0.04151563960615021,happy,subject_03,subject_03_happy_session_01
16.668,0.09572474810901305,happy,subject_03,subject_03_happy_session_01
16.672,0.0930901401469286,happy,subject_03,subject_03_happy_session_01
16.676,0.06385697560392872,happy,subject_03,subject_03_happy_session_01
16.68,0.028811720487383827,happy,subject_03,subject_03_happy_session_01
16.684,0.0613813907058463,happy,subject_03,subject_03_happy_session_01
16.688,0.0602549732813099,happy,subject_03,subject_03_happy_session_01
16.692,0.0492930436878861,happy,subject_03,subject_03_happy_session_01
16.696,0.009451015214719131,happy,subject_03,subject_03_happy_session_01
16.7,0.05322607335471382,happy,subject_03,subject_03_happy_session_01
16.704,0.04737465509545444,happy,subject_03,subject_03_happy_session_01
16.708,0.05400301346383553,happy,subject_03,subject_03_happy_session_01
16.712,0.032554334826221075,happy,subject_03,subject_03_happy_session_01
16.716,0.08051561901615384,happy,subject_03,subject_03_happy_session_01
16.72,0.034057153828890366,happy,subject_03,subject_03_happy_session_01
16.724,0.0817203089918947,happy,subject_03,subject_03_happy_session_01
16.728,0.039679003215634785,happy,subject_03,subject_03_happy_session_01
16.732,-0.009494489887749244,happy,subject_03,subject_03_happy_session_01
16.736,0.059613551721589275,happy,subject_03,subject_03_happy_session_01
16.74,0.017005964743498317,happy,subject_03,subject_03_happy_session_01
16.744,0.013545463563073248,happy,subject_03,subject_03_happy_session_01
16.748,0.0644419240968926,happy,subject_03,subject_03_happy_session_01
16.752,-0.017331539576818853,happy,subject_03,subject_03_happy_session_01
16.756,-0.0378174841247034,happy,subject_03,subject_03_happy_session_01
16.76,0.011609226114804522,happy,subject_03,subject_03_happy_session_01
16.764,0.0252515546045725,happy,subject_03,subject_03_happy_session_01
16.768,0.043048259769926454,happy,subject_03,subject_03_happy_session_01
16.772,0.02370349038510087,happy,subject_03,subject_03_happy_session_01
16.776,-0.0388229634072244,happy,subject_03,subject_03_happy_session_01
16.78,0.05030919811957196,happy,subject_03,subject_03_happy_session_01
16.784,0.1130356893162125,happy,subject_03,subject_03_happy_session_01
16.788,0.1935866871066445,happy,subject_03,subject_03_happy_session_01
16.792,0.3815215650394212,happy,subject_03,subject_03_happy_session_01
16.796,0.5496975349652243,happy,subject_03,subject_03_happy_session_01
16.8,0.7139020995566502,happy,subject_03,subject_03_happy_session_01
16.804,0.8343989579425822,happy,subject_03,subject_03_happy_session_01
16.808,0.9085978647295426,happy,subject_03,subject_03_happy_session_01
16.812,1.0377991407420142,happy,subject_03,subject_03_happy_session_01
16.816,1.0155692298572534,happy,subject_03,subject_03_happy_session_01
16.82,0.9955116074466867,happy,subject_03,subject_03_happy_session_01
16.824,0.890894787734897,happy,subject_03,subject_03_happy_session_01
16.828,0.7853491621131924,happy,subject_03,subject_03_happy_session_01
16.832,0.6318526059920284,happy,subject_03,subject_03_happy_session_01
16.836,0.43984276514764015,happy,subject_03,subject_03_happy_session_01
16.84,0.3571676090077059,happy,subject_03,subject_03_happy_session_01
16.844,0.20635114960791354,happy,subject_03,subject_03_happy_session_01
16.848,0.1225493821291441,happy,subject_03,subject_03_happy_session_01
16.852,-0.0026513472098740262,happy,subject_03,subject_03_happy_session_01
16.856,0.005870409636809154,happy,subject_03,subject_03_happy_session_01
16.86,-0.08813482935228653,happy,subject_03,subject_03_happy_session_01
16.864,-0.010334405512326457,happy,subject_03,subject_03_happy_session_01
16.868,0.008316029203869176,happy,subject_03,subject_03_happy_session_01
16.872,-0.03455439419985937,happy,subject_03,subject_03_happy_session_01
16.876,0.05680288484243276,happy,subject_03,subject_03_happy_session_01
16.88,0.08499684393462177,happy,subject_03,subject_03_happy_session_01
16.884,0.019639636017343434,happy,subject_03,subject_03_happy_session_01
16.888,0.09706202654559415,happy,subject_03,subject_03_happy_session_01
16.892,-0.008442027805492996,happy,subject_03,subject_03_happy_session_01
16.896,0.050165292870658414,happy,subject_03,subject_03_happy_session_01
16.9,-0.03313936821663943,happy,subject_03,subject_03_happy_session_01
16.904,0.0942558590171853,happy,subject_03,subject_03_happy_session_01
16.908,0.011641012647842668,happy,subject_03,subject_03_happy_session_01
16.912,0.0006033154757363324,happy,subject_03,subject_03_happy_session_01
16.916,0.08201660421904278,happy,subject_03,subject_03_happy_session_01
16.92,0.1133082970252606,happy,subject_03,subject_03_happy_session_01
16.924,0.06735732836830001,happy,subject_03,subject_03_happy_session_01
16.928,0.09103751106795928,happy,subject_03,subject_03_happy_session_01
16.932,0.15296319415087056,happy,subject_03,subject_03_happy_session_01
16.936,0.0633286441150383,happy,subject_03,subject_03_happy_session_01
16.94,0.06783071926276812,happy,subject_03,subject_03_happy_session_01
16.944,0.1460223722300198,happy,subject_03,subject_03_happy_session_01
16.948,0.12197944016752632,happy,subject_03,subject_03_happy_session_01
16.952,0.17034577117501562,happy,subject_03,subject_03_happy_session_01
16.956,0.08170599697431433,happy,subject_03,subject_03_happy_session_01
16.96,0.0712412838474215,happy,subject_03,subject_03_happy_session_01
16.964,0.09064882460149773,happy,subject_03,subject_03_happy_session_01
16.968,0.172739973055377,happy,subject_03,subject_03_happy_session_01
16.972,0.19733324595658808,happy,subject_03,subject_03_happy_session_01
16.976,0.20021440499747176,happy,subject_03,subject_03_happy_session_01
16.98,0.1896929522727409,happy,subject_03,subject_03_happy_session_01
16.984,0.22166918492228502,happy,subject_03,subject_03_happy_session_01
16.988,0.1641460562890491,happy,subject_03,subject_03_happy_session_01
16.992,0.12346423755385724,happy,subject_03,subject_03_happy_session_01
16.996,0.14388136024456338,happy,subject_03,subject_03_happy_session_01
17.0,0.1570122071963087,happy,subject_03,subject_03_happy_session_01
17.004,0.1474046241050631,happy,subject_03,subject_03_happy_session_01
17.008,0.1745895296671982,happy,subject_03,subject_03_happy_session_01
17.012,0.19666024806994825,happy,subject_03,subject_03_happy_session_01
17.016,0.2568615275431657,happy,subject_03,subject_03_happy_session_01
17.02,0.25218269914227615,happy,subject_03,subject_03_happy_session_01
17.024,0.30058147212124314,happy,subject_03,subject_03_happy_session_01
17.028,0.2099052088057385,happy,subject_03,subject_03_happy_session_01
17.032,0.27142497677800625,happy,subject_03,subject_03_happy_session_01
17.036,0.30903285102651185,happy,subject_03,subject_03_happy_session_01
17.04,0.24919265093671206,happy,subject_03,subject_03_happy_session_01
17.044,0.2550637270964129,happy,subject_03,subject_03_happy_session_01
17.048,0.322022311843905,happy,subject_03,subject_03_happy_session_01
17.052,0.26364137049134534,happy,subject_03,subject_03_happy_session_01
17.056,0.3280990004236241,happy,subject_03,subject_03_happy_session_01
17.06,0.22731132673035578,happy,subject_03,subject_03_happy_session_01
17.064,0.33644027913253044,happy,subject_03,subject_03_happy_session_01
17.068,0.32376127494027696,happy,subject_03,subject_03_happy_session_01
17.072,0.24563437123759518,happy,subject_03,subject_03_happy_session_01
17.076,0.2670561013114919,happy,subject_03,subject_03_happy_session_01
17.08,0.23253129104119724,happy,subject_03,subject_03_happy_session_01
17.084,0.25622092392154827,happy,subject_03,subject_03_happy_session_01
17.088,0.21570992856243792,happy,subject_03,subject_03_happy_session_01
17.092,0.2045310624887612,happy,subject_03,subject_03_happy_session_01
17.096,0.2188093224562918,happy,subject_03,subject_03_happy_session_01
17.1,0.29434457210687226,happy,subject_03,subject_03_happy_session_01
17.104,0.18784179141609347,happy,subject_03,subject_03_happy_session_01
17.108,0.2954523178173166,happy,subject_03,subject_03_happy_session_01
17.112,0.2734794374531996,happy,subject_03,subject_03_happy_session_01
17.116,0.28129109044849865,happy,subject_03,subject_03_happy_session_01
17.12,0.24064688558800681,happy,subject_03,subject_03_happy_session_01
17.124,0.2794334978087304,happy,subject_03,subject_03_happy_session_01
17.128,0.16442113472418435,happy,subject_03,subject_03_happy_session_01
17.132,0.25524252203579145,happy,subject_03,subject_03_happy_session_01
17.136,0.30639656795312165,happy,subject_03,subject_03_happy_session_01
17.14,0.18323016802287465,happy,subject_03,subject_03_happy_session_01
17.144,0.18297920939264267,happy,subject_03,subject_03_happy_session_01
17.148,0.14513148101848866,happy,subject_03,subject_03_happy_session_01
17.152,0.17221364158431451,happy,subject_03,subject_03_happy_session_01
17.156,0.16900252597855642,happy,subject_03,subject_03_happy_session_01
17.16,0.07251002902217112,happy,subject_03,subject_03_happy_session_01
17.164,0.16953636160906918,happy,subject_03,subject_03_happy_session_01
17.168,0.18006451301776377,happy,subject_03,subject_03_happy_session_01
17.172,0.10375447009805891,happy,subject_03,subject_03_happy_session_01
17.176,0.11340076304882318,happy,subject_03,subject_03_happy_session_01
17.18,0.15193429827012767,happy,subject_03,subject_03_happy_session_01
17.184,0.08408698392233069,happy,subject_03,subject_03_happy_session_01
17.188,0.13739238863253478,happy,subject_03,subject_03_happy_session_01
17.192,0.1166026796541193,happy,subject_03,subject_03_happy_session_01
17.196,0.1840009328828568,happy,subject_03,subject_03_happy_session_01
17.2,0.0939926464037184,happy,subject_03,subject_03_happy_session_01
17.204,0.07653477307279169,happy,subject_03,subject_03_happy_session_01
17.208,0.10117225436134925,happy,subject_03,subject_03_happy_session_01
17.212,0.09446286965756685,happy,subject_03,subject_03_happy_session_01
17.216,0.146028092257611,happy,subject_03,subject_03_happy_session_01
17.22,0.14329952944152138,happy,subject_03,subject_03_happy_session_01
17.224,0.06220677962545383,happy,subject_03,subject_03_happy_session_01
17.228,0.08134480260317455,happy,subject_03,subject_03_happy_session_01
17.232,0.06468189197256884,happy,subject_03,subject_03_happy_session_01
17.236,0.05996504651989344,happy,subject_03,subject_03_happy_session_01
17.24,-0.021645658711615987,happy,subject_03,subject_03_happy_session_01
17.244,0.15406347590314518,happy,subject_03,subject_03_happy_session_01
17.248,0.07437232049544634,happy,subject_03,subject_03_happy_session_01
17.252,0.08542997113079821,happy,subject_03,subject_03_happy_session_01
17.256,0.20145354947252403,happy,subject_03,subject_03_happy_session_01
17.26,0.08569546043529586,happy,subject_03,subject_03_happy_session_01
17.264,0.10534702563192222,happy,subject_03,subject_03_happy_session_01
17.268,0.12469944921714697,happy,subject_03,subject_03_happy_session_01
17.272,0.13061139902417992,happy,subject_03,subject_03_happy_session_01
17.276,0.10028216991065442,happy,subject_03,subject_03_happy_session_01
17.28,0.16403484968272808,happy,subject_03,subject_03_happy_session_01
17.284,0.13265777343768104,happy,subject_03,subject_03_happy_session_01
17.288,0.13273624555880326,happy,subject_03,subject_03_happy_session_01
17.292,0.106372335449292,happy,subject_03,subject_03_happy_session_01
17.296,0.1258595127982221,happy,subject_03,subject_03_happy_session_01
17.3,0.1643141913606196,happy,subject_03,subject_03_happy_session_01
17.304,0.16347473853507855,happy,subject_03,subject_03_happy_session_01
17.308,0.11254959546891771,happy,subject_03,subject_03_happy_session_01
17.312,0.09810141598769473,happy,subject_03,subject_03_happy_session_01
17.316,0.15290214432365493,happy,subject_03,subject_03_happy_session_01
17.32,0.12905546243732743,happy,subject_03,subject_03_happy_session_01
17.324,0.14501650342987513,happy,subject_03,subject_03_happy_session_01
17.328,0.07577425978937782,happy,subject_03,subject_03_happy_session_01
17.332,0.10392289100251614,happy,subject_03,subject_03_happy_session_01
17.336,0.13015901498369342,happy,subject_03,subject_03_happy_session_01
17.34,0.06898090058020127,happy,subject_03,subject_03_happy_session_01
17.344,0.15438761364781323,happy,subject_03,subject_03_happy_session_01
17.348,0.13981285036448263,happy,subject_03,subject_03_happy_session_01
17.352,0.07011581442097033,happy,subject_03,subject_03_happy_session_01
17.356,0.06500739427358128,happy,subject_03,subject_03_happy_session_01
17.36,0.07798422730248171,happy,subject_03,subject_03_happy_session_01
17.364,0.06780280320672183,happy,subject_03,subject_03_happy_session_01
17.368,0.099775050862768,happy,subject_03,subject_03_happy_session_01
17.372,0.022173728375022596,happy,subject_03,subject_03_happy_session_01
17.376,0.018630828862294134,happy,subject_03,subject_03_happy_session_01
17.38,0.05501357052410259,happy,subject_03,subject_03_happy_session_01
17.384,0.05964682200195061,happy,subject_03,subject_03_happy_session_01
17.388,0.03820878256385707,happy,subject_03,subject_03_happy_session_01
17.392,0.06828027148190893,happy,subject_03,subject_03_happy_session_01
17.396,0.08258018202234654,happy,subject_03,subject_03_happy_session_01
17.4,0.05894781793390806,happy,subject_03,subject_03_happy_session_01
17.404,0.044130832534513,happy,subject_03,subject_03_happy_session_01
17.408,0.022138026152669247,happy,subject_03,subject_03_happy_session_01
17.412,0.03113513685628673,happy,subject_03,subject_03_happy_session_01
17.416,-0.020333716969690985,happy,subject_03,subject_03_happy_session_01
17.42,-0.015027119773944268,happy,subject_03,subject_03_happy_session_01
17.424,0.06986402604531601,happy,subject_03,subject_03_happy_session_01
17.428,0.08633041592102865,happy,subject_03,subject_03_happy_session_01
17.432,-0.02403519829622283,happy,subject_03,subject_03_happy_session_01
17.436,0.04100853898454877,happy,subject_03,subject_03_happy_session_01
17.44,-0.03457263174533507,happy,subject_03,subject_03_happy_session_01
17.444,0.07205915304205353,happy,subject_03,subject_03_happy_session_01
17.448,0.00902835388565285,happy,subject_03,subject_03_happy_session_01
17.452,0.0955794123139615,happy,subject_03,subject_03_happy_session_01
17.456,-0.009117772579668445,happy,subject_03,subject_03_happy_session_01
17.46,0.01644896286317809,happy,subject_03,subject_03_happy_session_01
17.464,0.09242723407594529,happy,subject_03,subject_03_happy_session_01
17.468,0.18271042692891268,happy,subject_03,subject_03_happy_session_01
17.472,0.2817272597197748,happy,subject_03,subject_03_happy_session_01
17.476,0.41514220259798174,happy,subject_03,subject_03_happy_session_01
17.48,0.5172912267668731,happy,subject_03,subject_03_happy_session_01
17.484,0.7076007392473208,happy,subject_03,subject_03_happy_session_01
17.488,0.8878598554976455,happy,subject_03,subject_03_happy_session_01
17.492,0.94899878474702,happy,subject_03,subject_03_happy_session_01
17.496,0.9639282043413522,happy,subject_03,subject_03_happy_session_01
17.5,1.0303337407628343,happy,subject_03,subject_03_happy_session_01
17.504,0.9171500019066738,happy,subject_03,subject_03_happy_session_01
17.508,0.9307478817123237,happy,subject_03,subject_03_happy_session_01
17.512,0.7274728297461194,happy,subject_03,subject_03_happy_session_01
17.516,0.6634567927658183,happy,subject_03,subject_03_happy_session_01
17.52,0.47832126836551997,happy,subject_03,subject_03_happy_session_01
17.524,0.3613905797380771,happy,subject_03,subject_03_happy_session_01
17.528,0.19334510486673268,happy,subject_03,subject_03_happy_session_01
17.532,0.13517152995919823,happy,subject_03,subject_03_happy_session_01
17.536,0.032816286065671725,happy,subject_03,subject_03_happy_session_01
17.54,0.01034128377839846,happy,subject_03,subject_03_happy_session_01
17.544,-0.0562505739036316,happy,subject_03,subject_03_happy_session_01
17.548,-0.054334301699712616,happy,subject_03,subject_03_happy_session_01
17.552,-0.07406761277629723,happy,subject_03,subject_03_happy_session_01
17.556,-0.048151119933691935,happy,subject_03,subject_03_happy_session_01
17.56,0.010798454050992194,happy,subject_03,subject_03_happy_session_01
17.564,0.02225081915206892,happy,subject_03,subject_03_happy_session_01
17.568,0.04315716002379943,happy,subject_03,subject_03_happy_session_01
17.572,0.011363204421859213,happy,subject_03,subject_03_happy_session_01
17.576,0.0460410416759203,happy,subject_03,subject_03_happy_session_01
17.58,0.09085187148027926,happy,subject_03,subject_03_happy_session_01
17.584,0.06214551606510027,happy,subject_03,subject_03_happy_session_01
17.588,0.051549294916124554,happy,subject_03,subject_03_happy_session_01
17.592,0.06346627699984266,happy,subject_03,subject_03_happy_session_01
17.596,0.100506943938503,happy,subject_03,subject_03_happy_session_01
17.6,0.06682171880113356,happy,subject_03,subject_03_happy_session_01
17.604,0.04657912732968067,happy,subject_03,subject_03_happy_session_01
17.608,0.05122668970764884,happy,subject_03,subject_03_happy_session_01
17.612,0.05458665617334872,happy,subject_03,subject_03_happy_session_01
17.616,0.05856354152344084,happy,subject_03,subject_03_happy_session_01
17.62,0.11125539350103741,happy,subject_03,subject_03_happy_session_01
17.624,0.14853993853535136,happy,subject_03,subject_03_happy_session_01
17.628,0.0803899722277494,happy,subject_03,subject_03_happy_session_01
17.632,0.06904344759563993,happy,subject_03,subject_03_happy_session_01
17.636,0.06233386118185859,happy,subject_03,subject_03_happy_session_01
17.64,0.1736279282761476,happy,subject_03,subject_03_happy_session_01
17.644,0.15365268869867926,happy,subject_03,subject_03_happy_session_01
17.648,0.10280977369862768,happy,subject_03,subject_03_happy_session_01
17.652,0.1385469839001546,happy,subject_03,subject_03_happy_session_01
17.656,0.18987970177300473,happy,subject_03,subject_03_happy_session_01
17.66,0.1458032711171373,happy,subject_03,subject_03_happy_session_01
17.664,0.18556906611668603,happy,subject_03,subject_03_happy_session_01
17.668,0.1573110366031347,happy,subject_03,subject_03_happy_session_01
17.672,0.15985087520636504,happy,subject_03,subject_03_happy_session_01
17.676,0.08487928985793979,happy,subject_03,subject_03_happy_session_01
17.68,0.17076465523945794,happy,subject_03,subject_03_happy_session_01
17.684,0.17339706985405662,happy,subject_03,subject_03_happy_session_01
17.688,0.2174699115659251,happy,subject_03,subject_03_happy_session_01
17.692,0.214905048906813,happy,subject_03,subject_03_happy_session_01
17.696,0.21976627667933438,happy,subject_03,subject_03_happy_session_01
17.7,0.25259103317243625,happy,subject_03,subject_03_happy_session_01
17.704,0.14353803793814615,happy,subject_03,subject_03_happy_session_01
17.708,0.2293557522121892,happy,subject_03,subject_03_happy_session_01
17.712,0.1954914488009283,happy,subject_03,subject_03_happy_session_01
17.716,0.1975419640113955,happy,subject_03,subject_03_happy_session_01
17.72,0.23562120520962326,happy,subject_03,subject_03_happy_session_01
17.724,0.25049294002766037,happy,subject_03,subject_03_happy_session_01
17.728,0.2707312620048831,happy,subject_03,subject_03_happy_session_01
17.732,0.2712660048607306,happy,subject_03,subject_03_happy_session_01
17.736,0.229357157718193,happy,subject_03,subject_03_happy_session_01
17.74,0.25307042431973137,happy,subject_03,subject_03_happy_session_01
17.744,0.31133486085457274,happy,subject_03,subject_03_happy_session_01
17.748,0.3179757938763329,happy,subject_03,subject_03_happy_session_01
17.752,0.2505745451193076,happy,subject_03,subject_03_happy_session_01
17.756,0.2637682917669874,happy,subject_03,subject_03_happy_session_01
17.76,0.22773134707625325,happy,subject_03,subject_03_happy_session_01
17.764,0.29302864541426044,happy,subject_03,subject_03_happy_session_01
17.768,0.33550995597445565,happy,subject_03,subject_03_happy_session_01
17.772,0.23251582519094885,happy,subject_03,subject_03_happy_session_01
17.776,0.28865539462733586,happy,subject_03,subject_03_happy_session_01
17.78,0.26898028813153907,happy,subject_03,subject_03_happy_session_01
17.784,0.23253648057500714,happy,subject_03,subject_03_happy_session_01
17.788,0.20879004619650973,happy,subject_03,subject_03_happy_session_01
17.792,0.31420851951434303,happy,subject_03,subject_03_happy_session_01
17.796,0.2481986247919989,happy,subject_03,subject_03_happy_session_01
17.8,0.24850070168987456,happy,subject_03,subject_03_happy_session_01
17.804,0.20079961431792462,happy,subject_03,subject_03_happy_session_01
17.808,0.20332748686577293,happy,subject_03,subject_03_happy_session_01
17.812,0.1513696408892543,happy,subject_03,subject_03_happy_session_01
17.816,0.21317500061973405,happy,subject_03,subject_03_happy_session_01
17.82,0.16588960742272063,happy,subject_03,subject_03_happy_session_01
17.824,0.13543653042892825,happy,subject_03,subject_03_happy_session_01
17.828,0.1337657203584933,happy,subject_03,subject_03_happy_session_01
17.832,0.24038509496076166,happy,subject_03,subject_03_happy_session_01
17.836,0.1379731194619512,happy,subject_03,subject_03_happy_session_01
17.84,0.1537319969248573,happy,subject_03,subject_03_happy_session_01
17.844,0.09161231150184287,happy,subject_03,subject_03_happy_session_01
17.848,0.11958280461403994,happy,subject_03,subject_03_happy_session_01
17.852,0.07121101276998239,happy,subject_03,subject_03_happy_session_01
17.856,0.12542649373289463,happy,subject_03,subject_03_happy_session_01
17.86,0.07407093245916087,happy,subject_03,subject_03_happy_session_01
17.864,0.1277339247143497,happy,subject_03,subject_03_happy_session_01
17.868,0.03138984174463695,happy,subject_03,subject_03_happy_session_01
17.872,0.0665457114381651,happy,subject_03,subject_03_happy_session_01
17.876,0.12493670092384249,happy,subject_03,subject_03_happy_session_01
17.88,0.13296999632992804,happy,subject_03,subject_03_happy_session_01
17.884,0.07559318296250152,happy,subject_03,subject_03_happy_session_01
17.888,0.05840447820933353,happy,subject_03,subject_03_happy_session_01
17.892,0.07325204518656758,happy,subject_03,subject_03_happy_session_01
17.896,0.13876168958685065,happy,subject_03,subject_03_happy_session_01
17.9,0.055917725499086995,happy,subject_03,subject_03_happy_session_01
17.904,0.06441971907577887,happy,subject_03,subject_03_happy_session_01
17.908,0.027048655044181427,happy,subject_03,subject_03_happy_session_01
17.912,0.04039093185976957,happy,subject_03,subject_03_happy_session_01
17.916,0.08033159523870577,happy,subject_03,subject_03_happy_session_01
17.92,0.09753268306858656,happy,subject_03,subject_03_happy_session_01
17.924,0.07874355954965374,happy,subject_03,subject_03_happy_session_01
17.928,0.09959024368865155,happy,subject_03,subject_03_happy_session_01
17.932,0.03826194414294781,happy,subject_03,subject_03_happy_session_01
17.936,0.03788761332091624,happy,subject_03,subject_03_happy_session_01
17.94,0.10751854489994073,happy,subject_03,subject_03_happy_session_01
17.944,0.06653933027588455,happy,subject_03,subject_03_happy_session_01
17.948,0.04563663027298663,happy,subject_03,subject_03_happy_session_01
17.952,0.09732732425123782,happy,subject_03,subject_03_happy_session_01
17.956,0.09655148766065119,happy,subject_03,subject_03_happy_session_01
17.96,0.08994996553567172,happy,subject_03,subject_03_happy_session_01
17.964,0.15481574947483095,happy,subject_03,subject_03_happy_session_01
17.968,0.16709328711355464,happy,subject_03,subject_03_happy_session_01
17.972,0.13673375030380214,happy,subject_03,subject_03_happy_session_01
17.976,0.11921704607753386,happy,subject_03,subject_03_happy_session_01
17.98,0.15286041997882172,happy,subject_03,subject_03_happy_session_01
17.984,0.10974553468649878,happy,subject_03,subject_03_happy_session_01
17.988,0.09638450614525536,happy,subject_03,subject_03_happy_session_01
17.992,0.0809619039715458,happy,subject_03,subject_03_happy_session_01
17.996,0.07153334041460654,happy,subject_03,subject_03_happy_session_01
18.0,0.12825525974496424,happy,subject_03,subject_03_happy_session_01
18.004,0.039466817336193796,happy,subject_03,subject_03_happy_session_01
18.008,0.06695236177692991,happy,subject_03,subject_03_happy_session_01
18.012,0.07063593992621021,happy,subject_03,subject_03_happy_session_01
18.016,0.02864972469369715,happy,subject_03,subject_03_happy_session_01
18.02,0.05882374238354051,happy,subject_03,subject_03_happy_session_01
18.024,0.07023357676945269,happy,subject_03,subject_03_happy_session_01
18.028,0.0972430834845267,happy,subject_03,subject_03_happy_session_01
18.032,0.0379087194470387,happy,subject_03,subject_03_happy_session_01
18.036,0.053549683214960384,happy,subject_03,subject_03_happy_session_01
18.04,-0.007719358934628433,happy,subject_03,subject_03_happy_session_01
18.044,-0.0032352252945398174,happy,subject_03,subject_03_happy_session_01
18.048,-0.032260370802669046,happy,subject_03,subject_03_happy_session_01
18.052,0.06395152524566164,happy,subject_03,subject_03_happy_session_01
18.056,0.013870047628571296,happy,subject_03,subject_03_happy_session_01
18.06,0.0290811499975725,happy,subject_03,subject_03_happy_session_01
18.064,0.03602840646625687,happy,subject_03,subject_03_happy_session_01
18.068,0.04271633789251001,happy,subject_03,subject_03_happy_session_01
18.072,0.08166808060066166,happy,subject_03,subject_03_happy_session_01
18.076,0.007428013164282099,happy,subject_03,subject_03_happy_session_01
18.08,-0.018321897383307154,happy,subject_03,subject_03_happy_session_01
18.084,0.029022610251302206,happy,subject_03,subject_03_happy_session_01
18.088,0.08554652717971432,happy,subject_03,subject_03_happy_session_01
18.092,-0.017520986737123444,happy,subject_03,subject_03_happy_session_01
18.096,-0.027755354252837677,happy,subject_03,subject_03_happy_session_01
18.1,-0.09045098324675266,happy,subject_03,subject_03_happy_session_01
18.104,-0.07432492678945005,happy,subject_03,subject_03_happy_session_01
18.108,0.04683353392545483,happy,subject_03,subject_03_happy_session_01
18.112,-0.009841741258352934,happy,subject_03,subject_03_happy_session_01
18.116,-0.04482947989075411,happy,subject_03,subject_03_happy_session_01
18.12,-0.006869286426239098,happy,subject_03,subject_03_happy_session_01
18.124,0.08091126617133423,happy,subject_03,subject_03_happy_session_01
18.128,-0.014458884354295876,happy,subject_03,subject_03_happy_session_01
18.132,0.04757766523593997,happy,subject_03,subject_03_happy_session_01
18.136,-0.05449893609141154,happy,subject_03,subject_03_happy_session_01
18.14,0.03510170940686876,happy,subject_03,subject_03_happy_session_01
18.144,-0.014581370509799949,happy,subject_03,subject_03_happy_session_01
18.148,0.022210799808575193,happy,subject_03,subject_03_happy_session_01
18.152,0.08884258502853515,happy,subject_03,subject_03_happy_session_01
18.156,0.21258471707566573,happy,subject_03,subject_03_happy_session_01
18.16,0.38574084398249275,happy,subject_03,subject_03_happy_session_01
18.164,0.4788197717022718,happy,subject_03,subject_03_happy_session_01
18.168,0.6809707363453605,happy,subject_03,subject_03_happy_session_01
18.172,0.7553029438866905,happy,subject_03,subject_03_happy_session_01
18.176,0.8884109590635643,happy,subject_03,subject_03_happy_session_01
18.18,0.9442623167596195,happy,subject_03,subject_03_happy_session_01
18.184,1.0490441356977398,happy,subject_03,subject_03_happy_session_01
18.188,0.9739766525952069,happy,subject_03,subject_03_happy_session_01
18.192,0.8862635703264155,happy,subject_03,subject_03_happy_session_01
18.196,0.7461811933335437,happy,subject_03,subject_03_happy_session_01
18.2,0.5879825061710208,happy,subject_03,subject_03_happy_session_01
18.204,0.41452713802434626,happy,subject_03,subject_03_happy_session_01
18.208,0.34247532185665175,happy,subject_03,subject_03_happy_session_01
18.212,0.10508074133998904,happy,subject_03,subject_03_happy_session_01
18.216,0.042925696948200226,happy,subject_03,subject_03_happy_session_01
18.22,0.013529644582844978,happy,subject_03,subject_03_happy_session_01
18.224,-0.11702933339544444,happy,subject_03,subject_03_happy_session_01
18.228,-0.06678116259348901,happy,subject_03,subject_03_happy_session_01
18.232,-0.09976769661906248,happy,subject_03,subject_03_happy_session_01
18.236,-0.05463233489531809,happy,subject_03,subject_03_happy_session_01
18.24,-0.04454811962050923,happy,subject_03,subject_03_happy_session_01
18.244,-0.10185790154656726,happy,subject_03,subject_03_happy_session_01
18.248,0.011915818981588715,happy,subject_03,subject_03_happy_session_01
18.252,-0.035886462616789835,happy,subject_03,subject_03_happy_session_01
18.256,-0.014150334614310388,happy,subject_03,subject_03_happy_session_01
18.26,0.011407487438133416,happy,subject_03,subject_03_happy_session_01
18.264,0.026396054155933664,happy,subject_03,subject_03_happy_session_01
18.268,0.03212276774988823,happy,subject_03,subject_03_happy_session_01
18.272,0.047307233782588484,happy,subject_03,subject_03_happy_session_01
18.276,-0.06345426030326858,happy,subject_03,subject_03_happy_session_01
18.28,0.04330508440116952,happy,subject_03,subject_03_happy_session_01
18.284,0.030535509299730895,happy,subject_03,subject_03_happy_session_01
18.288,0.0147923271416367,happy,subject_03,subject_03_happy_session_01
18.292,0.0476352526282932,happy,subject_03,subject_03_happy_session_01
18.296,0.0752255329547241,happy,subject_03,subject_03_happy_session_01
18.3,0.01716813121616847,happy,subject_03,subject_03_happy_session_01
18.304,0.10203542138682836,happy,subject_03,subject_03_happy_session_01
18.308,0.0984800940887738,happy,subject_03,subject_03_happy_session_01
18.312,0.076974440365791,happy,subject_03,subject_03_happy_session_01
18.316,0.027131367677028465,happy,subject_03,subject_03_happy_session_01
18.32,0.15153249714940958,happy,subject_03,subject_03_happy_session_01
18.324,0.09246487567862238,happy,subject_03,subject_03_happy_session_01
18.328,0.09431989641003355,happy,subject_03,subject_03_happy_session_01
18.332,0.09992045755148735,happy,subject_03,subject_03_happy_session_01
18.336,0.12227278495984815,happy,subject_03,subject_03_happy_session_01
18.34,0.14251322664941796,happy,subject_03,subject_03_happy_session_01
18.344,0.11644765065799734,happy,subject_03,subject_03_happy_session_01
18.348,0.08117601477864235,happy,subject_03,subject_03_happy_session_01
18.352,0.16829639791978554,happy,subject_03,subject_03_happy_session_01
18.356,0.11095787726361803,happy,subject_03,subject_03_happy_session_01
18.36,0.1117281929437195,happy,subject_03,subject_03_happy_session_01
18.364,0.15200896586854024,happy,subject_03,subject_03_happy_session_01
18.368,0.14552894221728882,happy,subject_03,subject_03_happy_session_01
18.372,0.1818850798482961,happy,subject_03,subject_03_happy_session_01
18.376,0.1954567172781269,happy,subject_03,subject_03_happy_session_01
18.38,0.1657414437215921,happy,subject_03,subject_03_happy_session_01
18.384,0.19285946827299225,happy,subject_03,subject_03_happy_session_01
18.388,0.17773688299016596,happy,subject_03,subject_03_happy_session_01
18.392,0.22731679125941512,happy,subject_03,subject_03_happy_session_01
18.396,0.22299818970784172,happy,subject_03,subject_03_happy_session_01
18.4,0.235881108004663,happy,subject_03,subject_03_happy_session_01
18.404,0.2052856440386675,happy,subject_03,subject_03_happy_session_01
18.408,0.22823687560196246,happy,subject_03,subject_03_happy_session_01
18.412,0.24048141103261128,happy,subject_03,subject_03_happy_session_01
18.416,0.2517185384323089,happy,subject_03,subject_03_happy_session_01
18.42,0.25100964343925247,happy,subject_03,subject_03_happy_session_01
18.424,0.22521726584593593,happy,subject_03,subject_03_happy_session_01
18.428,0.1903729498848693,happy,subject_03,subject_03_happy_session_01
18.432,0.2486480474577232,happy,subject_03,subject_03_happy_session_01
18.436,0.24676648361570214,happy,subject_03,subject_03_happy_session_01
18.44,0.19168194679620612,happy,subject_03,subject_03_happy_session_01
18.444,0.25842437185192896,happy,subject_03,subject_03_happy_session_01
18.448,0.23226093165925762,happy,subject_03,subject_03_happy_session_01
18.452,0.2196908551674968,happy,subject_03,subject_03_happy_session_01
18.456,0.22850452961940412,happy,subject_03,subject_03_happy_session_01
18.46,0.2498968520176688,happy,subject_03,subject_03_happy_session_01
18.464,0.26760465549223383,happy,subject_03,subject_03_happy_session_01
18.468,0.20642781739740873,happy,subject_03,subject_03_happy_session_01
18.472,0.195023285271572,happy,subject_03,subject_03_happy_session_01
18.476,0.21871072712033052,happy,subject_03,subject_03_happy_session_01
18.48,0.14449638026581668,happy,subject_03,subject_03_happy_session_01
18.484,0.215187199377504,happy,subject_03,subject_03_happy_session_01
18.488,0.130887541769998,happy,subject_03,subject_03_happy_session_01
18.492,0.12323410168715135,happy,subject_03,subject_03_happy_session_01
18.496,0.2185125769533298,happy,subject_03,subject_03_happy_session_01
18.5,0.083886273880613,happy,subject_03,subject_03_happy_session_01
18.504,0.1950362049357477,happy,subject_03,subject_03_happy_session_01
18.508,0.19628889612970268,happy,subject_03,subject_03_happy_session_01
18.512,0.14595725144710608,happy,subject_03,subject_03_happy_session_01
18.516,0.14765022681103696,happy,subject_03,subject_03_happy_session_01
18.52,0.06377976909905748,happy,subject_03,subject_03_happy_session_01
18.524,0.09415237377485174,happy,subject_03,subject_03_happy_session_01
18.528,0.1165791634329032,happy,subject_03,subject_03_happy_session_01
18.532,0.10838021373863214,happy,subject_03,subject_03_happy_session_01
18.536,0.10544207451255651,happy,subject_03,subject_03_happy_session_01
18.54,0.09468860381216111,happy,subject_03,subject_03_happy_session_01
18.544,0.07750328271666837,happy,subject_03,subject_03_happy_session_01
18.548,0.02792542138888876,happy,subject_03,subject_03_happy_session_01
18.552,0.0773017045716996,happy,subject_03,subject_03_happy_session_01
18.556,0.019892722232781705,happy,subject_03,subject_03_happy_session_01
18.56,0.042061731415122816,happy,subject_03,subject_03_happy_session_01
18.564,0.0991810989049571,happy,subject_03,subject_03_happy_session_01
18.568,-0.008158381049629064,happy,subject_03,subject_03_happy_session_01
18.572,0.038923529441373186,happy,subject_03,subject_03_happy_session_01
18.576,0.0709094773866156,happy,subject_03,subject_03_happy_session_01
18.58,0.06071341714766457,happy,subject_03,subject_03_happy_session_01
18.584,0.047497572807328525,happy,subject_03,subject_03_happy_session_01
18.588,0.012153386991061308,happy,subject_03,subject_03_happy_session_01
18.592,0.08141180618937571,happy,subject_03,subject_03_happy_session_01
18.596,-0.0070227327788078,happy,subject_03,subject_03_happy_session_01
18.6,0.06094552239780602,happy,subject_03,subject_03_happy_session_01
18.604,0.043488998339978394,happy,subject_03,subject_03_happy_session_01
18.608,0.012562284334958904,happy,subject_03,subject_03_happy_session_01
18.612,0.028912829798090085,happy,subject_03,subject_03_happy_session_01
18.616,0.10876472433234055,happy,subject_03,subject_03_happy_session_01
18.62,0.007876224851809839,happy,subject_03,subject_03_happy_session_01
18.624,-0.009623754380625023,happy,subject_03,subject_03_happy_session_01
18.628,0.03321841896882431,happy,subject_03,subject_03_happy_session_01
18.632,0.07362448403216303,happy,subject_03,subject_03_happy_session_01
18.636,0.11257327853952746,happy,subject_03,subject_03_happy_session_01
18.64,0.06703002308690695,happy,subject_03,subject_03_happy_session_01
18.644,0.012281537479656858,happy,subject_03,subject_03_happy_session_01
18.648,0.07539036662975894,happy,subject_03,subject_03_happy_session_01
18.652,0.1043024947875498,happy,subject_03,subject_03_happy_session_01
18.656,0.08731487909635494,happy,subject_03,subject_03_happy_session_01
18.66,0.09451376712418286,happy,subject_03,subject_03_happy_session_01
18.664,0.012177346480407705,happy,subject_03,subject_03_happy_session_01
18.668,0.030482631258221295,happy,subject_03,subject_03_happy_session_01
18.672,0.07180758772358607,happy,subject_03,subject_03_happy_session_01
18.676,0.11448595679522097,happy,subject_03,subject_03_happy_session_01
18.68,0.04480401962956847,happy,subject_03,subject_03_happy_session_01
18.684,0.07656044328544044,happy,subject_03,subject_03_happy_session_01
18.688,0.07157027667640066,happy,subject_03,subject_03_happy_session_01
18.692,0.025078073124321407,happy,subject_03,subject_03_happy_session_01
18.696,0.031168723617304345,happy,subject_03,subject_03_happy_session_01
18.7,0.05105047546213712,happy,subject_03,subject_03_happy_session_01
18.704,0.03385372024961679,happy,subject_03,subject_03_happy_session_01
18.708,0.06990485703029703,happy,subject_03,subject_03_happy_session_01
18.712,0.020898612346584234,happy,subject_03,subject_03_happy_session_01
18.716,0.06111109502795755,happy,subject_03,subject_03_happy_session_01
18.72,0.011914426715939515,happy,subject_03,subject_03_happy_session_01
18.724,0.020076007448904074,happy,subject_03,subject_03_happy_session_01
18.728,0.04210766379211306,happy,subject_03,subject_03_happy_session_01
18.732,0.00549327987042227,happy,subject_03,subject_03_happy_session_01
18.736,-0.01023250273767349,happy,subject_03,subject_03_happy_session_01
18.74,-0.0019733598266093106,happy,subject_03,subject_03_happy_session_01
18.744,0.027828473305275256,happy,subject_03,subject_03_happy_session_01
18.748,0.004644882665355504,happy,subject_03,subject_03_happy_session_01
18.752,-0.08519600168659311,happy,subject_03,subject_03_happy_session_01
18.756,-0.03823049758186121,happy,subject_03,subject_03_happy_session_01
18.76,-0.0404175277062189,happy,subject_03,subject_03_happy_session_01
18.764,0.002802908241179656,happy,subject_03,subject_03_happy_session_01
18.768,-0.08657143600276897,happy,subject_03,subject_03_happy_session_01
18.772,-0.011326587173844717,happy,subject_03,subject_03_happy_session_01
18.776,-0.00023072721605975344,happy,subject_03,subject_03_happy_session_01
18.78,-0.0013849497051518986,happy,subject_03,subject_03_happy_session_01
18.784,-0.02758775585595742,happy,subject_03,subject_03_happy_session_01
18.788,-0.08200558075418726,happy,subject_03,subject_03_happy_session_01
18.792,-0.03519492631474569,happy,subject_03,subject_03_happy_session_01
18.796,0.0245930769911292,happy,subject_03,subject_03_happy_session_01
18.8,-0.04895849793647371,happy,subject_03,subject_03_happy_session_01
18.804,0.04638570725947083,happy,subject_03,subject_03_happy_session_01
18.808,-0.004583014666254458,happy,subject_03,subject_03_happy_session_01
18.812,-0.042320921940475445,happy,subject_03,subject_03_happy_session_01
18.816,-0.034115534488863036,happy,subject_03,subject_03_happy_session_01
18.82,-0.03105165631821902,happy,subject_03,subject_03_happy_session_01
18.824,-0.0585266881552009,happy,subject_03,subject_03_happy_session_01
18.828,-0.0316140988150829,happy,subject_03,subject_03_happy_session_01
18.832,0.09690618853448016,happy,subject_03,subject_03_happy_session_01
18.836,0.15201631407366695,happy,subject_03,subject_03_happy_session_01
18.84,0.18891299830516814,happy,subject_03,subject_03_happy_session_01
18.844,0.302672342935665,happy,subject_03,subject_03_happy_session_01
18.848,0.41840244799205767,happy,subject_03,subject_03_happy_session_01
18.852,0.6976351153652107,happy,subject_03,subject_03_happy_session_01
18.856,0.795023434384086,happy,subject_03,subject_03_happy_session_01
18.86,0.9138129511682297,happy,subject_03,subject_03_happy_session_01
18.864,0.9228686660819932,happy,subject_03,subject_03_happy_session_01
18.868,0.9434971408010555,happy,subject_03,subject_03_happy_session_01
18.872,0.9029500339601048,happy,subject_03,subject_03_happy_session_01
18.876,0.7452020390091749,happy,subject_03,subject_03_happy_session_01
18.88,0.704963842261479,happy,subject_03,subject_03_happy_session_01
18.884,0.5993471023357635,happy,subject_03,subject_03_happy_session_01
18.888,0.43837524571389647,happy,subject_03,subject_03_happy_session_01
18.892,0.25470919602036285,happy,subject_03,subject_03_happy_session_01
18.896,0.1647159688395644,happy,subject_03,subject_03_happy_session_01
18.9,0.012371724603292972,happy,subject_03,subject_03_happy_session_01
18.904,-0.009983242336494117,happy,subject_03,subject_03_happy_session_01
18.908,-0.05131938841965973,happy,subject_03,subject_03_happy_session_01
18.912,-0.0635475389472705,happy,subject_03,subject_03_happy_session_01
18.916,-0.0857593032831455,happy,subject_03,subject_03_happy_session_01
18.92,-0.10302707036725106,happy,subject_03,subject_03_happy_session_01
18.924,-0.09912366063775521,happy,subject_03,subject_03_happy_session_01
18.928,-0.11742969940069825,happy,subject_03,subject_03_happy_session_01
18.932,-0.0023490513668633257,happy,subject_03,subject_03_happy_session_01
18.936,-0.07859885742816913,happy,subject_03,subject_03_happy_session_01
18.94,-0.0177990247007144,happy,subject_03,subject_03_happy_session_01
18.944,-0.0007064304108672283,happy,subject_03,subject_03_happy_session_01
18.948,-0.04198575110906921,happy,subject_03,subject_03_happy_session_01
18.952,-0.005504173483239465,happy,subject_03,subject_03_happy_session_01
18.956,0.013293995278750144,happy,subject_03,subject_03_happy_session_01
18.96,-0.003992826785055123,happy,subject_03,subject_03_happy_session_01
18.964,0.025342906837591054,happy,subject_03,subject_03_happy_session_01
18.968,-0.002428533103120731,happy,subject_03,subject_03_happy_session_01
18.972,0.007580353324503136,happy,subject_03,subject_03_happy_session_01
18.976,-0.009358934603997011,happy,subject_03,subject_03_happy_session_01
18.98,0.021725895793339244,happy,subject_03,subject_03_happy_session_01
18.984,0.03168841194505821,happy,subject_03,subject_03_happy_session_01
18.988,0.0044236503217445905,happy,subject_03,subject_03_happy_session_01
18.992,0.057328405399089316,happy,subject_03,subject_03_happy_session_01
18.996,-0.03815056560482563,happy,subject_03,subject_03_happy_session_01
19.0,0.09209668888044245,happy,subject_03,subject_03_happy_session_01
19.004,0.010949016002386742,happy,subject_03,subject_03_happy_session_01
19.008,0.10354452129343716,happy,subject_03,subject_03_happy_session_01
19.012,0.0956323555538482,happy,subject_03,subject_03_happy_session_01
19.016,0.11633935529381122,happy,subject_03,subject_03_happy_session_01
19.02,0.04863977287448361,happy,subject_03,subject_03_happy_session_01
19.024,0.08823658823403441,happy,subject_03,subject_03_happy_session_01
19.028,0.11307298580289463,happy,subject_03,subject_03_happy_session_01
19.032,0.125283427643038,happy,subject_03,subject_03_happy_session_01
19.036,0.14728171943212287,happy,subject_03,subject_03_happy_session_01
19.04,0.14826494595300085,happy,subject_03,subject_03_happy_session_01
19.044,0.14969272654893334,happy,subject_03,subject_03_happy_session_01
19.048,0.15775426913760937,happy,subject_03,subject_03_happy_session_01
19.052,0.1719047595272505,happy,subject_03,subject_03_happy_session_01
19.056,0.15594405987721463,happy,subject_03,subject_03_happy_session_01
19.06,0.2024474097594721,happy,subject_03,subject_03_happy_session_01
19.064,0.16651359777555425,happy,subject_03,subject_03_happy_session_01
19.068,0.11660754533069884,happy,subject_03,subject_03_happy_session_01
19.072,0.22567579965585377,happy,subject_03,subject_03_happy_session_01
19.076,0.20439904521430385,happy,subject_03,subject_03_happy_session_01
19.08,0.18834236284632858,happy,subject_03,subject_03_happy_session_01
19.084,0.20265538257125432,happy,subject_03,subject_03_happy_session_01
19.088,0.256049763503799,happy,subject_03,subject_03_happy_session_01
19.092,0.21094722074587996,happy,subject_03,subject_03_happy_session_01
19.096,0.264224626373136,happy,subject_03,subject_03_happy_session_01
19.1,0.2306239469842621,happy,subject_03,subject_03_happy_session_01
19.104,0.20389722911634928,happy,subject_03,subject_03_happy_session_01
19.108,0.1726413506367455,happy,subject_03,subject_03_happy_session_01
19.112,0.22295726387967085,happy,subject_03,subject_03_happy_session_01
19.116,0.26641280686920554,happy,subject_03,subject_03_happy_session_01
19.12,0.20055660364838213,happy,subject_03,subject_03_happy_session_01
19.124,0.23269740442910528,happy,subject_03,subject_03_happy_session_01
19.128,0.2723891024869835,happy,subject_03,subject_03_happy_session_01
19.132,0.15479805903421925,happy,subject_03,subject_03_happy_session_01
19.136,0.2283537485330309,happy,subject_03,subject_03_happy_session_01
19.14,0.2308451500775149,happy,subject_03,subject_03_happy_session_01
19.144,0.22037619850958826,happy,subject_03,subject_03_happy_session_01
19.148,0.14420618263149507,happy,subject_03,subject_03_happy_session_01
19.152,0.17270248498358726,happy,subject_03,subject_03_happy_session_01
19.156,0.12123919991196833,happy,subject_03,subject_03_happy_session_01
19.16,0.14266148045613078,happy,subject_03,subject_03_happy_session_01
19.164,0.2124542881227155,happy,subject_03,subject_03_happy_session_01
19.168,0.16516877197099267,happy,subject_03,subject_03_happy_session_01
19.172,0.19887628381724326,happy,subject_03,subject_03_happy_session_01
19.176,0.1901803325475999,happy,subject_03,subject_03_happy_session_01
19.18,0.11709144936561153,happy,subject_03,subject_03_happy_session_01
19.184,0.15516360032397392,happy,subject_03,subject_03_happy_session_01
19.188,0.08640902342413033,happy,subject_03,subject_03_happy_session_01
19.192,0.14414624766372128,happy,subject_03,subject_03_happy_session_01
19.196,0.14192348105502456,happy,subject_03,subject_03_happy_session_01
19.2,0.11169807501068778,happy,subject_03,subject_03_happy_session_01
19.204,0.053396406537106776,happy,subject_03,subject_03_happy_session_01
19.208,0.05290268632027941,happy,subject_03,subject_03_happy_session_01
19.212,0.18679919786299842,happy,subject_03,subject_03_happy_session_01
19.216,0.11256572653909251,happy,subject_03,subject_03_happy_session_01
19.22,0.07428269237581094,happy,subject_03,subject_03_happy_session_01
19.224,0.11111987995892583,happy,subject_03,subject_03_happy_session_01
19.228,0.1228066468801437,happy,subject_03,subject_03_happy_session_01
19.232,0.10777828836259466,happy,subject_03,subject_03_happy_session_01
19.236,0.053120127763201366,happy,subject_03,subject_03_happy_session_01
19.24,0.04309887277477087,happy,subject_03,subject_03_happy_session_01
19.244,0.07797773828711081,happy,subject_03,subject_03_happy_session_01
19.248,0.03769910919907934,happy,subject_03,subject_03_happy_session_01
19.252,0.08422102874587728,happy,subject_03,subject_03_happy_session_01
19.256,0.0430621446069839,happy,subject_03,subject_03_happy_session_01
19.26,0.06434963930197588,happy,subject_03,subject_03_happy_session_01
19.264,0.07099039053903033,happy,subject_03,subject_03_happy_session_01
19.268,-0.012222990077914074,happy,subject_03,subject_03_happy_session_01
19.272,0.03758830832743922,happy,subject_03,subject_03_happy_session_01
19.276,0.07254535658508143,happy,subject_03,subject_03_happy_session_01
19.28,0.0045962673578851705,happy,subject_03,subject_03_happy_session_01
19.284,0.01472179260111674,happy,subject_03,subject_03_happy_session_01
19.288,0.07758090855793214,happy,subject_03,subject_03_happy_session_01
19.292,0.09116392709891913,happy,subject_03,subject_03_happy_session_01
19.296,-0.08293986484339527,happy,subject_03,subject_03_happy_session_01
19.3,0.08530442356742944,happy,subject_03,subject_03_happy_session_01
19.304,-0.03465102926943566,happy,subject_03,subject_03_happy_session_01
19.308,0.048124110536478686,happy,subject_03,subject_03_happy_session_01
19.312,0.005597992753102167,happy,subject_03,subject_03_happy_session_01
19.316,0.03875269747869436,happy,subject_03,subject_03_happy_session_01
19.32,0.06535228791377351,happy,subject_03,subject_03_happy_session_01
19.324,0.08385354721897784,happy,subject_03,subject_03_happy_session_01
19.328,0.1186342605057054,happy,subject_03,subject_03_happy_session_01
19.332,0.024477912649272585,happy,subject_03,subject_03_happy_session_01
19.336,0.11452328236312753,happy,subject_03,subject_03_happy_session_01
19.34,0.06627857153925289,happy,subject_03,subject_03_happy_session_01
19.344,0.06835181068930596,happy,subject_03,subject_03_happy_session_01
19.348,0.1375015586787801,happy,subject_03,subject_03_happy_session_01
19.352,0.10742489810992578,happy,subject_03,subject_03_happy_session_01
19.356,0.01828905637071191,happy,subject_03,subject_03_happy_session_01
19.36,0.07294024959587454,happy,subject_03,subject_03_happy_session_01
19.364,0.04732532988827099,happy,subject_03,subject_03_happy_session_01
19.368,0.055436912788197984,happy,subject_03,subject_03_happy_session_01
19.372,0.06259865434940087,happy,subject_03,subject_03_happy_session_01
19.376,0.07942541096899525,happy,subject_03,subject_03_happy_session_01
19.38,0.014832797392757308,happy,subject_03,subject_03_happy_session_01
19.384,0.04619568244593472,happy,subject_03,subject_03_happy_session_01
19.388,0.03505265267665425,happy,subject_03,subject_03_happy_session_01
19.392,0.057039192491856475,happy,subject_03,subject_03_happy_session_01
19.396,0.03637381223505575,happy,subject_03,subject_03_happy_session_01
19.4,0.06567873634822287,happy,subject_03,subject_03_happy_session_01
19.404,0.03661307758768027,happy,subject_03,subject_03_happy_session_01
19.408,0.043531053041415864,happy,subject_03,subject_03_happy_session_01
19.412,0.02563197387797981,happy,subject_03,subject_03_happy_session_01
19.416,-0.027427776091076585,happy,subject_03,subject_03_happy_session_01
19.42,-0.0046795811342764376,happy,subject_03,subject_03_happy_session_01
19.424,-0.019013537904783405,happy,subject_03,subject_03_happy_session_01
19.428,0.02726077408984493,happy,subject_03,subject_03_happy_session_01
19.432,0.027165461941471375,happy,subject_03,subject_03_happy_session_01
19.436,-0.008482268130719036,happy,subject_03,subject_03_happy_session_01
19.44,-0.0031646467384392647,happy,subject_03,subject_03_happy_session_01
19.444,-0.06582930529198591,happy,subject_03,subject_03_happy_session_01
19.448,-0.026172811602858396,happy,subject_03,subject_03_happy_session_01
19.452,-0.10179550777198043,happy,subject_03,subject_03_happy_session_01
19.456,0.012671351186484072,happy,subject_03,subject_03_happy_session_01
19.46,0.061180187104368636,happy,subject_03,subject_03_happy_session_01
19.464,-0.03646444896169497,happy,subject_03,subject_03_happy_session_01
19.468,-0.010577121300969983,happy,subject_03,subject_03_happy_session_01
19.472,-0.0046190554590494,happy,subject_03,subject_03_happy_session_01
19.476,-0.059557024166827906,happy,subject_03,subject_03_happy_session_01
19.48,-0.024988104068656963,happy,subject_03,subject_03_happy_session_01
19.484,-0.004940304775081623,happy,subject_03,subject_03_happy_session_01
19.488,-0.017048274756416237,happy,subject_03,subject_03_happy_session_01
19.492,-0.023720058794609422,happy,subject_03,subject_03_happy_session_01
19.496,-0.04033281592359114,happy,subject_03,subject_03_happy_session_01
19.5,-0.06303726554364378,happy,subject_03,subject_03_happy_session_01
19.504,-0.012766538116843827,happy,subject_03,subject_03_happy_session_01
19.508,0.031202000232665554,happy,subject_03,subject_03_happy_session_01
19.512,-0.07921849657768046,happy,subject_03,subject_03_happy_session_01
19.516,-0.039985687359030554,happy,subject_03,subject_03_happy_session_01
19.52,0.06576559387562753,happy,subject_03,subject_03_happy_session_01
19.524,0.19534387696408037,happy,subject_03,subject_03_happy_session_01
19.528,0.32958648056064577,happy,subject_03,subject_03_happy_session_01
19.532,0.4876319592678592,happy,subject_03,subject_03_happy_session_01
19.536,0.6338948595364489,happy,subject_03,subject_03_happy_session_01
19.54,0.7637079282625572,happy,subject_03,subject_03_happy_session_01
19.544,0.924286755492252,happy,subject_03,subject_03_happy_session_01
19.548,0.9192427571351331,happy,subject_03,subject_03_happy_session_01
19.552,1.0065202627737482,happy,subject_03,subject_03_happy_session_01
19.556,1.014813189544128,happy,subject_03,subject_03_happy_session_01
19.56,0.8146488038093346,happy,subject_03,subject_03_happy_session_01
19.564,0.6778327104602414,happy,subject_03,subject_03_happy_session_01
19.568,0.605341321335875,happy,subject_03,subject_03_happy_session_01
19.572,0.4631845735813637,happy,subject_03,subject_03_happy_session_01
19.576,0.2885858026283943,happy,subject_03,subject_03_happy_session_01
19.58,0.07862178828920091,happy,subject_03,subject_03_happy_session_01
19.584,-0.011672221336069447,happy,subject_03,subject_03_happy_session_01
19.588,-0.04305913328615378,happy,subject_03,subject_03_happy_session_01
19.592,-0.05143567757809275,happy,subject_03,subject_03_happy_session_01
19.596,-0.09269817932050552,happy,subject_03,subject_03_happy_session_01
19.6,-0.06877102123778005,happy,subject_03,subject_03_happy_session_01
19.604,-0.05569520215752323,happy,subject_03,subject_03_happy_session_01
19.608,-0.012344487333396888,happy,subject_03,subject_03_happy_session_01
19.612,-0.0695220997149712,happy,subject_03,subject_03_happy_session_01
19.616,-0.012954311518743964,happy,subject_03,subject_03_happy_session_01
19.62,0.04374600322076251,happy,subject_03,subject_03_happy_session_01
19.624,-0.027561680849898136,happy,subject_03,subject_03_happy_session_01
19.628,-0.016943472405564285,happy,subject_03,subject_03_happy_session_01
19.632,0.011960480648844083,happy,subject_03,subject_03_happy_session_01
19.636,-0.024512976527561514,happy,subject_03,subject_03_happy_session_01
19.64,-0.024767793658634366,happy,subject_03,subject_03_happy_session_01
19.644,0.00744965408687003,happy,subject_03,subject_03_happy_session_01
19.648,0.014883854207036652,happy,subject_03,subject_03_happy_session_01
19.652,0.05380151957890739,happy,subject_03,subject_03_happy_session_01
19.656,0.0004556831371402212,happy,subject_03,subject_03_happy_session_01
19.66,0.037522203366933966,happy,subject_03,subject_03_happy_session_01
19.664,0.08454933738826546,happy,subject_03,subject_03_happy_session_01
19.668,0.08763919763812716,happy,subject_03,subject_03_happy_session_01
19.672,0.04811396030881817,happy,subject_03,subject_03_happy_session_01
19.676,0.0643070345212167,happy,subject_03,subject_03_happy_session_01
19.68,0.03200398890943916,happy,subject_03,subject_03_happy_session_01
19.684,0.08004895054201124,happy,subject_03,subject_03_happy_session_01
19.688,0.1300007377197987,happy,subject_03,subject_03_happy_session_01
19.692,0.1286487962821685,happy,subject_03,subject_03_happy_session_01
19.696,0.08934355551226385,happy,subject_03,subject_03_happy_session_01
19.7,0.10937534973563061,happy,subject_03,subject_03_happy_session_01
19.704,0.0788467562524679,happy,subject_03,subject_03_happy_session_01
19.708,0.07951709126397383,happy,subject_03,subject_03_happy_session_01
19.712,0.10689696166889441,happy,subject_03,subject_03_happy_session_01
19.716,0.13679938586898144,happy,subject_03,subject_03_happy_session_01
19.72,0.1603220127024266,happy,subject_03,subject_03_happy_session_01
19.724,0.1400312562447882,happy,subject_03,subject_03_happy_session_01
19.728,0.16594287959774345,happy,subject_03,subject_03_happy_session_01
19.732,0.0688981660679178,happy,subject_03,subject_03_happy_session_01
19.736,0.17175127058001852,happy,subject_03,subject_03_happy_session_01
19.74,0.15151060211353934,happy,subject_03,subject_03_happy_session_01
19.744,0.13668763749660223,happy,subject_03,subject_03_happy_session_01
19.748,0.20337742839246886,happy,subject_03,subject_03_happy_session_01
19.752,0.24488923087151523,happy,subject_03,subject_03_happy_session_01
19.756,0.200196545348412,happy,subject_03,subject_03_happy_session_01
19.76,0.23755351814983605,happy,subject_03,subject_03_happy_session_01
19.764,0.19783124073941663,happy,subject_03,subject_03_happy_session_01
19.768,0.2895598899905072,happy,subject_03,subject_03_happy_session_01
19.772,0.16733430184650572,happy,subject_03,subject_03_happy_session_01
19.776,0.22326230930131383,happy,subject_03,subject_03_happy_session_01
19.78,0.25685521084308716,happy,subject_03,subject_03_happy_session_01
19.784,0.23268102331754117,happy,subject_03,subject_03_happy_session_01
19.788,0.2845648144353028,happy,subject_03,subject_03_happy_session_01
19.792,0.16586557543396543,happy,subject_03,subject_03_happy_session_01
19.796,0.23595479845507325,happy,subject_03,subject_03_happy_session_01
19.8,0.23192427377606475,happy,subject_03,subject_03_happy_session_01
19.804,0.2369707093030491,happy,subject_03,subject_03_happy_session_01
19.808,0.18498589770544405,happy,subject_03,subject_03_happy_session_01
19.812,0.22912989223908553,happy,subject_03,subject_03_happy_session_01
19.816,0.225842341391573,happy,subject_03,subject_03_happy_session_01
19.82,0.24389874969912498,happy,subject_03,subject_03_happy_session_01
19.824,0.27098186713215744,happy,subject_03,subject_03_happy_session_01
19.828,0.23304408442891855,happy,subject_03,subject_03_happy_session_01
19.832,0.23983417868963527,happy,subject_03,subject_03_happy_session_01
19.836,0.2647959289929879,happy,subject_03,subject_03_happy_session_01
19.84,0.2575088686645806,happy,subject_03,subject_03_happy_session_01
19.844,0.12710538742894595,happy,subject_03,subject_03_happy_session_01
19.848,0.23274918087167107,happy,subject_03,subject_03_happy_session_01
19.852,0.22645769732697826,happy,subject_03,subject_03_happy_session_01
19.856,0.183209514088303,happy,subject_03,subject_03_happy_session_01
19.86,0.1696901291437882,happy,subject_03,subject_03_happy_session_01
19.864,0.1393481977142762,happy,subject_03,subject_03_happy_session_01
19.868,0.10387698700061435,happy,subject_03,subject_03_happy_session_01
19.872,0.19438144017978806,happy,subject_03,subject_03_happy_session_01
19.876,0.184150163556959,happy,subject_03,subject_03_happy_session_01
19.88,0.14656254812640032,happy,subject_03,subject_03_happy_session_01
19.884,0.16759891269085514,happy,subject_03,subject_03_happy_session_01
19.888,0.17131768790121893,happy,subject_03,subject_03_happy_session_01
19.892,0.06546821340809898,happy,subject_03,subject_03_happy_session_01
19.896,0.13000661733280228,happy,subject_03,subject_03_happy_session_01
19.9,0.10591892818300828,happy,subject_03,subject_03_happy_session_01
19.904,0.12289099040132144,happy,subject_03,subject_03_happy_session_01
19.908,0.1078872617007588,happy,subject_03,subject_03_happy_session_01
19.912,0.12220853917299869,happy,subject_03,subject_03_happy_session_01
19.916,0.03409344710061977,happy,subject_03,subject_03_happy_session_01
19.92,0.13008373814989113,happy,subject_03,subject_03_happy_session_01
19.924,0.060777027851808774,happy,subject_03,subject_03_happy_session_01
19.928,0.06986080590994818,happy,subject_03,subject_03_happy_session_01
19.932,0.008908923553227019,happy,subject_03,subject_03_happy_session_01
19.936,0.0633131375718311,happy,subject_03,subject_03_happy_session_01
19.94,0.06328665823365011,happy,subject_03,subject_03_happy_session_01
19.944,0.05868199607270708,happy,subject_03,subject_03_happy_session_01
19.948,0.03385785939968143,happy,subject_03,subject_03_happy_session_01
19.952,0.015674036672281177,happy,subject_03,subject_03_happy_session_01
19.956,0.08016615192825531,happy,subject_03,subject_03_happy_session_01
19.96,-0.0031040426081027084,happy,subject_03,subject_03_happy_session_01
19.964,0.08644095069563744,happy,subject_03,subject_03_happy_session_01
19.968,0.11876406931412543,happy,subject_03,subject_03_happy_session_01
19.972,0.1387816182879479,happy,subject_03,subject_03_happy_session_01
19.976,0.025530938052116488,happy,subject_03,subject_03_happy_session_01
19.98,0.08686717293151947,happy,subject_03,subject_03_happy_session_01
19.984,0.04963756849805065,happy,subject_03,subject_03_happy_session_01
19.988,0.11565541345312472,happy,subject_03,subject_03_happy_session_01
19.992,0.09026959777317563,happy,subject_03,subject_03_happy_session_01
19.996,0.07015089341963199,happy,subject_03,subject_03_happy_session_01
20.0,0.05243268000277571,happy,subject_03,subject_03_happy_session_01
20.004,0.07522116099741356,happy,subject_03,subject_03_happy_session_01
20.008,0.06824950415623982,happy,subject_03,subject_03_happy_session_01
20.012,0.09442450867766856,happy,subject_03,subject_03_happy_session_01
20.016,0.0992799689533306,happy,subject_03,subject_03_happy_session_01
20.02,0.08150592515248256,happy,subject_03,subject_03_happy_session_01
20.024,0.08040892305097233,happy,subject_03,subject_03_happy_session_01
20.028,0.1263328625956993,happy,subject_03,subject_03_happy_session_01
20.032,0.12963946936740248,happy,subject_03,subject_03_happy_session_01
20.036,0.07671793790124401,happy,subject_03,subject_03_happy_session_01
20.04,0.10257571300887044,happy,subject_03,subject_03_happy_session_01
20.044,0.0728358076723952,happy,subject_03,subject_03_happy_session_01
20.048,0.19225959718020147,happy,subject_03,subject_03_happy_session_01
20.052,0.06530112995831912,happy,subject_03,subject_03_happy_session_01
20.056,0.10372226916856976,happy,subject_03,subject_03_happy_session_01
20.06,0.10653151088217086,happy,subject_03,subject_03_happy_session_01
20.064,0.06330595801596878,happy,subject_03,subject_03_happy_session_01
20.068,0.05175025914283587,happy,subject_03,subject_03_happy_session_01
20.072,0.06707086339087144,happy,subject_03,subject_03_happy_session_01
20.076,0.04138061904201991,happy,subject_03,subject_03_happy_session_01
20.08,0.07296356270278032,happy,subject_03,subject_03_happy_session_01
20.084,0.031334944685191754,happy,subject_03,subject_03_happy_session_01
20.088,0.060987747103998,happy,subject_03,subject_03_happy_session_01
20.092,-0.02146967566301136,happy,subject_03,subject_03_happy_session_01
20.096,0.017678277082239784,happy,subject_03,subject_03_happy_session_01
20.1,0.026618373858654978,happy,subject_03,subject_03_happy_session_01
20.104,0.07204178323170002,happy,subject_03,subject_03_happy_session_01
20.108,-0.03162503702113334,happy,subject_03,subject_03_happy_session_01
20.112,0.06495925257294254,happy,subject_03,subject_03_happy_session_01
20.116,0.04924376637937648,happy,subject_03,subject_03_happy_session_01
20.12,-0.039253834296856444,happy,subject_03,subject_03_happy_session_01
20.124,0.03950563976792684,happy,subject_03,subject_03_happy_session_01
20.128,-0.014112683721203643,happy,subject_03,subject_03_happy_session_01
20.132,0.03651056171412987,happy,subject_03,subject_03_happy_session_01
20.136,0.03695768784549597,happy,subject_03,subject_03_happy_session_01
20.14,0.04128398413669694,happy,subject_03,subject_03_happy_session_01
20.144,-0.007602550280635702,happy,subject_03,subject_03_happy_session_01
20.148,0.03536127653074209,happy,subject_03,subject_03_happy_session_01
20.152,0.064659506573867,happy,subject_03,subject_03_happy_session_01
20.156,-1.36221851687289e-05,happy,subject_03,subject_03_happy_session_01
20.16,0.003932028932962066,happy,subject_03,subject_03_happy_session_01
20.164,0.033989578762714474,happy,subject_03,subject_03_happy_session_01
20.168,-0.09137844024605912,happy,subject_03,subject_03_happy_session_01
20.172,-0.02770026871899043,happy,subject_03,subject_03_happy_session_01
20.176,0.03911237932342126,happy,subject_03,subject_03_happy_session_01
20.18,0.005138167490735514,happy,subject_03,subject_03_happy_session_01
20.184,-0.01225137767554137,happy,subject_03,subject_03_happy_session_01
20.188,-0.03957139213401508,happy,subject_03,subject_03_happy_session_01
20.192,0.00037529318653259976,happy,subject_03,subject_03_happy_session_01
20.196,0.002287656888617585,happy,subject_03,subject_03_happy_session_01
20.2,0.004177856691661194,happy,subject_03,subject_03_happy_session_01
20.204,0.18384561367481067,happy,subject_03,subject_03_happy_session_01
20.208,0.21648421429757286,happy,subject_03,subject_03_happy_session_01
20.212,0.3593092101973743,happy,subject_03,subject_03_happy_session_01
20.216,0.4508665693356652,happy,subject_03,subject_03_happy_session_01
20.22,0.6427607830944351,happy,subject_03,subject_03_happy_session_01
20.224,0.833938709345087,happy,subject_03,subject_03_happy_session_01
20.228,0.9425515634903947,happy,subject_03,subject_03_happy_session_01
20.232,0.9827752192071355,happy,subject_03,subject_03_happy_session_01
20.236,0.983177482809513,happy,subject_03,subject_03_happy_session_01
20.24,0.97655334688392,happy,subject_03,subject_03_happy_session_01
20.244,0.9141658625366369,happy,subject_03,subject_03_happy_session_01
20.248,0.7240602480187961,happy,subject_03,subject_03_happy_session_01
20.252,0.6380249144246883,happy,subject_03,subject_03_happy_session_01
20.256,0.4978088403487314,happy,subject_03,subject_03_happy_session_01
20.26,0.3156688621844299,happy,subject_03,subject_03_happy_session_01
20.264,0.18282586684774227,happy,subject_03,subject_03_happy_session_01
20.268,0.05244611771179744,happy,subject_03,subject_03_happy_session_01
20.272,0.015646565257670296,happy,subject_03,subject_03_happy_session_01
20.276,0.020843563285694255,happy,subject_03,subject_03_happy_session_01
20.28,-0.0005094719561976949,happy,subject_03,subject_03_happy_session_01
20.284,-0.06580893018924966,happy,subject_03,subject_03_happy_session_01
20.288,-0.04469561766016548,happy,subject_03,subject_03_happy_session_01
20.292,0.03346804476436087,happy,subject_03,subject_03_happy_session_01
20.296,0.02255539165832459,happy,subject_03,subject_03_happy_session_01
20.3,0.03471730295230975,happy,subject_03,subject_03_happy_session_01
20.304,-0.03924836540389716,happy,subject_03,subject_03_happy_session_01
20.308,0.06276738437426777,happy,subject_03,subject_03_happy_session_01
20.312,0.025851607481090725,happy,subject_03,subject_03_happy_session_01
20.316,0.04779189386915143,happy,subject_03,subject_03_happy_session_01
20.32,0.018485315742963457,happy,subject_03,subject_03_happy_session_01
20.324,0.10441089414199328,happy,subject_03,subject_03_happy_session_01
20.328,0.016173536445890292,happy,subject_03,subject_03_happy_session_01
20.332,0.12246442856331105,happy,subject_03,subject_03_happy_session_01
20.336,0.05920634175484056,happy,subject_03,subject_03_happy_session_01
20.34,0.05668708684939578,happy,subject_03,subject_03_happy_session_01
20.344,0.0362524102001691,happy,subject_03,subject_03_happy_session_01
20.348,0.053755747591361175,happy,subject_03,subject_03_happy_session_01
20.352,0.07010521079169252,happy,subject_03,subject_03_happy_session_01
20.356,0.0873846881417964,happy,subject_03,subject_03_happy_session_01
20.36,0.10726832531124864,happy,subject_03,subject_03_happy_session_01
20.364,0.08707233551590796,happy,subject_03,subject_03_happy_session_01
20.368,0.11947088531095879,happy,subject_03,subject_03_happy_session_01
20.372,0.1485056611708897,happy,subject_03,subject_03_happy_session_01
20.376,0.15088773010262396,happy,subject_03,subject_03_happy_session_01
20.38,0.14270600622016164,happy,subject_03,subject_03_happy_session_01
20.384,0.14541699683579007,happy,subject_03,subject_03_happy_session_01
20.388,0.09810376963852671,happy,subject_03,subject_03_happy_session_01
20.392,0.14997996020347784,happy,subject_03,subject_03_happy_session_01
20.396,0.11227405809123392,happy,subject_03,subject_03_happy_session_01
20.4,0.1934941597135011,happy,subject_03,subject_03_happy_session_01
20.404,0.17571355671789093,happy,subject_03,subject_03_happy_session_01
20.408,0.21288410496540008,happy,subject_03,subject_03_happy_session_01
20.412,0.2221914184977592,happy,subject_03,subject_03_happy_session_01
20.416,0.20414860428156786,happy,subject_03,subject_03_happy_session_01
20.42,0.17258788161938612,happy,subject_03,subject_03_happy_session_01
20.424,0.12517908391493243,happy,subject_03,subject_03_happy_session_01
20.428,0.22989010009905791,happy,subject_03,subject_03_happy_session_01
20.432,0.21200281060988083,happy,subject_03,subject_03_happy_session_01
20.436,0.252620763784492,happy,subject_03,subject_03_happy_session_01
20.44,0.2554574363757961,happy,subject_03,subject_03_happy_session_01
20.444,0.2580154961601163,happy,subject_03,subject_03_happy_session_01
20.448,0.2513793072540787,happy,subject_03,subject_03_happy_session_01
20.452,0.1899020540328557,happy,subject_03,subject_03_happy_session_01
20.456,0.29694748497412876,happy,subject_03,subject_03_happy_session_01
20.46,0.2129766104419109,happy,subject_03,subject_03_happy_session_01
20.464,0.23804293551135652,happy,subject_03,subject_03_happy_session_01
20.468,0.25229980862055423,happy,subject_03,subject_03_happy_session_01
20.472,0.2670991859026866,happy,subject_03,subject_03_happy_session_01
20.476,0.25728093214313424,happy,subject_03,subject_03_happy_session_01
20.48,0.25038036815362685,happy,subject_03,subject_03_happy_session_01
20.484,0.2986846193779585,happy,subject_03,subject_03_happy_session_01
20.488,0.22412644482568006,happy,subject_03,subject_03_happy_session_01
20.492,0.25574117035517074,happy,subject_03,subject_03_happy_session_01
20.496,0.19575535424134727,happy,subject_03,subject_03_happy_session_01
20.5,0.23133681005077733,happy,subject_03,subject_03_happy_session_01
20.504,0.2103951041696906,happy,subject_03,subject_03_happy_session_01
20.508,0.28790016961840115,happy,subject_03,subject_03_happy_session_01
20.512,0.2652964824284187,happy,subject_03,subject_03_happy_session_01
20.516,0.22646716046754883,happy,subject_03,subject_03_happy_session_01
20.52,0.13833817654195996,happy,subject_03,subject_03_happy_session_01
20.524,0.1919414597574234,happy,subject_03,subject_03_happy_session_01
20.528,0.20149803476027323,happy,subject_03,subject_03_happy_session_01
20.532,0.22156882390000812,happy,subject_03,subject_03_happy_session_01
20.536,0.2545829328731468,happy,subject_03,subject_03_happy_session_01
20.54,0.1712644152008947,happy,subject_03,subject_03_happy_session_01
20.544,0.1676338092430799,happy,subject_03,subject_03_happy_session_01
20.548,0.14932107150623686,happy,subject_03,subject_03_happy_session_01
20.552,0.20096644974717237,happy,subject_03,subject_03_happy_session_01
20.556,0.11770445597376127,happy,subject_03,subject_03_happy_session_01
20.56,0.12451227444773505,happy,subject_03,subject_03_happy_session_01
20.564,0.1954170241826663,happy,subject_03,subject_03_happy_session_01
20.568,0.2248850780591969,happy,subject_03,subject_03_happy_session_01
20.572,0.166445216818855,happy,subject_03,subject_03_happy_session_01
20.576,0.14598432830113586,happy,subject_03,subject_03_happy_session_01
20.58,0.22609593482606477,happy,subject_03,subject_03_happy_session_01
20.584,0.1246715278217354,happy,subject_03,subject_03_happy_session_01
20.588,0.11806369466056235,happy,subject_03,subject_03_happy_session_01
20.592,0.11095826311016835,happy,subject_03,subject_03_happy_session_01
20.596,0.17607870753451016,happy,subject_03,subject_03_happy_session_01
20.6,0.1365746146247332,happy,subject_03,subject_03_happy_session_01
20.604,0.13072917686862853,happy,subject_03,subject_03_happy_session_01
20.608,0.11859829997844723,happy,subject_03,subject_03_happy_session_01
20.612,0.08656121467138139,happy,subject_03,subject_03_happy_session_01
20.616,0.08708653308327816,happy,subject_03,subject_03_happy_session_01
20.62,0.06100088846462762,happy,subject_03,subject_03_happy_session_01
20.624,0.07779953437378656,happy,subject_03,subject_03_happy_session_01
20.628,0.09902360283882772,happy,subject_03,subject_03_happy_session_01
20.632,0.08034770409784872,happy,subject_03,subject_03_happy_session_01
20.636,0.11417248451025298,happy,subject_03,subject_03_happy_session_01
20.64,0.09431021286705318,happy,subject_03,subject_03_happy_session_01
20.644,0.09165372476291199,happy,subject_03,subject_03_happy_session_01
20.648,0.0551305433578979,happy,subject_03,subject_03_happy_session_01
20.652,0.043664048743511055,happy,subject_03,subject_03_happy_session_01
20.656,0.048818628568092506,happy,subject_03,subject_03_happy_session_01
20.66,0.1284834335326262,happy,subject_03,subject_03_happy_session_01
20.664,0.03259757541274701,happy,subject_03,subject_03_happy_session_01
20.668,0.10273874222645316,happy,subject_03,subject_03_happy_session_01
20.672,0.10613326589049092,happy,subject_03,subject_03_happy_session_01
20.676,0.07913890909566719,happy,subject_03,subject_03_happy_session_01
20.68,0.10560089959401733,happy,subject_03,subject_03_happy_session_01
20.684,0.11666879724445614,happy,subject_03,subject_03_happy_session_01
20.688,0.07400586955415103,happy,subject_03,subject_03_happy_session_01
20.692,0.09040060326024457,happy,subject_03,subject_03_happy_session_01
20.696,0.11666104388674164,happy,subject_03,subject_03_happy_session_01
20.7,0.12068906010560859,happy,subject_03,subject_03_happy_session_01
20.704,0.07702036719164736,happy,subject_03,subject_03_happy_session_01
20.708,0.12883651280979289,happy,subject_03,subject_03_happy_session_01
20.712,0.13147659654820365,happy,subject_03,subject_03_happy_session_01
20.716,0.16273166969578495,happy,subject_03,subject_03_happy_session_01
20.72,0.12693162085019458,happy,subject_03,subject_03_happy_session_01
20.724,0.11278175040187265,happy,subject_03,subject_03_happy_session_01
20.728,0.15224543341952243,happy,subject_03,subject_03_happy_session_01
20.732,0.16215643662251666,happy,subject_03,subject_03_happy_session_01
20.736,0.07182830467248955,happy,subject_03,subject_03_happy_session_01
20.74,0.09843366053893086,happy,subject_03,subject_03_happy_session_01
20.744,0.038721101321863655,happy,subject_03,subject_03_happy_session_01
20.748,0.07456549172974396,happy,subject_03,subject_03_happy_session_01
20.752,0.15530766907678534,happy,subject_03,subject_03_happy_session_01
20.756,0.06059507321032878,happy,subject_03,subject_03_happy_session_01
20.76,0.10913115414885347,happy,subject_03,subject_03_happy_session_01
20.764,0.10176198068089379,happy,subject_03,subject_03_happy_session_01
20.768,0.061549577456347634,happy,subject_03,subject_03_happy_session_01
20.772,0.060736726130414365,happy,subject_03,subject_03_happy_session_01
20.776,0.12017316199891162,happy,subject_03,subject_03_happy_session_01
20.78,0.09947456884772715,happy,subject_03,subject_03_happy_session_01
20.784,0.14003191859671385,happy,subject_03,subject_03_happy_session_01
20.788,-0.03212021256474357,happy,subject_03,subject_03_happy_session_01
20.792,0.07189545606927984,happy,subject_03,subject_03_happy_session_01
20.796,-0.0340129700546954,happy,subject_03,subject_03_happy_session_01
20.8,0.04459624367151068,happy,subject_03,subject_03_happy_session_01
20.804,0.035120283835233315,happy,subject_03,subject_03_happy_session_01
20.808,3.115924380022589e-05,happy,subject_03,subject_03_happy_session_01
20.812,0.016592124550838378,happy,subject_03,subject_03_happy_session_01
20.816,0.025218208116654726,happy,subject_03,subject_03_happy_session_01
20.82,0.04923018106930042,happy,subject_03,subject_03_happy_session_01
20.824,-0.007701712600891496,happy,subject_03,subject_03_happy_session_01
20.828,0.005345964764312275,happy,subject_03,subject_03_happy_session_01
20.832,0.04829561663208733,happy,subject_03,subject_03_happy_session_01
20.836,0.054414562468493965,happy,subject_03,subject_03_happy_session_01
20.84,0.12056709662517412,happy,subject_03,subject_03_happy_session_01
20.844,0.033747155643076766,happy,subject_03,subject_03_happy_session_01
20.848,0.049331102638037,happy,subject_03,subject_03_happy_session_01
20.852,0.01830257440632843,happy,subject_03,subject_03_happy_session_01
20.856,0.07349909259790889,happy,subject_03,subject_03_happy_session_01
20.86,-0.011164151603470965,happy,subject_03,subject_03_happy_session_01
20.864,0.01488364865614121,happy,subject_03,subject_03_happy_session_01
20.868,0.021407378529013033,happy,subject_03,subject_03_happy_session_01
20.872,0.0276673641971162,happy,subject_03,subject_03_happy_session_01
20.876,0.04924907739308905,happy,subject_03,subject_03_happy_session_01
20.88,0.030639477587433128,happy,subject_03,subject_03_happy_session_01
20.884,0.1133059932574251,happy,subject_03,subject_03_happy_session_01
20.888,0.10534074530720891,happy,subject_03,subject_03_happy_session_01
20.892,0.2660703310573238,happy,subject_03,subject_03_happy_session_01
20.896,0.31905231566003256,happy,subject_03,subject_03_happy_session_01
20.9,0.521509664808795,happy,subject_03,subject_03_happy_session_01
20.904,0.7650060460502772,happy,subject_03,subject_03_happy_session_01
20.908,0.8238927537093611,happy,subject_03,subject_03_happy_session_01
20.912,0.9089699607478269,happy,subject_03,subject_03_happy_session_01
20.916,1.0154543996337395,happy,subject_03,subject_03_happy_session_01
20.92,1.01878681432195,happy,subject_03,subject_03_happy_session_01
20.924,0.9515285249303574,happy,subject_03,subject_03_happy_session_01
20.928,0.8470033500513156,happy,subject_03,subject_03_happy_session_01
20.932,0.7909651570404413,happy,subject_03,subject_03_happy_session_01
20.936,0.6372371979944906,happy,subject_03,subject_03_happy_session_01
20.94,0.4767350454073189,happy,subject_03,subject_03_happy_session_01
20.944,0.36179473202423534,happy,subject_03,subject_03_happy_session_01
20.948,0.24655270713609145,happy,subject_03,subject_03_happy_session_01
20.952,0.11809778030350815,happy,subject_03,subject_03_happy_session_01
20.956,0.008200259854693925,happy,subject_03,subject_03_happy_session_01
20.96,-0.01620746689097594,happy,subject_03,subject_03_happy_session_01
20.964,0.003602917853715748,happy,subject_03,subject_03_happy_session_01
20.968,-0.0002445479141316431,happy,subject_03,subject_03_happy_session_01
20.972,0.0030958789702613277,happy,subject_03,subject_03_happy_session_01
20.976,-0.016924736915233225,happy,subject_03,subject_03_happy_session_01
20.98,0.0545585965927778,happy,subject_03,subject_03_happy_session_01
20.984,0.07805337048456151,happy,subject_03,subject_03_happy_session_01
20.988,0.06894705062212475,happy,subject_03,subject_03_happy_session_01
20.992,0.14980426198495364,happy,subject_03,subject_03_happy_session_01
20.996,0.07775839118664266,happy,subject_03,subject_03_happy_session_01
21.0,0.09549022178621137,happy,subject_03,subject_03_happy_session_01
21.004,0.08114678175469645,happy,subject_03,subject_03_happy_session_01
21.008,0.0575190929855607,happy,subject_03,subject_03_happy_session_01
21.012,0.0243469126369514,happy,subject_03,subject_03_happy_session_01
21.016,0.042246425002030484,happy,subject_03,subject_03_happy_session_01
21.02,0.04651733479323762,happy,subject_03,subject_03_happy_session_01
21.024,0.034940326444465056,happy,subject_03,subject_03_happy_session_01
21.028,0.07166440081119603,happy,subject_03,subject_03_happy_session_01
21.032,0.08653171746311317,happy,subject_03,subject_03_happy_session_01
21.036,0.13311533838943834,happy,subject_03,subject_03_happy_session_01
21.04,0.05451016160401256,happy,subject_03,subject_03_happy_session_01
21.044,0.13345706726362022,happy,subject_03,subject_03_happy_session_01
21.048,0.11743916443585134,happy,subject_03,subject_03_happy_session_01
21.052,0.127303588833555,happy,subject_03,subject_03_happy_session_01
21.056,0.11707619839083655,happy,subject_03,subject_03_happy_session_01
21.06,0.20020918193438117,happy,subject_03,subject_03_happy_session_01
21.064,0.10623866491080199,happy,subject_03,subject_03_happy_session_01
21.068,0.12117434571313719,happy,subject_03,subject_03_happy_session_01
21.072,0.15196871511546275,happy,subject_03,subject_03_happy_session_01
21.076,0.1689717638156805,happy,subject_03,subject_03_happy_session_01
21.08,0.170393971028267,happy,subject_03,subject_03_happy_session_01
21.084,0.16825691218645053,happy,subject_03,subject_03_happy_session_01
21.088,0.19596553499986363,happy,subject_03,subject_03_happy_session_01
21.092,0.20615088410123314,happy,subject_03,subject_03_happy_session_01
21.096,0.19127608669710583,happy,subject_03,subject_03_happy_session_01
21.1,0.2643863622421112,happy,subject_03,subject_03_happy_session_01
21.104,0.22292951108486234,happy,subject_03,subject_03_happy_session_01
21.108,0.20505712835318113,happy,subject_03,subject_03_happy_session_01
21.112,0.2652648757181716,happy,subject_03,subject_03_happy_session_01
21.116,0.15753329413785044,happy,subject_03,subject_03_happy_session_01
21.12,0.19571719306237664,happy,subject_03,subject_03_happy_session_01
21.124,0.23418949726321972,happy,subject_03,subject_03_happy_session_01
21.128,0.20597186197951267,happy,subject_03,subject_03_happy_session_01
21.132,0.28079190115537495,happy,subject_03,subject_03_happy_session_01
21.136,0.28464349044124665,happy,subject_03,subject_03_happy_session_01
21.14,0.3193827994458231,happy,subject_03,subject_03_happy_session_01
21.144,0.24615064301951087,happy,subject_03,subject_03_happy_session_01
21.148,0.28977192649030015,happy,subject_03,subject_03_happy_session_01
21.152,0.3176854153821482,happy,subject_03,subject_03_happy_session_01
21.156,0.28098924837451156,happy,subject_03,subject_03_happy_session_01
21.16,0.3116147650639301,happy,subject_03,subject_03_happy_session_01
21.164,0.27480414771723255,happy,subject_03,subject_03_happy_session_01
21.168,0.32489778124388013,happy,subject_03,subject_03_happy_session_01
21.172,0.25219863254346625,happy,subject_03,subject_03_happy_session_01
21.176,0.22385748615287474,happy,subject_03,subject_03_happy_session_01
21.18,0.2636059938411314,happy,subject_03,subject_03_happy_session_01
21.184,0.27188661607119513,happy,subject_03,subject_03_happy_session_01
21.188,0.2877737733659866,happy,subject_03,subject_03_happy_session_01
21.192,0.2851634266938321,happy,subject_03,subject_03_happy_session_01
21.196,0.24090959965442293,happy,subject_03,subject_03_happy_session_01
21.2,0.22662117739273507,happy,subject_03,subject_03_happy_session_01
21.204,0.3138246865810249,happy,subject_03,subject_03_happy_session_01
21.208,0.24694100264487148,happy,subject_03,subject_03_happy_session_01
21.212,0.22953996007938157,happy,subject_03,subject_03_happy_session_01
21.216,0.251387694653338,happy,subject_03,subject_03_happy_session_01
21.22,0.199964687910595,happy,subject_03,subject_03_happy_session_01
21.224,0.20225687381866794,happy,subject_03,subject_03_happy_session_01
21.228,0.24809571782085843,happy,subject_03,subject_03_happy_session_01
21.232,0.17775137165258717,happy,subject_03,subject_03_happy_session_01
21.236,0.1594355021496338,happy,subject_03,subject_03_happy_session_01
21.24,0.18607746599989894,happy,subject_03,subject_03_happy_session_01
21.244,0.20006842644708045,happy,subject_03,subject_03_happy_session_01
21.248,0.23155078397556905,happy,subject_03,subject_03_happy_session_01
21.252,0.18778914933796964,happy,subject_03,subject_03_happy_session_01
21.256,0.1864152995328171,happy,subject_03,subject_03_happy_session_01
21.26,0.12512590187491268,happy,subject_03,subject_03_happy_session_01
21.264,0.16015683029984157,happy,subject_03,subject_03_happy_session_01
21.268,0.107314380352874,happy,subject_03,subject_03_happy_session_01
21.272,0.17161262187355608,happy,subject_03,subject_03_happy_session_01
21.276,0.13688555892074603,happy,subject_03,subject_03_happy_session_01
21.28,0.12472877165605137,happy,subject_03,subject_03_happy_session_01
21.284,0.1382028668987912,happy,subject_03,subject_03_happy_session_01
21.288,0.0976655231995304,happy,subject_03,subject_03_happy_session_01
21.292,0.09260247091818734,happy,subject_03,subject_03_happy_session_01
21.296,0.0714790607000588,happy,subject_03,subject_03_happy_session_01
21.3,0.162760426062942,happy,subject_03,subject_03_happy_session_01
21.304,0.0886180962590407,happy,subject_03,subject_03_happy_session_01
21.308,0.08224322934955319,happy,subject_03,subject_03_happy_session_01
21.312,0.11486030696026905,happy,subject_03,subject_03_happy_session_01
21.316,0.08885126948896917,happy,subject_03,subject_03_happy_session_01
21.32,0.005651113401295191,happy,subject_03,subject_03_happy_session_01
21.324,0.15678667341319175,happy,subject_03,subject_03_happy_session_01
21.328,0.06889697534979598,happy,subject_03,subject_03_happy_session_01
21.332,0.0565978572087323,happy,subject_03,subject_03_happy_session_01
21.336,0.08118720685021508,happy,subject_03,subject_03_happy_session_01
21.34,0.07027109061320573,happy,subject_03,subject_03_happy_session_01
21.344,0.0729188797291945,happy,subject_03,subject_03_happy_session_01
21.348,0.0968273675391309,happy,subject_03,subject_03_happy_session_01
21.352,0.03050734853650941,happy,subject_03,subject_03_happy_session_01
21.356,0.1245104456898767,happy,subject_03,subject_03_happy_session_01
21.36,0.13561471940366768,happy,subject_03,subject_03_happy_session_01
21.364,0.04666332874340025,happy,subject_03,subject_03_happy_session_01
21.368,0.12536670909827297,happy,subject_03,subject_03_happy_session_01
21.372,0.08302948736388827,happy,subject_03,subject_03_happy_session_01
21.376,0.10106751573013815,happy,subject_03,subject_03_happy_session_01
21.38,0.13183274839855466,happy,subject_03,subject_03_happy_session_01
21.384,0.15260444400564827,happy,subject_03,subject_03_happy_session_01
21.388,0.136158011012606,happy,subject_03,subject_03_happy_session_01
21.392,0.0776901133840543,happy,subject_03,subject_03_happy_session_01
21.396,0.1296793277775701,happy,subject_03,subject_03_happy_session_01
21.4,0.145015895789609,happy,subject_03,subject_03_happy_session_01
21.404,0.10058419905709833,happy,subject_03,subject_03_happy_session_01
21.408,0.09704403830933805,happy,subject_03,subject_03_happy_session_01
21.412,0.12244557223289108,happy,subject_03,subject_03_happy_session_01
21.416,0.14262084177045672,happy,subject_03,subject_03_happy_session_01
21.42,0.0996449440882177,happy,subject_03,subject_03_happy_session_01
21.424,0.12422550462298491,happy,subject_03,subject_03_happy_session_01
21.428,0.06748348733138473,happy,subject_03,subject_03_happy_session_01
21.432,0.11640347114883494,happy,subject_03,subject_03_happy_session_01
21.436,0.03814968442270311,happy,subject_03,subject_03_happy_session_01
21.44,0.10742601340813748,happy,subject_03,subject_03_happy_session_01
21.444,0.12192877542526301,happy,subject_03,subject_03_happy_session_01
21.448,0.07964164184752151,happy,subject_03,subject_03_happy_session_01
21.452,0.09938813398425686,happy,subject_03,subject_03_happy_session_01
21.456,0.0829358243968434,happy,subject_03,subject_03_happy_session_01
21.46,0.020768267594554947,happy,subject_03,subject_03_happy_session_01
21.464,0.022455991960159682,happy,subject_03,subject_03_happy_session_01
21.468,0.04620784134666166,happy,subject_03,subject_03_happy_session_01
21.472,0.049065099119675104,happy,subject_03,subject_03_happy_session_01
21.476,0.02259070541904824,happy,subject_03,subject_03_happy_session_01
21.48,0.00333284010433723,happy,subject_03,subject_03_happy_session_01
21.484,-0.05751344080021383,happy,subject_03,subject_03_happy_session_01
21.488,0.09780352051655025,happy,subject_03,subject_03_happy_session_01
21.492,0.09601027400889764,happy,subject_03,subject_03_happy_session_01
21.496,0.004220829754634177,happy,subject_03,subject_03_happy_session_01
21.5,-0.01885966512664166,happy,subject_03,subject_03_happy_session_01
21.504,0.08053218324317915,happy,subject_03,subject_03_happy_session_01
21.508,-0.046265794510811774,happy,subject_03,subject_03_happy_session_01
21.512,0.062456163061715184,happy,subject_03,subject_03_happy_session_01
21.516,0.047536357329025114,happy,subject_03,subject_03_happy_session_01
21.52,0.011966303800130357,happy,subject_03,subject_03_happy_session_01
21.524,0.07205773543768693,happy,subject_03,subject_03_happy_session_01
21.528,-0.0006108624807144372,happy,subject_03,subject_03_happy_session_01
21.532,0.05102068650708129,happy,subject_03,subject_03_happy_session_01
21.536,0.011671172367042425,happy,subject_03,subject_03_happy_session_01
21.54,-0.024096680533066447,happy,subject_03,subject_03_happy_session_01
21.544,0.08687246920066208,happy,subject_03,subject_03_happy_session_01
21.548,-0.013854253764737864,happy,subject_03,subject_03_happy_session_01
21.552,-0.008872529656452877,happy,subject_03,subject_03_happy_session_01
21.556,0.03238965126809127,happy,subject_03,subject_03_happy_session_01
21.56,0.05306491325407317,happy,subject_03,subject_03_happy_session_01
21.564,-0.015405396085718264,happy,subject_03,subject_03_happy_session_01
21.568,0.12529991904399673,happy,subject_03,subject_03_happy_session_01
21.572,0.14725546980142362,happy,subject_03,subject_03_happy_session_01
21.576,0.2466199798358002,happy,subject_03,subject_03_happy_session_01
21.58,0.371524594619398,happy,subject_03,subject_03_happy_session_01
21.584,0.5209239063109028,happy,subject_03,subject_03_happy_session_01
21.588,0.6148194783100878,happy,subject_03,subject_03_happy_session_01
21.592,0.8205411733855797,happy,subject_03,subject_03_happy_session_01
21.596,0.9243728368308449,happy,subject_03,subject_03_happy_session_01
21.6,0.9759693432259375,happy,subject_03,subject_03_happy_session_01
21.604,1.0188578565005315,happy,subject_03,subject_03_happy_session_01
21.608,0.9747615276422005,happy,subject_03,subject_03_happy_session_01
21.612,0.8998432483837354,happy,subject_03,subject_03_happy_session_01
21.616,0.7967147477182646,happy,subject_03,subject_03_happy_session_01
21.62,0.6266629471821584,happy,subject_03,subject_03_happy_session_01
21.624,0.44876227890835185,happy,subject_03,subject_03_happy_session_01
21.628,0.3489933332819237,happy,subject_03,subject_03_happy_session_01
21.632,0.1502018782100045,happy,subject_03,subject_03_happy_session_01
21.636,0.11865865271737913,happy,subject_03,subject_03_happy_session_01
21.64,-0.003133091742442048,happy,subject_03,subject_03_happy_session_01
21.644,-0.0014774079530378605,happy,subject_03,subject_03_happy_session_01
21.648,0.0035763668016695754,happy,subject_03,subject_03_happy_session_01
21.652,-0.045089764547607054,happy,subject_03,subject_03_happy_session_01
21.656,0.001254362985942354,happy,subject_03,subject_03_happy_session_01
21.66,0.009722065082429506,happy,subject_03,subject_03_happy_session_01
21.664,0.009783765191358953,happy,subject_03,subject_03_happy_session_01
21.668,0.03701646561036392,happy,subject_03,subject_03_happy_session_01
21.672,0.015238097168440887,happy,subject_03,subject_03_happy_session_01
21.676,0.08887726775434544,happy,subject_03,subject_03_happy_session_01
21.68,0.03894874021361731,happy,subject_03,subject_03_happy_session_01
21.684,0.014057351899054344,happy,subject_03,subject_03_happy_session_01
21.688,0.027653931551499145,happy,subject_03,subject_03_happy_session_01
21.692,0.07707429878292738,happy,subject_03,subject_03_happy_session_01
21.696,0.01708767914700291,happy,subject_03,subject_03_happy_session_01
21.7,0.11901969989191641,happy,subject_03,subject_03_happy_session_01
21.704,0.10224171212397887,happy,subject_03,subject_03_happy_session_01
21.708,0.01746481048428651,happy,subject_03,subject_03_happy_session_01
21.712,0.0919057533869719,happy,subject_03,subject_03_happy_session_01
21.716,0.03552775547692975,happy,subject_03,subject_03_happy_session_01
21.72,0.045064422072229895,happy,subject_03,subject_03_happy_session_01
21.724,0.06294103268640823,happy,subject_03,subject_03_happy_session_01
21.728,0.05876061531242449,happy,subject_03,subject_03_happy_session_01
21.732,0.11578872288869735,happy,subject_03,subject_03_happy_session_01
21.736,0.10518817798468619,happy,subject_03,subject_03_happy_session_01
21.74,0.11726574137759947,happy,subject_03,subject_03_happy_session_01
21.744,0.10897181692606009,happy,subject_03,subject_03_happy_session_01
21.748,0.09700008118525204,happy,subject_03,subject_03_happy_session_01
21.752,0.1040579892109745,happy,subject_03,subject_03_happy_session_01
21.756,0.16795542705086286,happy,subject_03,subject_03_happy_session_01
21.76,0.12417385130972075,happy,subject_03,subject_03_happy_session_01
21.764,0.19247474239603862,happy,subject_03,subject_03_happy_session_01
21.768,0.12871613329686565,happy,subject_03,subject_03_happy_session_01
21.772,0.15995195172557197,happy,subject_03,subject_03_happy_session_01
21.776,0.1765744042546192,happy,subject_03,subject_03_happy_session_01
21.78,0.21449732884500455,happy,subject_03,subject_03_happy_session_01
21.784,0.2143815630095743,happy,subject_03,subject_03_happy_session_01
21.788,0.19843673542052462,happy,subject_03,subject_03_happy_session_01
21.792,0.1973733746247719,happy,subject_03,subject_03_happy_session_01
21.796,0.1698513337368915,happy,subject_03,subject_03_happy_session_01
21.8,0.20158911395908655,happy,subject_03,subject_03_happy_session_01
21.804,0.2939169648652327,happy,subject_03,subject_03_happy_session_01
21.808,0.18725828245273868,happy,subject_03,subject_03_happy_session_01
21.812,0.20684533517278217,happy,subject_03,subject_03_happy_session_01
21.816,0.18349430144147574,happy,subject_03,subject_03_happy_session_01
21.82,0.21061626277721543,happy,subject_03,subject_03_happy_session_01
21.824,0.1997949137180111,happy,subject_03,subject_03_happy_session_01
21.828,0.2022342626946475,happy,subject_03,subject_03_happy_session_01
21.832,0.259840779930182,happy,subject_03,subject_03_happy_session_01
21.836,0.2769540674956306,happy,subject_03,subject_03_happy_session_01
21.84,0.266000627599872,happy,subject_03,subject_03_happy_session_01
21.844,0.21957040575602815,happy,subject_03,subject_03_happy_session_01
21.848,0.1974490299972829,happy,subject_03,subject_03_happy_session_01
21.852,0.185259334804,happy,subject_03,subject_03_happy_session_01
21.856,0.21398697099810546,happy,subject_03,subject_03_happy_session_01
21.86,0.21993522095611792,happy,subject_03,subject_03_happy_session_01
21.864,0.23835880547437802,happy,subject_03,subject_03_happy_session_01
21.868,0.2615612542385902,happy,subject_03,subject_03_happy_session_01
21.872,0.23621238274598708,happy,subject_03,subject_03_happy_session_01
21.876,0.3019939782829008,happy,subject_03,subject_03_happy_session_01
21.88,0.32350699167509234,happy,subject_03,subject_03_happy_session_01
21.884,0.2347495967395146,happy,subject_03,subject_03_happy_session_01
21.888,0.16668474847463383,happy,subject_03,subject_03_happy_session_01
21.892,0.2096230280030394,happy,subject_03,subject_03_happy_session_01
21.896,0.2133806596595924,happy,subject_03,subject_03_happy_session_01
21.9,0.2406385801328944,happy,subject_03,subject_03_happy_session_01
21.904,0.1634246293286761,happy,subject_03,subject_03_happy_session_01
21.908,0.14662885458934224,happy,subject_03,subject_03_happy_session_01
21.912,0.20558918033466328,happy,subject_03,subject_03_happy_session_01
21.916,0.17003715422960933,happy,subject_03,subject_03_happy_session_01
21.92,0.16206512073964643,happy,subject_03,subject_03_happy_session_01
21.924,0.1434146827960811,happy,subject_03,subject_03_happy_session_01
21.928,0.15243246439929875,happy,subject_03,subject_03_happy_session_01
21.932,0.16585077354905498,happy,subject_03,subject_03_happy_session_01
21.936,0.06709287967735618,happy,subject_03,subject_03_happy_session_01
21.94,0.14414072319512122,happy,subject_03,subject_03_happy_session_01
21.944,0.16008869477746215,happy,subject_03,subject_03_happy_session_01
21.948,0.144259401278734,happy,subject_03,subject_03_happy_session_01
21.952,0.19512131809420064,happy,subject_03,subject_03_happy_session_01
21.956,0.09902953494225089,happy,subject_03,subject_03_happy_session_01
21.96,0.10431847662208714,happy,subject_03,subject_03_happy_session_01
21.964,0.1456673278135751,happy,subject_03,subject_03_happy_session_01
21.968,0.09683979622370793,happy,subject_03,subject_03_happy_session_01
21.972,0.1418670032617363,happy,subject_03,subject_03_happy_session_01
21.976,0.11239957101006307,happy,subject_03,subject_03_happy_session_01
21.98,0.08392345536822106,happy,subject_03,subject_03_happy_session_01
21.984,0.07404465555631543,happy,subject_03,subject_03_happy_session_01
21.988,0.06229954397424861,happy,subject_03,subject_03_happy_session_01
21.992,0.06590862503088805,happy,subject_03,subject_03_happy_session_01
21.996,0.03470599469472532,happy,subject_03,subject_03_happy_session_01
22.0,0.08577251243886322,happy,subject_03,subject_03_happy_session_01
22.004,0.1274328408257392,happy,subject_03,subject_03_happy_session_01
22.008,-0.003998802568320414,happy,subject_03,subject_03_happy_session_01
22.012,0.10027383985203994,happy,subject_03,subject_03_happy_session_01
22.016,0.0676920287280746,happy,subject_03,subject_03_happy_session_01
22.02,0.09657548474202199,happy,subject_03,subject_03_happy_session_01
22.024,0.04083613895711549,happy,subject_03,subject_03_happy_session_01
22.028,0.056919154617500696,happy,subject_03,subject_03_happy_session_01
22.032,0.10991588150352077,happy,subject_03,subject_03_happy_session_01
22.036,0.06665924832840618,happy,subject_03,subject_03_happy_session_01
22.04,0.10035305704831729,happy,subject_03,subject_03_happy_session_01
22.044,0.05422204633356397,happy,subject_03,subject_03_happy_session_01
22.048,0.07136681253974438,happy,subject_03,subject_03_happy_session_01
22.052,0.09967413957995888,happy,subject_03,subject_03_happy_session_01
22.056,0.09949455483620508,happy,subject_03,subject_03_happy_session_01
22.06,0.1175911871831769,happy,subject_03,subject_03_happy_session_01
22.064,0.07976519619229037,happy,subject_03,subject_03_happy_session_01
22.068,0.09437476261045039,happy,subject_03,subject_03_happy_session_01
22.072,0.1305069419220381,happy,subject_03,subject_03_happy_session_01
22.076,0.14874054278719312,happy,subject_03,subject_03_happy_session_01
22.08,0.06992847336432437,happy,subject_03,subject_03_happy_session_01
22.084,0.14124868733674983,happy,subject_03,subject_03_happy_session_01
22.088,0.07243163444186579,happy,subject_03,subject_03_happy_session_01
22.092,0.10555323318019347,happy,subject_03,subject_03_happy_session_01
22.096,0.10638204812736836,happy,subject_03,subject_03_happy_session_01
22.1,0.07697563074678995,happy,subject_03,subject_03_happy_session_01
22.104,0.08468238504089104,happy,subject_03,subject_03_happy_session_01
22.108,0.02523544203833837,happy,subject_03,subject_03_happy_session_01
22.112,0.10824749359103333,happy,subject_03,subject_03_happy_session_01
22.116,0.06843111386321157,happy,subject_03,subject_03_happy_session_01
22.12,0.07157764083951204,happy,subject_03,subject_03_happy_session_01
22.124,0.047628404444859995,happy,subject_03,subject_03_happy_session_01
22.128,0.08757580701350065,happy,subject_03,subject_03_happy_session_01
22.132,0.06291950566368852,happy,subject_03,subject_03_happy_session_01
22.136,0.0105482686323378,happy,subject_03,subject_03_happy_session_01
22.14,0.0412433440491964,happy,subject_03,subject_03_happy_session_01
22.144,0.003509730059000106,happy,subject_03,subject_03_happy_session_01
22.148,0.03521637035966751,happy,subject_03,subject_03_happy_session_01
22.152,0.053429472070434844,happy,subject_03,subject_03_happy_session_01
22.156,0.031605677211727634,happy,subject_03,subject_03_happy_session_01
22.16,0.035724086150269785,happy,subject_03,subject_03_happy_session_01
22.164,0.05352802752380828,happy,subject_03,subject_03_happy_session_01
22.168,-0.01576028595106114,happy,subject_03,subject_03_happy_session_01
22.172,-0.005740062967744486,happy,subject_03,subject_03_happy_session_01
22.176,-0.05631471475751065,happy,subject_03,subject_03_happy_session_01
22.18,-0.009203535146598944,happy,subject_03,subject_03_happy_session_01
22.184,-0.0196734462511554,happy,subject_03,subject_03_happy_session_01
22.188,0.022687422241273333,happy,subject_03,subject_03_happy_session_01
22.192,0.014215413102773657,happy,subject_03,subject_03_happy_session_01
22.196,0.049110393949094465,happy,subject_03,subject_03_happy_session_01
22.2,-0.022243965784787087,happy,subject_03,subject_03_happy_session_01
22.204,0.008097668075030415,happy,subject_03,subject_03_happy_session_01
22.208,0.01918609203413012,happy,subject_03,subject_03_happy_session_01
22.212,0.07260971905294736,happy,subject_03,subject_03_happy_session_01
22.216,0.006742707318481677,happy,subject_03,subject_03_happy_session_01
22.22,-0.011414759119966861,happy,subject_03,subject_03_happy_session_01
22.224,-0.0072953242345145984,happy,subject_03,subject_03_happy_session_01
22.228,0.001443517711387881,happy,subject_03,subject_03_happy_session_01
22.232,0.02876366888972117,happy,subject_03,subject_03_happy_session_01
22.236,-0.039019889416605655,happy,subject_03,subject_03_happy_session_01
22.24,-0.05127259772420667,happy,subject_03,subject_03_happy_session_01
22.244,0.0710786756284394,happy,subject_03,subject_03_happy_session_01
22.248,-0.03906063878944232,happy,subject_03,subject_03_happy_session_01
22.252,0.07441524233271253,happy,subject_03,subject_03_happy_session_01
22.256,0.13161328404481304,happy,subject_03,subject_03_happy_session_01
22.26,0.23050727860908746,happy,subject_03,subject_03_happy_session_01
22.264,0.3039340329627329,happy,subject_03,subject_03_happy_session_01
22.268,0.5858189893282539,happy,subject_03,subject_03_happy_session_01
22.272,0.6450430049985575,happy,subject_03,subject_03_happy_session_01
22.276,0.7577330241604195,happy,subject_03,subject_03_happy_session_01
22.28,0.8401209286068302,happy,subject_03,subject_03_happy_session_01
22.284,0.8878651164528101,happy,subject_03,subject_03_happy_session_01
22.288,1.0057102424338369,happy,subject_03,subject_03_happy_session_01
22.292,0.9220178233696927,happy,subject_03,subject_03_happy_session_01
22.296,0.862433937822201,happy,subject_03,subject_03_happy_session_01
22.3,0.7303851726729417,happy,subject_03,subject_03_happy_session_01
22.304,0.6227544541698663,happy,subject_03,subject_03_happy_session_01
22.308,0.45895221256563085,happy,subject_03,subject_03_happy_session_01
22.312,0.31809568472946675,happy,subject_03,subject_03_happy_session_01
22.316,0.18481622838704498,happy,subject_03,subject_03_happy_session_01
22.32,0.026116569761654145,happy,subject_03,subject_03_happy_session_01
22.324,-0.06892498941196841,happy,subject_03,subject_03_happy_session_01
22.328,-0.06802063344313192,happy,subject_03,subject_03_happy_session_01
22.332,-0.059341634822217035,happy,subject_03,subject_03_happy_session_01
22.336,-0.06992778701993183,happy,subject_03,subject_03_happy_session_01
22.34,-0.12540013847559547,happy,subject_03,subject_03_happy_session_01
22.344,-0.041033297124614294,happy,subject_03,subject_03_happy_session_01
22.348,-0.06233866962561101,happy,subject_03,subject_03_happy_session_01
22.352,-0.014005329181762394,happy,subject_03,subject_03_happy_session_01
22.356,0.02809417458690361,happy,subject_03,subject_03_happy_session_01
22.36,-0.08654801180352455,happy,subject_03,subject_03_happy_session_01
22.364,0.05806147432078766,happy,subject_03,subject_03_happy_session_01
22.368,-0.027671080835557083,happy,subject_03,subject_03_happy_session_01
22.372,0.04702986387081295,happy,subject_03,subject_03_happy_session_01
22.376,0.04478673877967144,happy,subject_03,subject_03_happy_session_01
22.38,0.008110222767229553,happy,subject_03,subject_03_happy_session_01
22.384,0.03806773600774549,happy,subject_03,subject_03_happy_session_01
22.388,0.0013688788610733173,happy,subject_03,subject_03_happy_session_01
22.392,-0.030461071449533524,happy,subject_03,subject_03_happy_session_01
22.396,0.07406557228685931,happy,subject_03,subject_03_happy_session_01
22.4,0.014911329475924759,happy,subject_03,subject_03_happy_session_01
22.404,0.10670619661323336,happy,subject_03,subject_03_happy_session_01
22.408,0.07971959279723795,happy,subject_03,subject_03_happy_session_01
22.412,0.024661772324018047,happy,subject_03,subject_03_happy_session_01
22.416,0.08049981729787158,happy,subject_03,subject_03_happy_session_01
22.42,0.08431300499341672,happy,subject_03,subject_03_happy_session_01
22.424,0.1323110460800956,happy,subject_03,subject_03_happy_session_01
22.428,0.061327928838240967,happy,subject_03,subject_03_happy_session_01
22.432,0.0769474796095512,happy,subject_03,subject_03_happy_session_01
22.436,0.10707453120860816,happy,subject_03,subject_03_happy_session_01
22.44,0.09955172597918223,happy,subject_03,subject_03_happy_session_01
22.444,0.05741181077555059,happy,subject_03,subject_03_happy_session_01
22.448,0.14886519963027442,happy,subject_03,subject_03_happy_session_01
22.452,0.17664584619310336,happy,subject_03,subject_03_happy_session_01
22.456,0.13349475980193437,happy,subject_03,subject_03_happy_session_01
22.46,0.09102379361927182,happy,subject_03,subject_03_happy_session_01
22.464,0.13902761199051433,happy,subject_03,subject_03_happy_session_01
22.468,0.11852242284863619,happy,subject_03,subject_03_happy_session_01
22.472,0.14854128349658338,happy,subject_03,subject_03_happy_session_01
22.476,0.17122266174967393,happy,subject_03,subject_03_happy_session_01
22.48,0.19463143585380266,happy,subject_03,subject_03_happy_session_01
22.484,0.22756082167448885,happy,subject_03,subject_03_happy_session_01
22.488,0.2067695316258149,happy,subject_03,subject_03_happy_session_01
22.492,0.15391934096453022,happy,subject_03,subject_03_happy_session_01
22.496,0.22058861024340365,happy,subject_03,subject_03_happy_session_01
22.5,0.19210374098442048,happy,subject_03,subject_03_happy_session_01
22.504,0.20100161652379828,happy,subject_03,subject_03_happy_session_01
22.508,0.2110468341487545,happy,subject_03,subject_03_happy_session_01
22.512,0.2202492597595912,happy,subject_03,subject_03_happy_session_01
22.516,0.25441768110884705,happy,subject_03,subject_03_happy_session_01
22.52,0.23926504723658135,happy,subject_03,subject_03_happy_session_01
22.524,0.18270547032397325,happy,subject_03,subject_03_happy_session_01
22.528,0.17335204884056896,happy,subject_03,subject_03_happy_session_01
22.532,0.24980062218594878,happy,subject_03,subject_03_happy_session_01
22.536,0.24639738931517507,happy,subject_03,subject_03_happy_session_01
22.54,0.27155879023402707,happy,subject_03,subject_03_happy_session_01
22.544,0.22322623907197442,happy,subject_03,subject_03_happy_session_01
22.548,0.23510734699727898,happy,subject_03,subject_03_happy_session_01
22.552,0.24004318262579954,happy,subject_03,subject_03_happy_session_01
22.556,0.1663599990898255,happy,subject_03,subject_03_happy_session_01
22.56,0.16118796420596038,happy,subject_03,subject_03_happy_session_01
22.564,0.23967128514110964,happy,subject_03,subject_03_happy_session_01
22.568,0.2226077718593855,happy,subject_03,subject_03_happy_session_01
22.572,0.25209106256744396,happy,subject_03,subject_03_happy_session_01
22.576,0.26429109446816457,happy,subject_03,subject_03_happy_session_01
22.58,0.18362059875866302,happy,subject_03,subject_03_happy_session_01
22.584,0.1757799385559181,happy,subject_03,subject_03_happy_session_01
22.588,0.13426805181207202,happy,subject_03,subject_03_happy_session_01
22.592,0.1932024927285466,happy,subject_03,subject_03_happy_session_01
22.596,0.09608651026577669,happy,subject_03,subject_03_happy_session_01
22.6,0.12699784089070393,happy,subject_03,subject_03_happy_session_01
22.604,0.16441910952102035,happy,subject_03,subject_03_happy_session_01
22.608,0.1230815609533455,happy,subject_03,subject_03_happy_session_01
22.612,0.1369270954143511,happy,subject_03,subject_03_happy_session_01
22.616,0.12373330350516798,happy,subject_03,subject_03_happy_session_01
22.62,0.0844604717554466,happy,subject_03,subject_03_happy_session_01
22.624,0.04352262739926001,happy,subject_03,subject_03_happy_session_01
22.628,0.13286826468898444,happy,subject_03,subject_03_happy_session_01
22.632,0.09481117850521835,happy,subject_03,subject_03_happy_session_01
22.636,0.10576574194604162,happy,subject_03,subject_03_happy_session_01
22.64,0.08489290430561523,happy,subject_03,subject_03_happy_session_01
22.644,0.0775852192547497,happy,subject_03,subject_03_happy_session_01
22.648,0.07959034639073374,happy,subject_03,subject_03_happy_session_01
22.652,0.06108090243998767,happy,subject_03,subject_03_happy_session_01
22.656,0.05028176598993931,happy,subject_03,subject_03_happy_session_01
22.66,0.021681346265641846,happy,subject_03,subject_03_happy_session_01
22.664,0.13891673376700703,happy,subject_03,subject_03_happy_session_01
22.668,0.0829243864158513,happy,subject_03,subject_03_happy_session_01
22.672,0.09602936661437483,happy,subject_03,subject_03_happy_session_01
22.676,0.08496542407622895,happy,subject_03,subject_03_happy_session_01
22.68,0.028048648299795885,happy,subject_03,subject_03_happy_session_01
22.684,0.029323037270221085,happy,subject_03,subject_03_happy_session_01
22.688,0.034252453236994176,happy,subject_03,subject_03_happy_session_01
22.692,0.020489300404377693,happy,subject_03,subject_03_happy_session_01
22.696,0.06366214570124916,happy,subject_03,subject_03_happy_session_01
22.7,0.004774350386194143,happy,subject_03,subject_03_happy_session_01
22.704,-0.003192261426724345,happy,subject_03,subject_03_happy_session_01
22.708,-0.009760169633045629,happy,subject_03,subject_03_happy_session_01
22.712,0.026262950226565857,happy,subject_03,subject_03_happy_session_01
22.716,0.023549855796208895,happy,subject_03,subject_03_happy_session_01
22.72,0.021276672328861698,happy,subject_03,subject_03_happy_session_01
22.724,0.04906839912205606,happy,subject_03,subject_03_happy_session_01
22.728,0.008781136476293458,happy,subject_03,subject_03_happy_session_01
22.732,0.07916651761367466,happy,subject_03,subject_03_happy_session_01
22.736,0.018441921460399698,happy,subject_03,subject_03_happy_session_01
22.74,0.01938984676673619,happy,subject_03,subject_03_happy_session_01
22.744,0.04133724851098913,happy,subject_03,subject_03_happy_session_01
22.748,0.06219671860178156,happy,subject_03,subject_03_happy_session_01
22.752,0.09994016074266023,happy,subject_03,subject_03_happy_session_01
22.756,0.06953609875454865,happy,subject_03,subject_03_happy_session_01
22.76,0.017764711803754808,happy,subject_03,subject_03_happy_session_01
22.764,0.09215498948526966,happy,subject_03,subject_03_happy_session_01
22.768,0.09197579370790408,happy,subject_03,subject_03_happy_session_01
22.772,0.05506018788142494,happy,subject_03,subject_03_happy_session_01
22.776,0.08041880057577316,happy,subject_03,subject_03_happy_session_01
22.78,0.12299651682690793,happy,subject_03,subject_03_happy_session_01
22.784,0.040187943988221224,happy,subject_03,subject_03_happy_session_01
22.788,0.10104151066842024,happy,subject_03,subject_03_happy_session_01
22.792,0.10810366768469071,happy,subject_03,subject_03_happy_session_01
22.796,0.0658128247919929,happy,subject_03,subject_03_happy_session_01
22.8,0.012037372925577036,happy,subject_03,subject_03_happy_session_01
22.804,0.09581734424964006,happy,subject_03,subject_03_happy_session_01
22.808,0.07688152400043374,happy,subject_03,subject_03_happy_session_01
22.812,0.05857785172106521,happy,subject_03,subject_03_happy_session_01
22.816,0.03202124371515989,happy,subject_03,subject_03_happy_session_01
22.82,0.06882912468720712,happy,subject_03,subject_03_happy_session_01
22.824,-0.006889458893184396,happy,subject_03,subject_03_happy_session_01
22.828,0.04755267382675567,happy,subject_03,subject_03_happy_session_01
22.832,0.001195361820189443,happy,subject_03,subject_03_happy_session_01
22.836,-0.05105771004881071,happy,subject_03,subject_03_happy_session_01
22.84,-0.032078201475338464,happy,subject_03,subject_03_happy_session_01
22.844,0.013016309315752806,happy,subject_03,subject_03_happy_session_01
22.848,0.002800416653248234,happy,subject_03,subject_03_happy_session_01
22.852,0.0070394995930784625,happy,subject_03,subject_03_happy_session_01
22.856,-0.024463125175262675,happy,subject_03,subject_03_happy_session_01
22.86,-0.0070239569896907664,happy,subject_03,subject_03_happy_session_01
22.864,0.005021906579494161,happy,subject_03,subject_03_happy_session_01
22.868,0.06358336374359744,happy,subject_03,subject_03_happy_session_01
22.872,-0.03459207998461204,happy,subject_03,subject_03_happy_session_01
22.876,0.013412601136283796,happy,subject_03,subject_03_happy_session_01
22.88,-0.0011668237960271652,happy,subject_03,subject_03_happy_session_01
22.884,-0.020634512045780616,happy,subject_03,subject_03_happy_session_01
22.888,-0.07141793199499337,happy,subject_03,subject_03_happy_session_01
22.892,0.021979520332816953,happy,subject_03,subject_03_happy_session_01
22.896,-0.018670638187920623,happy,subject_03,subject_03_happy_session_01
22.9,-0.04882934431994534,happy,subject_03,subject_03_happy_session_01
22.904,-0.06018423595630841,happy,subject_03,subject_03_happy_session_01
22.908,-0.02190531955139039,happy,subject_03,subject_03_happy_session_01
22.912,-0.06686559161744968,happy,subject_03,subject_03_happy_session_01
22.916,-0.05825574901702047,happy,subject_03,subject_03_happy_session_01
22.92,-0.06372061471391063,happy,subject_03,subject_03_happy_session_01
22.924,-0.04351712135363576,happy,subject_03,subject_03_happy_session_01
22.928,-0.018261348408934064,happy,subject_03,subject_03_happy_session_01
22.932,-0.029179169964147378,happy,subject_03,subject_03_happy_session_01
22.936,0.018742602317206654,happy,subject_03,subject_03_happy_session_01
22.94,0.10270246649024178,happy,subject_03,subject_03_happy_session_01
22.944,0.17506183956027527,happy,subject_03,subject_03_happy_session_01
22.948,0.30852533896113016,happy,subject_03,subject_03_happy_session_01
22.952,0.45697950799540515,happy,subject_03,subject_03_happy_session_01
22.956,0.6314402555272426,happy,subject_03,subject_03_happy_session_01
22.96,0.8147235220269933,happy,subject_03,subject_03_happy_session_01
22.964,0.8258753806353244,happy,subject_03,subject_03_happy_session_01
22.968,0.9495930929286245,happy,subject_03,subject_03_happy_session_01
22.972,0.9561737715029535,happy,subject_03,subject_03_happy_session_01
22.976,0.9287000226189995,happy,subject_03,subject_03_happy_session_01
22.98,0.8382110378994402,happy,subject_03,subject_03_happy_session_01
22.984,0.7750514989208201,happy,subject_03,subject_03_happy_session_01
22.988,0.5028297117309046,happy,subject_03,subject_03_happy_session_01
22.992,0.38953856564365463,happy,subject_03,subject_03_happy_session_01
22.996,0.31405542531881586,happy,subject_03,subject_03_happy_session_01
23.0,0.18222300546886322,happy,subject_03,subject_03_happy_session_01
23.004,0.09723369350880973,happy,subject_03,subject_03_happy_session_01
23.008,-0.02643589637605269,happy,subject_03,subject_03_happy_session_01
23.012,-0.061158137188252304,happy,subject_03,subject_03_happy_session_01
23.016,-0.1577014587617086,happy,subject_03,subject_03_happy_session_01
23.02,-0.08849157778608689,happy,subject_03,subject_03_happy_session_01
23.024,-0.05509849624859341,happy,subject_03,subject_03_happy_session_01
23.028,-0.07466140737182744,happy,subject_03,subject_03_happy_session_01
23.032,-0.04491431034232938,happy,subject_03,subject_03_happy_session_01
23.036,0.014148978161844277,happy,subject_03,subject_03_happy_session_01
23.04,0.031296333894371586,happy,subject_03,subject_03_happy_session_01
23.044,-0.004374883289251582,happy,subject_03,subject_03_happy_session_01
23.048,-0.010148840496082601,happy,subject_03,subject_03_happy_session_01
23.052,0.02094416086979628,happy,subject_03,subject_03_happy_session_01
23.056,-0.014091760622750402,happy,subject_03,subject_03_happy_session_01
23.06,0.038731615163709154,happy,subject_03,subject_03_happy_session_01
23.064,-0.012706196687626455,happy,subject_03,subject_03_happy_session_01
23.068,0.03560080225056624,happy,subject_03,subject_03_happy_session_01
23.072,0.01259593476865421,happy,subject_03,subject_03_happy_session_01
23.076,-0.004183595684885702,happy,subject_03,subject_03_happy_session_01
23.08,0.03453309553644615,happy,subject_03,subject_03_happy_session_01
23.084,0.012985931033817384,happy,subject_03,subject_03_happy_session_01
23.088,0.06655027232262509,happy,subject_03,subject_03_happy_session_01
23.092,0.0022621483198183093,happy,subject_03,subject_03_happy_session_01
23.096,0.050514641839914234,happy,subject_03,subject_03_happy_session_01
23.1,0.022884251065035766,happy,subject_03,subject_03_happy_session_01
23.104,0.09666330546364252,happy,subject_03,subject_03_happy_session_01
23.108,0.0860019782342937,happy,subject_03,subject_03_happy_session_01
23.112,0.06601983621487503,happy,subject_03,subject_03_happy_session_01
23.116,0.07386870888763915,happy,subject_03,subject_03_happy_session_01
23.12,0.14037148594826468,happy,subject_03,subject_03_happy_session_01
23.124,0.11517437415636209,happy,subject_03,subject_03_happy_session_01
23.128,0.06948982793911782,happy,subject_03,subject_03_happy_session_01
23.132,0.13611426552647668,happy,subject_03,subject_03_happy_session_01
23.136,0.09124982629682331,happy,subject_03,subject_03_happy_session_01
23.14,0.12390290464492155,happy,subject_03,subject_03_happy_session_01
23.144,0.05273138910795823,happy,subject_03,subject_03_happy_session_01
23.148,0.1622961602999104,happy,subject_03,subject_03_happy_session_01
23.152,0.11788070199139174,happy,subject_03,subject_03_happy_session_01
23.156,0.14150005575947588,happy,subject_03,subject_03_happy_session_01
23.16,0.10731353650051492,happy,subject_03,subject_03_happy_session_01
23.164,0.16950899557333024,happy,subject_03,subject_03_happy_session_01
23.168,0.1725578075432034,happy,subject_03,subject_03_happy_session_01
23.172,0.13211469745543203,happy,subject_03,subject_03_happy_session_01
23.176,0.18417433626967877,happy,subject_03,subject_03_happy_session_01
23.18,0.17971229676191483,happy,subject_03,subject_03_happy_session_01
23.184,0.23739986647210204,happy,subject_03,subject_03_happy_session_01
23.188,0.174902026827899,happy,subject_03,subject_03_happy_session_01
23.192,0.22113443458263962,happy,subject_03,subject_03_happy_session_01
23.196,0.15707599981124165,happy,subject_03,subject_03_happy_session_01
23.2,0.21498402503054784,happy,subject_03,subject_03_happy_session_01
23.204,0.2277875595783298,happy,subject_03,subject_03_happy_session_01
23.208,0.23204279153888743,happy,subject_03,subject_03_happy_session_01
23.212,0.21554144350975066,happy,subject_03,subject_03_happy_session_01
23.216,0.2816180157035657,happy,subject_03,subject_03_happy_session_01
23.22,0.2090743745848666,happy,subject_03,subject_03_happy_session_01
23.224,0.23862142313339538,happy,subject_03,subject_03_happy_session_01
23.228,0.21018477893985651,happy,subject_03,subject_03_happy_session_01
23.232,0.19070123844184617,happy,subject_03,subject_03_happy_session_01
23.236,0.1766770095767072,happy,subject_03,subject_03_happy_session_01
23.24,0.18386089041176884,happy,subject_03,subject_03_happy_session_01
23.244,0.2340599822614744,happy,subject_03,subject_03_happy_session_01
23.248,0.25584544854849073,happy,subject_03,subject_03_happy_session_01
23.252,0.22640331647062323,happy,subject_03,subject_03_happy_session_01
23.256,0.18909487670987452,happy,subject_03,subject_03_happy_session_01
23.26,0.17382635068944371,happy,subject_03,subject_03_happy_session_01
23.264,0.19613112771956429,happy,subject_03,subject_03_happy_session_01
23.268,0.1481099013243811,happy,subject_03,subject_03_happy_session_01
23.272,0.20931111454858992,happy,subject_03,subject_03_happy_session_01
23.276,0.18482472828673369,happy,subject_03,subject_03_happy_session_01
23.28,0.13126889491534635,happy,subject_03,subject_03_happy_session_01
23.284,0.21036419918069188,happy,subject_03,subject_03_happy_session_01
23.288,0.10879922078112163,happy,subject_03,subject_03_happy_session_01
23.292,0.14554494277006225,happy,subject_03,subject_03_happy_session_01
23.296,0.16554707464398324,happy,subject_03,subject_03_happy_session_01
23.3,0.1546567817440207,happy,subject_03,subject_03_happy_session_01
23.304,0.09967371750497388,happy,subject_03,subject_03_happy_session_01
23.308,0.0997587537146302,happy,subject_03,subject_03_happy_session_01
23.312,0.07346863437318787,happy,subject_03,subject_03_happy_session_01
23.316,0.1074402488934593,happy,subject_03,subject_03_happy_session_01
23.32,0.12152343349713558,happy,subject_03,subject_03_happy_session_01
23.324,0.019245963407673927,happy,subject_03,subject_03_happy_session_01
23.328,0.09903760942157619,happy,subject_03,subject_03_happy_session_01
23.332,0.056168343634540506,happy,subject_03,subject_03_happy_session_01
23.336,0.06426973252484312,happy,subject_03,subject_03_happy_session_01
23.34,0.02476545506390842,happy,subject_03,subject_03_happy_session_01
23.344,0.03529635251598931,happy,subject_03,subject_03_happy_session_01
23.348,0.12205002859264913,happy,subject_03,subject_03_happy_session_01
23.352,0.036322032246858024,happy,subject_03,subject_03_happy_session_01
23.356,0.04413830808826143,happy,subject_03,subject_03_happy_session_01
23.36,0.009397309606845573,happy,subject_03,subject_03_happy_session_01
23.364,0.12928253762985528,happy,subject_03,subject_03_happy_session_01
23.368,0.05324443893377771,happy,subject_03,subject_03_happy_session_01
23.372,0.03484593900818565,happy,subject_03,subject_03_happy_session_01
23.376,0.06708715894483691,happy,subject_03,subject_03_happy_session_01
23.38,0.04719139638685322,happy,subject_03,subject_03_happy_session_01
23.384,0.02924586077288025,happy,subject_03,subject_03_happy_session_01
23.388,0.03187409730281908,happy,subject_03,subject_03_happy_session_01
23.392,-0.015850578071730424,happy,subject_03,subject_03_happy_session_01
23.396,0.02741034597838484,happy,subject_03,subject_03_happy_session_01
23.4,0.025172467650704185,happy,subject_03,subject_03_happy_session_01
23.404,0.057157351299937174,happy,subject_03,subject_03_happy_session_01
23.408,0.04190366037389936,happy,subject_03,subject_03_happy_session_01
23.412,0.07695789788354565,happy,subject_03,subject_03_happy_session_01
23.416,0.060237918771257476,happy,subject_03,subject_03_happy_session_01
23.42,0.031147182400612577,happy,subject_03,subject_03_happy_session_01
23.424,0.11648369609915674,happy,subject_03,subject_03_happy_session_01
23.428,0.05446974365353024,happy,subject_03,subject_03_happy_session_01
23.432,0.0907539103331916,happy,subject_03,subject_03_happy_session_01
23.436,0.028450562005695443,happy,subject_03,subject_03_happy_session_01
23.44,0.10381128151350705,happy,subject_03,subject_03_happy_session_01
23.444,0.02156917563681296,happy,subject_03,subject_03_happy_session_01
23.448,0.14797850952686306,happy,subject_03,subject_03_happy_session_01
23.452,0.10482893695512294,happy,subject_03,subject_03_happy_session_01
23.456,0.07322864138589825,happy,subject_03,subject_03_happy_session_01
23.46,0.10009660854578568,happy,subject_03,subject_03_happy_session_01
23.464,0.03427573208268666,happy,subject_03,subject_03_happy_session_01
23.468,0.0693920501479066,happy,subject_03,subject_03_happy_session_01
23.472,0.09972415704726297,happy,subject_03,subject_03_happy_session_01
23.476,0.09028157056278138,happy,subject_03,subject_03_happy_session_01
23.48,0.06599177010882228,happy,subject_03,subject_03_happy_session_01
23.484,0.07288870788399325,happy,subject_03,subject_03_happy_session_01
23.488,0.09487903608294104,happy,subject_03,subject_03_happy_session_01
23.492,0.07729568484428574,happy,subject_03,subject_03_happy_session_01
23.496,-0.019010593302549617,happy,subject_03,subject_03_happy_session_01
23.5,0.041125918602700824,happy,subject_03,subject_03_happy_session_01
23.504,0.03670360261267624,happy,subject_03,subject_03_happy_session_01
23.508,-0.012988185245738037,happy,subject_03,subject_03_happy_session_01
23.512,-0.011297117689246787,happy,subject_03,subject_03_happy_session_01
23.516,0.07314674264942866,happy,subject_03,subject_03_happy_session_01
23.52,-0.009318233726755849,happy,subject_03,subject_03_happy_session_01
23.524,-0.003077869266442889,happy,subject_03,subject_03_happy_session_01
23.528,-0.020266508324910004,happy,subject_03,subject_03_happy_session_01
23.532,0.018517745411411633,happy,subject_03,subject_03_happy_session_01
23.536,0.010515787243643574,happy,subject_03,subject_03_happy_session_01
23.54,0.06562581265408185,happy,subject_03,subject_03_happy_session_01
23.544,-0.023608125586459944,happy,subject_03,subject_03_happy_session_01
23.548,0.011219356586245385,happy,subject_03,subject_03_happy_session_01
23.552,-0.07510760296256079,happy,subject_03,subject_03_happy_session_01
23.556,-0.06037751040971646,happy,subject_03,subject_03_happy_session_01
23.56,0.034459832281161604,happy,subject_03,subject_03_happy_session_01
23.564,0.025371884775652206,happy,subject_03,subject_03_happy_session_01
23.568,0.0012817454770559563,happy,subject_03,subject_03_happy_session_01
23.572,0.024411804817951858,happy,subject_03,subject_03_happy_session_01
23.576,-0.05328108277767382,happy,subject_03,subject_03_happy_session_01
23.58,0.04167645564910012,happy,subject_03,subject_03_happy_session_01
23.584,-0.0529751907285079,happy,subject_03,subject_03_happy_session_01
23.588,-0.006312753967220279,happy,subject_03,subject_03_happy_session_01
23.592,0.07772680322001636,happy,subject_03,subject_03_happy_session_01
23.596,-0.0529826909945815,happy,subject_03,subject_03_happy_session_01
23.6,0.020950650431502054,happy,subject_03,subject_03_happy_session_01
23.604,0.0030841202930548157,happy,subject_03,subject_03_happy_session_01
23.608,-0.05135086902964517,happy,subject_03,subject_03_happy_session_01
23.612,0.04650707745150949,happy,subject_03,subject_03_happy_session_01
23.616,-0.037159248312972716,happy,subject_03,subject_03_happy_session_01
23.62,0.03788307072744385,happy,subject_03,subject_03_happy_session_01
23.624,0.13452150015725212,happy,subject_03,subject_03_happy_session_01
23.628,0.21124216060889905,happy,subject_03,subject_03_happy_session_01
23.632,0.45137424160076295,happy,subject_03,subject_03_happy_session_01
23.636,0.44297264883497756,happy,subject_03,subject_03_happy_session_01
23.64,0.6918307791452196,happy,subject_03,subject_03_happy_session_01
23.644,0.6932508085167928,happy,subject_03,subject_03_happy_session_01
23.648,0.7824780425821387,happy,subject_03,subject_03_happy_session_01
23.652,0.9574397713585342,happy,subject_03,subject_03_happy_session_01
23.656,1.0045428319492544,happy,subject_03,subject_03_happy_session_01
23.66,1.0015064645682767,happy,subject_03,subject_03_happy_session_01
23.664,0.9264672891741854,happy,subject_03,subject_03_happy_session_01
23.668,0.757161711249929,happy,subject_03,subject_03_happy_session_01
23.672,0.6204009000492142,happy,subject_03,subject_03_happy_session_01
23.676,0.45318126151814164,happy,subject_03,subject_03_happy_session_01
23.68,0.34486987048306095,happy,subject_03,subject_03_happy_session_01
23.684,0.11393500799331671,happy,subject_03,subject_03_happy_session_01
23.688,0.02825254678638731,happy,subject_03,subject_03_happy_session_01
23.692,0.008844282737199116,happy,subject_03,subject_03_happy_session_01
23.696,-0.024978767807292912,happy,subject_03,subject_03_happy_session_01
23.7,-0.02901978692847021,happy,subject_03,subject_03_happy_session_01
23.704,-0.0745293716502787,happy,subject_03,subject_03_happy_session_01
23.708,-0.07542224254839258,happy,subject_03,subject_03_happy_session_01
23.712,-0.01609482149969536,happy,subject_03,subject_03_happy_session_01
23.716,-0.06305684883461693,happy,subject_03,subject_03_happy_session_01
23.72,0.04651988426161578,happy,subject_03,subject_03_happy_session_01
23.724,-0.01995468038083052,happy,subject_03,subject_03_happy_session_01
23.728,-0.005323009464057428,happy,subject_03,subject_03_happy_session_01
23.732,0.03558119632090395,happy,subject_03,subject_03_happy_session_01
23.736,-0.012176062167971433,happy,subject_03,subject_03_happy_session_01
23.74,-0.023418029899863753,happy,subject_03,subject_03_happy_session_01
23.744,0.060661944445292694,happy,subject_03,subject_03_happy_session_01
23.748,-0.012561504787041,happy,subject_03,subject_03_happy_session_01
23.752,0.03688006523692115,happy,subject_03,subject_03_happy_session_01
23.756,0.032627373130440666,happy,subject_03,subject_03_happy_session_01
23.76,-0.030250144094229124,happy,subject_03,subject_03_happy_session_01
23.764,0.004220690065972282,happy,subject_03,subject_03_happy_session_01
23.768,0.05817519297141391,happy,subject_03,subject_03_happy_session_01
23.772,0.09410266890176229,happy,subject_03,subject_03_happy_session_01
23.776,0.02973578656873352,happy,subject_03,subject_03_happy_session_01
23.78,0.03113911730179339,happy,subject_03,subject_03_happy_session_01
23.784,0.09025057231826344,happy,subject_03,subject_03_happy_session_01
23.788,0.1024814402233553,happy,subject_03,subject_03_happy_session_01
23.792,0.11361963482231427,happy,subject_03,subject_03_happy_session_01
23.796,0.09540184966892169,happy,subject_03,subject_03_happy_session_01
23.8,0.07606948656681342,happy,subject_03,subject_03_happy_session_01
23.804,0.12922389899392087,happy,subject_03,subject_03_happy_session_01
23.808,0.10618986310964795,happy,subject_03,subject_03_happy_session_01
23.812,0.1400916091092098,happy,subject_03,subject_03_happy_session_01
23.816,0.10604841437685758,happy,subject_03,subject_03_happy_session_01
23.82,0.12454593371458915,happy,subject_03,subject_03_happy_session_01
23.824,0.1583753492555396,happy,subject_03,subject_03_happy_session_01
23.828,0.07539931635222859,happy,subject_03,subject_03_happy_session_01
23.832,0.2019960715019467,happy,subject_03,subject_03_happy_session_01
23.836,0.16106133323631497,happy,subject_03,subject_03_happy_session_01
23.84,0.07177063101693089,happy,subject_03,subject_03_happy_session_01
23.844,0.1837667547661149,happy,subject_03,subject_03_happy_session_01
23.848,0.16994516566940432,happy,subject_03,subject_03_happy_session_01
23.852,0.15565979648813885,happy,subject_03,subject_03_happy_session_01
23.856,0.26742365177680716,happy,subject_03,subject_03_happy_session_01
23.86,0.23464366808325407,happy,subject_03,subject_03_happy_session_01
23.864,0.205913564176196,happy,subject_03,subject_03_happy_session_01
23.868,0.2190473737731013,happy,subject_03,subject_03_happy_session_01
23.872,0.2317566524557501,happy,subject_03,subject_03_happy_session_01
23.876,0.17021598150883674,happy,subject_03,subject_03_happy_session_01
23.88,0.32351750667042745,happy,subject_03,subject_03_happy_session_01
23.884,0.23683625705815298,happy,subject_03,subject_03_happy_session_01
23.888,0.30179073846362753,happy,subject_03,subject_03_happy_session_01
23.892,0.21144836100724035,happy,subject_03,subject_03_happy_session_01
23.896,0.2637082419548659,happy,subject_03,subject_03_happy_session_01
23.9,0.2031792566108234,happy,subject_03,subject_03_happy_session_01
23.904,0.1445545817780417,happy,subject_03,subject_03_happy_session_01
23.908,0.27725487721371755,happy,subject_03,subject_03_happy_session_01
23.912,0.25198993051758634,happy,subject_03,subject_03_happy_session_01
23.916,0.22555248219179047,happy,subject_03,subject_03_happy_session_01
23.92,0.12431770313035614,happy,subject_03,subject_03_happy_session_01
23.924,0.22371623027212084,happy,subject_03,subject_03_happy_session_01
23.928,0.24692336632949927,happy,subject_03,subject_03_happy_session_01
23.932,0.1962467765901817,happy,subject_03,subject_03_happy_session_01
23.936,0.2346440061056998,happy,subject_03,subject_03_happy_session_01
23.94,0.20338997891370203,happy,subject_03,subject_03_happy_session_01
23.944,0.17865460632860508,happy,subject_03,subject_03_happy_session_01
23.948,0.21041150355202654,happy,subject_03,subject_03_happy_session_01
23.952,0.1337338887598139,happy,subject_03,subject_03_happy_session_01
23.956,0.22116106894474302,happy,subject_03,subject_03_happy_session_01
23.96,0.20067622538645116,happy,subject_03,subject_03_happy_session_01
23.964,0.21176169678300735,happy,subject_03,subject_03_happy_session_01
23.968,0.22322427413556506,happy,subject_03,subject_03_happy_session_01
23.972,0.16783465645834683,happy,subject_03,subject_03_happy_session_01
23.976,0.07542556472341243,happy,subject_03,subject_03_happy_session_01
23.98,0.153252769183982,happy,subject_03,subject_03_happy_session_01
23.984,0.11485566389340296,happy,subject_03,subject_03_happy_session_01
23.988,0.1977719224907435,happy,subject_03,subject_03_happy_session_01
23.992,0.1273908837203024,happy,subject_03,subject_03_happy_session_01
23.996,0.16264710247311998,happy,subject_03,subject_03_happy_session_01
24.0,0.17729806396784947,happy,subject_03,subject_03_happy_session_01
24.004,0.09312826742260509,happy,subject_03,subject_03_happy_session_01
24.008,0.11529132629512379,happy,subject_03,subject_03_happy_session_01
24.012,0.10762677647900154,happy,subject_03,subject_03_happy_session_01
24.016,0.17737199453008656,happy,subject_03,subject_03_happy_session_01
24.02,0.1386987762261026,happy,subject_03,subject_03_happy_session_01
24.024,0.05173974809566704,happy,subject_03,subject_03_happy_session_01
24.028,0.06262590329341593,happy,subject_03,subject_03_happy_session_01
24.032,0.06321799989750229,happy,subject_03,subject_03_happy_session_01
24.036,0.04695930632216058,happy,subject_03,subject_03_happy_session_01
24.04,0.06075671280911196,happy,subject_03,subject_03_happy_session_01
24.044,0.05026978995360075,happy,subject_03,subject_03_happy_session_01
24.048,0.06764276130921608,happy,subject_03,subject_03_happy_session_01
24.052,0.06047906301125561,happy,subject_03,subject_03_happy_session_01
24.056,0.10363672146285682,happy,subject_03,subject_03_happy_session_01
24.06,0.03595359347939381,happy,subject_03,subject_03_happy_session_01
24.064,0.004169705793678494,happy,subject_03,subject_03_happy_session_01
24.068,0.04590997616048748,happy,subject_03,subject_03_happy_session_01
24.072,0.04288492608145278,happy,subject_03,subject_03_happy_session_01
24.076,0.11765128766209529,happy,subject_03,subject_03_happy_session_01
24.08,0.09793407137899192,happy,subject_03,subject_03_happy_session_01
24.084,0.11650111872985403,happy,subject_03,subject_03_happy_session_01
24.088,0.10790330697220762,happy,subject_03,subject_03_happy_session_01
24.092,0.008650702396909751,happy,subject_03,subject_03_happy_session_01
24.096,0.051556375281930036,happy,subject_03,subject_03_happy_session_01
24.1,0.03280860033185461,happy,subject_03,subject_03_happy_session_01
24.104,0.14402265768995004,happy,subject_03,subject_03_happy_session_01
24.108,0.1224315331600147,happy,subject_03,subject_03_happy_session_01
24.112,0.11066390620647702,happy,subject_03,subject_03_happy_session_01
24.116,0.08023969177981914,happy,subject_03,subject_03_happy_session_01
24.12,0.0872413170739581,happy,subject_03,subject_03_happy_session_01
24.124,0.07567389962293039,happy,subject_03,subject_03_happy_session_01
24.128,0.13055819081417372,happy,subject_03,subject_03_happy_session_01
24.132,0.11285789266348195,happy,subject_03,subject_03_happy_session_01
24.136,0.13425784793052,happy,subject_03,subject_03_happy_session_01
24.14,0.1246645869201569,happy,subject_03,subject_03_happy_session_01
24.144,0.1382234537329559,happy,subject_03,subject_03_happy_session_01
24.148,0.12600375874875677,happy,subject_03,subject_03_happy_session_01
24.152,0.1443931450007776,happy,subject_03,subject_03_happy_session_01
24.156,0.12894554657872237,happy,subject_03,subject_03_happy_session_01
24.16,0.0816843493205993,happy,subject_03,subject_03_happy_session_01
24.164,0.11289929060012589,happy,subject_03,subject_03_happy_session_01
24.168,0.10223395612606852,happy,subject_03,subject_03_happy_session_01
24.172,0.08000422698700278,happy,subject_03,subject_03_happy_session_01
24.176,0.08105283291908452,happy,subject_03,subject_03_happy_session_01
24.18,0.11169570648028218,happy,subject_03,subject_03_happy_session_01
24.184,0.09009341765791237,happy,subject_03,subject_03_happy_session_01
24.188,0.09843290125467015,happy,subject_03,subject_03_happy_session_01
24.192,0.06204241261036639,happy,subject_03,subject_03_happy_session_01
24.196,0.09580060477107948,happy,subject_03,subject_03_happy_session_01
24.2,0.07775983657719221,happy,subject_03,subject_03_happy_session_01
24.204,0.017860382550902363,happy,subject_03,subject_03_happy_session_01
24.208,0.029239465358645043,happy,subject_03,subject_03_happy_session_01
24.212,0.008050190048930494,happy,subject_03,subject_03_happy_session_01
24.216,-0.00362384768302864,happy,subject_03,subject_03_happy_session_01
24.22,0.12466851906662646,happy,subject_03,subject_03_happy_session_01
24.224,0.08634293731256187,happy,subject_03,subject_03_happy_session_01
24.228,0.06583264688580538,happy,subject_03,subject_03_happy_session_01
24.232,0.03885577374769226,happy,subject_03,subject_03_happy_session_01
24.236,0.002239925966713567,happy,subject_03,subject_03_happy_session_01
24.24,-0.019214987844892638,happy,subject_03,subject_03_happy_session_01
24.244,0.010856334390491051,happy,subject_03,subject_03_happy_session_01
24.248,-0.008145945858186954,happy,subject_03,subject_03_happy_session_01
24.252,0.04112873757797758,happy,subject_03,subject_03_happy_session_01
24.256,0.020729589878752053,happy,subject_03,subject_03_happy_session_01
24.26,0.044788097073276474,happy,subject_03,subject_03_happy_session_01
24.264,0.022791660511563772,happy,subject_03,subject_03_happy_session_01
24.268,-0.045430230850532036,happy,subject_03,subject_03_happy_session_01
24.272,0.00682704570487442,happy,subject_03,subject_03_happy_session_01
24.276,0.02481438488708951,happy,subject_03,subject_03_happy_session_01
24.28,0.018069130468639928,happy,subject_03,subject_03_happy_session_01
24.284,-0.015079697534035975,happy,subject_03,subject_03_happy_session_01
24.288,-0.01729544777528658,happy,subject_03,subject_03_happy_session_01
24.292,-0.02534099295984536,happy,subject_03,subject_03_happy_session_01
24.296,-0.054469709046559296,happy,subject_03,subject_03_happy_session_01
24.3,0.02436679998324525,happy,subject_03,subject_03_happy_session_01
24.304,0.09708115401647348,happy,subject_03,subject_03_happy_session_01
24.308,0.1260716221043555,happy,subject_03,subject_03_happy_session_01
24.312,0.20178088379883974,happy,subject_03,subject_03_happy_session_01
24.316,0.4080494843039971,happy,subject_03,subject_03_happy_session_01
24.32,0.5653792606659336,happy,subject_03,subject_03_happy_session_01
24.324,0.6504688938509458,happy,subject_03,subject_03_happy_session_01
24.328,0.7702954649261621,happy,subject_03,subject_03_happy_session_01
24.332,0.9092897976191716,happy,subject_03,subject_03_happy_session_01
24.336,0.996117168371553,happy,subject_03,subject_03_happy_session_01
24.34,0.9937184023676364,happy,subject_03,subject_03_happy_session_01
24.344,0.9251127749905895,happy,subject_03,subject_03_happy_session_01
24.348,0.9345081475153206,happy,subject_03,subject_03_happy_session_01
24.352,0.7893490572519993,happy,subject_03,subject_03_happy_session_01
24.356,0.6878755377673713,happy,subject_03,subject_03_happy_session_01
24.36,0.4768619301298691,happy,subject_03,subject_03_happy_session_01
24.364,0.3736888185947716,happy,subject_03,subject_03_happy_session_01
24.368,0.17993750981460963,happy,subject_03,subject_03_happy_session_01
24.372,0.061046671449162,happy,subject_03,subject_03_happy_session_01
24.376,-0.007964416485404049,happy,subject_03,subject_03_happy_session_01
24.38,0.03267482917217404,happy,subject_03,subject_03_happy_session_01
24.384,-0.05205002352076254,happy,subject_03,subject_03_happy_session_01
24.388,0.013918104441183854,happy,subject_03,subject_03_happy_session_01
24.392,-0.04352846769981769,happy,subject_03,subject_03_happy_session_01
24.396,-0.05859624004636867,happy,subject_03,subject_03_happy_session_01
24.4,0.030369542900599004,happy,subject_03,subject_03_happy_session_01
24.404,-0.003690419171973002,happy,subject_03,subject_03_happy_session_01
24.408,0.03881498680503399,happy,subject_03,subject_03_happy_session_01
24.412,0.041915206941498945,happy,subject_03,subject_03_happy_session_01
24.416,0.04630081970231894,happy,subject_03,subject_03_happy_session_01
24.42,0.10141863942250753,happy,subject_03,subject_03_happy_session_01
24.424,0.056087505378315125,happy,subject_03,subject_03_happy_session_01
24.428,0.05492474578640488,happy,subject_03,subject_03_happy_session_01
24.432,0.04192702360544542,happy,subject_03,subject_03_happy_session_01
24.436,0.0769829371867872,happy,subject_03,subject_03_happy_session_01
24.44,0.07782582906360751,happy,subject_03,subject_03_happy_session_01
24.444,0.05248853695533271,happy,subject_03,subject_03_happy_session_01
24.448,0.10411239952280771,happy,subject_03,subject_03_happy_session_01
24.452,0.06884758651156908,happy,subject_03,subject_03_happy_session_01
24.456,0.10146680968928906,happy,subject_03,subject_03_happy_session_01
24.46,0.04017418803717376,happy,subject_03,subject_03_happy_session_01
24.464,0.12426583690650433,happy,subject_03,subject_03_happy_session_01
24.468,0.07312563738518021,happy,subject_03,subject_03_happy_session_01
24.472,0.128122756956233,happy,subject_03,subject_03_happy_session_01
24.476,0.1557854474846434,happy,subject_03,subject_03_happy_session_01
24.48,0.13201065737019319,happy,subject_03,subject_03_happy_session_01
24.484,0.16492063326662748,happy,subject_03,subject_03_happy_session_01
24.488,0.09395033203867509,happy,subject_03,subject_03_happy_session_01
24.492,0.13608738201432627,happy,subject_03,subject_03_happy_session_01
24.496,0.1237442866881024,happy,subject_03,subject_03_happy_session_01
24.5,0.13084102138412512,happy,subject_03,subject_03_happy_session_01
24.504,0.10637657128434236,happy,subject_03,subject_03_happy_session_01
24.508,0.17212085195525245,happy,subject_03,subject_03_happy_session_01
24.512,0.20993840907823497,happy,subject_03,subject_03_happy_session_01
24.516,0.22902378426534872,happy,subject_03,subject_03_happy_session_01
24.52,0.1553563797305671,happy,subject_03,subject_03_happy_session_01
24.524,0.1830757984342654,happy,subject_03,subject_03_happy_session_01
24.528,0.18132925277826384,happy,subject_03,subject_03_happy_session_01
24.532,0.18613808725027492,happy,subject_03,subject_03_happy_session_01
24.536,0.21104860122920271,happy,subject_03,subject_03_happy_session_01
24.54,0.2288218300772571,happy,subject_03,subject_03_happy_session_01
24.544,0.22436579126121298,happy,subject_03,subject_03_happy_session_01
24.548,0.19181272138363392,happy,subject_03,subject_03_happy_session_01
24.552,0.28010685749210246,happy,subject_03,subject_03_happy_session_01
24.556,0.257624867912821,happy,subject_03,subject_03_happy_session_01
24.56,0.26990590399800557,happy,subject_03,subject_03_happy_session_01
24.564,0.27615779439386234,happy,subject_03,subject_03_happy_session_01
24.568,0.285645202716274,happy,subject_03,subject_03_happy_session_01
24.572,0.2725887387794574,happy,subject_03,subject_03_happy_session_01
24.576,0.2406203297643217,happy,subject_03,subject_03_happy_session_01
24.58,0.3247904913999858,happy,subject_03,subject_03_happy_session_01
24.584,0.29546152585029384,happy,subject_03,subject_03_happy_session_01
24.588,0.2424352599414953,happy,subject_03,subject_03_happy_session_01
24.592,0.24305005491986634,happy,subject_03,subject_03_happy_session_01
24.596,0.34310706350691345,happy,subject_03,subject_03_happy_session_01
24.6,0.2666437515176819,happy,subject_03,subject_03_happy_session_01
24.604,0.24687389630438414,happy,subject_03,subject_03_happy_session_01
24.608,0.24968587027961048,happy,subject_03,subject_03_happy_session_01
24.612,0.28111662542328825,happy,subject_03,subject_03_happy_session_01
24.616,0.24521200281732444,happy,subject_03,subject_03_happy_session_01
24.62,0.26251938458150376,happy,subject_03,subject_03_happy_session_01
24.624,0.3341724593572656,happy,subject_03,subject_03_happy_session_01
24.628,0.19338131868631442,happy,subject_03,subject_03_happy_session_01
24.632,0.22875739041682674,happy,subject_03,subject_03_happy_session_01
24.636,0.2393124979167586,happy,subject_03,subject_03_happy_session_01
24.64,0.16927366502958946,happy,subject_03,subject_03_happy_session_01
24.644,0.24264560702343463,happy,subject_03,subject_03_happy_session_01
24.648,0.24915078395449994,happy,subject_03,subject_03_happy_session_01
24.652,0.16226467031408456,happy,subject_03,subject_03_happy_session_01
24.656,0.2008753389731286,happy,subject_03,subject_03_happy_session_01
24.66,0.20286480254837122,happy,subject_03,subject_03_happy_session_01
24.664,0.2092140723603956,happy,subject_03,subject_03_happy_session_01
24.668,0.275111854433753,happy,subject_03,subject_03_happy_session_01
24.672,0.14835374078355146,happy,subject_03,subject_03_happy_session_01
24.676,0.18575338482521508,happy,subject_03,subject_03_happy_session_01
24.68,0.15521655141462087,happy,subject_03,subject_03_happy_session_01
24.684,0.14210681798277844,happy,subject_03,subject_03_happy_session_01
24.688,0.14614664304381786,happy,subject_03,subject_03_happy_session_01
24.692,0.15320573401259371,happy,subject_03,subject_03_happy_session_01
24.696,0.1326696154920205,happy,subject_03,subject_03_happy_session_01
24.7,0.1357674957175852,happy,subject_03,subject_03_happy_session_01
24.704,0.11744447562315528,happy,subject_03,subject_03_happy_session_01
24.708,0.08196181343844638,happy,subject_03,subject_03_happy_session_01
24.712,0.13855631430526036,happy,subject_03,subject_03_happy_session_01
24.716,0.14094792041380902,happy,subject_03,subject_03_happy_session_01
24.72,0.1351824364172728,happy,subject_03,subject_03_happy_session_01
24.724,0.12077718504715604,happy,subject_03,subject_03_happy_session_01
24.728,0.06689476874298741,happy,subject_03,subject_03_happy_session_01
24.732,0.05811999020730102,happy,subject_03,subject_03_happy_session_01
24.736,0.12157903016427477,happy,subject_03,subject_03_happy_session_01
24.74,0.046007552392639955,happy,subject_03,subject_03_happy_session_01
24.744,0.0634103901682974,happy,subject_03,subject_03_happy_session_01
24.748,0.16237427125366727,happy,subject_03,subject_03_happy_session_01
24.752,0.10550307269132822,happy,subject_03,subject_03_happy_session_01
24.756,0.09436625561462095,happy,subject_03,subject_03_happy_session_01
24.76,0.025588134733060902,happy,subject_03,subject_03_happy_session_01
24.764,0.06905724562107986,happy,subject_03,subject_03_happy_session_01
24.768,0.12442002532257623,happy,subject_03,subject_03_happy_session_01
24.772,0.04626009700023881,happy,subject_03,subject_03_happy_session_01
24.776,0.11561673007764545,happy,subject_03,subject_03_happy_session_01
24.78,0.05674026788940063,happy,subject_03,subject_03_happy_session_01
24.784,0.0870208439170222,happy,subject_03,subject_03_happy_session_01
24.788,0.05757624051127242,happy,subject_03,subject_03_happy_session_01
24.792,0.11970745373369755,happy,subject_03,subject_03_happy_session_01
24.796,0.060423023762715404,happy,subject_03,subject_03_happy_session_01
24.8,0.12030809546773805,happy,subject_03,subject_03_happy_session_01
24.804,0.14851923657612492,happy,subject_03,subject_03_happy_session_01
24.808,0.13561252124435258,happy,subject_03,subject_03_happy_session_01
24.812,0.14679133566113928,happy,subject_03,subject_03_happy_session_01
24.816,0.13971327151526947,happy,subject_03,subject_03_happy_session_01
24.82,0.1292416434977421,happy,subject_03,subject_03_happy_session_01
24.824,0.12993463704405442,happy,subject_03,subject_03_happy_session_01
24.828,0.14176940649439493,happy,subject_03,subject_03_happy_session_01
24.832,0.09176084971430967,happy,subject_03,subject_03_happy_session_01
24.836,0.11387602808546962,happy,subject_03,subject_03_happy_session_01
24.84,0.19602534371807678,happy,subject_03,subject_03_happy_session_01
24.844,0.13829242769033148,happy,subject_03,subject_03_happy_session_01
24.848,0.16100168502735884,happy,subject_03,subject_03_happy_session_01
24.852,0.12469010851264412,happy,subject_03,subject_03_happy_session_01
24.856,0.0822846934043304,happy,subject_03,subject_03_happy_session_01
24.86,0.09208452002298574,happy,subject_03,subject_03_happy_session_01
24.864,0.03642470916999342,happy,subject_03,subject_03_happy_session_01
24.868,0.14007377061454548,happy,subject_03,subject_03_happy_session_01
24.872,0.11786669976005565,happy,subject_03,subject_03_happy_session_01
24.876,0.05188280596463743,happy,subject_03,subject_03_happy_session_01
24.88,0.10268391435082103,happy,subject_03,subject_03_happy_session_01
24.884,0.09453063744941101,happy,subject_03,subject_03_happy_session_01
24.888,0.06886896733394084,happy,subject_03,subject_03_happy_session_01
24.892,0.07837600147439082,happy,subject_03,subject_03_happy_session_01
24.896,0.07753536671532532,happy,subject_03,subject_03_happy_session_01
24.9,0.06726357942182933,happy,subject_03,subject_03_happy_session_01
24.904,0.05566878565647431,happy,subject_03,subject_03_happy_session_01
24.908,0.05030899298270828,happy,subject_03,subject_03_happy_session_01
24.912,0.02472670186311397,happy,subject_03,subject_03_happy_session_01
24.916,0.07398074683685557,happy,subject_03,subject_03_happy_session_01
24.92,0.10945696997516238,happy,subject_03,subject_03_happy_session_01
24.924,-0.0008830520904391445,happy,subject_03,subject_03_happy_session_01
24.928,0.037991629357860046,happy,subject_03,subject_03_happy_session_01
24.932,0.01262667723336492,happy,subject_03,subject_03_happy_session_01
24.936,0.05368985350421805,happy,subject_03,subject_03_happy_session_01
24.94,0.04846101265445728,happy,subject_03,subject_03_happy_session_01
24.944,0.03750187001457799,happy,subject_03,subject_03_happy_session_01
24.948,0.011421055233318031,happy,subject_03,subject_03_happy_session_01
24.952,0.01484341098327454,happy,subject_03,subject_03_happy_session_01
24.956,0.0037355378585693794,happy,subject_03,subject_03_happy_session_01
24.96,-0.03166678165791076,happy,subject_03,subject_03_happy_session_01
24.964,0.06864701975352874,happy,subject_03,subject_03_happy_session_01
24.968,0.04475416005639125,happy,subject_03,subject_03_happy_session_01
24.972,0.06187289874633563,happy,subject_03,subject_03_happy_session_01
24.976,0.002423382574274326,happy,subject_03,subject_03_happy_session_01
24.98,0.03766390315391381,happy,subject_03,subject_03_happy_session_01
24.984,0.012085498109671841,happy,subject_03,subject_03_happy_session_01
24.988,0.06607766504582291,happy,subject_03,subject_03_happy_session_01
24.992,0.23048784300228198,happy,subject_03,subject_03_happy_session_01
24.996,0.24805924299143006,happy,subject_03,subject_03_happy_session_01
25.0,0.4221069520718745,happy,subject_03,subject_03_happy_session_01
25.004,0.5420102392202154,happy,subject_03,subject_03_happy_session_01
25.008,0.6324341268939706,happy,subject_03,subject_03_happy_session_01
25.012,0.8136157111191196,happy,subject_03,subject_03_happy_session_01
25.016,0.9426207467297271,happy,subject_03,subject_03_happy_session_01
25.02,1.0260008930634439,happy,subject_03,subject_03_happy_session_01
25.024,0.961612209744839,happy,subject_03,subject_03_happy_session_01
25.028,0.9608159797873679,happy,subject_03,subject_03_happy_session_01
25.032,0.9261262597499134,happy,subject_03,subject_03_happy_session_01
25.036,0.7621490108188892,happy,subject_03,subject_03_happy_session_01
25.04,0.6903645991774373,happy,subject_03,subject_03_happy_session_01
25.044,0.4870665016109162,happy,subject_03,subject_03_happy_session_01
25.048,0.3528784582842775,happy,subject_03,subject_03_happy_session_01
25.052,0.24673290952977586,happy,subject_03,subject_03_happy_session_01
25.056,0.053026041799504445,happy,subject_03,subject_03_happy_session_01
25.06,0.038892788581392085,happy,subject_03,subject_03_happy_session_01
25.064,-0.013470813748157444,happy,subject_03,subject_03_happy_session_01
25.068,-0.026892749950207517,happy,subject_03,subject_03_happy_session_01
25.072,-0.03663353911588659,happy,subject_03,subject_03_happy_session_01
25.076,-0.009347032490054304,happy,subject_03,subject_03_happy_session_01
25.08,-0.10025511835558985,happy,subject_03,subject_03_happy_session_01
25.084,0.06155709439013485,happy,subject_03,subject_03_happy_session_01
25.088,-0.01608091205040737,happy,subject_03,subject_03_happy_session_01
25.092,0.10204477908066455,happy,subject_03,subject_03_happy_session_01
25.096,0.01322226928410275,happy,subject_03,subject_03_happy_session_01
25.1,0.01642808696041531,happy,subject_03,subject_03_happy_session_01
25.104,0.06911046329919457,happy,subject_03,subject_03_happy_session_01
25.108,0.06779060154044765,happy,subject_03,subject_03_happy_session_01
25.112,0.07736938880626977,happy,subject_03,subject_03_happy_session_01
25.116,0.0776810473128106,happy,subject_03,subject_03_happy_session_01
25.12,0.06372842083529362,happy,subject_03,subject_03_happy_session_01
25.124,0.059658677150805486,happy,subject_03,subject_03_happy_session_01
25.128,0.09704684386965151,happy,subject_03,subject_03_happy_session_01
25.132,0.056873935235038905,happy,subject_03,subject_03_happy_session_01
25.136,0.08994725638647716,happy,subject_03,subject_03_happy_session_01
25.14,0.031428430207763494,happy,subject_03,subject_03_happy_session_01
25.144,0.1048757465025771,happy,subject_03,subject_03_happy_session_01
25.148,0.10494814693197795,happy,subject_03,subject_03_happy_session_01
25.152,0.1058521051709346,happy,subject_03,subject_03_happy_session_01
25.156,0.173043212590874,happy,subject_03,subject_03_happy_session_01
25.16,0.17193396874898714,happy,subject_03,subject_03_happy_session_01
25.164,0.1581382856094398,happy,subject_03,subject_03_happy_session_01
25.168,0.16410372923012848,happy,subject_03,subject_03_happy_session_01
25.172,0.14349506487403746,happy,subject_03,subject_03_happy_session_01
25.176,0.1576566811522154,happy,subject_03,subject_03_happy_session_01
25.18,0.1692892955324804,happy,subject_03,subject_03_happy_session_01
25.184,0.18259915703879864,happy,subject_03,subject_03_happy_session_01
25.188,0.17146267199127038,happy,subject_03,subject_03_happy_session_01
25.192,0.19544259826617716,happy,subject_03,subject_03_happy_session_01
25.196,0.18625392015378725,happy,subject_03,subject_03_happy_session_01
25.2,0.20625275265246024,happy,subject_03,subject_03_happy_session_01
25.204,0.23105640128134675,happy,subject_03,subject_03_happy_session_01
25.208,0.1833174481461144,happy,subject_03,subject_03_happy_session_01
25.212,0.21811242425259536,happy,subject_03,subject_03_happy_session_01
25.216,0.223150535345937,happy,subject_03,subject_03_happy_session_01
25.22,0.19164009576649732,happy,subject_03,subject_03_happy_session_01
25.224,0.28247888489314044,happy,subject_03,subject_03_happy_session_01
25.228,0.21109415731373854,happy,subject_03,subject_03_happy_session_01
25.232,0.2959725712940101,happy,subject_03,subject_03_happy_session_01
25.236,0.20429494748735194,happy,subject_03,subject_03_happy_session_01
25.24,0.20391297425265253,happy,subject_03,subject_03_happy_session_01
25.244,0.24907454868656526,happy,subject_03,subject_03_happy_session_01
25.248,0.2788051505327762,happy,subject_03,subject_03_happy_session_01
25.252,0.2821235347546012,happy,subject_03,subject_03_happy_session_01
25.256,0.31660558301286623,happy,subject_03,subject_03_happy_session_01
25.26,0.2467791197930677,happy,subject_03,subject_03_happy_session_01
25.264,0.3079192714762959,happy,subject_03,subject_03_happy_session_01
25.268,0.21863230895385066,happy,subject_03,subject_03_happy_session_01
25.272,0.24338232881956573,happy,subject_03,subject_03_happy_session_01
25.276,0.2679339050825307,happy,subject_03,subject_03_happy_session_01
25.28,0.23793390080907023,happy,subject_03,subject_03_happy_session_01
25.284,0.29427168134509574,happy,subject_03,subject_03_happy_session_01
25.288,0.2504040382231408,happy,subject_03,subject_03_happy_session_01
25.292,0.3057657017308688,happy,subject_03,subject_03_happy_session_01
25.296,0.2979488805307431,happy,subject_03,subject_03_happy_session_01
25.3,0.24025068315800058,happy,subject_03,subject_03_happy_session_01
25.304,0.24735742091413004,happy,subject_03,subject_03_happy_session_01
25.308,0.2518585867718468,happy,subject_03,subject_03_happy_session_01
25.312,0.29722201170363005,happy,subject_03,subject_03_happy_session_01
25.316,0.21123434174935543,happy,subject_03,subject_03_happy_session_01
25.32,0.15514731024388406,happy,subject_03,subject_03_happy_session_01
25.324,0.21705883041931986,happy,subject_03,subject_03_happy_session_01
25.328,0.19303882229620672,happy,subject_03,subject_03_happy_session_01
25.332,0.1646926656498678,happy,subject_03,subject_03_happy_session_01
25.336,0.20985962243423006,happy,subject_03,subject_03_happy_session_01
25.34,0.162754136485805,happy,subject_03,subject_03_happy_session_01
25.344,0.20818405261675627,happy,subject_03,subject_03_happy_session_01
25.348,0.1467120589983235,happy,subject_03,subject_03_happy_session_01
25.352,0.28458108041773883,happy,subject_03,subject_03_happy_session_01
25.356,0.21069707525913758,happy,subject_03,subject_03_happy_session_01
25.36,0.1404226632826076,happy,subject_03,subject_03_happy_session_01
25.364,0.13162529623621408,happy,subject_03,subject_03_happy_session_01
25.368,0.1446376521271696,happy,subject_03,subject_03_happy_session_01
25.372,0.16989644739108203,happy,subject_03,subject_03_happy_session_01
25.376,0.12151615077444877,happy,subject_03,subject_03_happy_session_01
25.38,0.08984404812305771,happy,subject_03,subject_03_happy_session_01
25.384,0.07331854218703132,happy,subject_03,subject_03_happy_session_01
25.388,0.11738527812783861,happy,subject_03,subject_03_happy_session_01
25.392,0.08698709624177306,happy,subject_03,subject_03_happy_session_01
25.396,0.11697216131131542,happy,subject_03,subject_03_happy_session_01
25.4,0.027797338143594794,happy,subject_03,subject_03_happy_session_01
25.404,0.11439108310291214,happy,subject_03,subject_03_happy_session_01
25.408,0.08276505910970225,happy,subject_03,subject_03_happy_session_01
25.412,0.029279143602281565,happy,subject_03,subject_03_happy_session_01
25.416,0.10060829847929927,happy,subject_03,subject_03_happy_session_01
25.42,0.1032184778280106,happy,subject_03,subject_03_happy_session_01
25.424,0.05597459310123869,happy,subject_03,subject_03_happy_session_01
25.428,0.10588784312480043,happy,subject_03,subject_03_happy_session_01
25.432,0.0351245784973576,happy,subject_03,subject_03_happy_session_01
25.436,0.002885688665845848,happy,subject_03,subject_03_happy_session_01
25.44,0.07813246358091394,happy,subject_03,subject_03_happy_session_01
25.444,0.05446556488761808,happy,subject_03,subject_03_happy_session_01
25.448,0.04385090037359158,happy,subject_03,subject_03_happy_session_01
25.452,0.10985188104735807,happy,subject_03,subject_03_happy_session_01
25.456,0.10022370282260776,happy,subject_03,subject_03_happy_session_01
25.46,0.1532716479604056,happy,subject_03,subject_03_happy_session_01
25.464,0.11386126567014164,happy,subject_03,subject_03_happy_session_01
25.468,0.12216540071302247,happy,subject_03,subject_03_happy_session_01
25.472,0.07585595797195516,happy,subject_03,subject_03_happy_session_01
25.476,0.03505667982185616,happy,subject_03,subject_03_happy_session_01
25.48,0.18256852737153148,happy,subject_03,subject_03_happy_session_01
25.484,0.13369396085650836,happy,subject_03,subject_03_happy_session_01
25.488,0.17531665277538694,happy,subject_03,subject_03_happy_session_01
25.492,0.08009093206141535,happy,subject_03,subject_03_happy_session_01
25.496,0.1583948088869644,happy,subject_03,subject_03_happy_session_01
25.5,0.13437680805412314,happy,subject_03,subject_03_happy_session_01
25.504,0.16187509729029814,happy,subject_03,subject_03_happy_session_01
25.508,0.14472904216595248,happy,subject_03,subject_03_happy_session_01
25.512,0.11539791598469362,happy,subject_03,subject_03_happy_session_01
25.516,0.13151671063282278,happy,subject_03,subject_03_happy_session_01
25.52,0.10690342810927808,happy,subject_03,subject_03_happy_session_01
25.524,0.14547534561143327,happy,subject_03,subject_03_happy_session_01
25.528,0.08462760777538318,happy,subject_03,subject_03_happy_session_01
25.532,0.08366614675991739,happy,subject_03,subject_03_happy_session_01
25.536,0.09793840152480325,happy,subject_03,subject_03_happy_session_01
25.54,0.12003367462535912,happy,subject_03,subject_03_happy_session_01
25.544,0.09503111192955668,happy,subject_03,subject_03_happy_session_01
25.548,0.07619011054620328,happy,subject_03,subject_03_happy_session_01
25.552,0.1189938736726602,happy,subject_03,subject_03_happy_session_01
25.556,0.09699767770398238,happy,subject_03,subject_03_happy_session_01
25.56,0.05477068476416441,happy,subject_03,subject_03_happy_session_01
25.564,0.028959751507428175,happy,subject_03,subject_03_happy_session_01
25.568,0.054100418083934634,happy,subject_03,subject_03_happy_session_01
25.572,0.03348883496372601,happy,subject_03,subject_03_happy_session_01
25.576,0.023651438588938267,happy,subject_03,subject_03_happy_session_01
25.58,0.07260632734763453,happy,subject_03,subject_03_happy_session_01
25.584,0.08186640276729623,happy,subject_03,subject_03_happy_session_01
25.588,0.03672970890000236,happy,subject_03,subject_03_happy_session_01
25.592,0.03535751514458737,happy,subject_03,subject_03_happy_session_01
25.596,0.006759473983490714,happy,subject_03,subject_03_happy_session_01
25.6,-0.007132511628168352,happy,subject_03,subject_03_happy_session_01
25.604,0.055675547819621266,happy,subject_03,subject_03_happy_session_01
25.608,-0.01861224484331303,happy,subject_03,subject_03_happy_session_01
25.612,0.0024729612363274117,happy,subject_03,subject_03_happy_session_01
25.616,-0.0001120651705635578,happy,subject_03,subject_03_happy_session_01
25.62,0.036280834133265855,happy,subject_03,subject_03_happy_session_01
25.624,0.013463391361728156,happy,subject_03,subject_03_happy_session_01
25.628,-0.0004832740807710449,happy,subject_03,subject_03_happy_session_01
25.632,0.06618645611993847,happy,subject_03,subject_03_happy_session_01
25.636,0.07477405210416826,happy,subject_03,subject_03_happy_session_01
25.64,0.030140312873292344,happy,subject_03,subject_03_happy_session_01
25.644,0.01959166540566882,happy,subject_03,subject_03_happy_session_01
25.648,-0.006187980367962295,happy,subject_03,subject_03_happy_session_01
25.652,0.006339758155191081,happy,subject_03,subject_03_happy_session_01
25.656,-0.0399966472350917,happy,subject_03,subject_03_happy_session_01
25.66,0.034530274662686274,happy,subject_03,subject_03_happy_session_01
25.664,0.0010272775078264311,happy,subject_03,subject_03_happy_session_01
25.668,0.002641346449641372,happy,subject_03,subject_03_happy_session_01
25.672,0.05919375307818416,happy,subject_03,subject_03_happy_session_01
25.676,0.16809406391112325,happy,subject_03,subject_03_happy_session_01
25.68,0.2365878432812104,happy,subject_03,subject_03_happy_session_01
25.684,0.34567003385390843,happy,subject_03,subject_03_happy_session_01
25.688,0.4442027406276485,happy,subject_03,subject_03_happy_session_01
25.692,0.662474917243619,happy,subject_03,subject_03_happy_session_01
25.696,0.8152543140782446,happy,subject_03,subject_03_happy_session_01
25.7,0.8958567988596281,happy,subject_03,subject_03_happy_session_01
25.704,0.9568317294125238,happy,subject_03,subject_03_happy_session_01
25.708,0.9680761628483789,happy,subject_03,subject_03_happy_session_01
25.712,0.9645852843362996,happy,subject_03,subject_03_happy_session_01
25.716,0.8592500481821868,happy,subject_03,subject_03_happy_session_01
25.72,0.7386833176847097,happy,subject_03,subject_03_happy_session_01
25.724,0.6136081442969861,happy,subject_03,subject_03_happy_session_01
25.728,0.5376890523371989,happy,subject_03,subject_03_happy_session_01
25.732,0.3999336731399734,happy,subject_03,subject_03_happy_session_01
25.736,0.2247919404878831,happy,subject_03,subject_03_happy_session_01
25.74,0.10012451183825885,happy,subject_03,subject_03_happy_session_01
25.744,-0.06323602036390034,happy,subject_03,subject_03_happy_session_01
25.748,0.05720203017775073,happy,subject_03,subject_03_happy_session_01
25.752,-0.03738675248123957,happy,subject_03,subject_03_happy_session_01
25.756,-0.08587320318350491,happy,subject_03,subject_03_happy_session_01
25.76,0.06035614767970395,happy,subject_03,subject_03_happy_session_01
25.764,-0.02019621996442895,happy,subject_03,subject_03_happy_session_01
25.768,0.02816235818912177,happy,subject_03,subject_03_happy_session_01
25.772,0.00047985271552576994,happy,subject_03,subject_03_happy_session_01
25.776,0.04045451738479165,happy,subject_03,subject_03_happy_session_01
25.78,0.050973373840230915,happy,subject_03,subject_03_happy_session_01
25.784,0.06163202175391945,happy,subject_03,subject_03_happy_session_01
25.788,0.08005734746013642,happy,subject_03,subject_03_happy_session_01
25.792,0.043783761762901816,happy,subject_03,subject_03_happy_session_01
25.796,0.04884942771455097,happy,subject_03,subject_03_happy_session_01
25.8,0.04310744396565653,happy,subject_03,subject_03_happy_session_01
25.804,0.011727345415967441,happy,subject_03,subject_03_happy_session_01
25.808,0.020339506619406117,happy,subject_03,subject_03_happy_session_01
25.812,0.04521637641385856,happy,subject_03,subject_03_happy_session_01
25.816,0.10445250825415908,happy,subject_03,subject_03_happy_session_01
25.82,0.0813000937918317,happy,subject_03,subject_03_happy_session_01
25.824,0.06639025772069762,happy,subject_03,subject_03_happy_session_01
25.828,0.06552711789052221,happy,subject_03,subject_03_happy_session_01
25.832,0.03928966904350492,happy,subject_03,subject_03_happy_session_01
25.836,0.05432057211309169,happy,subject_03,subject_03_happy_session_01
25.84,0.09710193024367458,happy,subject_03,subject_03_happy_session_01
25.844,0.09812365120898264,happy,subject_03,subject_03_happy_session_01
25.848,0.13145727417385367,happy,subject_03,subject_03_happy_session_01
25.852,0.10324016974616702,happy,subject_03,subject_03_happy_session_01
25.856,0.13747266314399526,happy,subject_03,subject_03_happy_session_01
25.86,0.07098592818686145,happy,subject_03,subject_03_happy_session_01
25.864,0.09846513736076123,happy,subject_03,subject_03_happy_session_01
25.868,0.14815646888737172,happy,subject_03,subject_03_happy_session_01
25.872,0.14682511114963348,happy,subject_03,subject_03_happy_session_01
25.876,0.17944906615328785,happy,subject_03,subject_03_happy_session_01
25.88,0.20217186285702352,happy,subject_03,subject_03_happy_session_01
25.884,0.2111464232997305,happy,subject_03,subject_03_happy_session_01
25.888,0.23122640839803854,happy,subject_03,subject_03_happy_session_01
25.892,0.24666336346144854,happy,subject_03,subject_03_happy_session_01
25.896,0.17753952653026012,happy,subject_03,subject_03_happy_session_01
25.9,0.27738275654643874,happy,subject_03,subject_03_happy_session_01
25.904,0.3046846970342274,happy,subject_03,subject_03_happy_session_01
25.908,0.16436408321440818,happy,subject_03,subject_03_happy_session_01
25.912,0.19541965396133834,happy,subject_03,subject_03_happy_session_01
25.916,0.23435438447955828,happy,subject_03,subject_03_happy_session_01
25.92,0.23519782011198687,happy,subject_03,subject_03_happy_session_01
25.924,0.1729433013605188,happy,subject_03,subject_03_happy_session_01
25.928,0.20316222089488548,happy,subject_03,subject_03_happy_session_01
25.932,0.24791475885009356,happy,subject_03,subject_03_happy_session_01
25.936,0.2361071518445448,happy,subject_03,subject_03_happy_session_01
25.94,0.2683010879422945,happy,subject_03,subject_03_happy_session_01
25.944,0.3172823657467316,happy,subject_03,subject_03_happy_session_01
25.948,0.20693872224038834,happy,subject_03,subject_03_happy_session_01
25.952,0.33255201937984147,happy,subject_03,subject_03_happy_session_01
25.956,0.31783412534064404,happy,subject_03,subject_03_happy_session_01
25.96,0.191402088886486,happy,subject_03,subject_03_happy_session_01
25.964,0.20921339468753006,happy,subject_03,subject_03_happy_session_01
25.968,0.23543155077857095,happy,subject_03,subject_03_happy_session_01
25.972,0.21415649070855608,happy,subject_03,subject_03_happy_session_01
25.976,0.265259533259312,happy,subject_03,subject_03_happy_session_01
25.98,0.2639001066258598,happy,subject_03,subject_03_happy_session_01
25.984,0.24285887619423963,happy,subject_03,subject_03_happy_session_01
25.988,0.2466958436777006,happy,subject_03,subject_03_happy_session_01
25.992,0.22412044433238554,happy,subject_03,subject_03_happy_session_01
25.996,0.23742169102802804,happy,subject_03,subject_03_happy_session_01
26.0,0.2847898848578979,happy,subject_03,subject_03_happy_session_01
26.004,0.12821044317621544,happy,subject_03,subject_03_happy_session_01
26.008,0.20593393212544406,happy,subject_03,subject_03_happy_session_01
26.012,0.21482031786619846,happy,subject_03,subject_03_happy_session_01
26.016,0.18807671012088947,happy,subject_03,subject_03_happy_session_01
26.02,0.19523974202123978,happy,subject_03,subject_03_happy_session_01
26.024,0.21882538438311402,happy,subject_03,subject_03_happy_session_01
26.028,0.15124769144040673,happy,subject_03,subject_03_happy_session_01
26.032,0.23898874767088807,happy,subject_03,subject_03_happy_session_01
26.036,0.102022693839679,happy,subject_03,subject_03_happy_session_01
26.04,0.1680293406201452,happy,subject_03,subject_03_happy_session_01
26.044,0.13820181467484205,happy,subject_03,subject_03_happy_session_01
26.048,0.14022686195512207,happy,subject_03,subject_03_happy_session_01
26.052,0.15036545159497627,happy,subject_03,subject_03_happy_session_01
26.056,0.09484057039876828,happy,subject_03,subject_03_happy_session_01
26.06,0.1480313644919511,happy,subject_03,subject_03_happy_session_01
26.064,0.17180500220750364,happy,subject_03,subject_03_happy_session_01
26.068,0.08605274320277218,happy,subject_03,subject_03_happy_session_01
26.072,0.07193727289961685,happy,subject_03,subject_03_happy_session_01
26.076,0.12857275547057512,happy,subject_03,subject_03_happy_session_01
26.08,0.11330536652621412,happy,subject_03,subject_03_happy_session_01
26.084,0.019204324778666293,happy,subject_03,subject_03_happy_session_01
26.088,0.08890203453795643,happy,subject_03,subject_03_happy_session_01
26.092,0.09276942138608033,happy,subject_03,subject_03_happy_session_01
26.096,0.06032385624549208,happy,subject_03,subject_03_happy_session_01
26.1,0.11193793049597003,happy,subject_03,subject_03_happy_session_01
26.104,0.0010403814719112392,happy,subject_03,subject_03_happy_session_01
26.108,-0.019702058494245,happy,subject_03,subject_03_happy_session_01
26.112,0.09181339467318084,happy,subject_03,subject_03_happy_session_01
26.116,0.02568943278428714,happy,subject_03,subject_03_happy_session_01
26.12,0.05314093658083937,happy,subject_03,subject_03_happy_session_01
26.124,0.015501039166767247,happy,subject_03,subject_03_happy_session_01
26.128,0.08635175280011238,happy,subject_03,subject_03_happy_session_01
26.132,0.07033688663143547,happy,subject_03,subject_03_happy_session_01
26.136,0.056126497260848035,happy,subject_03,subject_03_happy_session_01
26.14,0.020321333301120445,happy,subject_03,subject_03_happy_session_01
26.144,0.061023980788258436,happy,subject_03,subject_03_happy_session_01
26.148,0.08165554029587162,happy,subject_03,subject_03_happy_session_01
26.152,0.054858463016954614,happy,subject_03,subject_03_happy_session_01
26.156,0.05959897682500987,happy,subject_03,subject_03_happy_session_01
26.16,0.0808678269701402,happy,subject_03,subject_03_happy_session_01
26.164,0.10741150254410647,happy,subject_03,subject_03_happy_session_01
26.168,0.10172120696148979,happy,subject_03,subject_03_happy_session_01
26.172,0.1307283862713193,happy,subject_03,subject_03_happy_session_01
26.176,0.08864257558602813,happy,subject_03,subject_03_happy_session_01
26.18,0.12890332556900003,happy,subject_03,subject_03_happy_session_01
26.184,0.053696853502121555,happy,subject_03,subject_03_happy_session_01
26.188,0.1088218946991861,happy,subject_03,subject_03_happy_session_01
26.192,0.10663407494512925,happy,subject_03,subject_03_happy_session_01
26.196,0.17602563694749734,happy,subject_03,subject_03_happy_session_01
26.2,0.06828716931770584,happy,subject_03,subject_03_happy_session_01
26.204,0.04723973559374363,happy,subject_03,subject_03_happy_session_01
26.208,0.05918929354947042,happy,subject_03,subject_03_happy_session_01
26.212,0.06029270232602113,happy,subject_03,subject_03_happy_session_01
26.216,0.09249525448938345,happy,subject_03,subject_03_happy_session_01
26.22,0.029303621350428216,happy,subject_03,subject_03_happy_session_01
26.224,0.08041773018692276,happy,subject_03,subject_03_happy_session_01
26.228,0.06415202376964788,happy,subject_03,subject_03_happy_session_01
26.232,0.08940110452039145,happy,subject_03,subject_03_happy_session_01
26.236,0.07341802050999688,happy,subject_03,subject_03_happy_session_01
26.24,0.0750764202548963,happy,subject_03,subject_03_happy_session_01
26.244,0.05769703076214379,happy,subject_03,subject_03_happy_session_01
26.248,0.07594648151138461,happy,subject_03,subject_03_happy_session_01
26.252,-0.022320173508751408,happy,subject_03,subject_03_happy_session_01
26.256,-0.026057469092346748,happy,subject_03,subject_03_happy_session_01
26.26,0.019507136969148964,happy,subject_03,subject_03_happy_session_01
26.264,0.018847907903498443,happy,subject_03,subject_03_happy_session_01
26.268,-0.023926673163334945,happy,subject_03,subject_03_happy_session_01
26.272,0.027895763234774624,happy,subject_03,subject_03_happy_session_01
26.276,-0.04063483981975832,happy,subject_03,subject_03_happy_session_01
26.28,-0.007285928761236032,happy,subject_03,subject_03_happy_session_01
26.284,-0.0011234256000023613,happy,subject_03,subject_03_happy_session_01
26.288,0.01725298596565302,happy,subject_03,subject_03_happy_session_01
26.292,-0.0223958494754057,happy,subject_03,subject_03_happy_session_01
26.296,0.036073793877006675,happy,subject_03,subject_03_happy_session_01
26.3,0.05085852906274562,happy,subject_03,subject_03_happy_session_01
26.304,0.044618754950285625,happy,subject_03,subject_03_happy_session_01
26.308,0.052986070397192137,happy,subject_03,subject_03_happy_session_01
26.312,0.026096157246804377,happy,subject_03,subject_03_happy_session_01
26.316,0.009465139753069413,happy,subject_03,subject_03_happy_session_01
26.32,-0.03919203434595797,happy,subject_03,subject_03_happy_session_01
26.324,-0.0339320354361183,happy,subject_03,subject_03_happy_session_01
26.328,0.017073402337195606,happy,subject_03,subject_03_happy_session_01
26.332,-0.08160237991394707,happy,subject_03,subject_03_happy_session_01
26.336,0.022605926989503387,happy,subject_03,subject_03_happy_session_01
26.34,-0.049745936879864366,happy,subject_03,subject_03_happy_session_01
26.344,-0.049473493587375024,happy,subject_03,subject_03_happy_session_01
26.348,0.0020868928507732573,happy,subject_03,subject_03_happy_session_01
26.352,0.005817957469254676,happy,subject_03,subject_03_happy_session_01
26.356,0.025412809051540718,happy,subject_03,subject_03_happy_session_01
26.36,0.08080191218173363,happy,subject_03,subject_03_happy_session_01
26.364,0.1623255992834848,happy,subject_03,subject_03_happy_session_01
26.368,0.26682828913231826,happy,subject_03,subject_03_happy_session_01
26.372,0.5378607681972624,happy,subject_03,subject_03_happy_session_01
26.376,0.626952014397572,happy,subject_03,subject_03_happy_session_01
26.38,0.7403438282538978,happy,subject_03,subject_03_happy_session_01
26.384,0.9086796570946193,happy,subject_03,subject_03_happy_session_01
26.388,0.9267207267872573,happy,subject_03,subject_03_happy_session_01
26.392,0.950262548733697,happy,subject_03,subject_03_happy_session_01
26.396,0.9887983190984656,happy,subject_03,subject_03_happy_session_01
26.4,0.8936313851614717,happy,subject_03,subject_03_happy_session_01
26.404,0.7537701376861584,happy,subject_03,subject_03_happy_session_01
26.408,0.5804477618565971,happy,subject_03,subject_03_happy_session_01
26.412,0.44942617634456805,happy,subject_03,subject_03_happy_session_01
26.416,0.30803384663049105,happy,subject_03,subject_03_happy_session_01
26.42,0.1621404525042645,happy,subject_03,subject_03_happy_session_01
26.424,0.08963392017029015,happy,subject_03,subject_03_happy_session_01
26.428,-0.06088090345998051,happy,subject_03,subject_03_happy_session_01
26.432,-0.07589549646565516,happy,subject_03,subject_03_happy_session_01
26.436,-0.061985903956292554,happy,subject_03,subject_03_happy_session_01
26.44,-0.09777887390165309,happy,subject_03,subject_03_happy_session_01
26.444,-0.03062848079001107,happy,subject_03,subject_03_happy_session_01
26.448,-3.42675394907066e-05,happy,subject_03,subject_03_happy_session_01
26.452,-0.02920848219167603,happy,subject_03,subject_03_happy_session_01
26.456,-0.005328228387432561,happy,subject_03,subject_03_happy_session_01
26.46,-0.016897238715794197,happy,subject_03,subject_03_happy_session_01
26.464,-0.013432582140046638,happy,subject_03,subject_03_happy_session_01
26.468,0.04634041190498541,happy,subject_03,subject_03_happy_session_01
26.472,-0.02419522794868302,happy,subject_03,subject_03_happy_session_01
26.476,0.037258626388198546,happy,subject_03,subject_03_happy_session_01
26.48,-0.005731847682385062,happy,subject_03,subject_03_happy_session_01
26.484,-0.014754422011726564,happy,subject_03,subject_03_happy_session_01
26.488,0.053648416575287114,happy,subject_03,subject_03_happy_session_01
26.492,0.04652106811618237,happy,subject_03,subject_03_happy_session_01
26.496,0.003325302420869463,happy,subject_03,subject_03_happy_session_01
26.5,0.024620273045750547,happy,subject_03,subject_03_happy_session_01
26.504,0.030749659017677726,happy,subject_03,subject_03_happy_session_01
26.508,0.04821283737746462,happy,subject_03,subject_03_happy_session_01
26.512,0.02800944550506154,happy,subject_03,subject_03_happy_session_01
26.516,0.11134842644041411,happy,subject_03,subject_03_happy_session_01
26.52,0.017463181180428666,happy,subject_03,subject_03_happy_session_01
26.524,0.00916401963260758,happy,subject_03,subject_03_happy_session_01
26.528,0.06433249909216719,happy,subject_03,subject_03_happy_session_01
26.532,0.005307918728734415,happy,subject_03,subject_03_happy_session_01
26.536,0.054339394864721155,happy,subject_03,subject_03_happy_session_01
26.54,0.0662291634345434,happy,subject_03,subject_03_happy_session_01
26.544,0.09593906082575675,happy,subject_03,subject_03_happy_session_01
26.548,0.0956774510187467,happy,subject_03,subject_03_happy_session_01
26.552,0.11814147687813834,happy,subject_03,subject_03_happy_session_01
26.556,0.08996440649148782,happy,subject_03,subject_03_happy_session_01
26.56,0.11146235887945435,happy,subject_03,subject_03_happy_session_01
26.564,0.1524237056551014,happy,subject_03,subject_03_happy_session_01
26.568,0.06018140142090861,happy,subject_03,subject_03_happy_session_01
26.572,0.16171923727740228,happy,subject_03,subject_03_happy_session_01
26.576,0.07921661189608097,happy,subject_03,subject_03_happy_session_01
26.58,0.16179420498250827,happy,subject_03,subject_03_happy_session_01
26.584,0.18658073697613545,happy,subject_03,subject_03_happy_session_01
26.588,0.1858871010982329,happy,subject_03,subject_03_happy_session_01
26.592,0.15987234412116924,happy,subject_03,subject_03_happy_session_01
26.596,0.19672420492786025,happy,subject_03,subject_03_happy_session_01
26.6,0.16054901118371973,happy,subject_03,subject_03_happy_session_01
26.604,0.24730572285405156,happy,subject_03,subject_03_happy_session_01
26.608,0.23300332472310706,happy,subject_03,subject_03_happy_session_01
26.612,0.17519992370832593,happy,subject_03,subject_03_happy_session_01
26.616,0.2606137371758669,happy,subject_03,subject_03_happy_session_01
26.62,0.22271377551484378,happy,subject_03,subject_03_happy_session_01
26.624,0.1792881019154623,happy,subject_03,subject_03_happy_session_01
26.628,0.262038368044818,happy,subject_03,subject_03_happy_session_01
26.632,0.28044936184253577,happy,subject_03,subject_03_happy_session_01
26.636,0.21511600518447532,happy,subject_03,subject_03_happy_session_01
26.64,0.23740079104968018,happy,subject_03,subject_03_happy_session_01
26.644,0.2240333253092611,happy,subject_03,subject_03_happy_session_01
26.648,0.24404868710494615,happy,subject_03,subject_03_happy_session_01
26.652,0.2502495075068771,happy,subject_03,subject_03_happy_session_01
26.656,0.254993569066523,happy,subject_03,subject_03_happy_session_01
26.66,0.15326143723060248,happy,subject_03,subject_03_happy_session_01
26.664,0.19667818090355146,happy,subject_03,subject_03_happy_session_01
26.668,0.24492635953925435,happy,subject_03,subject_03_happy_session_01
26.672,0.18249886695466624,happy,subject_03,subject_03_happy_session_01
26.676,0.21438306233504112,happy,subject_03,subject_03_happy_session_01
26.68,0.16498757174070028,happy,subject_03,subject_03_happy_session_01
26.684,0.2151885312366111,happy,subject_03,subject_03_happy_session_01
26.688,0.18678236763904718,happy,subject_03,subject_03_happy_session_01
26.692,0.20026733069056735,happy,subject_03,subject_03_happy_session_01
26.696,0.18629934590365618,happy,subject_03,subject_03_happy_session_01
26.7,0.11637393731505369,happy,subject_03,subject_03_happy_session_01
26.704,0.23173969157937258,happy,subject_03,subject_03_happy_session_01
26.708,0.10532599406575871,happy,subject_03,subject_03_happy_session_01
26.712,0.23064142586065772,happy,subject_03,subject_03_happy_session_01
26.716,0.06050920432368721,happy,subject_03,subject_03_happy_session_01
26.72,0.1309260299775991,happy,subject_03,subject_03_happy_session_01
26.724,0.07170564083417298,happy,subject_03,subject_03_happy_session_01
26.728,0.16999648555047125,happy,subject_03,subject_03_happy_session_01
26.732,0.07050527856361646,happy,subject_03,subject_03_happy_session_01
26.736,0.060382528023905126,happy,subject_03,subject_03_happy_session_01
26.74,0.09277483432566243,happy,subject_03,subject_03_happy_session_01
26.744,0.13472538161313463,happy,subject_03,subject_03_happy_session_01
26.748,0.121160794137943,happy,subject_03,subject_03_happy_session_01
26.752,0.06385293560117039,happy,subject_03,subject_03_happy_session_01
26.756,0.054404222982714294,happy,subject_03,subject_03_happy_session_01
26.76,0.07821926018387709,happy,subject_03,subject_03_happy_session_01
26.764,0.052679471442425733,happy,subject_03,subject_03_happy_session_01
26.768,0.0527411396378593,happy,subject_03,subject_03_happy_session_01
26.772,0.040637684778284104,happy,subject_03,subject_03_happy_session_01
26.776,0.06315489696536733,happy,subject_03,subject_03_happy_session_01
26.78,0.054303117612362145,happy,subject_03,subject_03_happy_session_01
26.784,0.0890719338196623,happy,subject_03,subject_03_happy_session_01
26.788,0.011422007450155258,happy,subject_03,subject_03_happy_session_01
26.792,0.009595668929638375,happy,subject_03,subject_03_happy_session_01
26.796,0.028075298800340123,happy,subject_03,subject_03_happy_session_01
26.8,0.02397002036726109,happy,subject_03,subject_03_happy_session_01
26.804,0.06158619883810454,happy,subject_03,subject_03_happy_session_01
26.808,-0.004604877570151669,happy,subject_03,subject_03_happy_session_01
26.812,0.07826286573756594,happy,subject_03,subject_03_happy_session_01
26.816,0.025873016686915454,happy,subject_03,subject_03_happy_session_01
26.82,0.0796654808437472,happy,subject_03,subject_03_happy_session_01
26.824,0.12981174744061685,happy,subject_03,subject_03_happy_session_01
26.828,0.08037573426278383,happy,subject_03,subject_03_happy_session_01
26.832,0.06979647915267616,happy,subject_03,subject_03_happy_session_01
26.836,0.09060442933440868,happy,subject_03,subject_03_happy_session_01
26.84,0.04493633692912485,happy,subject_03,subject_03_happy_session_01
26.844,0.068066160083188,happy,subject_03,subject_03_happy_session_01
26.848,0.03879476444127393,happy,subject_03,subject_03_happy_session_01
26.852,0.044211989385395875,happy,subject_03,subject_03_happy_session_01
26.856,0.07913066509053665,happy,subject_03,subject_03_happy_session_01
26.86,0.0740435161320626,happy,subject_03,subject_03_happy_session_01
26.864,0.08760211045366038,happy,subject_03,subject_03_happy_session_01
26.868,0.0783933862529755,happy,subject_03,subject_03_happy_session_01
26.872,0.06433609414785703,happy,subject_03,subject_03_happy_session_01
26.876,0.10636735794184282,happy,subject_03,subject_03_happy_session_01
26.88,0.05152060115181617,happy,subject_03,subject_03_happy_session_01
26.884,0.08029850777842351,happy,subject_03,subject_03_happy_session_01
26.888,0.10935627069560495,happy,subject_03,subject_03_happy_session_01
26.892,0.09103934044106606,happy,subject_03,subject_03_happy_session_01
26.896,0.06161109068931379,happy,subject_03,subject_03_happy_session_01
26.9,-0.004359297508611214,happy,subject_03,subject_03_happy_session_01
26.904,0.04202245892201126,happy,subject_03,subject_03_happy_session_01
26.908,0.12333633593649249,happy,subject_03,subject_03_happy_session_01
26.912,0.035072720740234015,happy,subject_03,subject_03_happy_session_01
26.916,0.03816970226808684,happy,subject_03,subject_03_happy_session_01
26.92,0.038784513982732374,happy,subject_03,subject_03_happy_session_01
26.924,0.042301347200194295,happy,subject_03,subject_03_happy_session_01
26.928,-0.001015073295852112,happy,subject_03,subject_03_happy_session_01
26.932,0.04316906031686352,happy,subject_03,subject_03_happy_session_01
26.936,0.025876804059372715,happy,subject_03,subject_03_happy_session_01
26.94,-0.05352289947824376,happy,subject_03,subject_03_happy_session_01
26.944,-0.08678844179067338,happy,subject_03,subject_03_happy_session_01
26.948,-0.020707549454597237,happy,subject_03,subject_03_happy_session_01
26.952,-0.048120264331760976,happy,subject_03,subject_03_happy_session_01
26.956,0.0016174709211385589,happy,subject_03,subject_03_happy_session_01
26.96,-0.025422459328365444,happy,subject_03,subject_03_happy_session_01
26.964,0.0013709261240291062,happy,subject_03,subject_03_happy_session_01
26.968,-0.0006003626930269415,happy,subject_03,subject_03_happy_session_01
26.972,-0.054828479512272196,happy,subject_03,subject_03_happy_session_01
26.976,-0.03419910838908292,happy,subject_03,subject_03_happy_session_01
26.98,-0.042369950607011445,happy,subject_03,subject_03_happy_session_01
26.984,0.008337929800437124,happy,subject_03,subject_03_happy_session_01
26.988,-0.03156699881889629,happy,subject_03,subject_03_happy_session_01
26.992,0.017452873030936168,happy,subject_03,subject_03_happy_session_01
26.996,0.018635345127739837,happy,subject_03,subject_03_happy_session_01
27.0,-0.03252355752235524,happy,subject_03,subject_03_happy_session_01
27.004,-0.04924916979967804,happy,subject_03,subject_03_happy_session_01
27.008,-0.06021550646647514,happy,subject_03,subject_03_happy_session_01
27.012,-0.006498723643715145,happy,subject_03,subject_03_happy_session_01
27.016,-0.03782728850321891,happy,subject_03,subject_03_happy_session_01
27.02,-0.06410549723901048,happy,subject_03,subject_03_happy_session_01
27.024,-0.011838013891011835,happy,subject_03,subject_03_happy_session_01
27.028,-0.01327888874674827,happy,subject_03,subject_03_happy_session_01
27.032,-0.07263388748206032,happy,subject_03,subject_03_happy_session_01
27.036,-0.005542048528074092,happy,subject_03,subject_03_happy_session_01
27.04,0.046671349472814136,happy,subject_03,subject_03_happy_session_01
27.044,0.15837031471897584,happy,subject_03,subject_03_happy_session_01
27.048,0.19540579819263612,happy,subject_03,subject_03_happy_session_01
27.052,0.3290283463042427,happy,subject_03,subject_03_happy_session_01
27.056,0.49644185454127765,happy,subject_03,subject_03_happy_session_01
27.06,0.6657739685260221,happy,subject_03,subject_03_happy_session_01
27.064,0.7724775015544485,happy,subject_03,subject_03_happy_session_01
27.068,0.8774500375234966,happy,subject_03,subject_03_happy_session_01
27.072,0.9217108013590999,happy,subject_03,subject_03_happy_session_01
27.076,0.9530667441483808,happy,subject_03,subject_03_happy_session_01
27.08,0.9296660733279762,happy,subject_03,subject_03_happy_session_01
27.084,0.8801230655289276,happy,subject_03,subject_03_happy_session_01
27.088,0.7511474185779891,happy,subject_03,subject_03_happy_session_01
27.092,0.5639841265465276,happy,subject_03,subject_03_happy_session_01
27.096,0.459431679245059,happy,subject_03,subject_03_happy_session_01
27.1,0.2704161336902029,happy,subject_03,subject_03_happy_session_01
27.104,0.1364841244056532,happy,subject_03,subject_03_happy_session_01
27.108,0.062984007370394,happy,subject_03,subject_03_happy_session_01
27.112,-0.005437765399894972,happy,subject_03,subject_03_happy_session_01
27.116,-0.0654265932109924,happy,subject_03,subject_03_happy_session_01
27.12,-0.026465187708266835,happy,subject_03,subject_03_happy_session_01
27.124,-0.15366311430424895,happy,subject_03,subject_03_happy_session_01
27.128,-0.04030914962748955,happy,subject_03,subject_03_happy_session_01
27.132,-0.0919558844332025,happy,subject_03,subject_03_happy_session_01
27.136,-0.04164023094857263,happy,subject_03,subject_03_happy_session_01
27.14,-0.027449678646103832,happy,subject_03,subject_03_happy_session_01
27.144,-0.02072300836813927,happy,subject_03,subject_03_happy_session_01
27.148,-0.04399327313410396,happy,subject_03,subject_03_happy_session_01
27.152,-0.05483402601894083,happy,subject_03,subject_03_happy_session_01
27.156,-0.07076781282390213,happy,subject_03,subject_03_happy_session_01
27.16,-0.007310616319955182,happy,subject_03,subject_03_happy_session_01
27.164,0.008073569237664157,happy,subject_03,subject_03_happy_session_01
27.168,0.027655043030967625,happy,subject_03,subject_03_happy_session_01
27.172,0.05121697357635557,happy,subject_03,subject_03_happy_session_01
27.176,0.043943468051549216,happy,subject_03,subject_03_happy_session_01
27.18,0.053344636042249725,happy,subject_03,subject_03_happy_session_01
27.184,-0.01175284102982875,happy,subject_03,subject_03_happy_session_01
27.188,0.06670234380939474,happy,subject_03,subject_03_happy_session_01
27.192,0.0462180698246345,happy,subject_03,subject_03_happy_session_01
27.196,-0.007011060173403416,happy,subject_03,subject_03_happy_session_01
27.2,0.08155876715410654,happy,subject_03,subject_03_happy_session_01
27.204,0.019093023991691313,happy,subject_03,subject_03_happy_session_01
27.208,0.01985322642954332,happy,subject_03,subject_03_happy_session_01
27.212,0.11649552962306406,happy,subject_03,subject_03_happy_session_01
27.216,0.07750854002374126,happy,subject_03,subject_03_happy_session_01
27.22,0.03947973982955328,happy,subject_03,subject_03_happy_session_01
27.224,0.06419197828422187,happy,subject_03,subject_03_happy_session_01
27.228,0.12726166671240902,happy,subject_03,subject_03_happy_session_01
27.232,0.0555689662319749,happy,subject_03,subject_03_happy_session_01
27.236,0.100123448304796,happy,subject_03,subject_03_happy_session_01
27.24,0.10767891321452425,happy,subject_03,subject_03_happy_session_01
27.244,0.2155708376995153,happy,subject_03,subject_03_happy_session_01
27.248,0.07691563952534392,happy,subject_03,subject_03_happy_session_01
27.252,0.08599545988649926,happy,subject_03,subject_03_happy_session_01
27.256,0.1232906473882376,happy,subject_03,subject_03_happy_session_01
27.26,0.1282103453939995,happy,subject_03,subject_03_happy_session_01
27.264,0.15917025314108382,happy,subject_03,subject_03_happy_session_01
27.268,0.1485925872505415,happy,subject_03,subject_03_happy_session_01
27.272,0.20166119562786375,happy,subject_03,subject_03_happy_session_01
27.276,0.1817534162185044,happy,subject_03,subject_03_happy_session_01
27.28,0.1512299277622671,happy,subject_03,subject_03_happy_session_01
27.284,0.18269748006348388,happy,subject_03,subject_03_happy_session_01
27.288,0.18716611090803398,happy,subject_03,subject_03_happy_session_01
27.292,0.241828937023648,happy,subject_03,subject_03_happy_session_01
27.296,0.23679450788304804,happy,subject_03,subject_03_happy_session_01
27.3,0.2356983274902462,happy,subject_03,subject_03_happy_session_01
27.304,0.18895450333605243,happy,subject_03,subject_03_happy_session_01
27.308,0.2284809659720794,happy,subject_03,subject_03_happy_session_01
27.312,0.17976611902489437,happy,subject_03,subject_03_happy_session_01
27.316,0.24485630567395694,happy,subject_03,subject_03_happy_session_01
27.32,0.2659242342236791,happy,subject_03,subject_03_happy_session_01
27.324,0.15103327545168924,happy,subject_03,subject_03_happy_session_01
27.328,0.2212249051771956,happy,subject_03,subject_03_happy_session_01
27.332,0.22065964122185713,happy,subject_03,subject_03_happy_session_01
27.336,0.25441076270722296,happy,subject_03,subject_03_happy_session_01
27.34,0.20027454323272176,happy,subject_03,subject_03_happy_session_01
27.344,0.19743410175932818,happy,subject_03,subject_03_happy_session_01
27.348,0.2213611727667413,happy,subject_03,subject_03_happy_session_01
27.352,0.2335629462241616,happy,subject_03,subject_03_happy_session_01
27.356,0.2154967616272686,happy,subject_03,subject_03_happy_session_01
27.36,0.2346294532427728,happy,subject_03,subject_03_happy_session_01
27.364,0.22293111981246855,happy,subject_03,subject_03_happy_session_01
27.368,0.17531789756890423,happy,subject_03,subject_03_happy_session_01
27.372,0.18845883394062296,happy,subject_03,subject_03_happy_session_01
27.376,0.2007234673847869,happy,subject_03,subject_03_happy_session_01
27.38,0.14732035605909935,happy,subject_03,subject_03_happy_session_01
27.384,0.1445461899530194,happy,subject_03,subject_03_happy_session_01
27.388,0.11033049126110167,happy,subject_03,subject_03_happy_session_01
27.392,0.1955934691764018,happy,subject_03,subject_03_happy_session_01
27.396,0.22292191436764075,happy,subject_03,subject_03_happy_session_01
27.4,0.11601899851370331,happy,subject_03,subject_03_happy_session_01
27.404,0.15249306355782824,happy,subject_03,subject_03_happy_session_01
27.408,0.1686912770650207,happy,subject_03,subject_03_happy_session_01
27.412,0.07679901358141769,happy,subject_03,subject_03_happy_session_01
27.416,0.12261734816912273,happy,subject_03,subject_03_happy_session_01
27.42,0.14980491836512017,happy,subject_03,subject_03_happy_session_01
27.424,0.08723540779707625,happy,subject_03,subject_03_happy_session_01
27.428,0.08702038281539892,happy,subject_03,subject_03_happy_session_01
27.432,0.13174975526706115,happy,subject_03,subject_03_happy_session_01
27.436,0.06244768539597832,happy,subject_03,subject_03_happy_session_01
27.44,0.05136770040699702,happy,subject_03,subject_03_happy_session_01
27.444,0.05956666758530537,happy,subject_03,subject_03_happy_session_01
27.448,0.12476445872893725,happy,subject_03,subject_03_happy_session_01
27.452,0.08441347893851127,happy,subject_03,subject_03_happy_session_01
27.456,0.07127087965852746,happy,subject_03,subject_03_happy_session_01
27.46,0.06728448834853826,happy,subject_03,subject_03_happy_session_01
27.464,0.006763827927386654,happy,subject_03,subject_03_happy_session_01
27.468,0.06310145278758818,happy,subject_03,subject_03_happy_session_01
27.472,0.026777438874270244,happy,subject_03,subject_03_happy_session_01
27.476,0.03372069705423346,happy,subject_03,subject_03_happy_session_01
27.48,0.031227187240499197,happy,subject_03,subject_03_happy_session_01
27.484,0.0728784845937882,happy,subject_03,subject_03_happy_session_01
27.488,0.10455352908753146,happy,subject_03,subject_03_happy_session_01
27.492,0.009721079635574021,happy,subject_03,subject_03_happy_session_01
27.496,0.08092532771024379,happy,subject_03,subject_03_happy_session_01
27.5,0.04055346216131293,happy,subject_03,subject_03_happy_session_01
27.504,0.07620895357341192,happy,subject_03,subject_03_happy_session_01
27.508,0.06327377830189052,happy,subject_03,subject_03_happy_session_01
27.512,0.03471290286806128,happy,subject_03,subject_03_happy_session_01
27.516,0.03784662888167076,happy,subject_03,subject_03_happy_session_01
27.52,0.056285102335243024,happy,subject_03,subject_03_happy_session_01
27.524,0.08023745810161481,happy,subject_03,subject_03_happy_session_01
27.528,0.0888944759080052,happy,subject_03,subject_03_happy_session_01
27.532,0.17915104483351868,happy,subject_03,subject_03_happy_session_01
27.536,0.0977152652444229,happy,subject_03,subject_03_happy_session_01
27.54,0.03626634443856593,happy,subject_03,subject_03_happy_session_01
27.544,0.128288955418443,happy,subject_03,subject_03_happy_session_01
27.548,0.10714766674259465,happy,subject_03,subject_03_happy_session_01
27.552,0.08198899072381786,happy,subject_03,subject_03_happy_session_01
27.556,0.04961559951938781,happy,subject_03,subject_03_happy_session_01
27.56,0.07865900088999413,happy,subject_03,subject_03_happy_session_01
27.564,0.12868216737658522,happy,subject_03,subject_03_happy_session_01
27.568,0.10372272565885045,happy,subject_03,subject_03_happy_session_01
27.572,0.13163099723522806,happy,subject_03,subject_03_happy_session_01
27.576,0.12697360337554914,happy,subject_03,subject_03_happy_session_01
27.58,0.08513236045882214,happy,subject_03,subject_03_happy_session_01
27.584,-0.0362480724769908,happy,subject_03,subject_03_happy_session_01
27.588,0.03798517111042786,happy,subject_03,subject_03_happy_session_01
27.592,0.010841667368423888,happy,subject_03,subject_03_happy_session_01
27.596,0.10936021884630785,happy,subject_03,subject_03_happy_session_01
27.6,0.07251153598869345,happy,subject_03,subject_03_happy_session_01
27.604,0.04159782844861974,happy,subject_03,subject_03_happy_session_01
27.608,0.025585218056330454,happy,subject_03,subject_03_happy_session_01
27.612,0.07649570203391781,happy,subject_03,subject_03_happy_session_01
27.616,0.0019823197249177783,happy,subject_03,subject_03_happy_session_01
27.62,-0.016639376072487954,happy,subject_03,subject_03_happy_session_01
27.624,-0.024284310999038102,happy,subject_03,subject_03_happy_session_01
27.628,0.023316125606817083,happy,subject_03,subject_03_happy_session_01
27.632,-0.012995646597492534,happy,subject_03,subject_03_happy_session_01
27.636,0.04676546718861259,happy,subject_03,subject_03_happy_session_01
27.64,0.007961426458518415,happy,subject_03,subject_03_happy_session_01
27.644,-0.04369009496155477,happy,subject_03,subject_03_happy_session_01
27.648,-0.006035039196299964,happy,subject_03,subject_03_happy_session_01
27.652,-0.03418611954331586,happy,subject_03,subject_03_happy_session_01
27.656,-0.00654191291639438,happy,subject_03,subject_03_happy_session_01
27.66,0.03423461732943939,happy,subject_03,subject_03_happy_session_01
27.664,-0.010823549857628728,happy,subject_03,subject_03_happy_session_01
27.668,-0.030021267988453757,happy,subject_03,subject_03_happy_session_01
27.672,0.007865545472425716,happy,subject_03,subject_03_happy_session_01
27.676,-0.023418312640889137,happy,subject_03,subject_03_happy_session_01
27.68,0.009591201125355263,happy,subject_03,subject_03_happy_session_01
27.684,0.001798253774954876,happy,subject_03,subject_03_happy_session_01
27.688,-0.04716457430900341,happy,subject_03,subject_03_happy_session_01
27.692,-0.0571504994216812,happy,subject_03,subject_03_happy_session_01
27.696,-0.025806373475328243,happy,subject_03,subject_03_happy_session_01
27.7,-0.0013190296830828015,happy,subject_03,subject_03_happy_session_01
27.704,0.040721358369771754,happy,subject_03,subject_03_happy_session_01
27.708,-0.06400670569577818,happy,subject_03,subject_03_happy_session_01
27.712,-0.06168586227743956,happy,subject_03,subject_03_happy_session_01
27.716,0.013637465029373283,happy,subject_03,subject_03_happy_session_01
27.72,0.0074768955784341555,happy,subject_03,subject_03_happy_session_01
27.724,0.03880371407230905,happy,subject_03,subject_03_happy_session_01
27.728,0.1414747119932965,happy,subject_03,subject_03_happy_session_01
27.732,0.2638943463914806,happy,subject_03,subject_03_happy_session_01
27.736,0.3847549939051015,happy,subject_03,subject_03_happy_session_01
27.74,0.46828099147280083,happy,subject_03,subject_03_happy_session_01
27.744,0.6564400770864494,happy,subject_03,subject_03_happy_session_01
27.748,0.8179046067583987,happy,subject_03,subject_03_happy_session_01
27.752,0.8794573875081899,happy,subject_03,subject_03_happy_session_01
27.756,0.9746258568179517,happy,subject_03,subject_03_happy_session_01
27.76,0.9642234206413548,happy,subject_03,subject_03_happy_session_01
27.764,0.9220459795784122,happy,subject_03,subject_03_happy_session_01
27.768,0.8907826275480857,happy,subject_03,subject_03_happy_session_01
27.772,0.7886366672801219,happy,subject_03,subject_03_happy_session_01
27.776,0.6358869880851138,happy,subject_03,subject_03_happy_session_01
27.78,0.40412454086582394,happy,subject_03,subject_03_happy_session_01
27.784,0.3437203768043087,happy,subject_03,subject_03_happy_session_01
27.788,0.1838795986886855,happy,subject_03,subject_03_happy_session_01
27.792,0.0973883610697545,happy,subject_03,subject_03_happy_session_01
27.796,-0.04718473493013939,happy,subject_03,subject_03_happy_session_01
27.8,-0.025837983943318633,happy,subject_03,subject_03_happy_session_01
27.804,-0.047139059755097114,happy,subject_03,subject_03_happy_session_01
27.808,-0.10969243289107938,happy,subject_03,subject_03_happy_session_01
27.812,-0.035847275788022666,happy,subject_03,subject_03_happy_session_01
27.816,-0.07005151755103395,happy,subject_03,subject_03_happy_session_01
27.82,-0.01733008665261869,happy,subject_03,subject_03_happy_session_01
27.824,0.0761632295950928,happy,subject_03,subject_03_happy_session_01
27.828,0.01464162135409776,happy,subject_03,subject_03_happy_session_01
27.832,0.007254673502999744,happy,subject_03,subject_03_happy_session_01
27.836,-0.035773462790860265,happy,subject_03,subject_03_happy_session_01
27.84,0.03030223107600885,happy,subject_03,subject_03_happy_session_01
27.844,0.018427647246135638,happy,subject_03,subject_03_happy_session_01
27.848,-0.043099422844091594,happy,subject_03,subject_03_happy_session_01
27.852,-0.00727632578144136,happy,subject_03,subject_03_happy_session_01
27.856,0.065922088903698,happy,subject_03,subject_03_happy_session_01
27.86,0.08406035056873118,happy,subject_03,subject_03_happy_session_01
27.864,0.045814992806849905,happy,subject_03,subject_03_happy_session_01
27.868,0.08326545694045584,happy,subject_03,subject_03_happy_session_01
27.872,0.05398064356690818,happy,subject_03,subject_03_happy_session_01
27.876,0.03154147629492676,happy,subject_03,subject_03_happy_session_01
27.88,0.14051628819269393,happy,subject_03,subject_03_happy_session_01
27.884,0.01980659349296183,happy,subject_03,subject_03_happy_session_01
27.888,0.09005862108802191,happy,subject_03,subject_03_happy_session_01
27.892,0.058740176515629794,happy,subject_03,subject_03_happy_session_01
27.896,0.08074507243183503,happy,subject_03,subject_03_happy_session_01
27.9,0.15040252321806008,happy,subject_03,subject_03_happy_session_01
27.904,0.1033306657731891,happy,subject_03,subject_03_happy_session_01
27.908,0.09759685502141337,happy,subject_03,subject_03_happy_session_01
27.912,0.09714819944116328,happy,subject_03,subject_03_happy_session_01
27.916,0.14342060021107986,happy,subject_03,subject_03_happy_session_01
27.92,0.09821637878670764,happy,subject_03,subject_03_happy_session_01
27.924,0.14235496914495194,happy,subject_03,subject_03_happy_session_01
27.928,0.14208540171787473,happy,subject_03,subject_03_happy_session_01
27.932,0.12716893007145136,happy,subject_03,subject_03_happy_session_01
27.936,0.11218621846738042,happy,subject_03,subject_03_happy_session_01
27.94,0.1711938627892965,happy,subject_03,subject_03_happy_session_01
27.944,0.16455495686249313,happy,subject_03,subject_03_happy_session_01
27.948,0.19286643968582598,happy,subject_03,subject_03_happy_session_01
27.952,0.11641228343017165,happy,subject_03,subject_03_happy_session_01
27.956,0.18326377963961313,happy,subject_03,subject_03_happy_session_01
27.96,0.2359433370952322,happy,subject_03,subject_03_happy_session_01
27.964,0.15482205007851288,happy,subject_03,subject_03_happy_session_01
27.968,0.28425009879976765,happy,subject_03,subject_03_happy_session_01
27.972,0.23703619890038782,happy,subject_03,subject_03_happy_session_01
27.976,0.22462933654571604,happy,subject_03,subject_03_happy_session_01
27.98,0.23815266898815457,happy,subject_03,subject_03_happy_session_01
27.984,0.20883156264328642,happy,subject_03,subject_03_happy_session_01
27.988,0.29211663445089087,happy,subject_03,subject_03_happy_session_01
27.992,0.251907754140133,happy,subject_03,subject_03_happy_session_01
27.996,0.2506081859047918,happy,subject_03,subject_03_happy_session_01
28.0,0.28543175148478206,happy,subject_03,subject_03_happy_session_01
28.004,0.2653250852218494,happy,subject_03,subject_03_happy_session_01
28.008,0.2287913997430873,happy,subject_03,subject_03_happy_session_01
28.012,0.25159173633216086,happy,subject_03,subject_03_happy_session_01
28.016,0.2721990709757585,happy,subject_03,subject_03_happy_session_01
28.02,0.25332839084723036,happy,subject_03,subject_03_happy_session_01
28.024,0.202459741170522,happy,subject_03,subject_03_happy_session_01
28.028,0.29633899949532067,happy,subject_03,subject_03_happy_session_01
28.032,0.25010398660818045,happy,subject_03,subject_03_happy_session_01
28.036,0.2272540656541582,happy,subject_03,subject_03_happy_session_01
28.04,0.25993140253433206,happy,subject_03,subject_03_happy_session_01
28.044,0.2154276244174322,happy,subject_03,subject_03_happy_session_01
28.048,0.17420594329227765,happy,subject_03,subject_03_happy_session_01
28.052,0.22232622264477603,happy,subject_03,subject_03_happy_session_01
28.056,0.2401746103582569,happy,subject_03,subject_03_happy_session_01
28.06,0.20119076321025756,happy,subject_03,subject_03_happy_session_01
28.064,0.19616793315873926,happy,subject_03,subject_03_happy_session_01
28.068,0.19109479995567685,happy,subject_03,subject_03_happy_session_01
28.072,0.18712291852741222,happy,subject_03,subject_03_happy_session_01
28.076,0.18880804880147836,happy,subject_03,subject_03_happy_session_01
28.08,0.2044072335747275,happy,subject_03,subject_03_happy_session_01
28.084,0.19497979433826798,happy,subject_03,subject_03_happy_session_01
28.088,0.23303102019208366,happy,subject_03,subject_03_happy_session_01
28.092,0.21562036429341297,happy,subject_03,subject_03_happy_session_01
28.096,0.11717945333988052,happy,subject_03,subject_03_happy_session_01
28.1,0.13213729061648166,happy,subject_03,subject_03_happy_session_01
28.104,0.15834324113068365,happy,subject_03,subject_03_happy_session_01
28.108,0.06349687882714805,happy,subject_03,subject_03_happy_session_01
28.112,0.13055029130494694,happy,subject_03,subject_03_happy_session_01
28.116,0.08316791548941685,happy,subject_03,subject_03_happy_session_01
28.12,0.10515915838737024,happy,subject_03,subject_03_happy_session_01
28.124,0.10166404266249437,happy,subject_03,subject_03_happy_session_01
28.128,0.03389503944376138,happy,subject_03,subject_03_happy_session_01
28.132,0.17548720823309666,happy,subject_03,subject_03_happy_session_01
28.136,0.06737816843131976,happy,subject_03,subject_03_happy_session_01
28.14,0.1325597131891539,happy,subject_03,subject_03_happy_session_01
28.144,0.02143993570146885,happy,subject_03,subject_03_happy_session_01
28.148,0.052675039178218,happy,subject_03,subject_03_happy_session_01
28.152,0.10055250153286857,happy,subject_03,subject_03_happy_session_01
28.156,0.06228181456579309,happy,subject_03,subject_03_happy_session_01
28.16,0.0974455653608893,happy,subject_03,subject_03_happy_session_01
28.164,0.09100351422853546,happy,subject_03,subject_03_happy_session_01
28.168,0.039717936298460904,happy,subject_03,subject_03_happy_session_01
28.172,0.11216349129667885,happy,subject_03,subject_03_happy_session_01
28.176,0.09058870243498515,happy,subject_03,subject_03_happy_session_01
28.18,0.02151970535015335,happy,subject_03,subject_03_happy_session_01
28.184,0.0779999016381504,happy,subject_03,subject_03_happy_session_01
28.188,0.0999007326849008,happy,subject_03,subject_03_happy_session_01
28.192,0.07668039559127288,happy,subject_03,subject_03_happy_session_01
28.196,0.08533019347165771,happy,subject_03,subject_03_happy_session_01
28.2,0.10435532101698286,happy,subject_03,subject_03_happy_session_01
28.204,0.03398088710146251,happy,subject_03,subject_03_happy_session_01
28.208,0.08807153169147582,happy,subject_03,subject_03_happy_session_01
28.212,0.08583395674217578,happy,subject_03,subject_03_happy_session_01
28.216,0.1290682938670784,happy,subject_03,subject_03_happy_session_01
28.22,0.08630008478396065,happy,subject_03,subject_03_happy_session_01
28.224,0.17723405470782994,happy,subject_03,subject_03_happy_session_01
28.228,0.0911005122443895,happy,subject_03,subject_03_happy_session_01
28.232,0.0741931583056536,happy,subject_03,subject_03_happy_session_01
28.236,0.15798507711636212,happy,subject_03,subject_03_happy_session_01
28.24,0.13655744845321835,happy,subject_03,subject_03_happy_session_01
28.244,0.12911481631361077,happy,subject_03,subject_03_happy_session_01
28.248,0.10638972827972674,happy,subject_03,subject_03_happy_session_01
28.252,0.1010831841815606,happy,subject_03,subject_03_happy_session_01
28.256,0.12737423769004294,happy,subject_03,subject_03_happy_session_01
28.26,0.08865512835584627,happy,subject_03,subject_03_happy_session_01
28.264,0.1674220298201935,happy,subject_03,subject_03_happy_session_01
28.268,0.10953906108022518,happy,subject_03,subject_03_happy_session_01
28.272,0.08735208325385577,happy,subject_03,subject_03_happy_session_01
28.276,0.07759324073872845,happy,subject_03,subject_03_happy_session_01
28.28,0.044428961154195486,happy,subject_03,subject_03_happy_session_01
28.284,0.10657232666256414,happy,subject_03,subject_03_happy_session_01
28.288,0.048845948766181896,happy,subject_03,subject_03_happy_session_01
28.292,0.06590586348881362,happy,subject_03,subject_03_happy_session_01
28.296,0.15433878765908893,happy,subject_03,subject_03_happy_session_01
28.3,-0.00304083815004811,happy,subject_03,subject_03_happy_session_01
28.304,0.051729251540619844,happy,subject_03,subject_03_happy_session_01
28.308,0.0026887646456176667,happy,subject_03,subject_03_happy_session_01
28.312,0.0274600765690992,happy,subject_03,subject_03_happy_session_01
28.316,0.03728937310952084,happy,subject_03,subject_03_happy_session_01
28.32,-0.007001889387076632,happy,subject_03,subject_03_happy_session_01
28.324,0.04965710281117536,happy,subject_03,subject_03_happy_session_01
28.328,0.08379760715004245,happy,subject_03,subject_03_happy_session_01
28.332,0.04146475598726643,happy,subject_03,subject_03_happy_session_01
28.336,0.056967185767318185,happy,subject_03,subject_03_happy_session_01
28.34,0.08246368123948235,happy,subject_03,subject_03_happy_session_01
28.344,0.04521261454339634,happy,subject_03,subject_03_happy_session_01
28.348,-0.05986806815677963,happy,subject_03,subject_03_happy_session_01
28.352,0.027694772487149976,happy,subject_03,subject_03_happy_session_01
28.356,-0.06709037661573351,happy,subject_03,subject_03_happy_session_01
28.36,-0.005539961347437557,happy,subject_03,subject_03_happy_session_01
28.364,-0.0333264361006736,happy,subject_03,subject_03_happy_session_01
28.368,0.028164821387056373,happy,subject_03,subject_03_happy_session_01
28.372,-0.013372026560365059,happy,subject_03,subject_03_happy_session_01
28.376,0.027649720875428482,happy,subject_03,subject_03_happy_session_01
28.38,0.042853556742017115,happy,subject_03,subject_03_happy_session_01
28.384,-0.020846156755581748,happy,subject_03,subject_03_happy_session_01
28.388,0.017357493512704193,happy,subject_03,subject_03_happy_session_01
28.392,-0.08759363594853654,happy,subject_03,subject_03_happy_session_01
28.396,-0.05010562177586034,happy,subject_03,subject_03_happy_session_01
28.4,0.052522621159352925,happy,subject_03,subject_03_happy_session_01
28.404,-0.0013319308039393754,happy,subject_03,subject_03_happy_session_01
28.408,0.055557699881989366,happy,subject_03,subject_03_happy_session_01
28.412,0.11819672767746386,happy,subject_03,subject_03_happy_session_01
28.416,0.18865514134555067,happy,subject_03,subject_03_happy_session_01
28.42,0.3411020964465554,happy,subject_03,subject_03_happy_session_01
28.424,0.5215022590961655,happy,subject_03,subject_03_happy_session_01
28.428,0.6564067592399464,happy,subject_03,subject_03_happy_session_01
28.432,0.8446817401159238,happy,subject_03,subject_03_happy_session_01
28.436,0.8967023201924452,happy,subject_03,subject_03_happy_session_01
28.44,0.9898602087554956,happy,subject_03,subject_03_happy_session_01
28.444,0.9944077550360544,happy,subject_03,subject_03_happy_session_01
28.448,1.016751622412209,happy,subject_03,subject_03_happy_session_01
28.452,0.8547290401653241,happy,subject_03,subject_03_happy_session_01
28.456,0.8015903184999627,happy,subject_03,subject_03_happy_session_01
28.46,0.6518263238788927,happy,subject_03,subject_03_happy_session_01
28.464,0.4506064650019359,happy,subject_03,subject_03_happy_session_01
28.468,0.32262936919358876,happy,subject_03,subject_03_happy_session_01
28.472,0.20532424929014018,happy,subject_03,subject_03_happy_session_01
28.476,0.061870338393016686,happy,subject_03,subject_03_happy_session_01
28.48,-0.011546366823599916,happy,subject_03,subject_03_happy_session_01
28.484,-0.07039297687768004,happy,subject_03,subject_03_happy_session_01
28.488,0.02909107320253175,happy,subject_03,subject_03_happy_session_01
28.492,-0.05401228212737311,happy,subject_03,subject_03_happy_session_01
28.496,-0.0665444123625046,happy,subject_03,subject_03_happy_session_01
28.5,-0.06829313229886559,happy,subject_03,subject_03_happy_session_01
28.504,-0.018484096816909226,happy,subject_03,subject_03_happy_session_01
28.508,0.0317887553368863,happy,subject_03,subject_03_happy_session_01
28.512,0.022914612793058058,happy,subject_03,subject_03_happy_session_01
28.516,0.05080108754319755,happy,subject_03,subject_03_happy_session_01
28.52,0.06844753729605063,happy,subject_03,subject_03_happy_session_01
28.524,0.04204550882328425,happy,subject_03,subject_03_happy_session_01
28.528,0.04638149011320259,happy,subject_03,subject_03_happy_session_01
28.532,0.10910711244472676,happy,subject_03,subject_03_happy_session_01
28.536,0.0836724981904012,happy,subject_03,subject_03_happy_session_01
28.54,0.07513850716387038,happy,subject_03,subject_03_happy_session_01
28.544,0.053710616986529014,happy,subject_03,subject_03_happy_session_01
28.548,0.09366087466017477,happy,subject_03,subject_03_happy_session_01
28.552,0.08692693247168959,happy,subject_03,subject_03_happy_session_01
28.556,0.09046030892444072,happy,subject_03,subject_03_happy_session_01
28.56,0.10967971116530603,happy,subject_03,subject_03_happy_session_01
28.564,0.10139530739419969,happy,subject_03,subject_03_happy_session_01
28.568,0.04248762519789821,happy,subject_03,subject_03_happy_session_01
28.572,0.1035199034479391,happy,subject_03,subject_03_happy_session_01
28.576,0.06878213509233827,happy,subject_03,subject_03_happy_session_01
28.58,0.13642407459799388,happy,subject_03,subject_03_happy_session_01
28.584,0.06604499916616192,happy,subject_03,subject_03_happy_session_01
28.588,0.12674989332485329,happy,subject_03,subject_03_happy_session_01
28.592,0.13695339648237592,happy,subject_03,subject_03_happy_session_01
28.596,0.10204927814813844,happy,subject_03,subject_03_happy_session_01
28.6,0.14676671132265137,happy,subject_03,subject_03_happy_session_01
28.604,0.1840041317944986,happy,subject_03,subject_03_happy_session_01
28.608,0.1452667102503125,happy,subject_03,subject_03_happy_session_01
28.612,0.18255278426502702,happy,subject_03,subject_03_happy_session_01
28.616,0.19787448585236495,happy,subject_03,subject_03_happy_session_01
28.62,0.1504158621990402,happy,subject_03,subject_03_happy_session_01
28.624,0.19682821959097901,happy,subject_03,subject_03_happy_session_01
28.628,0.19550885421584707,happy,subject_03,subject_03_happy_session_01
28.632,0.2097328522823964,happy,subject_03,subject_03_happy_session_01
28.636,0.16128714897869256,happy,subject_03,subject_03_happy_session_01
28.64,0.17512150348898142,happy,subject_03,subject_03_happy_session_01
28.644,0.2737590072185628,happy,subject_03,subject_03_happy_session_01
28.648,0.26388999381726297,happy,subject_03,subject_03_happy_session_01
28.652,0.2511312620397943,happy,subject_03,subject_03_happy_session_01
28.656,0.2805974208222453,happy,subject_03,subject_03_happy_session_01
28.66,0.2078135486402053,happy,subject_03,subject_03_happy_session_01
28.664,0.25098642020657774,happy,subject_03,subject_03_happy_session_01
28.668,0.2519047607151375,happy,subject_03,subject_03_happy_session_01
28.672,0.23986306744091473,happy,subject_03,subject_03_happy_session_01
28.676,0.23026246660822725,happy,subject_03,subject_03_happy_session_01
28.68,0.31855006817428866,happy,subject_03,subject_03_happy_session_01
28.684,0.2524016567241081,happy,subject_03,subject_03_happy_session_01
28.688,0.29153639257000824,happy,subject_03,subject_03_happy_session_01
28.692,0.2881067105934149,happy,subject_03,subject_03_happy_session_01
28.696,0.3131568612998538,happy,subject_03,subject_03_happy_session_01
28.7,0.3017270391512058,happy,subject_03,subject_03_happy_session_01
28.704,0.2641107052882626,happy,subject_03,subject_03_happy_session_01
28.708,0.22882908962140305,happy,subject_03,subject_03_happy_session_01
28.712,0.3019741755009732,happy,subject_03,subject_03_happy_session_01
28.716,0.3105655387098416,happy,subject_03,subject_03_happy_session_01
28.72,0.35050793687973564,happy,subject_03,subject_03_happy_session_01
28.724,0.29449636815573765,happy,subject_03,subject_03_happy_session_01
28.728,0.23337463074300116,happy,subject_03,subject_03_happy_session_01
28.732,0.23291901841324436,happy,subject_03,subject_03_happy_session_01
28.736,0.17262592018004477,happy,subject_03,subject_03_happy_session_01
28.74,0.21106330375210242,happy,subject_03,subject_03_happy_session_01
28.744,0.18888285207420247,happy,subject_03,subject_03_happy_session_01
28.748,0.24738341320455995,happy,subject_03,subject_03_happy_session_01
28.752,0.2535545578921895,happy,subject_03,subject_03_happy_session_01
28.756,0.2920932223246237,happy,subject_03,subject_03_happy_session_01
28.76,0.31395292137337316,happy,subject_03,subject_03_happy_session_01
28.764,0.20730702687901514,happy,subject_03,subject_03_happy_session_01
28.768,0.17081634267688908,happy,subject_03,subject_03_happy_session_01
28.772,0.17009974894623991,happy,subject_03,subject_03_happy_session_01
28.776,0.152126720967134,happy,subject_03,subject_03_happy_session_01
28.78,0.251005893913294,happy,subject_03,subject_03_happy_session_01
28.784,0.06472325501024247,happy,subject_03,subject_03_happy_session_01
28.788,0.211226716956757,happy,subject_03,subject_03_happy_session_01
28.792,0.11485954813320282,happy,subject_03,subject_03_happy_session_01
28.796,0.12705510997172026,happy,subject_03,subject_03_happy_session_01
28.8,0.0439142674000199,happy,subject_03,subject_03_happy_session_01
28.804,0.1649159376040229,happy,subject_03,subject_03_happy_session_01
28.808,0.14985119172005779,happy,subject_03,subject_03_happy_session_01
28.812,0.07829363004937458,happy,subject_03,subject_03_happy_session_01
28.816,0.1502018862665972,happy,subject_03,subject_03_happy_session_01
28.82,0.13878323420311248,happy,subject_03,subject_03_happy_session_01
28.824,0.08399845101373216,happy,subject_03,subject_03_happy_session_01
28.828,0.027028584018521318,happy,subject_03,subject_03_happy_session_01
28.832,0.08804243941534012,happy,subject_03,subject_03_happy_session_01
28.836,0.12958081595607301,happy,subject_03,subject_03_happy_session_01
28.84,0.059098412308479176,happy,subject_03,subject_03_happy_session_01
28.844,0.1275703877232188,happy,subject_03,subject_03_happy_session_01
28.848,0.0588195378787373,happy,subject_03,subject_03_happy_session_01
28.852,0.08560324955493616,happy,subject_03,subject_03_happy_session_01
28.856,0.06343304158514287,happy,subject_03,subject_03_happy_session_01
28.86,0.09571676090579112,happy,subject_03,subject_03_happy_session_01
28.864,0.12057322959275935,happy,subject_03,subject_03_happy_session_01
28.868,0.15101792898671665,happy,subject_03,subject_03_happy_session_01
28.872,0.10381586847250578,happy,subject_03,subject_03_happy_session_01
28.876,0.04495451002406823,happy,subject_03,subject_03_happy_session_01
28.88,0.12495080985388012,happy,subject_03,subject_03_happy_session_01
28.884,0.09596628034372984,happy,subject_03,subject_03_happy_session_01
28.888,0.09892652505711379,happy,subject_03,subject_03_happy_session_01
28.892,0.11756550638387761,happy,subject_03,subject_03_happy_session_01
28.896,0.13713680521365407,happy,subject_03,subject_03_happy_session_01
28.9,0.10662686749468263,happy,subject_03,subject_03_happy_session_01
28.904,0.1447006559383021,happy,subject_03,subject_03_happy_session_01
28.908,0.1414253287610312,happy,subject_03,subject_03_happy_session_01
28.912,0.1500436882669405,happy,subject_03,subject_03_happy_session_01
28.916,0.16235462633517653,happy,subject_03,subject_03_happy_session_01
28.92,0.055596669918834316,happy,subject_03,subject_03_happy_session_01
28.924,0.11965432516096189,happy,subject_03,subject_03_happy_session_01
28.928,0.12793329885651072,happy,subject_03,subject_03_happy_session_01
28.932,0.1237140720462003,happy,subject_03,subject_03_happy_session_01
28.936,0.10054656815041017,happy,subject_03,subject_03_happy_session_01
28.94,0.1057570108657389,happy,subject_03,subject_03_happy_session_01
28.944,0.14390502546324455,happy,subject_03,subject_03_happy_session_01
28.948,0.1382534989858273,happy,subject_03,subject_03_happy_session_01
28.952,0.11918806034278495,happy,subject_03,subject_03_happy_session_01
28.956,0.0783742775042825,happy,subject_03,subject_03_happy_session_01
28.96,0.13869294360890874,happy,subject_03,subject_03_happy_session_01
28.964,0.13098213790649546,happy,subject_03,subject_03_happy_session_01
28.968,0.13698583551078566,happy,subject_03,subject_03_happy_session_01
28.972,0.06522836579356464,happy,subject_03,subject_03_happy_session_01
28.976,0.2140567501535988,happy,subject_03,subject_03_happy_session_01
28.98,0.08941400059533158,happy,subject_03,subject_03_happy_session_01
28.984,0.04994929137314153,happy,subject_03,subject_03_happy_session_01
28.988,0.15467729367418637,happy,subject_03,subject_03_happy_session_01
28.992,0.09279503027672334,happy,subject_03,subject_03_happy_session_01
28.996,0.06923939224212909,happy,subject_03,subject_03_happy_session_01
29.0,0.06930853148975492,happy,subject_03,subject_03_happy_session_01
29.004,0.0990576434626578,happy,subject_03,subject_03_happy_session_01
29.008,0.059545830095697895,happy,subject_03,subject_03_happy_session_01
29.012,-0.012748611791771093,happy,subject_03,subject_03_happy_session_01
29.016,0.044229481877489714,happy,subject_03,subject_03_happy_session_01
29.02,0.07392025812704017,happy,subject_03,subject_03_happy_session_01
29.024,0.038650339934753634,happy,subject_03,subject_03_happy_session_01
29.028,0.004020127463255169,happy,subject_03,subject_03_happy_session_01
29.032,0.03566994679629593,happy,subject_03,subject_03_happy_session_01
29.036,0.06587272949168056,happy,subject_03,subject_03_happy_session_01
29.04,0.0791774232084026,happy,subject_03,subject_03_happy_session_01
29.044,-0.005226102144445549,happy,subject_03,subject_03_happy_session_01
29.048,-0.008390825000517972,happy,subject_03,subject_03_happy_session_01
29.052,0.03005938790349569,happy,subject_03,subject_03_happy_session_01
29.056,0.0071168849879967855,happy,subject_03,subject_03_happy_session_01
29.06,0.010060512450346164,happy,subject_03,subject_03_happy_session_01
29.064,0.019090646592490434,happy,subject_03,subject_03_happy_session_01
29.068,0.05231823867303313,happy,subject_03,subject_03_happy_session_01
29.072,-0.008334880908190692,happy,subject_03,subject_03_happy_session_01
29.076,-0.0242885223606677,happy,subject_03,subject_03_happy_session_01
29.08,-0.011450581961555737,happy,subject_03,subject_03_happy_session_01
29.084,-0.032689049804270356,happy,subject_03,subject_03_happy_session_01
29.088,0.04330387334298381,happy,subject_03,subject_03_happy_session_01
29.092,0.08950189150635658,happy,subject_03,subject_03_happy_session_01
29.096,0.19373501460943107,happy,subject_03,subject_03_happy_session_01
29.1,0.2236520330337741,happy,subject_03,subject_03_happy_session_01
29.104,0.392792743856326,happy,subject_03,subject_03_happy_session_01
29.108,0.5444514209328143,happy,subject_03,subject_03_happy_session_01
29.112,0.6265555266425135,happy,subject_03,subject_03_happy_session_01
29.116,0.825450730388873,happy,subject_03,subject_03_happy_session_01
29.12,0.937807994529155,happy,subject_03,subject_03_happy_session_01
29.124,0.9961090034314037,happy,subject_03,subject_03_happy_session_01
29.128,0.9787294235275672,happy,subject_03,subject_03_happy_session_01
29.132,0.9913485962375888,happy,subject_03,subject_03_happy_session_01
29.136,0.8461901924337178,happy,subject_03,subject_03_happy_session_01
29.14,0.8058426651832753,happy,subject_03,subject_03_happy_session_01
29.144,0.6730187624701012,happy,subject_03,subject_03_happy_session_01
29.148,0.4809113662462928,happy,subject_03,subject_03_happy_session_01
29.152,0.3799238212822896,happy,subject_03,subject_03_happy_session_01
29.156,0.17623290319240495,happy,subject_03,subject_03_happy_session_01
29.16,0.06926756546940756,happy,subject_03,subject_03_happy_session_01
29.164,0.01212581540611116,happy,subject_03,subject_03_happy_session_01
29.168,0.06016262850916501,happy,subject_03,subject_03_happy_session_01
29.172,-0.04353517618004583,happy,subject_03,subject_03_happy_session_01
29.176,0.045262040022994963,happy,subject_03,subject_03_happy_session_01
29.18,-0.017253204965072842,happy,subject_03,subject_03_happy_session_01
29.184,-0.027119725839950874,happy,subject_03,subject_03_happy_session_01
29.188,0.08531921147174398,happy,subject_03,subject_03_happy_session_01
29.192,0.03607829739795771,happy,subject_03,subject_03_happy_session_01
29.196,0.028543227232892,happy,subject_03,subject_03_happy_session_01
29.2,0.07545566926372808,happy,subject_03,subject_03_happy_session_01
29.204,0.0936708596434743,happy,subject_03,subject_03_happy_session_01
29.208,0.03339857939336789,happy,subject_03,subject_03_happy_session_01
29.212,0.08863426502097468,happy,subject_03,subject_03_happy_session_01
29.216,0.05241301275313797,happy,subject_03,subject_03_happy_session_01
29.22,0.029397967925907896,happy,subject_03,subject_03_happy_session_01
29.224,0.042581034256487404,happy,subject_03,subject_03_happy_session_01
29.228,0.030168558642435478,happy,subject_03,subject_03_happy_session_01
29.232,0.07834877866075164,happy,subject_03,subject_03_happy_session_01
29.236,0.08286004455014132,happy,subject_03,subject_03_happy_session_01
29.24,0.12432385616873878,happy,subject_03,subject_03_happy_session_01
29.244,0.11967915454595016,happy,subject_03,subject_03_happy_session_01
29.248,0.08036435437270363,happy,subject_03,subject_03_happy_session_01
29.252,0.09323066937064273,happy,subject_03,subject_03_happy_session_01
29.256,0.08302677840459957,happy,subject_03,subject_03_happy_session_01
29.26,0.1155931423229309,happy,subject_03,subject_03_happy_session_01
29.264,0.11028322621470184,happy,subject_03,subject_03_happy_session_01
29.268,0.126238061427698,happy,subject_03,subject_03_happy_session_01
29.272,0.18238243736369936,happy,subject_03,subject_03_happy_session_01
29.276,0.19108918039138154,happy,subject_03,subject_03_happy_session_01
29.28,0.12332334623528182,happy,subject_03,subject_03_happy_session_01
29.284,0.17958614208538728,happy,subject_03,subject_03_happy_session_01
29.288,0.18260380228632225,happy,subject_03,subject_03_happy_session_01
29.292,0.14793408232637995,happy,subject_03,subject_03_happy_session_01
29.296,0.22405675751326987,happy,subject_03,subject_03_happy_session_01
29.3,0.1303795090729432,happy,subject_03,subject_03_happy_session_01
29.304,0.2272510274568484,happy,subject_03,subject_03_happy_session_01
29.308,0.19292883298410962,happy,subject_03,subject_03_happy_session_01
29.312,0.16683741735071797,happy,subject_03,subject_03_happy_session_01
29.316,0.20506372071801768,happy,subject_03,subject_03_happy_session_01
29.32,0.28421964741814176,happy,subject_03,subject_03_happy_session_01
29.324,0.31312636867910704,happy,subject_03,subject_03_happy_session_01
29.328,0.2044779655141554,happy,subject_03,subject_03_happy_session_01
29.332,0.23653792758121667,happy,subject_03,subject_03_happy_session_01
29.336,0.23720780555255125,happy,subject_03,subject_03_happy_session_01
29.34,0.24846930756321875,happy,subject_03,subject_03_happy_session_01
29.344,0.3109966798983025,happy,subject_03,subject_03_happy_session_01
29.348,0.24496027530171424,happy,subject_03,subject_03_happy_session_01
29.352,0.235290651366709,happy,subject_03,subject_03_happy_session_01
29.356,0.25058408133792054,happy,subject_03,subject_03_happy_session_01
29.36,0.26251704944200926,happy,subject_03,subject_03_happy_session_01
29.364,0.29837420599573583,happy,subject_03,subject_03_happy_session_01
29.368,0.2775761454108131,happy,subject_03,subject_03_happy_session_01
29.372,0.2976050573799822,happy,subject_03,subject_03_happy_session_01
29.376,0.3118905896459931,happy,subject_03,subject_03_happy_session_01
29.38,0.2648899002970635,happy,subject_03,subject_03_happy_session_01
29.384,0.27155912529571874,happy,subject_03,subject_03_happy_session_01
29.388,0.28984423459273284,happy,subject_03,subject_03_happy_session_01
29.392,0.24912913666048248,happy,subject_03,subject_03_happy_session_01
29.396,0.2696930811841028,happy,subject_03,subject_03_happy_session_01
29.4,0.30205430190419835,happy,subject_03,subject_03_happy_session_01
29.404,0.26558790810276006,happy,subject_03,subject_03_happy_session_01
29.408,0.301726325103258,happy,subject_03,subject_03_happy_session_01
29.412,0.2204791783074797,happy,subject_03,subject_03_happy_session_01
29.416,0.25900686212268026,happy,subject_03,subject_03_happy_session_01
29.42,0.26177900530165227,happy,subject_03,subject_03_happy_session_01
29.424,0.24661291590436255,happy,subject_03,subject_03_happy_session_01
29.428,0.2190801678188212,happy,subject_03,subject_03_happy_session_01
29.432,0.17141387041409795,happy,subject_03,subject_03_happy_session_01
29.436,0.254664815559388,happy,subject_03,subject_03_happy_session_01
29.44,0.15896859719888287,happy,subject_03,subject_03_happy_session_01
29.444,0.15424147170547803,happy,subject_03,subject_03_happy_session_01
29.448,0.21385461807692346,happy,subject_03,subject_03_happy_session_01
29.452,0.1730132774095731,happy,subject_03,subject_03_happy_session_01
29.456,0.18334582591386722,happy,subject_03,subject_03_happy_session_01
29.46,0.1257972180799414,happy,subject_03,subject_03_happy_session_01
29.464,0.17333190532077136,happy,subject_03,subject_03_happy_session_01
29.468,0.18491233162620394,happy,subject_03,subject_03_happy_session_01
29.472,0.0936496729902763,happy,subject_03,subject_03_happy_session_01
29.476,0.1499378589852307,happy,subject_03,subject_03_happy_session_01
29.48,0.16572531338402163,happy,subject_03,subject_03_happy_session_01
29.484,0.08074326711843136,happy,subject_03,subject_03_happy_session_01
29.488,0.12607857803734124,happy,subject_03,subject_03_happy_session_01
29.492,0.11672434844070409,happy,subject_03,subject_03_happy_session_01
29.496,0.12169218909632669,happy,subject_03,subject_03_happy_session_01
29.5,0.0943582228002712,happy,subject_03,subject_03_happy_session_01
29.504,0.04804933888134159,happy,subject_03,subject_03_happy_session_01
29.508,0.08073679836875862,happy,subject_03,subject_03_happy_session_01
29.512,0.07131323209649038,happy,subject_03,subject_03_happy_session_01
29.516,0.08504791518868653,happy,subject_03,subject_03_happy_session_01
29.52,0.12682821328683275,happy,subject_03,subject_03_happy_session_01
29.524,0.030439051392831463,happy,subject_03,subject_03_happy_session_01
29.528,0.11450464919173013,happy,subject_03,subject_03_happy_session_01
29.532,0.14179955872710306,happy,subject_03,subject_03_happy_session_01
29.536,0.13930448538603007,happy,subject_03,subject_03_happy_session_01
29.54,0.14248635909122964,happy,subject_03,subject_03_happy_session_01
29.544,0.08740186406965622,happy,subject_03,subject_03_happy_session_01
29.548,0.08459393477270821,happy,subject_03,subject_03_happy_session_01
29.552,0.020707680417529115,happy,subject_03,subject_03_happy_session_01
29.556,0.07878572038048812,happy,subject_03,subject_03_happy_session_01
29.56,0.12884247217661,happy,subject_03,subject_03_happy_session_01
29.564,0.04259860797563837,happy,subject_03,subject_03_happy_session_01
29.568,0.06561610240202638,happy,subject_03,subject_03_happy_session_01
29.572,0.10308349654474744,happy,subject_03,subject_03_happy_session_01
29.576,0.0449336345923848,happy,subject_03,subject_03_happy_session_01
29.58,0.17017093278702217,happy,subject_03,subject_03_happy_session_01
29.584,0.1301387991284462,happy,subject_03,subject_03_happy_session_01
29.588,0.12480821655757862,happy,subject_03,subject_03_happy_session_01
29.592,0.14382893231672111,happy,subject_03,subject_03_happy_session_01
29.596,0.10589963484975613,happy,subject_03,subject_03_happy_session_01
29.6,0.12925321734465636,happy,subject_03,subject_03_happy_session_01
29.604,0.08634030091332981,happy,subject_03,subject_03_happy_session_01
29.608,0.03986079148214991,happy,subject_03,subject_03_happy_session_01
29.612,0.11950665613813251,happy,subject_03,subject_03_happy_session_01
29.616,0.1749935460879568,happy,subject_03,subject_03_happy_session_01
29.62,0.1764882287484032,happy,subject_03,subject_03_happy_session_01
29.624,0.10882732302436056,happy,subject_03,subject_03_happy_session_01
29.628,0.10264808723925585,happy,subject_03,subject_03_happy_session_01
29.632,0.05417517694198102,happy,subject_03,subject_03_happy_session_01
29.636,0.14154654466678834,happy,subject_03,subject_03_happy_session_01
29.64,0.11447063886740474,happy,subject_03,subject_03_happy_session_01
29.644,0.08796508223509814,happy,subject_03,subject_03_happy_session_01
29.648,0.020193280521365695,happy,subject_03,subject_03_happy_session_01
29.652,0.02058854354929701,happy,subject_03,subject_03_happy_session_01
29.656,0.08257837103625452,happy,subject_03,subject_03_happy_session_01
29.66,0.01841521254718076,happy,subject_03,subject_03_happy_session_01
29.664,0.08567169776019673,happy,subject_03,subject_03_happy_session_01
29.668,0.08195625316666885,happy,subject_03,subject_03_happy_session_01
29.672,0.010188567596834376,happy,subject_03,subject_03_happy_session_01
29.676,0.05294056605310246,happy,subject_03,subject_03_happy_session_01
29.68,0.013733019776372944,happy,subject_03,subject_03_happy_session_01
29.684,0.07522027453794371,happy,subject_03,subject_03_happy_session_01
29.688,0.1534732496871338,happy,subject_03,subject_03_happy_session_01
29.692,0.030512941161867604,happy,subject_03,subject_03_happy_session_01
29.696,0.0831299238485769,happy,subject_03,subject_03_happy_session_01
29.7,0.06446323156081737,happy,subject_03,subject_03_happy_session_01
29.704,0.023186518426699727,happy,subject_03,subject_03_happy_session_01
29.708,0.042249172907587035,happy,subject_03,subject_03_happy_session_01
29.712,-0.02265295124675215,happy,subject_03,subject_03_happy_session_01
29.716,0.024744816013622155,happy,subject_03,subject_03_happy_session_01
29.72,0.00794496411574298,happy,subject_03,subject_03_happy_session_01
29.724,0.06476333839255276,happy,subject_03,subject_03_happy_session_01
29.728,-0.0058301958888878035,happy,subject_03,subject_03_happy_session_01
29.732,-0.021735449617682322,happy,subject_03,subject_03_happy_session_01
29.736,-0.021242646821551723,happy,subject_03,subject_03_happy_session_01
29.74,0.043345990946297056,happy,subject_03,subject_03_happy_session_01
29.744,0.0057331707602208595,happy,subject_03,subject_03_happy_session_01
29.748,-0.048720688720570574,happy,subject_03,subject_03_happy_session_01
29.752,0.042580627004879086,happy,subject_03,subject_03_happy_session_01
29.756,-0.050258179795440186,happy,subject_03,subject_03_happy_session_01
29.76,-0.02140902970917977,happy,subject_03,subject_03_happy_session_01
29.764,-0.011853566787061126,happy,subject_03,subject_03_happy_session_01
29.768,-0.037138540728955345,happy,subject_03,subject_03_happy_session_01
29.772,-0.03712585481058983,happy,subject_03,subject_03_happy_session_01
29.776,0.09480022042792385,happy,subject_03,subject_03_happy_session_01
29.78,0.1616964268294239,happy,subject_03,subject_03_happy_session_01
29.784,0.24293262820402833,happy,subject_03,subject_03_happy_session_01
29.788,0.3814767834847622,happy,subject_03,subject_03_happy_session_01
29.792,0.4532380913500595,happy,subject_03,subject_03_happy_session_01
29.796,0.678905822440678,happy,subject_03,subject_03_happy_session_01
29.8,0.8120163470866346,happy,subject_03,subject_03_happy_session_01
29.804,0.9239353935146168,happy,subject_03,subject_03_happy_session_01
29.808,0.9954210244559503,happy,subject_03,subject_03_happy_session_01
29.812,1.0377103576568887,happy,subject_03,subject_03_happy_session_01
29.816,0.9691498249699619,happy,subject_03,subject_03_happy_session_01
29.82,0.8959197358633685,happy,subject_03,subject_03_happy_session_01
29.824,0.7266609698160875,happy,subject_03,subject_03_happy_session_01
29.828,0.6498423852912896,happy,subject_03,subject_03_happy_session_01
29.832,0.44381492279214213,happy,subject_03,subject_03_happy_session_01
29.836,0.29276320810137874,happy,subject_03,subject_03_happy_session_01
29.84,0.16468393619709293,happy,subject_03,subject_03_happy_session_01
29.844,0.03544443905778067,happy,subject_03,subject_03_happy_session_01
29.848,-0.003765032415131326,happy,subject_03,subject_03_happy_session_01
29.852,-0.012263663101764154,happy,subject_03,subject_03_happy_session_01
29.856,-0.0946853634427877,happy,subject_03,subject_03_happy_session_01
29.86,-0.05265221896622055,happy,subject_03,subject_03_happy_session_01
29.864,-0.015031315754327534,happy,subject_03,subject_03_happy_session_01
29.868,-0.10825428579044363,happy,subject_03,subject_03_happy_session_01
29.872,0.059157454759628726,happy,subject_03,subject_03_happy_session_01
29.876,-0.009396104262820094,happy,subject_03,subject_03_happy_session_01
29.88,-0.016857237895789023,happy,subject_03,subject_03_happy_session_01
29.884,0.02507918428008158,happy,subject_03,subject_03_happy_session_01
29.888,0.0031713887480060952,happy,subject_03,subject_03_happy_session_01
29.892,0.027921542348307116,happy,subject_03,subject_03_happy_session_01
29.896,0.007382988297678559,happy,subject_03,subject_03_happy_session_01
29.9,0.07618807339663605,happy,subject_03,subject_03_happy_session_01
29.904,0.1339519983632435,happy,subject_03,subject_03_happy_session_01
29.908,0.06880151768036614,happy,subject_03,subject_03_happy_session_01
29.912,0.05420909737474443,happy,subject_03,subject_03_happy_session_01
29.916,0.031893927814788114,happy,subject_03,subject_03_happy_session_01
29.92,0.09262551550891907,happy,subject_03,subject_03_happy_session_01
29.924,0.033137435728900835,happy,subject_03,subject_03_happy_session_01
29.928,0.07599712301706159,happy,subject_03,subject_03_happy_session_01
29.932,0.051742273610502945,happy,subject_03,subject_03_happy_session_01
29.936,0.031341427145570415,happy,subject_03,subject_03_happy_session_01
29.94,0.07350071686885007,happy,subject_03,subject_03_happy_session_01
29.944,0.052369732972691804,happy,subject_03,subject_03_happy_session_01
29.948,0.14464676865854212,happy,subject_03,subject_03_happy_session_01
29.952,0.07298535219372754,happy,subject_03,subject_03_happy_session_01
29.956,0.10141753942194197,happy,subject_03,subject_03_happy_session_01
29.96,0.09003214270324168,happy,subject_03,subject_03_happy_session_01
29.964,0.0764924142769175,happy,subject_03,subject_03_happy_session_01
29.968,0.15079535550568196,happy,subject_03,subject_03_happy_session_01
29.972,0.13075988978557326,happy,subject_03,subject_03_happy_session_01
29.976,0.2234027740612876,happy,subject_03,subject_03_happy_session_01
29.98,0.1854233883530388,happy,subject_03,subject_03_happy_session_01
29.984,0.15860583119569877,happy,subject_03,subject_03_happy_session_01
29.988,0.17637097372911414,happy,subject_03,subject_03_happy_session_01
29.992,0.16768833165222444,happy,subject_03,subject_03_happy_session_01
29.996,0.14209826155181388,happy,subject_03,subject_03_happy_session_01
